# Blender 5.1.0
# www.blender.org
o BowlLid
v 0.000000 0.466554 -0.000000
v 0.000000 0.472975 -0.000000
v 0.000000 0.456763 -0.044761
v -0.044761 0.456763 0.000000
v -0.041354 0.456763 -0.017129
v -0.031651 0.456763 -0.031651
v -0.017129 0.456763 -0.041354
v 0.000000 0.467972 -0.032279
v -0.032279 0.467972 -0.000000
v -0.029822 0.467972 -0.012353
v -0.022825 0.467972 -0.022825
v -0.012353 0.467972 -0.029822
v 0.000000 0.458245 -0.041914
v -0.041914 0.458245 0.000000
v -0.038723 0.458245 -0.016040
v -0.029638 0.458245 -0.029638
v -0.016040 0.458245 -0.038723
v 0.000000 0.465571 -0.039384
v -0.039384 0.465571 -0.000000
v -0.036386 0.465571 -0.015072
v -0.027849 0.465571 -0.027849
v -0.015072 0.465571 -0.036386
v 0.000000 0.467972 -0.019962
v -0.019962 0.467972 -0.000000
v -0.018442 0.467972 -0.007639
v -0.014115 0.467972 -0.014115
v -0.007639 0.467972 -0.018442
v 0.000000 0.472975 -0.019214
v -0.019214 0.472975 -0.000000
v -0.017752 0.472975 -0.007353
v -0.013586 0.472975 -0.013586
v -0.007353 0.472975 -0.017752
v 0.000000 0.463382 -0.041665
v 0.000000 0.467218 -0.038047
v -0.038047 0.467218 -0.000000
v -0.041665 0.463382 -0.000000
v -0.035151 0.467218 -0.014560
v -0.038493 0.463382 -0.015944
v -0.026903 0.467218 -0.026903
v -0.029461 0.463382 -0.029461
v -0.014560 0.467218 -0.035151
v -0.015944 0.463382 -0.038493
v 0.000000 0.454657 -0.044761
v -0.044761 0.454657 0.000000
v -0.041354 0.454657 -0.017129
v -0.031651 0.454657 -0.031651
v -0.017129 0.454657 -0.041354
v 0.000000 0.454657 -0.041914
v -0.041914 0.454657 0.000000
v -0.038723 0.454657 -0.016040
v -0.029638 0.454657 -0.029638
v -0.016040 0.454657 -0.038723
v 0.000000 0.456391 -0.047870
v -0.047870 0.456391 0.000000
v -0.044226 0.456391 -0.018319
v -0.033849 0.456391 -0.033849
v -0.018319 0.456391 -0.044226
v -0.047870 0.455029 0.000000
v 0.000000 0.455029 -0.047870
v -0.018319 0.455029 -0.044226
v -0.044226 0.455029 -0.018319
v -0.033849 0.455029 -0.033849
v 0.044761 0.456763 0.000000
v 0.041354 0.456763 -0.017129
v 0.031651 0.456763 -0.031651
v 0.017129 0.456763 -0.041354
v 0.032279 0.467972 -0.000000
v 0.029822 0.467972 -0.012353
v 0.022825 0.467972 -0.022825
v 0.012353 0.467972 -0.029822
v 0.041914 0.458245 0.000000
v 0.038723 0.458245 -0.016040
v 0.029638 0.458245 -0.029638
v 0.016040 0.458245 -0.038723
v 0.039384 0.465571 -0.000000
v 0.036386 0.465571 -0.015072
v 0.027849 0.465571 -0.027849
v 0.015072 0.465571 -0.036386
v 0.019962 0.467972 -0.000000
v 0.018442 0.467972 -0.007639
v 0.014115 0.467972 -0.014115
v 0.007639 0.467972 -0.018442
v 0.019214 0.472975 -0.000000
v 0.017752 0.472975 -0.007353
v 0.013586 0.472975 -0.013586
v 0.007353 0.472975 -0.017752
v 0.038047 0.467218 -0.000000
v 0.041665 0.463382 -0.000000
v 0.035151 0.467218 -0.014560
v 0.038493 0.463382 -0.015944
v 0.026903 0.467218 -0.026903
v 0.029461 0.463382 -0.029461
v 0.014560 0.467218 -0.035151
v 0.015944 0.463382 -0.038493
v 0.044761 0.454657 0.000000
v 0.041354 0.454657 -0.017129
v 0.031651 0.454657 -0.031651
v 0.017129 0.454657 -0.041354
v 0.041914 0.454657 0.000000
v 0.038723 0.454657 -0.016040
v 0.029638 0.454657 -0.029638
v 0.016040 0.454657 -0.038723
v 0.047870 0.456391 0.000000
v 0.044226 0.456391 -0.018319
v 0.033849 0.456391 -0.033849
v 0.018319 0.456391 -0.044226
v 0.047870 0.455029 0.000000
v 0.018319 0.455029 -0.044226
v 0.044226 0.455029 -0.018319
v 0.033849 0.455029 -0.033849
v 0.000000 0.456763 0.044761
v -0.041354 0.456763 0.017129
v -0.031651 0.456763 0.031651
v -0.017129 0.456763 0.041354
v 0.000000 0.467972 0.032279
v -0.029822 0.467972 0.012353
v -0.022825 0.467972 0.022825
v -0.012353 0.467972 0.029822
v 0.000000 0.458245 0.041914
v -0.038723 0.458245 0.016040
v -0.029638 0.458245 0.029638
v -0.016040 0.458245 0.038723
v 0.000000 0.465571 0.039384
v -0.036386 0.465571 0.015072
v -0.027849 0.465571 0.027849
v -0.015072 0.465571 0.036386
v 0.000000 0.467972 0.019962
v -0.018442 0.467972 0.007639
v -0.014115 0.467972 0.014115
v -0.007639 0.467972 0.018442
v 0.000000 0.472975 0.019214
v -0.017752 0.472975 0.007353
v -0.013586 0.472975 0.013586
v -0.007353 0.472975 0.017752
v 0.000000 0.463382 0.041665
v 0.000000 0.467218 0.038047
v -0.035151 0.467218 0.014560
v -0.038493 0.463382 0.015944
v -0.026903 0.467218 0.026903
v -0.029461 0.463382 0.029461
v -0.014560 0.467218 0.035151
v -0.015944 0.463382 0.038493
v 0.000000 0.454657 0.044761
v -0.041354 0.454657 0.017129
v -0.031651 0.454657 0.031651
v -0.017129 0.454657 0.041354
v 0.000000 0.454657 0.041914
v -0.038723 0.454657 0.016040
v -0.029638 0.454657 0.029638
v -0.016040 0.454657 0.038723
v 0.000000 0.456391 0.047870
v -0.044226 0.456391 0.018319
v -0.033849 0.456391 0.033849
v -0.018319 0.456391 0.044226
v 0.000000 0.455029 0.047870
v -0.018319 0.455029 0.044226
v -0.044226 0.455029 0.018319
v -0.033849 0.455029 0.033849
v 0.041354 0.456763 0.017129
v 0.031651 0.456763 0.031651
v 0.017129 0.456763 0.041354
v 0.029822 0.467972 0.012353
v 0.022825 0.467972 0.022825
v 0.012353 0.467972 0.029822
v 0.038723 0.458245 0.016040
v 0.029638 0.458245 0.029638
v 0.016040 0.458245 0.038723
v 0.036386 0.465571 0.015072
v 0.027849 0.465571 0.027849
v 0.015072 0.465571 0.036386
v 0.018442 0.467972 0.007639
v 0.014115 0.467972 0.014115
v 0.007639 0.467972 0.018442
v 0.017752 0.472975 0.007353
v 0.013586 0.472975 0.013586
v 0.007353 0.472975 0.017752
v 0.035151 0.467218 0.014560
v 0.038493 0.463382 0.015944
v 0.026903 0.467218 0.026903
v 0.029461 0.463382 0.029461
v 0.014560 0.467218 0.035151
v 0.015944 0.463382 0.038493
v 0.041354 0.454657 0.017129
v 0.031651 0.454657 0.031651
v 0.017129 0.454657 0.041354
v 0.038723 0.454657 0.016040
v 0.029638 0.454657 0.029638
v 0.016040 0.454657 0.038723
v 0.044226 0.456391 0.018319
v 0.033849 0.456391 0.033849
v 0.018319 0.456391 0.044226
v 0.018319 0.455029 0.044226
v 0.044226 0.455029 0.018319
v 0.033849 0.455029 0.033849
v -0.006743 0.334024 -0.027746
v -0.006781 0.341806 -0.027881
v -0.000122 0.345497 -0.027756
v 0.006485 0.341741 -0.027508
v 0.006499 0.334030 -0.027375
v -0.000113 0.330250 -0.027497
v -0.006268 0.332382 -0.048315
v 0.000843 0.343948 -0.053812
v 0.007547 0.332368 -0.047877
v 0.008486 0.338611 -0.060742
v 0.001088 0.326872 -0.056048
v -0.005901 0.338689 -0.060006
v -0.004325 0.321725 -0.085747
v 0.010911 0.321563 -0.085067
v 0.004101 0.331456 -0.095535
v -0.003377 0.325924 -0.096840
v 0.012408 0.323165 -0.100243
v 0.004175 0.312320 -0.093031
v -0.001786 0.305559 -0.109973
v 0.013534 0.305417 -0.108938
v 0.006815 0.313218 -0.120733
v -0.000887 0.307955 -0.120435
v 0.014704 0.304232 -0.122905
v 0.006245 0.295601 -0.113362
v -0.000925 0.283075 -0.130031
v 0.014392 0.281839 -0.129773
v 0.007233 0.284071 -0.144995
v -0.000937 0.281102 -0.142002
v 0.014074 0.277506 -0.143067
v 0.005553 0.270711 -0.132146
v -0.008436 0.235371 -0.154799
v 0.005769 0.228168 -0.157366
v -0.015092 0.209371 -0.173627
v -0.003087 0.227662 -0.171660
v 0.004673 0.226051 -0.167365
v -0.003205 0.222864 -0.154542
v -0.019608 0.193159 -0.167456
v -0.015711 0.183297 -0.183048
v -0.007833 0.181703 -0.179003
v -0.007897 0.179315 -0.170423
v -0.020097 0.165019 -0.168434
v -0.042648 0.125518 -0.175403
v -0.047081 0.115718 -0.184439
v -0.040593 0.112081 -0.189590
v -0.032757 0.110297 -0.185726
v -0.030163 0.115421 -0.176633
v -0.043675 0.101614 -0.171182
v -0.059011 0.089789 -0.173142
v -0.045897 0.081842 -0.174216
v -0.062691 0.085019 -0.181051
v -0.049771 0.076764 -0.182055
v -0.062184 0.072172 -0.184099
v -0.060569 0.072816 -0.166247
v -0.079538 0.061306 -0.164875
v -0.088902 0.050856 -0.169726
v -0.071084 0.047974 -0.173195
v -0.068119 0.051017 -0.165250
v -0.086688 0.042826 -0.172581
v -0.082985 0.046490 -0.155556
v -0.104211 0.038726 -0.150868
v -0.099360 0.022633 -0.156957
v -0.103173 0.020531 -0.144774
v -0.117536 0.020139 -0.153142
v -0.110144 0.026836 -0.138374
v -0.121069 0.027916 -0.149249
v -0.123016 0.029299 -0.137527
v -0.120659 0.012260 -0.141741
v -0.161282 0.021523 -0.104401
v -0.158515 0.019154 -0.118072
v -0.157215 0.010574 -0.120449
v -0.150435 0.005737 -0.116918
v -0.146146 0.009275 -0.109850
v -0.146505 0.018013 -0.108396
v -0.184682 0.016347 -0.084552
v -0.181477 0.007768 -0.090839
v -0.176168 0.002718 -0.085624
v -0.170885 0.006522 -0.079006
v -0.168140 0.015506 -0.081985
v -0.185943 0.020257 -0.060396
v -0.195738 0.007639 -0.055553
v -0.179673 0.015332 -0.053379
v -0.188918 0.002683 -0.050998
v -0.195552 0.016516 -0.050470
v -0.180856 0.006602 -0.049030
v -0.188796 0.020650 -0.009970
v -0.196704 0.016838 -0.009092
v -0.182137 0.006822 -0.010572
v -0.181474 0.015702 -0.011014
v -0.197074 0.007909 -0.006339
v -0.189620 0.002933 -0.005694
v -0.178427 0.018834 0.047309
v -0.190099 0.015344 0.036101
v -0.191069 0.006591 0.034318
v -0.181009 0.001280 0.043248
v -0.175939 0.005565 0.031675
v -0.175320 0.014381 0.031902
v -0.181318 0.005828 0.058850
v -0.179514 0.014654 0.060748
v -0.165806 0.004826 0.055081
v -0.165247 0.013701 0.054916
v -0.151439 0.001248 0.086579
v -0.160048 0.014412 0.087218
v -0.159684 0.005534 0.088251
v -0.151274 0.019012 0.084642
v -0.146601 0.005697 0.079408
v -0.146903 0.014554 0.078500
v -0.133511 0.015634 0.103942
v -0.140907 0.006424 0.101138
v -0.128938 0.020329 0.096528
v -0.128423 0.007024 0.089218
v -0.128319 0.015819 0.088888
v -0.126602 0.002672 0.097176
v -0.124863 0.007289 0.104477
v -0.110354 0.016798 0.099231
v -0.115023 0.020901 0.092317
v -0.110291 0.007992 0.099231
v -0.114492 0.003230 0.092971
v -0.118935 0.007258 0.086437
v -0.119224 0.016124 0.086073
v -0.109044 0.017769 0.100290
v -0.114668 0.022711 0.091961
v -0.108967 0.007162 0.100290
v -0.114028 0.001426 0.092749
v -0.119380 0.006278 0.084878
v -0.119728 0.016957 0.084440
v -0.107449 0.018490 0.100610
v -0.113782 0.024054 0.091233
v -0.107363 0.006546 0.100610
v -0.113062 0.000088 0.092119
v -0.119087 0.005551 0.083257
v -0.119479 0.017576 0.082763
v -0.112252 0.014134 0.094938
v -0.114302 0.015935 0.091903
v -0.112224 0.010269 0.094938
v -0.114069 0.008179 0.092190
v -0.116019 0.009947 0.089322
v -0.116146 0.013839 0.089162
v -0.105321 0.016595 0.095023
v -0.104168 0.018028 0.097223
v -0.103883 0.017545 0.095962
v -0.110049 0.023194 0.088519
v -0.109790 0.020523 0.088404
v -0.109286 0.022293 0.087961
v -0.104088 0.006941 0.097223
v -0.105260 0.008166 0.095023
v -0.103809 0.007354 0.095962
v -0.109281 0.003607 0.089030
v -0.109380 0.000944 0.089342
v -0.108672 0.001843 0.088717
v -0.114976 0.006016 0.081116
v -0.113534 0.007462 0.082774
v -0.113814 0.006504 0.081155
v -0.113811 0.015951 0.082425
v -0.115340 0.017180 0.080657
v -0.114149 0.016765 0.080734
v 0.000000 0.150337 -0.028915
v 0.000000 0.430442 -0.028915
v 0.014457 0.150337 -0.025041
v 0.014457 0.430442 -0.025041
v 0.025041 0.150337 -0.014457
v 0.025041 0.430442 -0.014457
v 0.028915 0.150337 0.000000
v 0.028915 0.430442 -0.000000
v 0.025041 0.150337 0.014457
v 0.025041 0.430442 0.014457
v 0.014457 0.150337 0.025041
v 0.014457 0.430442 0.025041
v 0.000000 0.150337 0.028915
v 0.000000 0.430442 0.028915
v -0.014457 0.150337 0.025041
v -0.014457 0.430442 0.025041
v -0.025041 0.150337 0.014457
v -0.025041 0.430442 0.014457
v -0.028915 0.150337 0.000000
v -0.028915 0.430442 -0.000000
v -0.025041 0.150337 -0.014457
v -0.025041 0.430442 -0.014457
v -0.014457 0.150337 -0.025041
v -0.014457 0.430442 -0.025041
v 0.000000 0.393571 0.000000
v -0.000000 0.416628 -0.000000
v -0.029374 0.396818 0.010850
v -0.029374 0.413381 0.010850
v -0.029180 0.396818 -0.011437
v -0.029180 0.413381 -0.011437
v -0.037731 0.417175 0.014375
v -0.037731 0.393025 0.014375
v -0.037475 0.393025 -0.014962
v -0.037475 0.417175 -0.014962
v -0.037697 0.413299 0.010499
v -0.037697 0.396900 0.010499
v -0.037509 0.396900 -0.011086
v -0.037509 0.413299 -0.011086
v -0.033717 0.412355 0.009365
v -0.033717 0.397844 0.009365
v -0.033548 0.397844 -0.009952
v -0.033548 0.412355 -0.009952
v 0.013208 0.393571 0.032691
v 0.013638 0.394631 0.033754
v 0.013638 0.415568 0.033754
v 0.013208 0.416628 0.032691
v -0.014225 0.394631 0.033511
v -0.013776 0.393571 0.032455
v -0.013776 0.416628 0.032455
v -0.014225 0.415568 0.033511
v -0.013638 0.394631 -0.033754
v -0.013208 0.393571 -0.032691
v -0.013208 0.416628 -0.032691
v -0.013638 0.415568 -0.033754
v 0.014225 0.394631 -0.033511
v 0.013776 0.393571 -0.032455
v 0.013776 0.416628 -0.032455
v 0.014225 0.415568 -0.033511
v 0.033754 0.394631 -0.013638
v 0.032691 0.393571 -0.013208
v 0.032691 0.416628 -0.013208
v 0.033754 0.415568 -0.013638
v 0.033511 0.394631 0.014225
v 0.032455 0.393571 0.013776
v 0.032455 0.416628 0.013776
v 0.033511 0.415568 0.014225
v -0.033754 0.415568 0.013638
v -0.032691 0.416628 0.013208
v -0.033745 0.416628 0.012578
v -0.034806 0.416537 0.013547
v -0.032691 0.393571 0.013208
v -0.033754 0.394631 0.013638
v -0.034806 0.393662 0.013547
v -0.033745 0.393571 0.012578
v -0.033511 0.394631 -0.014225
v -0.032455 0.393571 -0.013776
v -0.033520 0.393571 -0.013165
v -0.034563 0.393662 -0.014134
v -0.032455 0.416628 -0.013776
v -0.033511 0.415568 -0.014225
v -0.034563 0.416538 -0.014134
v -0.033520 0.416628 -0.013165
v -0.038236 0.416282 0.013482
v -0.038236 0.393917 0.013482
v -0.037995 0.393917 -0.014069
v -0.037995 0.416282 -0.014069
v -0.038218 0.414191 0.011392
v -0.038218 0.396008 0.011392
v -0.038014 0.396008 -0.011979
v -0.038014 0.414191 -0.011979
v 0.000000 0.481059 -0.002190
v 0.005310 0.478714 -0.002190
v 0.007510 0.472849 -0.002190
v -0.007510 0.472849 -0.002190
v -0.005310 0.478714 -0.002190
v 0.005310 0.478714 0.002190
v 0.000000 0.481059 0.002190
v 0.007510 0.472849 0.002190
v -0.007510 0.472849 0.002190
v -0.005310 0.478714 0.002190
v 0.002819 0.480343 -0.002190
v 0.002819 0.480343 0.002190
v -0.002819 0.480343 -0.002190
v -0.002819 0.480343 0.002190
v 0.006892 0.475805 -0.002190
v 0.006892 0.475805 0.002190
v -0.006892 0.475805 -0.002190
v -0.006892 0.475805 0.002190
v 0.000000 0.484387 -0.001701
v 0.000000 0.483857 -0.002190
v 0.000000 0.484387 0.001701
v 0.000000 0.483857 0.002190
v 0.007376 0.481210 -0.001701
v 0.007049 0.480815 -0.002190
v 0.007376 0.481210 0.001701
v 0.007049 0.480815 0.002190
v 0.009957 0.472855 -0.002190
v 0.010431 0.472857 -0.001701
v 0.010431 0.472857 0.001701
v 0.009957 0.472855 0.002190
v -0.010431 0.472857 -0.001701
v -0.009957 0.472855 -0.002190
v -0.009957 0.472855 0.002190
v -0.010431 0.472857 0.001701
v -0.007376 0.481210 -0.001701
v -0.007049 0.480815 -0.002190
v -0.007376 0.481210 0.001701
v -0.007049 0.480815 0.002190
v 0.003736 0.482796 -0.002190
v 0.003915 0.483276 -0.001701
v 0.003736 0.482796 0.002190
v 0.003915 0.483276 0.001701
v -0.003736 0.482796 -0.002190
v -0.003915 0.483276 -0.001701
v -0.003736 0.482796 0.002190
v -0.003915 0.483276 0.001701
v 0.009142 0.476874 -0.002190
v 0.009573 0.477078 -0.001701
v 0.009142 0.476874 0.002190
v 0.009573 0.477078 0.001701
v -0.009142 0.476874 -0.002190
v -0.009573 0.477078 -0.001701
v -0.009142 0.476874 0.002190
v -0.009573 0.477078 0.001701
v 0.000000 0.446506 -0.031613
v 0.000000 0.458338 -0.034180
v 0.000000 0.452204 -0.043516
v 0.000000 0.445383 -0.042680
v 0.000000 0.433717 -0.036182
v 0.000000 0.434137 0.000000
v 0.000000 0.426452 0.000000
v 0.000000 0.426452 -0.030771
v -0.021775 0.446506 0.000000
v -0.031613 0.446506 0.000000
v -0.034180 0.458338 -0.000000
v -0.037979 0.458338 -0.000000
v -0.043516 0.452204 -0.000000
v -0.042680 0.445383 0.000000
v -0.040204 0.438823 0.000000
v -0.036182 0.433717 0.000000
v -0.030771 0.431052 0.000000
v -0.011775 0.426452 -0.028428
v -0.021758 0.426452 -0.021758
v -0.028428 0.426452 -0.011775
v -0.020118 0.446506 -0.008333
v -0.029206 0.446506 -0.012098
v -0.031578 0.458338 -0.013080
v -0.035088 0.458338 -0.014534
v -0.040204 0.452204 -0.016653
v -0.039431 0.445383 -0.016333
v -0.037143 0.438823 -0.015385
v -0.033428 0.433717 -0.013846
v -0.028428 0.431052 -0.011775
v -0.030771 0.426452 0.000000
v -0.015397 0.446506 -0.015397
v -0.022353 0.446506 -0.022353
v -0.024169 0.458338 -0.024169
v -0.026855 0.458338 -0.026855
v -0.030771 0.452204 -0.030771
v -0.030179 0.445383 -0.030179
v -0.028428 0.438823 -0.028428
v -0.025585 0.433717 -0.025585
v -0.021758 0.431052 -0.021758
v -0.008333 0.446506 -0.020118
v -0.012098 0.446506 -0.029206
v -0.013080 0.458338 -0.031578
v -0.014534 0.458338 -0.035088
v -0.016653 0.452204 -0.040204
v -0.016333 0.445383 -0.039431
v -0.015385 0.438823 -0.037143
v -0.013846 0.433717 -0.033428
v -0.011775 0.431052 -0.028428
v 0.000000 0.446506 -0.021775
v 0.000000 0.458338 -0.037979
v 0.000000 0.438823 -0.040204
v 0.000000 0.431052 -0.030771
v -0.033881 0.452095 0.000000
v -0.030390 0.458229 -0.000000
v -0.029266 0.456199 -0.000000
v -0.031302 0.452095 -0.012966
v -0.028077 0.458229 -0.011630
v -0.027038 0.456199 -0.011200
v -0.023958 0.452095 -0.023958
v -0.021489 0.458229 -0.021489
v -0.020694 0.456199 -0.020694
v -0.012966 0.452095 -0.031302
v -0.011630 0.458229 -0.028077
v -0.011200 0.456199 -0.027038
v 0.000000 0.452095 -0.033881
v 0.000000 0.458229 -0.030390
v 0.000000 0.456199 -0.029266
v 0.000000 0.457604 -0.040418
v 0.000000 0.458338 -0.039395
v -0.039395 0.458338 -0.000000
v -0.040417 0.457604 -0.000000
v -0.036397 0.458338 -0.015076
v -0.037341 0.457604 -0.015467
v -0.027857 0.458338 -0.027857
v -0.028579 0.457604 -0.028579
v -0.015076 0.458338 -0.036397
v -0.015467 0.457604 -0.037341
v -0.010628 0.447610 0.000000
v -0.011969 0.448070 0.000000
v -0.009819 0.447610 -0.004067
v -0.011058 0.448070 -0.004580
v -0.007515 0.447610 -0.007515
v -0.008464 0.448070 -0.008464
v -0.004067 0.447610 -0.009819
v -0.004580 0.448070 -0.011058
v 0.000000 0.447610 -0.010628
v 0.000000 0.448070 -0.011969
v 0.021775 0.446506 0.000000
v 0.031613 0.446506 0.000000
v 0.034180 0.458338 -0.000000
v 0.037979 0.458338 -0.000000
v 0.043516 0.452204 -0.000000
v 0.042680 0.445383 0.000000
v 0.040204 0.438823 0.000000
v 0.036182 0.433717 0.000000
v 0.030771 0.431052 0.000000
v 0.011775 0.426452 -0.028428
v 0.021758 0.426452 -0.021758
v 0.028428 0.426452 -0.011775
v 0.020118 0.446506 -0.008333
v 0.029206 0.446506 -0.012098
v 0.031578 0.458338 -0.013080
v 0.035088 0.458338 -0.014534
v 0.040204 0.452204 -0.016653
v 0.039431 0.445383 -0.016333
v 0.037143 0.438823 -0.015385
v 0.033428 0.433717 -0.013846
v 0.028428 0.431052 -0.011775
v 0.030771 0.426452 0.000000
v 0.015397 0.446506 -0.015397
v 0.022353 0.446506 -0.022353
v 0.024169 0.458338 -0.024169
v 0.026855 0.458338 -0.026855
v 0.030771 0.452204 -0.030771
v 0.030179 0.445383 -0.030179
v 0.028428 0.438823 -0.028428
v 0.025585 0.433717 -0.025585
v 0.021758 0.431052 -0.021758
v 0.008333 0.446506 -0.020118
v 0.012098 0.446506 -0.029206
v 0.013080 0.458338 -0.031578
v 0.014534 0.458338 -0.035088
v 0.016653 0.452204 -0.040204
v 0.016333 0.445383 -0.039431
v 0.015385 0.438823 -0.037143
v 0.013846 0.433717 -0.033428
v 0.011775 0.431052 -0.028428
v 0.033881 0.452095 0.000000
v 0.030390 0.458229 -0.000000
v 0.029266 0.456199 -0.000000
v 0.031302 0.452095 -0.012966
v 0.028077 0.458229 -0.011630
v 0.027038 0.456199 -0.011200
v 0.023958 0.452095 -0.023958
v 0.021489 0.458229 -0.021489
v 0.020694 0.456199 -0.020694
v 0.012966 0.452095 -0.031302
v 0.011630 0.458229 -0.028077
v 0.011200 0.456199 -0.027038
v 0.039395 0.458338 -0.000000
v 0.040417 0.457604 -0.000000
v 0.036397 0.458338 -0.015076
v 0.037341 0.457604 -0.015467
v 0.027857 0.458338 -0.027857
v 0.028579 0.457604 -0.028579
v 0.015076 0.458338 -0.036397
v 0.015467 0.457604 -0.037341
v 0.010628 0.447610 0.000000
v 0.011969 0.448070 0.000000
v 0.009819 0.447610 -0.004067
v 0.011058 0.448070 -0.004580
v 0.007515 0.447610 -0.007515
v 0.008464 0.448070 -0.008464
v 0.004067 0.447610 -0.009819
v 0.004580 0.448070 -0.011058
v 0.000000 0.446506 0.031613
v 0.000000 0.458338 0.034180
v 0.000000 0.452204 0.043516
v 0.000000 0.445383 0.042680
v 0.000000 0.433717 0.036182
v 0.000000 0.426452 0.030771
v -0.011775 0.426452 0.028428
v -0.021758 0.426452 0.021758
v -0.028428 0.426452 0.011775
v -0.020118 0.446506 0.008333
v -0.029206 0.446506 0.012098
v -0.031578 0.458338 0.013080
v -0.035088 0.458338 0.014534
v -0.040204 0.452204 0.016653
v -0.039431 0.445383 0.016333
v -0.037143 0.438823 0.015385
v -0.033428 0.433717 0.013846
v -0.028428 0.431052 0.011775
v -0.015397 0.446506 0.015397
v -0.022353 0.446506 0.022353
v -0.024169 0.458338 0.024169
v -0.026855 0.458338 0.026855
v -0.030771 0.452204 0.030771
v -0.030179 0.445383 0.030179
v -0.028428 0.438823 0.028428
v -0.025585 0.433717 0.025585
v -0.021758 0.431052 0.021758
v -0.008333 0.446506 0.020118
v -0.012098 0.446506 0.029206
v -0.013080 0.458338 0.031578
v -0.014534 0.458338 0.035088
v -0.016653 0.452204 0.040204
v -0.016333 0.445383 0.039431
v -0.015385 0.438823 0.037143
v -0.013846 0.433717 0.033428
v -0.011775 0.431052 0.028428
v 0.000000 0.446506 0.021775
v 0.000000 0.458338 0.037979
v 0.000000 0.438823 0.040204
v 0.000000 0.431052 0.030771
v -0.031302 0.452095 0.012966
v -0.028077 0.458229 0.011630
v -0.027038 0.456199 0.011200
v -0.023958 0.452095 0.023958
v -0.021489 0.458229 0.021489
v -0.020694 0.456199 0.020694
v -0.012966 0.452095 0.031302
v -0.011630 0.458229 0.028077
v -0.011200 0.456199 0.027038
v 0.000000 0.452095 0.033881
v 0.000000 0.458229 0.030390
v 0.000000 0.456199 0.029266
v 0.000000 0.457604 0.040418
v 0.000000 0.458338 0.039395
v -0.036397 0.458338 0.015076
v -0.037341 0.457604 0.015467
v -0.027857 0.458338 0.027857
v -0.028579 0.457604 0.028579
v -0.015076 0.458338 0.036397
v -0.015467 0.457604 0.037341
v -0.009819 0.447610 0.004067
v -0.011058 0.448070 0.004580
v -0.007515 0.447610 0.007515
v -0.008464 0.448070 0.008464
v -0.004067 0.447610 0.009819
v -0.004580 0.448070 0.011058
v 0.000000 0.447610 0.010628
v 0.000000 0.448070 0.011969
v 0.011775 0.426452 0.028428
v 0.021758 0.426452 0.021758
v 0.028428 0.426452 0.011775
v 0.020118 0.446506 0.008333
v 0.029206 0.446506 0.012098
v 0.031578 0.458338 0.013080
v 0.035088 0.458338 0.014534
v 0.040204 0.452204 0.016653
v 0.039431 0.445383 0.016333
v 0.037143 0.438823 0.015385
v 0.033428 0.433717 0.013846
v 0.028428 0.431052 0.011775
v 0.015397 0.446506 0.015397
v 0.022353 0.446506 0.022353
v 0.024169 0.458338 0.024169
v 0.026855 0.458338 0.026855
v 0.030771 0.452204 0.030771
v 0.030179 0.445383 0.030179
v 0.028428 0.438823 0.028428
v 0.025585 0.433717 0.025585
v 0.021758 0.431052 0.021758
v 0.008333 0.446506 0.020118
v 0.012098 0.446506 0.029206
v 0.013080 0.458338 0.031578
v 0.014534 0.458338 0.035088
v 0.016653 0.452204 0.040204
v 0.016333 0.445383 0.039431
v 0.015385 0.438823 0.037143
v 0.013846 0.433717 0.033428
v 0.011775 0.431052 0.028428
v 0.031302 0.452095 0.012966
v 0.028077 0.458229 0.011630
v 0.027038 0.456199 0.011200
v 0.023958 0.452095 0.023958
v 0.021489 0.458229 0.021489
v 0.020694 0.456199 0.020694
v 0.012966 0.452095 0.031302
v 0.011630 0.458229 0.028077
v 0.011200 0.456199 0.027038
v 0.036397 0.458338 0.015076
v 0.037341 0.457604 0.015467
v 0.027857 0.458338 0.027857
v 0.028579 0.457604 0.028579
v 0.015076 0.458338 0.036397
v 0.015467 0.457604 0.037341
v 0.009819 0.447610 0.004067
v 0.011058 0.448070 0.004580
v 0.007515 0.447610 0.007515
v 0.008464 0.448070 0.008464
v 0.004067 0.447610 0.009819
v 0.004580 0.448070 0.011058
v 0.000000 0.325397 0.000000
v 0.000000 0.348454 0.000000
v -0.010850 0.328644 -0.029374
v -0.010850 0.345207 -0.029374
v 0.011437 0.328644 -0.029180
v 0.011437 0.345207 -0.029180
v -0.014375 0.349000 -0.037731
v -0.014375 0.324851 -0.037731
v 0.014962 0.324851 -0.037475
v 0.014962 0.349000 -0.037475
v -0.010499 0.345125 -0.037697
v -0.010499 0.328726 -0.037697
v 0.011086 0.328726 -0.037509
v 0.011086 0.345125 -0.037509
v -0.009365 0.344181 -0.033717
v -0.009365 0.329670 -0.033717
v 0.009952 0.329670 -0.033548
v 0.009952 0.344181 -0.033548
v -0.032691 0.325397 0.013208
v -0.033754 0.326457 0.013638
v -0.033754 0.347394 0.013638
v -0.032691 0.348454 0.013208
v -0.033511 0.326457 -0.014225
v -0.032455 0.325397 -0.013776
v -0.032455 0.348454 -0.013776
v -0.033511 0.347394 -0.014225
v 0.033754 0.326457 -0.013638
v 0.032691 0.325397 -0.013208
v 0.032691 0.348454 -0.013208
v 0.033754 0.347394 -0.013638
v 0.033511 0.326457 0.014225
v 0.032455 0.325397 0.013776
v 0.032455 0.348454 0.013776
v 0.033511 0.347394 0.014225
v 0.013638 0.326457 0.033754
v 0.013208 0.325397 0.032691
v 0.013208 0.348454 0.032691
v 0.013638 0.347394 0.033754
v -0.014225 0.326457 0.033511
v -0.013776 0.325397 0.032455
v -0.013776 0.348454 0.032455
v -0.014225 0.347394 0.033511
v -0.013638 0.347394 -0.033754
v -0.013208 0.348454 -0.032691
v -0.012578 0.348454 -0.033745
v -0.013547 0.348363 -0.034806
v -0.013208 0.325397 -0.032691
v -0.013638 0.326457 -0.033754
v -0.013547 0.325488 -0.034806
v -0.012578 0.325397 -0.033745
v 0.014225 0.326457 -0.033511
v 0.013776 0.325397 -0.032455
v 0.013165 0.325397 -0.033520
v 0.014134 0.325488 -0.034563
v 0.013776 0.348454 -0.032455
v 0.014225 0.347394 -0.033511
v 0.014134 0.348364 -0.034563
v 0.013165 0.348454 -0.033520
v -0.013482 0.348108 -0.038236
v -0.013482 0.325743 -0.038236
v 0.014069 0.325743 -0.037995
v 0.014069 0.348108 -0.037995
v -0.011392 0.346017 -0.038218
v -0.011392 0.327834 -0.038218
v 0.011979 0.327834 -0.038014
v 0.011979 0.346017 -0.038014
v -0.007944 -0.000026 0.063638
v -0.016680 0.007550 0.062337
v -0.005684 0.001158 0.044231
v -0.011934 0.007550 0.038516
v 0.007944 -0.000026 0.063638
v 0.016680 0.007550 0.062337
v 0.005684 0.001158 0.044231
v 0.011934 0.007550 0.038516
v 0.000000 0.001360 0.044445
v 0.000000 0.007550 0.038736
v 0.000000 -0.000026 0.065449
v 0.000000 0.007550 0.064199
v 0.039382 -0.000026 0.050617
v 0.032284 0.007550 0.055874
v 0.027257 0.001158 0.035296
v 0.018797 0.007550 0.035674
v 0.050617 -0.000026 0.039382
v 0.055874 0.007550 0.032284
v 0.035296 0.001158 0.027257
v 0.035674 0.007550 0.018797
v 0.031428 0.001360 0.031428
v 0.027391 0.007550 0.027391
v 0.046280 -0.000026 0.046280
v 0.045396 0.007550 0.045396
v 0.063638 -0.000026 0.007944
v 0.062337 0.007550 0.016680
v 0.044231 0.001158 0.005684
v 0.038516 0.007550 0.011934
v 0.063638 -0.000026 -0.007944
v 0.062337 0.007550 -0.016680
v 0.044231 0.001158 -0.005684
v 0.038516 0.007550 -0.011934
v 0.044445 0.001360 0.000000
v 0.038736 0.007550 0.000000
v 0.065449 -0.000026 0.000000
v 0.064199 0.007550 0.000000
v 0.050617 -0.000026 -0.039382
v 0.055874 0.007550 -0.032284
v 0.035296 0.001158 -0.027257
v 0.035674 0.007550 -0.018797
v 0.039382 -0.000026 -0.050617
v 0.032284 0.007550 -0.055874
v 0.027257 0.001158 -0.035296
v 0.018797 0.007550 -0.035674
v 0.031428 0.001360 -0.031428
v 0.027391 0.007550 -0.027391
v 0.046280 -0.000026 -0.046280
v 0.045396 0.007550 -0.045396
v 0.007944 -0.000026 -0.063638
v 0.016680 0.007550 -0.062337
v 0.005684 0.001158 -0.044231
v 0.011934 0.007550 -0.038516
v -0.007944 -0.000026 -0.063638
v -0.016680 0.007550 -0.062337
v -0.005684 0.001158 -0.044231
v -0.011934 0.007550 -0.038516
v 0.000000 0.001360 -0.044445
v 0.000000 0.007550 -0.038736
v 0.000000 -0.000026 -0.065449
v 0.000000 0.007550 -0.064199
v -0.039382 -0.000026 -0.050617
v -0.032284 0.007550 -0.055874
v -0.027257 0.001158 -0.035296
v -0.018797 0.007550 -0.035674
v -0.050617 -0.000026 -0.039382
v -0.055874 0.007550 -0.032284
v -0.035296 0.001158 -0.027257
v -0.035674 0.007550 -0.018797
v -0.031428 0.001360 -0.031428
v -0.027391 0.007550 -0.027391
v -0.046280 -0.000026 -0.046280
v -0.045396 0.007550 -0.045396
v -0.063638 -0.000026 -0.007944
v -0.062337 0.007550 -0.016680
v -0.044231 0.001158 -0.005684
v -0.038516 0.007550 -0.011934
v -0.063638 -0.000026 0.007944
v -0.062337 0.007550 0.016680
v -0.044231 0.001158 0.005684
v -0.038516 0.007550 0.011934
v -0.044445 0.001360 -0.000000
v -0.038736 0.007550 -0.000000
v -0.065449 -0.000026 -0.000000
v -0.064199 0.007550 -0.000000
v -0.050617 -0.000026 0.039382
v -0.055874 0.007550 0.032284
v -0.035296 0.001158 0.027257
v -0.035674 0.007550 0.018797
v -0.039382 -0.000026 0.050617
v -0.032284 0.007550 0.055874
v -0.027257 0.001158 0.035296
v -0.018797 0.007550 0.035674
v -0.031428 0.001360 0.031428
v -0.027391 0.007550 0.027391
v -0.046280 -0.000026 0.046280
v -0.045396 0.007550 0.045396
v 0.000000 0.126269 0.048206
v 0.000000 0.104152 0.062985
v 0.000000 0.078062 0.068174
v 0.000000 0.051973 0.062985
v 0.000000 0.029856 0.048206
v -0.018448 0.126269 0.044537
v -0.024103 0.104152 0.058190
v -0.026089 0.078062 0.062985
v -0.024103 0.051973 0.058190
v -0.018448 0.029856 0.044537
v -0.034087 0.126269 0.034087
v -0.044537 0.104152 0.044537
v -0.048206 0.078062 0.048206
v -0.044537 0.051973 0.044537
v -0.034087 0.029856 0.034087
v -0.044537 0.126269 0.018448
v -0.058190 0.104152 0.024103
v -0.062985 0.078062 0.026089
v -0.058190 0.051973 0.024103
v -0.044537 0.029856 0.018448
v -0.048206 0.126269 -0.000000
v -0.062985 0.104152 -0.000000
v -0.068174 0.078062 -0.000000
v -0.062985 0.051973 0.000000
v -0.048206 0.029856 0.000000
v 0.000000 0.030854 0.062667
v -0.023982 0.030854 0.057897
v -0.044312 0.030854 0.044312
v -0.057897 0.030854 0.023982
v -0.062667 0.030854 0.000000
v 0.000000 0.123672 0.062667
v -0.023982 0.123672 0.057897
v -0.044312 0.123672 0.044312
v -0.057897 0.123672 0.023982
v -0.062667 0.123672 -0.000000
v 0.000000 0.036938 0.060401
v 0.000000 0.034687 0.062667
v -0.023114 0.036938 0.055803
v -0.023982 0.034687 0.057897
v -0.042710 0.036938 0.042710
v -0.044312 0.034687 0.044312
v -0.055803 0.036938 0.023114
v -0.057897 0.034687 0.023982
v -0.060401 0.036938 0.000000
v -0.062667 0.034687 0.000000
v 0.000000 0.118004 0.060401
v 0.000000 0.120255 0.062667
v -0.023114 0.118004 0.055803
v -0.023982 0.120255 0.057897
v -0.042710 0.118004 0.042710
v -0.044312 0.120255 0.044312
v -0.055803 0.118004 0.023114
v -0.057897 0.120255 0.023982
v -0.060401 0.118004 -0.000000
v -0.062667 0.120255 -0.000000
v 0.000000 0.118004 -0.000000
v 0.000000 0.036938 0.000000
v 0.000000 0.147463 0.070370
v -0.026929 0.147463 0.065013
v -0.049759 0.147463 0.049759
v -0.065013 0.147463 0.026929
v -0.070370 0.147463 -0.000000
v 0.000000 0.031776 0.065576
v 0.000000 0.027005 0.070370
v -0.025095 0.031776 0.060584
v -0.026929 0.027005 0.065013
v -0.046369 0.031776 0.046369
v -0.049759 0.027005 0.049759
v -0.060584 0.031776 0.025095
v -0.065013 0.027005 0.026929
v -0.065576 0.031776 0.000000
v -0.070370 0.027005 0.000000
v 0.000000 0.122966 0.065576
v 0.000000 0.127737 0.070370
v -0.025095 0.122966 0.060584
v -0.026929 0.127737 0.065013
v -0.046369 0.122966 0.046369
v -0.049759 0.127737 0.049759
v -0.060584 0.122966 0.025095
v -0.065013 0.127737 0.026929
v -0.065576 0.122966 -0.000000
v -0.070370 0.127737 -0.000000
v 0.000000 0.009086 0.070370
v 0.000000 0.007280 0.068555
v -0.026929 0.009086 0.065013
v -0.026235 0.007280 0.063336
v -0.049759 0.009086 0.049759
v -0.048475 0.007280 0.048475
v -0.065013 0.009086 0.026929
v -0.063336 0.007280 0.026235
v -0.070370 0.009086 0.000000
v -0.068555 0.007280 0.000000
v 0.000000 0.147463 0.037969
v -0.014530 0.147463 0.035078
v -0.026848 0.147463 0.026848
v -0.035078 0.147463 0.014530
v -0.037969 0.147463 -0.000000
v 0.000000 0.156211 0.037969
v -0.014530 0.156211 0.035078
v -0.026848 0.156211 0.026848
v -0.035078 0.156211 0.014530
v -0.037969 0.156211 -0.000000
v 0.000000 0.149806 -0.000000
v 0.000000 0.122966 -0.000000
v 0.000000 0.007280 0.000000
v 0.000000 0.031776 0.000000
v 0.000000 0.034831 0.000000
v 0.000000 0.034199 0.059993
v 0.000000 0.044446 0.059993
v -0.022958 0.034199 0.055426
v -0.022958 0.034831 0.055426
v -0.042422 0.034199 0.042422
v -0.042422 0.044446 0.042422
v -0.055426 0.034199 0.022958
v -0.055426 0.034831 0.022958
v -0.059993 0.034199 0.000000
v -0.059993 0.044446 0.000000
v 0.018448 0.126269 0.044537
v 0.024103 0.104152 0.058190
v 0.026089 0.078062 0.062985
v 0.024103 0.051973 0.058190
v 0.018448 0.029856 0.044537
v 0.034087 0.126269 0.034087
v 0.044537 0.104152 0.044537
v 0.048206 0.078062 0.048206
v 0.044537 0.051973 0.044537
v 0.034087 0.029856 0.034087
v 0.044537 0.126269 0.018448
v 0.058190 0.104152 0.024103
v 0.062985 0.078062 0.026089
v 0.058190 0.051973 0.024103
v 0.044537 0.029856 0.018448
v 0.048206 0.126269 -0.000000
v 0.062985 0.104152 -0.000000
v 0.068174 0.078062 -0.000000
v 0.062985 0.051973 0.000000
v 0.048206 0.029856 0.000000
v 0.023982 0.030854 0.057897
v 0.044312 0.030854 0.044312
v 0.057897 0.030854 0.023982
v 0.062667 0.030854 0.000000
v 0.023982 0.123672 0.057897
v 0.044312 0.123672 0.044312
v 0.057897 0.123672 0.023982
v 0.062667 0.123672 -0.000000
v 0.023114 0.036938 0.055803
v 0.023982 0.034687 0.057897
v 0.042710 0.036938 0.042710
v 0.044312 0.034687 0.044312
v 0.055803 0.036938 0.023114
v 0.057897 0.034687 0.023982
v 0.060401 0.036938 0.000000
v 0.062667 0.034687 0.000000
v 0.023114 0.118004 0.055803
v 0.023982 0.120255 0.057897
v 0.042710 0.118004 0.042710
v 0.044312 0.120255 0.044312
v 0.055803 0.118004 0.023114
v 0.057897 0.120255 0.023982
v 0.060401 0.118004 -0.000000
v 0.062667 0.120255 -0.000000
v 0.026929 0.147463 0.065013
v 0.049759 0.147463 0.049759
v 0.065013 0.147463 0.026929
v 0.070370 0.147463 -0.000000
v 0.025095 0.031776 0.060584
v 0.026929 0.027005 0.065013
v 0.046369 0.031776 0.046369
v 0.049759 0.027005 0.049759
v 0.060584 0.031776 0.025095
v 0.065013 0.027005 0.026929
v 0.065576 0.031776 0.000000
v 0.070370 0.027005 0.000000
v 0.025095 0.122966 0.060584
v 0.026929 0.127737 0.065013
v 0.046369 0.122966 0.046369
v 0.049759 0.127737 0.049759
v 0.060584 0.122966 0.025095
v 0.065013 0.127737 0.026929
v 0.065576 0.122966 -0.000000
v 0.070370 0.127737 -0.000000
v 0.026929 0.009086 0.065013
v 0.026235 0.007280 0.063336
v 0.049759 0.009086 0.049759
v 0.048475 0.007280 0.048475
v 0.065013 0.009086 0.026929
v 0.063336 0.007280 0.026235
v 0.070370 0.009086 0.000000
v 0.068555 0.007280 0.000000
v 0.014530 0.147463 0.035078
v 0.026848 0.147463 0.026848
v 0.035078 0.147463 0.014530
v 0.037969 0.147463 -0.000000
v 0.014530 0.156211 0.035078
v 0.026848 0.156211 0.026848
v 0.035078 0.156211 0.014530
v 0.037969 0.156211 -0.000000
v 0.022958 0.034199 0.055426
v 0.022958 0.034831 0.055426
v 0.042422 0.034199 0.042422
v 0.042422 0.044446 0.042422
v 0.055426 0.034199 0.022958
v 0.055426 0.034831 0.022958
v 0.059993 0.034199 0.000000
v 0.059993 0.044446 0.000000
v 0.000000 0.126269 -0.048206
v 0.000000 0.104152 -0.062985
v 0.000000 0.078062 -0.068174
v 0.000000 0.051973 -0.062985
v 0.000000 0.029856 -0.048206
v -0.018448 0.126269 -0.044537
v -0.024103 0.104152 -0.058190
v -0.026089 0.078062 -0.062985
v -0.024103 0.051973 -0.058190
v -0.018448 0.029856 -0.044537
v -0.034087 0.126269 -0.034087
v -0.044537 0.104152 -0.044537
v -0.048206 0.078062 -0.048206
v -0.044537 0.051973 -0.044537
v -0.034087 0.029856 -0.034087
v -0.044537 0.126269 -0.018448
v -0.058190 0.104152 -0.024103
v -0.062985 0.078062 -0.026089
v -0.058190 0.051973 -0.024103
v -0.044537 0.029856 -0.018448
v 0.000000 0.030854 -0.062667
v -0.023982 0.030854 -0.057897
v -0.044312 0.030854 -0.044312
v -0.057897 0.030854 -0.023982
v 0.000000 0.123672 -0.062667
v -0.023982 0.123672 -0.057897
v -0.044312 0.123672 -0.044312
v -0.057897 0.123672 -0.023982
v 0.000000 0.036938 -0.060401
v 0.000000 0.034687 -0.062667
v -0.023114 0.036938 -0.055803
v -0.023982 0.034687 -0.057897
v -0.042710 0.036938 -0.042710
v -0.044312 0.034687 -0.044312
v -0.055803 0.036938 -0.023114
v -0.057897 0.034687 -0.023982
v 0.000000 0.118004 -0.060401
v 0.000000 0.120255 -0.062667
v -0.023114 0.118004 -0.055803
v -0.023982 0.120255 -0.057897
v -0.042710 0.118004 -0.042710
v -0.044312 0.120255 -0.044312
v -0.055803 0.118004 -0.023114
v -0.057897 0.120255 -0.023982
v 0.000000 0.147463 -0.070370
v -0.026929 0.147463 -0.065013
v -0.049759 0.147463 -0.049759
v -0.065013 0.147463 -0.026929
v 0.000000 0.031776 -0.065576
v 0.000000 0.027005 -0.070370
v -0.025095 0.031776 -0.060584
v -0.026929 0.027005 -0.065013
v -0.046369 0.031776 -0.046369
v -0.049759 0.027005 -0.049759
v -0.060584 0.031776 -0.025095
v -0.065013 0.027005 -0.026929
v 0.000000 0.122966 -0.065576
v 0.000000 0.127737 -0.070370
v -0.025095 0.122966 -0.060584
v -0.026929 0.127737 -0.065013
v -0.046369 0.122966 -0.046369
v -0.049759 0.127737 -0.049759
v -0.060584 0.122966 -0.025095
v -0.065013 0.127737 -0.026929
v 0.000000 0.009086 -0.070370
v 0.000000 0.007280 -0.068555
v -0.026929 0.009086 -0.065013
v -0.026235 0.007280 -0.063336
v -0.049759 0.009086 -0.049759
v -0.048475 0.007280 -0.048475
v -0.065013 0.009086 -0.026929
v -0.063336 0.007280 -0.026235
v 0.000000 0.147463 -0.037969
v -0.014530 0.147463 -0.035078
v -0.026848 0.147463 -0.026848
v -0.035078 0.147463 -0.014530
v 0.000000 0.156211 -0.037969
v -0.014530 0.156211 -0.035078
v -0.026848 0.156211 -0.026848
v -0.035078 0.156211 -0.014530
v 0.000000 0.034199 -0.059993
v 0.000000 0.044446 -0.059993
v -0.022958 0.034199 -0.055426
v -0.022958 0.034831 -0.055426
v -0.042422 0.034199 -0.042422
v -0.042422 0.044446 -0.042422
v -0.055426 0.034199 -0.022958
v -0.055426 0.034831 -0.022958
v 0.018448 0.126269 -0.044537
v 0.024103 0.104152 -0.058190
v 0.026089 0.078062 -0.062985
v 0.024103 0.051973 -0.058190
v 0.018448 0.029856 -0.044537
v 0.034087 0.126269 -0.034087
v 0.044537 0.104152 -0.044537
v 0.048206 0.078062 -0.048206
v 0.044537 0.051973 -0.044537
v 0.034087 0.029856 -0.034087
v 0.044537 0.126269 -0.018448
v 0.058190 0.104152 -0.024103
v 0.062985 0.078062 -0.026089
v 0.058190 0.051973 -0.024103
v 0.044537 0.029856 -0.018448
v 0.023982 0.030854 -0.057897
v 0.044312 0.030854 -0.044312
v 0.057897 0.030854 -0.023982
v 0.023982 0.123672 -0.057897
v 0.044312 0.123672 -0.044312
v 0.057897 0.123672 -0.023982
v 0.023114 0.036938 -0.055803
v 0.023982 0.034687 -0.057897
v 0.042710 0.036938 -0.042710
v 0.044312 0.034687 -0.044312
v 0.055803 0.036938 -0.023114
v 0.057897 0.034687 -0.023982
v 0.023114 0.118004 -0.055803
v 0.023982 0.120255 -0.057897
v 0.042710 0.118004 -0.042710
v 0.044312 0.120255 -0.044312
v 0.055803 0.118004 -0.023114
v 0.057897 0.120255 -0.023982
v 0.026929 0.147463 -0.065013
v 0.049759 0.147463 -0.049759
v 0.065013 0.147463 -0.026929
v 0.025095 0.031776 -0.060584
v 0.026929 0.027005 -0.065013
v 0.046369 0.031776 -0.046369
v 0.049759 0.027005 -0.049759
v 0.060584 0.031776 -0.025095
v 0.065013 0.027005 -0.026929
v 0.025095 0.122966 -0.060584
v 0.026929 0.127737 -0.065013
v 0.046369 0.122966 -0.046369
v 0.049759 0.127737 -0.049759
v 0.060584 0.122966 -0.025095
v 0.065013 0.127737 -0.026929
v 0.026929 0.009086 -0.065013
v 0.026235 0.007280 -0.063336
v 0.049759 0.009086 -0.049759
v 0.048475 0.007280 -0.048475
v 0.065013 0.009086 -0.026929
v 0.063336 0.007280 -0.026235
v 0.014530 0.147463 -0.035078
v 0.026848 0.147463 -0.026848
v 0.035078 0.147463 -0.014530
v 0.014530 0.156211 -0.035078
v 0.026848 0.156211 -0.026848
v 0.035078 0.156211 -0.014530
v 0.022958 0.034199 -0.055426
v 0.022958 0.034831 -0.055426
v 0.042422 0.034199 -0.042422
v 0.042422 0.044446 -0.042422
v 0.055426 0.034199 -0.022958
v 0.055426 0.034831 -0.022958
v 0.000000 0.257223 0.000000
v 0.000000 0.280280 0.000000
v 0.029374 0.260470 -0.010850
v 0.029374 0.277033 -0.010850
v 0.029180 0.260470 0.011437
v 0.029180 0.277033 0.011437
v 0.037731 0.280826 -0.014375
v 0.037731 0.256677 -0.014375
v 0.037475 0.256677 0.014962
v 0.037475 0.280826 0.014962
v 0.037697 0.276951 -0.010499
v 0.037697 0.260552 -0.010499
v 0.037509 0.260552 0.011086
v 0.037509 0.276951 0.011086
v 0.033717 0.276007 -0.009365
v 0.033717 0.261496 -0.009365
v 0.033548 0.261496 0.009952
v 0.033548 0.276007 0.009952
v -0.013208 0.257223 -0.032691
v -0.013638 0.258283 -0.033754
v -0.013638 0.279220 -0.033754
v -0.013208 0.280280 -0.032691
v 0.014225 0.258283 -0.033511
v 0.013776 0.257223 -0.032455
v 0.013776 0.280280 -0.032455
v 0.014225 0.279220 -0.033511
v 0.013638 0.258283 0.033754
v 0.013208 0.257223 0.032691
v 0.013208 0.280280 0.032691
v 0.013638 0.279220 0.033754
v -0.014225 0.258283 0.033511
v -0.013776 0.257223 0.032455
v -0.013776 0.280280 0.032455
v -0.014225 0.279220 0.033511
v -0.033754 0.258283 0.013638
v -0.032691 0.257223 0.013208
v -0.032691 0.280280 0.013208
v -0.033754 0.279220 0.013638
v -0.033511 0.258283 -0.014225
v -0.032455 0.257223 -0.013776
v -0.032455 0.280280 -0.013776
v -0.033511 0.279220 -0.014225
v 0.033754 0.279220 -0.013638
v 0.032691 0.280280 -0.013208
v 0.033745 0.280280 -0.012578
v 0.034806 0.280189 -0.013547
v 0.032691 0.257223 -0.013208
v 0.033754 0.258283 -0.013638
v 0.034806 0.257314 -0.013547
v 0.033745 0.257223 -0.012578
v 0.033511 0.258283 0.014225
v 0.032455 0.257223 0.013776
v 0.033520 0.257223 0.013165
v 0.034563 0.257313 0.014134
v 0.032455 0.280280 0.013776
v 0.033511 0.279220 0.014225
v 0.034563 0.280190 0.014134
v 0.033520 0.280280 0.013165
v 0.038236 0.279934 -0.013482
v 0.038236 0.257569 -0.013482
v 0.037995 0.257569 0.014069
v 0.037995 0.279934 0.014069
v 0.038218 0.277843 -0.011392
v 0.038218 0.259660 -0.011392
v 0.038014 0.259660 0.011979
v 0.038014 0.277843 0.011979
vn -0.0000 0.9973 -0.0731
vn -0.1863 0.8734 -0.4499
vn -0.0280 0.9973 -0.0675
vn 0.0250 -0.9997 -0.0000
vn 0.0231 -0.9997 0.0095
vn -0.0000 -1.0000 -0.0000
vn -0.7697 0.5531 -0.3188
vn -0.9058 0.4237 -0.0000
vn -0.8331 0.5531 -0.0000
vn -0.0000 1.0000 -0.0000
vn 0.0176 -0.9997 0.0176
vn -0.5891 0.5531 -0.5891
vn -0.8368 0.4237 -0.3466
vn 0.0095 -0.9997 0.0231
vn -0.3466 0.4237 -0.8368
vn -0.6405 0.4237 -0.6405
vn -0.0000 -0.9997 0.0250
vn -0.3188 0.5531 -0.7697
vn -0.0000 0.4237 -0.9058
vn -0.0675 0.9973 -0.0280
vn -0.4869 0.8734 -0.0000
vn -0.0731 0.9973 -0.0000
vn -0.3443 0.8734 -0.3443
vn -0.4499 0.8734 -0.1863
vn -0.0517 0.9973 -0.0517
vn 0.9239 -0.0000 0.3827
vn 0.6977 -0.1622 0.6977
vn 0.9116 -0.1622 0.3776
vn -0.1097 0.9929 -0.0454
vn -0.1187 0.9929 -0.0000
vn -0.0839 -0.9929 -0.0839
vn -0.0256 -0.9978 -0.0617
vn -0.0473 -0.9978 -0.0473
vn 1.0000 -0.0000 -0.0000
vn 0.9868 -0.1622 -0.0000
vn -0.1096 -0.9929 -0.0454
vn -0.0617 -0.9978 -0.0256
vn -0.1187 -0.9929 -0.0000
vn -0.0668 -0.9978 -0.0000
vn 0.9452 -0.3264 -0.0000
vn 0.8733 -0.3264 0.3617
vn 0.6684 -0.3264 0.6684
vn 0.3776 -0.1622 0.9116
vn 0.3617 -0.3264 0.8733
vn -0.0000 -0.1622 0.9868
vn -0.0000 -0.3264 0.9452
vn -0.9137 0.1478 -0.3785
vn -0.9890 0.1478 -0.0000
vn -0.6993 0.1478 -0.6993
vn -0.3785 0.1478 -0.9137
vn -0.0000 0.1478 -0.9890
vn -0.0000 0.5531 -0.8331
vn -0.0000 0.8734 -0.4869
vn -0.0000 -0.9978 -0.0668
vn 0.7071 -0.0000 0.7071
vn -0.0000 -0.0000 1.0000
vn -0.0000 0.9929 -0.1187
vn -0.0454 0.9929 -0.1097
vn -0.9239 -0.0000 -0.3827
vn -1.0000 -0.0000 -0.0000
vn -0.0000 -0.0000 -1.0000
vn -0.3827 -0.0000 -0.9239
vn -0.7071 -0.0000 -0.7071
vn -0.0454 -0.9929 -0.1096
vn -0.0840 0.9929 -0.0840
vn 0.1863 0.8734 -0.4499
vn 0.0280 0.9973 -0.0675
vn -0.0250 -0.9997 -0.0000
vn -0.0231 -0.9997 0.0095
vn 0.8331 0.5531 -0.0000
vn 0.8368 0.4237 -0.3466
vn 0.7697 0.5531 -0.3188
vn -0.0176 -0.9997 0.0176
vn 0.5891 0.5531 -0.5891
vn -0.0095 -0.9997 0.0231
vn 0.3466 0.4237 -0.8368
vn 0.3188 0.5531 -0.7697
vn 0.4869 0.8734 -0.0000
vn 0.0675 0.9973 -0.0280
vn 0.0731 0.9973 -0.0000
vn 0.3443 0.8734 -0.3443
vn 0.0517 0.9973 -0.0517
vn -0.6977 -0.1622 0.6977
vn -0.9239 -0.0000 0.3827
vn -0.9116 -0.1622 0.3776
vn 0.1187 0.9929 -0.0000
vn 0.1097 0.9929 -0.0454
vn 0.0256 -0.9978 -0.0617
vn 0.0839 -0.9929 -0.0839
vn 0.0473 -0.9978 -0.0473
vn -0.9868 -0.1622 -0.0000
vn 0.1096 -0.9929 -0.0454
vn 0.0617 -0.9978 -0.0256
vn 0.1187 -0.9929 -0.0000
vn 0.0668 -0.9978 -0.0000
vn -0.9452 -0.3264 -0.0000
vn -0.8733 -0.3264 0.3617
vn -0.6684 -0.3264 0.6684
vn -0.3776 -0.1622 0.9116
vn -0.3617 -0.3264 0.8733
vn 0.9890 0.1478 -0.0000
vn 0.9137 0.1478 -0.3785
vn 0.6993 0.1478 -0.6993
vn 0.3785 0.1478 -0.9137
vn 0.4499 0.8734 -0.1863
vn -0.7071 -0.0000 0.7071
vn 0.0454 0.9929 -0.1097
vn 0.9239 -0.0000 -0.3827
vn 0.3827 -0.0000 -0.9239
vn 0.7071 -0.0000 -0.7071
vn -0.0000 -0.9929 -0.1187
vn 0.0454 -0.9929 -0.1096
vn 0.0840 0.9929 -0.0840
vn -0.1864 0.8734 0.4499
vn -0.0000 0.9973 0.0731
vn -0.0280 0.9973 0.0675
vn 0.0231 -0.9997 -0.0095
vn -0.8368 0.4237 0.3466
vn -0.7697 0.5531 0.3188
vn 0.0176 -0.9997 -0.0176
vn -0.5891 0.5531 0.5891
vn 0.0096 -0.9997 -0.0231
vn -0.6405 0.4237 0.6405
vn -0.3188 0.5531 0.7697
vn -0.0000 -0.9997 -0.0250
vn -0.0000 0.4237 0.9058
vn -0.3466 0.4237 0.8368
vn -0.0675 0.9973 0.0280
vn -0.4499 0.8734 0.1863
vn -0.0517 0.9973 0.0517
vn 0.6977 -0.1622 -0.6977
vn 0.9116 -0.1622 -0.3776
vn -0.1097 0.9929 0.0454
vn -0.0473 -0.9978 0.0473
vn -0.0454 -0.9929 0.1096
vn -0.0839 -0.9929 0.0839
vn -0.1096 -0.9929 0.0454
vn -0.0617 -0.9978 0.0256
vn 0.8733 -0.3264 -0.3617
vn 0.6684 -0.3264 -0.6684
vn 0.3776 -0.1622 -0.9116
vn 0.3617 -0.3264 -0.8733
vn -0.0000 -0.3264 -0.9452
vn -0.9137 0.1478 0.3785
vn -0.6993 0.1478 0.6993
vn -0.3785 0.1478 0.9137
vn -0.0000 0.1478 0.9890
vn -0.3443 0.8734 0.3443
vn -0.0000 0.5531 0.8331
vn -0.0256 -0.9978 0.0617
vn -0.0000 -0.1622 -0.9868
vn -0.0454 0.9929 0.1097
vn -0.0000 0.9929 0.1187
vn -0.3827 -0.0000 0.9239
vn -0.0000 -0.9929 0.1187
vn -0.0840 0.9929 0.0840
vn 0.1863 0.8734 0.4499
vn 0.0280 0.9973 0.0675
vn -0.0231 -0.9997 -0.0095
vn 0.7697 0.5531 0.3188
vn 0.9058 0.4237 -0.0000
vn -0.0176 -0.9997 -0.0176
vn 0.5891 0.5531 0.5891
vn 0.8368 0.4237 0.3466
vn -0.0096 -0.9997 -0.0231
vn 0.3188 0.5531 0.7697
vn 0.6405 0.4237 0.6405
vn 0.3466 0.4237 0.8368
vn 0.0675 0.9973 0.0280
vn 0.0517 0.9973 0.0517
vn 0.4499 0.8734 0.1863
vn 0.3443 0.8734 0.3443
vn -0.6977 -0.1622 -0.6977
vn -0.9116 -0.1622 -0.3776
vn 0.1097 0.9929 0.0454
vn 0.0839 -0.9929 0.0839
vn 0.0256 -0.9978 0.0617
vn 0.0473 -0.9978 0.0473
vn 0.1096 -0.9929 0.0454
vn 0.0617 -0.9978 0.0256
vn -0.8733 -0.3264 -0.3617
vn -0.6684 -0.3264 -0.6684
vn -0.3776 -0.1622 -0.9116
vn -0.3617 -0.3264 -0.8733
vn 0.9137 0.1478 0.3785
vn 0.6993 0.1478 0.6993
vn 0.3785 0.1478 0.9137
vn -0.0000 0.8734 0.4869
vn -0.0000 -0.9978 0.0668
vn 0.0454 0.9929 0.1097
vn 0.3827 -0.0000 0.9239
vn 0.0454 -0.9929 0.1096
vn 0.0840 0.9929 0.0840
vn -0.8539 0.5172 -0.0581
vn -0.8840 -0.4657 0.0403
vn -0.8717 -0.4897 0.0190
vn 0.8737 -0.4699 0.1262
vn 0.8547 0.5190 0.0078
vn 0.8695 -0.4868 0.0840
vn 0.8222 -0.5673 -0.0464
vn -0.1226 -0.9924 -0.0074
vn 0.8027 -0.5834 0.1239
vn 0.0665 0.7422 -0.6668
vn -0.8266 0.4533 -0.3334
vn 0.0451 0.9069 -0.4190
vn -0.9125 -0.3960 0.1029
vn -0.0200 -0.9671 0.2536
vn 0.8324 0.5494 -0.0732
vn -0.0076 0.9902 -0.1394
vn -0.8393 0.5161 -0.1710
vn 0.8642 0.4717 0.1750
vn 0.7177 -0.5993 0.3545
vn 0.7874 0.3680 0.4945
vn 0.8850 -0.3877 0.2577
vn 0.8593 0.4661 -0.2105
vn -0.0371 -0.8473 0.5298
vn -0.9054 -0.3586 0.2270
vn -0.8121 0.3857 -0.4379
vn 0.0041 0.9982 -0.0592
vn 0.8611 -0.3430 0.3754
vn 0.8755 0.3434 -0.3399
vn -0.0408 -0.6834 0.7289
vn -0.9087 -0.2160 0.3571
vn 0.0949 0.5365 -0.8385
vn -0.8029 0.3741 -0.4641
vn -0.7717 -0.4642 0.4347
vn -0.8023 0.5490 0.2343
vn -0.8749 -0.4419 0.1979
vn 0.8684 -0.3147 0.3832
vn 0.8874 0.1352 -0.4407
vn -0.0249 -0.4858 0.8737
vn 0.8629 -0.3354 0.3779
vn -0.8532 -0.0533 0.5189
vn 0.0154 -0.3164 0.9485
vn -0.7722 0.3522 -0.5288
vn 0.8466 -0.0050 -0.5322
vn -0.8491 0.1568 0.5044
vn 0.0847 -0.1477 0.9854
vn 0.0130 0.3455 -0.9383
vn -0.0520 0.1695 -0.9842
vn -0.8065 0.3472 -0.4785
vn -0.8076 0.2771 0.5205
vn 0.8556 -0.3399 0.3905
vn 0.8500 -0.3523 0.3916
vn 0.1507 -0.0051 0.9886
vn 0.8261 -0.4071 0.3895
vn -0.7852 0.4057 -0.4678
vn -0.6880 0.4870 0.5380
vn 0.6471 -0.5064 -0.5699
vn -0.0549 0.0070 -0.9985
vn 0.7616 -0.3239 -0.5613
vn -0.8937 -0.4013 -0.2005
vn -0.7700 0.5166 -0.3745
vn -0.7528 -0.4216 -0.5055
vn -0.1366 -0.1720 -0.9756
vn 0.2089 0.1261 0.9698
vn -0.5601 0.6678 0.4903
vn -0.7205 0.4453 -0.5317
vn 0.5123 -0.6869 -0.5154
vn -0.2262 -0.3179 -0.9208
vn 0.3056 0.2338 0.9230
vn 0.7621 -0.4910 0.4221
vn -0.3444 0.8494 0.3998
vn 0.3415 -0.8348 -0.4318
vn -0.3880 -0.4293 -0.8156
vn 0.4583 0.3282 0.8260
vn 0.6421 -0.6265 0.4418
vn -0.1262 0.9703 0.2063
vn -0.6509 0.5088 -0.5634
vn -0.0627 0.9963 0.0580
vn 0.5949 0.4067 0.6933
vn -0.0300 0.9995 -0.0087
vn -0.9221 -0.1489 0.3570
vn -0.6892 -0.5239 0.5005
vn -0.7903 -0.2707 0.5497
vn -0.0919 -0.9922 -0.0845
vn -0.8244 0.5566 -0.1024
vn 0.1295 -0.5799 -0.8043
vn -0.0472 -0.9929 0.1096
vn 0.5458 -0.5768 -0.6077
vn -0.0050 -0.9955 0.0948
vn -0.1451 -0.9890 0.0297
vn -0.7145 0.5382 0.4470
vn -0.0282 0.9989 0.0375
vn -0.6140 0.5064 0.6055
vn -0.0615 0.9976 0.0323
vn 0.7091 -0.5526 -0.4381
vn -0.1983 0.4741 0.8579
vn -0.0369 0.9926 0.1156
vn 0.0487 -0.9913 0.1220
vn -0.3661 -0.4523 0.8132
vn 0.1191 -0.4020 0.9079
vn 0.2259 0.4900 0.8419
vn 0.3236 -0.4341 0.8407
vn -0.9030 -0.4257 0.0583
vn -0.8354 0.5476 0.0469
vn 0.8900 0.4196 0.1785
vn 0.9663 -0.2412 -0.0904
vn 0.9497 0.2925 -0.1115
vn -0.4655 0.2709 0.8426
vn -0.2700 0.9544 0.1270
vn -0.7231 0.5165 0.4586
vn 0.2493 -0.4590 0.8528
vn 0.2297 0.5051 0.8319
vn -0.9502 -0.2851 0.1260
vn -0.2115 -0.9561 0.2028
vn -0.6810 0.1340 0.7199
vn -0.4482 -0.2574 0.8561
vn -0.9664 0.2340 0.1065
vn -0.7039 -0.5200 -0.4838
vn 0.1260 0.3801 -0.9163
vn 0.6825 0.5361 -0.4967
vn 0.4365 0.2629 -0.8605
vn 0.8105 -0.1497 -0.5663
vn -0.9303 0.1177 0.3474
vn 0.8018 0.4737 0.3643
vn 0.1099 -0.9695 -0.2191
vn -0.6473 0.5380 -0.5399
vn -0.6063 -0.4228 -0.6735
vn 0.6199 -0.5934 0.5134
vn 0.0090 -0.9854 -0.1699
vn 0.0442 0.9990 0.0094
vn 0.8915 0.4514 -0.0390
vn 0.4985 0.7814 -0.3755
vn -0.8082 0.2621 0.5274
vn -0.6695 -0.1359 0.7302
vn -0.7329 0.4369 -0.5215
vn -0.0970 -0.9952 -0.0126
vn 0.8764 0.4318 -0.2131
vn 0.7936 -0.5640 -0.2282
vn 0.7658 0.4283 -0.4797
vn 0.5466 -0.7765 -0.3135
vn 0.4476 -0.2810 -0.8489
vn 0.7171 -0.5288 -0.4539
vn -0.6241 -0.4516 0.6376
vn 0.5513 0.4976 -0.6697
vn 0.0581 0.5456 -0.8360
vn -0.0219 0.9979 0.0611
vn -0.2720 0.4953 -0.8250
vn 0.0828 -0.9919 0.0964
vn -0.2248 -0.5671 -0.7924
vn 0.3198 0.9054 -0.2792
vn -0.1332 0.4213 -0.8971
vn 0.8157 -0.4276 0.3897
vn 0.9143 -0.3477 0.2078
vn -0.1065 -0.4982 -0.8605
vn 0.3739 -0.9041 -0.2068
vn 0.9398 0.2045 -0.2738
vn 0.9457 -0.1756 -0.2734
vn 0.6184 -0.1808 -0.7648
vn 0.9508 -0.1585 -0.2661
vn 0.7470 0.3766 -0.5478
vn 0.7875 -0.3510 -0.5066
vn 0.7698 -0.3731 -0.5179
vn 0.9399 0.1970 -0.2791
vn 0.7641 0.3591 -0.5360
vn 0.6030 0.1790 -0.7774
vn 0.5590 0.1797 -0.8094
vn 0.5716 -0.2072 -0.7940
vn 0.1560 -0.4081 -0.8995
vn 0.5000 -0.0000 -0.8660
vn 0.8660 -0.0000 -0.5000
vn 0.8660 -0.0000 0.5000
vn 0.5000 -0.0000 0.8660
vn -0.5000 -0.0000 0.8660
vn -0.8660 -0.0000 0.5000
vn -0.8660 -0.0000 -0.5000
vn -0.5000 -0.0000 -0.8660
vn -0.0087 -0.0000 1.0000
vn 0.7009 -0.0000 0.7133
vn -0.7133 -0.0000 0.7009
vn 0.1628 -0.9856 -0.0445
vn 0.0836 -0.9960 -0.0302
vn 0.1224 -0.9925 0.0015
vn 0.1630 0.9855 0.0476
vn 0.0834 0.9960 0.0310
vn 0.1211 0.9926 0.0006
vn -1.0000 -0.0000 -0.0087
vn -0.7009 -0.0000 -0.7133
vn 0.0087 -0.0000 -1.0000
vn 0.7133 -0.0000 -0.7009
vn 1.0000 -0.0000 0.0087
vn -0.9947 -0.0683 -0.0771
vn -0.9523 -0.3051 -0.0083
vn -0.9523 0.3051 -0.0083
vn -0.9969 0.0782 -0.0087
vn -0.9947 0.0683 -0.0771
vn -0.9586 0.1977 -0.2049
vn -0.9969 -0.0782 -0.0087
vn -0.9586 -0.1977 -0.2049
vn 0.3235 -0.0000 -0.9462
vn 0.2293 0.9734 0.0020
vn 0.0031 1.0000 -0.0000
vn 0.0012 1.0000 -0.0000
vn 0.2293 -0.9734 0.0020
vn 0.0032 -1.0000 -0.0000
vn 0.2293 -0.9733 0.0020
vn 0.3218 -0.0000 0.9468
vn 0.2116 0.0524 -0.9759
vn 0.2045 0.0702 -0.9763
vn 0.1617 -0.0009 -0.9868
vn 0.2109 -0.0521 0.9761
vn 0.2038 -0.0702 0.9765
vn 0.1608 0.0009 0.9870
vn -0.2740 -0.0000 -0.9617
vn -0.2312 0.9729 -0.0020
vn -0.2312 -0.9729 -0.0020
vn 0.0012 -1.0000 -0.0000
vn -0.2753 -0.0000 0.9614
vn 0.1206 0.7014 0.7025
vn 0.0242 0.7068 0.7070
vn 0.5070 0.6073 0.6117
vn 0.1206 -0.7014 0.7025
vn 0.0242 -0.7068 0.7070
vn -0.3884 -0.6533 0.6499
vn 0.1256 -0.7020 -0.7010
vn 0.0340 -0.7068 -0.7066
vn 0.5105 -0.6103 -0.6058
vn 0.1256 0.7020 -0.7010
vn 0.0340 0.7068 -0.7066
vn -0.3770 0.6533 -0.6566
vn -0.0062 -0.7071 0.7071
vn -0.0062 0.7071 0.7071
vn -0.5044 -0.7071 0.4956
vn -0.5043 -0.7071 0.4956
vn -0.5043 0.7071 0.4956
vn -0.4956 -0.7071 -0.5043
vn -0.4956 0.7071 -0.5043
vn 0.0062 -0.7071 -0.7071
vn 0.0062 0.7071 -0.7071
vn 0.5043 -0.7071 -0.4956
vn 0.5043 0.7071 -0.4956
vn 0.7070 -0.7072 0.0062
vn 0.7071 -0.7071 0.0062
vn 0.7071 0.7071 0.0062
vn 0.4956 -0.7071 0.5043
vn 0.4956 0.7071 0.5043
vn -0.8703 -0.0000 0.4925
vn -0.8670 -0.4982 -0.0076
vn -0.8670 0.4982 -0.0076
vn -0.8638 -0.0000 -0.5039
vn 0.6701 0.6437 0.3696
vn 0.8759 0.3166 -0.3641
vn 0.6701 0.6437 -0.3696
vn 0.4287 0.0870 0.8993
vn -0.6701 0.6437 0.3696
vn -0.3653 0.8490 -0.3817
vn -0.6701 0.6437 -0.3696
vn -0.1591 0.3652 -0.9172
vn 0.8759 0.3166 0.3641
vn 0.9168 0.1862 -0.3533
vn 0.9789 -0.2045 -0.0000
vn 0.9387 -0.3448 -0.0000
vn 0.1591 0.3652 -0.9172
vn -0.0000 0.4171 -0.9089
vn 0.3958 0.1388 -0.9078
vn 0.3147 0.2887 -0.9042
vn -0.3147 0.2887 -0.9042
vn 0.7351 -0.6779 -0.0000
vn 0.4022 -0.9156 -0.0000
vn -0.3958 0.1388 -0.9078
vn 0.3147 0.2887 0.9042
vn -0.3958 0.1388 0.9078
vn -0.3147 0.2887 0.9042
vn -0.1591 0.3652 0.9172
vn -0.0000 0.4171 0.9089
vn -0.7351 -0.6779 -0.0000
vn -0.9387 -0.3448 -0.0000
vn -0.9387 -0.3449 -0.0000
vn -0.4022 -0.9156 -0.0000
vn 0.4287 0.0870 -0.8993
vn 0.1591 0.3652 0.9172
vn -0.3653 0.8490 0.3817
vn -0.0000 0.9260 -0.3775
vn -0.8759 0.3166 0.3641
vn -0.8759 0.3166 -0.3641
vn -0.9168 0.1862 0.3533
vn -0.9168 0.1862 -0.3533
vn 0.3653 0.8490 0.3817
vn 0.3653 0.8490 -0.3817
vn 0.3958 0.1388 0.9078
vn -0.4287 0.0870 0.8993
vn -0.4287 0.0870 -0.8993
vn -0.0000 0.9260 0.3775
vn 0.9168 0.1862 0.3533
vn 0.0518 0.9984 0.0214
vn -0.0692 0.9976 -0.0000
vn 0.0560 0.9984 -0.0000
vn 0.9266 0.3761 -0.0000
vn 0.8560 0.3761 0.3546
vn -0.0639 0.9976 -0.0265
vn 0.0287 0.9996 -0.0000
vn 0.0116 0.9999 0.0048
vn 0.0126 0.9999 -0.0000
vn -0.6961 0.6575 -0.2883
vn -0.9816 0.1910 -0.0000
vn -0.7535 0.6575 -0.0000
vn -0.0634 0.9976 -0.0263
vn 0.5119 0.8325 0.2120
vn 0.4475 0.8943 -0.0000
vn -0.9718 -0.2358 -0.0000
vn -0.8086 -0.4838 -0.3349
vn -0.8752 -0.4838 -0.0000
vn -0.0489 0.9976 -0.0489
vn -0.6454 -0.7639 -0.0000
vn -0.5962 -0.7639 -0.2470
vn -0.4417 -0.8971 -0.0000
vn 0.6552 0.3761 0.6552
vn -0.8978 -0.2358 -0.3719
vn -0.5328 0.6575 -0.5328
vn -0.9069 0.1910 -0.3756
vn 0.3918 0.8325 0.3918
vn 0.0266 0.9996 0.0110
vn 0.0089 0.9999 0.0089
vn 0.0214 0.9984 0.0518
vn 0.0396 0.9984 0.0396
vn -0.6189 -0.4838 -0.6189
vn -0.3124 -0.8971 -0.3124
vn -0.4081 -0.8971 -0.1690
vn 0.3546 0.3761 0.8560
vn -0.6872 -0.2358 -0.6872
vn -0.0265 0.9976 -0.0639
vn -0.2884 0.6575 -0.6961
vn -0.6941 0.1910 -0.6941
vn 0.2120 0.8325 0.5119
vn 0.0203 0.9996 0.0203
vn 0.0048 0.9999 0.0116
vn -0.3349 -0.4838 -0.8086
vn -0.4563 -0.7639 -0.4563
vn -0.1690 -0.8971 -0.4081
vn -0.0000 0.3761 0.9266
vn -0.3719 -0.2358 -0.8978
vn -0.0000 0.9976 -0.0692
vn -0.0000 0.8325 0.5541
vn -0.0000 0.9996 0.0287
vn 0.0110 0.9996 0.0266
vn -0.2470 -0.7639 -0.5962
vn -0.0000 -0.8971 -0.4417
vn -0.3756 0.1910 -0.9069
vn -0.0000 -0.2358 -0.9718
vn -0.0000 -0.4838 -0.8752
vn -0.0000 -0.7639 -0.6454
vn 0.8083 0.4843 0.3348
vn 0.8749 0.4843 -0.0000
vn 0.6644 -0.7473 -0.0000
vn 0.6139 -0.7473 0.2543
vn 0.6187 0.4843 0.6187
vn 0.4698 -0.7473 0.4698
vn 0.3348 0.4843 0.8083
vn 0.2543 -0.7473 0.6139
vn -0.0000 0.4843 0.8749
vn -0.0000 -0.7473 0.6644
vn -0.5386 0.8125 -0.2231
vn -0.4123 0.8125 -0.4123
vn -0.2231 0.8125 -0.5386
vn -0.0000 0.8125 -0.5830
vn -0.0000 0.6575 -0.7535
vn -0.0000 0.9984 0.0560
vn 0.0692 0.9976 -0.0000
vn -0.0518 0.9984 0.0214
vn -0.0560 0.9984 -0.0000
vn -0.9266 0.3761 -0.0000
vn -0.8560 0.3761 0.3546
vn 0.0639 0.9976 -0.0265
vn -0.0126 0.9999 -0.0000
vn -0.0266 0.9996 0.0110
vn -0.0287 0.9996 -0.0000
vn 0.9816 0.1910 -0.0000
vn 0.6961 0.6575 -0.2883
vn 0.7535 0.6575 -0.0000
vn -0.5332 0.8373 0.1213
vn -0.5119 0.8325 0.2120
vn 0.9718 -0.2358 -0.0000
vn 0.8086 -0.4838 -0.3349
vn 0.8978 -0.2358 -0.3719
vn 0.0489 0.9976 -0.0489
vn -0.0396 0.9984 0.0396
vn 0.6454 -0.7639 -0.0000
vn 0.8752 -0.4838 -0.0000
vn -0.0116 0.9999 0.0048
vn 0.4417 -0.8971 -0.0000
vn 0.5962 -0.7639 -0.2470
vn -0.6552 0.3761 0.6552
vn 0.9069 0.1910 -0.3756
vn 0.5328 0.6575 -0.5328
vn -0.3918 0.8325 0.3918
vn -0.0089 0.9999 0.0089
vn -0.0203 0.9996 0.0203
vn -0.0214 0.9984 0.0518
vn 0.6189 -0.4838 -0.6189
vn 0.3124 -0.8971 -0.3124
vn 0.4563 -0.7639 -0.4563
vn -0.3546 0.3761 0.8560
vn 0.6872 -0.2358 -0.6872
vn 0.6941 0.1910 -0.6941
vn 0.0265 0.9976 -0.0639
vn 0.2884 0.6575 -0.6961
vn -0.2120 0.8325 0.5119
vn -0.0110 0.9996 0.0266
vn 0.3349 -0.4838 -0.8086
vn -0.0048 0.9999 0.0116
vn 0.1690 -0.8971 -0.4081
vn 0.2470 -0.7639 -0.5962
vn 0.3719 -0.2358 -0.8978
vn 0.3756 0.1910 -0.9069
vn -0.0000 0.9999 0.0126
vn -0.0000 0.1910 -0.9816
vn -0.8083 0.4843 0.3348
vn -0.8749 0.4843 -0.0000
vn -0.6139 -0.7473 0.2543
vn -0.6644 -0.7473 -0.0000
vn -0.6187 0.4843 0.6187
vn -0.4698 -0.7473 0.4698
vn -0.3348 0.4843 0.8083
vn -0.2543 -0.7473 0.6139
vn 0.5386 0.8125 -0.2231
vn 0.4123 0.8125 -0.4123
vn 0.2231 0.8125 -0.5386
vn 0.0518 0.9984 -0.0214
vn 0.8560 0.3761 -0.3546
vn -0.0639 0.9976 0.0265
vn 0.0116 0.9999 -0.0048
vn 0.0266 0.9996 -0.0110
vn -0.6961 0.6575 0.2883
vn 0.5119 0.8325 -0.2120
vn -0.8086 -0.4838 0.3349
vn -0.8978 -0.2358 0.3719
vn 0.0396 0.9984 -0.0396
vn -0.4081 -0.8971 0.1690
vn -0.5962 -0.7639 0.2470
vn 0.6552 0.3761 -0.6552
vn -0.9069 0.1910 0.3756
vn -0.0489 0.9976 0.0489
vn -0.5328 0.6575 0.5328
vn 0.3918 0.8325 -0.3918
vn 0.0089 0.9999 -0.0089
vn 0.0203 0.9996 -0.0203
vn 0.0214 0.9984 -0.0518
vn -0.6189 -0.4838 0.6189
vn -0.3124 -0.8971 0.3124
vn -0.4563 -0.7639 0.4563
vn 0.3546 0.3761 -0.8560
vn -0.6872 -0.2358 0.6872
vn -0.6941 0.1910 0.6941
vn -0.0265 0.9976 0.0639
vn -0.2884 0.6575 0.6961
vn 0.2120 0.8325 -0.5119
vn 0.0048 0.9999 -0.0116
vn 0.0110 0.9996 -0.0266
vn -0.3349 -0.4838 0.8086
vn -0.1690 -0.8971 0.4081
vn -0.2470 -0.7639 0.5962
vn -0.0000 0.3761 -0.9266
vn -0.3719 -0.2358 0.8978
vn -0.3756 0.1910 0.9069
vn -0.0000 0.9976 0.0692
vn -0.0000 0.9984 -0.0560
vn -0.0000 0.8325 -0.5541
vn -0.0000 0.9996 -0.0287
vn -0.0000 0.9999 -0.0126
vn -0.0000 -0.8971 0.4417
vn -0.0000 -0.7639 0.6454
vn -0.0000 -0.2358 0.9718
vn -0.0000 0.1910 0.9816
vn -0.0000 -0.4838 0.8752
vn 0.8083 0.4843 -0.3348
vn 0.6139 -0.7473 -0.2543
vn 0.6187 0.4843 -0.6187
vn 0.4698 -0.7473 -0.4698
vn 0.3348 0.4843 -0.8083
vn 0.2543 -0.7473 -0.6139
vn -0.0000 0.4843 -0.8749
vn -0.0000 -0.7473 -0.6644
vn -0.5386 0.8125 0.2231
vn -0.4122 0.8125 0.4123
vn -0.2231 0.8125 0.5386
vn -0.0000 0.8125 0.5830
vn -0.0000 0.6575 0.7535
vn -0.0518 0.9984 -0.0214
vn -0.8560 0.3761 -0.3546
vn 0.0639 0.9976 0.0265
vn -0.0116 0.9999 -0.0048
vn 0.6961 0.6575 0.2883
vn -0.5119 0.8325 -0.2120
vn 0.8086 -0.4838 0.3349
vn -0.0396 0.9984 -0.0396
vn 0.4081 -0.8971 0.1690
vn -0.6552 0.3761 -0.6552
vn 0.8978 -0.2358 0.3719
vn 0.0489 0.9976 0.0489
vn 0.5328 0.6575 0.5328
vn 0.9069 0.1910 0.3756
vn -0.3918 0.8325 -0.3918
vn -0.0266 0.9996 -0.0110
vn -0.0089 0.9999 -0.0089
vn -0.0214 0.9984 -0.0518
vn 0.6189 -0.4838 0.6189
vn 0.5962 -0.7639 0.2470
vn 0.3124 -0.8971 0.3124
vn -0.3546 0.3761 -0.8560
vn 0.6872 -0.2358 0.6872
vn 0.0265 0.9976 0.0639
vn 0.2884 0.6575 0.6961
vn 0.6941 0.1910 0.6941
vn -0.2120 0.8325 -0.5119
vn -0.0203 0.9996 -0.0203
vn -0.0048 0.9999 -0.0116
vn 0.3349 -0.4838 0.8086
vn 0.4563 -0.7639 0.4563
vn 0.1690 -0.8971 0.4081
vn 0.3719 -0.2358 0.8978
vn -0.0110 0.9996 -0.0266
vn 0.2470 -0.7639 0.5962
vn 0.3756 0.1910 0.9069
vn -0.8083 0.4843 -0.3348
vn -0.6139 -0.7473 -0.2543
vn -0.6187 0.4843 -0.6187
vn -0.4698 -0.7473 -0.4698
vn -0.3348 0.4843 -0.8083
vn -0.2543 -0.7473 -0.6139
vn 0.5386 0.8125 0.2231
vn 0.4122 0.8125 0.4123
vn 0.2231 0.8125 0.5386
vn -0.7009 -0.0000 -0.7132
vn 0.0445 -0.9857 0.1628
vn 0.0302 -0.9960 0.0835
vn -0.0015 -0.9925 0.1224
vn -0.0476 0.9855 0.1629
vn -0.0310 0.9960 0.0834
vn -0.0006 0.9926 0.1211
vn 0.0771 -0.0683 -0.9947
vn 0.0083 -0.3051 -0.9523
vn 0.0083 0.3051 -0.9523
vn 0.0087 0.0782 -0.9969
vn 0.0771 0.0683 -0.9947
vn 0.2049 0.1977 -0.9586
vn 0.0087 -0.0782 -0.9969
vn 0.2049 -0.1977 -0.9586
vn 0.9462 -0.0000 0.3235
vn -0.0020 0.9734 0.2293
vn -0.0000 1.0000 0.0031
vn -0.0000 1.0000 0.0012
vn -0.0020 -0.9734 0.2293
vn -0.0000 -1.0000 0.0031
vn -0.9468 -0.0000 0.3218
vn 0.9759 0.0524 0.2116
vn 0.9763 0.0702 0.2045
vn 0.9868 -0.0009 0.1617
vn -0.9761 -0.0521 0.2109
vn -0.9765 -0.0702 0.2038
vn -0.9870 0.0009 0.1608
vn 0.9617 -0.0000 -0.2740
vn 0.0020 0.9729 -0.2312
vn 0.0020 -0.9729 -0.2312
vn -0.0000 -1.0000 0.0012
vn -0.9614 -0.0000 -0.2753
vn -0.7025 0.7014 0.1206
vn -0.7070 0.7068 0.0242
vn -0.6117 0.6073 0.5070
vn -0.7025 -0.7014 0.1206
vn -0.7070 -0.7068 0.0242
vn -0.6499 -0.6533 -0.3884
vn 0.7010 -0.7020 0.1256
vn 0.7066 -0.7068 0.0340
vn 0.6058 -0.6103 0.5104
vn 0.7010 0.7020 0.1256
vn 0.7066 0.7068 0.0340
vn 0.6566 0.6533 -0.3770
vn -0.7070 -0.7071 -0.0062
vn -0.7071 -0.7071 -0.0062
vn -0.7071 0.7071 -0.0062
vn 0.5044 -0.7071 -0.4956
vn 0.5044 0.7071 -0.4956
vn 0.7070 -0.7071 0.0062
vn -0.5044 0.7071 0.4956
vn -0.4925 -0.0000 -0.8703
vn 0.0076 -0.4982 -0.8670
vn 0.0076 0.4982 -0.8670
vn 0.5039 -0.0000 -0.8638
vn -0.6426 -0.7562 -0.1233
vn -0.6465 -0.7523 -0.1270
vn -0.6400 -0.7588 -0.1208
vn -0.0000 -0.6662 -0.7458
vn -0.0306 -0.6671 -0.7443
vn -0.0000 -0.6780 -0.7351
vn 0.6465 -0.7523 -0.1270
vn 0.6426 -0.7562 -0.1233
vn 0.6400 -0.7588 -0.1208
vn -0.0000 0.1053 0.9944
vn -0.1456 0.0797 0.9861
vn -0.0000 0.1628 0.9867
vn -0.0000 -0.9983 -0.0588
vn -0.0187 -0.9978 -0.0643
vn -0.0000 -0.9978 -0.0658
vn 0.0187 -0.9978 -0.0643
vn 0.0376 -0.9977 -0.0565
vn 0.1456 0.0797 0.9861
vn 0.0306 -0.6671 -0.7443
vn -0.5416 -0.7562 0.3672
vn -0.5470 -0.7523 0.3673
vn -0.5380 -0.7588 0.3671
vn -0.5274 -0.6662 -0.5274
vn -0.5480 -0.6671 -0.5046
vn -0.5198 -0.6780 -0.5198
vn 0.3673 -0.7523 -0.5470
vn 0.3672 -0.7562 -0.5416
vn 0.3671 -0.7588 -0.5380
vn 0.7032 0.1053 0.7032
vn 0.5944 0.0797 0.8002
vn 0.6977 0.1628 0.6977
vn -0.0416 -0.9983 -0.0416
vn -0.0587 -0.9978 -0.0322
vn -0.0466 -0.9978 -0.0466
vn -0.0322 -0.9978 -0.0587
vn -0.0134 -0.9977 -0.0665
vn 0.8002 0.0797 0.5944
vn -0.5046 -0.6671 -0.5480
vn -0.1233 -0.7562 0.6426
vn -0.1270 -0.7523 0.6465
vn -0.1208 -0.7588 0.6400
vn -0.7458 -0.6662 -0.0000
vn -0.7443 -0.6671 0.0306
vn -0.7351 -0.6780 -0.0000
vn -0.1270 -0.7523 -0.6465
vn -0.1233 -0.7562 -0.6426
vn -0.1208 -0.7588 -0.6400
vn 0.9944 0.1053 -0.0000
vn 0.9861 0.0797 0.1456
vn 0.9867 0.1628 -0.0000
vn -0.0588 -0.9983 -0.0000
vn -0.0643 -0.9978 0.0187
vn -0.0658 -0.9978 -0.0000
vn -0.0643 -0.9978 -0.0187
vn -0.0565 -0.9977 -0.0376
vn 0.9861 0.0797 -0.1456
vn -0.7443 -0.6671 -0.0306
vn 0.3672 -0.7562 0.5416
vn 0.3673 -0.7523 0.5470
vn 0.3671 -0.7588 0.5380
vn -0.5274 -0.6662 0.5274
vn -0.5046 -0.6671 0.5480
vn -0.5198 -0.6780 0.5198
vn -0.5470 -0.7523 -0.3673
vn -0.5416 -0.7562 -0.3672
vn -0.5380 -0.7588 -0.3671
vn 0.7032 0.1053 -0.7032
vn 0.8002 0.0797 -0.5944
vn 0.6977 0.1628 -0.6977
vn -0.0416 -0.9983 0.0416
vn -0.0322 -0.9978 0.0587
vn -0.0466 -0.9978 0.0466
vn -0.0587 -0.9978 0.0322
vn -0.0665 -0.9977 0.0134
vn 0.5944 0.0797 -0.8002
vn -0.5480 -0.6671 0.5046
vn 0.6426 -0.7562 0.1233
vn 0.6465 -0.7523 0.1270
vn 0.6400 -0.7588 0.1209
vn -0.0000 -0.6662 0.7458
vn 0.0306 -0.6671 0.7443
vn -0.0000 -0.6780 0.7351
vn -0.6465 -0.7523 0.1270
vn -0.6426 -0.7562 0.1233
vn -0.6400 -0.7588 0.1208
vn -0.0000 0.1053 -0.9944
vn 0.1456 0.0797 -0.9861
vn -0.0000 0.1628 -0.9867
vn -0.0000 -0.9983 0.0588
vn 0.0187 -0.9978 0.0643
vn -0.0000 -0.9978 0.0658
vn -0.0187 -0.9978 0.0643
vn -0.0376 -0.9977 0.0565
vn -0.1456 0.0797 -0.9861
vn -0.0306 -0.6671 0.7443
vn 0.5416 -0.7562 -0.3672
vn 0.5470 -0.7523 -0.3673
vn 0.5380 -0.7588 -0.3671
vn 0.5274 -0.6662 0.5274
vn 0.5480 -0.6671 0.5046
vn 0.5198 -0.6780 0.5198
vn -0.3673 -0.7523 0.5470
vn -0.3672 -0.7562 0.5416
vn -0.3671 -0.7588 0.5380
vn -0.7032 0.1053 -0.7032
vn -0.5944 0.0797 -0.8002
vn -0.6977 0.1628 -0.6977
vn 0.0416 -0.9983 0.0416
vn 0.0587 -0.9978 0.0322
vn 0.0466 -0.9978 0.0466
vn 0.0322 -0.9978 0.0587
vn 0.0134 -0.9977 0.0665
vn -0.8002 0.0797 -0.5944
vn 0.5046 -0.6671 0.5480
vn 0.1233 -0.7562 -0.6426
vn 0.1270 -0.7523 -0.6465
vn 0.1208 -0.7588 -0.6400
vn 0.7458 -0.6662 -0.0000
vn 0.7443 -0.6671 -0.0306
vn 0.7351 -0.6780 -0.0000
vn 0.1270 -0.7523 0.6465
vn 0.1233 -0.7562 0.6426
vn 0.1208 -0.7588 0.6400
vn -0.9944 0.1053 -0.0000
vn -0.9861 0.0797 -0.1456
vn -0.9867 0.1628 -0.0000
vn 0.0588 -0.9983 -0.0000
vn 0.0643 -0.9978 -0.0187
vn 0.0658 -0.9978 -0.0000
vn 0.0643 -0.9978 0.0187
vn 0.0565 -0.9977 0.0376
vn -0.9861 0.0797 0.1456
vn 0.7443 -0.6671 0.0306
vn -0.3672 -0.7562 -0.5416
vn -0.3673 -0.7523 -0.5470
vn -0.3671 -0.7588 -0.5380
vn 0.5274 -0.6662 -0.5274
vn 0.5046 -0.6671 -0.5480
vn 0.5198 -0.6780 -0.5198
vn 0.5470 -0.7523 0.3673
vn 0.5416 -0.7562 0.3672
vn 0.5380 -0.7588 0.3671
vn -0.7032 0.1053 0.7032
vn -0.8002 0.0797 0.5944
vn -0.6977 0.1628 0.6977
vn 0.0416 -0.9983 -0.0416
vn 0.0322 -0.9978 -0.0587
vn 0.0466 -0.9978 -0.0466
vn 0.0587 -0.9978 -0.0322
vn 0.0665 -0.9977 -0.0134
vn -0.5944 0.0797 0.8002
vn 0.5480 -0.6671 -0.5046
vn -0.3549 -0.3744 0.8567
vn -0.0000 -0.3744 0.9273
vn -0.0000 0.5556 0.8315
vn -0.3549 0.3744 0.8567
vn -0.0000 0.3744 0.9273
vn -0.3182 -0.5556 0.7682
vn -0.0000 -0.5556 0.8315
vn -0.3182 0.5556 0.7682
vn -0.6557 0.3744 0.6557
vn -0.5879 -0.5556 0.5879
vn -0.6557 -0.3744 0.6557
vn -0.8567 -0.3744 0.3549
vn -0.7682 -0.5556 0.3182
vn -0.8567 0.3744 0.3549
vn -0.5879 0.5556 0.5879
vn -0.9273 -0.3744 -0.0000
vn -0.7682 0.5556 0.3182
vn -0.9273 0.3744 -0.0000
vn -0.8315 -0.5556 -0.0000
vn -0.2697 0.7094 0.6511
vn -0.0000 0.7094 0.7048
vn -0.4984 0.7094 0.4984
vn -0.6511 0.7094 0.2697
vn -0.7048 0.7094 -0.0000
vn -0.2697 -0.7094 0.6511
vn -0.0000 -0.7094 0.7048
vn -0.4984 -0.7094 0.4984
vn -0.6511 -0.7094 0.2697
vn -0.7048 -0.7094 -0.0000
vn -0.2699 0.7088 0.6517
vn -0.0000 0.7088 0.7054
vn -0.4988 0.7088 0.4988
vn -0.6517 0.7088 0.2699
vn -0.7054 0.7088 -0.0000
vn -0.2699 -0.7088 0.6517
vn -0.0000 -0.7088 0.7054
vn -0.4988 -0.7088 0.4988
vn -0.6517 -0.7088 0.2699
vn -0.7054 -0.7088 -0.0000
vn 0.1664 0.9861 -0.0000
vn 0.1537 0.9861 -0.0637
vn 0.1176 0.9861 -0.1176
vn 0.0637 0.9861 -0.1537
vn -0.0000 0.9861 -0.1664
vn -0.0000 0.9874 -0.1582
vn -0.3569 0.9224 -0.1478
vn 0.3569 0.9224 0.1478
vn -0.1478 0.9224 -0.3569
vn 0.1582 0.9874 -0.0000
vn 0.1478 0.9224 0.3569
vn 0.3549 -0.3744 0.8567
vn 0.3182 0.5556 0.7682
vn 0.3182 -0.5556 0.7682
vn 0.6557 0.3744 0.6557
vn 0.3549 0.3744 0.8567
vn 0.6557 -0.3744 0.6557
vn 0.5879 -0.5556 0.5879
vn 0.8567 -0.3744 0.3549
vn 0.8567 0.3744 0.3549
vn 0.5879 0.5556 0.5879
vn 0.9273 -0.3744 -0.0000
vn 0.9273 0.3744 -0.0000
vn 0.7682 0.5556 0.3182
vn 0.8315 -0.5556 -0.0000
vn 0.7682 -0.5556 0.3182
vn 0.2697 0.7094 0.6511
vn 0.4984 0.7094 0.4984
vn 0.6511 0.7094 0.2697
vn 0.7048 0.7094 -0.0000
vn 0.2697 -0.7094 0.6511
vn 0.4984 -0.7094 0.4984
vn 0.6511 -0.7094 0.2697
vn 0.7048 -0.7094 -0.0000
vn 0.2699 0.7088 0.6517
vn 0.4988 0.7088 0.4988
vn 0.6517 0.7088 0.2699
vn 0.7054 0.7088 -0.0000
vn 0.2699 -0.7088 0.6517
vn 0.4988 -0.7088 0.4988
vn 0.6517 -0.7088 0.2699
vn 0.7054 -0.7088 -0.0000
vn -0.1664 0.9861 -0.0000
vn -0.1537 0.9861 -0.0637
vn -0.1176 0.9861 -0.1176
vn -0.0637 0.9861 -0.1537
vn 0.3569 0.9224 -0.1478
vn -0.3569 0.9224 0.1478
vn 0.1478 0.9224 -0.3569
vn -0.1582 0.9874 -0.0000
vn -0.1478 0.9224 0.3569
vn -0.3549 -0.3744 -0.8567
vn -0.0000 -0.3744 -0.9273
vn -0.3549 0.3744 -0.8567
vn -0.0000 0.5556 -0.8315
vn -0.0000 0.3744 -0.9273
vn -0.3182 -0.5556 -0.7682
vn -0.0000 -0.5556 -0.8315
vn -0.6557 0.3744 -0.6557
vn -0.3182 0.5556 -0.7682
vn -0.5879 -0.5556 -0.5879
vn -0.6557 -0.3744 -0.6557
vn -0.7682 -0.5556 -0.3182
vn -0.8567 0.3744 -0.3549
vn -0.8567 -0.3744 -0.3549
vn -0.5879 0.5556 -0.5879
vn -0.7682 0.5556 -0.3182
vn -0.2697 0.7094 -0.6511
vn -0.0000 0.7094 -0.7048
vn -0.4984 0.7094 -0.4984
vn -0.6511 0.7094 -0.2697
vn -0.0000 -0.7094 -0.7048
vn -0.2697 -0.7094 -0.6511
vn -0.4984 -0.7094 -0.4984
vn -0.6511 -0.7094 -0.2697
vn -0.2699 0.7088 -0.6517
vn -0.0000 0.7088 -0.7054
vn -0.4988 0.7088 -0.4988
vn -0.6517 0.7088 -0.2699
vn -0.0000 -0.7088 -0.7054
vn -0.2699 -0.7088 -0.6517
vn -0.4988 -0.7088 -0.4988
vn -0.6517 -0.7088 -0.2699
vn 0.1537 0.9861 0.0637
vn 0.1176 0.9861 0.1176
vn 0.0637 0.9861 0.1537
vn -0.0000 0.9861 0.1664
vn -0.0000 0.9874 0.1582
vn 0.3549 -0.3744 -0.8567
vn 0.3182 0.5556 -0.7682
vn 0.3549 0.3744 -0.8567
vn 0.3182 -0.5556 -0.7682
vn 0.6557 0.3744 -0.6557
vn 0.6557 -0.3744 -0.6557
vn 0.5879 -0.5556 -0.5879
vn 0.8567 -0.3744 -0.3549
vn 0.7682 -0.5556 -0.3182
vn 0.8567 0.3744 -0.3549
vn 0.5879 0.5556 -0.5879
vn 0.7682 0.5556 -0.3182
vn 0.2697 0.7094 -0.6511
vn 0.4984 0.7094 -0.4984
vn 0.6511 0.7094 -0.2697
vn 0.2697 -0.7094 -0.6511
vn 0.4984 -0.7094 -0.4984
vn 0.6511 -0.7094 -0.2697
vn 0.2699 0.7088 -0.6517
vn 0.4988 0.7088 -0.4988
vn 0.6517 0.7088 -0.2699
vn 0.2699 -0.7088 -0.6517
vn 0.4988 -0.7088 -0.4988
vn 0.6517 -0.7088 -0.2699
vn -0.1537 0.9861 0.0637
vn -0.1176 0.9861 0.1176
vn -0.0637 0.9861 0.1537
vn -0.1628 -0.9857 0.0445
vn -0.0835 -0.9960 0.0302
vn -0.1224 -0.9925 -0.0015
vn -0.1629 0.9855 -0.0476
vn -0.0834 0.9960 -0.0310
vn -0.1211 0.9926 -0.0006
vn 0.9947 0.0683 0.0771
vn 0.9523 0.3051 0.0083
vn 0.9947 -0.0683 0.0771
vn 0.9969 0.0782 0.0087
vn 0.9523 -0.3051 0.0083
vn 0.9969 -0.0782 0.0087
vn 0.9586 0.1977 0.2049
vn 0.9586 -0.1977 0.2049
vn -0.3235 -0.0000 0.9462
vn -0.2293 0.9734 -0.0020
vn -0.0031 1.0000 -0.0000
vn -0.0012 1.0000 -0.0000
vn -0.2293 -0.9734 -0.0020
vn -0.0031 -1.0000 -0.0000
vn -0.3218 -0.0000 -0.9468
vn -0.2116 0.0524 0.9759
vn -0.2045 0.0702 0.9763
vn -0.1617 -0.0009 0.9868
vn -0.2109 -0.0521 -0.9761
vn -0.2038 -0.0702 -0.9765
vn -0.1608 0.0009 -0.9870
vn 0.2740 -0.0000 0.9617
vn 0.2312 0.9729 0.0020
vn 0.2312 -0.9729 0.0020
vn -0.0012 -1.0000 -0.0000
vn 0.2753 -0.0000 -0.9614
vn -0.1206 0.7014 -0.7025
vn -0.0242 0.7068 -0.7070
vn -0.5070 0.6072 -0.6117
vn -0.1206 -0.7014 -0.7025
vn -0.0242 -0.7068 -0.7070
vn 0.3884 -0.6533 -0.6499
vn -0.1256 -0.7020 0.7010
vn -0.0340 -0.7068 0.7066
vn -0.5104 -0.6103 0.6058
vn -0.1256 0.7020 0.7010
vn -0.0340 0.7068 0.7066
vn 0.3770 0.6533 0.6566
vn 0.4956 0.7071 0.5044
vn -0.4956 0.7071 -0.5044
vn 0.8703 -0.0000 -0.4925
vn 0.8670 -0.4982 0.0076
vn 0.8670 0.4982 0.0076
vn 0.8638 -0.0000 0.5039
vn 0.6405 0.4237 -0.6405
vn 0.2133 -0.9770 0.0019
vn 0.3041 -0.8612 -0.4072
vn -0.0449 -0.9990 -0.0004
vn 0.2132 0.9770 0.0019
vn 0.3039 0.8587 0.4127
vn -0.0449 0.9990 -0.0004
vn 0.2734 -0.0000 -0.9619
vn 0.3332 0.4392 -0.8343
vn -0.0854 -0.0000 -0.9963
vn 0.2723 -0.0000 0.9622
vn 0.3318 -0.4380 0.8355
vn -0.0856 -0.0000 0.9963
vn -0.3884 0.6533 0.6499
vn 0.5070 -0.6073 0.6117
vn -0.3770 -0.6533 -0.6566
vn 0.5104 0.6103 -0.6058
vn -0.5830 0.8125 -0.0000
vn 0.4081 -0.8971 -0.1690
vn 0.5830 0.8125 -0.0000
vn -0.0019 -0.9770 0.2133
vn 0.4073 -0.8612 0.3041
vn 0.0004 -0.9990 -0.0449
vn -0.0019 0.9770 0.2132
vn -0.4126 0.8587 0.3038
vn 0.0004 0.9990 -0.0448
vn 0.7132 -0.0000 -0.7009
vn 0.9619 -0.0000 0.2734
vn 0.8343 0.4392 0.3332
vn 0.9963 -0.0000 -0.0854
vn -0.9622 -0.0000 0.2723
vn -0.8355 -0.4380 0.3318
vn -0.9963 -0.0000 -0.0856
vn -0.6499 0.6533 -0.3884
vn -0.6117 -0.6072 0.5070
vn 0.6566 -0.6533 -0.3770
vn 0.6058 0.6103 0.5104
vn -0.6487 -0.7499 -0.1293
vn -0.0139 -0.6589 -0.7521
vn 0.6487 -0.7499 -0.1293
vn -0.1108 0.0427 0.9929
vn -0.0376 -0.9977 -0.0565
vn 0.1108 0.0427 0.9929
vn 0.0139 -0.6589 -0.7521
vn -0.5501 -0.7499 0.3673
vn -0.5416 -0.6589 -0.5220
vn 0.3673 -0.7499 -0.5501
vn 0.6237 0.0427 0.7805
vn -0.0665 -0.9977 -0.0134
vn 0.7805 0.0427 0.6237
vn -0.5220 -0.6589 -0.5416
vn -0.1293 -0.7499 0.6487
vn -0.7521 -0.6589 0.0139
vn -0.1293 -0.7499 -0.6487
vn 0.9929 0.0427 0.1108
vn -0.0565 -0.9977 0.0376
vn 0.9929 0.0427 -0.1108
vn -0.7521 -0.6589 -0.0139
vn 0.3673 -0.7499 0.5501
vn -0.5220 -0.6589 0.5416
vn -0.5501 -0.7499 -0.3673
vn 0.7805 0.0427 -0.6237
vn -0.0134 -0.9977 0.0665
vn 0.6237 0.0427 -0.7805
vn -0.5416 -0.6589 0.5220
vn 0.6487 -0.7499 0.1293
vn 0.0139 -0.6589 0.7521
vn -0.6487 -0.7499 0.1293
vn 0.1108 0.0427 -0.9929
vn 0.0376 -0.9977 0.0565
vn -0.1108 0.0427 -0.9929
vn -0.0139 -0.6589 0.7521
vn 0.5501 -0.7499 -0.3673
vn 0.5416 -0.6589 0.5220
vn -0.3673 -0.7499 0.5501
vn -0.6237 0.0427 -0.7805
vn 0.0665 -0.9977 0.0134
vn -0.7805 0.0427 -0.6237
vn 0.5220 -0.6589 0.5416
vn 0.1293 -0.7499 -0.6487
vn 0.7521 -0.6589 -0.0139
vn 0.1293 -0.7499 0.6487
vn -0.9929 0.0427 -0.1108
vn 0.0565 -0.9977 -0.0376
vn -0.9929 0.0427 0.1108
vn 0.7521 -0.6589 0.0139
vn -0.3673 -0.7499 -0.5501
vn 0.5220 -0.6589 -0.5416
vn 0.5501 -0.7499 0.3673
vn -0.7805 0.0427 0.6237
vn 0.0134 -0.9977 -0.0665
vn -0.6237 0.0427 0.7805
vn 0.5416 -0.6589 -0.5220
vn -0.8315 0.5556 -0.0000
vn 0.8315 0.5556 -0.0000
vn -0.2133 -0.9770 -0.0019
vn -0.3041 -0.8612 0.4073
vn 0.0449 -0.9990 0.0004
vn -0.2132 0.9770 -0.0019
vn -0.3038 0.8587 -0.4127
vn 0.0448 0.9990 0.0004
vn 0.7009 -0.0000 0.7132
vn -0.2734 -0.0000 0.9619
vn -0.3332 0.4392 0.8343
vn 0.0854 -0.0000 0.9963
vn -0.2723 -0.0000 -0.9622
vn -0.3318 -0.4380 -0.8355
vn 0.0856 -0.0000 -0.9963
vn 0.3884 0.6533 -0.6499
vn -0.5070 -0.6073 -0.6117
vn 0.3770 -0.6533 0.6566
vn -0.5104 0.6103 0.6058
vt 0.690406 0.699934
vt 0.658139 0.672775
vt 0.673500 0.667813
vt 0.376377 0.730385
vt 0.384902 0.687626
vt 0.488155 0.730440
vt 0.645082 0.589322
vt 0.647173 0.536742
vt 0.665807 0.547858
vt 0.207756 0.787602
vt 0.258122 0.766739
vt 0.262272 0.787602
vt 0.409136 0.651382
vt 0.637837 0.633166
vt 0.625001 0.583148
vt 0.246304 0.749053
vt 0.445392 0.627166
vt 0.624434 0.682932
vt 0.617123 0.633193
vt 0.228618 0.737236
vt 0.488155 0.618662
vt 0.207756 0.733086
vt 0.644197 0.677156
vt 0.645130 0.729385
vt 0.674054 0.599011
vt 0.678521 0.556791
vt 0.691500 0.567627
vt 0.652286 0.633181
vt 0.658987 0.593800
vt 0.668115 0.633323
vt 0.845549 0.138086
vt 0.854739 0.091637
vt 0.855900 0.137530
vt 0.869811 0.236857
vt 0.890850 0.189293
vt 0.897168 0.195539
vt 0.126014 0.804520
vt 0.144537 0.755944
vt 0.134899 0.804523
vt 0.849657 0.185664
vt 0.860260 0.184718
vt 0.136299 0.856516
vt 0.144518 0.853129
vt 0.165646 0.900684
vt 0.171959 0.894420
vt 0.883014 0.180978
vt 0.878236 0.135990
vt 0.876654 0.091657
vt 0.856661 0.046740
vt 0.878093 0.048301
vt 0.861696 0.001786
vt 0.883014 0.005633
vt 0.718509 0.591522
vt 0.707022 0.611220
vt 0.703214 0.633684
vt 0.718509 0.676224
vt 0.707131 0.656212
vt 0.411329 0.442261
vt 0.398912 0.419418
vt 0.413167 0.421070
vt 0.396365 0.463524
vt 0.397002 0.441434
vt 0.411329 0.484786
vt 0.410715 0.463524
vt 0.413167 0.505978
vt 0.397002 0.485613
vt 0.663835 0.718917
vt 0.676776 0.710491
vt 0.177692 0.888716
vt 0.151989 0.850049
vt 0.142977 0.804524
vt 0.152000 0.759024
vt 0.171970 0.714709
vt 0.177692 0.720408
vt 0.844615 0.091500
vt 0.851600 0.000684
vt 0.897168 0.375403
vt 0.861594 0.337462
vt 0.869811 0.334085
vt 0.204020 0.425360
vt 0.200154 0.372365
vt 0.204020 0.372365
vt 0.204020 0.584344
vt 0.200154 0.531350
vt 0.204020 0.531350
vt 0.204020 0.478355
vt 0.200154 0.425360
vt 0.200154 0.478355
vt 0.136328 0.752555
vt 0.860213 0.285471
vt 0.861594 0.233480
vt 0.851329 0.285471
vt 0.165670 0.708451
vt 0.890850 0.381650
vt -0.000003 0.955990
vt 0.029123 0.947656
vt 0.000000 0.947656
vt 0.029814 0.980990
vt -0.000001 0.972656
vt 0.000000 0.980990
vt 0.767819 0.980990
vt 0.723348 0.972656
vt 0.724264 0.980990
vt 0.138094 0.964323
vt 0.091642 0.955990
vt 0.086662 0.964323
vt 0.079491 0.997656
vt 0.041552 0.989323
vt 0.029123 0.997656
vt 0.042970 0.972656
vt 0.032829 0.964323
vt 0.079491 0.947656
vt 0.040587 0.955990
vt 0.718227 0.989323
vt 0.681049 0.980990
vt 0.675103 0.989323
vt 0.080869 0.980990
vt 0.100950 0.972656
vt 0.099498 0.989323
vt 0.131672 0.997656
vt 0.143487 0.955990
vt 0.131672 0.947656
vt 0.000000 0.964323
vt 0.132412 0.980990
vt 0.153262 0.972656
vt 0.151801 0.989323
vt 0.191828 0.997656
vt 0.200842 0.964323
vt 0.203352 0.955990
vt 0.191828 0.947656
vt 0.854408 0.964323
vt 0.815265 0.955990
vt 0.812528 0.964323
vt 0.192190 0.980990
vt 0.206995 0.972656
vt 0.207882 0.989323
vt 0.260348 0.980990
vt 0.255353 0.997656
vt 0.266524 0.989323
vt 0.289677 0.955990
vt 0.255353 0.947656
vt 0.266024 0.972656
vt 0.306080 0.997656
vt 0.337050 0.989323
vt 0.267695 0.964323
vt 0.318400 0.964323
vt 0.405922 0.955990
vt 0.391763 0.947656
vt 0.397601 0.980990
vt 0.317580 0.980990
vt 0.422006 0.989323
vt 0.447913 0.980990
vt 0.454624 0.955990
vt 0.447897 0.947656
vt 0.454620 0.972656
vt 0.407073 0.964323
vt 0.405158 0.972656
vt 0.719610 0.964323
vt 0.682744 0.955990
vt 0.674568 0.964323
vt 0.467675 0.964323
vt 0.447897 0.997656
vt 0.470974 0.989323
vt 0.499565 0.997656
vt 0.515690 0.955990
vt 0.501646 0.972656
vt 0.519263 0.964323
vt 0.521257 0.989323
vt 0.499646 0.980990
vt 0.551833 0.997656
vt 0.551833 0.947656
vt 0.499565 0.947656
vt 0.553857 0.972656
vt 0.575252 0.964323
vt 0.575345 0.989323
vt 0.566651 0.980990
vt 0.589666 0.997656
vt 0.578109 0.955990
vt 0.589666 0.947656
vt 0.647248 0.997656
vt 0.632202 0.989323
vt 0.711162 0.947656
vt 0.647248 0.947656
vt 0.711162 0.997656
vt 0.289481 0.759438
vt 0.290363 0.735403
vt 0.293857 0.738332
vt 0.676978 0.972656
vt 0.725626 0.955990
vt 0.967288 0.980990
vt 0.918972 0.972656
vt 0.916652 0.980990
vt -0.000000 0.989323
vt 0.000000 0.997656
vt 0.831819 0.972656
vt 0.857996 0.955990
vt 0.838681 0.947656
vt 0.908332 0.955990
vt 0.916091 0.947656
vt 0.861382 0.980990
vt 0.960331 0.955990
vt 0.967097 0.947656
vt 0.972101 0.972656
vt 0.947048 0.964323
vt 0.974764 0.964323
vt 1.000040 0.955990
vt 1.000007 0.964323
vt 0.771010 0.964323
vt 0.768305 0.955990
vt 0.780707 0.466911
vt 0.797104 0.452453
vt 0.797135 0.461520
vt 0.471597 0.760479
vt 0.469318 0.730440
vt 0.473720 0.732681
vt 0.467951 0.781848
vt 0.467916 0.760430
vt 0.285680 0.759000
vt 0.286608 0.733086
vt 0.475824 0.760549
vt 0.471218 0.781761
vt 0.286015 0.781021
vt 0.282283 0.758774
vt 0.103489 0.735844
vt 0.124940 0.734030
vt 0.119501 0.741334
vt 0.316709 0.972656
vt 0.306080 0.947656
vt 0.391763 0.997656
vt 0.290197 0.780731
vt 0.458854 0.760586
vt 0.589825 0.972656
vt 0.633786 0.955990
vt 0.632136 0.964323
vt 0.631907 0.980990
vt 0.630351 0.972656
vt 0.767901 0.997656
vt 0.767414 0.989323
vt 0.792715 0.482596
vt 0.802639 0.468712
vt 0.477988 0.735456
vt 0.475076 0.781571
vt 0.474180 0.806581
vt 0.767901 0.947656
vt 0.285591 0.809636
vt 0.282176 0.781169
vt 0.772201 0.972656
vt 0.815239 0.989323
vt 0.838681 0.997656
vt 0.815113 0.980990
vt 0.861302 0.989323
vt 0.115349 0.771996
vt 0.119233 0.750322
vt 0.124940 0.757910
vt 0.910053 0.964323
vt 0.916091 0.997656
vt 0.914811 0.989323
vt 0.967616 0.989323
vt 0.967097 0.997656
vt 1.000014 0.997656
vt 1.000004 0.989323
vt 0.289849 0.807301
vt 1.000013 0.972656
vt 1.000014 0.947656
vt 1.000009 0.980990
vt 0.269749 0.808222
vt 0.273079 0.780439
vt 0.469743 0.808988
vt 0.459114 0.782389
vt 0.792715 0.431373
vt 0.780641 0.447135
vt 0.453967 0.732718
vt 0.273813 0.758613
vt 0.272185 0.733445
vt 0.404126 0.615128
vt 0.396495 0.601310
vt 0.412180 0.601633
vt 0.455930 0.760725
vt 0.456374 0.782365
vt 0.451514 0.761079
vt 0.266022 0.779780
vt 0.266482 0.806268
vt 0.262272 0.803137
vt 0.450784 0.734339
vt 0.446774 0.737511
vt 0.269135 0.735040
vt 0.267373 0.758929
vt 0.265163 0.737669
vt 0.455694 0.807401
vt 0.452715 0.805995
vt 0.452344 0.782106
vt 0.270391 0.780159
vt 0.271318 0.758721
vt 0.102905 0.755447
vt 0.991440 0.823865
vt 0.431262 0.833836
vt 0.431262 0.823865
vt 0.991440 0.833836
vt 0.431262 0.843808
vt 0.991440 0.843808
vt 0.431262 0.853780
vt 0.991440 0.853780
vt 0.431262 0.863752
vt 0.991440 0.863752
vt 0.431262 0.873723
vt 0.991440 0.873723
vt 0.431262 0.883695
vt 0.991440 0.883695
vt 0.431262 0.893667
vt 0.991440 0.893667
vt 0.431262 0.903639
vt 0.991440 0.903639
vt 0.431262 0.913611
vt 0.991440 0.913611
vt 0.431262 0.923582
vt 0.991440 0.923582
vt 0.431262 0.933554
vt 0.991440 0.933554
vt 0.431262 0.943526
vt 0.419567 0.182534
vt 0.483268 0.097761
vt 0.483268 0.182534
vt 0.103114 0.103026
vt 0.202992 0.137616
vt 0.151625 0.205421
vt 0.419567 0.267306
vt 0.483268 0.267306
vt 0.419567 0.097761
vt 0.483268 0.012989
vt 0.005339 0.141093
vt 0.007295 0.062536
vt 0.311725 0.102411
vt 0.263763 0.204934
vt 0.212350 0.137242
vt 0.055859 0.222846
vt 0.059758 0.210056
vt 0.152676 0.213112
vt 0.261330 0.222241
vt 0.265647 0.208656
vt 0.358370 0.213134
vt 0.727158 0.181230
vt 0.676764 0.113421
vt 0.727158 0.113421
vt 0.483268 0.606395
vt 0.419567 0.521623
vt 0.483268 0.521623
vt 0.062051 0.007212
vt 0.483268 0.436851
vt 0.057879 0.206508
vt 0.410010 0.140258
vt 0.357504 0.205784
vt 0.407488 0.060789
vt 0.419567 0.436851
vt 0.483268 0.352078
vt 0.139862 0.005176
vt 0.351817 0.006008
vt 0.419567 0.352078
vt 0.273983 0.005111
vt 0.197653 0.057944
vt 0.217086 0.058459
vt 0.813257 0.428446
vt 0.819618 0.366762
vt 0.819618 0.434806
vt 0.399497 0.516719
vt 0.405857 0.594187
vt 0.399497 0.587826
vt 0.608369 0.789491
vt 0.602008 0.712023
vt 0.608369 0.718384
vt 0.825858 0.373123
vt 0.832218 0.434806
vt 0.825858 0.428445
vt 0.838113 0.487916
vt 0.824150 0.440643
vt 0.838113 0.437522
vt 0.798048 0.166168
vt 0.784434 0.229344
vt 0.784434 0.170569
vt 0.102905 0.771996
vt 0.116518 0.835173
vt 0.102905 0.839805
vt 0.824150 0.487916
vt 0.810113 0.440643
vt 0.824150 0.437522
vt 0.414680 0.618662
vt 0.419567 0.606395
vt 0.486417 0.609412
vt 0.488155 0.000684
vt 0.416420 0.009971
vt 0.220347 0.837494
vt 0.207756 0.790472
vt 0.220347 0.787602
vt 0.847777 0.364047
vt 0.835362 0.426167
vt 0.835362 0.367392
vt 0.810463 0.228288
vt 0.798048 0.231844
vt 0.232881 0.834623
vt 0.260652 0.208717
vt 0.262723 0.212535
vt 0.154795 0.209268
vt 0.149730 0.209183
vt 0.054950 0.210209
vt 0.057027 0.213768
vt 0.360491 0.209548
vt 0.355613 0.209372
vt 0.207756 0.139042
vt 0.201995 0.055815
vt 0.207756 0.138691
vt 0.000836 0.142664
vt 0.414680 0.141812
vt 0.002882 0.060714
vt 0.411887 0.058825
vt 0.353610 0.001583
vt 0.141491 0.000684
vt 0.060116 0.002858
vt 0.272210 0.000684
vt 0.212725 0.056473
vt 0.822737 0.437522
vt 0.405857 0.510359
vt 0.408989 0.596889
vt 0.598876 0.798554
vt 0.598876 0.709294
vt 0.835362 0.364047
vt 0.835362 0.437522
vt 0.810113 0.375838
vt 0.813257 0.373123
vt 0.396365 0.585097
vt 0.396365 0.519421
vt 0.611501 0.786762
vt 0.822737 0.425730
vt 0.822737 0.375838
vt 0.246703 0.632930
vt 0.271711 0.631522
vt 0.248117 0.634578
vt 0.263266 0.565332
vt 0.204826 0.616499
vt 0.218635 0.563105
vt 0.246388 0.634875
vt 0.246392 0.634874
vt 0.246389 0.634875
vt 0.246392 0.634875
vt 0.246400 0.634906
vt 0.246390 0.634879
vt 0.251431 0.610849
vt 0.322262 0.608952
vt 0.246388 0.634875
vt 0.246388 0.634875
vt 0.246657 0.634881
vt 0.246410 0.634873
vt 0.273296 0.636791
vt 0.247024 0.637214
vt 0.248165 0.634937
vt 0.246389 0.634875
vt 0.246389 0.634875
vt 0.246388 0.634875
vt 0.246384 0.634875
vt 0.246297 0.632855
vt 0.246037 0.634804
vt 0.243489 0.634088
vt 0.246388 0.634875
vt 0.246387 0.634871
vt 0.246349 0.634869
vt 0.246386 0.634851
vt 0.257718 0.688164
vt 0.246477 0.635152
vt 0.324521 0.619131
vt 0.246352 0.634577
vt 0.246388 0.634871
vt 0.246409 0.634869
vt 0.246419 0.634582
vt 0.246651 0.634821
vt 0.246681 0.609154
vt 0.246391 0.634852
vt 0.271883 0.567510
vt 0.796549 0.139108
vt 0.827309 0.177086
vt 0.824079 0.180316
vt 0.894131 0.335483
vt 0.886579 0.297517
vt 0.985788 0.297517
vt 0.915636 0.367669
vt 0.947822 0.389174
vt 0.985788 0.396726
vt 0.036301 0.807688
vt 0.071228 0.822376
vt 0.039233 0.822448
vt 0.965467 0.009049
vt 0.937538 0.045010
vt 0.946853 0.003418
vt 0.800767 0.043641
vt 0.824077 0.000684
vt 0.827307 0.003913
vt 0.065917 0.795497
vt 0.102905 0.822448
vt 0.844615 0.021215
vt 0.812083 0.048328
vt 0.835969 0.012573
vt 0.113154 0.563719
vt 0.093185 0.509079
vt 0.114831 0.511731
vt 0.778704 0.113421
vt 0.741162 0.154147
vt 0.733069 0.143614
vt 0.068439 0.510389
vt 0.051546 0.566687
vt 0.043805 0.515053
vt 0.050771 0.772627
vt 0.021280 0.521516
vt 0.030981 0.569208
vt 0.000836 0.529773
vt 0.956776 0.047857
vt 0.934410 0.087518
vt 0.072992 0.565137
vt 0.197581 0.411074
vt 0.182749 0.372365
vt 0.197581 0.372365
vt 0.791448 0.090501
vt 0.796547 0.041894
vt 0.095262 0.783476
vt 0.113947 0.613604
vt 0.093888 0.564031
vt 0.752077 0.162192
vt 0.823378 0.053005
vt 0.803696 0.090501
vt 0.015552 0.786691
vt 0.027996 0.795144
vt 0.053810 0.614152
vt 0.013714 0.614419
vt 0.010530 0.572010
vt 0.953858 0.087518
vt 0.937538 0.130025
vt 0.074558 0.614191
vt 0.197581 0.488493
vt 0.182749 0.449784
vt 0.197581 0.449784
vt 0.800768 0.137360
vt 0.786881 0.090501
vt 0.028071 0.757228
vt 0.073349 0.750334
vt 0.113651 0.664035
vt 0.094780 0.613850
vt 0.764815 0.167093
vt 0.815921 0.090501
vt 0.812084 0.132674
vt 0.051711 0.661389
vt 0.033775 0.614362
vt 0.011880 0.656209
vt 0.965467 0.165986
vt 0.956776 0.127179
vt 0.073116 0.663154
vt 0.001254 0.751624
vt 0.040462 0.728014
vt 0.778222 0.168216
vt 0.844615 0.159784
vt 0.823378 0.127996
vt 0.031413 0.659002
vt 0.001961 0.696776
vt 0.197581 0.527202
vt 0.182749 0.488493
vt 0.093881 0.663901
vt 0.067549 0.717388
vt 0.182749 0.411074
vt 0.043248 0.712151
vt 0.021519 0.705040
vt 0.186361 0.259546
vt 0.204020 0.225610
vt 0.193709 0.260953
vt 0.401800 0.880938
vt 0.367089 0.853356
vt 0.386153 0.847612
vt 0.190230 0.297605
vt 0.182749 0.297605
vt 0.360875 0.811189
vt 0.380785 0.811189
vt 0.193709 0.334257
vt 0.186361 0.335665
vt 0.367089 0.769022
vt 0.386153 0.774765
vt 0.204020 0.369601
vt 0.197068 0.372365
vt 0.401800 0.741439
vt 0.385204 0.730440
vt 0.117199 0.563757
vt 0.117987 0.613587
vt 0.117830 0.664014
vt 0.118947 0.717252
vt 0.114583 0.718041
vt 0.729141 0.145587
vt 0.737986 0.157310
vt 0.749858 0.166139
vt 0.763766 0.171548
vt 0.778704 0.172739
vt 0.000836 0.783593
vt 0.835969 0.168426
vt 0.091924 0.719913
vt 0.197068 0.222846
vt 0.385204 0.891937
vt 1.483268 0.182534
vt 1.419567 0.097761
vt 1.483268 0.097761
vt 1.103114 0.103026
vt 1.202992 0.137616
vt 1.151625 0.205421
vt 1.419567 0.267306
vt 1.483268 0.267306
vt 1.483268 0.012989
vt 1.005339 0.141093
vt 1.007295 0.062536
vt 1.311725 0.102411
vt 1.263763 0.204934
vt 1.212350 0.137242
vt 1.055859 0.222846
vt 1.059758 0.210056
vt 1.152676 0.213112
vt 1.261330 0.222241
vt 1.265647 0.208656
vt 1.358370 0.213134
vt 1.676764 0.181230
vt 1.727158 0.113421
vt 1.727158 0.181230
vt 1.419567 0.606395
vt 1.483268 0.521623
vt 1.483268 0.606395
vt 1.062051 0.007212
vt 1.419567 0.521623
vt 1.483268 0.436851
vt 1.057879 0.206508
vt 1.410010 0.140258
vt 1.357504 0.205784
vt 1.407488 0.060789
vt 1.419567 0.352078
vt 1.483268 0.352078
vt 1.139862 0.005176
vt 1.351817 0.006008
vt 1.273983 0.005111
vt 1.197653 0.057944
vt 1.217086 0.058459
vt 1.813257 0.428446
vt 1.819618 0.366762
vt 1.819618 0.434806
vt 1.399497 0.516719
vt 1.405857 0.594187
vt 1.399497 0.587826
vt 1.608369 0.789491
vt 1.602008 0.712023
vt 1.608369 0.718384
vt 1.825858 0.373123
vt 1.832218 0.434806
vt 1.825858 0.428445
vt 1.838113 0.437522
vt 1.824150 0.484794
vt 1.824150 0.440643
vt 1.798048 0.166168
vt 1.784434 0.229344
vt 1.784434 0.170569
vt 1.102905 0.771996
vt 1.116518 0.835173
vt 1.102905 0.839805
vt 1.824150 0.487916
vt 1.810113 0.440643
vt 1.824150 0.437522
vt 1.414680 0.618662
vt 1.486417 0.609412
vt 1.488155 0.000684
vt 1.416420 0.009971
vt 1.220347 0.837494
vt 1.207756 0.790472
vt 1.220347 0.787602
vt 1.847777 0.364047
vt 1.835362 0.426167
vt 1.835362 0.367392
vt 1.810463 0.228288
vt 1.798048 0.231844
vt 1.232881 0.790472
vt 1.232881 0.834623
vt 1.260652 0.208717
vt 1.262723 0.212535
vt 1.154795 0.209268
vt 1.149730 0.209183
vt 1.054950 0.210209
vt 1.057027 0.213768
vt 1.360491 0.209548
vt 1.355613 0.209372
vt 1.207756 0.139042
vt 1.201995 0.055815
vt 1.212725 0.056473
vt 1.207756 0.138691
vt 1.414680 0.141812
vt 1.002882 0.060714
vt 1.000836 0.142664
vt 1.411887 0.058825
vt 1.060117 0.002858
vt 1.353610 0.001583
vt 1.141491 0.000684
vt 1.272210 0.000684
vt 1.822737 0.437522
vt 1.405857 0.510359
vt 1.408989 0.596889
vt 1.598876 0.798554
vt 1.598876 0.709294
vt 1.835362 0.364047
vt 1.835362 0.437522
vt 1.810113 0.375838
vt 1.813257 0.373123
vt 1.396365 0.585097
vt 1.396365 0.519421
vt 1.611501 0.786762
vt 1.822737 0.425730
vt 1.822737 0.375838
vt 0.706445 0.000684
vt 0.760131 0.047383
vt 0.708761 0.038615
vt 0.786881 0.068447
vt 0.755639 0.081981
vt 0.758264 0.064731
vt 0.691807 0.113421
vt 0.703733 0.077339
vt 0.676764 0.054149
vt 0.703211 0.057583
vt 0.996418 0.650221
vt 0.942031 0.575214
vt 0.996418 0.575214
vt 0.996418 0.800237
vt 0.942031 0.725229
vt 0.996418 0.725229
vt 0.942031 0.500206
vt 0.996418 0.500206
vt 0.942031 0.650221
vt 0.942031 0.800237
vt 0.887644 0.725229
vt 0.887644 0.500206
vt 0.887644 0.650221
vt 0.887644 0.575214
vt 0.833257 0.575214
vt 0.833257 0.500206
vt 0.833257 0.725229
vt 0.833257 0.650221
vt 0.887644 0.800237
vt 0.778870 0.575214
vt 0.833257 0.800237
vt 0.778870 0.725229
vt 0.778870 0.500206
vt 0.778870 0.650221
vt 0.914379 0.074560
vt 0.917461 0.003418
vt 0.928800 0.005776
vt 0.909689 0.142588
vt 0.903307 0.073100
vt 0.914272 0.210677
vt 0.898641 0.142644
vt 0.928421 0.279619
vt 0.903436 0.212185
vt 0.332243 0.816463
vt 0.356107 0.884068
vt 0.346385 0.886044
vt 0.327451 0.747036
vt 0.341901 0.815118
vt 0.332151 0.677607
vt 0.337297 0.746992
vt 0.346386 0.608027
vt 0.342018 0.678920
vt 0.937511 0.008935
vt 0.923320 0.075805
vt 0.918805 0.142600
vt 0.923409 0.209419
vt 0.937511 0.276382
vt 0.365197 0.880823
vt 0.351041 0.813855
vt 0.350963 0.680170
vt 0.346418 0.747004
vt 0.365197 0.613302
vt 0.488155 0.536742
vt 0.501379 0.470261
vt 0.661880 0.536742
vt 0.539038 0.413900
vt 0.595398 0.376242
vt 0.661880 0.363018
vt 0.661880 0.363017
vt 0.595398 0.349793
vt 0.661880 0.189293
vt 0.539038 0.312135
vt 0.501379 0.255774
vt 0.488155 0.189293
vt 0.721261 0.727095
vt 0.772799 0.806066
vt 0.721261 0.806066
vt 0.721261 0.648123
vt 0.772799 0.727095
vt 0.721261 0.569151
vt 0.772799 0.648123
vt 0.721261 0.490180
vt 0.772799 0.569151
vt 0.182749 0.301817
vt 0.126014 0.222846
vt 0.182749 0.222846
vt 0.182749 0.380789
vt 0.126014 0.301817
vt 0.182749 0.459761
vt 0.126014 0.380789
vt 0.182749 0.538732
vt 0.126014 0.459761
vt 0.672800 0.261523
vt 0.721260 0.199542
vt 0.691510 0.266852
vt 0.661880 0.339736
vt 0.681333 0.339736
vt 0.691510 0.412621
vt 0.672800 0.417949
vt 0.721260 0.479931
vt 0.704726 0.490180
vt 0.701177 0.411361
vt 0.749637 0.473342
vt 0.733103 0.483591
vt 0.690256 0.333148
vt 0.719886 0.406032
vt 0.701177 0.254935
vt 0.709710 0.333148
vt 0.749637 0.192953
vt 0.719886 0.260263
vt 0.770176 0.482097
vt 0.745334 0.407849
vt 0.776437 0.478216
vt 0.727330 0.331653
vt 0.738250 0.409866
vt 0.738250 0.253440
vt 0.734696 0.331653
vt 0.770176 0.181210
vt 0.745334 0.255458
vt 0.060117 0.222846
vt 0.102342 0.324171
vt 0.016243 0.288508
vt 0.094029 0.365962
vt 0.000836 0.365962
vt 0.016243 0.443417
vt 0.102342 0.407753
vt 0.126014 0.443182
vt 0.060117 0.509079
vt 0.202854 0.878890
vt 0.177692 0.836281
vt 0.202854 0.836281
vt 0.177692 0.793671
vt 0.202854 0.793671
vt 0.177692 0.751061
vt 0.202854 0.751061
vt 0.177692 0.708451
vt 0.202854 0.708451
vt 0.488155 0.817588
vt 0.497277 0.775966
vt 0.598876 0.820043
vt 0.521438 0.740869
vt 0.557063 0.717491
vt 0.598876 0.709294
vt 0.396365 0.608027
vt 0.324187 0.593670
vt 0.396365 0.419418
vt 0.262998 0.552785
vt 0.222113 0.491596
vt 0.207756 0.419418
vt 0.207756 0.222241
vt 0.283212 0.237250
vt 0.207756 0.419418
vt 0.347181 0.279993
vt 0.389923 0.343962
vt 0.404932 0.419418
vt 0.502512 0.117115
vt 0.676764 0.189293
vt 0.543398 0.055926
vt 0.604587 0.015041
vt 0.676764 0.000684
vt 0.167660 0.538732
vt 0.198799 0.708451
vt 0.126014 0.708451
vt 0.293857 0.733086
vt 0.295675 0.800412
vt 0.293857 0.800412
vt 0.617123 0.536742
vt 0.545533 0.696160
vt 0.488155 0.651378
vt 0.400517 0.730440
vt 0.398700 0.797767
vt 0.398700 0.730440
vt 0.617123 0.709294
vt 0.400517 0.865093
vt 0.398700 0.865093
vt 0.851329 0.189293
vt 0.851329 0.364047
vt 0.780641 0.346701
vt 0.782459 0.364047
vt 0.780641 0.431373
vt 0.780641 0.364047
vt 1.942031 0.575214
vt 1.996418 0.650221
vt 1.996418 0.575214
vt 1.996418 0.725229
vt 1.942031 0.800237
vt 1.996418 0.800237
vt 1.942031 0.500206
vt 1.996418 0.500206
vt 1.942031 0.650221
vt 1.887644 0.725229
vt 1.942031 0.725229
vt 1.887644 0.575214
vt 1.887644 0.500206
vt 1.833257 0.575214
vt 1.887644 0.650221
vt 1.833257 0.725229
vt 1.887644 0.800237
vt 1.778870 0.575214
vt 1.833257 0.650221
vt 1.778870 0.725229
vt 1.833257 0.800237
vt 1.778870 0.500206
vt 1.833257 0.500206
vt 1.917461 0.003418
vt 1.914379 0.074560
vt 1.928800 0.005776
vt 1.903307 0.073100
vt 1.909689 0.142588
vt 1.898641 0.142644
vt 1.914272 0.210677
vt 1.903436 0.212185
vt 1.928421 0.279619
vt 1.356107 0.884068
vt 1.332242 0.816463
vt 1.346385 0.886044
vt 1.341901 0.815118
vt 1.327451 0.747036
vt 1.337297 0.746992
vt 1.332151 0.677607
vt 1.342018 0.678920
vt 1.346386 0.608027
vt 1.937511 0.008935
vt 1.923320 0.075805
vt 1.923409 0.209419
vt 1.937511 0.276382
vt 1.365197 0.880823
vt 1.351041 0.813855
vt 1.350963 0.680170
vt 1.365197 0.613302
vt 1.356487 0.610137
vt 1.488155 0.536742
vt 1.661880 0.536742
vt 1.501379 0.470261
vt 1.539038 0.413900
vt 1.595398 0.376242
vt 1.661880 0.363018
vt 1.661880 0.363017
vt 1.661880 0.189293
vt 1.595398 0.349793
vt 1.539038 0.312135
vt 1.501379 0.255774
vt 1.488155 0.189293
vt 1.772799 0.806066
vt 1.721261 0.727095
vt 1.721261 0.806066
vt 1.772799 0.727095
vt 1.721261 0.648123
vt 1.772799 0.648123
vt 1.721261 0.569151
vt 1.772799 0.569151
vt 1.721261 0.490180
vt 1.126014 0.222846
vt 1.182749 0.301817
vt 1.182749 0.222846
vt 1.126014 0.301817
vt 1.182749 0.380789
vt 1.126014 0.380789
vt 1.182749 0.459761
vt 1.126014 0.459761
vt 1.182749 0.538732
vt 1.672800 0.261523
vt 1.721260 0.199542
vt 1.704726 0.189293
vt 1.661880 0.339736
vt 1.691510 0.266852
vt 1.672800 0.417949
vt 1.681333 0.339736
vt 1.721260 0.479931
vt 1.704726 0.490180
vt 1.749637 0.473342
vt 1.701177 0.411361
vt 1.733103 0.483591
vt 1.719886 0.406032
vt 1.690256 0.333148
vt 1.709710 0.333148
vt 1.701177 0.254935
vt 1.749637 0.192953
vt 1.733103 0.182704
vt 1.776437 0.478216
vt 1.738250 0.409866
vt 1.770176 0.482097
vt 1.734696 0.331653
vt 1.727330 0.331653
vt 1.738250 0.253440
vt 1.745334 0.255458
vt 1.770176 0.181210
vt 1.102342 0.324171
vt 1.060117 0.222846
vt 1.016243 0.288508
vt 1.094029 0.365962
vt 1.000836 0.365962
vt 1.016243 0.443417
vt 1.060117 0.509079
vt 1.102342 0.407753
vt 1.177691 0.836281
vt 1.202854 0.878890
vt 1.202854 0.836281
vt 1.177691 0.793671
vt 1.202854 0.793671
vt 1.177691 0.751061
vt 1.202854 0.751061
vt 1.177691 0.708451
vt 1.202854 0.708451
vt 1.488155 0.817588
vt 1.598876 0.820043
vt 1.497277 0.775966
vt 1.521438 0.740869
vt 1.557063 0.717491
vt 1.598876 0.709294
vt 1.396365 0.608027
vt 1.396365 0.419418
vt 1.324187 0.593670
vt 1.262998 0.552785
vt 1.222113 0.491596
vt 1.207756 0.419418
vt 1.207756 0.222241
vt 1.207756 0.419418
vt 1.283212 0.237250
vt 1.347181 0.279993
vt 1.389923 0.343962
vt 1.404932 0.419418
vt 1.676764 0.189293
vt 1.502512 0.117115
vt 1.543398 0.055926
vt 1.604587 0.015041
vt 1.676764 0.000684
vt 1.167660 0.538732
vt 1.126014 0.708451
vt 1.198799 0.708451
vt 1.293857 0.733086
vt 1.295675 0.800412
vt 1.323329 0.733086
vt 1.617123 0.536742
vt 1.488155 0.651378
vt 1.545533 0.696160
vt 1.398700 0.797767
vt 1.400517 0.730440
vt 1.398700 0.730440
vt 1.617123 0.709294
vt 1.400517 0.865093
vt 1.428172 0.797767
vt 1.851329 0.189293
vt 1.780641 0.346701
vt 1.851329 0.364047
vt 1.780641 0.431373
vt 1.782459 0.364047
vt 1.780641 0.364047
vt 1.691510 0.412621
vt 1.745334 0.407849
vt 2.996418 0.650221
vt 2.942031 0.575214
vt 2.996418 0.575214
vt 2.996418 0.725229
vt 2.942031 0.800237
vt 2.942031 0.725229
vt 2.942031 0.500206
vt 2.996418 0.500206
vt 2.942031 0.650221
vt 2.887644 0.725229
vt 2.887644 0.575214
vt 2.887644 0.500206
vt 2.887644 0.650221
vt 2.833257 0.575214
vt 2.833257 0.500206
vt 2.833257 0.725229
vt 2.833257 0.650221
vt 2.887644 0.800237
vt 2.778870 0.575214
vt 2.833257 0.800237
vt 2.778870 0.725229
vt 2.778870 0.500206
vt 2.778870 0.650221
vt 2.914379 0.074560
vt 2.917461 0.003418
vt 2.928800 0.005776
vt 2.909689 0.142588
vt 2.903307 0.073100
vt 2.914272 0.210677
vt 2.898641 0.142644
vt 2.928421 0.279619
vt 2.903436 0.212185
vt 2.332242 0.816463
vt 2.356107 0.884068
vt 2.346385 0.886044
vt 2.327451 0.747036
vt 2.341901 0.815118
vt 2.332151 0.677607
vt 2.337297 0.746992
vt 2.346386 0.608027
vt 2.342018 0.678920
vt 2.937511 0.008935
vt 2.923320 0.075805
vt 2.918805 0.142600
vt 2.923409 0.209419
vt 2.937511 0.276382
vt 2.365197 0.880823
vt 2.351041 0.813855
vt 2.350963 0.680170
vt 2.346418 0.747004
vt 2.365197 0.613302
vt 2.488155 0.536742
vt 2.501379 0.470261
vt 2.661880 0.536742
vt 2.539038 0.413900
vt 2.595398 0.376242
vt 2.661880 0.363018
vt 2.661880 0.363017
vt 2.595398 0.349793
vt 2.661880 0.189293
vt 2.539038 0.312135
vt 2.501379 0.255774
vt 2.488155 0.189293
vt 2.721261 0.727095
vt 2.772799 0.806066
vt 2.721261 0.806066
vt 2.721261 0.648123
vt 2.772799 0.727095
vt 2.721261 0.569151
vt 2.772799 0.648123
vt 2.721261 0.490180
vt 2.772799 0.569151
vt 2.182749 0.301817
vt 2.126014 0.222846
vt 2.182749 0.222846
vt 2.182749 0.380789
vt 2.126014 0.301817
vt 2.182749 0.459761
vt 2.126014 0.380789
vt 2.182749 0.538732
vt 2.126014 0.459761
vt 2.672801 0.261523
vt 2.721261 0.199542
vt 2.691510 0.266852
vt 2.681333 0.339736
vt 2.661880 0.339736
vt 2.672801 0.417949
vt 2.691510 0.412621
vt 2.721261 0.479931
vt 2.704726 0.490180
vt 2.701177 0.411361
vt 2.749637 0.473342
vt 2.733103 0.483591
vt 2.690257 0.333148
vt 2.719886 0.406032
vt 2.701177 0.254935
vt 2.709710 0.333148
vt 2.749637 0.192953
vt 2.719886 0.260263
vt 2.770176 0.482097
vt 2.745334 0.407849
vt 2.776437 0.478216
vt 2.738250 0.409866
vt 2.734696 0.331653
vt 2.738250 0.253440
vt 2.727330 0.331653
vt 2.770176 0.181210
vt 2.745334 0.255458
vt 2.060117 0.222846
vt 2.102342 0.324171
vt 2.016243 0.288508
vt 2.094029 0.365962
vt 2.000836 0.365962
vt 2.016243 0.443417
vt 2.102342 0.407753
vt 2.126014 0.443182
vt 2.060117 0.509079
vt 2.202854 0.878890
vt 2.177691 0.836281
vt 2.202854 0.836281
vt 2.177691 0.793671
vt 2.202854 0.793671
vt 2.177691 0.751061
vt 2.202854 0.751061
vt 2.177691 0.708451
vt 2.202854 0.708451
vt 2.488155 0.817588
vt 2.497277 0.775966
vt 2.598876 0.820043
vt 2.521438 0.740869
vt 2.557063 0.717491
vt 2.598876 0.709294
vt 2.396365 0.608027
vt 2.324187 0.593670
vt 2.396365 0.419418
vt 2.262998 0.552785
vt 2.222113 0.491596
vt 2.207756 0.419418
vt 2.207756 0.222241
vt 2.283212 0.237250
vt 2.207756 0.419418
vt 2.347181 0.279993
vt 2.389923 0.343962
vt 2.404932 0.419418
vt 2.502512 0.117115
vt 2.676764 0.189293
vt 2.543397 0.055926
vt 2.604587 0.015041
vt 2.676764 0.000684
vt 2.167660 0.538732
vt 2.198799 0.708451
vt 2.126014 0.708451
vt 2.293857 0.733086
vt 2.295675 0.800412
vt 2.293857 0.800412
vt 2.617123 0.536742
vt 2.545533 0.696160
vt 2.488155 0.651378
vt 2.400517 0.730440
vt 2.398700 0.797767
vt 2.398700 0.730440
vt 2.617123 0.709294
vt 2.400517 0.865093
vt 2.398700 0.865093
vt 2.851329 0.189293
vt 2.851329 0.364047
vt 2.780641 0.346701
vt 2.782459 0.364047
vt 2.780641 0.431373
vt 2.780641 0.364047
vt 1.419567 0.182534
vt 1.676764 0.113421
vt 1.602008 0.795852
vt 1.832218 0.366762
vt 1.838113 0.487916
vt 1.822737 0.364047
vt 0.398912 0.507630
vt 0.846780 0.045980
vt 0.200154 0.584344
vt 0.115349 0.719913
vt 0.477988 0.803798
vt 0.293857 0.804275
vt 0.802639 0.445226
vt 0.412180 0.611127
vt 0.396365 0.610366
vt 0.404411 0.596889
vt 0.448926 0.803166
vt 0.991440 0.943526
vt 0.419567 0.012989
vt 0.154058 0.222846
vt 0.359534 0.222241
vt 0.676764 0.181230
vt 0.602008 0.795852
vt 0.832218 0.366762
vt 0.824150 0.484794
vt 0.798048 0.233977
vt 0.116518 0.776397
vt 0.810113 0.484794
vt 0.488155 0.618662
vt 0.416418 0.609412
vt 0.414680 0.000684
vt 0.486415 0.009971
vt 0.207756 0.834623
vt 0.847777 0.429723
vt 0.810463 0.169513
vt 0.232881 0.790472
vt 0.822737 0.364047
vt 0.408989 0.507630
vt 0.810113 0.425730
vt 0.611501 0.721086
vt 0.324521 0.674397
vt 0.946853 0.171617
vt 0.001534 0.719913
vt 0.182749 0.527202
vt 0.118947 0.512537
vt 1.419567 0.012989
vt 1.154058 0.222846
vt 1.359534 0.222241
vt 1.419567 0.436851
vt 1.798048 0.233977
vt 1.116518 0.776397
vt 1.810113 0.484794
vt 1.488155 0.618662
vt 1.416418 0.609412
vt 1.414680 0.000684
vt 1.486415 0.009971
vt 1.207756 0.834623
vt 1.847777 0.429723
vt 1.810463 0.169513
vt 1.408989 0.507630
vt 1.810113 0.425730
vt 1.611501 0.721086
vt 0.786881 0.024248
vt 0.775593 0.111180
vt 0.778870 0.800237
vt 0.917504 0.281825
vt 0.356487 0.610137
vt 0.772799 0.490180
vt 0.126014 0.538732
vt 0.704726 0.189293
vt 0.733103 0.182704
vt 0.776437 0.185091
vt 0.126014 0.288743
vt 0.177692 0.878890
vt 0.323329 0.733086
vt 0.428172 0.797767
vt 0.810113 0.431373
vt 1.778870 0.650221
vt 1.778870 0.800237
vt 1.917504 0.281825
vt 1.918805 0.142600
vt 1.346418 0.747004
vt 1.772799 0.490180
vt 1.126014 0.538732
vt 1.719886 0.260263
vt 1.776437 0.185091
vt 1.126014 0.288743
vt 1.126014 0.443182
vt 1.177691 0.878890
vt 1.293857 0.800412
vt 1.398700 0.865093
vt 1.810113 0.431373
vt 2.996418 0.800237
vt 2.778870 0.800237
vt 2.917504 0.281825
vt 2.356487 0.610137
vt 2.772799 0.490180
vt 2.126014 0.538732
vt 2.704726 0.189293
vt 2.733103 0.182704
vt 2.776437 0.185091
vt 2.126014 0.288743
vt 2.177691 0.878890
vt 2.323329 0.733086
vt 2.428172 0.797767
vt 2.810113 0.431373
s 1
f 8/1/1 41/2/2 12/3/3
f 19/4/4 20/5/5 1/6/6
f 38/7/7 4/8/8 36/9/9
f 2/10/10 30/11/10 29/12/10
f 20/5/5 21/13/11 1/6/6
f 40/14/12 5/15/13 38/7/7
f 2/10/10 31/16/10 30/11/10
f 21/13/11 22/17/14 1/6/6
f 40/14/12 7/18/15 6/19/16
f 2/10/10 32/20/10 31/16/10
f 22/17/14 18/21/17 1/6/6
f 2/10/10 28/22/10 32/20/10
f 42/23/18 3/24/19 7/18/15
f 10/25/20 35/26/21 9/27/22
f 10/25/20 39/28/23 37/29/24
f 11/30/25 41/2/2 39/28/23
f 50/31/26 16/32/27 15/33/28
f 5/34/29 54/35/30 4/36/30
f 62/37/31 47/38/32 46/39/33
f 49/40/34 15/33/28 14/41/35
f 61/42/36 46/39/33 45/43/37
f 58/44/38 45/43/37 44/45/39
f 19/46/40 15/33/28 20/47/41
f 20/47/41 16/32/27 21/48/42
f 21/48/42 17/49/43 22/50/44
f 22/50/44 13/51/45 18/52/46
f 24/53/10 10/25/20 9/27/22
f 25/54/10 11/30/25 10/25/20
f 26/55/10 12/3/3 11/30/25
f 23/56/10 12/3/3 27/57/10
f 30/58/47 24/59/48 29/60/48
f 30/58/47 26/61/49 25/62/47
f 32/63/50 26/61/49 31/64/49
f 28/65/51 27/66/50 32/63/50
f 36/9/9 37/29/24 38/7/7
f 38/7/7 39/28/23 40/14/12
f 40/14/12 41/2/2 42/23/18
f 33/67/52 41/2/2 34/68/53
f 49/69/6 45/43/37 50/70/6
f 50/70/6 46/39/33 51/71/6
f 51/71/6 47/38/32 52/72/6
f 52/72/6 43/73/54 48/74/6
f 51/75/55 17/49/43 16/32/27
f 17/49/43 48/76/56 13/51/45
f 3/77/57 57/78/58 7/79/58
f 55/80/59 58/81/60 54/82/60
f 53/83/61 60/84/62 57/85/62
f 56/86/63 61/87/59 55/80/59
f 57/85/62 62/88/63 56/86/63
f 60/89/64 43/73/54 47/38/32
f 6/90/65 55/91/29 5/34/29
f 7/79/58 56/92/65 6/90/65
f 93/2/66 8/1/1 70/3/67
f 75/4/68 1/6/6 76/5/69
f 88/9/70 64/15/71 90/7/72
f 2/10/10 83/12/10 84/11/10
f 76/5/69 1/6/6 77/13/73
f 64/15/71 92/14/74 90/7/72
f 2/10/10 84/11/10 85/16/10
f 77/13/73 1/6/6 78/17/75
f 92/14/74 66/18/76 94/23/77
f 2/10/10 85/16/10 86/20/10
f 78/17/75 1/6/6 18/21/17
f 2/10/10 86/20/10 28/22/10
f 3/24/19 94/23/77 66/18/76
f 87/26/78 68/25/79 67/27/80
f 68/25/79 91/28/81 69/30/82
f 69/30/82 93/2/66 70/3/67
f 73/32/83 100/31/84 72/33/85
f 103/35/86 64/34/87 63/36/86
f 98/38/88 110/37/89 97/39/90
f 72/33/85 99/40/60 71/41/91
f 97/39/90 109/42/92 96/43/93
f 96/43/93 107/44/94 95/45/95
f 72/33/85 75/46/96 76/47/97
f 77/48/98 72/33/85 76/47/97
f 74/49/99 77/48/98 78/50/100
f 13/51/45 78/50/100 18/52/46
f 79/53/10 68/25/79 80/54/10
f 80/54/10 69/30/82 81/55/10
f 81/55/10 70/3/67 82/57/10
f 70/3/67 23/56/10 82/57/10
f 79/59/101 84/58/102 83/60/101
f 84/58/102 81/61/103 85/64/103
f 81/61/103 86/63/104 85/64/103
f 82/66/104 28/65/51 86/63/104
f 89/29/105 88/9/70 90/7/72
f 91/28/81 90/7/72 92/14/74
f 93/2/66 92/14/74 94/23/77
f 33/67/52 93/2/66 94/23/77
f 96/43/93 99/69/6 100/70/6
f 101/71/6 96/43/93 100/70/6
f 98/38/88 101/71/6 102/72/6
f 48/74/6 98/38/88 102/72/6
f 74/49/99 101/75/106 73/32/83
f 48/76/56 74/49/99 13/51/45
f 106/78/107 3/77/57 66/79/107
f 107/81/34 104/80/108 103/82/34
f 108/84/109 53/83/61 106/85/109
f 109/87/108 105/86/110 104/80/108
f 110/88/110 106/85/109 105/86/110
f 98/38/88 59/93/111 108/89/112
f 104/91/87 65/90/113 64/34/87
f 105/92/113 66/79/107 65/90/113
f 141/2/114 115/1/115 118/3/116
f 19/4/4 1/6/6 124/5/117
f 36/9/9 112/15/118 138/7/119
f 2/10/10 29/12/10 132/11/10
f 124/5/117 1/6/6 125/13/120
f 112/15/118 140/14/121 138/7/119
f 2/10/10 132/11/10 133/16/10
f 125/13/120 1/6/6 126/17/122
f 113/19/123 142/23/124 140/14/121
f 2/10/10 133/16/10 134/20/10
f 126/17/122 1/6/6 123/21/125
f 2/10/10 134/20/10 131/22/10
f 111/24/126 142/23/124 114/18/127
f 35/26/21 116/25/128 9/27/22
f 137/29/129 117/30/130 116/25/128
f 117/30/130 141/2/114 118/3/116
f 121/32/131 148/31/108 120/33/132
f 4/36/30 152/91/133 112/34/133
f 145/39/134 156/89/135 158/37/136
f 120/33/132 49/40/34 14/41/35
f 145/39/134 157/42/137 144/43/138
f 44/45/39 157/42/137 58/44/38
f 120/33/132 19/46/40 124/47/139
f 121/32/131 124/47/139 125/48/140
f 122/49/141 125/48/140 126/50/142
f 123/52/143 122/49/141 126/50/142
f 24/53/10 116/25/128 128/54/10
f 128/54/10 117/30/130 129/55/10
f 129/55/10 118/3/116 130/57/10
f 118/3/116 127/56/10 130/57/10
f 24/59/48 132/58/144 29/60/48
f 132/58/144 129/61/145 133/64/145
f 129/61/145 134/63/146 133/64/145
f 130/66/146 131/65/147 134/63/146
f 137/29/129 36/9/9 138/7/119
f 139/28/148 138/7/119 140/14/121
f 141/2/114 140/14/121 142/23/124
f 135/67/149 141/2/114 142/23/124
f 144/43/138 49/69/6 148/70/6
f 149/71/6 144/43/138 148/70/6
f 146/38/150 149/71/6 150/72/6
f 147/74/6 146/38/150 150/72/6
f 122/49/141 149/75/110 121/32/131
f 147/76/61 122/49/141 119/51/151
f 114/79/152 151/94/153 111/77/153
f 58/81/60 152/80/84 54/82/60
f 156/84/154 151/83/56 154/85/154
f 157/87/84 153/86/106 152/80/84
f 158/88/106 154/85/154 153/86/106
f 146/38/150 155/93/155 156/89/135
f 152/91/133 113/90/156 112/34/133
f 153/92/156 114/79/152 113/90/156
f 115/1/115 181/2/157 164/3/158
f 75/4/68 168/5/159 1/6/6
f 178/7/160 63/8/161 88/9/70
f 2/10/10 174/11/10 83/12/10
f 168/5/159 169/13/162 1/6/6
f 180/14/163 159/15/164 178/7/160
f 2/10/10 175/16/10 174/11/10
f 169/13/162 170/17/165 1/6/6
f 182/23/166 160/19/167 180/14/163
f 2/10/10 176/20/10 175/16/10
f 170/17/165 123/21/125 1/6/6
f 2/10/10 131/22/10 176/20/10
f 182/23/166 111/24/126 161/18/168
f 162/25/169 87/26/78 67/27/80
f 163/30/170 177/29/171 162/25/169
f 163/30/170 181/2/157 179/28/172
f 186/31/59 166/32/173 165/33/174
f 63/36/86 189/91/175 103/35/86
f 194/37/176 185/38/177 184/39/178
f 99/40/60 165/33/174 71/41/91
f 193/42/179 184/39/178 183/43/180
f 107/44/94 183/43/180 95/45/95
f 75/46/96 165/33/174 168/47/181
f 169/48/182 165/33/174 166/32/173
f 169/48/182 167/49/183 170/50/184
f 123/52/143 167/49/183 119/51/151
f 79/53/10 162/25/169 67/27/80
f 171/54/10 163/30/170 162/25/169
f 172/55/10 164/3/158 163/30/170
f 127/56/10 164/3/158 173/57/10
f 174/58/185 79/59/101 83/60/101
f 174/58/185 172/61/186 171/62/185
f 176/63/187 172/61/186 175/64/186
f 131/65/147 173/66/187 176/63/187
f 88/9/70 177/29/171 178/7/160
f 178/7/160 179/28/172 180/14/163
f 180/14/163 181/2/157 182/23/166
f 135/67/149 181/2/157 136/68/188
f 99/69/6 183/43/180 186/70/6
f 186/70/6 184/39/178 187/71/6
f 187/71/6 185/38/177 188/72/6
f 188/72/6 143/73/189 147/74/6
f 187/75/63 167/49/183 166/32/173
f 167/49/183 147/76/61 119/51/151
f 111/77/153 191/78/190 161/79/190
f 189/80/26 107/81/34 103/82/34
f 151/83/56 192/84/191 191/85/191
f 190/86/55 193/87/26 189/80/26
f 191/85/191 194/88/55 190/86/55
f 192/89/192 143/73/189 185/38/177
f 160/90/193 189/91/175 159/34/175
f 160/90/193 191/78/190 190/92/193
f 196/95/194 201/96/195 195/97/196
f 203/98/197 198/99/198 199/100/199
f 281/101/200 276/102/201 278/103/202
f 215/104/203 210/105/204 209/106/205
f 207/107/206 205/108/207 201/109/195
f 204/110/208 209/106/205 202/111/209
f 210/105/204 207/112/206 206/113/210
f 275/114/211 271/115/212 272/116/213
f 208/117/214 211/118/215 204/110/208
f 212/119/216 208/117/214 205/108/207
f 213/120/217 212/119/216 207/107/206
f 211/118/215 215/104/203 209/106/205
f 216/121/218 213/122/217 210/105/204
f 198/99/198 202/111/209 197/123/219
f 214/124/220 217/125/221 211/118/215
f 218/126/222 214/124/220 212/119/216
f 219/127/223 218/126/222 213/120/217
f 217/125/221 221/128/224 215/104/203
f 222/129/225 219/130/223 216/121/218
f 291/131/226 286/132/227 287/133/228
f 220/134/229 223/135/230 217/125/221
f 224/136/231 220/134/229 218/126/222
f 224/136/231 226/137/232 220/134/229
f 225/138/233 230/139/234 224/136/231
f 227/140/235 225/141/233 222/129/225
f 226/137/232 229/142/236 223/135/230
f 231/143/237 235/144/238 230/139/234
f 222/129/225 228/145/239 227/140/235
f 232/146/240 227/140/235 228/145/239
f 237/147/241 236/148/242 227/140/235
f 235/144/238 240/149/243 234/150/244
f 241/151/245 240/149/243 235/144/238
f 241/151/245 243/152/246 240/149/243
f 244/153/247 242/154/248 237/147/241
f 245/155/249 238/156/250 239/157/251
f 274/158/252 268/159/253 269/160/254
f 246/161/255 244/153/247 238/156/250
f 242/162/248 247/163/256 241/151/245
f 248/164/257 247/163/256 242/162/248
f 246/161/255 249/165/258 244/153/247
f 250/166/259 252/167/260 246/161/255
f 253/168/261 251/169/262 247/163/256
f 254/170/263 253/168/261 248/164/257
f 249/165/258 254/171/263 248/172/257
f 255/173/264 257/174/265 252/167/260
f 258/175/266 256/176/267 253/168/261
f 221/128/224 216/121/218 215/104/203
f 260/177/268 258/175/266 254/170/263
f 259/178/269 260/179/268 254/171/263
f 262/180/270 272/116/213 267/181/271
f 268/159/253 273/182/272 262/183/270
f 273/184/272 275/114/211 272/116/213
f 312/185/273 317/186/274 311/187/275
f 271/115/212 276/102/201 270/188/276
f 202/111/209 196/95/194 197/123/219
f 277/189/277 273/182/272 268/159/253
f 243/152/246 239/157/251 240/149/243
f 304/190/278 295/191/279 299/192/280
f 201/109/195 200/193/281 195/194/196
f 274/158/252 270/188/276 276/102/201
f 288/195/282 291/131/226 287/133/228
f 292/196/283 285/197/284 286/132/227
f 295/191/279 291/131/226 288/195/282
f 296/198/285 298/199/286 285/197/284
f 299/192/280 295/191/279 293/200/287
f 301/201/288 303/202/289 298/199/286
f 209/106/205 206/113/210 202/111/209
f 306/203/290 302/204/291 295/191/279
f 307/205/292 308/206/293 301/201/288
f 310/207/294 308/206/293 307/205/292
f 277/189/277 283/208/295 280/209/296
f 345/210/297 331/211/298 330/212/299
f 203/98/197 200/193/281 205/108/207
f 314/213/300 321/214/301 315/215/302
f 314/213/300 322/216/303 320/217/304
f 318/218/305 323/219/306 317/186/274
f 203/98/197 204/110/208 198/99/198
f 196/95/194 206/113/210 201/96/195
f 206/113/210 207/112/206 201/96/195
f 203/98/197 208/117/214 204/110/208
f 205/108/207 208/117/214 203/98/197
f 308/220/307 316/221/308 314/213/300
f 207/107/206 212/119/216 205/108/207
f 204/110/208 211/118/215 209/106/205
f 210/105/204 213/122/217 207/112/206
f 208/117/214 214/124/220 211/118/215
f 212/119/216 214/124/220 208/117/214
f 319/222/309 324/223/310 318/218/305
f 213/120/217 218/126/222 212/119/216
f 211/118/215 217/125/221 215/104/203
f 216/121/218 219/130/223 213/122/217
f 214/124/220 220/134/229 217/125/221
f 218/126/222 220/134/229 214/124/220
f 339/224/311 329/225/312 328/226/313
f 219/127/223 224/136/231 218/126/222
f 217/125/221 223/135/230 221/128/224
f 219/127/223 225/138/233 224/136/231
f 222/129/225 225/141/233 219/130/223
f 220/134/229 226/137/232 223/135/230
f 223/135/230 228/145/239 221/128/224
f 228/145/239 233/227/314 232/146/240
f 224/136/231 230/139/234 226/137/232
f 225/138/233 231/143/237 230/139/234
f 227/140/235 231/228/237 225/141/233
f 229/142/236 234/150/244 233/227/314
f 234/150/244 230/139/234 235/144/238
f 232/146/240 237/147/241 227/140/235
f 231/143/237 236/229/242 235/144/238
f 227/140/235 236/148/242 231/228/237
f 232/146/240 239/157/251 238/156/250
f 233/227/314 240/149/243 239/157/251
f 248/172/257 244/153/247 249/165/258
f 236/229/242 241/151/245 235/144/238
f 236/229/242 242/162/248 241/151/245
f 237/147/241 242/154/248 236/148/242
f 313/230/315 318/218/305 312/185/273
f 238/156/250 244/153/247 237/147/241
f 245/155/249 246/161/255 238/156/250
f 241/151/245 247/163/256 243/152/246
f 245/155/249 251/169/262 250/166/259
f 245/155/249 250/166/259 246/161/255
f 251/169/262 255/173/264 250/166/259
f 247/163/256 251/169/262 243/152/246
f 248/164/257 253/168/261 247/163/256
f 246/161/255 252/167/260 249/165/258
f 250/166/259 255/173/264 252/167/260
f 267/181/271 260/177/268 262/180/270
f 253/168/261 256/176/267 251/169/262
f 254/170/263 258/175/266 253/168/261
f 322/216/303 333/231/316 320/217/304
f 249/165/258 259/178/269 254/171/263
f 255/173/264 261/232/317 257/174/265
f 256/176/267 261/232/317 255/173/264
f 260/179/268 263/233/318 262/183/270
f 259/178/269 264/234/319 263/233/318
f 261/232/317 264/234/319 257/174/265
f 261/232/317 266/235/320 265/236/321
f 266/235/320 258/175/266 267/181/271
f 263/233/318 269/160/254 268/159/253
f 263/233/318 268/159/253 262/183/270
f 264/234/319 270/188/276 269/160/254
f 266/235/320 270/188/276 265/236/321
f 266/235/320 272/116/213 271/115/212
f 275/114/211 279/237/322 282/238/323
f 262/180/270 273/184/272 272/116/213
f 341/239/324 330/212/299 329/240/312
f 308/220/307 315/215/302 309/241/325
f 310/242/326 317/243/274 316/221/308
f 277/189/277 279/244/322 273/182/272
f 278/103/202 282/238/323 281/101/200
f 317/243/274 322/216/303 316/221/308
f 319/222/309 321/245/301 325/246/327
f 283/208/295 276/102/201 284/247/328
f 290/248/329 279/237/322 285/249/284
f 279/244/322 286/132/227 285/197/284
f 286/132/227 283/208/295 287/133/228
f 284/247/328 287/133/228 283/208/295
f 284/247/328 289/250/330 288/195/282
f 281/101/200 290/248/329 289/250/330
f 293/200/287 290/248/329 294/251/331
f 285/249/284 294/251/331 290/248/329
f 336/252/332 326/253/333 327/254/334
f 289/250/330 293/200/287 288/195/282
f 292/196/283 297/255/335 296/198/285
f 293/200/287 295/191/279 288/195/282
f 292/196/283 296/198/285 285/197/284
f 294/251/331 298/256/286 300/257/336
f 295/191/279 297/255/335 291/131/226
f 293/200/287 300/257/336 299/192/280
f 296/198/285 302/204/291 301/201/288
f 296/198/285 301/201/288 298/199/286
f 305/258/337 298/256/286 303/259/289
f 295/191/279 302/204/291 297/255/335
f 300/257/336 304/190/278 299/192/280
f 305/258/337 309/260/338 313/261/339
f 313/230/315 315/262/302 319/222/309
f 302/204/291 307/205/292 301/201/288
f 306/203/290 307/205/292 302/204/291
f 301/201/288 308/206/293 303/202/289
f 307/205/292 311/263/340 310/207/294
f 308/206/293 309/264/338 303/202/289
f 306/203/290 312/265/341 311/263/340
f 312/265/341 305/258/337 313/261/339
f 252/167/260 259/178/269 249/165/258
f 325/246/327 335/266/342 348/267/343
f 323/268/306 338/269/344 322/216/303
f 336/270/332 331/211/298 347/271/345
f 321/214/301 333/231/316 335/272/342
f 324/223/310 348/267/343 344/273/346
f 324/223/310 342/274/347 323/219/306
f 328/275/313 330/276/299 327/277/334
f 338/269/344 334/278/348 333/231/316
f 340/279/349 332/280/350 334/278/348
f 347/281/351 337/282/352 336/283/353
f 337/282/352 348/267/343 335/266/342
f 335/272/342 334/278/348 337/284/352
f 337/284/352 332/280/350 336/285/353
f 344/273/346 343/286/354 342/274/347
f 343/286/354 345/287/355 341/288/356
f 342/289/347 340/279/349 338/269/344
f 343/290/354 339/291/357 340/279/349
f 344/273/346 349/292/358 346/293/359
f 346/293/359 347/281/351 345/287/355
f 339/224/311 326/253/333 332/294/360
f 351/295/61 352/296/361 350/297/61
f 353/298/361 354/299/362 352/296/361
f 355/300/362 356/301/34 354/299/362
f 357/302/34 358/303/363 356/301/34
f 359/304/363 360/305/364 358/303/363
f 361/306/364 362/307/56 360/305/364
f 363/308/56 364/309/365 362/307/56
f 365/310/365 366/311/366 364/309/365
f 367/312/366 368/313/60 366/311/366
f 369/314/60 370/315/367 368/313/60
f 371/316/367 372/317/368 370/315/367
f 373/318/368 350/319/61 372/317/368
f 394/320/369 396/321/369 393/322/369
f 374/323/6 397/324/6 420/325/6
f 415/326/370 393/322/370 412/327/370
f 399/328/371 421/329/371 396/321/371
f 374/323/6 401/330/6 405/331/6
f 375/332/10 417/333/10 398/334/10
f 382/335/372 426/336/373 422/337/374
f 380/338/375 418/339/376 430/340/377
f 376/341/378 379/342/378 378/343/378
f 424/344/379 403/345/379 400/346/379
f 374/323/6 405/331/6 409/347/6
f 403/345/380 404/348/380 400/346/380
f 374/323/6 425/349/6 401/330/6
f 375/332/10 402/350/10 428/351/10
f 375/332/10 406/352/10 402/350/10
f 407/353/381 408/354/381 404/348/381
f 374/323/6 409/347/6 413/355/6
f 375/332/10 410/356/10 406/352/10
f 411/357/382 412/327/382 408/354/382
f 428/351/10 418/339/376 417/333/10
f 375/332/10 414/358/10 410/356/10
f 374/323/6 392/359/6 397/324/6
f 375/332/10 398/334/10 395/360/10
f 375/332/10 395/360/10 414/358/10
f 436/361/383 433/362/384 432/363/385
f 438/364/386 433/365/384 437/366/387
f 436/367/383 435/368/388 439/369/389
f 439/370/389 434/371/390 438/372/386
f 376/373/391 388/374/391 377/375/391
f 376/376/392 390/377/393 389/378/394
f 377/379/395 391/380/396 379/381/397
f 379/382/398 390/383/398 378/384/398
f 420/325/6 426/336/373 425/349/6
f 383/385/399 429/386/400 427/387/401
f 381/388/402 421/329/403 419/389/404
f 384/390/405 389/391/405 385/392/405
f 386/393/406 389/394/394 390/395/393
f 387/376/407 388/396/408 384/397/407
f 386/392/409 391/398/409 387/390/409
f 416/399/410 418/339/411 419/400/412
f 421/401/413 423/402/414 420/325/415
f 424/403/416 426/336/417 427/404/418
f 429/405/419 431/406/420 428/351/421
f 396/407/422 392/359/422 393/408/422
f 399/409/423 395/360/423 398/334/423
f 421/401/424 397/324/425 396/407/425
f 399/409/426 417/333/426 416/399/426
f 400/410/427 425/349/427 424/403/427
f 429/405/428 402/350/428 403/411/428
f 404/412/429 401/330/429 400/410/429
f 403/411/430 406/352/430 407/413/430
f 404/412/431 409/347/431 405/331/431
f 407/413/432 410/356/432 411/414/432
f 412/415/433 409/347/434 408/416/434
f 411/414/435 414/358/435 415/417/435
f 393/408/436 413/355/436 412/415/436
f 415/417/437 395/360/437 394/418/437
f 374/323/6 413/355/6 392/359/6
f 433/362/438 380/419/438 432/363/438
f 434/420/390 381/421/439 433/365/384
f 435/368/388 380/422/440 383/423/440
f 434/371/390 383/424/441 382/425/441
f 436/361/383 385/426/441 437/427/387
f 438/364/386 385/428/440 386/429/440
f 439/369/389 384/430/439 436/367/383
f 439/370/438 386/431/438 387/432/438
f 464/433/442 487/434/443 462/435/444
f 469/436/445 455/437/56 447/438/56
f 476/439/446 483/440/447 474/441/448
f 482/442/449 440/443/61 452/444/61
f 489/445/450 467/446/451 487/434/443
f 448/447/452 456/448/453 457/447/453
f 478/449/454 440/443/61 459/450/455
f 486/451/456 441/452/61 463/453/457
f 475/454/458 452/444/61 444/455/61
f 449/456/459 452/444/460 453/457/460
f 490/447/461 444/455/61 456/448/61
f 465/458/462 451/459/56 445/460/56
f 492/447/463 449/456/56 477/461/464
f 484/462/465 446/463/56 461/464/466
f 445/460/467 454/465/468 455/437/469
f 446/463/6 450/466/470 451/459/470
f 451/459/470 441/452/467 445/460/467
f 466/467/471 454/465/61 486/451/456
f 480/468/472 446/463/56 451/459/56
f 485/469/473 458/470/474 483/440/447
f 463/453/457 450/466/61 478/449/454
f 453/457/460 440/443/6 446/463/6
f 493/447/475 474/441/448 491/447/476
f 477/461/464 453/457/56 484/462/465
f 473/447/477 491/447/476 470/447/478
f 481/471/479 462/435/444 479/472/480
f 488/473/481 445/460/56 455/437/56
f 472/447/482 457/447/56 492/447/463
f 457/447/453 444/455/459 449/456/459
f 471/447/483 456/448/61 443/447/61
f 462/435/444 478/449/454 479/472/480
f 481/471/479 461/464/466 480/468/472
f 467/446/451 486/451/456 487/434/443
f 489/445/450 465/458/462 488/473/481
f 491/447/476 475/454/458 490/447/461
f 473/447/477 492/447/463 493/447/475
f 483/440/447 459/450/455 482/442/449
f 476/439/446 484/462/465 485/469/473
f 479/472/480 459/450/455 458/470/474
f 464/433/442 480/468/472 465/458/462
f 474/441/448 482/442/449 475/454/458
f 485/469/473 461/464/466 460/474/484
f 487/434/443 463/453/457 462/435/444
f 468/475/485 488/473/481 469/436/445
f 470/447/478 490/447/461 471/447/483
f 493/447/475 477/461/464 476/439/446
f 460/474/484 479/472/480 458/470/474
f 569/476/10 543/477/10 562/478/10
f 511/479/6 501/480/6 500/481/6
f 512/482/6 511/479/6 500/481/6
f 513/483/6 512/482/6 500/481/6
f 523/484/6 513/483/6 500/481/6
f 574/485/486 502/486/487 572/487/488
f 503/488/489 549/489/490 546/490/489
f 517/491/10 563/492/10 505/493/10
f 514/494/491 503/495/10 502/486/487
f 547/496/492 516/497/493 504/498/494
f 566/499/495 506/500/496 564/501/497
f 499/502/498 573/503/499 571/504/500
f 507/505/501 520/506/502 508/507/503
f 574/485/486 524/508/504 514/494/491
f 520/506/502 509/509/505 508/507/503
f 504/498/494 517/491/10 505/493/10
f 521/510/506 510/511/507 509/509/505
f 515/512/490 552/513/508 549/489/490
f 506/500/496 519/514/509 507/505/501
f 522/515/59 523/516/60 510/517/60
f 527/518/10 565/519/10 517/491/10
f 524/508/504 515/520/10 514/494/491
f 568/521/510 518/522/511 566/499/495
f 499/502/498 575/523/512 573/503/499
f 550/524/513 526/525/514 516/497/493
f 578/526/515 524/508/504 576/527/516
f 530/528/517 521/510/506 520/506/502
f 516/497/493 527/518/10 517/491/10
f 521/510/506 532/529/518 522/530/519
f 525/531/508 555/532/520 552/513/508
f 518/522/511 529/533/521 519/514/509
f 541/534/62 512/535/63 532/536/63
f 536/537/10 567/538/10 527/518/10
f 533/539/522 525/540/10 524/508/504
f 519/514/509 530/528/517 520/506/502
f 570/541/523 528/542/524 568/521/510
f 499/502/498 577/543/525 575/523/512
f 553/544/526 535/545/527 526/525/514
f 539/546/528 531/547/529 530/528/517
f 526/525/514 536/537/10 527/518/10
f 531/547/529 541/548/530 532/529/518
f 494/549/531 555/532/520 534/550/520
f 528/542/524 538/551/532 529/533/521
f 542/552/533 534/553/10 533/539/522
f 529/533/521 539/546/528 530/528/517
f 578/526/515 542/552/533 533/539/522
f 499/502/498 579/554/534 577/543/525
f 559/555/535 535/545/527 556/556/536
f 535/545/527 543/477/10 536/537/10
f 540/557/537 545/558/538 541/548/530
f 545/559/61 511/560/62 541/534/62
f 537/561/539 497/562/540 538/551/532
f 532/536/63 513/563/59 522/515/59
f 538/551/532 544/564/541 539/546/528
f 539/546/528 498/565/542 540/557/537
f 550/566/543 548/567/544 551/568/543
f 548/569/545 549/570/546 551/571/546
f 550/566/543 554/572/547 553/573/547
f 551/571/546 552/574/548 554/575/548
f 553/573/547 557/576/549 556/577/549
f 554/575/548 555/578/550 557/579/550
f 556/577/549 560/580/551 559/581/551
f 560/582/552 555/578/550 558/583/552
f 564/501/497 565/584/553 566/499/495
f 566/499/495 567/585/554 568/521/510
f 568/521/510 569/586/555 570/541/523
f 570/541/523 562/587/556 561/588/557
f 561/588/557 537/561/539 570/541/523
f 572/589/488 573/503/499 574/590/486
f 576/591/516 573/503/499 575/523/512
f 578/592/515 575/523/512 577/543/525
f 578/592/515 579/554/534 580/593/558
f 639/476/10 543/477/10 615/537/10
f 590/479/6 500/481/6 501/480/6
f 591/482/6 500/481/6 590/479/6
f 592/483/6 500/481/6 591/482/6
f 602/484/6 500/481/6 592/483/6
f 581/486/559 644/485/560 642/487/561
f 582/488/562 624/489/563 594/512/563
f 633/492/10 596/491/10 584/493/10
f 582/495/10 593/494/564 581/486/559
f 583/498/565 625/524/566 622/496/567
f 585/500/568 636/499/569 634/501/570
f 499/502/498 641/504/571 643/503/572
f 586/505/573 599/506/574 598/514/575
f 644/485/560 603/508/576 646/527/577
f 588/509/578 599/506/574 587/507/579
f 583/498/565 596/491/10 595/497/580
f 589/511/581 600/510/582 588/509/578
f 594/512/563 627/513/583 604/531/583
f 585/500/568 598/514/575 597/522/584
f 602/516/34 601/515/108 589/517/34
f 635/519/10 606/518/10 596/491/10
f 594/520/10 603/508/576 593/494/564
f 597/522/584 638/521/585 636/499/569
f 499/502/498 643/503/572 645/523/586
f 625/524/566 605/525/587 628/544/588
f 603/508/576 648/526/589 646/527/577
f 600/510/582 609/528/590 599/506/574
f 595/497/580 606/518/10 605/525/587
f 600/510/582 611/529/591 610/547/592
f 604/531/583 630/532/593 613/550/593
f 597/522/584 608/533/594 607/542/595
f 591/535/110 620/534/109 611/536/110
f 637/538/10 615/537/10 606/518/10
f 604/540/10 612/539/596 603/508/576
f 598/514/575 609/528/590 608/533/594
f 607/542/595 640/541/597 638/521/585
f 499/502/498 645/523/586 647/543/598
f 605/525/587 631/556/599 628/544/588
f 610/547/592 618/546/600 609/528/590
f 605/525/587 615/537/10 614/545/601
f 610/547/592 620/548/602 619/557/603
f 630/532/593 494/549/531 613/550/593
f 607/542/595 617/551/604 616/561/605
f 613/553/10 542/552/533 612/539/596
f 608/533/594 618/546/600 617/551/604
f 648/526/589 542/552/533 580/594/558
f 499/502/498 647/543/598 579/554/534
f 614/545/601 559/555/535 631/556/599
f 614/545/601 543/477/10 495/595/606
f 619/557/603 545/558/538 498/565/542
f 590/560/109 545/559/61 620/534/109
f 616/561/605 497/562/540 496/596/607
f 592/563/108 611/536/110 601/515/108
f 617/551/604 544/564/541 497/562/540
f 619/557/603 544/564/541 618/546/600
f 625/566/608 623/567/609 622/597/609
f 626/571/610 621/598/611 623/569/611
f 629/572/612 625/566/608 628/573/612
f 627/574/613 626/571/610 629/575/613
f 632/576/614 628/573/612 631/577/614
f 630/578/615 629/575/613 632/579/615
f 559/581/551 632/576/614 631/577/614
f 560/582/552 630/578/615 632/579/615
f 635/584/616 634/501/570 636/499/569
f 637/585/617 636/499/569 638/521/585
f 639/586/618 638/521/585 640/541/597
f 562/587/556 640/541/597 561/588/557
f 616/561/605 561/588/557 640/541/597
f 643/503/572 642/589/561 644/590/560
f 646/591/577 643/503/572 644/590/560
f 648/592/589 645/523/586 646/591/577
f 579/554/534 648/592/589 580/593/558
f 707/476/10 686/477/10 679/537/10
f 655/479/6 500/481/6 654/480/6
f 656/482/6 500/481/6 655/479/6
f 657/483/6 500/481/6 656/482/6
f 523/484/6 500/481/6 657/483/6
f 502/486/487 710/485/619 572/487/488
f 503/488/489 689/489/620 659/512/620
f 563/492/10 661/491/10 505/493/10
f 503/495/10 658/494/621 502/486/487
f 547/496/492 660/497/622 690/524/623
f 506/500/496 704/499/624 564/501/497
f 499/502/498 571/504/500 709/503/625
f 507/505/501 664/506/626 663/514/627
f 658/494/621 712/527/628 710/485/619
f 509/509/505 664/506/626 508/507/503
f 504/498/494 661/491/10 660/497/622
f 509/509/505 666/530/629 665/510/630
f 659/512/620 692/513/631 668/531/631
f 506/500/496 663/514/627 662/522/632
f 523/516/60 666/515/84 510/517/60
f 703/519/10 670/518/10 661/491/10
f 659/520/10 667/508/633 658/494/621
f 662/522/632 706/521/634 704/499/624
f 499/502/498 709/503/625 711/523/635
f 690/524/623 669/525/636 693/544/637
f 667/508/633 714/526/638 712/527/628
f 665/510/630 673/528/639 664/506/626
f 660/497/622 670/518/10 669/525/636
f 665/510/630 675/529/640 674/547/641
f 668/531/631 695/532/642 677/550/642
f 662/522/632 672/533/643 671/542/644
f 656/535/106 684/534/154 675/536/106
f 705/538/10 679/537/10 670/518/10
f 668/540/10 676/539/645 667/508/633
f 663/514/627 673/528/639 672/533/643
f 671/542/644 708/541/646 706/521/634
f 499/502/498 711/523/635 713/543/647
f 693/544/637 678/545/648 696/556/649
f 674/547/641 682/546/650 673/528/639
f 669/525/636 679/537/10 678/545/648
f 674/547/641 684/548/651 683/557/652
f 695/532/642 649/549/653 677/550/642
f 671/542/644 681/551/654 680/561/655
f 677/553/10 685/552/656 676/539/645
f 672/533/643 682/546/650 681/551/654
f 714/526/638 685/552/656 716/594/657
f 499/502/498 713/543/647 715/554/658
f 678/545/648 699/555/659 696/556/649
f 678/545/648 686/477/10 650/595/660
f 683/557/652 688/558/661 653/565/662
f 655/560/154 688/559/56 684/534/154
f 680/561/655 652/562/663 651/596/664
f 657/563/84 675/536/106 666/515/84
f 681/551/654 687/564/665 652/562/663
f 682/546/650 653/565/662 687/564/665
f 691/568/666 547/597/544 690/566/666
f 689/570/667 548/569/545 691/571/667
f 694/572/668 690/566/666 693/573/668
f 692/574/669 691/571/667 694/575/669
f 697/576/670 693/573/668 696/577/670
f 695/578/671 694/575/669 697/579/671
f 699/581/672 697/576/670 696/577/670
f 700/582/673 695/578/671 697/579/671
f 703/584/674 564/501/497 704/499/624
f 705/585/675 704/499/624 706/521/634
f 707/586/676 706/521/634 708/541/646
f 702/587/677 708/541/646 701/588/678
f 680/561/655 701/588/678 708/541/646
f 709/503/625 572/589/488 710/590/619
f 712/591/628 709/503/625 710/590/619
f 713/543/647 712/591/628 714/592/638
f 715/554/658 714/592/638 716/593/657
f 760/476/10 686/477/10 702/478/10
f 717/479/6 654/480/6 500/481/6
f 718/482/6 717/479/6 500/481/6
f 719/483/6 718/482/6 500/481/6
f 602/484/6 719/483/6 500/481/6
f 763/485/679 581/486/559 642/487/561
f 582/488/562 747/489/680 621/490/562
f 723/491/10 633/492/10 584/493/10
f 720/494/681 582/495/10 581/486/559
f 622/496/567 722/497/682 583/498/565
f 757/499/683 585/500/568 634/501/570
f 499/502/498 762/503/684 641/504/571
f 586/505/573 726/506/685 587/507/579
f 765/527/686 720/494/681 763/485/679
f 726/506/685 588/509/578 587/507/579
f 583/498/565 723/491/10 584/493/10
f 588/509/578 728/530/687 589/511/581
f 721/512/680 750/513/688 747/489/680
f 585/500/568 725/514/689 586/505/573
f 728/515/26 602/516/34 589/517/34
f 732/518/10 756/519/10 723/491/10
f 729/508/690 721/520/10 720/494/681
f 759/521/691 724/522/692 757/499/683
f 499/502/498 764/523/693 762/503/684
f 748/524/694 731/525/695 722/497/682
f 767/526/696 729/508/690 765/527/686
f 735/528/697 727/510/698 726/506/685
f 722/497/682 732/518/10 723/491/10
f 727/510/698 737/529/699 728/530/687
f 739/550/700 750/513/688 730/531/688
f 724/522/692 734/533/701 725/514/689
f 746/534/191 718/535/55 737/536/55
f 741/537/10 758/538/10 732/518/10
f 738/539/702 730/540/10 729/508/690
f 725/514/689 735/528/697 726/506/685
f 761/541/703 733/542/704 759/521/691
f 499/502/498 766/543/705 764/523/693
f 751/544/706 740/545/707 731/525/695
f 744/546/708 736/547/709 735/528/697
f 731/525/695 741/537/10 732/518/10
f 736/547/709 746/548/710 737/529/699
f 649/549/653 753/532/700 739/550/700
f 733/542/704 743/551/711 734/533/701
f 685/552/656 739/553/10 738/539/702
f 734/533/701 744/546/708 735/528/697
f 767/526/696 685/552/656 738/539/702
f 499/502/498 715/554/658 766/543/705
f 699/555/659 740/545/707 754/556/712
f 740/545/707 686/477/10 741/537/10
f 745/557/713 688/558/661 746/548/710
f 688/559/56 717/560/191 746/534/191
f 742/561/714 652/562/663 743/551/711
f 737/536/55 719/563/26 728/515/26
f 743/551/711 687/564/665 744/546/708
f 687/564/665 745/557/713 744/546/708
f 622/597/609 749/568/715 748/566/715
f 623/569/611 747/570/716 749/571/716
f 748/566/715 752/572/717 751/573/717
f 749/571/716 750/574/718 752/575/718
f 751/573/717 755/576/719 754/577/719
f 752/575/718 753/578/720 755/579/720
f 754/577/719 700/580/672 699/581/672
f 700/582/673 753/578/720 698/583/673
f 634/501/570 756/584/721 757/499/683
f 757/499/683 758/585/722 759/521/691
f 759/521/691 760/586/723 761/541/703
f 761/541/703 702/587/677 701/588/678
f 701/588/678 742/561/714 761/541/703
f 642/589/561 762/503/684 763/590/679
f 765/591/686 762/503/684 764/523/693
f 765/591/686 766/543/705 767/592/696
f 767/592/696 715/554/658 716/593/657
f 787/599/378 793/600/378 790/601/378
f 768/602/6 791/603/6 814/604/6
f 809/605/371 787/599/371 806/606/371
f 793/600/379 815/607/379 790/601/724
f 768/602/6 795/608/6 799/609/6
f 769/610/10 811/611/10 792/612/10
f 776/613/725 820/614/726 816/615/727
f 774/616/728 812/617/729 824/618/730
f 771/619/380 772/620/380 770/621/380
f 823/622/381 794/623/381 818/624/381
f 768/602/6 799/609/6 803/625/6
f 797/626/382 798/627/382 794/623/382
f 768/602/6 819/628/6 795/608/6
f 769/610/10 796/629/10 822/630/10
f 769/610/10 800/631/10 796/629/10
f 798/627/370 805/632/370 802/633/370
f 768/602/6 803/625/6 807/634/6
f 769/610/10 804/635/10 800/631/10
f 805/632/369 806/606/369 802/633/369
f 822/630/10 812/617/729 811/611/10
f 769/610/10 808/636/10 804/635/10
f 768/602/6 786/637/6 791/603/6
f 769/610/10 792/612/10 789/638/10
f 769/610/10 789/638/10 808/636/10
f 830/639/731 827/640/732 826/641/733
f 832/642/734 827/643/732 831/644/735
f 830/645/731 829/646/736 833/647/737
f 833/648/737 828/649/738 832/650/734
f 771/651/739 783/652/739 782/653/739
f 770/654/740 784/655/741 783/656/742
f 771/657/743 785/658/744 773/659/743
f 773/660/745 784/661/745 772/662/745
f 814/604/6 820/614/726 819/628/6
f 777/663/746 823/622/747 821/664/748
f 775/665/749 815/607/750 813/666/751
f 778/667/752 783/668/752 779/669/752
f 780/670/753 783/671/742 784/672/741
f 781/654/754 782/673/755 778/674/754
f 781/667/756 784/675/756 785/676/756
f 810/677/757 812/617/758 813/678/759
f 815/679/760 817/680/761 814/604/762
f 818/681/763 820/614/764 821/682/765
f 823/683/766 825/684/767 822/630/768
f 790/685/769 786/637/770 787/686/770
f 788/687/771 792/612/771 793/688/771
f 815/679/427 791/603/427 790/685/427
f 793/688/428 811/611/428 810/677/428
f 818/681/772 795/608/431 819/628/772
f 823/683/773 796/629/432 797/689/432
f 798/690/774 795/608/434 794/691/434
f 797/689/435 800/631/435 801/692/435
f 802/693/436 799/609/436 798/690/436
f 805/694/437 800/631/437 804/635/437
f 806/695/422 803/625/422 802/693/422
f 805/694/423 808/636/423 809/696/423
f 787/686/425 807/634/425 806/695/425
f 809/696/426 789/638/775 788/687/775
f 768/602/6 807/634/6 786/637/6
f 827/640/776 774/697/776 826/641/776
f 828/698/738 775/699/777 827/643/732
f 829/646/736 774/700/778 777/701/778
f 828/649/738 777/702/779 776/703/779
f 830/639/731 779/704/779 831/705/735
f 832/642/734 779/706/778 780/707/778
f 833/647/737 778/708/777 830/645/731
f 833/648/776 780/709/776 781/710/776
f 835/711/780 836/712/781 834/713/782
f 843/714/783 840/715/784 842/716/785
f 840/715/786 839/717/787 838/718/788
f 845/719/789 834/713/790 844/720/791
f 842/716/792 838/718/793 844/720/794
f 842/716/792 834/713/795 836/712/796
f 838/718/797 845/719/789 844/720/791
f 836/712/798 843/714/783 842/716/785
f 847/711/799 848/712/800 846/713/801
f 855/714/802 852/715/803 854/716/804
f 852/715/805 851/717/806 850/718/807
f 857/719/808 846/713/809 856/720/810
f 854/716/811 850/718/812 856/720/813
f 854/716/811 846/713/814 848/712/815
f 850/718/816 857/719/808 856/720/810
f 848/712/817 855/714/802 854/716/804
f 859/711/818 860/712/819 858/713/820
f 867/714/821 864/715/822 866/716/823
f 864/715/824 863/717/825 862/718/826
f 869/719/827 858/713/828 868/720/829
f 866/716/830 862/718/831 868/720/832
f 866/716/830 858/713/833 860/712/834
f 862/718/835 869/719/827 868/720/829
f 860/712/836 867/714/821 866/716/823
f 871/711/837 872/712/838 870/713/839
f 879/714/840 876/715/841 878/716/842
f 876/715/843 875/717/844 874/718/845
f 881/719/846 870/713/847 880/720/848
f 878/716/849 874/718/850 880/720/851
f 878/716/849 870/713/852 872/712/853
f 874/718/854 881/719/846 880/720/848
f 872/712/855 879/714/840 878/716/842
f 883/711/856 884/712/857 882/713/858
f 891/714/859 888/715/860 890/716/861
f 888/715/862 887/717/863 886/718/864
f 893/719/865 882/713/866 892/720/867
f 890/716/868 886/718/869 892/720/870
f 890/716/868 882/713/871 884/712/872
f 886/718/873 893/719/865 892/720/867
f 884/712/874 891/714/859 890/716/861
f 895/711/875 896/712/876 894/713/877
f 903/714/878 900/715/879 902/716/880
f 900/715/881 899/717/882 898/718/883
f 905/719/884 894/713/885 904/720/886
f 902/716/887 898/718/888 904/720/889
f 902/716/887 894/713/890 896/712/891
f 898/718/892 905/719/884 904/720/886
f 896/712/893 903/714/878 902/716/880
f 907/711/894 908/712/895 906/713/896
f 915/714/897 912/715/898 914/716/899
f 912/715/900 911/717/901 910/718/902
f 917/719/903 906/713/904 916/720/905
f 914/716/906 910/718/907 916/720/908
f 914/716/906 906/713/909 908/712/910
f 910/718/911 917/719/903 916/720/905
f 908/712/912 915/714/897 914/716/899
f 919/711/913 920/712/914 918/713/915
f 927/714/916 924/715/917 926/716/918
f 924/715/919 923/717/920 922/718/921
f 929/719/922 918/713/923 928/720/924
f 926/716/925 922/718/926 928/720/927
f 926/716/925 918/713/928 920/712/929
f 922/718/930 929/719/922 928/720/924
f 920/712/931 927/714/916 926/716/918
f 932/721/56 938/722/932 933/723/933
f 930/724/934 936/725/935 931/726/936
f 933/723/933 939/727/937 934/728/938
f 931/726/936 937/729/154 932/721/56
f 935/730/939 941/731/940 936/725/935
f 938/722/932 944/732/941 939/727/937
f 937/729/154 941/731/940 942/733/106
f 937/729/154 943/734/942 938/722/932
f 944/732/941 948/735/943 949/736/944
f 942/733/106 946/737/945 947/738/84
f 942/733/106 948/735/943 943/734/942
f 940/739/946 946/737/945 941/731/940
f 947/738/84 953/740/947 948/735/943
f 945/741/948 951/742/949 946/737/945
f 948/735/943 954/743/950 949/736/944
f 947/738/84 951/742/949 952/744/60
f 968/745/154 955/746/56 966/747/56
f 970/748/106 956/749/154 968/745/154
f 972/750/84 957/751/106 970/748/106
f 974/752/60 958/753/84 972/750/84
f 961/754/154 976/755/56 960/756/56
f 962/757/106 978/758/154 961/754/154
f 963/759/84 980/760/106 962/757/106
f 964/761/60 982/762/84 963/759/84
f 968/745/951 965/763/952 967/764/951
f 970/748/953 967/764/951 969/765/953
f 970/748/953 971/766/954 972/750/954
f 972/750/954 973/767/955 974/752/955
f 978/758/956 975/768/957 976/755/957
f 980/760/958 977/769/956 978/758/956
f 980/760/958 981/770/959 979/771/958
f 982/762/959 983/772/960 981/770/959
f 975/773/6 977/774/6 985/775/6
f 977/774/6 979/776/6 985/775/6
f 979/776/6 981/777/6 985/775/6
f 981/777/6 983/778/6 985/775/6
f 973/779/10 971/780/10 986/781/10
f 971/780/10 969/782/10 986/781/10
f 969/782/10 967/783/10 986/781/10
f 967/783/10 965/784/10 986/781/10
f 995/785/154 1012/786/56 993/787/56
f 997/788/106 1014/789/154 995/785/154
f 999/790/84 1016/791/106 997/788/106
f 1001/792/60 1018/793/84 999/790/84
f 988/794/154 1003/795/56 987/796/56
f 989/797/106 1005/798/154 988/794/154
f 990/799/84 1007/800/106 989/797/106
f 991/801/60 1009/802/84 990/799/84
f 995/803/961 992/804/962 994/805/961
f 997/806/963 994/805/961 996/807/963
f 997/806/963 998/808/964 999/809/964
f 999/809/964 1000/810/965 1001/811/965
f 1005/812/966 1002/813/967 1003/814/967
f 1007/815/968 1004/816/966 1005/812/966
f 1009/817/969 1006/818/968 1007/815/968
f 1009/817/969 1010/819/970 1008/820/969
f 1012/821/967 1015/822/966 1013/823/967
f 1016/824/968 1015/822/966 1014/825/966
f 1018/826/969 1017/827/968 1016/824/968
f 1020/828/970 1019/829/969 1018/826/969
f 987/830/10 1023/831/10 988/832/10
f 988/832/10 1024/833/10 989/834/10
f 990/835/10 1024/833/10 1025/836/10
f 990/835/10 1026/837/10 991/838/10
f 1022/839/56 1028/840/154 1023/841/154
f 1023/841/154 1029/842/106 1024/843/106
f 1024/843/106 1030/844/84 1025/845/84
f 1025/845/84 1031/846/60 1026/847/60
f 1031/848/971 1030/849/972 1032/850/10
f 1030/849/972 1029/851/973 1032/850/10
f 1029/851/973 1028/852/974 1032/850/10
f 1028/852/974 1027/853/975 1032/850/10
f 1002/854/6 1004/855/6 1033/856/6
f 1004/855/6 1006/857/6 1033/856/6
f 1006/857/6 1008/858/6 1033/856/6
f 1008/858/6 1010/859/6 1033/856/6
f 1013/860/6 1015/861/6 1034/862/6
f 1015/861/6 1017/863/6 1034/862/6
f 1017/863/6 1019/864/6 1034/862/6
f 1019/864/6 1021/865/6 1034/862/6
f 1000/784/10 998/866/10 1035/867/10
f 998/866/10 996/868/10 1035/867/10
f 996/868/10 994/869/10 1035/867/10
f 994/869/10 992/870/10 1035/867/10
f 1036/871/976 1040/872/977 1038/873/976
f 1037/874/56 1040/875/154 1039/876/154
f 1036/877/978 1042/878/978 1040/879/978
f 1040/880/154 1041/881/106 1039/882/154
f 1036/877/979 1044/883/979 1042/878/979
f 1041/881/106 1044/884/84 1043/885/84
f 1036/886/980 1046/887/980 1044/888/981
f 1044/889/84 1045/890/60 1043/891/84
f 1050/892/982 932/893/56 933/894/933
f 931/895/936 1047/896/983 930/897/934
f 1051/898/984 933/894/933 934/899/938
f 1049/900/191 931/895/936 932/893/56
f 1053/901/985 1047/896/983 1048/902/986
f 1051/898/984 1055/903/987 1050/892/982
f 1049/900/191 1053/901/985 1048/902/986
f 1055/903/987 1049/900/191 1050/892/982
f 1056/904/988 1060/905/989 1055/903/987
f 1054/906/55 1058/907/990 1053/901/985
f 1060/905/989 1054/906/55 1055/903/987
f 1058/907/990 1052/908/991 1053/901/985
f 1065/909/992 1059/910/26 1060/905/989
f 1063/911/993 1057/912/994 1058/907/990
f 1066/913/995 1060/905/989 1061/914/996
f 1059/910/26 1063/911/993 1058/907/990
f 955/915/56 1076/916/191 966/917/56
f 1067/918/191 1078/919/55 1076/916/191
f 1068/920/55 1080/921/26 1078/919/55
f 1069/922/26 1082/923/34 1080/921/26
f 976/924/56 1071/925/191 960/926/56
f 1084/927/191 1072/928/55 1071/925/191
f 1086/929/55 1073/930/26 1072/928/55
f 1088/931/26 1074/932/34 1073/930/26
f 1076/916/997 965/933/952 966/917/952
f 1078/919/998 1075/934/997 1076/916/997
f 1079/935/999 1078/919/998 1080/921/999
f 1081/936/1000 1080/921/999 1082/923/1000
f 975/937/957 1084/927/1001 976/924/957
f 1083/938/1001 1086/929/1002 1084/927/1001
f 1086/929/1002 1087/939/1003 1088/931/1003
f 1088/931/1003 1089/940/1004 1090/941/1004
f 975/942/6 985/943/6 1083/944/6
f 1083/944/6 985/943/6 1085/945/6
f 1085/945/6 985/943/6 1087/946/6
f 1087/946/6 985/943/6 1089/947/6
f 1081/948/10 986/949/10 1079/950/10
f 1079/950/10 986/949/10 1077/951/10
f 1077/951/10 986/949/10 1075/952/10
f 1075/952/10 986/949/10 965/953/10
f 1012/954/56 1096/955/191 993/956/56
f 1111/957/191 1098/958/55 1096/955/191
f 1113/959/55 1100/960/26 1098/958/55
f 1115/961/26 1102/962/34 1100/960/26
f 1003/963/56 1091/964/191 987/965/56
f 1104/966/191 1092/967/55 1091/964/191
f 1106/968/55 1093/969/26 1092/967/55
f 1108/970/26 1094/971/34 1093/969/26
f 1096/972/1005 992/973/962 993/974/962
f 1098/975/1006 1095/976/1005 1096/972/1005
f 1100/977/1007 1097/978/1006 1098/975/1006
f 1101/979/1008 1100/977/1007 1102/980/1008
f 1002/981/967 1104/982/1009 1003/983/967
f 1103/984/1009 1106/985/1010 1104/982/1009
f 1105/986/1010 1108/987/1011 1106/985/1010
f 1108/987/1011 1109/988/1012 1110/989/1012
f 1013/990/967 1111/991/1009 1012/992/967
f 1111/991/1009 1114/993/1010 1113/994/1010
f 1114/993/1010 1115/995/1011 1113/994/1010
f 1116/996/1011 1117/997/1012 1115/995/1011
f 1119/998/10 987/999/10 1091/1000/10
f 1120/1001/10 1091/1000/10 1092/1002/10
f 1093/1003/10 1120/1001/10 1092/1002/10
f 1094/1004/10 1121/1005/10 1093/1003/10
f 1123/1006/191 1022/1007/56 1119/1008/191
f 1124/1009/55 1119/1008/191 1120/1010/55
f 1125/1011/26 1120/1010/55 1121/1012/26
f 1126/1013/34 1121/1012/26 1122/1014/34
f 1126/1015/1013 1032/1016/10 1125/1017/1014
f 1125/1017/1014 1032/1016/10 1124/1018/1015
f 1124/1018/1015 1032/1016/10 1123/1019/1016
f 1123/1019/1016 1032/1016/10 1027/1020/975
f 1002/1021/6 1033/1022/6 1103/1023/6
f 1103/1023/6 1033/1022/6 1105/1024/6
f 1105/1024/6 1033/1022/6 1107/1025/6
f 1107/1025/6 1033/1022/6 1109/1026/6
f 1013/1027/6 1034/1028/6 1112/1029/6
f 1112/1029/6 1034/1028/6 1114/1030/6
f 1114/1030/6 1034/1028/6 1116/1031/6
f 1116/1031/6 1034/1028/6 1118/1032/6
f 1101/953/10 1035/1033/10 1099/1034/10
f 1099/1034/10 1035/1033/10 1097/1035/10
f 1097/1035/10 1035/1033/10 1095/1036/10
f 1095/1036/10 1035/1033/10 992/1037/10
f 1036/1038/976 1038/1039/976 1128/1040/1017
f 1037/1041/56 1128/1042/191 1038/1043/56
f 1036/1044/1018 1128/1045/1018 1130/1046/1018
f 1129/1047/55 1128/1048/191 1127/1049/191
f 1036/1044/1019 1130/1046/1019 1132/1050/1019
f 1129/1047/55 1132/1051/26 1130/1052/55
f 1036/1053/1020 1132/1054/1021 1134/1055/1020
f 1133/1056/34 1132/1057/26 1131/1058/26
f 1143/892/1022 1137/893/61 1138/894/1023
f 1141/902/1024 1135/897/1025 1136/895/1026
f 1144/898/1027 1138/894/1023 1139/899/1028
f 1137/893/61 1141/902/1024 1136/895/1026
f 1146/901/1029 1140/896/1030 1141/902/1024
f 1149/904/1031 1143/892/1022 1144/898/1027
f 1142/900/62 1146/901/1029 1141/902/1024
f 1148/903/1032 1142/900/62 1143/892/1022
f 1154/914/1033 1148/903/1032 1149/904/1031
f 1147/906/63 1151/907/1034 1146/901/1029
f 1153/905/1035 1147/906/63 1148/903/1032
f 1151/907/1034 1145/908/1036 1146/901/1029
f 953/909/947 1152/910/59 1153/905/1035
f 951/911/949 1150/912/1037 1151/907/1034
f 954/913/950 1153/905/1035 1154/914/1033
f 1152/910/59 951/911/949 1151/907/1034
f 1155/915/61 1166/916/62 1164/917/61
f 1156/918/62 1168/919/63 1166/916/62
f 1157/920/63 1170/921/59 1168/919/63
f 1158/922/59 974/923/60 1170/921/59
f 1172/924/61 1160/925/62 1159/926/61
f 1174/927/62 1161/928/63 1160/925/62
f 1176/929/63 1162/930/59 1161/928/63
f 1178/931/59 964/932/60 1162/930/59
f 1166/916/1038 1163/933/1039 1164/917/1039
f 1168/919/1040 1165/934/1038 1166/916/1038
f 1169/935/1041 1168/919/1040 1170/921/1041
f 973/936/955 1170/921/1041 974/923/955
f 1171/937/1042 1174/927/1043 1172/924/1042
f 1173/938/1043 1176/929/1044 1174/927/1043
f 1176/929/1044 1177/939/1045 1178/931/1045
f 1178/931/1045 983/940/960 984/941/960
f 1171/942/6 985/943/6 1173/944/6
f 1173/944/6 985/943/6 1175/945/6
f 1175/945/6 985/943/6 1177/946/6
f 1177/946/6 985/943/6 983/947/6
f 973/948/10 986/949/10 1169/950/10
f 1169/950/10 986/949/10 1167/951/10
f 1167/951/10 986/949/10 1165/952/10
f 1165/952/10 986/949/10 1163/953/10
f 1199/954/61 1186/955/62 1184/956/61
f 1201/957/62 1188/958/63 1186/955/62
f 1203/959/63 1190/960/59 1188/958/63
f 1205/961/59 1001/962/60 1190/960/59
f 1192/963/61 1180/964/62 1179/965/61
f 1194/966/62 1181/967/63 1180/964/62
f 1196/968/63 1182/969/59 1181/967/63
f 1198/970/59 991/971/60 1182/969/59
f 1186/972/1046 1183/973/1047 1184/974/1047
f 1188/975/1048 1185/976/1046 1186/972/1046
f 1189/1059/1049 1188/975/1048 1190/977/1049
f 1000/979/965 1190/977/1049 1001/980/965
f 1191/981/1050 1194/982/1051 1192/983/1050
f 1193/984/1051 1196/985/1052 1194/982/1051
f 1195/986/1052 1198/987/1053 1196/985/1052
f 1198/987/1053 1010/988/970 1011/989/970
f 1199/992/1050 1202/1060/1051 1201/991/1051
f 1202/1060/1051 1203/994/1052 1201/991/1051
f 1204/993/1052 1205/995/1053 1203/994/1052
f 1206/996/1053 1020/997/970 1205/995/1053
f 1208/998/10 1179/999/10 1180/1000/10
f 1209/1001/10 1180/1000/10 1181/1002/10
f 1182/1003/10 1209/1001/10 1181/1002/10
f 991/1004/10 1210/1005/10 1182/1003/10
f 1212/1006/62 1207/1007/61 1208/1008/62
f 1213/1009/63 1208/1008/62 1209/1010/63
f 1214/1011/59 1209/1010/63 1210/1012/59
f 1031/1013/60 1210/1012/59 1026/1014/60
f 1031/1015/971 1032/1016/10 1214/1017/1054
f 1214/1017/1054 1032/1016/10 1213/1018/1055
f 1213/1018/1055 1032/1016/10 1212/1019/1056
f 1212/1019/1056 1032/1016/10 1211/1020/1057
f 1191/1021/6 1033/1022/6 1193/1023/6
f 1193/1023/6 1033/1022/6 1195/1024/6
f 1195/1024/6 1033/1022/6 1197/1025/6
f 1197/1025/6 1033/1022/6 1010/1026/6
f 1200/1027/6 1034/1028/6 1202/1029/6
f 1202/1029/6 1034/1028/6 1204/1030/6
f 1204/1030/6 1034/1028/6 1206/1031/6
f 1206/1031/6 1034/1028/6 1021/1032/6
f 1000/953/10 1035/1033/10 1189/1034/10
f 1189/1034/10 1035/1033/10 1187/1035/10
f 1187/1035/10 1035/1033/10 1185/1036/10
f 1185/1036/10 1035/1033/10 1183/1037/10
f 1036/1038/1058 1216/1039/1058 1218/1040/1018
f 1215/1041/61 1218/1042/62 1216/1043/61
f 1036/1044/1017 1218/1045/1017 1220/1046/1017
f 1219/1047/63 1218/1048/62 1217/1049/62
f 1036/1044/1021 1220/1046/1021 1222/1050/1021
f 1219/1047/63 1222/1051/59 1220/1052/63
f 1036/1053/980 1222/1054/1019 1046/1055/980
f 1045/1056/60 1222/1057/59 1221/1058/59
f 1137/1061/61 1226/1062/1059 1138/1063/1023
f 1136/1064/1026 1223/1065/1060 1224/1066/1061
f 1138/1063/1023 1227/1067/1062 1139/1068/1028
f 1137/1061/61 1224/1066/1061 1225/1069/109
f 1223/1065/1060 1229/1070/1063 1224/1066/1061
f 1227/1067/1062 1231/1071/1064 1232/1072/1065
f 1225/1069/109 1229/1070/1063 1230/1073/110
f 1225/1069/109 1231/1071/1064 1226/1062/1059
f 1232/1072/1065 1236/1074/1066 1237/1075/1067
f 1230/1073/110 1234/1076/1068 1235/1077/108
f 1230/1073/110 1236/1074/1066 1231/1071/1064
f 1228/1078/1069 1234/1076/1068 1229/1070/1063
f 1235/1077/108 1065/1079/992 1236/1074/1066
f 1233/1080/1070 1063/1081/993 1234/1076/1068
f 1236/1074/1066 1066/1082/995 1237/1075/1067
f 1235/1077/108 1063/1081/993 1064/1083/34
f 1245/1084/109 1155/1085/61 1164/1086/61
f 1247/1087/110 1238/1088/109 1245/1084/109
f 1249/1089/108 1239/1090/110 1247/1087/110
f 1082/1091/34 1240/1092/108 1249/1089/108
f 1241/1093/109 1172/1094/61 1159/1095/61
f 1242/1096/110 1251/1097/109 1241/1093/109
f 1243/1098/108 1253/1099/110 1242/1096/110
f 1074/1100/34 1255/1101/108 1243/1098/108
f 1245/1084/1071 1163/1102/1039 1244/1103/1071
f 1247/1087/1072 1244/1103/1071 1246/1104/1072
f 1247/1087/1072 1248/1105/1073 1249/1089/1073
f 1249/1089/1073 1081/1106/1000 1082/1091/1000
f 1251/1097/1074 1171/1107/1042 1172/1094/1042
f 1253/1099/1075 1250/1108/1074 1251/1097/1074
f 1253/1099/1075 1254/1109/1076 1252/1110/1075
f 1255/1101/1076 1089/1111/1004 1254/1109/1076
f 1171/1112/6 1250/1113/6 985/1114/6
f 1250/1113/6 1252/1115/6 985/1114/6
f 1252/1115/6 1254/1116/6 985/1114/6
f 1254/1116/6 1089/1117/6 985/1114/6
f 1081/1118/10 1248/1119/10 986/1120/10
f 1248/1119/10 1246/1121/10 986/1120/10
f 1246/1121/10 1244/1122/10 986/1120/10
f 1244/1122/10 1163/1123/10 986/1120/10
f 1260/1124/109 1199/1125/61 1184/1126/61
f 1262/1127/110 1271/1128/109 1260/1124/109
f 1264/1129/108 1273/1130/110 1262/1127/110
f 1102/1131/34 1275/1132/108 1264/1129/108
f 1256/1133/109 1192/1134/61 1179/1135/61
f 1257/1136/110 1266/1137/109 1256/1133/109
f 1258/1138/108 1268/1139/110 1257/1136/110
f 1094/1140/34 1270/1141/108 1258/1138/108
f 1260/1142/1077 1183/1143/1047 1259/1144/1077
f 1260/1142/1077 1261/1145/1078 1262/1146/1078
f 1264/1147/1079 1261/1145/1078 1263/1148/1079
f 1264/1147/1079 1101/1149/1008 1102/1150/1008
f 1266/1151/1080 1191/1152/1050 1192/1153/1050
f 1268/1154/1081 1265/1155/1080 1266/1151/1080
f 1270/1156/1082 1267/1157/1081 1268/1154/1081
f 1270/1156/1082 1109/1158/1012 1269/1159/1082
f 1199/1160/1050 1272/1161/1080 1200/1162/1050
f 1271/1163/1080 1274/1164/1081 1272/1161/1080
f 1275/1165/1082 1274/1164/1081 1273/1166/1081
f 1117/1167/1012 1276/1168/1082 1275/1165/1082
f 1179/1169/10 1277/1170/10 1256/1171/10
f 1256/1171/10 1278/1172/10 1257/1173/10
f 1258/1174/10 1278/1172/10 1279/1175/10
f 1258/1174/10 1122/1176/10 1094/1177/10
f 1207/1178/61 1280/1179/109 1277/1180/109
f 1277/1180/109 1281/1181/110 1278/1182/110
f 1278/1182/110 1282/1183/108 1279/1184/108
f 1279/1184/108 1126/1185/34 1122/1186/34
f 1126/1187/1013 1282/1188/1083 1032/1189/10
f 1282/1188/1083 1281/1190/1084 1032/1189/10
f 1281/1190/1084 1280/1191/1085 1032/1189/10
f 1280/1191/1085 1211/1192/1057 1032/1189/10
f 1191/1193/6 1265/1194/6 1033/1195/6
f 1265/1194/6 1267/1196/6 1033/1195/6
f 1267/1196/6 1269/1197/6 1033/1195/6
f 1269/1197/6 1109/1198/6 1033/1195/6
f 1200/1199/6 1272/1200/6 1034/1201/6
f 1272/1200/6 1274/1202/6 1034/1201/6
f 1274/1202/6 1276/1203/6 1034/1201/6
f 1276/1203/6 1118/1204/6 1034/1201/6
f 1101/1123/10 1263/1205/10 1035/1206/10
f 1263/1205/10 1261/1207/10 1035/1206/10
f 1261/1207/10 1259/1208/10 1035/1206/10
f 1259/1208/10 1183/1209/10 1035/1206/10
f 1036/1210/1058 1284/1211/978 1216/1212/1058
f 1215/1213/61 1284/1214/109 1283/1215/109
f 1036/1216/977 1286/1217/977 1284/1218/977
f 1284/1219/109 1285/1220/110 1283/1221/109
f 1036/1216/981 1288/1222/981 1286/1217/981
f 1285/1220/110 1288/1223/108 1287/1224/108
f 1036/1225/1020 1134/1226/1020 1288/1227/979
f 1288/1228/108 1133/1229/34 1287/1230/108
f 1309/1231/380 1311/601/380 1308/599/380
f 1289/602/6 1312/603/6 1335/604/6
f 1327/606/379 1309/1231/379 1308/599/379
f 1314/600/381 1336/607/381 1311/601/381
f 1289/602/6 1316/608/6 1320/609/6
f 1290/610/10 1332/611/10 1313/612/10
f 1297/613/1086 1341/614/1087 1337/615/1088
f 1295/616/1089 1333/617/1090 1345/618/1091
f 1291/621/382 1294/1232/382 1293/620/382
f 1344/622/370 1315/623/370 1339/624/370
f 1289/602/6 1320/609/6 1324/625/6
f 1318/626/369 1319/627/369 1315/623/369
f 1289/602/6 1340/628/6 1316/608/6
f 1290/610/10 1317/629/10 1343/630/10
f 1290/610/10 1321/631/10 1317/629/10
f 1319/627/371 1326/632/371 1323/633/371
f 1289/602/6 1324/625/6 1328/634/6
f 1290/610/10 1325/635/10 1321/631/10
f 1326/632/378 1327/606/378 1323/633/378
f 1343/630/10 1333/617/1090 1332/611/10
f 1290/610/10 1329/636/10 1325/635/10
f 1289/602/6 1307/637/6 1312/603/6
f 1290/610/10 1313/612/10 1310/638/10
f 1290/610/10 1310/638/10 1329/636/10
f 1352/705/1092 1347/641/1093 1351/639/1094
f 1353/642/1095 1348/643/1096 1352/644/1092
f 1354/647/1097 1347/1233/1093 1350/646/1098
f 1353/650/1095 1350/1234/1098 1349/649/1099
f 1291/1235/1100 1303/653/1100 1292/651/1100
f 1291/654/1101 1305/655/1102 1304/656/1103
f 1292/657/1104 1306/658/1105 1294/659/1104
f 1294/660/1106 1305/661/1106 1293/662/1106
f 1335/604/6 1341/614/1087 1340/628/6
f 1298/663/1107 1344/622/1108 1342/664/1109
f 1296/665/1110 1336/607/1111 1334/666/1112
f 1299/667/1113 1304/668/1113 1300/669/1113
f 1301/670/1114 1304/671/1103 1305/672/1102
f 1302/654/1115 1303/673/1116 1299/674/1115
f 1302/667/1117 1305/675/1117 1306/676/1117
f 1331/677/1118 1333/617/1119 1334/678/1120
f 1336/679/1121 1338/680/1122 1335/604/1123
f 1339/681/1124 1341/614/1125 1342/682/1126
f 1344/683/1127 1346/684/1128 1343/630/1129
f 1311/685/429 1307/637/429 1308/686/429
f 1309/687/430 1313/612/430 1314/688/430
f 1336/679/772 1312/603/431 1311/685/431
f 1331/677/432 1313/612/432 1332/611/432
f 1315/691/436 1340/628/436 1339/681/436
f 1318/689/437 1343/630/1130 1317/629/437
f 1319/690/422 1316/608/422 1315/691/422
f 1318/689/423 1321/631/423 1322/692/423
f 1323/693/425 1320/609/425 1319/690/425
f 1322/692/426 1325/635/426 1326/694/426
f 1327/695/770 1324/625/770 1323/693/770
f 1326/694/771 1329/636/771 1330/696/771
f 1308/686/427 1328/634/427 1327/695/427
f 1330/696/428 1310/638/1131 1309/687/1131
f 1289/602/6 1328/634/6 1307/637/6
f 1347/641/1132 1296/1236/1132 1295/697/1132
f 1349/698/1099 1296/699/1133 1348/643/1096
f 1350/646/1098 1295/700/1134 1298/701/1134
f 1350/1234/1098 1297/703/1135 1349/649/1099
f 1351/639/1094 1300/704/1135 1352/705/1092
f 1353/642/1095 1300/706/1134 1301/707/1134
f 1354/647/1097 1299/708/1133 1351/645/1094
f 1353/650/1132 1302/710/1132 1354/648/1132
f 8/1/1 34/68/53 41/2/2
f 38/7/7 5/15/13 4/8/8
f 40/14/12 6/19/16 5/15/13
f 40/14/12 42/23/18 7/18/15
f 42/23/18 33/67/52 3/24/19
f 10/25/20 37/29/24 35/26/21
f 10/25/20 11/30/25 39/28/23
f 11/30/25 12/3/3 41/2/2
f 50/31/26 51/75/55 16/32/27
f 5/34/29 55/91/29 54/35/30
f 62/37/31 60/89/64 47/38/32
f 49/40/34 50/31/26 15/33/28
f 61/42/36 62/37/31 46/39/33
f 58/44/38 61/42/36 45/43/37
f 19/46/40 14/41/35 15/33/28
f 20/47/41 15/33/28 16/32/27
f 21/48/42 16/32/27 17/49/43
f 22/50/44 17/49/43 13/51/45
f 24/53/10 25/54/10 10/25/20
f 25/54/10 26/55/10 11/30/25
f 26/55/10 27/57/10 12/3/3
f 23/56/10 8/1/1 12/3/3
f 30/58/47 25/62/47 24/59/48
f 30/58/47 31/64/49 26/61/49
f 32/63/50 27/66/50 26/61/49
f 28/65/51 23/1237/51 27/66/50
f 36/9/9 35/26/21 37/29/24
f 38/7/7 37/29/24 39/28/23
f 40/14/12 39/28/23 41/2/2
f 33/67/52 42/23/18 41/2/2
f 49/69/6 44/45/39 45/43/37
f 50/70/6 45/43/37 46/39/33
f 51/71/6 46/39/33 47/38/32
f 52/72/6 47/38/32 43/73/54
f 51/75/55 52/1238/191 17/49/43
f 17/49/43 52/1238/191 48/76/56
f 3/77/57 53/94/57 57/78/58
f 55/80/59 61/87/59 58/81/60
f 53/83/61 59/1239/61 60/84/62
f 56/86/63 62/88/63 61/87/59
f 57/85/62 60/84/62 62/88/63
f 60/89/64 59/93/111 43/73/54
f 6/90/65 56/92/65 55/91/29
f 7/79/58 57/78/58 56/92/65
f 93/2/66 34/68/53 8/1/1
f 88/9/70 63/8/161 64/15/71
f 64/15/71 65/19/1136 92/14/74
f 92/14/74 65/19/1136 66/18/76
f 3/24/19 33/67/52 94/23/77
f 87/26/78 89/29/105 68/25/79
f 68/25/79 89/29/105 91/28/81
f 69/30/82 91/28/81 93/2/66
f 73/32/83 101/75/106 100/31/84
f 103/35/86 104/91/87 64/34/87
f 98/38/88 108/89/112 110/37/89
f 72/33/85 100/31/84 99/40/60
f 97/39/90 110/37/89 109/42/92
f 96/43/93 109/42/92 107/44/94
f 72/33/85 71/41/91 75/46/96
f 77/48/98 73/32/83 72/33/85
f 74/49/99 73/32/83 77/48/98
f 13/51/45 74/49/99 78/50/100
f 79/53/10 67/27/80 68/25/79
f 80/54/10 68/25/79 69/30/82
f 81/55/10 69/30/82 70/3/67
f 70/3/67 8/1/1 23/56/10
f 79/59/101 80/62/102 84/58/102
f 84/58/102 80/62/102 81/61/103
f 81/61/103 82/66/104 86/63/104
f 82/66/104 23/1237/51 28/65/51
f 89/29/105 87/26/78 88/9/70
f 91/28/81 89/29/105 90/7/72
f 93/2/66 91/28/81 92/14/74
f 33/67/52 34/68/53 93/2/66
f 96/43/93 95/45/95 99/69/6
f 101/71/6 97/39/90 96/43/93
f 98/38/88 97/39/90 101/71/6
f 48/74/6 43/73/54 98/38/88
f 74/49/99 102/1238/154 101/75/106
f 48/76/56 102/1238/154 74/49/99
f 106/78/107 53/94/57 3/77/57
f 107/81/34 109/87/108 104/80/108
f 108/84/109 59/1239/61 53/83/61
f 109/87/108 110/88/110 105/86/110
f 110/88/110 108/84/109 106/85/109
f 98/38/88 43/73/54 59/93/111
f 104/91/87 105/92/113 65/90/113
f 105/92/113 106/78/107 66/79/107
f 141/2/114 136/68/188 115/1/115
f 36/9/9 4/8/8 112/15/118
f 112/15/118 113/19/123 140/14/121
f 113/19/123 114/18/127 142/23/124
f 111/24/126 135/67/149 142/23/124
f 35/26/21 137/29/129 116/25/128
f 137/29/129 139/28/148 117/30/130
f 117/30/130 139/28/148 141/2/114
f 121/32/131 149/75/110 148/31/108
f 4/36/30 54/35/30 152/91/133
f 145/39/134 146/38/150 156/89/135
f 120/33/132 148/31/108 49/40/34
f 145/39/134 158/37/136 157/42/137
f 44/45/39 144/43/138 157/42/137
f 120/33/132 14/41/35 19/46/40
f 121/32/131 120/33/132 124/47/139
f 122/49/141 121/32/131 125/48/140
f 123/52/143 119/51/151 122/49/141
f 24/53/10 9/27/22 116/25/128
f 128/54/10 116/25/128 117/30/130
f 129/55/10 117/30/130 118/3/116
f 118/3/116 115/1/115 127/56/10
f 24/59/48 128/62/144 132/58/144
f 132/58/144 128/62/144 129/61/145
f 129/61/145 130/66/146 134/63/146
f 130/66/146 127/1237/147 131/65/147
f 137/29/129 35/26/21 36/9/9
f 139/28/148 137/29/129 138/7/119
f 141/2/114 139/28/148 140/14/121
f 135/67/149 136/68/188 141/2/114
f 144/43/138 44/45/39 49/69/6
f 149/71/6 145/39/134 144/43/138
f 146/38/150 145/39/134 149/71/6
f 147/74/6 143/73/189 146/38/150
f 122/49/141 150/1238/109 149/75/110
f 147/76/61 150/1238/109 122/49/141
f 114/79/152 154/78/152 151/94/153
f 58/81/60 157/87/84 152/80/84
f 156/84/154 155/1239/56 151/83/56
f 157/87/84 158/88/106 153/86/106
f 158/88/106 156/84/154 154/85/154
f 146/38/150 143/73/189 155/93/155
f 152/91/133 153/92/156 113/90/156
f 153/92/156 154/78/152 114/79/152
f 115/1/115 136/68/188 181/2/157
f 178/7/160 159/15/164 63/8/161
f 180/14/163 160/19/167 159/15/164
f 182/23/166 161/18/168 160/19/167
f 182/23/166 135/67/149 111/24/126
f 162/25/169 177/29/171 87/26/78
f 163/30/170 179/28/172 177/29/171
f 163/30/170 164/3/158 181/2/157
f 186/31/59 187/75/63 166/32/173
f 63/36/86 159/34/175 189/91/175
f 194/37/176 192/89/192 185/38/177
f 99/40/60 186/31/59 165/33/174
f 193/42/179 194/37/176 184/39/178
f 107/44/94 193/42/179 183/43/180
f 75/46/96 71/41/91 165/33/174
f 169/48/182 168/47/181 165/33/174
f 169/48/182 166/32/173 167/49/183
f 123/52/143 170/50/184 167/49/183
f 79/53/10 171/54/10 162/25/169
f 171/54/10 172/55/10 163/30/170
f 172/55/10 173/57/10 164/3/158
f 127/56/10 115/1/115 164/3/158
f 174/58/185 171/62/185 79/59/101
f 174/58/185 175/64/186 172/61/186
f 176/63/187 173/66/187 172/61/186
f 131/65/147 127/1237/147 173/66/187
f 88/9/70 87/26/78 177/29/171
f 178/7/160 177/29/171 179/28/172
f 180/14/163 179/28/172 181/2/157
f 135/67/149 182/23/166 181/2/157
f 99/69/6 95/45/95 183/43/180
f 186/70/6 183/43/180 184/39/178
f 187/71/6 184/39/178 185/38/177
f 188/72/6 185/38/177 143/73/189
f 187/75/63 188/1238/62 167/49/183
f 167/49/183 188/1238/62 147/76/61
f 111/77/153 151/94/153 191/78/190
f 189/80/26 193/87/26 107/81/34
f 151/83/56 155/1239/56 192/84/191
f 190/86/55 194/88/55 193/87/26
f 191/85/191 192/84/191 194/88/55
f 192/89/192 155/93/155 143/73/189
f 160/90/193 190/92/193 189/91/175
f 160/90/193 161/79/190 191/78/190
f 281/101/200 284/247/328 276/102/201
f 215/104/203 216/121/218 210/105/204
f 275/114/211 278/103/202 271/115/212
f 198/99/198 204/110/208 202/111/209
f 291/131/226 292/196/283 286/132/227
f 222/129/225 221/128/224 228/145/239
f 274/158/252 277/189/277 268/159/253
f 221/128/224 222/129/225 216/121/218
f 312/185/273 318/218/305 317/186/274
f 271/115/212 278/103/202 276/102/201
f 202/111/209 206/113/210 196/95/194
f 243/152/246 245/155/249 239/157/251
f 304/190/278 306/203/290 295/191/279
f 201/109/195 205/108/207 200/193/281
f 274/158/252 269/160/254 270/188/276
f 209/106/205 210/105/204 206/113/210
f 277/189/277 274/158/252 283/208/295
f 345/210/297 347/271/345 331/211/298
f 203/98/197 199/100/199 200/193/281
f 314/213/300 320/217/304 321/214/301
f 314/213/300 316/221/308 322/216/303
f 318/218/305 324/223/310 323/219/306
f 308/220/307 310/242/326 316/221/308
f 319/222/309 325/246/327 324/223/310
f 339/224/311 341/1240/324 329/225/312
f 223/135/230 229/142/236 228/145/239
f 228/145/239 229/142/236 233/227/314
f 229/142/236 226/137/232 234/150/244
f 234/150/244 226/137/232 230/139/234
f 232/146/240 238/156/250 237/147/241
f 232/146/240 233/227/314 239/157/251
f 233/227/314 234/150/244 240/149/243
f 248/172/257 242/154/248 244/153/247
f 313/230/315 319/222/309 318/218/305
f 245/155/249 243/152/246 251/169/262
f 251/169/262 256/176/267 255/173/264
f 267/181/271 258/175/266 260/177/268
f 322/216/303 338/269/344 333/231/316
f 260/179/268 259/178/269 263/233/318
f 259/178/269 257/174/265 264/234/319
f 261/232/317 265/236/321 264/234/319
f 261/232/317 256/176/267 266/235/320
f 266/235/320 256/176/267 258/175/266
f 263/233/318 264/234/319 269/160/254
f 264/234/319 265/236/321 270/188/276
f 266/235/320 271/115/212 270/188/276
f 266/235/320 267/181/271 272/116/213
f 275/114/211 273/184/272 279/237/322
f 341/239/324 345/210/297 330/212/299
f 308/220/307 314/213/300 315/215/302
f 310/242/326 311/1241/275 317/243/274
f 277/189/277 280/209/296 279/244/322
f 278/103/202 275/114/211 282/238/323
f 317/243/274 323/268/306 322/216/303
f 319/222/309 315/262/302 321/245/301
f 283/208/295 274/158/252 276/102/201
f 290/248/329 282/238/323 279/237/322
f 279/244/322 280/209/296 286/132/227
f 286/132/227 280/209/296 283/208/295
f 284/247/328 288/195/282 287/133/228
f 284/247/328 281/101/200 289/250/330
f 281/101/200 282/238/323 290/248/329
f 293/200/287 289/250/330 290/248/329
f 336/252/332 332/294/360 326/253/333
f 292/196/283 291/131/226 297/255/335
f 294/251/331 285/249/284 298/256/286
f 293/200/287 294/251/331 300/257/336
f 296/198/285 297/255/335 302/204/291
f 305/258/337 300/257/336 298/256/286
f 300/257/336 305/258/337 304/190/278
f 305/258/337 303/259/289 309/260/338
f 313/230/315 309/1242/325 315/262/302
f 307/205/292 306/203/290 311/263/340
f 306/203/290 304/190/278 312/265/341
f 312/265/341 304/190/278 305/258/337
f 252/167/260 257/174/265 259/178/269
f 325/246/327 321/245/301 335/266/342
f 323/268/306 342/289/347 338/269/344
f 336/270/332 327/1243/334 331/211/298
f 321/214/301 320/217/304 333/231/316
f 324/223/310 325/246/327 348/267/343
f 324/223/310 344/273/346 342/274/347
f 327/277/334 326/1244/333 328/275/313
f 328/275/313 329/1245/312 330/276/299
f 330/276/299 331/1246/298 327/277/334
f 338/269/344 340/279/349 334/278/348
f 340/279/349 339/291/357 332/280/350
f 347/281/351 349/292/358 337/282/352
f 337/282/352 349/292/358 348/267/343
f 335/272/342 333/231/316 334/278/348
f 337/284/352 334/278/348 332/280/350
f 344/273/346 346/293/359 343/286/354
f 343/286/354 346/293/359 345/287/355
f 342/289/347 343/290/354 340/279/349
f 343/290/354 341/1247/356 339/291/357
f 344/273/346 348/267/343 349/292/358
f 346/293/359 349/292/358 347/281/351
f 339/224/311 328/226/313 326/253/333
f 351/295/61 353/298/361 352/296/361
f 353/298/361 355/300/362 354/299/362
f 355/300/362 357/302/34 356/301/34
f 357/302/34 359/304/363 358/303/363
f 359/304/363 361/306/364 360/305/364
f 361/306/364 363/308/56 362/307/56
f 363/308/56 365/310/365 364/309/365
f 365/310/365 367/312/366 366/311/366
f 367/312/366 369/314/60 368/313/60
f 369/314/60 371/316/367 370/315/367
f 371/316/367 373/318/368 372/317/368
f 373/318/368 351/1248/61 350/319/61
f 394/320/369 399/328/369 396/321/369
f 415/326/370 394/320/370 393/322/370
f 399/328/371 416/1249/371 421/329/371
f 422/337/374 381/1250/1137 382/335/372
f 382/335/372 427/404/1138 426/336/373
f 426/336/373 423/402/1139 422/337/374
f 430/340/377 383/1251/1140 380/338/375
f 380/338/375 419/400/1141 418/339/376
f 418/339/376 431/406/1142 430/340/377
f 376/341/378 377/1252/378 379/342/378
f 424/344/379 429/386/379 403/345/379
f 403/345/380 407/353/380 404/348/380
f 407/353/381 411/357/381 408/354/381
f 411/357/382 415/326/382 412/327/382
f 417/333/10 375/332/10 428/351/10
f 428/351/10 431/406/1142 418/339/376
f 436/361/383 437/427/387 433/362/384
f 438/364/386 434/420/390 433/365/384
f 436/367/383 432/1253/385 435/368/388
f 439/370/389 435/1254/388 434/371/390
f 376/373/391 389/1255/391 388/374/391
f 376/376/392 378/1256/392 390/377/393
f 377/379/395 388/1257/408 391/380/396
f 379/382/398 391/1258/398 390/383/398
f 425/349/6 374/323/6 420/325/6
f 420/325/6 423/402/1139 426/336/373
f 427/387/401 382/1259/1143 383/385/399
f 383/385/399 430/1260/1144 429/386/400
f 429/386/400 424/344/1145 427/387/401
f 419/389/404 380/1261/1146 381/388/402
f 381/388/402 422/1262/1147 421/329/403
f 421/329/403 416/1249/1148 419/389/404
f 384/390/405 388/1263/405 389/391/405
f 386/393/406 385/1264/406 389/394/394
f 387/376/407 391/1265/396 388/396/408
f 386/392/409 390/1266/409 391/398/409
f 416/399/410 417/333/1149 418/339/411
f 421/401/413 422/337/1150 423/402/414
f 424/403/416 425/349/1151 426/336/417
f 429/405/419 430/340/1152 431/406/420
f 396/407/422 397/324/422 392/359/422
f 399/409/423 394/418/423 395/360/423
f 421/401/424 420/325/424 397/324/425
f 399/409/426 398/334/426 417/333/426
f 400/410/427 401/330/427 425/349/427
f 429/405/428 428/351/428 402/350/428
f 404/412/429 405/331/429 401/330/429
f 403/411/430 402/350/430 406/352/430
f 404/412/431 408/416/431 409/347/431
f 407/413/432 406/352/432 410/356/432
f 412/415/433 413/355/433 409/347/434
f 411/414/435 410/356/435 414/358/435
f 393/408/436 392/359/436 413/355/436
f 415/417/437 414/358/437 395/360/437
f 433/362/438 381/1267/438 380/419/438
f 434/420/390 382/1268/439 381/421/439
f 435/368/388 432/1253/385 380/422/440
f 434/371/390 435/1254/388 383/424/441
f 436/361/383 384/1269/441 385/426/441
f 438/364/386 437/366/387 385/428/440
f 439/369/389 387/1270/439 384/430/439
f 439/370/438 438/372/438 386/431/438
f 464/433/442 489/445/450 487/434/443
f 469/436/445 488/473/481 455/437/56
f 476/439/446 485/469/473 483/440/447
f 482/442/449 459/450/455 440/443/61
f 489/445/450 468/475/485 467/446/451
f 448/447/452 443/447/452 456/448/453
f 478/449/454 450/466/61 440/443/61
f 486/451/456 454/465/61 441/452/61
f 475/454/458 482/442/449 452/444/61
f 449/456/459 444/455/459 452/444/460
f 490/447/461 475/454/458 444/455/61
f 465/458/462 480/468/472 451/459/56
f 492/447/463 457/447/56 449/456/56
f 484/462/465 453/457/56 446/463/56
f 445/460/467 441/452/467 454/465/468
f 446/463/6 440/443/6 450/466/470
f 451/459/470 450/466/470 441/452/467
f 466/467/471 442/1271/61 454/465/61
f 480/468/472 461/464/466 446/463/56
f 485/469/473 460/474/484 458/470/474
f 463/453/457 441/452/61 450/466/61
f 453/457/460 452/444/460 440/443/6
f 493/447/475 476/439/446 474/441/448
f 477/461/464 449/456/56 453/457/56
f 473/447/477 493/447/475 491/447/476
f 481/471/479 464/433/442 462/435/444
f 488/473/481 465/458/462 445/460/56
f 472/447/482 448/447/56 457/447/56
f 457/447/453 456/448/453 444/455/459
f 471/447/483 490/447/461 456/448/61
f 462/435/444 463/453/457 478/449/454
f 481/471/479 460/474/484 461/464/466
f 467/446/451 466/467/471 486/451/456
f 489/445/450 464/433/442 465/458/462
f 491/447/476 474/441/448 475/454/458
f 473/447/477 472/447/482 492/447/463
f 483/440/447 458/470/474 459/450/455
f 476/439/446 477/461/464 484/462/465
f 479/472/480 478/449/454 459/450/455
f 464/433/442 481/471/479 480/468/472
f 474/441/448 483/440/447 482/442/449
f 485/469/473 484/462/465 461/464/466
f 487/434/443 486/451/456 463/453/457
f 468/475/485 489/445/450 488/473/481
f 470/447/478 491/447/476 490/447/461
f 493/447/475 492/447/463 477/461/464
f 460/474/484 481/471/479 479/472/480
f 569/476/10 536/537/10 543/477/10
f 574/485/486 514/494/491 502/486/487
f 503/488/489 515/512/490 549/489/490
f 517/491/10 565/519/10 563/492/10
f 514/494/491 515/520/10 503/495/10
f 547/496/492 550/524/513 516/497/493
f 566/499/495 518/522/511 506/500/496
f 507/505/501 519/514/509 520/506/502
f 574/485/486 576/527/516 524/508/504
f 520/506/502 521/510/506 509/509/505
f 504/498/494 516/497/493 517/491/10
f 521/510/506 522/530/519 510/511/507
f 515/512/490 525/531/508 552/513/508
f 506/500/496 518/522/511 519/514/509
f 522/515/59 513/563/59 523/516/60
f 527/518/10 567/538/10 565/519/10
f 524/508/504 525/540/10 515/520/10
f 568/521/510 528/542/524 518/522/511
f 550/524/513 553/544/526 526/525/514
f 578/526/515 533/539/522 524/508/504
f 530/528/517 531/547/529 521/510/506
f 516/497/493 526/525/514 527/518/10
f 521/510/506 531/547/529 532/529/518
f 525/531/508 534/550/520 555/532/520
f 518/522/511 528/542/524 529/533/521
f 541/534/62 511/560/62 512/535/63
f 536/537/10 569/476/10 567/538/10
f 533/539/522 534/553/10 525/540/10
f 519/514/509 529/533/521 530/528/517
f 570/541/523 537/561/539 528/542/524
f 553/544/526 556/556/536 535/545/527
f 539/546/528 540/557/537 531/547/529
f 526/525/514 535/545/527 536/537/10
f 531/547/529 540/557/537 541/548/530
f 494/549/531 558/1272/531 555/532/520
f 528/542/524 537/561/539 538/551/532
f 542/552/533 494/1273/10 534/553/10
f 529/533/521 538/551/532 539/546/528
f 578/526/515 580/594/558 542/552/533
f 559/555/535 495/595/606 535/545/527
f 535/545/527 495/595/606 543/477/10
f 540/557/537 498/565/542 545/558/538
f 545/559/61 501/1274/61 511/560/62
f 537/561/539 496/596/607 497/562/540
f 532/536/63 512/535/63 513/563/59
f 538/551/532 497/562/540 544/564/541
f 539/546/528 544/564/541 498/565/542
f 550/566/543 547/597/544 548/567/544
f 548/569/545 546/598/545 549/570/546
f 550/566/543 551/568/543 554/572/547
f 551/571/546 549/570/546 552/574/548
f 553/573/547 554/572/547 557/576/549
f 554/575/548 552/574/548 555/578/550
f 556/577/549 557/576/549 560/580/551
f 560/582/552 557/579/550 555/578/550
f 564/501/497 563/1275/1153 565/584/553
f 566/499/495 565/584/553 567/585/554
f 568/521/510 567/585/554 569/586/555
f 570/541/523 569/586/555 562/587/556
f 561/588/557 496/596/607 537/561/539
f 572/589/488 571/504/500 573/503/499
f 576/591/516 574/590/486 573/503/499
f 578/592/515 576/591/516 575/523/512
f 578/592/515 577/543/525 579/554/534
f 639/476/10 562/478/10 543/477/10
f 581/486/559 593/494/564 644/485/560
f 582/488/562 621/490/562 624/489/563
f 633/492/10 635/519/10 596/491/10
f 582/495/10 594/520/10 593/494/564
f 583/498/565 595/497/580 625/524/566
f 585/500/568 597/522/584 636/499/569
f 586/505/573 587/507/579 599/506/574
f 644/485/560 593/494/564 603/508/576
f 588/509/578 600/510/582 599/506/574
f 583/498/565 584/493/10 596/491/10
f 589/511/581 601/530/1154 600/510/582
f 594/512/563 624/489/563 627/513/583
f 585/500/568 586/505/573 598/514/575
f 602/516/34 592/563/108 601/515/108
f 635/519/10 637/538/10 606/518/10
f 594/520/10 604/540/10 603/508/576
f 597/522/584 607/542/595 638/521/585
f 625/524/566 595/497/580 605/525/587
f 603/508/576 612/539/596 648/526/589
f 600/510/582 610/547/592 609/528/590
f 595/497/580 596/491/10 606/518/10
f 600/510/582 601/530/1154 611/529/591
f 604/531/583 627/513/583 630/532/593
f 597/522/584 598/514/575 608/533/594
f 591/535/110 590/560/109 620/534/109
f 637/538/10 639/476/10 615/537/10
f 604/540/10 613/553/10 612/539/596
f 598/514/575 599/506/574 609/528/590
f 607/542/595 616/561/605 640/541/597
f 605/525/587 614/545/601 631/556/599
f 610/547/592 619/557/603 618/546/600
f 605/525/587 606/518/10 615/537/10
f 610/547/592 611/529/591 620/548/602
f 630/532/593 558/1272/531 494/549/531
f 607/542/595 608/533/594 617/551/604
f 613/553/10 494/1273/10 542/552/533
f 608/533/594 609/528/590 618/546/600
f 648/526/589 612/539/596 542/552/533
f 614/545/601 495/595/606 559/555/535
f 614/545/601 615/537/10 543/477/10
f 619/557/603 620/548/602 545/558/538
f 590/560/109 501/1274/61 545/559/61
f 616/561/605 617/551/604 497/562/540
f 592/563/108 591/535/110 611/536/110
f 617/551/604 618/546/600 544/564/541
f 619/557/603 498/565/542 544/564/541
f 625/566/608 626/568/608 623/567/609
f 626/571/610 624/570/610 621/598/611
f 629/572/612 626/568/608 625/566/608
f 627/574/613 624/570/610 626/571/610
f 632/576/614 629/572/612 628/573/612
f 630/578/615 627/574/613 629/575/613
f 559/581/551 560/580/551 632/576/614
f 560/582/552 558/583/552 630/578/615
f 635/584/616 633/1275/1155 634/501/570
f 637/585/617 635/584/616 636/499/569
f 639/586/618 637/585/617 638/521/585
f 562/587/556 639/586/618 640/541/597
f 616/561/605 496/596/607 561/588/557
f 643/503/572 641/504/571 642/589/561
f 646/591/577 645/523/586 643/503/572
f 648/592/589 647/543/598 645/523/586
f 579/554/534 647/543/598 648/592/589
f 707/476/10 702/478/10 686/477/10
f 502/486/487 658/494/621 710/485/619
f 503/488/489 546/490/489 689/489/620
f 563/492/10 703/519/10 661/491/10
f 503/495/10 659/520/10 658/494/621
f 547/496/492 504/498/494 660/497/622
f 506/500/496 662/522/632 704/499/624
f 507/505/501 508/507/503 664/506/626
f 658/494/621 667/508/633 712/527/628
f 509/509/505 665/510/630 664/506/626
f 504/498/494 505/493/10 661/491/10
f 509/509/505 510/511/507 666/530/629
f 659/512/620 689/489/620 692/513/631
f 506/500/496 507/505/501 663/514/627
f 523/516/60 657/563/84 666/515/84
f 703/519/10 705/538/10 670/518/10
f 659/520/10 668/540/10 667/508/633
f 662/522/632 671/542/644 706/521/634
f 690/524/623 660/497/622 669/525/636
f 667/508/633 676/539/645 714/526/638
f 665/510/630 674/547/641 673/528/639
f 660/497/622 661/491/10 670/518/10
f 665/510/630 666/530/629 675/529/640
f 668/531/631 692/513/631 695/532/642
f 662/522/632 663/514/627 672/533/643
f 656/535/106 655/560/154 684/534/154
f 705/538/10 707/476/10 679/537/10
f 668/540/10 677/553/10 676/539/645
f 663/514/627 664/506/626 673/528/639
f 671/542/644 680/561/655 708/541/646
f 693/544/637 669/525/636 678/545/648
f 674/547/641 683/557/652 682/546/650
f 669/525/636 670/518/10 679/537/10
f 674/547/641 675/529/640 684/548/651
f 695/532/642 698/1272/653 649/549/653
f 671/542/644 672/533/643 681/551/654
f 677/553/10 649/1273/10 685/552/656
f 672/533/643 673/528/639 682/546/650
f 714/526/638 676/539/645 685/552/656
f 678/545/648 650/595/660 699/555/659
f 678/545/648 679/537/10 686/477/10
f 683/557/652 684/548/651 688/558/661
f 655/560/154 654/1274/56 688/559/56
f 680/561/655 681/551/654 652/562/663
f 657/563/84 656/535/106 675/536/106
f 681/551/654 682/546/650 687/564/665
f 682/546/650 683/557/652 653/565/662
f 691/568/666 548/567/544 547/597/544
f 689/570/667 546/598/545 548/569/545
f 694/572/668 691/568/666 690/566/666
f 692/574/669 689/570/667 691/571/667
f 697/576/670 694/572/668 693/573/668
f 695/578/671 692/574/669 694/575/669
f 699/581/672 700/580/672 697/576/670
f 700/582/673 698/583/673 695/578/671
f 703/584/674 563/1275/1153 564/501/497
f 705/585/675 703/584/674 704/499/624
f 707/586/676 705/585/675 706/521/634
f 702/587/677 707/586/676 708/541/646
f 680/561/655 651/596/664 701/588/678
f 709/503/625 571/504/500 572/589/488
f 712/591/628 711/523/635 709/503/625
f 713/543/647 711/523/635 712/591/628
f 715/554/658 713/543/647 714/592/638
f 760/476/10 741/537/10 686/477/10
f 763/485/679 720/494/681 581/486/559
f 582/488/562 721/512/680 747/489/680
f 723/491/10 756/519/10 633/492/10
f 720/494/681 721/520/10 582/495/10
f 622/496/567 748/524/694 722/497/682
f 757/499/683 724/522/692 585/500/568
f 586/505/573 725/514/689 726/506/685
f 765/527/686 729/508/690 720/494/681
f 726/506/685 727/510/698 588/509/578
f 583/498/565 722/497/682 723/491/10
f 588/509/578 727/510/698 728/530/687
f 721/512/680 730/531/688 750/513/688
f 585/500/568 724/522/692 725/514/689
f 728/515/26 719/563/26 602/516/34
f 732/518/10 758/538/10 756/519/10
f 729/508/690 730/540/10 721/520/10
f 759/521/691 733/542/704 724/522/692
f 748/524/694 751/544/706 731/525/695
f 767/526/696 738/539/702 729/508/690
f 735/528/697 736/547/709 727/510/698
f 722/497/682 731/525/695 732/518/10
f 727/510/698 736/547/709 737/529/699
f 739/550/700 753/532/700 750/513/688
f 724/522/692 733/542/704 734/533/701
f 746/534/191 717/560/191 718/535/55
f 741/537/10 760/476/10 758/538/10
f 738/539/702 739/553/10 730/540/10
f 725/514/689 734/533/701 735/528/697
f 761/541/703 742/561/714 733/542/704
f 751/544/706 754/556/712 740/545/707
f 744/546/708 745/557/713 736/547/709
f 731/525/695 740/545/707 741/537/10
f 736/547/709 745/557/713 746/548/710
f 649/549/653 698/1272/653 753/532/700
f 733/542/704 742/561/714 743/551/711
f 685/552/656 649/1273/10 739/553/10
f 734/533/701 743/551/711 744/546/708
f 767/526/696 716/594/657 685/552/656
f 699/555/659 650/595/660 740/545/707
f 740/545/707 650/595/660 686/477/10
f 745/557/713 653/565/662 688/558/661
f 688/559/56 654/1274/56 717/560/191
f 742/561/714 651/596/664 652/562/663
f 737/536/55 718/535/55 719/563/26
f 743/551/711 652/562/663 687/564/665
f 687/564/665 653/565/662 745/557/713
f 622/597/609 623/567/609 749/568/715
f 623/569/611 621/598/611 747/570/716
f 748/566/715 749/568/715 752/572/717
f 749/571/716 747/570/716 750/574/718
f 751/573/717 752/572/717 755/576/719
f 752/575/718 750/574/718 753/578/720
f 754/577/719 755/576/719 700/580/672
f 700/582/673 755/579/720 753/578/720
f 634/501/570 633/1275/1155 756/584/721
f 757/499/683 756/584/721 758/585/722
f 759/521/691 758/585/722 760/586/723
f 761/541/703 760/586/723 702/587/677
f 701/588/678 651/596/664 742/561/714
f 642/589/561 641/504/571 762/503/684
f 765/591/686 763/590/679 762/503/684
f 765/591/686 764/523/693 766/543/705
f 767/592/696 766/543/705 715/554/658
f 787/599/378 788/1231/378 793/600/378
f 809/605/371 788/1231/371 787/599/371
f 793/600/379 810/1276/379 815/607/379
f 816/615/727 775/1277/1156 776/613/725
f 776/613/725 821/682/1157 820/614/726
f 820/614/726 817/680/1158 816/615/727
f 824/618/730 777/1278/1159 774/616/728
f 774/616/728 813/678/1160 812/617/729
f 812/617/729 825/684/1161 824/618/730
f 771/619/380 773/1232/380 772/620/380
f 823/622/381 797/626/1162 794/623/381
f 797/626/382 801/1279/382 798/627/382
f 798/627/370 801/1279/370 805/632/370
f 805/632/369 809/605/369 806/606/369
f 811/611/10 769/610/10 822/630/10
f 822/630/10 825/684/1161 812/617/729
f 830/639/731 831/705/735 827/640/732
f 832/642/734 828/698/738 827/643/732
f 830/645/731 826/1233/733 829/646/736
f 833/648/737 829/1234/736 828/649/738
f 771/651/739 770/1235/739 783/652/739
f 770/654/740 772/1280/740 784/655/741
f 771/657/743 782/1281/755 785/658/744
f 773/660/745 785/1282/745 784/661/745
f 819/628/6 768/602/6 814/604/6
f 814/604/6 817/680/1158 820/614/726
f 821/664/748 776/1283/1163 777/663/746
f 777/663/746 824/1284/1164 823/622/747
f 823/622/747 818/624/1165 821/664/748
f 813/666/751 774/1285/1166 775/665/749
f 775/665/749 816/1286/1167 815/607/750
f 815/607/750 810/1276/1168 813/666/751
f 778/667/752 782/1287/752 783/668/752
f 780/670/753 779/1288/753 783/671/742
f 781/654/754 785/1289/744 782/673/755
f 781/667/756 780/669/756 784/675/756
f 810/677/757 811/611/1169 812/617/758
f 815/679/760 816/615/1170 817/680/761
f 818/681/763 819/628/1171 820/614/764
f 823/683/766 824/618/1172 825/684/767
f 790/685/769 791/603/769 786/637/770
f 788/687/771 789/638/771 792/612/771
f 815/679/427 814/604/427 791/603/427
f 793/688/428 792/612/428 811/611/428
f 818/681/772 794/691/431 795/608/431
f 823/683/773 822/630/773 796/629/432
f 798/690/774 799/609/774 795/608/434
f 797/689/435 796/629/435 800/631/435
f 802/693/436 803/625/436 799/609/436
f 805/694/437 801/692/437 800/631/437
f 806/695/422 807/634/422 803/625/422
f 805/694/423 804/635/423 808/636/423
f 787/686/425 786/637/425 807/634/425
f 809/696/426 808/636/426 789/638/775
f 827/640/776 775/1236/776 774/697/776
f 828/698/738 776/1290/777 775/699/777
f 829/646/736 826/1233/733 774/700/778
f 828/649/738 829/1234/736 777/702/779
f 830/639/731 778/1291/779 779/704/779
f 832/642/734 831/644/735 779/706/778
f 833/647/737 781/1292/777 778/708/777
f 833/648/776 832/650/776 780/709/776
f 835/711/780 837/1293/1173 836/712/781
f 843/714/783 841/1294/1174 840/715/784
f 840/715/786 841/1294/1175 839/717/787
f 845/719/789 835/711/1176 834/713/790
f 842/716/792 840/715/1177 838/718/793
f 842/716/792 844/720/794 834/713/795
f 838/718/797 839/717/1178 845/719/789
f 836/712/798 837/1293/1179 843/714/783
f 847/711/799 849/1293/1180 848/712/800
f 855/714/802 853/1294/1181 852/715/803
f 852/715/805 853/1294/1182 851/717/806
f 857/719/808 847/711/1183 846/713/809
f 854/716/811 852/715/1184 850/718/812
f 854/716/811 856/720/813 846/713/814
f 850/718/816 851/717/1185 857/719/808
f 848/712/817 849/1293/1186 855/714/802
f 859/711/818 861/1293/1187 860/712/819
f 867/714/821 865/1294/1188 864/715/822
f 864/715/824 865/1294/1189 863/717/825
f 869/719/827 859/711/1190 858/713/828
f 866/716/830 864/715/1191 862/718/831
f 866/716/830 868/720/832 858/713/833
f 862/718/835 863/717/1192 869/719/827
f 860/712/836 861/1293/1193 867/714/821
f 871/711/837 873/1293/1194 872/712/838
f 879/714/840 877/1294/1195 876/715/841
f 876/715/843 877/1294/1196 875/717/844
f 881/719/846 871/711/1197 870/713/847
f 878/716/849 876/715/1198 874/718/850
f 878/716/849 880/720/851 870/713/852
f 874/718/854 875/717/1199 881/719/846
f 872/712/855 873/1293/1200 879/714/840
f 883/711/856 885/1293/1201 884/712/857
f 891/714/859 889/1294/1202 888/715/860
f 888/715/862 889/1294/1203 887/717/863
f 893/719/865 883/711/1204 882/713/866
f 890/716/868 888/715/1205 886/718/869
f 890/716/868 892/720/870 882/713/871
f 886/718/873 887/717/1206 893/719/865
f 884/712/874 885/1293/1207 891/714/859
f 895/711/875 897/1293/1208 896/712/876
f 903/714/878 901/1294/1209 900/715/879
f 900/715/881 901/1294/1210 899/717/882
f 905/719/884 895/711/1211 894/713/885
f 902/716/887 900/715/1212 898/718/888
f 902/716/887 904/720/889 894/713/890
f 898/718/892 899/717/1213 905/719/884
f 896/712/893 897/1293/1214 903/714/878
f 907/711/894 909/1293/1215 908/712/895
f 915/714/897 913/1294/1216 912/715/898
f 912/715/900 913/1294/1217 911/717/901
f 917/719/903 907/711/1218 906/713/904
f 914/716/906 912/715/1219 910/718/907
f 914/716/906 916/720/908 906/713/909
f 910/718/911 911/717/1220 917/719/903
f 908/712/912 909/1293/1221 915/714/897
f 919/711/913 921/1293/1222 920/712/914
f 927/714/916 925/1294/1223 924/715/917
f 924/715/919 925/1294/1224 923/717/920
f 929/719/922 919/711/1225 918/713/923
f 926/716/925 924/715/1226 922/718/926
f 926/716/925 928/720/927 918/713/928
f 922/718/930 923/717/1227 929/719/922
f 920/712/931 921/1293/1228 927/714/916
f 932/721/56 937/729/154 938/722/932
f 930/724/934 935/730/939 936/725/935
f 933/723/933 938/722/932 939/727/937
f 931/726/936 936/725/935 937/729/154
f 935/730/939 940/739/946 941/731/940
f 938/722/932 943/734/942 944/732/941
f 937/729/154 936/725/935 941/731/940
f 937/729/154 942/733/106 943/734/942
f 944/732/941 943/734/942 948/735/943
f 942/733/106 941/731/940 946/737/945
f 942/733/106 947/738/84 948/735/943
f 940/739/946 945/741/948 946/737/945
f 947/738/84 952/744/60 953/740/947
f 945/741/948 950/1295/1229 951/742/949
f 948/735/943 953/740/947 954/743/950
f 947/738/84 946/737/945 951/742/949
f 968/745/154 956/749/154 955/746/56
f 970/748/106 957/751/106 956/749/154
f 972/750/84 958/753/84 957/751/106
f 974/752/60 959/1296/60 958/753/84
f 961/754/154 978/758/154 976/755/56
f 962/757/106 980/760/106 978/758/154
f 963/759/84 982/762/84 980/760/106
f 964/761/60 984/1297/60 982/762/84
f 968/745/951 966/747/952 965/763/952
f 970/748/953 968/745/951 967/764/951
f 970/748/953 969/765/953 971/766/954
f 972/750/954 971/766/954 973/767/955
f 978/758/956 977/769/956 975/768/957
f 980/760/958 979/771/958 977/769/956
f 980/760/958 982/762/959 981/770/959
f 982/762/959 984/1297/960 983/772/960
f 995/785/154 1014/789/154 1012/786/56
f 997/788/106 1016/791/106 1014/789/154
f 999/790/84 1018/793/84 1016/791/106
f 1001/792/60 1020/1298/60 1018/793/84
f 988/794/154 1005/798/154 1003/795/56
f 989/797/106 1007/800/106 1005/798/154
f 990/799/84 1009/802/84 1007/800/106
f 991/801/60 1011/1299/60 1009/802/84
f 995/803/961 993/1300/962 992/804/962
f 997/806/963 995/803/961 994/805/961
f 997/806/963 996/807/963 998/808/964
f 999/809/964 998/808/964 1000/810/965
f 1005/812/966 1004/816/966 1002/813/967
f 1007/815/968 1006/818/968 1004/816/966
f 1009/817/969 1008/820/969 1006/818/968
f 1009/817/969 1011/1301/970 1010/819/970
f 1012/821/967 1014/825/966 1015/822/966
f 1016/824/968 1017/827/968 1015/822/966
f 1018/826/969 1019/829/969 1017/827/968
f 1020/828/970 1021/1302/970 1019/829/969
f 987/830/10 1022/1303/10 1023/831/10
f 988/832/10 1023/831/10 1024/833/10
f 990/835/10 989/834/10 1024/833/10
f 990/835/10 1025/836/10 1026/837/10
f 1022/839/56 1027/1304/56 1028/840/154
f 1023/841/154 1028/840/154 1029/842/106
f 1024/843/106 1029/842/106 1030/844/84
f 1025/845/84 1030/844/84 1031/846/60
f 1037/874/56 1038/1305/56 1040/875/154
f 1040/880/154 1042/1306/106 1041/881/106
f 1041/881/106 1042/1306/106 1044/884/84
f 1044/889/84 1046/1307/60 1045/890/60
f 1050/892/982 1049/900/191 932/893/56
f 931/895/936 1048/902/986 1047/896/983
f 1051/898/984 1050/892/982 933/894/933
f 1049/900/191 1048/902/986 931/895/936
f 1053/901/985 1052/908/991 1047/896/983
f 1051/898/984 1056/904/988 1055/903/987
f 1049/900/191 1054/906/55 1053/901/985
f 1055/903/987 1054/906/55 1049/900/191
f 1056/904/988 1061/914/996 1060/905/989
f 1054/906/55 1059/910/26 1058/907/990
f 1060/905/989 1059/910/26 1054/906/55
f 1058/907/990 1057/912/994 1052/908/991
f 1065/909/992 1064/1308/34 1059/910/26
f 1063/911/993 1062/1309/1230 1057/912/994
f 1066/913/995 1065/909/992 1060/905/989
f 1059/910/26 1064/1308/34 1063/911/993
f 955/915/56 1067/918/191 1076/916/191
f 1067/918/191 1068/920/55 1078/919/55
f 1068/920/55 1069/922/26 1080/921/26
f 1069/922/26 1070/1310/34 1082/923/34
f 976/924/56 1084/927/191 1071/925/191
f 1084/927/191 1086/929/55 1072/928/55
f 1086/929/55 1088/931/26 1073/930/26
f 1088/931/26 1090/941/34 1074/932/34
f 1076/916/997 1075/934/997 965/933/952
f 1078/919/998 1077/1311/998 1075/934/997
f 1079/935/999 1077/1311/998 1078/919/998
f 1081/936/1000 1079/935/999 1080/921/999
f 975/937/957 1083/938/1001 1084/927/1001
f 1083/938/1001 1085/1312/1002 1086/929/1002
f 1086/929/1002 1085/1312/1002 1087/939/1003
f 1088/931/1003 1087/939/1003 1089/940/1004
f 1012/954/56 1111/957/191 1096/955/191
f 1111/957/191 1113/959/55 1098/958/55
f 1113/959/55 1115/961/26 1100/960/26
f 1115/961/26 1117/1313/34 1102/962/34
f 1003/963/56 1104/966/191 1091/964/191
f 1104/966/191 1106/968/55 1092/967/55
f 1106/968/55 1108/970/26 1093/969/26
f 1108/970/26 1110/1314/34 1094/971/34
f 1096/972/1005 1095/976/1005 992/973/962
f 1098/975/1006 1097/978/1006 1095/976/1005
f 1100/977/1007 1099/1059/1007 1097/978/1006
f 1101/979/1008 1099/1059/1007 1100/977/1007
f 1002/981/967 1103/984/1009 1104/982/1009
f 1103/984/1009 1105/986/1010 1106/985/1010
f 1105/986/1010 1107/1315/1011 1108/987/1011
f 1108/987/1011 1107/1315/1011 1109/988/1012
f 1013/990/967 1112/1060/1009 1111/991/1009
f 1111/991/1009 1112/1060/1009 1114/993/1010
f 1114/993/1010 1116/996/1011 1115/995/1011
f 1116/996/1011 1118/1316/1012 1117/997/1012
f 1119/998/10 1022/1317/10 987/999/10
f 1120/1001/10 1119/998/10 1091/1000/10
f 1093/1003/10 1121/1005/10 1120/1001/10
f 1094/1004/10 1122/1318/10 1121/1005/10
f 1123/1006/191 1027/1319/56 1022/1007/56
f 1124/1009/55 1123/1006/191 1119/1008/191
f 1125/1011/26 1124/1009/55 1120/1010/55
f 1126/1013/34 1125/1011/26 1121/1012/26
f 1037/1041/56 1127/1320/191 1128/1042/191
f 1129/1047/55 1130/1052/55 1128/1048/191
f 1129/1047/55 1131/1321/26 1132/1051/26
f 1133/1056/34 1134/1322/34 1132/1057/26
f 1143/892/1022 1142/900/62 1137/893/61
f 1141/902/1024 1140/896/1030 1135/897/1025
f 1144/898/1027 1143/892/1022 1138/894/1023
f 1137/893/61 1142/900/62 1141/902/1024
f 1146/901/1029 1145/908/1036 1140/896/1030
f 1149/904/1031 1148/903/1032 1143/892/1022
f 1142/900/62 1147/906/63 1146/901/1029
f 1148/903/1032 1147/906/63 1142/900/62
f 1154/914/1033 1153/905/1035 1148/903/1032
f 1147/906/63 1152/910/59 1151/907/1034
f 1153/905/1035 1152/910/59 1147/906/63
f 1151/907/1034 1150/912/1037 1145/908/1036
f 953/909/947 952/1308/60 1152/910/59
f 951/911/949 950/1309/1229 1150/912/1037
f 954/913/950 953/909/947 1153/905/1035
f 1152/910/59 952/1308/60 951/911/949
f 1155/915/61 1156/918/62 1166/916/62
f 1156/918/62 1157/920/63 1168/919/63
f 1157/920/63 1158/922/59 1170/921/59
f 1158/922/59 959/1310/60 974/923/60
f 1172/924/61 1174/927/62 1160/925/62
f 1174/927/62 1176/929/63 1161/928/63
f 1176/929/63 1178/931/59 1162/930/59
f 1178/931/59 984/941/60 964/932/60
f 1166/916/1038 1165/934/1038 1163/933/1039
f 1168/919/1040 1167/1311/1040 1165/934/1038
f 1169/935/1041 1167/1311/1040 1168/919/1040
f 973/936/955 1169/935/1041 1170/921/1041
f 1171/937/1042 1173/938/1043 1174/927/1043
f 1173/938/1043 1175/1312/1044 1176/929/1044
f 1176/929/1044 1175/1312/1044 1177/939/1045
f 1178/931/1045 1177/939/1045 983/940/960
f 1199/954/61 1201/957/62 1186/955/62
f 1201/957/62 1203/959/63 1188/958/63
f 1203/959/63 1205/961/59 1190/960/59
f 1205/961/59 1020/1313/60 1001/962/60
f 1192/963/61 1194/966/62 1180/964/62
f 1194/966/62 1196/968/63 1181/967/63
f 1196/968/63 1198/970/59 1182/969/59
f 1198/970/59 1011/1314/60 991/971/60
f 1186/972/1046 1185/976/1046 1183/973/1047
f 1188/975/1048 1187/978/1048 1185/976/1046
f 1189/1059/1049 1187/978/1048 1188/975/1048
f 1000/979/965 1189/1059/1049 1190/977/1049
f 1191/981/1050 1193/984/1051 1194/982/1051
f 1193/984/1051 1195/986/1052 1196/985/1052
f 1195/986/1052 1197/1315/1053 1198/987/1053
f 1198/987/1053 1197/1315/1053 1010/988/970
f 1199/992/1050 1200/990/1050 1202/1060/1051
f 1202/1060/1051 1204/993/1052 1203/994/1052
f 1204/993/1052 1206/996/1053 1205/995/1053
f 1206/996/1053 1021/1316/970 1020/997/970
f 1208/998/10 1207/1317/10 1179/999/10
f 1209/1001/10 1208/998/10 1180/1000/10
f 1182/1003/10 1210/1005/10 1209/1001/10
f 991/1004/10 1026/1318/10 1210/1005/10
f 1212/1006/62 1211/1319/61 1207/1007/61
f 1213/1009/63 1212/1006/62 1208/1008/62
f 1214/1011/59 1213/1009/63 1209/1010/63
f 1031/1013/60 1214/1011/59 1210/1012/59
f 1215/1041/61 1217/1320/62 1218/1042/62
f 1219/1047/63 1220/1052/63 1218/1048/62
f 1219/1047/63 1221/1321/59 1222/1051/59
f 1045/1056/60 1046/1322/60 1222/1057/59
f 1137/1061/61 1225/1069/109 1226/1062/1059
f 1136/1064/1026 1135/1323/1025 1223/1065/1060
f 1138/1063/1023 1226/1062/1059 1227/1067/1062
f 1137/1061/61 1136/1064/1026 1224/1066/1061
f 1223/1065/1060 1228/1078/1069 1229/1070/1063
f 1227/1067/1062 1226/1062/1059 1231/1071/1064
f 1225/1069/109 1224/1066/1061 1229/1070/1063
f 1225/1069/109 1230/1073/110 1231/1071/1064
f 1232/1072/1065 1231/1071/1064 1236/1074/1066
f 1230/1073/110 1229/1070/1063 1234/1076/1068
f 1230/1073/110 1235/1077/108 1236/1074/1066
f 1228/1078/1069 1233/1080/1070 1234/1076/1068
f 1235/1077/108 1064/1083/34 1065/1079/992
f 1233/1080/1070 1062/1324/1230 1063/1081/993
f 1236/1074/1066 1065/1079/992 1066/1082/995
f 1235/1077/108 1234/1076/1068 1063/1081/993
f 1245/1084/109 1238/1088/109 1155/1085/61
f 1247/1087/110 1239/1090/110 1238/1088/109
f 1249/1089/108 1240/1092/108 1239/1090/110
f 1082/1091/34 1070/1325/34 1240/1092/108
f 1241/1093/109 1251/1097/109 1172/1094/61
f 1242/1096/110 1253/1099/110 1251/1097/109
f 1243/1098/108 1255/1101/108 1253/1099/110
f 1074/1100/34 1090/1326/34 1255/1101/108
f 1245/1084/1071 1164/1086/1039 1163/1102/1039
f 1247/1087/1072 1245/1084/1071 1244/1103/1071
f 1247/1087/1072 1246/1104/1072 1248/1105/1073
f 1249/1089/1073 1248/1105/1073 1081/1106/1000
f 1251/1097/1074 1250/1108/1074 1171/1107/1042
f 1253/1099/1075 1252/1110/1075 1250/1108/1074
f 1253/1099/1075 1255/1101/1076 1254/1109/1076
f 1255/1101/1076 1090/1326/1004 1089/1111/1004
f 1260/1124/109 1271/1128/109 1199/1125/61
f 1262/1127/110 1273/1130/110 1271/1128/109
f 1264/1129/108 1275/1132/108 1273/1130/110
f 1102/1131/34 1117/1327/34 1275/1132/108
f 1256/1133/109 1266/1137/109 1192/1134/61
f 1257/1136/110 1268/1139/110 1266/1137/109
f 1258/1138/108 1270/1141/108 1268/1139/110
f 1094/1140/34 1110/1328/34 1270/1141/108
f 1260/1142/1077 1184/1329/1047 1183/1143/1047
f 1260/1142/1077 1259/1144/1077 1261/1145/1078
f 1264/1147/1079 1262/1146/1078 1261/1145/1078
f 1264/1147/1079 1263/1148/1079 1101/1149/1008
f 1266/1151/1080 1265/1155/1080 1191/1152/1050
f 1268/1154/1081 1267/1157/1081 1265/1155/1080
f 1270/1156/1082 1269/1159/1082 1267/1157/1081
f 1270/1156/1082 1110/1330/1012 1109/1158/1012
f 1199/1160/1050 1271/1163/1080 1272/1161/1080
f 1271/1163/1080 1273/1166/1081 1274/1164/1081
f 1275/1165/1082 1276/1168/1082 1274/1164/1081
f 1117/1167/1012 1118/1331/1012 1276/1168/1082
f 1179/1169/10 1207/1332/10 1277/1170/10
f 1256/1171/10 1277/1170/10 1278/1172/10
f 1258/1174/10 1257/1173/10 1278/1172/10
f 1258/1174/10 1279/1175/10 1122/1176/10
f 1207/1178/61 1211/1333/61 1280/1179/109
f 1277/1180/109 1280/1179/109 1281/1181/110
f 1278/1182/110 1281/1181/110 1282/1183/108
f 1279/1184/108 1282/1183/108 1126/1185/34
f 1215/1213/61 1216/1334/61 1284/1214/109
f 1284/1219/109 1286/1335/110 1285/1220/110
f 1285/1220/110 1286/1335/110 1288/1223/108
f 1288/1228/108 1134/1336/34 1133/1229/34
f 1309/1231/380 1314/600/380 1311/601/380
f 1327/606/379 1330/605/379 1309/1231/379
f 1314/600/381 1331/1276/381 1336/607/381
f 1337/615/1088 1296/1277/1231 1297/613/1086
f 1297/613/1086 1342/682/1232 1341/614/1087
f 1341/614/1087 1338/680/1233 1337/615/1088
f 1345/618/1091 1298/1278/1234 1295/616/1089
f 1295/616/1089 1334/678/1235 1333/617/1090
f 1333/617/1090 1346/684/1236 1345/618/1091
f 1291/621/382 1292/619/382 1294/1232/382
f 1344/622/370 1318/626/1237 1315/623/370
f 1318/626/369 1322/1279/369 1319/627/369
f 1319/627/371 1322/1279/371 1326/632/371
f 1326/632/378 1330/605/378 1327/606/378
f 1332/611/10 1290/610/10 1343/630/10
f 1343/630/10 1346/684/1236 1333/617/1090
f 1352/705/1092 1348/640/1096 1347/641/1093
f 1353/642/1095 1349/698/1099 1348/643/1096
f 1354/647/1097 1351/645/1094 1347/1233/1093
f 1353/650/1095 1354/648/1097 1350/1234/1098
f 1291/1235/1100 1304/652/1100 1303/653/1100
f 1291/654/1101 1293/1280/1101 1305/655/1102
f 1292/657/1104 1303/1281/1116 1306/658/1105
f 1294/660/1106 1306/1282/1106 1305/661/1106
f 1340/628/6 1289/602/6 1335/604/6
f 1335/604/6 1338/680/1233 1341/614/1087
f 1342/664/1109 1297/1283/1238 1298/663/1107
f 1298/663/1107 1345/1284/1239 1344/622/1108
f 1344/622/1108 1339/624/1240 1342/664/1109
f 1334/666/1112 1295/1285/1241 1296/665/1110
f 1296/665/1110 1337/1286/1242 1336/607/1111
f 1336/607/1111 1331/1276/1243 1334/666/1112
f 1299/667/1113 1303/1287/1113 1304/668/1113
f 1301/670/1114 1300/1288/1114 1304/671/1103
f 1302/654/1115 1306/1289/1105 1303/673/1116
f 1302/667/1117 1301/669/1117 1305/675/1117
f 1331/677/1118 1332/611/1244 1333/617/1119
f 1336/679/1121 1337/615/1245 1338/680/1122
f 1339/681/1124 1340/628/1246 1341/614/1125
f 1344/683/1127 1345/618/1247 1346/684/1128
f 1311/685/429 1312/603/429 1307/637/429
f 1309/687/430 1310/638/430 1313/612/430
f 1336/679/772 1335/604/772 1312/603/431
f 1331/677/432 1314/688/432 1313/612/432
f 1315/691/436 1316/608/436 1340/628/436
f 1318/689/437 1344/683/1130 1343/630/1130
f 1319/690/422 1320/609/422 1316/608/422
f 1318/689/423 1317/629/423 1321/631/423
f 1323/693/425 1324/625/425 1320/609/425
f 1322/692/426 1321/631/426 1325/635/426
f 1327/695/770 1328/634/770 1324/625/770
f 1326/694/771 1325/635/771 1329/636/771
f 1308/686/427 1307/637/427 1328/634/427
f 1330/696/428 1329/636/428 1310/638/1131
f 1347/641/1132 1348/640/1132 1296/1236/1132
f 1349/698/1099 1297/1290/1133 1296/699/1133
f 1350/646/1098 1347/1233/1093 1295/700/1134
f 1350/1234/1098 1298/702/1135 1297/703/1135
f 1351/639/1094 1299/1291/1135 1300/704/1135
f 1353/642/1095 1352/644/1092 1300/706/1134
f 1354/647/1097 1302/1292/1133 1299/708/1133
f 1353/650/1132 1301/709/1132 1302/710/1132
