{
	"Function Palette": [
		[
			1,
			1,
			1,
			1
		],
		[
			0.90196079015731812,
			0.72156864404678345,
			0.68627452850341797,
			1
		],
		[
			1,
			0.60000002384185791,
			0,
			1
		],
		[
			0,
			0.9529411792755127,
			1,
			1
		],
		[
			0,
			0.67843139171600342,
			0.7137107253074646,
			1
		],
		[
			0,
			1,
			0,
			1
		],
		[
			0,
			1,
			0.58431375026702881,
			1
		],
		[
			1,
			1,
			0,
			1
		],
		[
			1,
			0,
			0,
			1
		],
		[
			0.58823531866073608,
			0,
			0,
			1
		],
		[
			0.86666667461395264,
			0.49411764740943909,
			0.41960784792900085,
			1
		],
		[
			0.58823531866073608,
			0,
			0.58823531866073608,
			1
		],
		[
			0,
			0.44313725829124451,
			0.7607843279838562,
			1
		],
		[
			0.28921568393707275,
			0.40913277864456177,
			1,
			1
		],
		[
			0.48173776268959045,
			0.76106476783752441,
			0.87745100259780884,
			1
		],
		[
			0,
			0.7137107253074646,
			0,
			1
		],
		[
			0.63529413938522339,
			0.98039215803146362,
			1,
			1
		],
		[
			0,
			0.66666662693023682,
			0.5098038911819458,
			1
		],
		[
			0,
			0.67843139171600342,
			0.3960784375667572,
			1
		],
		[
			0,
			0.58431375026702881,
			1,
			1
		],
		[
			0.32843136787414551,
			1,
			0.34878033399581909,
			1
		],
		[
			0.60000002384185791,
			1,
			0.75686275959014893,
			1
		],
		[
			1,
			0,
			1,
			1
		],
		[
			1,
			0.45882353186607361,
			0.45882353186607361,
			1
		],
		[
			0.53129243850708008,
			0.30882352590560913,
			1,
			1
		],
		[
			1,
			0.40022987127304077,
			0.21568626165390015,
			1
		],
		[
			0.78431373834609985,
			0,
			0.50887054204940796,
			1
		],
		[
			1,
			0.97647058963775635,
			0.60000002384185791,
			1
		],
		[
			0.81176453828811646,
			0.60000002384185791,
			1,
			1
		],
		[
			0.71078431606292725,
			0.32126706838607788,
			0.080137453973293304,
			1
		],
		[
			0.64705884456634521,
			1,
			0,
			1
		],
		[
			0.60784316062927246,
			0.43563255667686462,
			0.21751251816749573,
			1
		],
		[
			0.11764705181121826,
			0.11764587461948395,
			0.11764587461948395,
			1
		],
		[
			0.60000002384185791,
			0.68235296010971069,
			1,
			1
		],
		[
			1,
			1,
			1,
			1
		],
		[
			1,
			0.38095217943191528,
			0,
			1
		],
		[
			0.2490868866443634,
			0.71568626165390015,
			0.6191478967666626,
			1
		],
		[
			0.30588236451148987,
			0.53333336114883423,
			0.48627451062202454,
			1
		],
		[
			0.75,
			0.75,
			0.75,
			1
		]
	],
	"UI Palette": {
		"Background Color": [
			0.25,
			0.25,
			0.25,
			0.98
		],
		"Titlebar Color": [
			0.15,
			0.15,
			0.15,
			0.98
		],
		"Item Hovered": [
			0.2,
			0.2,
			0.2,
			0.98
		],
		"Item Clicked": [
			0.1,
			0.1,
			0.1,
			0.98
		],
		"Text Color": [
			0.7,
			0.7,
			0.7,
			1.0
		]
	}
}