# Blender 4.5.0
# www.blender.org
g medium_tower.xml.033_Mesh
v 58.270199 -51.027260 -61.195084
v 58.212303 -44.843834 -61.657257
v 56.970890 -44.843834 -61.550209
v 56.750965 -51.027267 -61.335457
v 57.111202 -44.843834 -67.410362
v 58.191402 -44.843834 -67.513031
v 57.894432 -51.027267 -67.625122
v 56.750965 -51.027267 -67.625122
v 63.525944 -51.027267 -62.468956
v 63.324184 -44.843834 -62.766472
v 63.276020 -44.843834 -61.722343
v 63.429619 -51.027267 -61.507538
v 62.099957 -38.731827 -62.423676
v 62.216221 -38.731827 -62.582481
v 61.414001 -38.731827 -62.582481
v 61.415806 -38.731827 -62.423676
v 57.112682 -38.437241 -62.093727
v 57.112682 -38.437241 -63.063988
v 56.939579 -38.660400 -63.063988
v 56.939579 -38.660400 -61.937141
v 62.533169 -38.437241 -61.921265
v 61.539860 -38.437241 -61.921265
v 61.541637 -38.660400 -61.764961
v 62.702705 -38.660400 -61.764961
v 57.360352 -38.437241 -67.039307
v 58.488373 -38.437241 -67.039307
v 58.488373 -38.660400 -67.195610
v 57.190815 -38.660400 -67.195610
v 62.780838 -38.437241 -66.866844
v 62.780838 -38.437241 -65.896179
v 62.953941 -38.660400 -65.896179
v 62.953941 -38.660400 -67.023430
v 56.701740 -44.843834 -67.082375
v 56.701740 -44.843834 -66.193695
v 56.939579 -38.747734 -65.065903
v 56.939579 -38.660400 -67.023430
v 58.488373 -38.437241 -61.921265
v 58.488373 -38.338745 -62.262138
v 57.705029 -38.338745 -62.262138
v 57.360352 -38.437241 -61.921265
v 62.780838 -38.437241 -63.063988
v 62.403324 -38.338745 -63.063988
v 62.403324 -38.338745 -62.434509
v 62.780838 -38.437241 -62.093727
v 61.481682 -38.470062 -67.039307
v 61.485558 -38.371567 -66.698433
v 62.188492 -38.338745 -66.698433
v 62.533169 -38.437241 -67.039307
v 57.112682 -38.524574 -65.065903
v 57.490196 -38.426079 -65.065903
v 57.490196 -38.338745 -66.526062
v 57.112682 -38.437241 -66.866844
v 58.603348 -38.731827 -62.423676
v 57.798450 -38.731827 -62.423676
v 62.216221 -38.731827 -63.163651
v 61.369270 -38.764641 -66.517662
v 62.099957 -38.731827 -66.517662
v 57.682190 -38.819153 -65.011093
v 57.682190 -38.731827 -66.358856
v 63.006874 -44.843834 -61.550209
v 63.142555 -51.027267 -61.335457
v 57.190815 -38.660400 -61.764961
v 56.358852 -51.027260 -67.112709
v 62.702705 -38.660400 -67.195610
v 62.953941 -38.660400 -61.937141
v 56.701740 -44.843834 -61.722343
v 63.276020 -44.843834 -67.238228
v 63.006874 -44.843834 -67.410362
v 57.490196 -38.338745 -62.434509
v 62.188492 -38.338745 -62.262138
v 62.403324 -38.338745 -66.526062
v 57.705029 -38.338745 -66.698433
v 57.682190 -38.731827 -62.582481
v 62.216221 -38.731827 -66.358856
v 57.798450 -38.731827 -66.517662
v 63.429619 -51.027260 -67.453033
v 63.276020 -44.843834 -66.193695
v 63.429619 -51.027260 -66.491211
v 61.371067 -38.764641 -66.359604
v 61.377686 -38.764641 -65.777306
v 62.216221 -38.731827 -65.777306
v 62.953941 -38.660400 -63.063988
v 56.376663 -51.027267 -62.468956
v 56.701740 -44.843834 -62.766472
v 56.463905 -51.027260 -66.491211
v 62.403324 -38.338745 -65.896179
v 57.490196 -38.338745 -63.063988
v 57.682190 -38.731827 -63.163651
v 61.407394 -38.731827 -63.163651
v 56.463905 -51.027267 -61.507538
v 62.154507 -51.027267 -61.335457
v 61.848072 -44.843834 -61.550209
v 61.479908 -38.693222 -67.195610
v 61.031055 -44.843834 -67.358948
v 58.603348 -38.731827 -62.582481
v 58.488373 -38.660400 -61.764961
v 61.535984 -38.338745 -62.262138
v 58.488373 -38.338745 -66.698433
v 58.603348 -38.731827 -66.517662
v 58.603348 -38.819153 -65.011093
v 58.603348 -38.741013 -66.359062
v 58.603348 -38.731827 -63.163651
v 62.971088 -51.027267 -67.625122
v 60.582203 -51.027267 -67.522278
v 73.404694 -54.688438 -61.195084
v 73.346802 -46.720840 -61.657257
v 72.105377 -46.720840 -61.550209
v 71.885468 -54.688438 -61.335457
v 72.245697 -46.720840 -67.410362
v 73.325897 -46.720840 -67.513031
v 73.028931 -54.688438 -67.625122
v 71.885468 -54.688438 -67.625122
v 78.660446 -54.688438 -62.468956
v 78.458679 -46.720840 -62.766472
v 78.410522 -46.720840 -61.722343
v 78.564117 -54.688438 -61.507538
v 77.234451 -38.845268 -62.423676
v 77.350708 -38.845268 -62.582481
v 76.548492 -38.845268 -62.582481
v 76.550293 -38.845268 -62.423676
v 72.247177 -38.465683 -62.093727
v 72.247177 -38.465683 -63.063988
v 72.074081 -38.753235 -63.063988
v 72.074081 -38.753235 -61.937141
v 77.667664 -38.465683 -61.921265
v 76.674362 -38.465683 -61.921265
v 76.676132 -38.753235 -61.764961
v 77.837204 -38.753235 -61.764961
v 72.494843 -38.465683 -67.039307
v 73.622864 -38.465683 -67.039307
v 73.622864 -38.753235 -67.195610
v 72.325302 -38.753235 -67.195610
v 77.915329 -38.465683 -66.866844
v 77.915329 -38.465683 -65.896179
v 78.088440 -38.753235 -65.896179
v 78.088440 -38.753235 -67.023430
v 71.836243 -46.720840 -67.082375
v 71.836243 -46.720840 -66.193695
v 72.074081 -38.865761 -65.065903
v 72.074081 -38.753235 -67.023430
v 73.622864 -38.465683 -61.921265
v 73.622864 -38.338768 -62.262146
v 72.839523 -38.338768 -62.262146
v 72.494843 -38.465683 -61.921265
v 77.915329 -38.465683 -63.063988
v 77.537827 -38.338768 -63.063988
v 77.537827 -38.338768 -62.434509
v 77.915329 -38.465683 -62.093727
v 76.616180 -38.507973 -67.039307
v 76.620056 -38.381058 -66.698433
v 77.322983 -38.338768 -66.698433
v 77.667664 -38.465683 -67.039307
v 72.247177 -38.578217 -65.065903
v 72.624695 -38.451302 -65.065903
v 72.624695 -38.338768 -66.526062
v 72.247177 -38.465683 -66.866844
v 73.737839 -38.845268 -62.423676
v 72.932953 -38.845268 -62.423676
v 77.350708 -38.845268 -63.163651
v 76.503769 -38.887558 -66.517662
v 77.234451 -38.845268 -66.517662
v 72.816681 -38.957794 -65.011093
v 72.816681 -38.845268 -66.358856
v 78.141373 -46.720840 -61.550209
v 78.277054 -54.688438 -61.335457
v 72.325302 -38.753235 -61.764961
v 71.493347 -54.688438 -67.112709
v 77.837204 -38.753235 -67.195610
v 78.088440 -38.753235 -61.937141
v 71.836243 -46.720840 -61.722343
v 78.410522 -46.720840 -67.238228
v 78.141373 -46.720840 -67.410362
v 72.624695 -38.338768 -62.434509
v 77.322983 -38.338768 -62.262146
v 77.537827 -38.338768 -66.526062
v 72.839523 -38.338768 -66.698433
v 72.816681 -38.845268 -62.582481
v 77.350708 -38.845268 -66.358856
v 72.932953 -38.845268 -66.517662
v 78.564117 -54.688438 -67.453033
v 78.410522 -46.720840 -66.193695
v 78.564117 -54.688438 -66.491211
v 76.505554 -38.887558 -66.359604
v 76.512177 -38.887558 -65.777306
v 77.350708 -38.845268 -65.777306
v 78.088440 -38.753235 -63.063988
v 71.511154 -54.688438 -62.468956
v 71.836243 -46.720840 -62.766472
v 71.598404 -54.688438 -66.491211
v 77.537827 -38.338768 -65.896179
v 72.624695 -38.338768 -63.063988
v 72.816681 -38.845268 -63.163651
v 76.541885 -38.845268 -63.163651
v 71.598404 -54.688438 -61.507538
v 77.289001 -54.688438 -61.335457
v 76.982574 -46.720840 -61.550209
v 76.614395 -38.795525 -67.195610
v 76.165543 -46.720840 -67.358948
v 73.737839 -38.845268 -62.582481
v 73.622864 -38.753235 -61.764961
v 76.670486 -38.338768 -62.262146
v 73.622864 -38.338768 -66.698433
v 73.737839 -38.845268 -66.517662
v 73.737839 -38.957794 -65.011093
v 73.737839 -38.857109 -66.359062
v 73.737839 -38.845268 -63.163651
v 78.105591 -54.688438 -67.625122
v 75.716690 -54.688438 -67.522278
v 88.449692 -54.688438 -61.195084
v 88.391800 -46.720840 -61.657257
v 87.150391 -46.720840 -61.550209
v 86.930466 -54.688438 -61.335457
v 87.290695 -46.720840 -67.410362
v 88.370895 -46.720840 -67.513031
v 88.073929 -54.688438 -67.625122
v 86.930466 -54.688438 -67.625122
v 93.705444 -54.688438 -62.468956
v 93.503693 -46.720840 -62.766472
v 93.455521 -46.720840 -61.722343
v 93.609116 -54.688438 -61.507538
v 92.279465 -38.845268 -62.423676
v 92.395721 -38.845268 -62.582481
v 91.593506 -38.845268 -62.582481
v 91.595306 -38.845268 -62.423676
v 87.292175 -38.465683 -62.093727
v 87.292175 -38.465683 -63.063988
v 87.119080 -38.753235 -63.063988
v 87.119080 -38.753235 -61.937141
v 92.712677 -38.465683 -61.921265
v 91.719360 -38.465683 -61.921265
v 91.721130 -38.753235 -61.764961
v 92.882202 -38.753235 -61.764961
v 87.539856 -38.465683 -67.039307
v 88.667877 -38.465683 -67.039307
v 88.667877 -38.753235 -67.195610
v 87.370316 -38.753235 -67.195610
v 92.960342 -38.465683 -66.866844
v 92.960342 -38.465683 -65.896179
v 93.133438 -38.753235 -65.896179
v 93.133438 -38.753235 -67.023430
v 86.881241 -46.720840 -67.082375
v 86.881241 -46.720840 -66.193695
v 87.119080 -38.865761 -65.065903
v 87.119080 -38.753235 -67.023430
v 88.667877 -38.465683 -61.921265
v 88.667877 -38.338768 -62.262146
v 87.884537 -38.338768 -62.262146
v 87.539856 -38.465683 -61.921265
v 92.960342 -38.465683 -63.063988
v 92.582825 -38.338768 -63.063988
v 92.582825 -38.338768 -62.434509
v 92.960342 -38.465683 -62.093727
v 91.661179 -38.507973 -67.039307
v 91.665054 -38.381058 -66.698433
v 92.367996 -38.338768 -66.698433
v 92.712677 -38.465683 -67.039307
v 87.292175 -38.578217 -65.065903
v 87.669693 -38.451302 -65.065903
v 87.669693 -38.338768 -66.526062
v 87.292175 -38.465683 -66.866844
v 88.782852 -38.845268 -62.423676
v 87.977951 -38.845268 -62.423676
v 92.395721 -38.845268 -63.163651
v 91.548767 -38.887558 -66.517662
v 92.279465 -38.845268 -66.517662
v 87.861694 -38.957794 -65.011093
v 87.861694 -38.845268 -66.358856
v 93.186371 -46.720840 -61.550209
v 93.322052 -54.688438 -61.335457
v 87.370316 -38.753235 -61.764961
v 86.538345 -54.688438 -67.112709
v 92.882202 -38.753235 -67.195610
v 93.133438 -38.753235 -61.937141
v 86.881241 -46.720840 -61.722343
v 93.455521 -46.720840 -67.238228
v 93.186371 -46.720840 -67.410362
v 87.669693 -38.338768 -62.434509
v 92.367996 -38.338768 -62.262146
v 92.582825 -38.338768 -66.526062
v 87.884537 -38.338768 -66.698433
v 87.861694 -38.845268 -62.582481
v 92.395721 -38.845268 -66.358856
v 87.977951 -38.845268 -66.517662
v 93.609116 -54.688438 -67.453033
v 93.455521 -46.720840 -66.193695
v 93.609116 -54.688438 -66.491211
v 91.550568 -38.887558 -66.359604
v 91.557190 -38.887558 -65.777306
v 92.395721 -38.845268 -65.777306
v 93.133438 -38.753235 -63.063988
v 86.556168 -54.688438 -62.468956
v 86.881241 -46.720840 -62.766472
v 86.643402 -54.688438 -66.491211
v 92.582825 -38.338768 -65.896179
v 87.669693 -38.338768 -63.063988
v 87.861694 -38.845268 -63.163651
v 91.586899 -38.845268 -63.163651
v 86.643402 -54.688438 -61.507538
v 92.334015 -54.688438 -61.335457
v 92.027573 -46.720840 -61.550209
v 91.659409 -38.795525 -67.195610
v 91.210556 -46.720840 -67.358948
v 88.782852 -38.845268 -62.582481
v 88.667877 -38.753235 -61.764961
v 91.715485 -38.338768 -62.262146
v 88.667877 -38.338768 -66.698433
v 88.782852 -38.845268 -66.517662
v 88.782852 -38.957794 -65.011093
v 88.782852 -38.857109 -66.359062
v 88.782852 -38.845268 -63.163651
v 93.150589 -54.688438 -67.625122
v 90.761703 -54.688438 -67.522278
v 69.463501 -41.362442 -74.006119
v 69.521393 -33.394844 -73.543945
v 70.762802 -33.394844 -73.650993
v 70.982727 -41.362442 -73.865746
v 70.622498 -33.394844 -67.790840
v 69.542297 -33.394836 -67.688171
v 69.839264 -41.362442 -67.576080
v 70.982727 -41.362442 -67.576080
v 64.207748 -41.362442 -72.732246
v 64.409500 -33.394844 -72.434731
v 64.457672 -33.394844 -73.478859
v 64.304077 -41.362442 -73.693657
v 65.633728 -25.519266 -72.777527
v 65.517471 -25.519266 -72.618721
v 66.319687 -25.519266 -72.618721
v 66.317886 -25.519266 -72.777527
v 70.621017 -25.139681 -73.107475
v 70.621017 -25.139681 -72.137207
v 70.794113 -25.427233 -72.137207
v 70.794113 -25.427233 -73.264053
v 65.200516 -25.139681 -73.279938
v 66.193832 -25.139681 -73.279938
v 66.192062 -25.427233 -73.436234
v 65.030991 -25.427233 -73.436234
v 70.373337 -25.139681 -68.161896
v 69.245316 -25.139681 -68.161896
v 69.245316 -25.427233 -68.005592
v 70.542877 -25.427233 -68.005592
v 64.952850 -25.139681 -68.334358
v 64.952850 -25.139681 -69.305023
v 64.779755 -25.427233 -69.305023
v 64.779755 -25.427233 -68.177773
v 71.031952 -33.394836 -68.118828
v 71.031952 -33.394836 -69.007507
v 70.794113 -25.539762 -70.135300
v 70.794113 -25.427233 -68.177773
v 69.245316 -25.139681 -73.279938
v 69.245316 -25.012768 -72.939056
v 70.028656 -25.012768 -72.939056
v 70.373337 -25.139681 -73.279938
v 64.952850 -25.139681 -72.137207
v 65.330368 -25.012768 -72.137207
v 65.330368 -25.012768 -72.766693
v 64.952850 -25.139681 -73.107475
v 66.252014 -25.181973 -68.161896
v 66.248138 -25.055059 -68.502769
v 65.545197 -25.012768 -68.502769
v 65.200516 -25.139681 -68.161896
v 70.621017 -25.252213 -70.135300
v 70.243500 -25.125299 -70.135300
v 70.243500 -25.012768 -68.675140
v 70.621017 -25.139681 -68.334358
v 69.130341 -25.519266 -72.777527
v 69.935242 -25.519266 -72.777527
v 65.517471 -25.519266 -72.037552
v 66.364426 -25.561556 -68.683540
v 65.633728 -25.519266 -68.683548
v 70.051498 -25.631796 -70.190109
v 70.051498 -25.519266 -68.842354
v 64.726822 -33.394844 -73.650993
v 64.591141 -41.362442 -73.865746
v 70.542877 -25.427233 -73.436234
v 71.374847 -41.362442 -68.088493
v 65.030991 -25.427233 -68.005592
v 64.779755 -25.427233 -73.264053
v 71.031952 -33.394844 -73.478859
v 64.457672 -33.394844 -67.962975
v 64.726822 -33.394844 -67.790840
v 70.243500 -25.012768 -72.766693
v 65.545197 -25.012768 -72.939056
v 65.330368 -25.012768 -68.675140
v 70.028656 -25.012768 -68.502769
v 70.051498 -25.519266 -72.618721
v 65.517471 -25.519266 -68.842354
v 69.935242 -25.519266 -68.683548
v 64.304077 -41.362442 -67.748169
v 64.457672 -33.394844 -69.007507
v 64.304077 -41.362442 -68.709991
v 66.362625 -25.561556 -68.841606
v 66.356003 -25.561556 -69.423897
v 65.517471 -25.519266 -69.423897
v 64.779755 -25.427233 -72.137207
v 71.357025 -41.362442 -72.732246
v 71.031952 -33.394844 -72.434731
v 71.269791 -41.362442 -68.709991
v 65.330368 -25.012768 -69.305023
v 70.243500 -25.012768 -72.137207
v 70.051498 -25.519266 -72.037544
v 66.326294 -25.519266 -72.037544
v 71.269791 -41.362442 -73.693657
v 65.579193 -41.362442 -73.865746
v 65.885620 -33.394844 -73.650993
v 66.253784 -25.469522 -68.005592
v 66.702637 -33.394844 -67.842255
v 69.130341 -25.519266 -72.618721
v 69.245316 -25.427233 -73.436234
v 66.197708 -25.012768 -72.939056
v 69.245316 -25.012768 -68.502769
v 69.130341 -25.519266 -68.683540
v 69.130341 -25.631796 -70.190109
v 69.130341 -25.531111 -68.842140
v 69.130341 -25.519266 -72.037544
v 64.762604 -41.362442 -67.576080
v 67.151489 -41.362442 -67.678917
v 80.995087 -41.362244 -67.395981
v 80.937195 -33.394646 -67.858154
v 79.695786 -33.394638 -67.751106
v 79.475861 -41.362244 -67.536354
v 79.836090 -33.394646 -73.611259
v 80.916290 -33.394646 -73.713928
v 80.619324 -41.362244 -73.826019
v 79.475861 -41.362244 -73.826019
v 86.250839 -41.362244 -68.669853
v 86.049088 -33.394646 -68.967369
v 86.000916 -33.394646 -67.923241
v 86.154510 -41.362244 -67.708443
v 84.824860 -25.519068 -68.624573
v 84.941116 -25.519068 -68.783386
v 84.138901 -25.519068 -68.783386
v 84.140701 -25.519068 -68.624573
v 79.837570 -25.139482 -68.294624
v 79.837570 -25.139482 -69.264893
v 79.664474 -25.427034 -69.264893
v 79.664474 -25.427034 -68.138046
v 85.258072 -25.139482 -68.122169
v 84.264755 -25.139482 -68.122169
v 84.266525 -25.427034 -67.965866
v 85.427597 -25.427034 -67.965866
v 80.085251 -25.139482 -73.240204
v 81.213272 -25.139482 -73.240204
v 81.213272 -25.427034 -73.396507
v 79.915710 -25.427034 -73.396507
v 85.505737 -25.139482 -73.067741
v 85.505737 -25.139482 -72.097076
v 85.678833 -25.427034 -72.097076
v 85.678833 -25.427034 -73.224327
v 79.426636 -33.394646 -73.283272
v 79.426636 -33.394646 -72.394592
v 79.664474 -25.539564 -71.266800
v 79.664474 -25.427034 -73.224327
v 81.213272 -25.139482 -68.122169
v 81.213272 -25.012569 -68.463043
v 80.429932 -25.012569 -68.463043
v 80.085251 -25.139482 -68.122169
v 85.505737 -25.139482 -69.264893
v 85.128220 -25.012569 -69.264893
v 85.128220 -25.012569 -68.635406
v 85.505737 -25.139482 -68.294624
v 84.206573 -25.181774 -73.240204
v 84.210449 -25.054861 -72.899330
v 84.913391 -25.012569 -72.899330
v 85.258072 -25.139482 -73.240204
v 79.837570 -25.252014 -71.266800
v 80.215088 -25.125101 -71.266800
v 80.215088 -25.012569 -72.726959
v 79.837570 -25.139482 -73.067741
v 81.328247 -25.519068 -68.624573
v 80.523346 -25.519068 -68.624573
v 84.941116 -25.519068 -69.364555
v 84.094162 -25.561357 -72.718559
v 84.824860 -25.519068 -72.718559
v 80.407089 -25.631598 -71.211990
v 80.407089 -25.519068 -72.559753
v 85.731766 -33.394646 -67.751106
v 85.867447 -41.362244 -67.536354
v 79.915710 -25.427034 -67.965866
v 79.083740 -41.362244 -73.313606
v 85.427597 -25.427034 -73.396507
v 85.678833 -25.427034 -68.138046
v 79.426636 -33.394646 -67.923241
v 86.000916 -33.394646 -73.439125
v 85.731766 -33.394646 -73.611259
v 80.215088 -25.012569 -68.635406
v 84.913391 -25.012569 -68.463043
v 85.128220 -25.012569 -72.726959
v 80.429932 -25.012569 -72.899330
v 80.407089 -25.519068 -68.783386
v 84.941116 -25.519068 -72.559753
v 80.523346 -25.519068 -72.718559
v 86.154510 -41.362244 -73.653931
v 86.000916 -33.394646 -72.394592
v 86.154510 -41.362244 -72.692108
v 84.095963 -25.561357 -72.560501
v 84.102585 -25.561357 -71.978203
v 84.941116 -25.519068 -71.978203
v 85.678833 -25.427034 -69.264893
v 79.101562 -41.362244 -68.669853
v 79.426636 -33.394646 -68.967369
v 79.188797 -41.362244 -72.692108
v 85.128220 -25.012569 -72.097076
v 80.215088 -25.012569 -69.264893
v 80.407089 -25.519068 -69.364555
v 84.132294 -25.519068 -69.364555
v 79.188797 -41.362244 -67.708443
v 84.879410 -41.362244 -67.536354
v 84.572968 -33.394646 -67.751106
v 84.204803 -25.469324 -73.396507
v 83.755951 -33.394646 -73.559845
v 81.328247 -25.519068 -68.783386
v 81.213272 -25.427034 -67.965866
v 84.260880 -25.012569 -68.463043
v 81.213272 -25.012569 -72.899330
v 81.328247 -25.519068 -72.718559
v 81.328247 -25.631598 -71.211990
v 81.328247 -25.530912 -72.559959
v 81.328247 -25.519068 -69.364555
v 85.695984 -41.362244 -73.826019
v 83.307098 -41.362244 -73.723175
v 103.425797 -54.688438 -61.195084
v 103.367905 -46.720840 -61.657257
v 102.126480 -46.720840 -61.550209
v 101.906570 -54.688438 -61.335457
v 102.266800 -46.720840 -67.410362
v 103.347000 -46.720840 -67.513031
v 103.050034 -54.688438 -67.625122
v 101.906570 -54.688438 -67.625122
v 108.681549 -54.688438 -62.468956
v 108.479782 -46.720840 -62.766472
v 108.431625 -46.720840 -61.722343
v 108.585220 -54.688438 -61.507538
v 107.255554 -38.845268 -62.423676
v 107.371811 -38.845268 -62.582481
v 106.569595 -38.845268 -62.582481
v 106.571396 -38.845268 -62.423676
v 102.268280 -38.465683 -62.093727
v 102.268280 -38.465683 -63.063988
v 102.095184 -38.753235 -63.063988
v 102.095184 -38.753235 -61.937141
v 107.688766 -38.465683 -61.921265
v 106.695465 -38.465683 -61.921265
v 106.697235 -38.753235 -61.764961
v 107.858307 -38.753235 -61.764961
v 102.515945 -38.465683 -67.039307
v 103.643967 -38.465683 -67.039307
v 103.643967 -38.753235 -67.195610
v 102.346405 -38.753235 -67.195610
v 107.936432 -38.465683 -66.866844
v 107.936432 -38.465683 -65.896179
v 108.109543 -38.753235 -65.896179
v 108.109543 -38.753235 -67.023430
v 101.857346 -46.720840 -67.082375
v 101.857346 -46.720840 -66.193695
v 102.095184 -38.865761 -65.065903
v 102.095184 -38.753235 -67.023430
v 103.643967 -38.465683 -61.921265
v 103.643967 -38.338768 -62.262146
v 102.860626 -38.338768 -62.262146
v 102.515945 -38.465683 -61.921265
v 107.936432 -38.465683 -63.063988
v 107.558929 -38.338768 -63.063988
v 107.558929 -38.338768 -62.434509
v 107.936432 -38.465683 -62.093727
v 106.637283 -38.507973 -67.039307
v 106.641159 -38.381058 -66.698433
v 107.344086 -38.338768 -66.698433
v 107.688766 -38.465683 -67.039307
v 102.268280 -38.578217 -65.065903
v 102.645798 -38.451302 -65.065903
v 102.645798 -38.338768 -66.526062
v 102.268280 -38.465683 -66.866844
v 103.758942 -38.845268 -62.423676
v 102.954056 -38.845268 -62.423676
v 107.371811 -38.845268 -63.163651
v 106.524872 -38.887558 -66.517662
v 107.255554 -38.845268 -66.517662
v 102.837784 -38.957794 -65.011093
v 102.837784 -38.845268 -66.358856
v 108.162476 -46.720840 -61.550209
v 108.298157 -54.688438 -61.335457
v 102.346405 -38.753235 -61.764961
v 101.514450 -54.688438 -67.112709
v 107.858307 -38.753235 -67.195610
v 108.109543 -38.753235 -61.937141
v 101.857346 -46.720840 -61.722343
v 108.431625 -46.720840 -67.238228
v 108.162476 -46.720840 -67.410362
v 102.645798 -38.338768 -62.434509
v 107.344086 -38.338768 -62.262146
v 107.558929 -38.338768 -66.526062
v 102.860626 -38.338768 -66.698433
v 102.837784 -38.845268 -62.582481
v 107.371811 -38.845268 -66.358856
v 102.954056 -38.845268 -66.517662
v 108.585220 -54.688438 -67.453033
v 108.431625 -46.720840 -66.193695
v 108.585220 -54.688438 -66.491211
v 106.526657 -38.887558 -66.359604
v 106.533279 -38.887558 -65.777306
v 107.371811 -38.845268 -65.777306
v 108.109543 -38.753235 -63.063988
v 101.532257 -54.688438 -62.468956
v 101.857346 -46.720840 -62.766472
v 101.619507 -54.688438 -66.491211
v 107.558929 -38.338768 -65.896179
v 102.645798 -38.338768 -63.063988
v 102.837784 -38.845268 -63.163651
v 106.562988 -38.845268 -63.163651
v 101.619507 -54.688438 -61.507538
v 107.310104 -54.688438 -61.335457
v 107.003677 -46.720840 -61.550209
v 106.635498 -38.795525 -67.195610
v 106.186646 -46.720840 -67.358948
v 103.758942 -38.845268 -62.582481
v 103.643967 -38.753235 -61.764961
v 106.691589 -38.338768 -62.262146
v 103.643967 -38.338768 -66.698433
v 103.758942 -38.845268 -66.517662
v 103.758942 -38.957794 -65.011093
v 103.758942 -38.857109 -66.359062
v 103.758942 -38.845268 -63.163651
v 108.126694 -54.688438 -67.625122
v 105.737793 -54.688438 -67.522278
v 99.161896 -41.362442 -74.006119
v 99.219788 -33.394844 -73.543945
v 100.461212 -33.394844 -73.650993
v 100.681137 -41.362442 -73.865746
v 100.320892 -33.394844 -67.790840
v 99.240692 -33.394836 -67.688171
v 99.537659 -41.362442 -67.576080
v 100.681122 -41.362442 -67.576080
v 93.906158 -41.362442 -72.732246
v 94.107910 -33.394844 -72.434731
v 94.156067 -33.394844 -73.478859
v 94.002472 -41.362442 -73.693657
v 95.332138 -25.519266 -72.777527
v 95.215881 -25.519266 -72.618721
v 96.018097 -25.519266 -72.618721
v 96.016296 -25.519266 -72.777527
v 100.319412 -25.139681 -73.107475
v 100.319412 -25.139681 -72.137207
v 100.492508 -25.427233 -72.137207
v 100.492508 -25.427233 -73.264053
v 94.898926 -25.139681 -73.279938
v 95.892227 -25.139681 -73.279938
v 95.890457 -25.427233 -73.436234
v 94.729385 -25.427233 -73.436234
v 100.071747 -25.139681 -68.161896
v 98.943726 -25.139681 -68.161896
v 98.943726 -25.427233 -68.005592
v 100.241287 -25.427233 -68.005592
v 94.651260 -25.139681 -68.334358
v 94.651260 -25.139681 -69.305023
v 94.478149 -25.427233 -69.305023
v 94.478149 -25.427233 -68.177773
v 100.730347 -33.394836 -68.118828
v 100.730347 -33.394836 -69.007507
v 100.492508 -25.539762 -70.135300
v 100.492508 -25.427233 -68.177773
v 98.943726 -25.139681 -73.279938
v 98.943726 -25.012768 -72.939056
v 99.727066 -25.012768 -72.939056
v 100.071747 -25.139681 -73.279938
v 94.651260 -25.139681 -72.137207
v 95.028763 -25.012768 -72.137207
v 95.028763 -25.012768 -72.766693
v 94.651260 -25.139681 -73.107475
v 95.950409 -25.181973 -68.161896
v 95.946533 -25.055059 -68.502769
v 95.243607 -25.012768 -68.502769
v 94.898926 -25.139681 -68.161896
v 100.319412 -25.252213 -70.135300
v 99.941895 -25.125299 -70.135300
v 99.941895 -25.012768 -68.675140
v 100.319412 -25.139681 -68.334358
v 98.828751 -25.519266 -72.777527
v 99.633636 -25.519266 -72.777527
v 95.215881 -25.519266 -72.037552
v 96.062820 -25.561556 -68.683540
v 95.332138 -25.519266 -68.683548
v 99.749908 -25.631796 -70.190109
v 99.749908 -25.519266 -68.842354
v 94.425217 -33.394844 -73.650993
v 94.289536 -41.362442 -73.865746
v 100.241287 -25.427233 -73.436234
v 101.073242 -41.362442 -68.088493
v 94.729385 -25.427233 -68.005592
v 94.478149 -25.427233 -73.264053
v 100.730347 -33.394844 -73.478859
v 94.156067 -33.394844 -67.962975
v 94.425217 -33.394844 -67.790840
v 99.941895 -25.012768 -72.766693
v 95.243607 -25.012768 -72.939056
v 95.028763 -25.012768 -68.675140
v 99.727066 -25.012768 -68.502769
v 99.749908 -25.519266 -72.618721
v 95.215881 -25.519266 -68.842354
v 99.633636 -25.519266 -68.683548
v 94.002472 -41.362442 -67.748169
v 94.156067 -33.394844 -69.007507
v 94.002472 -41.362442 -68.709991
v 96.061020 -25.561556 -68.841606
v 96.054413 -25.561556 -69.423897
v 95.215881 -25.519266 -69.423897
v 94.478149 -25.427233 -72.137207
v 101.055435 -41.362442 -72.732246
v 100.730347 -33.394844 -72.434731
v 100.968185 -41.362442 -68.709991
v 95.028763 -25.012768 -69.305023
v 99.941895 -25.012768 -72.137207
v 99.749908 -25.519266 -72.037544
v 96.024704 -25.519266 -72.037544
v 100.968185 -41.362442 -73.693657
v 95.277588 -41.362442 -73.865746
v 95.584015 -33.394844 -73.650993
v 95.952179 -25.469522 -68.005592
v 96.401047 -33.394844 -67.842255
v 98.828751 -25.519266 -72.618721
v 98.943726 -25.427233 -73.436234
v 95.896103 -25.012768 -72.939056
v 98.943726 -25.012768 -68.502769
v 98.828751 -25.519266 -68.683540
v 98.828751 -25.631796 -70.190109
v 98.828751 -25.531111 -68.842140
v 98.828751 -25.519266 -72.037544
v 94.460999 -41.362442 -67.576080
v 96.849899 -41.362442 -67.678917
v 118.401794 -54.688438 -61.195084
v 118.343903 -46.720840 -61.657257
v 117.102478 -46.720840 -61.550209
v 116.882568 -54.688438 -61.335457
v 117.242798 -46.720840 -67.410362
v 118.322998 -46.720840 -67.513031
v 118.026031 -54.688438 -67.625122
v 116.882568 -54.688438 -67.625122
v 123.657547 -54.688438 -62.468956
v 123.455780 -46.720840 -62.766472
v 123.407623 -46.720840 -61.722343
v 123.561218 -54.688438 -61.507538
v 122.231552 -38.845268 -62.423676
v 122.347809 -38.845268 -62.582481
v 121.545593 -38.845268 -62.582481
v 121.547394 -38.845268 -62.423676
v 117.244278 -38.465683 -62.093727
v 117.244278 -38.465683 -63.063988
v 117.071182 -38.753235 -63.063988
v 117.071182 -38.753235 -61.937141
v 122.664764 -38.465683 -61.921265
v 121.671463 -38.465683 -61.921265
v 121.673233 -38.753235 -61.764961
v 122.834305 -38.753235 -61.764961
v 117.491943 -38.465683 -67.039307
v 118.619965 -38.465683 -67.039307
v 118.619965 -38.753235 -67.195610
v 117.322403 -38.753235 -67.195610
v 122.912430 -38.465683 -66.866844
v 122.912430 -38.465683 -65.896179
v 123.085541 -38.753235 -65.896179
v 123.085541 -38.753235 -67.023430
v 116.833344 -46.720840 -67.082375
v 116.833344 -46.720840 -66.193695
v 117.071182 -38.865761 -65.065903
v 117.071182 -38.753235 -67.023430
v 118.619965 -38.465683 -61.921265
v 118.619965 -38.338768 -62.262146
v 117.836624 -38.338768 -62.262146
v 117.491943 -38.465683 -61.921265
v 122.912430 -38.465683 -63.063988
v 122.534927 -38.338768 -63.063988
v 122.534927 -38.338768 -62.434509
v 122.912430 -38.465683 -62.093727
v 121.613281 -38.507973 -67.039307
v 121.617157 -38.381058 -66.698433
v 122.320084 -38.338768 -66.698433
v 122.664764 -38.465683 -67.039307
v 117.244278 -38.578217 -65.065903
v 117.621796 -38.451302 -65.065903
v 117.621796 -38.338768 -66.526062
v 117.244278 -38.465683 -66.866844
v 118.734940 -38.845268 -62.423676
v 117.930054 -38.845268 -62.423676
v 122.347809 -38.845268 -63.163651
v 121.500870 -38.887558 -66.517662
v 122.231552 -38.845268 -66.517662
v 117.813782 -38.957794 -65.011093
v 117.813782 -38.845268 -66.358856
v 123.138474 -46.720840 -61.550209
v 123.274155 -54.688438 -61.335457
v 117.322403 -38.753235 -61.764961
v 116.490448 -54.688438 -67.112709
v 122.834305 -38.753235 -67.195610
v 123.085541 -38.753235 -61.937141
v 116.833344 -46.720840 -61.722343
v 123.407623 -46.720840 -67.238228
v 123.138474 -46.720840 -67.410362
v 117.621796 -38.338768 -62.434509
v 122.320084 -38.338768 -62.262146
v 122.534927 -38.338768 -66.526062
v 117.836624 -38.338768 -66.698433
v 117.813782 -38.845268 -62.582481
v 122.347809 -38.845268 -66.358856
v 117.930054 -38.845268 -66.517662
v 123.561218 -54.688438 -67.453033
v 123.407623 -46.720840 -66.193695
v 123.561218 -54.688438 -66.491211
v 121.502655 -38.887558 -66.359604
v 121.509277 -38.887558 -65.777306
v 122.347809 -38.845268 -65.777306
v 123.085541 -38.753235 -63.063988
v 116.508255 -54.688438 -62.468956
v 116.833344 -46.720840 -62.766472
v 116.595505 -54.688438 -66.491211
v 122.534927 -38.338768 -65.896179
v 117.621796 -38.338768 -63.063988
v 117.813782 -38.845268 -63.163651
v 121.538986 -38.845268 -63.163651
v 116.595505 -54.688438 -61.507538
v 122.286102 -54.688438 -61.335457
v 121.979675 -46.720840 -61.550209
v 121.611496 -38.795525 -67.195610
v 121.162643 -46.720840 -67.358948
v 118.734940 -38.845268 -62.582481
v 118.619965 -38.753235 -61.764961
v 121.667587 -38.338768 -62.262146
v 118.619965 -38.338768 -66.698433
v 118.734940 -38.845268 -66.517662
v 118.734940 -38.957794 -65.011093
v 118.734940 -38.857109 -66.359062
v 118.734940 -38.845268 -63.163651
v 123.102692 -54.688438 -67.625122
v 120.713791 -54.688438 -67.522278
v 110.699799 -41.362244 -67.395981
v 110.641907 -33.394646 -67.858154
v 109.400482 -33.394638 -67.751106
v 109.180573 -41.362244 -67.536354
v 109.540802 -33.394646 -73.611259
v 110.621002 -33.394646 -73.713928
v 110.324036 -41.362244 -73.826019
v 109.180573 -41.362244 -73.826019
v 115.955551 -41.362244 -68.669853
v 115.753784 -33.394646 -68.967369
v 115.705627 -33.394646 -67.923241
v 115.859222 -41.362244 -67.708443
v 114.529556 -25.519068 -68.624573
v 114.645813 -25.519068 -68.783386
v 113.843597 -25.519068 -68.783386
v 113.845398 -25.519068 -68.624573
v 109.542282 -25.139482 -68.294624
v 109.542282 -25.139482 -69.264893
v 109.369186 -25.427034 -69.264893
v 109.369186 -25.427034 -68.138046
v 114.962769 -25.139482 -68.122169
v 113.969467 -25.139482 -68.122169
v 113.971237 -25.427034 -67.965866
v 115.132309 -25.427034 -67.965866
v 109.789948 -25.139482 -73.240204
v 110.917969 -25.139482 -73.240204
v 110.917969 -25.427034 -73.396507
v 109.620407 -25.427034 -73.396507
v 115.210434 -25.139482 -73.067741
v 115.210434 -25.139482 -72.097076
v 115.383545 -25.427034 -72.097076
v 115.383545 -25.427034 -73.224327
v 109.131348 -33.394646 -73.283272
v 109.131348 -33.394646 -72.394592
v 109.369186 -25.539564 -71.266800
v 109.369186 -25.427034 -73.224327
v 110.917969 -25.139482 -68.122169
v 110.917969 -25.012569 -68.463043
v 110.134628 -25.012569 -68.463043
v 109.789948 -25.139482 -68.122169
v 115.210434 -25.139482 -69.264893
v 114.832932 -25.012569 -69.264893
v 114.832932 -25.012569 -68.635406
v 115.210434 -25.139482 -68.294624
v 113.911285 -25.181774 -73.240204
v 113.915161 -25.054861 -72.899330
v 114.618088 -25.012569 -72.899330
v 114.962769 -25.139482 -73.240204
v 109.542282 -25.252014 -71.266800
v 109.919800 -25.125101 -71.266800
v 109.919800 -25.012569 -72.726959
v 109.542282 -25.139482 -73.067741
v 111.032944 -25.519068 -68.624573
v 110.228058 -25.519068 -68.624573
v 114.645813 -25.519068 -69.364555
v 113.798874 -25.561357 -72.718559
v 114.529556 -25.519068 -72.718559
v 110.111786 -25.631598 -71.211990
v 110.111786 -25.519068 -72.559753
v 115.436478 -33.394646 -67.751106
v 115.572159 -41.362244 -67.536354
v 109.620407 -25.427034 -67.965866
v 108.788452 -41.362244 -73.313606
v 115.132309 -25.427034 -73.396507
v 115.383545 -25.427034 -68.138046
v 109.131348 -33.394646 -67.923241
v 115.705627 -33.394646 -73.439125
v 115.436478 -33.394646 -73.611259
v 109.919800 -25.012569 -68.635406
v 114.618088 -25.012569 -68.463043
v 114.832932 -25.012569 -72.726959
v 110.134628 -25.012569 -72.899330
v 110.111786 -25.519068 -68.783386
v 114.645813 -25.519068 -72.559753
v 110.228058 -25.519068 -72.718559
v 115.859222 -41.362244 -73.653931
v 115.705627 -33.394646 -72.394592
v 115.859222 -41.362244 -72.692108
v 113.800659 -25.561357 -72.560501
v 113.807281 -25.561357 -71.978203
v 114.645813 -25.519068 -71.978203
v 115.383545 -25.427034 -69.264893
v 108.806259 -41.362244 -68.669853
v 109.131348 -33.394646 -68.967369
v 108.893509 -41.362244 -72.692108
v 114.832932 -25.012569 -72.097076
v 109.919800 -25.012569 -69.264893
v 110.111786 -25.519068 -69.364555
v 113.836990 -25.519068 -69.364555
v 108.893509 -41.362244 -67.708443
v 114.584106 -41.362244 -67.536354
v 114.277679 -33.394646 -67.751106
v 113.909500 -25.469324 -73.396507
v 113.460648 -33.394646 -73.559845
v 111.032944 -25.519068 -68.783386
v 110.917969 -25.427034 -67.965866
v 113.965591 -25.012569 -68.463043
v 110.917969 -25.012569 -72.899330
v 111.032944 -25.519068 -72.718559
v 111.032944 -25.631598 -71.211990
v 111.032944 -25.530912 -72.559959
v 111.032944 -25.519068 -69.364555
v 115.400696 -41.362244 -73.826019
v 113.011795 -41.362244 -73.723175
v 125.794792 -41.362244 -67.395981
v 125.736900 -33.394646 -67.858154
v 124.495483 -33.394638 -67.751106
v 124.275566 -41.362244 -67.536354
v 124.635796 -33.394646 -73.611259
v 125.715996 -33.394646 -73.713928
v 125.419029 -41.362244 -73.826019
v 124.275566 -41.362244 -73.826019
v 131.050537 -41.362244 -68.669853
v 130.848785 -33.394646 -68.967369
v 130.800629 -33.394646 -67.923241
v 130.954224 -41.362244 -67.708443
v 129.624542 -25.519068 -68.624573
v 129.740814 -25.519068 -68.783386
v 128.938599 -25.519068 -68.783386
v 128.940399 -25.519068 -68.624573
v 124.637276 -25.139482 -68.294624
v 124.637276 -25.139482 -69.264893
v 124.464180 -25.427034 -69.264893
v 124.464180 -25.427034 -68.138046
v 130.057770 -25.139482 -68.122169
v 129.064453 -25.139482 -68.122169
v 129.066223 -25.427034 -67.965866
v 130.227295 -25.427034 -67.965866
v 124.884949 -25.139482 -73.240204
v 126.012970 -25.139482 -73.240204
v 126.012970 -25.427034 -73.396507
v 124.715408 -25.427034 -73.396507
v 130.305450 -25.139482 -73.067741
v 130.305450 -25.139482 -72.097076
v 130.478546 -25.427034 -72.097076
v 130.478546 -25.427034 -73.224327
v 124.226341 -33.394646 -73.283272
v 124.226341 -33.394646 -72.394592
v 124.464180 -25.539564 -71.266800
v 124.464180 -25.427034 -73.224327
v 126.012970 -25.139482 -68.122169
v 126.012970 -25.012569 -68.463043
v 125.229630 -25.012569 -68.463043
v 124.884949 -25.139482 -68.122169
v 130.305450 -25.139482 -69.264893
v 129.927917 -25.012569 -69.264893
v 129.927917 -25.012569 -68.635406
v 130.305450 -25.139482 -68.294624
v 129.006287 -25.181774 -73.240204
v 129.010162 -25.054861 -72.899330
v 129.713104 -25.012569 -72.899330
v 130.057770 -25.139482 -73.240204
v 124.637276 -25.252014 -71.266800
v 125.014793 -25.125101 -71.266800
v 125.014793 -25.012569 -72.726959
v 124.637276 -25.139482 -73.067741
v 126.127945 -25.519068 -68.624573
v 125.323051 -25.519068 -68.624573
v 129.740814 -25.519068 -69.364555
v 128.893860 -25.561357 -72.718559
v 129.624542 -25.519068 -72.718559
v 125.206787 -25.631598 -71.211990
v 125.206787 -25.519068 -72.559753
v 130.531464 -33.394646 -67.751106
v 130.667145 -41.362244 -67.536354
v 124.715408 -25.427034 -67.965866
v 123.883446 -41.362244 -73.313606
v 130.227295 -25.427034 -73.396507
v 130.478546 -25.427034 -68.138046
v 124.226341 -33.394646 -67.923241
v 130.800629 -33.394646 -73.439125
v 130.531464 -33.394646 -73.611259
v 125.014793 -25.012569 -68.635406
v 129.713104 -25.012569 -68.463043
v 129.927917 -25.012569 -72.726959
v 125.229630 -25.012569 -72.899330
v 125.206787 -25.519068 -68.783386
v 129.740814 -25.519068 -72.559753
v 125.323051 -25.519068 -72.718559
v 130.954224 -41.362244 -73.653931
v 130.800629 -33.394646 -72.394592
v 130.954224 -41.362244 -72.692108
v 128.895660 -25.561357 -72.560501
v 128.902283 -25.561357 -71.978203
v 129.740814 -25.519068 -71.978203
v 130.478546 -25.427034 -69.264893
v 123.901260 -41.362244 -68.669853
v 124.226341 -33.394646 -68.967369
v 123.988503 -41.362244 -72.692108
v 129.927917 -25.012569 -72.097076
v 125.014793 -25.012569 -69.264893
v 125.206787 -25.519068 -69.364555
v 128.931976 -25.519068 -69.364555
v 123.988503 -41.362244 -67.708443
v 129.679108 -41.362244 -67.536354
v 129.372681 -33.394646 -67.751106
v 129.004517 -25.469324 -73.396507
v 128.555664 -33.394646 -73.559845
v 126.127945 -25.519068 -68.783386
v 126.012970 -25.427034 -67.965866
v 129.060577 -25.012569 -68.463043
v 126.012970 -25.012569 -72.899330
v 126.127945 -25.519068 -72.718559
v 126.127945 -25.631598 -71.211990
v 126.127945 -25.530912 -72.559959
v 126.127945 -25.519068 -69.364555
v 130.495697 -41.362244 -73.826019
v 128.106812 -41.362244 -73.723175
v 123.849983 -41.362137 -59.818108
v 124.312157 -27.695768 -59.891975
v 124.205109 -27.695765 -61.475937
v 123.990356 -41.362137 -61.756538
v 130.065262 -27.695768 -61.296906
v 130.167938 -27.695765 -59.918648
v 130.280014 -41.362137 -60.297554
v 130.280014 -41.362137 -61.756538
v 125.123856 -41.362137 -53.112137
v 125.421371 -27.695765 -53.369576
v 124.377243 -27.695766 -53.431023
v 124.162445 -41.362137 -53.235046
v 125.078575 -14.187239 -54.931602
v 125.237381 -14.187239 -54.783257
v 125.237381 -14.187239 -55.806839
v 125.078575 -14.187239 -55.804535
v 124.748627 -13.536160 -61.295021
v 125.718895 -13.536160 -61.295021
v 125.718895 -14.029379 -61.515884
v 124.592049 -14.029379 -61.515884
v 124.576164 -13.536160 -54.378853
v 124.576164 -13.536160 -55.646248
v 124.419868 -14.029379 -55.643982
v 124.419868 -14.029379 -54.162537
v 129.694199 -13.536160 -60.979012
v 129.694199 -13.536160 -59.539734
v 129.850510 -14.029379 -59.539734
v 129.850510 -14.029379 -61.195328
v 129.521744 -13.536160 -54.062843
v 128.551071 -13.536160 -54.062843
v 128.551071 -14.029379 -53.841980
v 129.678329 -14.029379 -53.841980
v 129.737274 -27.695765 -61.819351
v 128.848587 -27.695765 -61.819351
v 127.720802 -14.222397 -61.515884
v 129.678329 -14.029379 -61.515884
v 124.576164 -13.536160 -59.539734
v 124.917046 -13.318470 -59.539734
v 124.917046 -13.318470 -60.539223
v 124.576164 -13.536160 -60.979012
v 125.718895 -13.536156 -54.062843
v 125.718895 -13.318470 -54.544525
v 125.089409 -13.318470 -54.544525
v 124.748627 -13.536160 -54.062843
v 129.694199 -13.608698 -55.720474
v 129.353333 -13.391008 -55.715530
v 129.353333 -13.318470 -54.818634
v 129.694199 -13.536160 -54.378853
v 127.720802 -13.729177 -61.295021
v 127.720802 -13.511488 -60.813332
v 129.180969 -13.318470 -60.813332
v 129.521744 -13.536160 -61.295021
v 125.078575 -14.187239 -59.393036
v 125.078575 -14.187239 -60.420021
v 125.818558 -14.187239 -54.783257
v 129.172562 -14.259775 -55.863907
v 129.172562 -14.187239 -54.931602
v 127.665993 -14.380255 -60.568367
v 129.013748 -14.187239 -60.568367
v 124.205109 -27.695766 -53.774437
v 123.990356 -41.362137 -53.601318
v 124.419861 -14.029379 -61.195328
v 129.767609 -41.362137 -62.256851
v 129.850510 -14.029379 -54.162537
v 124.592049 -14.029379 -53.841980
v 124.377243 -27.695768 -61.819351
v 129.893127 -27.695765 -53.431023
v 130.065262 -27.695765 -53.774437
v 125.089409 -13.318470 -60.813332
v 124.917046 -13.318470 -54.818634
v 129.180969 -13.318470 -54.544525
v 129.353333 -13.318470 -60.539223
v 125.237381 -14.187239 -60.568367
v 129.013748 -14.187239 -54.783257
v 129.172562 -14.187239 -60.420021
v 130.107941 -41.362137 -53.235046
v 128.848587 -27.695765 -53.431023
v 129.146118 -41.362137 -53.235046
v 129.014496 -14.259775 -55.861618
v 128.432205 -14.259775 -55.853172
v 128.432205 -14.187239 -54.783257
v 125.718895 -14.029379 -53.841980
v 125.123856 -41.362137 -62.234123
v 125.421371 -27.695768 -61.819351
v 129.146103 -41.362137 -62.122810
v 128.551071 -13.318470 -54.544525
v 125.718895 -13.318470 -60.813332
v 125.818558 -14.187239 -60.568367
v 125.818558 -14.187239 -55.815262
v 124.162445 -41.362137 -62.122810
v 123.990356 -41.362137 -54.862000
v 124.205109 -27.695768 -55.252991
v 129.850510 -14.101917 -55.722740
v 130.013840 -27.695765 -56.295448
v 125.237381 -14.187239 -59.393036
v 124.419868 -14.029379 -59.539734
v 124.917046 -13.318470 -55.651192
v 129.353333 -13.318470 -59.539734
v 129.172562 -14.187239 -59.393036
v 127.665993 -14.380255 -59.393036
v 129.013962 -14.207556 -59.393036
v 125.818558 -14.187239 -59.393036
v 130.280014 -41.362137 -53.820099
v 130.177185 -41.362137 -56.868149
v 123.927971 -41.377243 -43.101395
v 124.390144 -33.409645 -43.159286
v 124.283096 -33.409645 -44.400703
v 124.068344 -41.377243 -44.620628
v 130.143250 -33.409645 -44.260391
v 130.245911 -33.409645 -43.180191
v 130.358002 -41.377243 -43.477158
v 130.358002 -41.377243 -44.620628
v 125.201843 -41.377243 -37.845650
v 125.499359 -33.409637 -38.047409
v 124.455231 -33.409645 -38.095573
v 124.240433 -41.377243 -37.941971
v 125.156563 -25.534067 -39.271637
v 125.315376 -25.534067 -39.155373
v 125.315376 -25.534067 -39.957596
v 125.156563 -25.534067 -39.955788
v 124.826614 -25.154482 -44.258911
v 125.796883 -25.154482 -44.258911
v 125.796883 -25.442034 -44.432014
v 124.670036 -25.442034 -44.432014
v 124.654152 -25.154482 -38.838425
v 124.654152 -25.154482 -39.831734
v 124.497856 -25.442034 -39.829956
v 124.497856 -25.442034 -38.668884
v 129.772186 -25.154482 -44.011238
v 129.772186 -25.154482 -42.883224
v 129.928497 -25.442034 -42.883224
v 129.928497 -25.442034 -44.180779
v 129.599731 -25.154482 -38.590752
v 128.629059 -25.154482 -38.590752
v 128.629059 -25.442034 -38.417648
v 129.756317 -25.442034 -38.417648
v 129.815247 -33.409645 -44.669853
v 128.926575 -33.409645 -44.669853
v 127.798790 -25.554564 -44.432014
v 129.756317 -25.442034 -44.432014
v 124.654152 -25.154482 -42.883224
v 124.995033 -25.027569 -42.883224
v 124.995033 -25.027569 -43.666565
v 124.654152 -25.154482 -44.011238
v 125.796883 -25.154482 -38.590752
v 125.796883 -25.027569 -38.968269
v 125.167397 -25.027569 -38.968269
v 124.826614 -25.154482 -38.590752
v 129.772186 -25.196774 -39.889908
v 129.431305 -25.069860 -39.886032
v 129.431305 -25.027569 -39.183098
v 129.772186 -25.154482 -38.838425
v 127.798790 -25.267014 -44.258911
v 127.798790 -25.140100 -43.881393
v 129.258942 -25.027569 -43.881393
v 129.599731 -25.154482 -44.258911
v 125.156563 -25.534067 -42.768250
v 125.156563 -25.534067 -43.573143
v 125.896545 -25.534067 -39.155373
v 129.250549 -25.576357 -40.002319
v 129.250549 -25.534067 -39.271637
v 127.743980 -25.646597 -43.689400
v 129.091736 -25.534067 -43.689400
v 124.283096 -33.409645 -38.364716
v 124.068344 -41.377243 -38.229034
v 124.497856 -25.442034 -44.180779
v 129.845612 -41.377243 -45.012741
v 129.928497 -25.442034 -38.668884
v 124.670036 -25.442034 -38.417648
v 124.455231 -33.409645 -44.669853
v 129.971130 -33.409637 -38.095573
v 130.143250 -33.409637 -38.364716
v 125.167397 -25.027569 -43.881393
v 124.995033 -25.027569 -39.183098
v 129.258942 -25.027569 -38.968269
v 129.431305 -25.027569 -43.666565
v 125.315369 -25.534067 -43.689400
v 129.091736 -25.534067 -39.155373
v 129.250549 -25.534067 -43.573143
v 130.185913 -41.377243 -37.941971
v 128.926575 -33.409637 -38.095573
v 129.224091 -41.377243 -37.941971
v 129.092499 -25.576357 -40.000526
v 128.510193 -25.576357 -39.993912
v 128.510193 -25.534067 -39.155373
v 125.796883 -25.442034 -38.417648
v 125.201843 -41.377243 -44.994926
v 125.499359 -33.409645 -44.669853
v 129.224091 -41.377243 -44.907684
v 128.629059 -25.027569 -38.968269
v 125.796883 -25.027569 -43.881393
v 125.896545 -25.534067 -43.689400
v 125.896545 -25.534067 -39.964195
v 124.240433 -41.377243 -44.907684
v 124.068344 -41.377243 -39.217087
v 124.283096 -33.409645 -39.523521
v 129.928497 -25.484324 -39.891685
v 130.091827 -33.409637 -40.340538
v 125.315369 -25.534067 -42.768250
v 124.497856 -25.442034 -42.883224
v 124.995033 -25.027569 -39.835609
v 129.431305 -25.027569 -42.883224
v 129.250549 -25.534067 -42.768250
v 127.743980 -25.646597 -42.768250
v 129.091949 -25.545912 -42.768250
v 125.896545 -25.534067 -42.768250
v 130.358002 -41.377243 -38.400497
v 130.255157 -41.377243 -40.789391
v 117.125977 -51.042664 -50.444794
v 117.588150 -44.859238 -50.502686
v 117.481110 -44.859238 -51.744102
v 117.266357 -51.042664 -51.964027
v 123.341263 -44.859238 -51.603790
v 123.443924 -44.859238 -50.523590
v 123.556015 -51.042664 -50.820557
v 123.556015 -51.042664 -51.964027
v 118.399857 -51.042664 -45.189049
v 118.697372 -44.859230 -45.390808
v 117.653244 -44.859238 -45.438972
v 117.438446 -51.042664 -45.285370
v 118.354568 -38.747223 -46.615036
v 118.513382 -38.747223 -46.498772
v 118.513382 -38.747223 -47.300995
v 118.354568 -38.747223 -47.299187
v 118.024628 -38.452637 -51.602310
v 118.994888 -38.452637 -51.602310
v 118.994888 -38.675797 -51.775414
v 117.868042 -38.675797 -51.775414
v 117.852158 -38.452637 -46.181824
v 117.852158 -38.452637 -47.175133
v 117.695862 -38.675797 -47.173355
v 117.695862 -38.675797 -46.012283
v 122.970200 -38.452637 -51.354637
v 122.970200 -38.452637 -50.226624
v 123.126511 -38.675797 -50.226624
v 123.126511 -38.675797 -51.524178
v 122.797745 -38.452637 -45.934151
v 121.827072 -38.452637 -45.934151
v 121.827072 -38.675797 -45.761047
v 122.954330 -38.675797 -45.761047
v 123.013275 -44.859238 -52.013252
v 122.124588 -44.859238 -52.013252
v 120.996796 -38.763130 -51.775414
v 122.954330 -38.675797 -51.775414
v 117.852158 -38.452637 -50.226624
v 118.193039 -38.354141 -50.226624
v 118.193039 -38.354141 -51.009964
v 117.852158 -38.452637 -51.354637
v 118.994888 -38.452637 -45.934151
v 118.994888 -38.354141 -46.311668
v 118.365402 -38.354141 -46.311668
v 118.024628 -38.452637 -45.934151
v 122.970200 -38.485458 -47.233307
v 122.629333 -38.386963 -47.229431
v 122.629333 -38.354141 -46.526497
v 122.970200 -38.452637 -46.181824
v 120.996796 -38.539970 -51.602310
v 120.996796 -38.441475 -51.224792
v 122.456955 -38.354141 -51.224792
v 122.797745 -38.452637 -51.602310
v 118.354568 -38.747223 -50.111649
v 118.354568 -38.747223 -50.916542
v 119.094559 -38.747223 -46.498772
v 122.448563 -38.780045 -47.345718
v 122.448547 -38.747223 -46.615036
v 120.941986 -38.834557 -51.032799
v 122.289749 -38.747223 -51.032799
v 117.481110 -44.859238 -45.708115
v 117.266357 -51.042664 -45.572433
v 117.695862 -38.675797 -51.524178
v 123.043610 -51.042664 -52.356140
v 123.126511 -38.675797 -46.012283
v 117.868042 -38.675797 -45.761047
v 117.653244 -44.859238 -52.013252
v 123.169128 -44.859230 -45.438972
v 123.341263 -44.859230 -45.708115
v 118.365402 -38.354141 -51.224792
v 118.193039 -38.354141 -46.526497
v 122.456955 -38.354141 -46.311668
v 122.629333 -38.354141 -51.009964
v 118.513382 -38.747223 -51.032799
v 122.289749 -38.747223 -46.498772
v 122.448547 -38.747223 -50.916542
v 123.383926 -51.042664 -45.285370
v 122.124588 -44.859230 -45.438972
v 122.422104 -51.042664 -45.285370
v 122.290497 -38.780045 -47.343925
v 121.708206 -38.780045 -47.337303
v 121.708206 -38.747223 -46.498772
v 118.994888 -38.675797 -45.761047
v 118.399857 -51.042664 -52.338326
v 118.697372 -44.859238 -52.013252
v 122.422104 -51.042664 -52.251083
v 121.827072 -38.354141 -46.311668
v 118.994888 -38.354141 -51.224792
v 119.094559 -38.747223 -51.032799
v 119.094559 -38.747223 -47.307594
v 117.438446 -51.042664 -52.251083
v 117.266357 -51.042664 -46.560486
v 117.481110 -44.859238 -46.866920
v 123.126511 -38.708618 -47.235085
v 123.289841 -44.859230 -47.683937
v 118.513382 -38.747223 -50.111649
v 117.695862 -38.675797 -50.226624
v 118.193039 -38.354141 -47.179008
v 122.629333 -38.354141 -50.226624
v 122.448563 -38.747223 -50.111649
v 120.941986 -38.834557 -50.111649
v 122.289963 -38.756416 -50.111649
v 119.094559 -38.747223 -50.111649
v 123.556015 -51.042664 -45.743904
v 123.453186 -51.042664 -48.132790
v 123.927971 -41.377510 -29.645666
v 124.390144 -27.675980 -29.723730
v 124.283096 -27.675978 -31.397558
v 124.068344 -41.377510 -31.694090
v 130.143250 -27.675980 -31.208372
v 130.245911 -27.675978 -29.751913
v 130.358002 -41.377510 -30.152323
v 130.358002 -41.377510 -31.694090
v 125.201843 -41.377510 -22.559206
v 125.499359 -27.675976 -22.831244
v 124.455231 -27.675980 -22.896185
v 124.240433 -41.377510 -22.689085
v 125.156563 -14.132696 -24.481901
v 125.315369 -14.132696 -24.325144
v 125.315369 -14.132696 -25.406797
v 125.156563 -14.132696 -25.404364
v 124.826614 -13.479942 -31.206381
v 125.796883 -13.479942 -31.206381
v 125.796883 -13.974430 -31.439779
v 124.670036 -13.974430 -31.439779
v 124.654152 -13.479942 -23.897795
v 124.654152 -13.479942 -25.237097
v 124.497856 -13.974430 -25.234701
v 124.497856 -13.974430 -23.669203
v 129.772186 -13.479942 -30.872442
v 129.772186 -13.479942 -29.351500
v 129.928497 -13.974430 -29.351500
v 129.928497 -13.974430 -31.101034
v 129.599731 -13.479942 -23.563852
v 128.629059 -13.479942 -23.563852
v 128.629059 -13.974430 -23.330454
v 129.756317 -13.974430 -23.330454
v 129.815247 -27.675978 -31.760458
v 128.926575 -27.675978 -31.760458
v 127.798790 -14.167944 -31.439779
v 129.756317 -13.974430 -31.439779
v 124.654152 -13.479942 -29.351500
v 124.995033 -13.261694 -29.351500
v 124.995033 -13.261694 -30.407701
v 124.654152 -13.479942 -30.872442
v 125.796883 -13.479940 -23.563852
v 125.796883 -13.261694 -24.072866
v 125.167397 -13.261694 -24.072866
v 124.826614 -13.479942 -23.563852
v 129.772186 -13.552668 -25.315538
v 129.431305 -13.334417 -25.310316
v 129.431305 -13.261694 -24.362532
v 129.772186 -13.479942 -23.897795
v 127.798790 -13.673456 -31.206381
v 127.798790 -13.455208 -30.697367
v 129.258942 -13.261694 -30.697367
v 129.599731 -13.479942 -31.206381
v 125.156563 -14.132696 -29.196478
v 125.156563 -14.132696 -30.281736
v 125.896545 -14.132696 -24.325144
v 129.250549 -14.205420 -25.467108
v 129.250549 -14.132696 -24.481901
v 127.743980 -14.326210 -30.438498
v 129.091736 -14.132696 -30.438498
v 124.283096 -27.675980 -23.259085
v 124.068344 -41.377510 -23.076139
v 124.497856 -13.974430 -31.101034
v 129.845612 -41.377510 -32.222786
v 129.928497 -13.974430 -23.669203
v 124.670036 -13.974430 -23.330454
v 124.455231 -27.675980 -31.760458
v 129.971130 -27.675976 -22.896185
v 130.143250 -27.675976 -23.259085
v 125.167397 -13.261694 -30.697363
v 124.995033 -13.261694 -24.362532
v 129.258942 -13.261694 -24.072866
v 129.431305 -13.261694 -30.407701
v 125.315369 -14.132696 -30.438498
v 129.091736 -14.132696 -24.325144
v 129.250549 -14.132696 -30.281736
v 130.185913 -41.377510 -22.689085
v 128.926575 -27.675976 -22.896185
v 129.224091 -41.377510 -22.689085
v 129.092499 -14.205420 -25.464689
v 128.510193 -14.205420 -25.455763
v 128.510193 -14.132696 -24.325144
v 125.796883 -13.974430 -23.330454
v 125.201843 -41.377510 -32.198769
v 125.499359 -27.675980 -31.760458
v 129.224091 -41.377510 -32.081146
v 128.629059 -13.261694 -24.072866
v 125.796883 -13.261694 -30.697367
v 125.896538 -14.132696 -30.438498
v 125.896545 -14.132696 -25.415705
v 124.240433 -41.377510 -32.081146
v 124.068344 -41.377510 -24.408350
v 124.283096 -27.675980 -24.821524
v 129.928497 -14.047155 -25.317934
v 130.091827 -27.675976 -25.923132
v 125.315369 -14.132696 -29.196478
v 124.497856 -13.974430 -29.351500
v 124.995033 -13.261694 -25.242323
v 129.431305 -13.261694 -29.351500
v 129.250549 -14.132696 -29.196478
v 127.743980 -14.326210 -29.196478
v 129.091949 -14.153065 -29.196478
v 125.896545 -14.132696 -29.196478
v 130.358002 -41.377510 -23.307333
v 130.255157 -41.377510 -26.528334
v 117.125977 -51.042870 -35.158195
v 117.588150 -44.859436 -35.216087
v 117.481110 -44.859436 -36.457504
v 117.266357 -51.042870 -36.677429
v 123.341263 -44.859436 -36.317192
v 123.443924 -44.859436 -35.236992
v 123.556015 -51.042870 -35.533958
v 123.556015 -51.042870 -36.677429
v 118.399857 -51.042862 -29.902449
v 118.697372 -44.859436 -30.104208
v 117.653244 -44.859436 -30.152372
v 117.438446 -51.042862 -29.998774
v 118.354568 -38.747429 -31.328436
v 118.513382 -38.747429 -31.212172
v 118.513382 -38.747429 -32.014397
v 118.354568 -38.747429 -32.012589
v 118.024628 -38.452843 -36.315712
v 118.994888 -38.452843 -36.315712
v 118.994888 -38.676003 -36.488815
v 117.868042 -38.676003 -36.488815
v 117.852158 -38.452843 -30.895224
v 117.852158 -38.452843 -31.888533
v 117.695862 -38.676003 -31.886755
v 117.695862 -38.676003 -30.725687
v 122.970200 -38.452843 -36.068039
v 122.970200 -38.452843 -34.940025
v 123.126511 -38.676003 -34.940025
v 123.126511 -38.676003 -36.237579
v 122.797745 -38.452843 -30.647554
v 121.827072 -38.452843 -30.647551
v 121.827072 -38.676003 -30.474451
v 122.954330 -38.676003 -30.474455
v 123.013275 -44.859436 -36.726654
v 122.124588 -44.859436 -36.726654
v 120.996796 -38.763336 -36.488815
v 122.954330 -38.676003 -36.488815
v 117.852158 -38.452843 -34.940025
v 118.193039 -38.354347 -34.940025
v 118.193039 -38.354347 -35.723366
v 117.852158 -38.452843 -36.068039
v 118.994888 -38.452843 -30.647551
v 118.994888 -38.354347 -31.025068
v 118.365402 -38.354347 -31.025068
v 118.024628 -38.452843 -30.647551
v 122.970200 -38.485664 -31.946711
v 122.629333 -38.387169 -31.942835
v 122.629333 -38.354347 -31.239901
v 122.970200 -38.452843 -30.895224
v 120.996796 -38.540176 -36.315712
v 120.996796 -38.441681 -35.938194
v 122.456955 -38.354347 -35.938194
v 122.797745 -38.452843 -36.315712
v 118.354568 -38.747429 -34.825050
v 118.354568 -38.747429 -35.629944
v 119.094559 -38.747429 -31.212172
v 122.448563 -38.780243 -32.059120
v 122.448547 -38.747429 -31.328436
v 120.941986 -38.834755 -35.746201
v 122.289749 -38.747429 -35.746201
v 117.481110 -44.859436 -30.421522
v 117.266357 -51.042862 -30.285837
v 117.695862 -38.676003 -36.237579
v 123.043610 -51.042862 -37.069542
v 123.126511 -38.676003 -30.725687
v 117.868042 -38.676003 -30.474451
v 117.653244 -44.859436 -36.726654
v 123.169128 -44.859436 -30.152372
v 123.341263 -44.859436 -30.421522
v 118.365402 -38.354347 -35.938194
v 118.193039 -38.354347 -31.239901
v 122.456955 -38.354347 -31.025068
v 122.629333 -38.354347 -35.723366
v 118.513382 -38.747429 -35.746201
v 122.289749 -38.747429 -31.212172
v 122.448547 -38.747429 -35.629944
v 123.383926 -51.042862 -29.998777
v 122.124588 -44.859436 -30.152372
v 122.422104 -51.042862 -29.998777
v 122.290497 -38.780243 -32.057327
v 121.708206 -38.780243 -32.050705
v 121.708206 -38.747429 -31.212172
v 118.994888 -38.676003 -30.474451
v 118.399857 -51.042870 -37.051727
v 118.697372 -44.859436 -36.726654
v 122.422104 -51.042862 -36.964485
v 121.827072 -38.354347 -31.025068
v 118.994888 -38.354347 -35.938194
v 119.094559 -38.747429 -35.746201
v 119.094559 -38.747429 -32.020996
v 117.438446 -51.042870 -36.964485
v 117.266357 -51.042870 -31.273886
v 117.481110 -44.859436 -31.580320
v 123.126511 -38.708824 -31.948484
v 123.289841 -44.859436 -32.397339
v 118.513382 -38.747429 -34.825050
v 117.695862 -38.676003 -34.940025
v 118.193039 -38.354347 -31.892408
v 122.629333 -38.354347 -34.940025
v 122.448563 -38.747429 -34.825050
v 120.941986 -38.834755 -34.825050
v 122.289963 -38.756615 -34.825050
v 119.094559 -38.747429 -34.825050
v 123.556015 -51.042870 -30.457304
v 123.453186 -51.042870 -32.846191
vn -0.0164 0.0589 0.9981
vn 0.0343 0.0454 0.9984
vn -0.2455 0.0532 0.9679
vn -0.3136 0.0441 0.9485
vn -0.3724 0.0343 -0.9274
vn -0.0182 0.0324 -0.9993
vn 0.0133 0.0251 -0.9996
vn -0.4512 0.0572 -0.8906
vn 0.9989 0.0302 0.0369
vn 0.9989 0.0448 0.0160
vn 0.8667 0.0438 0.4969
vn 0.9905 0.0292 0.1347
vn -0.2831 0.7752 -0.5648
vn -0.5578 0.8087 -0.1868
vn -0.0000 1.0000 -0.0000
vn -0.0000 0.8307 -0.5567
vn -0.6650 0.6946 0.2743
vn -0.5672 0.8233 -0.0213
vn -0.9382 0.3459 -0.0075
vn -0.6828 0.6847 0.2549
vn 0.1621 0.7675 0.6202
vn 0.0001 0.8047 0.5937
vn -0.0027 0.3143 0.9493
vn 0.2927 0.3659 0.8834
vn -0.1621 0.7675 -0.6202
vn 0.0047 0.6388 -0.7693
vn 0.0056 0.3215 -0.9469
vn -0.2992 0.3646 -0.8818
vn 0.6650 0.6946 -0.2743
vn 0.7365 0.6764 -0.0000
vn 0.9368 0.3498 -0.0012
vn 0.6826 0.6849 -0.2547
vn -0.8977 0.0432 -0.4384
vn -0.9990 0.0447 0.0006
vn -0.9425 0.3343 0.0005
vn -0.8354 0.4352 -0.3358
vn -0.0000 0.8136 0.5815
vn -0.0000 0.9005 -0.4348
vn 0.1336 0.9498 -0.2828
vn -0.2014 0.8772 0.4358
vn 0.5414 0.8408 -0.0000
vn -0.4220 0.9066 -0.0000
vn -0.2093 0.9690 -0.1317
vn 0.3430 0.8895 0.3020
vn -0.0191 0.8159 -0.5778
vn -0.0178 0.9075 0.4196
vn -0.1476 0.9553 0.2561
vn 0.1838 0.8738 -0.4503
vn -0.5576 0.8290 0.0441
vn 0.4248 0.9052 0.0093
vn 0.1778 0.9715 0.1570
vn -0.3668 0.8886 -0.2755
vn 0.2408 0.7918 -0.5613
vn -0.5339 0.8455 -0.0000
vn -0.0138 0.8447 0.5351
vn -0.2604 0.7908 0.5539
vn 0.5218 0.8530 0.0055
vn 0.5538 0.8065 0.2072
vn 0.2825 0.0442 0.9582
vn 0.2685 0.0393 0.9625
vn -0.2913 0.3595 0.8865
vn -0.9632 0.0532 -0.2635
vn 0.2894 0.3662 -0.8844
vn 0.6040 0.7056 0.3706
vn -0.8796 0.0502 0.4730
vn 0.8808 0.0469 -0.4711
vn 0.2710 0.0428 -0.9616
vn 0.2277 0.9651 -0.1297
vn -0.1378 0.9552 -0.2618
vn -0.2233 0.9658 0.1320
vn 0.1308 0.9600 0.2476
vn 0.5482 0.8219 -0.1548
vn -0.5631 0.8120 0.1532
vn 0.2807 0.7851 0.5522
vn 0.8245 0.0336 -0.5649
vn 0.9992 0.0388 -0.0070
vn 0.9996 0.0271 -0.0100
vn -0.0215 0.9998 0.0054
vn -0.0277 0.9996 -0.0082
vn -0.5488 0.8359 -0.0029
vn 0.9365 0.3505 0.0013
vn -0.9980 0.0504 0.0394
vn -0.9991 0.0425 0.0022
vn -0.9965 0.0347 0.0758
vn 0.4134 0.9103 -0.0192
vn 0.5321 0.8465 -0.0210
vn -0.0019 1.0000 -0.0037
vn -0.8508 0.0578 0.5223
vn 0.0067 0.0473 0.9989
vn -0.0147 0.0340 0.9993
vn -0.0043 0.3117 -0.9502
vn 0.0091 0.0320 -0.9994
vn -0.0000 0.3091 0.9510
vn 0.0048 0.9098 0.4151
vn 0.0051 0.8256 0.5643
vn -0.0086 1.0000 -0.0009
vn 0.0069 0.9984 0.0568
vn -0.0042 0.9998 -0.0194
vn 0.1575 0.0311 -0.9870
vn 0.0017 0.0235 -0.9997
vn -0.0189 0.0454 0.9988
vn 0.0332 0.0350 0.9988
vn -0.2442 0.0415 0.9688
vn -0.3130 0.0342 0.9491
vn -0.3732 0.0265 -0.9274
vn -0.0187 0.0252 -0.9995
vn 0.0146 0.0196 -0.9997
vn -0.4495 0.0444 -0.8922
vn 0.9990 0.0234 0.0371
vn 0.9993 0.0346 0.0160
vn 0.8667 0.0317 0.4978
vn 0.9908 0.0194 0.1343
vn -0.2998 0.7446 -0.5964
vn -0.5970 0.7769 -0.2003
vn -0.0000 0.8074 -0.5900
vn -0.7182 0.6219 0.3121
vn -0.6406 0.7675 -0.0251
vn -0.9581 0.2862 -0.0081
vn -0.7141 0.6391 0.2856
vn 0.1889 0.7064 0.6821
vn 0.0001 0.7453 0.6668
vn -0.0021 0.2569 0.9664
vn 0.2991 0.3081 0.9031
vn -0.1889 0.7065 -0.6820
vn 0.0057 0.5628 -0.8265
vn 0.0049 0.2628 -0.9648
vn -0.3041 0.3071 -0.9018
vn 0.7182 0.6219 -0.3121
vn 0.7974 0.6034 -0.0000
vn 0.9576 0.2882 -0.0009
vn 0.7148 0.6385 -0.2853
vn -0.8983 0.0330 -0.4382
vn -0.9994 0.0350 0.0004
vn -0.9619 0.2733 0.0006
vn -0.8562 0.3825 -0.3474
vn -0.0000 0.7553 0.6554
vn -0.0000 0.8992 -0.4375
vn 0.1405 0.9495 -0.2806
vn -0.2285 0.8327 0.5044
vn 0.6174 0.7866 -0.0000
vn -0.4316 0.9020 -0.0000
vn -0.2115 0.9676 -0.1383
vn 0.4066 0.8477 0.3407
vn -0.0214 0.7567 -0.6534
vn -0.0225 0.9036 0.4278
vn -0.1616 0.9542 0.2519
vn 0.2087 0.8293 -0.5183
vn -0.6352 0.7710 0.0452
vn 0.4389 0.8984 0.0114
vn 0.1753 0.9693 0.1723
vn -0.4305 0.8475 -0.3104
vn 0.2632 0.7608 -0.5932
vn -0.5716 0.8205 -0.0000
vn -0.0178 0.8214 0.5701
vn -0.2874 0.7533 0.5916
vn 0.5569 0.8305 0.0071
vn 0.5965 0.7695 0.2283
vn 0.2822 0.0343 0.9587
vn 0.2681 0.0305 0.9629
vn -0.2979 0.3027 0.9053
vn -0.9644 0.0412 -0.2612
vn 0.2955 0.3086 -0.9041
vn 0.6385 0.6571 0.4007
vn -0.8801 0.0390 0.4733
vn 0.8810 0.0358 -0.4718
vn 0.2705 0.0332 -0.9622
vn 0.2285 0.9639 -0.1369
vn -0.1442 0.9544 -0.2615
vn -0.2245 0.9645 0.1392
vn 0.1381 0.9585 0.2493
vn 0.5882 0.7903 -0.1714
vn -0.6058 0.7770 0.1712
vn 0.2994 0.7516 0.5878
vn 0.8249 0.0260 -0.5647
vn 0.9995 0.0301 -0.0070
vn 0.9997 0.0212 -0.0104
vn -0.0277 0.9996 0.0069
vn -0.0357 0.9993 -0.0105
vn -0.5902 0.8073 -0.0038
vn 0.9574 0.2887 0.0010
vn -0.9985 0.0388 0.0384
vn -0.9995 0.0329 0.0017
vn -0.9968 0.0269 0.0752
vn -0.4316 0.9021 -0.0000
vn 0.4225 0.9060 -0.0248
vn 0.5723 0.8196 -0.0259
vn -0.0025 1.0000 -0.0048
vn -0.8511 0.0450 0.5231
vn 0.0088 0.0379 0.9992
vn -0.0147 0.0264 0.9995
vn -0.0041 0.2540 -0.9672
vn 0.0102 0.0251 -0.9996
vn -0.0000 0.2529 0.9675
vn 0.0063 0.9072 0.4207
vn 0.0063 0.7945 0.6072
vn -0.0111 0.9999 -0.0011
vn 0.0089 0.9973 0.0731
vn -0.0055 0.9997 -0.0250
vn 0.1575 0.0241 -0.9872
vn 0.0008 0.0181 -0.9998
vn -0.4317 0.9020 -0.0000
vn -0.2115 0.9675 -0.1383
vn -0.9644 0.0412 -0.2611
vn 0.0189 0.0454 -0.9988
vn -0.0332 0.0350 -0.9988
vn 0.2442 0.0415 -0.9688
vn 0.3130 0.0342 -0.9491
vn 0.3732 0.0265 0.9274
vn 0.0187 0.0252 0.9995
vn -0.0146 0.0196 0.9997
vn 0.4495 0.0444 0.8922
vn -0.9990 0.0234 -0.0371
vn -0.9993 0.0346 -0.0160
vn -0.8667 0.0317 -0.4978
vn -0.9908 0.0194 -0.1343
vn 0.2998 0.7446 0.5964
vn 0.5970 0.7769 0.2003
vn -0.0000 0.8074 0.5900
vn 0.6406 0.7675 0.0251
vn 0.9581 0.2862 0.0081
vn 0.7141 0.6391 -0.2857
vn -0.1889 0.7064 -0.6821
vn -0.0001 0.7452 -0.6668
vn 0.0021 0.2569 -0.9664
vn -0.2991 0.3081 -0.9031
vn 0.1889 0.7065 0.6820
vn -0.0057 0.5628 0.8265
vn -0.0049 0.2628 0.9648
vn 0.3041 0.3071 0.9018
vn -0.7974 0.6034 -0.0000
vn -0.9576 0.2882 0.0009
vn -0.7148 0.6385 0.2853
vn 0.8983 0.0330 0.4382
vn 0.9994 0.0350 -0.0004
vn 0.9619 0.2733 -0.0006
vn 0.8562 0.3825 0.3474
vn -0.0000 0.7553 -0.6554
vn -0.0000 0.8992 0.4375
vn -0.1405 0.9495 0.2806
vn 0.2285 0.8327 -0.5044
vn -0.6174 0.7866 -0.0000
vn 0.4316 0.9020 -0.0000
vn 0.2115 0.9676 0.1383
vn -0.4066 0.8477 -0.3407
vn 0.0214 0.7567 0.6534
vn 0.0225 0.9036 -0.4278
vn 0.1616 0.9542 -0.2519
vn -0.2087 0.8293 0.5183
vn 0.6352 0.7710 -0.0452
vn -0.4389 0.8984 -0.0114
vn -0.1753 0.9693 -0.1723
vn 0.4305 0.8475 0.3105
vn -0.2632 0.7608 0.5932
vn 0.5716 0.8205 -0.0000
vn 0.0178 0.8214 -0.5701
vn 0.2874 0.7533 -0.5916
vn -0.5569 0.8305 -0.0071
vn -0.5965 0.7695 -0.2283
vn -0.2822 0.0343 -0.9587
vn -0.2681 0.0305 -0.9629
vn 0.2979 0.3027 -0.9053
vn 0.9644 0.0412 0.2611
vn -0.2955 0.3086 0.9041
vn -0.6385 0.6570 -0.4007
vn 0.8801 0.0390 -0.4733
vn -0.8810 0.0358 0.4718
vn -0.2705 0.0332 0.9622
vn -0.2285 0.9639 0.1369
vn 0.1442 0.9544 0.2615
vn 0.2245 0.9645 -0.1392
vn -0.1381 0.9585 -0.2493
vn -0.5882 0.7903 0.1714
vn 0.6058 0.7770 -0.1712
vn -0.2994 0.7516 -0.5878
vn -0.8249 0.0260 0.5647
vn -0.9995 0.0301 0.0070
vn -0.9997 0.0212 0.0104
vn 0.0277 0.9996 -0.0069
vn 0.0357 0.9993 0.0105
vn 0.5902 0.8073 0.0038
vn -0.9574 0.2887 -0.0010
vn 0.9985 0.0388 -0.0384
vn 0.9995 0.0329 -0.0017
vn 0.9968 0.0269 -0.0752
vn 0.4316 0.9021 -0.0000
vn -0.4225 0.9060 0.0248
vn -0.5723 0.8196 0.0259
vn 0.0025 1.0000 0.0048
vn 0.8511 0.0450 -0.5231
vn -0.0088 0.0379 -0.9992
vn 0.0147 0.0264 -0.9995
vn 0.0041 0.2540 0.9672
vn -0.0102 0.0251 0.9996
vn -0.0000 0.2529 -0.9675
vn -0.0063 0.9072 -0.4207
vn -0.0063 0.7945 -0.6072
vn 0.0111 0.9999 0.0011
vn -0.0089 0.9973 -0.0731
vn 0.0055 0.9997 0.0250
vn -0.1575 0.0241 0.9872
vn -0.0008 0.0181 0.9998
vn -0.7141 0.6391 0.2857
vn 0.0001 0.7452 0.6668
vn 0.2633 0.7608 -0.5932
vn -0.0177 0.8214 0.5701
vn 0.6385 0.6570 0.4007
vn 0.4305 0.8475 0.3104
vn -0.8800 0.0390 0.4733
vn -0.7182 0.6219 0.3122
vn -0.4305 0.8475 -0.3105
vn -0.2997 0.7446 -0.5964
vn -0.2873 0.7533 0.5916
vn -0.9995 0.0262 -0.0167
vn -0.9995 0.0203 0.0252
vn -0.9794 0.0246 -0.2003
vn -0.9668 0.0204 -0.2547
vn 0.9504 0.0159 -0.3107
vn 0.9998 0.0147 -0.0150
vn 0.9999 0.0114 0.0123
vn 0.9188 0.0277 -0.3936
vn -0.0477 0.0173 0.9987
vn -0.0204 0.0256 0.9995
vn -0.5483 0.0189 0.8360
vn -0.1914 0.0089 0.9815
vn 0.6516 0.7075 -0.2736
vn 0.2601 0.7325 -0.6291
vn 0.6392 0.7690 -0.0000
vn -0.4074 0.5043 -0.7614
vn 0.0375 0.6943 -0.7187
vn 0.0111 0.2256 -0.9742
vn -0.3824 0.5783 -0.7207
vn -0.7918 0.5770 0.2005
vn -0.8024 0.5968 0.0001
vn -0.9873 0.1590 -0.0012
vn -0.9440 0.2073 0.2568
vn 0.7917 0.5771 -0.2004
vn 0.9218 0.3877 0.0061
vn 0.9867 0.1628 0.0033
vn 0.9433 0.2066 -0.2597
vn 0.4074 0.5043 0.7614
vn -0.0000 0.5101 0.8601
vn 0.0007 0.2246 0.9745
vn 0.3817 0.5770 0.7221
vn 0.4890 0.0230 -0.8720
vn -0.0002 0.0263 -0.9997
vn -0.0007 0.2077 -0.9782
vn 0.3969 0.3103 -0.8638
vn -0.7932 0.6089 -0.0000
vn 0.3980 0.9174 -0.0000
vn 0.2585 0.9548 0.1464
vn -0.6386 0.7312 -0.2400
vn -0.0000 0.7138 0.7003
vn -0.0000 0.9051 -0.4251
vn 0.1148 0.9772 -0.1785
vn -0.4380 0.7704 0.4633
vn 0.7933 0.6084 -0.0228
vn -0.3974 0.9171 -0.0302
vn -0.2255 0.9573 -0.1807
vn 0.6504 0.7274 0.2189
vn -0.0478 0.6892 -0.7230
vn -0.0184 0.8959 0.4439
vn -0.1724 0.9758 0.1346
vn 0.3937 0.7780 -0.4895
vn 0.6479 0.7203 0.2478
vn -0.0000 0.7953 -0.6062
vn -0.6220 0.7826 -0.0233
vn -0.6600 0.6977 -0.2785
vn -0.0124 0.8124 0.5830
vn -0.3094 0.7096 0.6330
vn -0.9727 0.0204 0.2313
vn -0.9756 0.0181 0.2190
vn -0.9450 0.2036 -0.2558
vn 0.2943 0.0294 -0.9553
vn 0.9448 0.2076 0.2535
vn -0.4954 0.5826 0.6443
vn -0.5187 0.0271 -0.8545
vn 0.5174 0.0239 0.8554
vn 0.9749 0.0198 0.2218
vn 0.1167 0.9747 0.1906
vn 0.2432 0.9583 -0.1501
vn -0.1188 0.9750 -0.1879
vn -0.2344 0.9611 0.1463
vn 0.2358 0.7462 0.6226
vn -0.2378 0.7274 -0.6437
vn -0.6500 0.7077 0.2768
vn 0.5933 0.0175 0.8048
vn 0.0090 0.0224 0.9997
vn 0.0141 0.0160 0.9998
vn -0.0097 0.9992 -0.0380
vn 0.0175 0.9987 -0.0471
vn 0.0062 0.7768 -0.6297
vn -0.0007 0.2248 0.9744
vn -0.0468 0.0284 -0.9985
vn -0.0013 0.0244 -0.9997
vn -0.0940 0.0201 -0.9954
vn -0.0000 0.9052 -0.4251
vn 0.0429 0.9096 0.4132
vn 0.0421 0.7893 0.6125
vn 0.0085 1.0000 -0.0042
vn -0.5750 0.0315 -0.8176
vn -0.9997 0.0227 0.0086
vn -0.9998 0.0154 -0.0115
vn 0.9877 0.1563 -0.0031
vn 0.9999 0.0148 0.0087
vn -0.9876 0.1567 -0.0000
vn -0.3863 0.9223 0.0086
vn -0.6808 0.7324 0.0077
vn -0.0008 0.9999 -0.0140
vn -0.1255 0.9920 0.0115
vn 0.0443 0.9990 -0.0084
vn 0.9919 0.0141 0.1261
vn 0.9999 0.0105 -0.0000
vn -0.9988 0.0454 -0.0189
vn -0.9988 0.0350 0.0332
vn -0.9688 0.0415 -0.2442
vn -0.9491 0.0342 -0.3130
vn 0.9274 0.0265 -0.3732
vn 0.9995 0.0252 -0.0187
vn 0.9997 0.0196 0.0146
vn 0.8922 0.0444 -0.4495
vn -0.0371 0.0234 0.9990
vn -0.0160 0.0346 0.9993
vn -0.4978 0.0317 0.8667
vn -0.1343 0.0194 0.9908
vn 0.5964 0.7446 -0.2998
vn 0.2003 0.7769 -0.5970
vn 0.5900 0.8074 -0.0000
vn -0.3121 0.6219 -0.7182
vn 0.0251 0.7675 -0.6406
vn 0.0081 0.2862 -0.9581
vn -0.2857 0.6391 -0.7141
vn -0.6821 0.7064 0.1889
vn -0.6668 0.7452 0.0001
vn -0.9664 0.2569 -0.0021
vn -0.9031 0.3081 0.2991
vn 0.6821 0.7065 -0.1889
vn 0.8266 0.5628 0.0057
vn 0.9648 0.2628 0.0049
vn 0.9018 0.3071 -0.3041
vn 0.3122 0.6219 0.7182
vn -0.0000 0.6034 0.7974
vn 0.0009 0.2882 0.9576
vn 0.2853 0.6385 0.7147
vn 0.4382 0.0330 -0.8983
vn -0.0004 0.0350 -0.9994
vn -0.0006 0.2733 -0.9619
vn 0.3474 0.3825 -0.8562
vn -0.6554 0.7553 -0.0000
vn 0.4375 0.8992 -0.0000
vn 0.2806 0.9495 0.1405
vn -0.5044 0.8327 -0.2285
vn -0.0000 0.7866 0.6174
vn -0.0000 0.9020 -0.4317
vn 0.1383 0.9676 -0.2115
vn -0.3407 0.8477 0.4066
vn 0.6534 0.7567 -0.0214
vn -0.4278 0.9036 -0.0225
vn -0.2519 0.9542 -0.1616
vn 0.5184 0.8293 0.2087
vn -0.0452 0.7710 -0.6352
vn -0.0114 0.8984 0.4389
vn -0.1723 0.9693 0.1753
vn 0.3105 0.8475 -0.4305
vn 0.5932 0.7608 0.2633
vn -0.0000 0.8205 -0.5716
vn -0.5701 0.8214 -0.0177
vn -0.5916 0.7533 -0.2873
vn -0.0071 0.8305 0.5569
vn -0.2283 0.7695 0.5965
vn -0.9587 0.0343 0.2822
vn -0.9629 0.0305 0.2681
vn -0.9053 0.3027 -0.2979
vn 0.2612 0.0412 -0.9644
vn 0.9041 0.3086 0.2955
vn -0.4007 0.6570 0.6385
vn -0.4733 0.0390 -0.8800
vn 0.4718 0.0358 0.8810
vn 0.9622 0.0332 0.2705
vn 0.1369 0.9639 0.2285
vn 0.2615 0.9544 -0.1442
vn -0.1392 0.9645 -0.2245
vn -0.2493 0.9585 0.1381
vn 0.1714 0.7903 0.5882
vn -0.1712 0.7770 -0.6058
vn -0.5878 0.7516 0.2994
vn 0.5647 0.0260 0.8249
vn 0.0070 0.0301 0.9995
vn 0.0104 0.0212 0.9997
vn -0.0069 0.9996 -0.0277
vn 0.0105 0.9993 -0.0357
vn 0.0038 0.8073 -0.5902
vn -0.0010 0.2887 0.9574
vn -0.0384 0.0388 -0.9985
vn -0.0017 0.0329 -0.9995
vn -0.0752 0.0269 -0.9968
vn -0.0000 0.9020 -0.4316
vn 0.0248 0.9060 0.4225
vn 0.0259 0.8196 0.5723
vn 0.0048 1.0000 -0.0025
vn -0.5231 0.0450 -0.8511
vn -0.9992 0.0379 0.0088
vn -0.9995 0.0264 -0.0147
vn 0.9672 0.2540 -0.0041
vn 0.9996 0.0251 0.0102
vn -0.9675 0.2529 -0.0000
vn -0.4207 0.9072 0.0063
vn -0.6072 0.7945 0.0063
vn 0.0011 0.9999 -0.0111
vn -0.0731 0.9973 0.0089
vn 0.0250 0.9997 -0.0055
vn 0.9872 0.0241 0.1575
vn 0.9998 0.0181 0.0008
vn -0.9981 0.0589 -0.0164
vn -0.9984 0.0454 0.0343
vn -0.9679 0.0532 -0.2455
vn -0.9485 0.0441 -0.3136
vn 0.9274 0.0343 -0.3724
vn 0.9993 0.0324 -0.0182
vn 0.9996 0.0251 0.0133
vn 0.8906 0.0572 -0.4512
vn -0.0369 0.0302 0.9989
vn -0.0160 0.0448 0.9989
vn -0.4969 0.0438 0.8667
vn -0.1347 0.0292 0.9905
vn 0.5648 0.7752 -0.2831
vn 0.1868 0.8087 -0.5578
vn 0.5567 0.8307 -0.0000
vn -0.2743 0.6946 -0.6650
vn 0.0213 0.8233 -0.5672
vn 0.0075 0.3459 -0.9382
vn -0.2549 0.6847 -0.6828
vn -0.6203 0.7675 0.1621
vn -0.5937 0.8047 0.0001
vn -0.9493 0.3143 -0.0027
vn -0.8834 0.3659 0.2927
vn 0.6202 0.7675 -0.1621
vn 0.7693 0.6388 0.0047
vn 0.9469 0.3215 0.0056
vn 0.8818 0.3646 -0.2992
vn 0.2743 0.6946 0.6650
vn -0.0000 0.6764 0.7365
vn 0.0012 0.3498 0.9368
vn 0.2547 0.6849 0.6826
vn 0.4384 0.0432 -0.8977
vn -0.0006 0.0447 -0.9990
vn -0.0005 0.3343 -0.9425
vn 0.3358 0.4352 -0.8354
vn -0.5815 0.8136 -0.0000
vn 0.4348 0.9005 -0.0000
vn 0.2828 0.9498 0.1336
vn -0.4359 0.8772 -0.2014
vn -0.0000 0.8408 0.5414
vn -0.0000 0.9066 -0.4220
vn 0.1317 0.9690 -0.2093
vn -0.3020 0.8895 0.3430
vn 0.5778 0.8159 -0.0191
vn -0.4196 0.9075 -0.0178
vn -0.2561 0.9553 -0.1476
vn 0.4503 0.8738 0.1838
vn -0.0441 0.8290 -0.5576
vn -0.0093 0.9052 0.4248
vn -0.1570 0.9715 0.1778
vn 0.2755 0.8886 -0.3668
vn 0.5613 0.7918 0.2408
vn -0.0000 0.8455 -0.5339
vn -0.5351 0.8447 -0.0138
vn -0.5538 0.7908 -0.2604
vn -0.0055 0.8530 0.5218
vn -0.2072 0.8065 0.5538
vn -0.9582 0.0442 0.2825
vn -0.9625 0.0393 0.2685
vn -0.8865 0.3595 -0.2913
vn 0.2635 0.0532 -0.9632
vn 0.8844 0.3662 0.2894
vn -0.3706 0.7056 0.6040
vn -0.4730 0.0502 -0.8796
vn 0.4711 0.0469 0.8808
vn 0.9616 0.0428 0.2710
vn 0.1297 0.9651 0.2277
vn 0.2618 0.9552 -0.1378
vn -0.1320 0.9658 -0.2233
vn -0.2476 0.9600 0.1308
vn 0.1548 0.8219 0.5482
vn -0.1532 0.8120 -0.5631
vn -0.5521 0.7851 0.2807
vn 0.5649 0.0336 0.8245
vn 0.0070 0.0388 0.9992
vn 0.0100 0.0271 0.9996
vn -0.0054 0.9998 -0.0215
vn 0.0082 0.9996 -0.0277
vn 0.0029 0.8359 -0.5488
vn -0.0013 0.3505 0.9365
vn -0.0394 0.0504 -0.9980
vn -0.0022 0.0425 -0.9991
vn -0.0758 0.0347 -0.9965
vn 0.0192 0.9103 0.4134
vn 0.0210 0.8465 0.5321
vn 0.0037 1.0000 -0.0019
vn -0.5223 0.0578 -0.8508
vn -0.9989 0.0473 0.0067
vn -0.9993 0.0340 -0.0147
vn 0.9502 0.3117 -0.0043
vn 0.9994 0.0320 0.0091
vn -0.9510 0.3091 -0.0000
vn -0.4151 0.9098 0.0048
vn -0.5643 0.8256 0.0051
vn 0.0009 1.0000 -0.0086
vn -0.0568 0.9984 0.0069
vn 0.0194 0.9998 -0.0042
vn 0.9870 0.0311 0.1575
vn 0.9997 0.0235 0.0017
vn -0.9995 0.0262 -0.0155
vn -0.9995 0.0202 0.0240
vn -0.9812 0.0246 -0.1914
vn -0.9699 0.0205 -0.2428
vn 0.9547 0.0159 -0.2971
vn 0.9998 0.0146 -0.0141
vn 0.9999 0.0114 0.0115
vn 0.9241 0.0280 -0.3812
vn -0.0503 0.0183 0.9986
vn -0.0216 0.0269 0.9994
vn -0.5587 0.0200 0.8292
vn -0.2041 0.0097 0.9789
vn 0.6534 0.7102 -0.2622
vn 0.2698 0.7346 -0.6225
vn 0.6394 0.7689 -0.0000
vn -0.4122 0.5150 -0.7516
vn 0.0383 0.7082 -0.7050
vn 0.0116 0.2362 -0.9716
vn -0.3917 0.5859 -0.7094
vn -0.7921 0.5795 0.1914
vn -0.8029 0.5961 0.0001
vn -0.9873 0.1586 -0.0012
vn -0.9464 0.2085 0.2466
vn 0.7921 0.5796 -0.1914
vn 0.9221 0.3869 0.0058
vn 0.9867 0.1623 0.0032
vn 0.9458 0.2078 -0.2495
vn 0.4122 0.5150 0.7516
vn -0.0000 0.5268 0.8500
vn 0.0008 0.2351 0.9720
vn 0.3909 0.5847 0.7108
vn 0.4997 0.0242 -0.8658
vn -0.0003 0.0277 -0.9996
vn -0.0008 0.2175 -0.9761
vn 0.4032 0.3175 -0.8583
vn -0.7938 0.6081 -0.0000
vn 0.3977 0.9175 -0.0000
vn 0.2642 0.9535 0.1453
vn -0.6398 0.7330 -0.2309
vn -0.0000 0.7275 0.6861
vn -0.0000 0.9039 -0.4277
vn 0.1095 0.9777 -0.1789
vn -0.4429 0.7760 0.4491
vn 0.7936 0.6080 -0.0221
vn -0.3966 0.9175 -0.0287
vn -0.2314 0.9564 -0.1783
vn 0.6515 0.7288 0.2108
vn -0.0479 0.7035 -0.7091
vn -0.0185 0.8948 0.4461
vn -0.1667 0.9766 0.1360
vn 0.3980 0.7845 -0.4756
vn 0.6494 0.7228 0.2363
vn -0.0000 0.7994 -0.6008
vn -0.6227 0.7822 -0.0221
vn -0.6618 0.7009 -0.2658
vn -0.0126 0.8163 0.5776
vn -0.3192 0.7119 0.6255
vn -0.9751 0.0205 0.2207
vn -0.9778 0.0181 0.2089
vn -0.9475 0.2049 -0.2456
vn 0.3019 0.0308 -0.9528
vn 0.9472 0.2087 0.2434
vn -0.5047 0.5880 0.6321
vn -0.5279 0.0281 -0.8488
vn 0.5265 0.0249 0.8498
vn 0.9771 0.0198 0.2117
vn 0.1117 0.9753 0.1908
vn 0.2486 0.9570 -0.1496
vn -0.1137 0.9755 -0.1882
vn -0.2397 0.9598 0.1459
vn 0.2447 0.7487 0.6161
vn -0.2464 0.7311 -0.6362
vn -0.6518 0.7105 0.2651
vn 0.5990 0.0182 0.8006
vn 0.0095 0.0236 0.9997
vn 0.0149 0.0168 0.9997
vn -0.0092 0.9993 -0.0362
vn 0.0174 0.9989 -0.0445
vn 0.0061 0.7822 -0.6230
vn -0.0008 0.2354 0.9719
vn -0.0494 0.0300 -0.9983
vn -0.0014 0.0257 -0.9997
vn -0.0992 0.0211 -0.9948
vn -0.0000 0.9039 -0.4276
vn 0.0430 0.9085 0.4156
vn 0.0425 0.7938 0.6067
vn 0.0086 1.0000 -0.0042
vn -0.5857 0.0327 -0.8099
vn -0.9997 0.0226 0.0079
vn -0.9998 0.0153 -0.0109
vn 0.9877 0.1561 -0.0030
vn 0.9999 0.0147 0.0082
vn -0.9877 0.1564 -0.0000
vn 0.3976 0.9175 -0.0000
vn -0.3861 0.9224 0.0082
vn -0.6811 0.7322 0.0073
vn -0.0013 0.9999 -0.0132
vn -0.1259 0.9920 0.0108
vn 0.0447 0.9990 -0.0082
vn 0.9927 0.0140 0.1197
vn 0.9999 0.0105 0.0001
vn 0.0012 0.3497 0.9368
vn 0.5648 0.0336 0.8245
vn 0.0210 0.8465 0.5320
vt 0.108708 0.026240
vt 0.123280 0.332684
vt 0.066822 0.335729
vt 0.038833 0.030700
vt 0.912672 0.344744
vt 0.863212 0.340810
vt 0.899794 0.036639
vt 0.951761 0.040572
vt 0.396952 0.013529
vt 0.408266 0.319690
vt 0.356808 0.319327
vt 0.348644 0.013253
vt 0.917029 0.724583
vt 0.921398 0.729657
vt 0.886877 0.727874
vt 0.887270 0.721557
vt 0.688399 0.695835
vt 0.681575 0.744659
vt 0.668345 0.744328
vt 0.671891 0.686992
vt 0.942166 0.691320
vt 0.895365 0.686166
vt 0.896294 0.673023
vt 0.952188 0.680055
vt 0.699800 0.944956
vt 0.752752 0.949469
vt 0.752222 0.962379
vt 0.690217 0.956427
vt 0.953837 0.939307
vt 0.956353 0.890559
vt 0.968530 0.890653
vt 0.966798 0.948198
vt 0.364830 0.956676
vt 0.363254 0.912336
vt 0.667447 0.845610
vt 0.675869 0.944303
vt 0.753536 0.681516
vt 0.753747 0.698155
vt 0.716183 0.703034
vt 0.700587 0.687022
vt 0.956443 0.749207
vt 0.940643 0.749642
vt 0.937622 0.717275
vt 0.953946 0.700486
vt 0.892015 0.954480
vt 0.891456 0.937257
vt 0.925394 0.932895
vt 0.941761 0.948456
vt 0.680959 0.845626
vt 0.698582 0.845253
vt 0.703426 0.919038
vt 0.687966 0.935877
vt 0.759709 0.717674
vt 0.724449 0.721012
vt 0.921638 0.755623
vt 0.884505 0.917355
vt 0.916314 0.914763
vt 0.718794 0.841890
vt 0.719112 0.905916
vt 0.342121 0.319956
vt 0.332483 0.013884
vt 0.691173 0.675330
vt 0.982586 0.044453
vt 0.936948 0.347379
vt 0.951669 0.959828
vt 0.966352 0.691639
vt 0.080308 0.642083
vt 0.051823 0.337036
vt 0.094486 0.640863
vt 0.617817 0.630317
vt 0.629082 0.323074
vt 0.643476 0.324039
vt 0.632552 0.630340
vt 0.703669 0.713317
vt 0.925760 0.706871
vt 0.937172 0.922443
vt 0.715599 0.929245
vt 0.719628 0.726188
vt 0.920725 0.909380
vt 0.723753 0.910991
vt 0.644406 0.017194
vt 0.577703 0.322059
vt 0.596485 0.016262
vt 0.883955 0.910654
vt 0.884055 0.882924
vt 0.921080 0.883095
vt 0.968277 0.748988
vt 0.046136 0.736211
vt 0.357318 0.740320
vt 0.053322 0.938082
vt 0.940286 0.890121
vt 0.698268 0.745572
vt 0.718093 0.752308
vt 0.886368 0.755081
vt 0.044640 0.687795
vt 0.355512 0.687945
vt 0.286831 0.016531
vt 0.289352 0.322994
vt 0.825560 0.645164
vt 0.688867 0.632953
vt 0.733470 0.331033
vt 0.759840 0.724647
vt 0.753256 0.668224
vt 0.892415 0.968056
vt 0.894346 0.702644
vt 0.753028 0.933404
vt 0.759154 0.914038
vt 0.759376 0.842216
vt 0.759047 0.907503
vt 0.759590 0.752331
vt 0.153776 0.637489
vt 0.884863 0.649752
vt 0.418662 0.625361
vt 0.361289 0.626285
vt 0.054249 0.969654
vt 0.346777 0.626398
vt 0.899112 0.651182
vt 0.023209 0.032002
vt 0.667322 0.018797
vt 0.560310 0.627580
vt 0.293500 0.629441
vt 0.776802 0.027289
s 1
f 1/1/1 2/2/2 3/3/3
f 3/3/3 4/4/4 1/1/1
f 5/5/5 6/6/6 7/7/7
f 7/7/7 8/8/8 5/5/5
f 9/9/9 10/10/10 11/11/11
f 11/11/11 12/12/12 9/9/9
f 13/13/13 14/14/14 15/15/15
f 15/15/15 16/16/16 13/13/13
f 17/17/17 18/18/18 19/19/19
f 19/19/19 20/20/20 17/17/17
f 21/21/21 22/22/22 23/23/23
f 23/23/23 24/24/24 21/21/21
f 25/25/25 26/26/26 27/27/27
f 27/27/27 28/28/28 25/25/25
f 29/29/29 30/30/30 31/31/31
f 31/31/31 32/32/32 29/29/29
f 33/33/33 34/34/34 35/35/35
f 35/35/35 36/36/36 33/33/33
f 37/37/37 38/38/38 39/39/39
f 39/39/39 40/40/40 37/37/37
f 41/41/41 42/42/42 43/43/43
f 43/43/43 44/44/44 41/41/41
f 45/45/45 46/46/46 47/47/47
f 47/47/47 48/48/48 45/45/45
f 49/49/49 50/50/50 51/51/51
f 51/51/51 52/52/52 49/49/49
f 39/39/39 38/38/38 53/53/16
f 53/53/16 54/54/53 39/39/39
f 42/42/42 55/55/54 14/14/14
f 14/14/14 43/43/43 42/42/42
f 47/47/47 46/46/46 56/56/55
f 56/56/55 57/57/56 47/47/47
f 50/50/50 58/58/57 59/59/58
f 59/59/58 51/51/51 50/50/50
f 12/12/12 11/11/11 60/60/59
f 60/60/59 61/61/60 12/12/12
f 40/40/40 17/17/17 20/20/20
f 20/20/20 62/62/61 40/40/40
f 63/63/62 33/64/33 5/5/5
f 5/5/5 8/8/8 63/63/62
f 48/48/48 29/29/29 32/32/32
f 32/32/32 64/65/63 48/48/48
f 24/24/24 65/66/64 44/44/44
f 44/44/44 21/21/21 24/24/24
f 20/67/20 66/68/65 3/3/3
f 3/3/3 62/69/61 20/67/20
f 28/28/28 36/36/36 52/52/52
f 52/52/52 25/25/25 28/28/28
f 32/70/32 67/71/66 68/72/67
f 68/72/67 64/73/63 32/70/32
f 17/17/17 40/40/40 39/39/39
f 39/39/39 69/74/68 17/17/17
f 21/21/21 44/44/44 43/43/43
f 43/43/43 70/75/69 21/21/21
f 29/29/29 48/48/48 47/47/47
f 47/47/47 71/76/70 29/29/29
f 25/25/25 52/52/52 51/51/51
f 51/51/51 72/77/71 25/25/25
f 69/74/68 39/39/39 54/54/53
f 54/54/53 73/78/72 69/74/68
f 70/75/69 43/43/43 14/14/14
f 14/14/14 13/13/13 70/75/69
f 71/76/70 47/47/47 57/57/56
f 57/57/56 74/79/73 71/76/70
f 72/77/71 51/51/51 59/59/58
f 59/59/58 75/80/74 72/77/71
f 76/81/75 67/71/66 77/82/76
f 77/82/76 78/83/77 76/81/75
f 74/79/73 79/84/78 80/85/79
f 80/85/79 81/86/80 74/79/73
f 52/52/52 36/36/36 35/35/35
f 35/35/35 49/49/49 52/52/52
f 41/41/41 82/87/81 31/31/31
f 31/31/31 30/30/30 41/41/41
f 83/88/82 84/89/83 34/34/34
f 34/34/34 85/90/84 83/88/82
f 30/30/30 29/29/29 71/76/70
f 71/76/70 86/91/42 30/30/30
f 18/18/18 87/92/85 50/50/50
f 50/50/50 49/49/49 18/18/18
f 71/76/70 74/79/73 81/86/80
f 81/86/80 86/91/42 71/76/70
f 87/92/85 88/93/86 58/58/57
f 58/58/57 50/50/50 87/92/85
f 78/83/77 77/82/76 10/10/10
f 10/10/10 9/9/9 78/83/77
f 81/86/80 80/85/79 89/94/87
f 89/94/87 55/55/54 81/86/80
f 49/49/49 35/35/35 19/19/19
f 19/19/19 18/18/18 49/49/49
f 30/30/30 86/91/42 42/42/42
f 42/42/42 41/41/41 30/30/30
f 86/91/42 81/86/80 55/55/54
f 55/55/54 42/42/42 86/91/42
f 44/44/44 65/66/64 82/87/81
f 82/87/81 41/41/41 44/44/44
f 90/95/88 66/96/65 84/89/83
f 84/89/83 83/88/82 90/95/88
f 18/18/18 17/17/17 69/74/68
f 69/74/68 87/92/85 18/18/18
f 69/74/68 73/78/72 88/93/86
f 88/93/86 87/92/85 69/74/68
f 91/97/89 92/98/90 2/2/2
f 2/2/2 1/1/1 91/97/89
f 27/99/27 93/100/91 94/101/92
f 94/101/92 6/6/6 27/99/27
f 54/54/53 53/53/16 95/102/15
f 95/102/15 73/78/72 54/54/53
f 40/40/40 62/62/61 96/103/93
f 96/103/93 37/37/37 40/40/40
f 45/45/45 93/104/91 27/27/27
f 27/27/27 26/26/26 45/45/45
f 22/22/22 97/105/38 38/38/38
f 38/38/38 37/37/37 22/22/22
f 26/26/26 25/25/25 72/77/71
f 72/77/71 98/106/94 26/26/26
f 97/105/38 16/16/16 53/53/16
f 53/53/16 38/38/38 97/105/38
f 72/77/71 75/80/74 99/107/95
f 99/107/95 98/106/94 72/77/71
f 58/58/57 100/108/96 101/109/97
f 101/109/97 59/59/58 58/58/57
f 58/58/57 88/93/86 102/110/98
f 102/110/98 100/108/96 58/58/57
f 53/53/16 16/16/16 15/15/15
f 15/15/15 95/102/15 53/53/16
f 37/37/37 96/103/93 23/23/23
f 23/23/23 22/22/22 37/37/37
f 26/26/26 98/106/94 46/46/46
f 46/46/46 45/45/45 26/26/26
f 98/106/94 99/107/95 56/56/55
f 56/56/55 46/46/46 98/106/94
f 100/108/96 80/85/79 79/84/78
f 79/84/78 101/109/97 100/108/96
f 80/85/79 100/108/96 102/110/98
f 102/110/98 89/94/87 80/85/79
f 91/97/89 61/61/60 60/60/59
f 60/60/59 92/98/90 91/97/89
f 93/100/91 64/73/63 68/72/67
f 68/72/67 94/101/92 93/100/91
f 48/48/48 64/65/63 93/104/91
f 93/104/91 45/45/45 48/48/48
f 22/22/22 21/21/21 70/75/69
f 70/75/69 97/105/38 22/22/22
f 70/75/69 13/13/13 16/16/16
f 16/16/16 97/105/38 70/75/69
f 2/2/2 96/111/93 62/69/61
f 62/69/61 3/3/3 2/2/2
f 28/112/28 27/99/27 6/6/6
f 6/6/6 5/5/5 28/112/28
f 82/113/81 65/114/64 11/11/11
f 11/11/11 10/10/10 82/113/81
f 63/115/62 85/90/84 34/34/34
f 34/34/34 33/33/33 63/115/62
f 65/114/64 24/116/24 60/60/59
f 60/60/59 11/11/11 65/114/64
f 36/117/36 28/112/28 5/5/5
f 5/5/5 33/64/33 36/117/36
f 90/118/88 4/4/4 3/3/3
f 3/3/3 66/68/65 90/118/88
f 76/81/75 103/119/99 68/72/67
f 68/72/67 67/71/66 76/81/75
f 32/70/32 31/120/31 77/82/76
f 77/82/76 67/71/66 32/70/32
f 19/19/19 35/35/35 34/34/34
f 34/34/34 84/89/83 19/19/19
f 31/120/31 82/113/81 10/10/10
f 10/10/10 77/82/76 31/120/31
f 20/20/20 19/19/19 84/89/83
f 84/89/83 66/96/65 20/20/20
f 23/121/23 96/111/93 2/2/2
f 2/2/2 92/98/90 23/121/23
f 104/122/100 7/7/7 6/6/6
f 6/6/6 94/101/92 104/122/100
f 24/116/24 23/121/23 92/98/90
f 92/98/90 60/60/59 24/116/24
f 103/119/99 104/122/100 94/101/92
f 94/101/92 68/72/67 103/119/99
f 55/55/54 89/94/87 15/15/15
f 15/15/15 14/14/14 55/55/54
f 89/94/87 102/110/98 95/102/15
f 95/102/15 15/15/15 89/94/87
f 102/110/98 88/93/86 73/78/72
f 73/78/72 95/102/15 102/110/98
f 57/57/56 56/56/55 79/84/78
f 79/84/78 74/79/73 57/57/56
f 56/56/55 99/107/95 101/109/97
f 101/109/97 79/84/78 56/56/55
f 101/109/97 99/107/95 75/80/74
f 75/80/74 59/59/58 101/109/97
f 105/1/101 106/2/102 107/3/103
f 107/3/103 108/4/104 105/1/101
f 109/5/105 110/6/106 111/7/107
f 111/7/107 112/8/108 109/5/105
f 113/9/109 114/10/110 115/11/111
f 115/11/111 116/12/112 113/9/109
f 117/13/113 118/14/114 119/15/15
f 119/15/15 120/16/115 117/13/113
f 121/17/116 122/18/117 123/19/118
f 123/19/118 124/20/119 121/17/116
f 125/21/120 126/22/121 127/23/122
f 127/23/122 128/24/123 125/21/120
f 129/25/124 130/26/125 131/27/126
f 131/27/126 132/28/127 129/25/124
f 133/29/128 134/30/129 135/31/130
f 135/31/130 136/32/131 133/29/128
f 137/33/132 138/34/133 139/35/134
f 139/35/134 140/36/135 137/33/132
f 141/37/136 142/38/137 143/39/138
f 143/39/138 144/40/139 141/37/136
f 145/41/140 146/42/141 147/43/142
f 147/43/142 148/44/143 145/41/140
f 149/45/144 150/46/145 151/47/146
f 151/47/146 152/48/147 149/45/144
f 153/49/148 154/50/149 155/51/150
f 155/51/150 156/52/151 153/49/148
f 143/39/138 142/38/137 157/53/115
f 157/53/115 158/54/152 143/39/138
f 146/42/141 159/55/153 118/14/114
f 118/14/114 147/43/142 146/42/141
f 151/47/146 150/46/145 160/56/154
f 160/56/154 161/57/155 151/47/146
f 154/50/149 162/58/156 163/59/157
f 163/59/157 155/51/150 154/50/149
f 116/12/112 115/11/111 164/60/158
f 164/60/158 165/61/159 116/12/112
f 144/40/139 121/17/116 124/20/119
f 124/20/119 166/62/160 144/40/139
f 167/63/161 137/64/132 109/5/105
f 109/5/105 112/8/108 167/63/161
f 152/48/147 133/29/128 136/32/131
f 136/32/131 168/65/162 152/48/147
f 128/24/123 169/66/163 148/44/143
f 148/44/143 125/21/120 128/24/123
f 124/67/119 170/68/164 107/3/103
f 107/3/103 166/69/160 124/67/119
f 132/28/127 140/36/135 156/52/151
f 156/52/151 129/25/124 132/28/127
f 136/70/131 171/71/165 172/72/166
f 172/72/166 168/73/162 136/70/131
f 121/17/116 144/40/139 143/39/138
f 143/39/138 173/74/167 121/17/116
f 125/21/120 148/44/143 147/43/142
f 147/43/142 174/75/168 125/21/120
f 133/29/128 152/48/147 151/47/146
f 151/47/146 175/76/169 133/29/128
f 129/25/124 156/52/151 155/51/150
f 155/51/150 176/77/170 129/25/124
f 173/74/167 143/39/138 158/54/152
f 158/54/152 177/78/171 173/74/167
f 174/75/168 147/43/142 118/14/114
f 118/14/114 117/13/113 174/75/168
f 175/76/169 151/47/146 161/57/155
f 161/57/155 178/79/172 175/76/169
f 176/77/170 155/51/150 163/59/157
f 163/59/157 179/80/173 176/77/170
f 180/81/174 171/71/165 181/82/175
f 181/82/175 182/83/176 180/81/174
f 178/79/172 183/84/177 184/85/178
f 184/85/178 185/86/179 178/79/172
f 156/52/151 140/36/135 139/35/134
f 139/35/134 153/49/148 156/52/151
f 145/41/140 186/87/180 135/31/130
f 135/31/130 134/30/129 145/41/140
f 187/88/181 188/89/182 138/34/133
f 138/34/133 189/90/183 187/88/181
f 134/30/129 133/29/128 175/76/169
f 175/76/169 190/91/184 134/30/129
f 122/18/117 191/92/185 154/50/149
f 154/50/149 153/49/148 122/18/117
f 175/76/169 178/79/172 185/86/179
f 185/86/179 190/91/184 175/76/169
f 191/92/185 192/93/186 162/58/156
f 162/58/156 154/50/149 191/92/185
f 182/83/176 181/82/175 114/10/110
f 114/10/110 113/9/109 182/83/176
f 185/86/179 184/85/178 193/94/187
f 193/94/187 159/55/153 185/86/179
f 153/49/148 139/35/134 123/19/118
f 123/19/118 122/18/117 153/49/148
f 134/30/129 190/91/184 146/42/141
f 146/42/141 145/41/140 134/30/129
f 190/91/184 185/86/179 159/55/153
f 159/55/153 146/42/141 190/91/184
f 148/44/143 169/66/163 186/87/180
f 186/87/180 145/41/140 148/44/143
f 194/95/188 170/96/164 188/89/182
f 188/89/182 187/88/181 194/95/188
f 122/18/117 121/17/116 173/74/167
f 173/74/167 191/92/185 122/18/117
f 173/74/167 177/78/171 192/93/186
f 192/93/186 191/92/185 173/74/167
f 195/97/189 196/98/190 106/2/102
f 106/2/102 105/1/101 195/97/189
f 131/99/126 197/100/191 198/101/192
f 198/101/192 110/6/106 131/99/126
f 158/54/152 157/53/115 199/102/15
f 199/102/15 177/78/171 158/54/152
f 144/40/139 166/62/160 200/103/193
f 200/103/193 141/37/136 144/40/139
f 149/45/144 197/104/191 131/27/126
f 131/27/126 130/26/125 149/45/144
f 126/22/121 201/105/137 142/38/137
f 142/38/137 141/37/136 126/22/121
f 130/26/125 129/25/124 176/77/170
f 176/77/170 202/106/194 130/26/125
f 201/105/137 120/16/115 157/53/115
f 157/53/115 142/38/137 201/105/137
f 176/77/170 179/80/173 203/107/195
f 203/107/195 202/106/194 176/77/170
f 162/58/156 204/108/196 205/109/197
f 205/109/197 163/59/157 162/58/156
f 162/58/156 192/93/186 206/110/198
f 206/110/198 204/108/196 162/58/156
f 157/53/115 120/16/115 119/15/15
f 119/15/15 199/102/15 157/53/115
f 141/37/136 200/103/193 127/23/122
f 127/23/122 126/22/121 141/37/136
f 130/26/125 202/106/194 150/46/145
f 150/46/145 149/45/144 130/26/125
f 202/106/194 203/107/195 160/56/154
f 160/56/154 150/46/145 202/106/194
f 204/108/196 184/85/178 183/84/177
f 183/84/177 205/109/197 204/108/196
f 184/85/178 204/108/196 206/110/198
f 206/110/198 193/94/187 184/85/178
f 195/97/189 165/61/159 164/60/158
f 164/60/158 196/98/190 195/97/189
f 197/100/191 168/73/162 172/72/166
f 172/72/166 198/101/192 197/100/191
f 152/48/147 168/65/162 197/104/191
f 197/104/191 149/45/144 152/48/147
f 126/22/121 125/21/120 174/75/168
f 174/75/168 201/105/137 126/22/121
f 174/75/168 117/13/113 120/16/115
f 120/16/115 201/105/137 174/75/168
f 106/2/102 200/111/193 166/69/160
f 166/69/160 107/3/103 106/2/102
f 132/112/127 131/99/126 110/6/106
f 110/6/106 109/5/105 132/112/127
f 186/113/180 169/114/163 115/11/111
f 115/11/111 114/10/110 186/113/180
f 167/115/161 189/90/183 138/34/133
f 138/34/133 137/33/132 167/115/161
f 169/114/163 128/116/123 164/60/158
f 164/60/158 115/11/111 169/114/163
f 140/117/135 132/112/127 109/5/105
f 109/5/105 137/64/132 140/117/135
f 194/118/188 108/4/104 107/3/103
f 107/3/103 170/68/164 194/118/188
f 180/81/174 207/119/199 172/72/166
f 172/72/166 171/71/165 180/81/174
f 136/70/131 135/120/130 181/82/175
f 181/82/175 171/71/165 136/70/131
f 123/19/118 139/35/134 138/34/133
f 138/34/133 188/89/182 123/19/118
f 135/120/130 186/113/180 114/10/110
f 114/10/110 181/82/175 135/120/130
f 124/20/119 123/19/118 188/89/182
f 188/89/182 170/96/164 124/20/119
f 127/121/122 200/111/193 106/2/102
f 106/2/102 196/98/190 127/121/122
f 208/122/200 111/7/107 110/6/106
f 110/6/106 198/101/192 208/122/200
f 128/116/123 127/121/122 196/98/190
f 196/98/190 164/60/158 128/116/123
f 207/119/199 208/122/200 198/101/192
f 198/101/192 172/72/166 207/119/199
f 159/55/153 193/94/187 119/15/15
f 119/15/15 118/14/114 159/55/153
f 193/94/187 206/110/198 199/102/15
f 199/102/15 119/15/15 193/94/187
f 206/110/198 192/93/186 177/78/171
f 177/78/171 199/102/15 206/110/198
f 161/57/155 160/56/154 183/84/177
f 183/84/177 178/79/172 161/57/155
f 160/56/154 203/107/195 205/109/197
f 205/109/197 183/84/177 160/56/154
f 205/109/197 203/107/195 179/80/173
f 179/80/173 163/59/157 205/109/197
f 209/1/101 210/2/102 211/3/103
f 211/3/103 212/4/104 209/1/101
f 213/5/105 214/6/106 215/7/107
f 215/7/107 216/8/108 213/5/105
f 217/9/109 218/10/110 219/11/111
f 219/11/111 220/12/112 217/9/109
f 221/13/113 222/14/114 223/15/15
f 223/15/15 224/16/115 221/13/113
f 225/17/116 226/18/117 227/19/118
f 227/19/118 228/20/119 225/17/116
f 229/21/120 230/22/121 231/23/122
f 231/23/122 232/24/123 229/21/120
f 233/25/124 234/26/125 235/27/126
f 235/27/126 236/28/127 233/25/124
f 237/29/128 238/30/129 239/31/130
f 239/31/130 240/32/131 237/29/128
f 241/33/132 242/34/133 243/35/134
f 243/35/134 244/36/135 241/33/132
f 245/37/136 246/38/137 247/39/138
f 247/39/138 248/40/139 245/37/136
f 249/41/140 250/42/201 251/43/202
f 251/43/202 252/44/143 249/41/140
f 253/45/144 254/46/145 255/47/146
f 255/47/146 256/48/147 253/45/144
f 257/49/148 258/50/149 259/51/150
f 259/51/150 260/52/151 257/49/148
f 247/39/138 246/38/137 261/53/115
f 261/53/115 262/54/152 247/39/138
f 250/42/201 263/55/153 222/14/114
f 222/14/114 251/43/202 250/42/201
f 255/47/146 254/46/145 264/56/154
f 264/56/154 265/57/155 255/47/146
f 258/50/149 266/58/156 267/59/157
f 267/59/157 259/51/150 258/50/149
f 220/12/112 219/11/111 268/60/158
f 268/60/158 269/61/159 220/12/112
f 248/40/139 225/17/116 228/20/119
f 228/20/119 270/62/160 248/40/139
f 271/63/203 241/64/132 213/5/105
f 213/5/105 216/8/108 271/63/203
f 256/48/147 237/29/128 240/32/131
f 240/32/131 272/65/162 256/48/147
f 232/24/123 273/66/163 252/44/143
f 252/44/143 229/21/120 232/24/123
f 228/67/119 274/68/164 211/3/103
f 211/3/103 270/69/160 228/67/119
f 236/28/127 244/36/135 260/52/151
f 260/52/151 233/25/124 236/28/127
f 240/70/131 275/71/165 276/72/166
f 276/72/166 272/73/162 240/70/131
f 225/17/116 248/40/139 247/39/138
f 247/39/138 277/74/167 225/17/116
f 229/21/120 252/44/143 251/43/202
f 251/43/202 278/75/168 229/21/120
f 237/29/128 256/48/147 255/47/146
f 255/47/146 279/76/169 237/29/128
f 233/25/124 260/52/151 259/51/150
f 259/51/150 280/77/170 233/25/124
f 277/74/167 247/39/138 262/54/152
f 262/54/152 281/78/171 277/74/167
f 278/75/168 251/43/202 222/14/114
f 222/14/114 221/13/113 278/75/168
f 279/76/169 255/47/146 265/57/155
f 265/57/155 282/79/172 279/76/169
f 280/77/170 259/51/150 267/59/157
f 267/59/157 283/80/173 280/77/170
f 284/81/174 275/71/165 285/82/175
f 285/82/175 286/83/176 284/81/174
f 282/79/172 287/84/177 288/85/178
f 288/85/178 289/86/179 282/79/172
f 260/52/151 244/36/135 243/35/134
f 243/35/134 257/49/148 260/52/151
f 249/41/140 290/87/180 239/31/130
f 239/31/130 238/30/129 249/41/140
f 291/88/181 292/89/182 242/34/133
f 242/34/133 293/90/183 291/88/181
f 238/30/129 237/29/128 279/76/169
f 279/76/169 294/91/141 238/30/129
f 226/18/117 295/92/185 258/50/149
f 258/50/149 257/49/148 226/18/117
f 279/76/169 282/79/172 289/86/179
f 289/86/179 294/91/141 279/76/169
f 295/92/185 296/93/186 266/58/156
f 266/58/156 258/50/149 295/92/185
f 286/83/176 285/82/175 218/10/110
f 218/10/110 217/9/109 286/83/176
f 289/86/179 288/85/178 297/94/187
f 297/94/187 263/55/153 289/86/179
f 257/49/148 243/35/134 227/19/118
f 227/19/118 226/18/117 257/49/148
f 238/30/129 294/91/141 250/42/201
f 250/42/201 249/41/140 238/30/129
f 294/91/141 289/86/179 263/55/153
f 263/55/153 250/42/201 294/91/141
f 252/44/143 273/66/163 290/87/180
f 290/87/180 249/41/140 252/44/143
f 298/95/188 274/96/164 292/89/182
f 292/89/182 291/88/181 298/95/188
f 226/18/117 225/17/116 277/74/167
f 277/74/167 295/92/185 226/18/117
f 277/74/167 281/78/171 296/93/186
f 296/93/186 295/92/185 277/74/167
f 299/97/189 300/98/190 210/2/102
f 210/2/102 209/1/101 299/97/189
f 235/99/126 301/100/191 302/101/192
f 302/101/192 214/6/106 235/99/126
f 262/54/152 261/53/115 303/102/15
f 303/102/15 281/78/171 262/54/152
f 248/40/139 270/62/160 304/103/193
f 304/103/193 245/37/136 248/40/139
f 253/45/144 301/104/191 235/27/126
f 235/27/126 234/26/125 253/45/144
f 230/22/121 305/105/137 246/38/137
f 246/38/137 245/37/136 230/22/121
f 234/26/125 233/25/124 280/77/170
f 280/77/170 306/106/194 234/26/125
f 305/105/137 224/16/115 261/53/115
f 261/53/115 246/38/137 305/105/137
f 280/77/170 283/80/173 307/107/195
f 307/107/195 306/106/194 280/77/170
f 266/58/156 308/108/196 309/109/197
f 309/109/197 267/59/157 266/58/156
f 266/58/156 296/93/186 310/110/198
f 310/110/198 308/108/196 266/58/156
f 261/53/115 224/16/115 223/15/15
f 223/15/15 303/102/15 261/53/115
f 245/37/136 304/103/193 231/23/122
f 231/23/122 230/22/121 245/37/136
f 234/26/125 306/106/194 254/46/145
f 254/46/145 253/45/144 234/26/125
f 306/106/194 307/107/195 264/56/154
f 264/56/154 254/46/145 306/106/194
f 308/108/196 288/85/178 287/84/177
f 287/84/177 309/109/197 308/108/196
f 288/85/178 308/108/196 310/110/198
f 310/110/198 297/94/187 288/85/178
f 299/97/189 269/61/159 268/60/158
f 268/60/158 300/98/190 299/97/189
f 301/100/191 272/73/162 276/72/166
f 276/72/166 302/101/192 301/100/191
f 256/48/147 272/65/162 301/104/191
f 301/104/191 253/45/144 256/48/147
f 230/22/121 229/21/120 278/75/168
f 278/75/168 305/105/137 230/22/121
f 278/75/168 221/13/113 224/16/115
f 224/16/115 305/105/137 278/75/168
f 210/2/102 304/111/193 270/69/160
f 270/69/160 211/3/103 210/2/102
f 236/112/127 235/99/126 214/6/106
f 214/6/106 213/5/105 236/112/127
f 290/113/180 273/114/163 219/11/111
f 219/11/111 218/10/110 290/113/180
f 271/115/203 293/90/183 242/34/133
f 242/34/133 241/33/132 271/115/203
f 273/114/163 232/116/123 268/60/158
f 268/60/158 219/11/111 273/114/163
f 244/117/135 236/112/127 213/5/105
f 213/5/105 241/64/132 244/117/135
f 298/118/188 212/4/104 211/3/103
f 211/3/103 274/68/164 298/118/188
f 284/81/174 311/119/199 276/72/166
f 276/72/166 275/71/165 284/81/174
f 240/70/131 239/120/130 285/82/175
f 285/82/175 275/71/165 240/70/131
f 227/19/118 243/35/134 242/34/133
f 242/34/133 292/89/182 227/19/118
f 239/120/130 290/113/180 218/10/110
f 218/10/110 285/82/175 239/120/130
f 228/20/119 227/19/118 292/89/182
f 292/89/182 274/96/164 228/20/119
f 231/121/122 304/111/193 210/2/102
f 210/2/102 300/98/190 231/121/122
f 312/122/200 215/7/107 214/6/106
f 214/6/106 302/101/192 312/122/200
f 232/116/123 231/121/122 300/98/190
f 300/98/190 268/60/158 232/116/123
f 311/119/199 312/122/200 302/101/192
f 302/101/192 276/72/166 311/119/199
f 263/55/153 297/94/187 223/15/15
f 223/15/15 222/14/114 263/55/153
f 297/94/187 310/110/198 303/102/15
f 303/102/15 223/15/15 297/94/187
f 310/110/198 296/93/186 281/78/171
f 281/78/171 303/102/15 310/110/198
f 265/57/155 264/56/154 287/84/177
f 287/84/177 282/79/172 265/57/155
f 264/56/154 307/107/195 309/109/197
f 309/109/197 287/84/177 264/56/154
f 309/109/197 307/107/195 283/80/173
f 283/80/173 267/59/157 309/109/197
f 313/1/204 314/2/205 315/3/206
f 315/3/206 316/4/207 313/1/204
f 317/5/208 318/6/209 319/7/210
f 319/7/210 320/8/211 317/5/208
f 321/9/212 322/10/213 323/11/214
f 323/11/214 324/12/215 321/9/212
f 325/13/216 326/14/217 327/15/15
f 327/15/15 328/16/218 325/13/216
f 329/17/128 330/18/219 331/19/220
f 331/19/220 332/20/221 329/17/128
f 333/21/222 334/22/223 335/23/224
f 335/23/224 336/24/225 333/21/222
f 337/25/226 338/26/227 339/27/228
f 339/27/228 340/28/229 337/25/226
f 341/29/116 342/30/230 343/31/231
f 343/31/231 344/32/232 341/29/116
f 345/33/233 346/34/234 347/35/235
f 347/35/235 348/36/236 345/33/233
f 349/37/237 350/38/238 351/39/239
f 351/39/239 352/40/240 349/37/237
f 353/41/241 354/42/242 355/43/243
f 355/43/243 356/44/244 353/41/241
f 357/45/245 358/46/246 359/47/247
f 359/47/247 360/48/248 357/45/245
f 361/49/249 362/50/250 363/51/251
f 363/51/251 364/52/252 361/49/249
f 351/39/239 350/38/238 365/53/218
f 365/53/218 366/54/253 351/39/239
f 354/42/242 367/55/254 326/14/217
f 326/14/217 355/43/243 354/42/242
f 359/47/247 358/46/246 368/56/255
f 368/56/255 369/57/256 359/47/247
f 362/50/250 370/58/257 371/59/258
f 371/59/258 363/51/251 362/50/250
f 324/12/215 323/11/214 372/60/259
f 372/60/259 373/61/260 324/12/215
f 352/40/240 329/17/128 332/20/221
f 332/20/221 374/62/261 352/40/240
f 375/63/262 345/64/233 317/5/208
f 317/5/208 320/8/211 375/63/262
f 360/48/248 341/29/116 344/32/232
f 344/32/232 376/65/263 360/48/248
f 336/24/225 377/66/264 356/44/244
f 356/44/244 333/21/222 336/24/225
f 332/67/221 378/68/265 315/3/206
f 315/3/206 374/69/261 332/67/221
f 340/28/229 348/36/236 364/52/252
f 364/52/252 337/25/226 340/28/229
f 344/70/232 379/71/266 380/72/267
f 380/72/267 376/73/263 344/70/232
f 329/17/128 352/40/240 351/39/239
f 351/39/239 381/74/268 329/17/128
f 333/21/222 356/44/244 355/43/243
f 355/43/243 382/75/269 333/21/222
f 341/29/116 360/48/248 359/47/247
f 359/47/247 383/76/270 341/29/116
f 337/25/226 364/52/252 363/51/251
f 363/51/251 384/77/271 337/25/226
f 381/74/268 351/39/239 366/54/253
f 366/54/253 385/78/272 381/74/268
f 382/75/269 355/43/243 326/14/217
f 326/14/217 325/13/216 382/75/269
f 383/76/270 359/47/247 369/57/256
f 369/57/256 386/79/273 383/76/270
f 384/77/271 363/51/251 371/59/258
f 371/59/258 387/80/274 384/77/271
f 388/81/275 379/71/266 389/82/276
f 389/82/276 390/83/277 388/81/275
f 386/79/273 391/84/278 392/85/279
f 392/85/279 393/86/280 386/79/273
f 364/52/252 348/36/236 347/35/235
f 347/35/235 361/49/249 364/52/252
f 353/41/241 394/87/281 343/31/231
f 343/31/231 342/30/230 353/41/241
f 395/88/282 396/89/283 346/34/234
f 346/34/234 397/90/284 395/88/282
f 342/30/230 341/29/116 383/76/270
f 383/76/270 398/91/285 342/30/230
f 330/18/219 399/92/286 362/50/250
f 362/50/250 361/49/249 330/18/219
f 383/76/270 386/79/273 393/86/280
f 393/86/280 398/91/285 383/76/270
f 399/92/286 400/93/287 370/58/257
f 370/58/257 362/50/250 399/92/286
f 390/83/277 389/82/276 322/10/213
f 322/10/213 321/9/212 390/83/277
f 393/86/280 392/85/279 401/94/288
f 401/94/288 367/55/254 393/86/280
f 361/49/249 347/35/235 331/19/220
f 331/19/220 330/18/219 361/49/249
f 342/30/230 398/91/285 354/42/242
f 354/42/242 353/41/241 342/30/230
f 398/91/285 393/86/280 367/55/254
f 367/55/254 354/42/242 398/91/285
f 356/44/244 377/66/264 394/87/281
f 394/87/281 353/41/241 356/44/244
f 402/95/289 378/96/265 396/89/283
f 396/89/283 395/88/282 402/95/289
f 330/18/219 329/17/128 381/74/268
f 381/74/268 399/92/286 330/18/219
f 381/74/268 385/78/272 400/93/287
f 400/93/287 399/92/286 381/74/268
f 403/97/290 404/98/291 314/2/205
f 314/2/205 313/1/204 403/97/290
f 339/99/228 405/100/292 406/101/293
f 406/101/293 318/6/209 339/99/228
f 366/54/253 365/53/218 407/102/15
f 407/102/15 385/78/272 366/54/253
f 352/40/240 374/62/261 408/103/294
f 408/103/294 349/37/237 352/40/240
f 357/45/245 405/104/292 339/27/228
f 339/27/228 338/26/227 357/45/245
f 334/22/223 409/105/238 350/38/238
f 350/38/238 349/37/237 334/22/223
f 338/26/227 337/25/226 384/77/271
f 384/77/271 410/106/295 338/26/227
f 409/105/238 328/16/218 365/53/218
f 365/53/218 350/38/238 409/105/238
f 384/77/271 387/80/274 411/107/296
f 411/107/296 410/106/295 384/77/271
f 370/58/257 412/108/297 413/109/298
f 413/109/298 371/59/258 370/58/257
f 370/58/257 400/93/287 414/110/299
f 414/110/299 412/108/297 370/58/257
f 365/53/218 328/16/218 327/15/15
f 327/15/15 407/102/15 365/53/218
f 349/37/237 408/103/294 335/23/224
f 335/23/224 334/22/223 349/37/237
f 338/26/227 410/106/295 358/46/246
f 358/46/246 357/45/245 338/26/227
f 410/106/295 411/107/296 368/56/255
f 368/56/255 358/46/246 410/106/295
f 412/108/297 392/85/279 391/84/278
f 391/84/278 413/109/298 412/108/297
f 392/85/279 412/108/297 414/110/299
f 414/110/299 401/94/288 392/85/279
f 403/97/290 373/61/260 372/60/259
f 372/60/259 404/98/291 403/97/290
f 405/100/292 376/73/263 380/72/267
f 380/72/267 406/101/293 405/100/292
f 360/48/248 376/65/263 405/104/292
f 405/104/292 357/45/245 360/48/248
f 334/22/223 333/21/222 382/75/269
f 382/75/269 409/105/238 334/22/223
f 382/75/269 325/13/216 328/16/218
f 328/16/218 409/105/238 382/75/269
f 314/2/205 408/111/294 374/69/261
f 374/69/261 315/3/206 314/2/205
f 340/112/229 339/99/228 318/6/209
f 318/6/209 317/5/208 340/112/229
f 394/113/281 377/114/264 323/11/214
f 323/11/214 322/10/213 394/113/281
f 375/115/262 397/90/284 346/34/234
f 346/34/234 345/33/233 375/115/262
f 377/114/264 336/116/225 372/60/259
f 372/60/259 323/11/214 377/114/264
f 348/117/236 340/112/229 317/5/208
f 317/5/208 345/64/233 348/117/236
f 402/118/289 316/4/207 315/3/206
f 315/3/206 378/68/265 402/118/289
f 388/81/275 415/119/300 380/72/267
f 380/72/267 379/71/266 388/81/275
f 344/70/232 343/120/231 389/82/276
f 389/82/276 379/71/266 344/70/232
f 331/19/220 347/35/235 346/34/234
f 346/34/234 396/89/283 331/19/220
f 343/120/231 394/113/281 322/10/213
f 322/10/213 389/82/276 343/120/231
f 332/20/221 331/19/220 396/89/283
f 396/89/283 378/96/265 332/20/221
f 335/121/224 408/111/294 314/2/205
f 314/2/205 404/98/291 335/121/224
f 416/122/301 319/7/210 318/6/209
f 318/6/209 406/101/293 416/122/301
f 336/116/225 335/121/224 404/98/291
f 404/98/291 372/60/259 336/116/225
f 415/119/300 416/122/301 406/101/293
f 406/101/293 380/72/267 415/119/300
f 367/55/254 401/94/288 327/15/15
f 327/15/15 326/14/217 367/55/254
f 401/94/288 414/110/299 407/102/15
f 407/102/15 327/15/15 401/94/288
f 414/110/299 400/93/287 385/78/272
f 385/78/272 407/102/15 414/110/299
f 369/57/256 368/56/255 391/84/278
f 391/84/278 386/79/273 369/57/256
f 368/56/255 411/107/296 413/109/298
f 413/109/298 391/84/278 368/56/255
f 413/109/298 411/107/296 387/80/274
f 387/80/274 371/59/258 413/109/298
f 417/1/101 418/2/102 419/3/103
f 419/3/103 420/4/104 417/1/101
f 421/5/105 422/6/106 423/7/107
f 423/7/107 424/8/108 421/5/105
f 425/9/109 426/10/110 427/11/111
f 427/11/111 428/12/112 425/9/109
f 429/13/113 430/14/114 431/15/15
f 431/15/15 432/16/115 429/13/113
f 433/17/116 434/18/117 435/19/118
f 435/19/118 436/20/302 433/17/116
f 437/21/120 438/22/303 439/23/122
f 439/23/122 440/24/123 437/21/120
f 441/25/124 442/26/125 443/27/126
f 443/27/126 444/28/127 441/25/124
f 445/29/128 446/30/129 447/31/130
f 447/31/130 448/32/131 445/29/128
f 449/33/132 450/34/133 451/35/134
f 451/35/134 452/36/135 449/33/132
f 453/37/136 454/38/137 455/39/138
f 455/39/138 456/40/139 453/37/136
f 457/41/140 458/42/201 459/43/142
f 459/43/142 460/44/143 457/41/140
f 461/45/144 462/46/145 463/47/146
f 463/47/146 464/48/147 461/45/144
f 465/49/148 466/50/149 467/51/150
f 467/51/150 468/52/151 465/49/148
f 455/39/138 454/38/137 469/53/115
f 469/53/115 470/54/304 455/39/138
f 458/42/201 471/55/153 430/14/114
f 430/14/114 459/43/142 458/42/201
f 463/47/146 462/46/145 472/56/305
f 472/56/305 473/57/155 463/47/146
f 466/50/149 474/58/156 475/59/157
f 475/59/157 467/51/150 466/50/149
f 428/12/112 427/11/111 476/60/158
f 476/60/158 477/61/159 428/12/112
f 456/40/139 433/17/116 436/20/302
f 436/20/302 478/62/160 456/40/139
f 479/63/203 449/64/132 421/5/105
f 421/5/105 424/8/108 479/63/203
f 464/48/147 445/29/128 448/32/131
f 448/32/131 480/65/162 464/48/147
f 440/24/123 481/66/306 460/44/143
f 460/44/143 437/21/120 440/24/123
f 436/67/302 482/68/164 419/3/103
f 419/3/103 478/69/160 436/67/302
f 444/28/127 452/36/135 468/52/151
f 468/52/151 441/25/124 444/28/127
f 448/70/131 483/71/165 484/72/166
f 484/72/166 480/73/162 448/70/131
f 433/17/116 456/40/139 455/39/138
f 455/39/138 485/74/167 433/17/116
f 437/21/120 460/44/143 459/43/142
f 459/43/142 486/75/168 437/21/120
f 445/29/128 464/48/147 463/47/146
f 463/47/146 487/76/169 445/29/128
f 441/25/124 468/52/151 467/51/150
f 467/51/150 488/77/170 441/25/124
f 485/74/167 455/39/138 470/54/304
f 470/54/304 489/78/171 485/74/167
f 486/75/168 459/43/142 430/14/114
f 430/14/114 429/13/113 486/75/168
f 487/76/169 463/47/146 473/57/155
f 473/57/155 490/79/172 487/76/169
f 488/77/170 467/51/150 475/59/157
f 475/59/157 491/80/173 488/77/170
f 492/81/174 483/71/165 493/82/175
f 493/82/175 494/83/176 492/81/174
f 490/79/172 495/84/177 496/85/178
f 496/85/178 497/86/179 490/79/172
f 468/52/151 452/36/135 451/35/134
f 451/35/134 465/49/148 468/52/151
f 457/41/140 498/87/180 447/31/130
f 447/31/130 446/30/129 457/41/140
f 499/88/181 500/89/182 450/34/133
f 450/34/133 501/90/183 499/88/181
f 446/30/129 445/29/128 487/76/169
f 487/76/169 502/91/141 446/30/129
f 434/18/117 503/92/185 466/50/149
f 466/50/149 465/49/148 434/18/117
f 487/76/169 490/79/172 497/86/179
f 497/86/179 502/91/141 487/76/169
f 503/92/185 504/93/186 474/58/156
f 474/58/156 466/50/149 503/92/185
f 494/83/176 493/82/175 426/10/110
f 426/10/110 425/9/109 494/83/176
f 497/86/179 496/85/178 505/94/187
f 505/94/187 471/55/153 497/86/179
f 465/49/148 451/35/134 435/19/118
f 435/19/118 434/18/117 465/49/148
f 446/30/129 502/91/141 458/42/201
f 458/42/201 457/41/140 446/30/129
f 502/91/141 497/86/179 471/55/153
f 471/55/153 458/42/201 502/91/141
f 460/44/143 481/66/306 498/87/180
f 498/87/180 457/41/140 460/44/143
f 506/95/188 482/96/164 500/89/182
f 500/89/182 499/88/181 506/95/188
f 434/18/117 433/17/116 485/74/167
f 485/74/167 503/92/185 434/18/117
f 485/74/167 489/78/171 504/93/186
f 504/93/186 503/92/185 485/74/167
f 507/97/189 508/98/190 418/2/102
f 418/2/102 417/1/101 507/97/189
f 443/99/126 509/100/191 510/101/192
f 510/101/192 422/6/106 443/99/126
f 470/54/304 469/53/115 511/102/15
f 511/102/15 489/78/171 470/54/304
f 456/40/139 478/62/160 512/103/193
f 512/103/193 453/37/136 456/40/139
f 461/45/144 509/104/191 443/27/126
f 443/27/126 442/26/125 461/45/144
f 438/22/303 513/105/137 454/38/137
f 454/38/137 453/37/136 438/22/303
f 442/26/125 441/25/124 488/77/170
f 488/77/170 514/106/194 442/26/125
f 513/105/137 432/16/115 469/53/115
f 469/53/115 454/38/137 513/105/137
f 488/77/170 491/80/173 515/107/195
f 515/107/195 514/106/194 488/77/170
f 474/58/156 516/108/196 517/109/197
f 517/109/197 475/59/157 474/58/156
f 474/58/156 504/93/186 518/110/198
f 518/110/198 516/108/196 474/58/156
f 469/53/115 432/16/115 431/15/15
f 431/15/15 511/102/15 469/53/115
f 453/37/136 512/103/193 439/23/122
f 439/23/122 438/22/303 453/37/136
f 442/26/125 514/106/194 462/46/145
f 462/46/145 461/45/144 442/26/125
f 514/106/194 515/107/195 472/56/305
f 472/56/305 462/46/145 514/106/194
f 516/108/196 496/85/178 495/84/177
f 495/84/177 517/109/197 516/108/196
f 496/85/178 516/108/196 518/110/198
f 518/110/198 505/94/187 496/85/178
f 507/97/189 477/61/159 476/60/158
f 476/60/158 508/98/190 507/97/189
f 509/100/191 480/73/162 484/72/166
f 484/72/166 510/101/192 509/100/191
f 464/48/147 480/65/162 509/104/191
f 509/104/191 461/45/144 464/48/147
f 438/22/303 437/21/120 486/75/168
f 486/75/168 513/105/137 438/22/303
f 486/75/168 429/13/113 432/16/115
f 432/16/115 513/105/137 486/75/168
f 418/2/102 512/111/193 478/69/160
f 478/69/160 419/3/103 418/2/102
f 444/112/127 443/99/126 422/6/106
f 422/6/106 421/5/105 444/112/127
f 498/113/180 481/114/306 427/11/111
f 427/11/111 426/10/110 498/113/180
f 479/115/203 501/90/183 450/34/133
f 450/34/133 449/33/132 479/115/203
f 481/114/306 440/116/123 476/60/158
f 476/60/158 427/11/111 481/114/306
f 452/117/135 444/112/127 421/5/105
f 421/5/105 449/64/132 452/117/135
f 506/118/188 420/4/104 419/3/103
f 419/3/103 482/68/164 506/118/188
f 492/81/174 519/119/199 484/72/166
f 484/72/166 483/71/165 492/81/174
f 448/70/131 447/120/130 493/82/175
f 493/82/175 483/71/165 448/70/131
f 435/19/118 451/35/134 450/34/133
f 450/34/133 500/89/182 435/19/118
f 447/120/130 498/113/180 426/10/110
f 426/10/110 493/82/175 447/120/130
f 436/20/302 435/19/118 500/89/182
f 500/89/182 482/96/164 436/20/302
f 439/121/122 512/111/193 418/2/102
f 418/2/102 508/98/190 439/121/122
f 520/122/200 423/7/107 422/6/106
f 422/6/106 510/101/192 520/122/200
f 440/116/123 439/121/122 508/98/190
f 508/98/190 476/60/158 440/116/123
f 519/119/199 520/122/200 510/101/192
f 510/101/192 484/72/166 519/119/199
f 471/55/153 505/94/187 431/15/15
f 431/15/15 430/14/114 471/55/153
f 505/94/187 518/110/198 511/102/15
f 511/102/15 431/15/15 505/94/187
f 518/110/198 504/93/186 489/78/171
f 489/78/171 511/102/15 518/110/198
f 473/57/155 472/56/305 495/84/177
f 495/84/177 490/79/172 473/57/155
f 472/56/305 515/107/195 517/109/197
f 517/109/197 495/84/177 472/56/305
f 517/109/197 515/107/195 491/80/173
f 491/80/173 475/59/157 517/109/197
f 521/1/101 522/2/102 523/3/103
f 523/3/103 524/4/104 521/1/101
f 525/5/105 526/6/106 527/7/107
f 527/7/107 528/8/108 525/5/105
f 529/9/109 530/10/110 531/11/111
f 531/11/111 532/12/112 529/9/109
f 533/13/113 534/14/114 535/15/15
f 535/15/15 536/16/115 533/13/113
f 537/17/116 538/18/117 539/19/118
f 539/19/118 540/20/119 537/17/116
f 541/21/120 542/22/121 543/23/122
f 543/23/122 544/24/123 541/21/120
f 545/25/124 546/26/125 547/27/126
f 547/27/126 548/28/127 545/25/124
f 549/29/128 550/30/129 551/31/130
f 551/31/130 552/32/131 549/29/128
f 553/33/132 554/34/133 555/35/134
f 555/35/134 556/36/135 553/33/132
f 557/37/136 558/38/137 559/39/138
f 559/39/138 560/40/139 557/37/136
f 561/41/140 562/42/141 563/43/142
f 563/43/142 564/44/143 561/41/140
f 565/45/144 566/46/145 567/47/146
f 567/47/146 568/48/147 565/45/144
f 569/49/148 570/50/149 571/51/150
f 571/51/150 572/52/151 569/49/148
f 559/39/138 558/38/137 573/53/115
f 573/53/115 574/54/152 559/39/138
f 562/42/141 575/55/153 534/14/114
f 534/14/114 563/43/142 562/42/141
f 567/47/146 566/46/145 576/56/154
f 576/56/154 577/57/155 567/47/146
f 570/50/149 578/58/156 579/59/157
f 579/59/157 571/51/150 570/50/149
f 532/12/112 531/11/111 580/60/158
f 580/60/158 581/61/159 532/12/112
f 560/40/139 537/17/116 540/20/119
f 540/20/119 582/62/160 560/40/139
f 583/63/203 553/64/132 525/5/105
f 525/5/105 528/8/108 583/63/203
f 568/48/147 549/29/128 552/32/131
f 552/32/131 584/65/162 568/48/147
f 544/24/123 585/66/163 564/44/143
f 564/44/143 541/21/120 544/24/123
f 540/67/119 586/68/164 523/3/103
f 523/3/103 582/69/160 540/67/119
f 548/28/127 556/36/135 572/52/151
f 572/52/151 545/25/124 548/28/127
f 552/70/131 587/71/165 588/72/166
f 588/72/166 584/73/162 552/70/131
f 537/17/116 560/40/139 559/39/138
f 559/39/138 589/74/167 537/17/116
f 541/21/120 564/44/143 563/43/142
f 563/43/142 590/75/168 541/21/120
f 549/29/128 568/48/147 567/47/146
f 567/47/146 591/76/169 549/29/128
f 545/25/124 572/52/151 571/51/150
f 571/51/150 592/77/170 545/25/124
f 589/74/167 559/39/138 574/54/152
f 574/54/152 593/78/171 589/74/167
f 590/75/168 563/43/142 534/14/114
f 534/14/114 533/13/113 590/75/168
f 591/76/169 567/47/146 577/57/155
f 577/57/155 594/79/172 591/76/169
f 592/77/170 571/51/150 579/59/157
f 579/59/157 595/80/173 592/77/170
f 596/81/174 587/71/165 597/82/175
f 597/82/175 598/83/176 596/81/174
f 594/79/172 599/84/177 600/85/178
f 600/85/178 601/86/179 594/79/172
f 572/52/151 556/36/135 555/35/134
f 555/35/134 569/49/148 572/52/151
f 561/41/140 602/87/180 551/31/130
f 551/31/130 550/30/129 561/41/140
f 603/88/181 604/89/182 554/34/133
f 554/34/133 605/90/183 603/88/181
f 550/30/129 549/29/128 591/76/169
f 591/76/169 606/91/184 550/30/129
f 538/18/117 607/92/185 570/50/149
f 570/50/149 569/49/148 538/18/117
f 591/76/169 594/79/172 601/86/179
f 601/86/179 606/91/184 591/76/169
f 607/92/185 608/93/186 578/58/156
f 578/58/156 570/50/149 607/92/185
f 598/83/176 597/82/175 530/10/110
f 530/10/110 529/9/109 598/83/176
f 601/86/179 600/85/178 609/94/187
f 609/94/187 575/55/153 601/86/179
f 569/49/148 555/35/134 539/19/118
f 539/19/118 538/18/117 569/49/148
f 550/30/129 606/91/184 562/42/141
f 562/42/141 561/41/140 550/30/129
f 606/91/184 601/86/179 575/55/153
f 575/55/153 562/42/141 606/91/184
f 564/44/143 585/66/163 602/87/180
f 602/87/180 561/41/140 564/44/143
f 610/95/188 586/96/164 604/89/182
f 604/89/182 603/88/181 610/95/188
f 538/18/117 537/17/116 589/74/167
f 589/74/167 607/92/185 538/18/117
f 589/74/167 593/78/171 608/93/186
f 608/93/186 607/92/185 589/74/167
f 611/97/189 612/98/190 522/2/102
f 522/2/102 521/1/101 611/97/189
f 547/99/126 613/100/191 614/101/192
f 614/101/192 526/6/106 547/99/126
f 574/54/152 573/53/115 615/102/15
f 615/102/15 593/78/171 574/54/152
f 560/40/139 582/62/160 616/103/193
f 616/103/193 557/37/136 560/40/139
f 565/45/144 613/104/191 547/27/126
f 547/27/126 546/26/125 565/45/144
f 542/22/121 617/105/137 558/38/137
f 558/38/137 557/37/136 542/22/121
f 546/26/125 545/25/124 592/77/170
f 592/77/170 618/106/194 546/26/125
f 617/105/137 536/16/115 573/53/115
f 573/53/115 558/38/137 617/105/137
f 592/77/170 595/80/173 619/107/195
f 619/107/195 618/106/194 592/77/170
f 578/58/156 620/108/196 621/109/197
f 621/109/197 579/59/157 578/58/156
f 578/58/156 608/93/186 622/110/198
f 622/110/198 620/108/196 578/58/156
f 573/53/115 536/16/115 535/15/15
f 535/15/15 615/102/15 573/53/115
f 557/37/136 616/103/193 543/23/122
f 543/23/122 542/22/121 557/37/136
f 546/26/125 618/106/194 566/46/145
f 566/46/145 565/45/144 546/26/125
f 618/106/194 619/107/195 576/56/154
f 576/56/154 566/46/145 618/106/194
f 620/108/196 600/85/178 599/84/177
f 599/84/177 621/109/197 620/108/196
f 600/85/178 620/108/196 622/110/198
f 622/110/198 609/94/187 600/85/178
f 611/97/189 581/61/159 580/60/158
f 580/60/158 612/98/190 611/97/189
f 613/100/191 584/73/162 588/72/166
f 588/72/166 614/101/192 613/100/191
f 568/48/147 584/65/162 613/104/191
f 613/104/191 565/45/144 568/48/147
f 542/22/121 541/21/120 590/75/168
f 590/75/168 617/105/137 542/22/121
f 590/75/168 533/13/113 536/16/115
f 536/16/115 617/105/137 590/75/168
f 522/2/102 616/111/193 582/69/160
f 582/69/160 523/3/103 522/2/102
f 548/112/127 547/99/126 526/6/106
f 526/6/106 525/5/105 548/112/127
f 602/113/180 585/114/163 531/11/111
f 531/11/111 530/10/110 602/113/180
f 583/115/203 605/90/183 554/34/133
f 554/34/133 553/33/132 583/115/203
f 585/114/163 544/116/123 580/60/158
f 580/60/158 531/11/111 585/114/163
f 556/117/135 548/112/127 525/5/105
f 525/5/105 553/64/132 556/117/135
f 610/118/188 524/4/104 523/3/103
f 523/3/103 586/68/164 610/118/188
f 596/81/174 623/119/199 588/72/166
f 588/72/166 587/71/165 596/81/174
f 552/70/131 551/120/130 597/82/175
f 597/82/175 587/71/165 552/70/131
f 539/19/118 555/35/134 554/34/133
f 554/34/133 604/89/182 539/19/118
f 551/120/130 602/113/180 530/10/110
f 530/10/110 597/82/175 551/120/130
f 540/20/119 539/19/118 604/89/182
f 604/89/182 586/96/164 540/20/119
f 543/121/122 616/111/193 522/2/102
f 522/2/102 612/98/190 543/121/122
f 624/122/200 527/7/107 526/6/106
f 526/6/106 614/101/192 624/122/200
f 544/116/123 543/121/122 612/98/190
f 612/98/190 580/60/158 544/116/123
f 623/119/199 624/122/200 614/101/192
f 614/101/192 588/72/166 623/119/199
f 575/55/153 609/94/187 535/15/15
f 535/15/15 534/14/114 575/55/153
f 609/94/187 622/110/198 615/102/15
f 615/102/15 535/15/15 609/94/187
f 622/110/198 608/93/186 593/78/171
f 593/78/171 615/102/15 622/110/198
f 577/57/155 576/56/154 599/84/177
f 599/84/177 594/79/172 577/57/155
f 576/56/154 619/107/195 621/109/197
f 621/109/197 599/84/177 576/56/154
f 621/109/197 619/107/195 595/80/173
f 595/80/173 579/59/157 621/109/197
f 625/1/204 626/2/205 627/3/206
f 627/3/206 628/4/207 625/1/204
f 629/5/208 630/6/209 631/7/210
f 631/7/210 632/8/211 629/5/208
f 633/9/212 634/10/213 635/11/214
f 635/11/214 636/12/215 633/9/212
f 637/13/216 638/14/217 639/15/15
f 639/15/15 640/16/218 637/13/216
f 641/17/128 642/18/219 643/19/220
f 643/19/220 644/20/221 641/17/128
f 645/21/222 646/22/223 647/23/224
f 647/23/224 648/24/225 645/21/222
f 649/25/226 650/26/227 651/27/228
f 651/27/228 652/28/229 649/25/226
f 653/29/116 654/30/230 655/31/231
f 655/31/231 656/32/232 653/29/116
f 657/33/233 658/34/234 659/35/235
f 659/35/235 660/36/236 657/33/233
f 661/37/237 662/38/238 663/39/239
f 663/39/239 664/40/240 661/37/237
f 665/41/241 666/42/242 667/43/243
f 667/43/243 668/44/244 665/41/241
f 669/45/245 670/46/246 671/47/247
f 671/47/247 672/48/248 669/45/245
f 673/49/249 674/50/250 675/51/251
f 675/51/251 676/52/307 673/49/249
f 663/39/239 662/38/238 677/53/218
f 677/53/218 678/54/253 663/39/239
f 666/42/242 679/55/254 638/14/217
f 638/14/217 667/43/243 666/42/242
f 671/47/247 670/46/246 680/56/255
f 680/56/255 681/57/256 671/47/247
f 674/50/250 682/58/257 683/59/258
f 683/59/258 675/51/251 674/50/250
f 636/12/215 635/11/214 684/60/259
f 684/60/259 685/61/260 636/12/215
f 664/40/240 641/17/128 644/20/221
f 644/20/221 686/62/261 664/40/240
f 687/63/262 657/64/233 629/5/208
f 629/5/208 632/8/211 687/63/262
f 672/48/248 653/29/116 656/32/232
f 656/32/232 688/65/263 672/48/248
f 648/24/225 689/66/264 668/44/244
f 668/44/244 645/21/222 648/24/225
f 644/67/221 690/68/265 627/3/206
f 627/3/206 686/69/261 644/67/221
f 652/28/229 660/36/236 676/52/307
f 676/52/307 649/25/226 652/28/229
f 656/70/232 691/71/266 692/72/267
f 692/72/267 688/73/263 656/70/232
f 641/17/128 664/40/240 663/39/239
f 663/39/239 693/74/268 641/17/128
f 645/21/222 668/44/244 667/43/243
f 667/43/243 694/75/269 645/21/222
f 653/29/116 672/48/248 671/47/247
f 671/47/247 695/76/270 653/29/116
f 649/25/226 676/52/307 675/51/251
f 675/51/251 696/77/271 649/25/226
f 693/74/268 663/39/239 678/54/253
f 678/54/253 697/78/272 693/74/268
f 694/75/269 667/43/243 638/14/217
f 638/14/217 637/13/216 694/75/269
f 695/76/270 671/47/247 681/57/256
f 681/57/256 698/79/273 695/76/270
f 696/77/271 675/51/251 683/59/258
f 683/59/258 699/80/274 696/77/271
f 700/81/275 691/71/266 701/82/276
f 701/82/276 702/83/277 700/81/275
f 698/79/273 703/84/278 704/85/279
f 704/85/279 705/86/280 698/79/273
f 676/52/307 660/36/236 659/35/235
f 659/35/235 673/49/249 676/52/307
f 665/41/241 706/87/281 655/31/231
f 655/31/231 654/30/230 665/41/241
f 707/88/282 708/89/283 658/34/234
f 658/34/234 709/90/284 707/88/282
f 654/30/230 653/29/116 695/76/270
f 695/76/270 710/91/285 654/30/230
f 642/18/219 711/92/286 674/50/250
f 674/50/250 673/49/249 642/18/219
f 695/76/270 698/79/273 705/86/280
f 705/86/280 710/91/285 695/76/270
f 711/92/286 712/93/287 682/58/257
f 682/58/257 674/50/250 711/92/286
f 702/83/277 701/82/276 634/10/213
f 634/10/213 633/9/212 702/83/277
f 705/86/280 704/85/279 713/94/288
f 713/94/288 679/55/254 705/86/280
f 673/49/249 659/35/235 643/19/220
f 643/19/220 642/18/219 673/49/249
f 654/30/230 710/91/285 666/42/242
f 666/42/242 665/41/241 654/30/230
f 710/91/285 705/86/280 679/55/254
f 679/55/254 666/42/242 710/91/285
f 668/44/244 689/66/264 706/87/281
f 706/87/281 665/41/241 668/44/244
f 714/95/289 690/96/265 708/89/283
f 708/89/283 707/88/282 714/95/289
f 642/18/219 641/17/128 693/74/268
f 693/74/268 711/92/286 642/18/219
f 693/74/268 697/78/272 712/93/287
f 712/93/287 711/92/286 693/74/268
f 715/97/290 716/98/291 626/2/205
f 626/2/205 625/1/204 715/97/290
f 651/99/228 717/100/292 718/101/293
f 718/101/293 630/6/209 651/99/228
f 678/54/253 677/53/218 719/102/15
f 719/102/15 697/78/272 678/54/253
f 664/40/240 686/62/261 720/103/294
f 720/103/294 661/37/237 664/40/240
f 669/45/245 717/104/292 651/27/228
f 651/27/228 650/26/227 669/45/245
f 646/22/223 721/105/238 662/38/238
f 662/38/238 661/37/237 646/22/223
f 650/26/227 649/25/226 696/77/271
f 696/77/271 722/106/295 650/26/227
f 721/105/238 640/16/218 677/53/218
f 677/53/218 662/38/238 721/105/238
f 696/77/271 699/80/274 723/107/296
f 723/107/296 722/106/295 696/77/271
f 682/58/257 724/108/297 725/109/298
f 725/109/298 683/59/258 682/58/257
f 682/58/257 712/93/287 726/110/299
f 726/110/299 724/108/297 682/58/257
f 677/53/218 640/16/218 639/15/15
f 639/15/15 719/102/15 677/53/218
f 661/37/237 720/103/294 647/23/224
f 647/23/224 646/22/223 661/37/237
f 650/26/227 722/106/295 670/46/246
f 670/46/246 669/45/245 650/26/227
f 722/106/295 723/107/296 680/56/255
f 680/56/255 670/46/246 722/106/295
f 724/108/297 704/85/279 703/84/278
f 703/84/278 725/109/298 724/108/297
f 704/85/279 724/108/297 726/110/299
f 726/110/299 713/94/288 704/85/279
f 715/97/290 685/61/260 684/60/259
f 684/60/259 716/98/291 715/97/290
f 717/100/292 688/73/263 692/72/267
f 692/72/267 718/101/293 717/100/292
f 672/48/248 688/65/263 717/104/292
f 717/104/292 669/45/245 672/48/248
f 646/22/223 645/21/222 694/75/269
f 694/75/269 721/105/238 646/22/223
f 694/75/269 637/13/216 640/16/218
f 640/16/218 721/105/238 694/75/269
f 626/2/205 720/111/294 686/69/261
f 686/69/261 627/3/206 626/2/205
f 652/112/229 651/99/228 630/6/209
f 630/6/209 629/5/208 652/112/229
f 706/113/281 689/114/264 635/11/214
f 635/11/214 634/10/213 706/113/281
f 687/115/262 709/90/284 658/34/234
f 658/34/234 657/33/233 687/115/262
f 689/114/264 648/116/225 684/60/259
f 684/60/259 635/11/214 689/114/264
f 660/117/236 652/112/229 629/5/208
f 629/5/208 657/64/233 660/117/236
f 714/118/289 628/4/207 627/3/206
f 627/3/206 690/68/265 714/118/289
f 700/81/275 727/119/300 692/72/267
f 692/72/267 691/71/266 700/81/275
f 656/70/232 655/120/231 701/82/276
f 701/82/276 691/71/266 656/70/232
f 643/19/220 659/35/235 658/34/234
f 658/34/234 708/89/283 643/19/220
f 655/120/231 706/113/281 634/10/213
f 634/10/213 701/82/276 655/120/231
f 644/20/221 643/19/220 708/89/283
f 708/89/283 690/96/265 644/20/221
f 647/121/224 720/111/294 626/2/205
f 626/2/205 716/98/291 647/121/224
f 728/122/301 631/7/210 630/6/209
f 630/6/209 718/101/293 728/122/301
f 648/116/225 647/121/224 716/98/291
f 716/98/291 684/60/259 648/116/225
f 727/119/300 728/122/301 718/101/293
f 718/101/293 692/72/267 727/119/300
f 679/55/254 713/94/288 639/15/15
f 639/15/15 638/14/217 679/55/254
f 713/94/288 726/110/299 719/102/15
f 719/102/15 639/15/15 713/94/288
f 726/110/299 712/93/287 697/78/272
f 697/78/272 719/102/15 726/110/299
f 681/57/256 680/56/255 703/84/278
f 703/84/278 698/79/273 681/57/256
f 680/56/255 723/107/296 725/109/298
f 725/109/298 703/84/278 680/56/255
f 725/109/298 723/107/296 699/80/274
f 699/80/274 683/59/258 725/109/298
f 729/1/101 730/2/102 731/3/103
f 731/3/103 732/4/104 729/1/101
f 733/5/105 734/6/106 735/7/107
f 735/7/107 736/8/108 733/5/105
f 737/9/109 738/10/110 739/11/111
f 739/11/111 740/12/112 737/9/109
f 741/13/113 742/14/114 743/15/15
f 743/15/15 744/16/115 741/13/113
f 745/17/116 746/18/117 747/19/118
f 747/19/118 748/20/119 745/17/116
f 749/21/120 750/22/121 751/23/122
f 751/23/122 752/24/123 749/21/120
f 753/25/124 754/26/125 755/27/126
f 755/27/126 756/28/127 753/25/124
f 757/29/128 758/30/129 759/31/130
f 759/31/130 760/32/131 757/29/128
f 761/33/132 762/34/133 763/35/134
f 763/35/134 764/36/135 761/33/132
f 765/37/136 766/38/137 767/39/138
f 767/39/138 768/40/139 765/37/136
f 769/41/140 770/42/141 771/43/142
f 771/43/142 772/44/143 769/41/140
f 773/45/144 774/46/145 775/47/146
f 775/47/146 776/48/147 773/45/144
f 777/49/148 778/50/149 779/51/150
f 779/51/150 780/52/151 777/49/148
f 767/39/138 766/38/137 781/53/115
f 781/53/115 782/54/152 767/39/138
f 770/42/141 783/55/153 742/14/114
f 742/14/114 771/43/142 770/42/141
f 775/47/146 774/46/145 784/56/154
f 784/56/154 785/57/155 775/47/146
f 778/50/149 786/58/156 787/59/157
f 787/59/157 779/51/150 778/50/149
f 740/12/112 739/11/111 788/60/158
f 788/60/158 789/61/159 740/12/112
f 768/40/139 745/17/116 748/20/119
f 748/20/119 790/62/160 768/40/139
f 791/63/203 761/64/132 733/5/105
f 733/5/105 736/8/108 791/63/203
f 776/48/147 757/29/128 760/32/131
f 760/32/131 792/65/162 776/48/147
f 752/24/123 793/66/163 772/44/143
f 772/44/143 749/21/120 752/24/123
f 748/67/119 794/68/308 731/3/103
f 731/3/103 790/69/160 748/67/119
f 756/28/127 764/36/135 780/52/151
f 780/52/151 753/25/124 756/28/127
f 760/70/131 795/71/165 796/72/166
f 796/72/166 792/73/162 760/70/131
f 745/17/116 768/40/139 767/39/138
f 767/39/138 797/74/167 745/17/116
f 749/21/120 772/44/143 771/43/142
f 771/43/142 798/75/168 749/21/120
f 757/29/128 776/48/147 775/47/146
f 775/47/146 799/76/169 757/29/128
f 753/25/124 780/52/151 779/51/150
f 779/51/150 800/77/170 753/25/124
f 797/74/167 767/39/138 782/54/152
f 782/54/152 801/78/171 797/74/167
f 798/75/168 771/43/142 742/14/114
f 742/14/114 741/13/113 798/75/168
f 799/76/169 775/47/146 785/57/155
f 785/57/155 802/79/172 799/76/169
f 800/77/170 779/51/150 787/59/157
f 787/59/157 803/80/173 800/77/170
f 804/81/174 795/71/165 805/82/175
f 805/82/175 806/83/176 804/81/174
f 802/79/172 807/84/177 808/85/178
f 808/85/178 809/86/179 802/79/172
f 780/52/151 764/36/135 763/35/134
f 763/35/134 777/49/148 780/52/151
f 769/41/140 810/87/180 759/31/130
f 759/31/130 758/30/129 769/41/140
f 811/88/181 812/89/182 762/34/133
f 762/34/133 813/90/183 811/88/181
f 758/30/129 757/29/128 799/76/169
f 799/76/169 814/91/184 758/30/129
f 746/18/117 815/92/185 778/50/149
f 778/50/149 777/49/148 746/18/117
f 799/76/169 802/79/172 809/86/179
f 809/86/179 814/91/184 799/76/169
f 815/92/185 816/93/186 786/58/156
f 786/58/156 778/50/149 815/92/185
f 806/83/176 805/82/175 738/10/110
f 738/10/110 737/9/109 806/83/176
f 809/86/179 808/85/178 817/94/187
f 817/94/187 783/55/153 809/86/179
f 777/49/148 763/35/134 747/19/118
f 747/19/118 746/18/117 777/49/148
f 758/30/129 814/91/184 770/42/141
f 770/42/141 769/41/140 758/30/129
f 814/91/184 809/86/179 783/55/153
f 783/55/153 770/42/141 814/91/184
f 772/44/143 793/66/163 810/87/180
f 810/87/180 769/41/140 772/44/143
f 818/95/188 794/96/308 812/89/182
f 812/89/182 811/88/181 818/95/188
f 746/18/117 745/17/116 797/74/167
f 797/74/167 815/92/185 746/18/117
f 797/74/167 801/78/171 816/93/186
f 816/93/186 815/92/185 797/74/167
f 819/97/189 820/98/190 730/2/102
f 730/2/102 729/1/101 819/97/189
f 755/99/126 821/100/191 822/101/192
f 822/101/192 734/6/106 755/99/126
f 782/54/152 781/53/115 823/102/15
f 823/102/15 801/78/171 782/54/152
f 768/40/139 790/62/160 824/103/193
f 824/103/193 765/37/136 768/40/139
f 773/45/144 821/104/191 755/27/126
f 755/27/126 754/26/125 773/45/144
f 750/22/121 825/105/137 766/38/137
f 766/38/137 765/37/136 750/22/121
f 754/26/125 753/25/124 800/77/170
f 800/77/170 826/106/194 754/26/125
f 825/105/137 744/16/115 781/53/115
f 781/53/115 766/38/137 825/105/137
f 800/77/170 803/80/173 827/107/195
f 827/107/195 826/106/194 800/77/170
f 786/58/156 828/108/196 829/109/197
f 829/109/197 787/59/157 786/58/156
f 786/58/156 816/93/186 830/110/198
f 830/110/198 828/108/196 786/58/156
f 781/53/115 744/16/115 743/15/15
f 743/15/15 823/102/15 781/53/115
f 765/37/136 824/103/193 751/23/122
f 751/23/122 750/22/121 765/37/136
f 754/26/125 826/106/194 774/46/145
f 774/46/145 773/45/144 754/26/125
f 826/106/194 827/107/195 784/56/154
f 784/56/154 774/46/145 826/106/194
f 828/108/196 808/85/178 807/84/177
f 807/84/177 829/109/197 828/108/196
f 808/85/178 828/108/196 830/110/198
f 830/110/198 817/94/187 808/85/178
f 819/97/189 789/61/159 788/60/158
f 788/60/158 820/98/190 819/97/189
f 821/100/191 792/73/162 796/72/166
f 796/72/166 822/101/192 821/100/191
f 776/48/147 792/65/162 821/104/191
f 821/104/191 773/45/144 776/48/147
f 750/22/121 749/21/120 798/75/168
f 798/75/168 825/105/137 750/22/121
f 798/75/168 741/13/113 744/16/115
f 744/16/115 825/105/137 798/75/168
f 730/2/102 824/111/193 790/69/160
f 790/69/160 731/3/103 730/2/102
f 756/112/127 755/99/126 734/6/106
f 734/6/106 733/5/105 756/112/127
f 810/113/180 793/114/163 739/11/111
f 739/11/111 738/10/110 810/113/180
f 791/115/203 813/90/183 762/34/133
f 762/34/133 761/33/132 791/115/203
f 793/114/163 752/116/123 788/60/158
f 788/60/158 739/11/111 793/114/163
f 764/117/135 756/112/127 733/5/105
f 733/5/105 761/64/132 764/117/135
f 818/118/188 732/4/104 731/3/103
f 731/3/103 794/68/308 818/118/188
f 804/81/174 831/119/199 796/72/166
f 796/72/166 795/71/165 804/81/174
f 760/70/131 759/120/130 805/82/175
f 805/82/175 795/71/165 760/70/131
f 747/19/118 763/35/134 762/34/133
f 762/34/133 812/89/182 747/19/118
f 759/120/130 810/113/180 738/10/110
f 738/10/110 805/82/175 759/120/130
f 748/20/119 747/19/118 812/89/182
f 812/89/182 794/96/308 748/20/119
f 751/121/122 824/111/193 730/2/102
f 730/2/102 820/98/190 751/121/122
f 832/122/200 735/7/107 734/6/106
f 734/6/106 822/101/192 832/122/200
f 752/116/123 751/121/122 820/98/190
f 820/98/190 788/60/158 752/116/123
f 831/119/199 832/122/200 822/101/192
f 822/101/192 796/72/166 831/119/199
f 783/55/153 817/94/187 743/15/15
f 743/15/15 742/14/114 783/55/153
f 817/94/187 830/110/198 823/102/15
f 823/102/15 743/15/15 817/94/187
f 830/110/198 816/93/186 801/78/171
f 801/78/171 823/102/15 830/110/198
f 785/57/155 784/56/154 807/84/177
f 807/84/177 802/79/172 785/57/155
f 784/56/154 827/107/195 829/109/197
f 829/109/197 807/84/177 784/56/154
f 829/109/197 827/107/195 803/80/173
f 803/80/173 787/59/157 829/109/197
f 833/1/101 834/2/102 835/3/103
f 835/3/103 836/4/104 833/1/101
f 837/5/105 838/6/106 839/7/107
f 839/7/107 840/8/108 837/5/105
f 841/9/109 842/10/110 843/11/111
f 843/11/111 844/12/112 841/9/109
f 845/13/113 846/14/114 847/15/15
f 847/15/15 848/16/115 845/13/113
f 849/17/309 850/18/117 851/19/118
f 851/19/118 852/20/302 849/17/309
f 853/21/120 854/22/121 855/23/122
f 855/23/122 856/24/123 853/21/120
f 857/25/124 858/26/125 859/27/126
f 859/27/126 860/28/127 857/25/124
f 861/29/128 862/30/129 863/31/130
f 863/31/130 864/32/131 861/29/128
f 865/33/132 866/34/133 867/35/134
f 867/35/134 868/36/135 865/33/132
f 869/37/136 870/38/137 871/39/138
f 871/39/138 872/40/139 869/37/136
f 873/41/140 874/42/141 875/43/142
f 875/43/142 876/44/143 873/41/140
f 877/45/144 878/46/145 879/47/146
f 879/47/146 880/48/147 877/45/144
f 881/49/148 882/50/149 883/51/150
f 883/51/150 884/52/310 881/49/148
f 871/39/138 870/38/137 885/53/115
f 885/53/115 886/54/304 871/39/138
f 874/42/141 887/55/153 846/14/114
f 846/14/114 875/43/142 874/42/141
f 879/47/146 878/46/145 888/56/305
f 888/56/305 889/57/155 879/47/146
f 882/50/149 890/58/156 891/59/157
f 891/59/157 883/51/150 882/50/149
f 844/12/112 843/11/111 892/60/158
f 892/60/158 893/61/159 844/12/112
f 872/40/139 849/17/309 852/20/302
f 852/20/302 894/62/160 872/40/139
f 895/63/203 865/64/132 837/5/105
f 837/5/105 840/8/108 895/63/203
f 880/48/147 861/29/128 864/32/131
f 864/32/131 896/65/162 880/48/147
f 856/24/123 897/66/306 876/44/143
f 876/44/143 853/21/120 856/24/123
f 852/67/302 898/68/164 835/3/103
f 835/3/103 894/69/160 852/67/302
f 860/28/127 868/36/135 884/52/310
f 884/52/310 857/25/124 860/28/127
f 864/70/131 899/71/165 900/72/166
f 900/72/166 896/73/162 864/70/131
f 849/17/309 872/40/139 871/39/138
f 871/39/138 901/74/167 849/17/309
f 853/21/120 876/44/143 875/43/142
f 875/43/142 902/75/168 853/21/120
f 861/29/128 880/48/147 879/47/146
f 879/47/146 903/76/169 861/29/128
f 857/25/124 884/52/310 883/51/150
f 883/51/150 904/77/170 857/25/124
f 901/74/167 871/39/138 886/54/304
f 886/54/304 905/78/171 901/74/167
f 902/75/168 875/43/142 846/14/114
f 846/14/114 845/13/113 902/75/168
f 903/76/169 879/47/146 889/57/155
f 889/57/155 906/79/172 903/76/169
f 904/77/170 883/51/150 891/59/157
f 891/59/157 907/80/173 904/77/170
f 908/81/174 899/71/165 909/82/175
f 909/82/175 910/83/176 908/81/174
f 906/79/172 911/84/177 912/85/178
f 912/85/178 913/86/179 906/79/172
f 884/52/310 868/36/135 867/35/134
f 867/35/134 881/49/148 884/52/310
f 873/41/140 914/87/180 863/31/130
f 863/31/130 862/30/129 873/41/140
f 915/88/181 916/89/182 866/34/133
f 866/34/133 917/90/183 915/88/181
f 862/30/129 861/29/128 903/76/169
f 903/76/169 918/91/184 862/30/129
f 850/18/117 919/92/185 882/50/149
f 882/50/149 881/49/148 850/18/117
f 903/76/169 906/79/172 913/86/179
f 913/86/179 918/91/184 903/76/169
f 919/92/185 920/93/186 890/58/156
f 890/58/156 882/50/149 919/92/185
f 910/83/176 909/82/175 842/10/110
f 842/10/110 841/9/109 910/83/176
f 913/86/179 912/85/178 921/94/187
f 921/94/187 887/55/153 913/86/179
f 881/49/148 867/35/134 851/19/118
f 851/19/118 850/18/117 881/49/148
f 862/30/129 918/91/184 874/42/141
f 874/42/141 873/41/140 862/30/129
f 918/91/184 913/86/179 887/55/153
f 887/55/153 874/42/141 918/91/184
f 876/44/143 897/66/306 914/87/180
f 914/87/180 873/41/140 876/44/143
f 922/95/188 898/96/164 916/89/182
f 916/89/182 915/88/181 922/95/188
f 850/18/117 849/17/309 901/74/167
f 901/74/167 919/92/185 850/18/117
f 901/74/167 905/78/171 920/93/186
f 920/93/186 919/92/185 901/74/167
f 923/97/189 924/98/190 834/2/102
f 834/2/102 833/1/101 923/97/189
f 859/99/126 925/100/191 926/101/192
f 926/101/192 838/6/106 859/99/126
f 886/54/304 885/53/115 927/102/15
f 927/102/15 905/78/171 886/54/304
f 872/40/139 894/62/160 928/103/193
f 928/103/193 869/37/136 872/40/139
f 877/45/144 925/104/191 859/27/126
f 859/27/126 858/26/125 877/45/144
f 854/22/121 929/105/137 870/38/137
f 870/38/137 869/37/136 854/22/121
f 858/26/125 857/25/124 904/77/170
f 904/77/170 930/106/194 858/26/125
f 929/105/137 848/16/115 885/53/115
f 885/53/115 870/38/137 929/105/137
f 904/77/170 907/80/173 931/107/195
f 931/107/195 930/106/194 904/77/170
f 890/58/156 932/108/196 933/109/197
f 933/109/197 891/59/157 890/58/156
f 890/58/156 920/93/186 934/110/198
f 934/110/198 932/108/196 890/58/156
f 885/53/115 848/16/115 847/15/15
f 847/15/15 927/102/15 885/53/115
f 869/37/136 928/103/193 855/23/122
f 855/23/122 854/22/121 869/37/136
f 858/26/125 930/106/194 878/46/145
f 878/46/145 877/45/144 858/26/125
f 930/106/194 931/107/195 888/56/305
f 888/56/305 878/46/145 930/106/194
f 932/108/196 912/85/178 911/84/177
f 911/84/177 933/109/197 932/108/196
f 912/85/178 932/108/196 934/110/198
f 934/110/198 921/94/187 912/85/178
f 923/97/189 893/61/159 892/60/158
f 892/60/158 924/98/190 923/97/189
f 925/100/191 896/73/162 900/72/166
f 900/72/166 926/101/192 925/100/191
f 880/48/147 896/65/162 925/104/191
f 925/104/191 877/45/144 880/48/147
f 854/22/121 853/21/120 902/75/168
f 902/75/168 929/105/137 854/22/121
f 902/75/168 845/13/113 848/16/115
f 848/16/115 929/105/137 902/75/168
f 834/2/102 928/111/193 894/69/160
f 894/69/160 835/3/103 834/2/102
f 860/112/127 859/99/126 838/6/106
f 838/6/106 837/5/105 860/112/127
f 914/113/180 897/114/306 843/11/111
f 843/11/111 842/10/110 914/113/180
f 895/115/203 917/90/183 866/34/133
f 866/34/133 865/33/132 895/115/203
f 897/114/306 856/116/123 892/60/158
f 892/60/158 843/11/111 897/114/306
f 868/117/135 860/112/127 837/5/105
f 837/5/105 865/64/132 868/117/135
f 922/118/188 836/4/104 835/3/103
f 835/3/103 898/68/164 922/118/188
f 908/81/174 935/119/199 900/72/166
f 900/72/166 899/71/165 908/81/174
f 864/70/131 863/120/130 909/82/175
f 909/82/175 899/71/165 864/70/131
f 851/19/118 867/35/134 866/34/133
f 866/34/133 916/89/182 851/19/118
f 863/120/130 914/113/180 842/10/110
f 842/10/110 909/82/175 863/120/130
f 852/20/302 851/19/118 916/89/182
f 916/89/182 898/96/164 852/20/302
f 855/121/122 928/111/193 834/2/102
f 834/2/102 924/98/190 855/121/122
f 936/122/200 839/7/107 838/6/106
f 838/6/106 926/101/192 936/122/200
f 856/116/123 855/121/122 924/98/190
f 924/98/190 892/60/158 856/116/123
f 935/119/199 936/122/200 926/101/192
f 926/101/192 900/72/166 935/119/199
f 887/55/153 921/94/187 847/15/15
f 847/15/15 846/14/114 887/55/153
f 921/94/187 934/110/198 927/102/15
f 927/102/15 847/15/15 921/94/187
f 934/110/198 920/93/186 905/78/171
f 905/78/171 927/102/15 934/110/198
f 889/57/155 888/56/305 911/84/177
f 911/84/177 906/79/172 889/57/155
f 888/56/305 931/107/195 933/109/197
f 933/109/197 911/84/177 888/56/305
f 933/109/197 931/107/195 907/80/173
f 907/80/173 891/59/157 933/109/197
f 937/1/101 938/2/102 939/3/103
f 939/3/103 940/4/104 937/1/101
f 941/5/105 942/6/106 943/7/107
f 943/7/107 944/8/108 941/5/105
f 945/9/109 946/10/110 947/11/111
f 947/11/111 948/12/112 945/9/109
f 949/13/311 950/14/114 951/15/15
f 951/15/15 952/16/115 949/13/311
f 953/17/309 954/18/117 955/19/118
f 955/19/118 956/20/302 953/17/309
f 957/21/120 958/22/121 959/23/122
f 959/23/122 960/24/123 957/21/120
f 961/25/124 962/26/125 963/27/126
f 963/27/126 964/28/127 961/25/124
f 965/29/128 966/30/129 967/31/130
f 967/31/130 968/32/131 965/29/128
f 969/33/132 970/34/133 971/35/134
f 971/35/134 972/36/135 969/33/132
f 973/37/136 974/38/137 975/39/138
f 975/39/138 976/40/139 973/37/136
f 977/41/140 978/42/201 979/43/142
f 979/43/142 980/44/143 977/41/140
f 981/45/144 982/46/145 983/47/146
f 983/47/146 984/48/147 981/45/144
f 985/49/148 986/50/149 987/51/150
f 987/51/150 988/52/151 985/49/148
f 975/39/138 974/38/137 989/53/115
f 989/53/115 990/54/304 975/39/138
f 978/42/201 991/55/153 950/14/114
f 950/14/114 979/43/142 978/42/201
f 983/47/146 982/46/145 992/56/305
f 992/56/305 993/57/312 983/47/146
f 986/50/149 994/58/156 995/59/157
f 995/59/157 987/51/150 986/50/149
f 948/12/112 947/11/111 996/60/158
f 996/60/158 997/61/159 948/12/112
f 976/40/139 953/17/309 956/20/302
f 956/20/302 998/62/160 976/40/139
f 999/63/203 969/64/132 941/5/105
f 941/5/105 944/8/108 999/63/203
f 984/48/147 965/29/128 968/32/131
f 968/32/131 1000/65/162 984/48/147
f 960/24/123 1001/66/306 980/44/143
f 980/44/143 957/21/120 960/24/123
f 956/67/302 1002/68/164 939/3/103
f 939/3/103 998/69/160 956/67/302
f 964/28/127 972/36/135 988/52/151
f 988/52/151 961/25/124 964/28/127
f 968/70/131 1003/71/165 1004/72/166
f 1004/72/166 1000/73/162 968/70/131
f 953/17/309 976/40/139 975/39/138
f 975/39/138 1005/74/167 953/17/309
f 957/21/120 980/44/143 979/43/142
f 979/43/142 1006/75/168 957/21/120
f 965/29/128 984/48/147 983/47/146
f 983/47/146 1007/76/169 965/29/128
f 961/25/124 988/52/151 987/51/150
f 987/51/150 1008/77/170 961/25/124
f 1005/74/167 975/39/138 990/54/304
f 990/54/304 1009/78/171 1005/74/167
f 1006/75/168 979/43/142 950/14/114
f 950/14/114 949/13/311 1006/75/168
f 1007/76/169 983/47/146 993/57/312
f 993/57/312 1010/79/172 1007/76/169
f 1008/77/170 987/51/150 995/59/157
f 995/59/157 1011/80/173 1008/77/170
f 1012/81/174 1003/71/165 1013/82/175
f 1013/82/175 1014/83/176 1012/81/174
f 1010/79/172 1015/84/177 1016/85/178
f 1016/85/178 1017/86/179 1010/79/172
f 988/52/151 972/36/135 971/35/134
f 971/35/134 985/49/148 988/52/151
f 977/41/140 1018/87/180 967/31/130
f 967/31/130 966/30/129 977/41/140
f 1019/88/181 1020/89/182 970/34/133
f 970/34/133 1021/90/183 1019/88/181
f 966/30/129 965/29/128 1007/76/169
f 1007/76/169 1022/91/141 966/30/129
f 954/18/117 1023/92/185 986/50/149
f 986/50/149 985/49/148 954/18/117
f 1007/76/169 1010/79/172 1017/86/179
f 1017/86/179 1022/91/141 1007/76/169
f 1023/92/185 1024/93/186 994/58/156
f 994/58/156 986/50/149 1023/92/185
f 1014/83/176 1013/82/175 946/10/110
f 946/10/110 945/9/109 1014/83/176
f 1017/86/179 1016/85/178 1025/94/187
f 1025/94/187 991/55/153 1017/86/179
f 985/49/148 971/35/134 955/19/118
f 955/19/118 954/18/117 985/49/148
f 966/30/129 1022/91/141 978/42/201
f 978/42/201 977/41/140 966/30/129
f 1022/91/141 1017/86/179 991/55/153
f 991/55/153 978/42/201 1022/91/141
f 980/44/143 1001/66/306 1018/87/180
f 1018/87/180 977/41/140 980/44/143
f 1026/95/188 1002/96/164 1020/89/182
f 1020/89/182 1019/88/181 1026/95/188
f 954/18/117 953/17/309 1005/74/167
f 1005/74/167 1023/92/185 954/18/117
f 1005/74/167 1009/78/171 1024/93/186
f 1024/93/186 1023/92/185 1005/74/167
f 1027/97/189 1028/98/190 938/2/102
f 938/2/102 937/1/101 1027/97/189
f 963/99/126 1029/100/191 1030/101/192
f 1030/101/192 942/6/106 963/99/126
f 990/54/304 989/53/115 1031/102/15
f 1031/102/15 1009/78/171 990/54/304
f 976/40/139 998/62/160 1032/103/193
f 1032/103/193 973/37/136 976/40/139
f 981/45/144 1029/104/191 963/27/126
f 963/27/126 962/26/125 981/45/144
f 958/22/121 1033/105/137 974/38/137
f 974/38/137 973/37/136 958/22/121
f 962/26/125 961/25/124 1008/77/170
f 1008/77/170 1034/106/194 962/26/125
f 1033/105/137 952/16/115 989/53/115
f 989/53/115 974/38/137 1033/105/137
f 1008/77/170 1011/80/173 1035/107/195
f 1035/107/195 1034/106/194 1008/77/170
f 994/58/156 1036/108/196 1037/109/197
f 1037/109/197 995/59/157 994/58/156
f 994/58/156 1024/93/186 1038/110/198
f 1038/110/198 1036/108/196 994/58/156
f 989/53/115 952/16/115 951/15/15
f 951/15/15 1031/102/15 989/53/115
f 973/37/136 1032/103/193 959/23/122
f 959/23/122 958/22/121 973/37/136
f 962/26/125 1034/106/194 982/46/145
f 982/46/145 981/45/144 962/26/125
f 1034/106/194 1035/107/195 992/56/305
f 992/56/305 982/46/145 1034/106/194
f 1036/108/196 1016/85/178 1015/84/177
f 1015/84/177 1037/109/197 1036/108/196
f 1016/85/178 1036/108/196 1038/110/198
f 1038/110/198 1025/94/187 1016/85/178
f 1027/97/189 997/61/159 996/60/158
f 996/60/158 1028/98/190 1027/97/189
f 1029/100/191 1000/73/162 1004/72/166
f 1004/72/166 1030/101/192 1029/100/191
f 984/48/147 1000/65/162 1029/104/191
f 1029/104/191 981/45/144 984/48/147
f 958/22/121 957/21/120 1006/75/168
f 1006/75/168 1033/105/137 958/22/121
f 1006/75/168 949/13/311 952/16/115
f 952/16/115 1033/105/137 1006/75/168
f 938/2/102 1032/111/193 998/69/160
f 998/69/160 939/3/103 938/2/102
f 964/112/127 963/99/126 942/6/106
f 942/6/106 941/5/105 964/112/127
f 1018/113/180 1001/114/306 947/11/111
f 947/11/111 946/10/110 1018/113/180
f 999/115/203 1021/90/183 970/34/133
f 970/34/133 969/33/132 999/115/203
f 1001/114/306 960/116/123 996/60/158
f 996/60/158 947/11/111 1001/114/306
f 972/117/135 964/112/127 941/5/105
f 941/5/105 969/64/132 972/117/135
f 1026/118/188 940/4/104 939/3/103
f 939/3/103 1002/68/164 1026/118/188
f 1012/81/174 1039/119/199 1004/72/166
f 1004/72/166 1003/71/165 1012/81/174
f 968/70/131 967/120/130 1013/82/175
f 1013/82/175 1003/71/165 968/70/131
f 955/19/118 971/35/134 970/34/133
f 970/34/133 1020/89/182 955/19/118
f 967/120/130 1018/113/180 946/10/110
f 946/10/110 1013/82/175 967/120/130
f 956/20/302 955/19/118 1020/89/182
f 1020/89/182 1002/96/164 956/20/302
f 959/121/122 1032/111/193 938/2/102
f 938/2/102 1028/98/190 959/121/122
f 1040/122/200 943/7/107 942/6/106
f 942/6/106 1030/101/192 1040/122/200
f 960/116/123 959/121/122 1028/98/190
f 1028/98/190 996/60/158 960/116/123
f 1039/119/199 1040/122/200 1030/101/192
f 1030/101/192 1004/72/166 1039/119/199
f 991/55/153 1025/94/187 951/15/15
f 951/15/15 950/14/114 991/55/153
f 1025/94/187 1038/110/198 1031/102/15
f 1031/102/15 951/15/15 1025/94/187
f 1038/110/198 1024/93/186 1009/78/171
f 1009/78/171 1031/102/15 1038/110/198
f 993/57/312 992/56/305 1015/84/177
f 1015/84/177 1010/79/172 993/57/312
f 992/56/305 1035/107/195 1037/109/197
f 1037/109/197 1015/84/177 992/56/305
f 1037/109/197 1035/107/195 1011/80/173
f 1011/80/173 995/59/157 1037/109/197
f 1041/1/313 1042/2/314 1043/3/315
f 1043/3/315 1044/4/316 1041/1/313
f 1045/5/317 1046/6/318 1047/7/319
f 1047/7/319 1048/8/320 1045/5/317
f 1049/9/321 1050/10/322 1051/11/323
f 1051/11/323 1052/12/324 1049/9/321
f 1053/13/325 1054/14/326 1055/15/15
f 1055/15/15 1056/16/327 1053/13/325
f 1057/17/328 1058/18/329 1059/19/330
f 1059/19/330 1060/20/331 1057/17/328
f 1061/21/332 1062/22/333 1063/23/334
f 1063/23/334 1064/24/335 1061/21/332
f 1065/25/336 1066/26/337 1067/27/338
f 1067/27/338 1068/28/339 1065/25/336
f 1069/29/340 1070/30/341 1071/31/342
f 1071/31/342 1072/32/343 1069/29/340
f 1073/33/344 1074/34/345 1075/35/346
f 1075/35/346 1076/36/347 1073/33/344
f 1077/37/348 1078/38/349 1079/39/350
f 1079/39/350 1080/40/351 1077/37/348
f 1081/41/352 1082/42/353 1083/43/354
f 1083/43/354 1084/44/355 1081/41/352
f 1085/45/356 1086/46/357 1087/47/358
f 1087/47/358 1088/48/359 1085/45/356
f 1089/49/360 1090/50/361 1091/51/362
f 1091/51/362 1092/52/363 1089/49/360
f 1079/39/350 1078/38/349 1093/53/327
f 1093/53/327 1094/54/364 1079/39/350
f 1082/42/353 1095/55/365 1054/14/326
f 1054/14/326 1083/43/354 1082/42/353
f 1087/47/358 1086/46/357 1096/56/366
f 1096/56/366 1097/57/367 1087/47/358
f 1090/50/361 1098/58/368 1099/59/369
f 1099/59/369 1091/51/362 1090/50/361
f 1052/12/324 1051/11/323 1100/60/370
f 1100/60/370 1101/61/371 1052/12/324
f 1080/40/351 1057/17/328 1060/20/331
f 1060/20/331 1102/62/372 1080/40/351
f 1103/63/373 1073/64/344 1045/5/317
f 1045/5/317 1048/8/320 1103/63/373
f 1088/48/359 1069/29/340 1072/32/343
f 1072/32/343 1104/65/374 1088/48/359
f 1064/24/335 1105/66/375 1084/44/355
f 1084/44/355 1061/21/332 1064/24/335
f 1060/67/331 1106/68/376 1043/3/315
f 1043/3/315 1102/69/372 1060/67/331
f 1068/28/339 1076/36/347 1092/52/363
f 1092/52/363 1065/25/336 1068/28/339
f 1072/70/343 1107/71/377 1108/72/378
f 1108/72/378 1104/73/374 1072/70/343
f 1057/17/328 1080/40/351 1079/39/350
f 1079/39/350 1109/74/379 1057/17/328
f 1061/21/332 1084/44/355 1083/43/354
f 1083/43/354 1110/75/380 1061/21/332
f 1069/29/340 1088/48/359 1087/47/358
f 1087/47/358 1111/76/381 1069/29/340
f 1065/25/336 1092/52/363 1091/51/362
f 1091/51/362 1112/77/382 1065/25/336
f 1109/74/379 1079/39/350 1094/54/364
f 1094/54/364 1113/78/383 1109/74/379
f 1110/75/380 1083/43/354 1054/14/326
f 1054/14/326 1053/13/325 1110/75/380
f 1111/76/381 1087/47/358 1097/57/367
f 1097/57/367 1114/79/384 1111/76/381
f 1112/77/382 1091/51/362 1099/59/369
f 1099/59/369 1115/80/385 1112/77/382
f 1116/81/386 1107/71/377 1117/82/387
f 1117/82/387 1118/83/388 1116/81/386
f 1114/79/384 1119/84/389 1120/85/390
f 1120/85/390 1121/86/391 1114/79/384
f 1092/52/363 1076/36/347 1075/35/346
f 1075/35/346 1089/49/360 1092/52/363
f 1081/41/352 1122/87/392 1071/31/342
f 1071/31/342 1070/30/341 1081/41/352
f 1123/88/393 1124/89/394 1074/34/345
f 1074/34/345 1125/90/395 1123/88/393
f 1070/30/341 1069/29/340 1111/76/381
f 1111/76/381 1126/91/396 1070/30/341
f 1058/18/329 1127/92/397 1090/50/361
f 1090/50/361 1089/49/360 1058/18/329
f 1111/76/381 1114/79/384 1121/86/391
f 1121/86/391 1126/91/396 1111/76/381
f 1127/92/397 1128/93/398 1098/58/368
f 1098/58/368 1090/50/361 1127/92/397
f 1118/83/388 1117/82/387 1050/10/322
f 1050/10/322 1049/9/321 1118/83/388
f 1121/86/391 1120/85/390 1129/94/399
f 1129/94/399 1095/55/365 1121/86/391
f 1089/49/360 1075/35/346 1059/19/330
f 1059/19/330 1058/18/329 1089/49/360
f 1070/30/341 1126/91/396 1082/42/353
f 1082/42/353 1081/41/352 1070/30/341
f 1126/91/396 1121/86/391 1095/55/365
f 1095/55/365 1082/42/353 1126/91/396
f 1084/44/355 1105/66/375 1122/87/392
f 1122/87/392 1081/41/352 1084/44/355
f 1130/95/400 1106/96/376 1124/89/394
f 1124/89/394 1123/88/393 1130/95/400
f 1058/18/329 1057/17/328 1109/74/379
f 1109/74/379 1127/92/397 1058/18/329
f 1109/74/379 1113/78/383 1128/93/398
f 1128/93/398 1127/92/397 1109/74/379
f 1131/97/401 1132/98/402 1042/2/314
f 1042/2/314 1041/1/313 1131/97/401
f 1067/99/338 1133/100/403 1134/101/404
f 1134/101/404 1046/6/318 1067/99/338
f 1094/54/364 1093/53/327 1135/102/15
f 1135/102/15 1113/78/383 1094/54/364
f 1080/40/351 1102/62/372 1136/103/405
f 1136/103/405 1077/37/348 1080/40/351
f 1085/45/356 1133/104/403 1067/27/338
f 1067/27/338 1066/26/337 1085/45/356
f 1062/22/333 1137/105/349 1078/38/349
f 1078/38/349 1077/37/348 1062/22/333
f 1066/26/337 1065/25/336 1112/77/382
f 1112/77/382 1138/106/406 1066/26/337
f 1137/105/349 1056/16/327 1093/53/327
f 1093/53/327 1078/38/349 1137/105/349
f 1112/77/382 1115/80/385 1139/107/407
f 1139/107/407 1138/106/406 1112/77/382
f 1098/58/368 1140/108/408 1141/109/409
f 1141/109/409 1099/59/369 1098/58/368
f 1098/58/368 1128/93/398 1142/110/410
f 1142/110/410 1140/108/408 1098/58/368
f 1093/53/327 1056/16/327 1055/15/15
f 1055/15/15 1135/102/15 1093/53/327
f 1077/37/348 1136/103/405 1063/23/334
f 1063/23/334 1062/22/333 1077/37/348
f 1066/26/337 1138/106/406 1086/46/357
f 1086/46/357 1085/45/356 1066/26/337
f 1138/106/406 1139/107/407 1096/56/366
f 1096/56/366 1086/46/357 1138/106/406
f 1140/108/408 1120/85/390 1119/84/389
f 1119/84/389 1141/109/409 1140/108/408
f 1120/85/390 1140/108/408 1142/110/410
f 1142/110/410 1129/94/399 1120/85/390
f 1131/97/401 1101/61/371 1100/60/370
f 1100/60/370 1132/98/402 1131/97/401
f 1133/100/403 1104/73/374 1108/72/378
f 1108/72/378 1134/101/404 1133/100/403
f 1088/48/359 1104/65/374 1133/104/403
f 1133/104/403 1085/45/356 1088/48/359
f 1062/22/333 1061/21/332 1110/75/380
f 1110/75/380 1137/105/349 1062/22/333
f 1110/75/380 1053/13/325 1056/16/327
f 1056/16/327 1137/105/349 1110/75/380
f 1042/2/314 1136/111/405 1102/69/372
f 1102/69/372 1043/3/315 1042/2/314
f 1068/112/339 1067/99/338 1046/6/318
f 1046/6/318 1045/5/317 1068/112/339
f 1122/113/392 1105/114/375 1051/11/323
f 1051/11/323 1050/10/322 1122/113/392
f 1103/115/373 1125/90/395 1074/34/345
f 1074/34/345 1073/33/344 1103/115/373
f 1105/114/375 1064/116/335 1100/60/370
f 1100/60/370 1051/11/323 1105/114/375
f 1076/117/347 1068/112/339 1045/5/317
f 1045/5/317 1073/64/344 1076/117/347
f 1130/118/400 1044/4/316 1043/3/315
f 1043/3/315 1106/68/376 1130/118/400
f 1116/81/386 1143/119/411 1108/72/378
f 1108/72/378 1107/71/377 1116/81/386
f 1072/70/343 1071/120/342 1117/82/387
f 1117/82/387 1107/71/377 1072/70/343
f 1059/19/330 1075/35/346 1074/34/345
f 1074/34/345 1124/89/394 1059/19/330
f 1071/120/342 1122/113/392 1050/10/322
f 1050/10/322 1117/82/387 1071/120/342
f 1060/20/331 1059/19/330 1124/89/394
f 1124/89/394 1106/96/376 1060/20/331
f 1063/121/334 1136/111/405 1042/2/314
f 1042/2/314 1132/98/402 1063/121/334
f 1144/122/412 1047/7/319 1046/6/318
f 1046/6/318 1134/101/404 1144/122/412
f 1064/116/335 1063/121/334 1132/98/402
f 1132/98/402 1100/60/370 1064/116/335
f 1143/119/411 1144/122/412 1134/101/404
f 1134/101/404 1108/72/378 1143/119/411
f 1095/55/365 1129/94/399 1055/15/15
f 1055/15/15 1054/14/326 1095/55/365
f 1129/94/399 1142/110/410 1135/102/15
f 1135/102/15 1055/15/15 1129/94/399
f 1142/110/410 1128/93/398 1113/78/383
f 1113/78/383 1135/102/15 1142/110/410
f 1097/57/367 1096/56/366 1119/84/389
f 1119/84/389 1114/79/384 1097/57/367
f 1096/56/366 1139/107/407 1141/109/409
f 1141/109/409 1119/84/389 1096/56/366
f 1141/109/409 1139/107/407 1115/80/385
f 1115/80/385 1099/59/369 1141/109/409
f 1145/1/413 1146/2/414 1147/3/415
f 1147/3/415 1148/4/416 1145/1/413
f 1149/5/417 1150/6/418 1151/7/419
f 1151/7/419 1152/8/420 1149/5/417
f 1153/9/421 1154/10/422 1155/11/423
f 1155/11/423 1156/12/424 1153/9/421
f 1157/13/425 1158/14/426 1159/15/15
f 1159/15/15 1160/16/427 1157/13/425
f 1161/17/428 1162/18/429 1163/19/430
f 1163/19/430 1164/20/431 1161/17/428
f 1165/21/432 1166/22/433 1167/23/434
f 1167/23/434 1168/24/435 1165/21/432
f 1169/25/436 1170/26/437 1171/27/438
f 1171/27/438 1172/28/439 1169/25/436
f 1173/29/440 1174/30/441 1175/31/442
f 1175/31/442 1176/32/443 1173/29/440
f 1177/33/444 1178/34/445 1179/35/446
f 1179/35/446 1180/36/447 1177/33/444
f 1181/37/448 1182/38/449 1183/39/450
f 1183/39/450 1184/40/451 1181/37/448
f 1185/41/452 1186/42/453 1187/43/454
f 1187/43/454 1188/44/455 1185/41/452
f 1189/45/456 1190/46/457 1191/47/458
f 1191/47/458 1192/48/459 1189/45/456
f 1193/49/460 1194/50/461 1195/51/462
f 1195/51/462 1196/52/463 1193/49/460
f 1183/39/450 1182/38/449 1197/53/427
f 1197/53/427 1198/54/464 1183/39/450
f 1186/42/453 1199/55/465 1158/14/426
f 1158/14/426 1187/43/454 1186/42/453
f 1191/47/458 1190/46/457 1200/56/466
f 1200/56/466 1201/57/467 1191/47/458
f 1194/50/461 1202/58/468 1203/59/469
f 1203/59/469 1195/51/462 1194/50/461
f 1156/12/424 1155/11/423 1204/60/470
f 1204/60/470 1205/61/471 1156/12/424
f 1184/40/451 1161/17/428 1164/20/431
f 1164/20/431 1206/62/472 1184/40/451
f 1207/63/473 1177/64/444 1149/5/417
f 1149/5/417 1152/8/420 1207/63/473
f 1192/48/459 1173/29/440 1176/32/443
f 1176/32/443 1208/65/474 1192/48/459
f 1168/24/435 1209/66/475 1188/44/455
f 1188/44/455 1165/21/432 1168/24/435
f 1164/67/431 1210/68/476 1147/3/415
f 1147/3/415 1206/69/472 1164/67/431
f 1172/28/439 1180/36/447 1196/52/463
f 1196/52/463 1169/25/436 1172/28/439
f 1176/70/443 1211/71/477 1212/72/478
f 1212/72/478 1208/73/474 1176/70/443
f 1161/17/428 1184/40/451 1183/39/450
f 1183/39/450 1213/74/479 1161/17/428
f 1165/21/432 1188/44/455 1187/43/454
f 1187/43/454 1214/75/480 1165/21/432
f 1173/29/440 1192/48/459 1191/47/458
f 1191/47/458 1215/76/481 1173/29/440
f 1169/25/436 1196/52/463 1195/51/462
f 1195/51/462 1216/77/482 1169/25/436
f 1213/74/479 1183/39/450 1198/54/464
f 1198/54/464 1217/78/483 1213/74/479
f 1214/75/480 1187/43/454 1158/14/426
f 1158/14/426 1157/13/425 1214/75/480
f 1215/76/481 1191/47/458 1201/57/467
f 1201/57/467 1218/79/484 1215/76/481
f 1216/77/482 1195/51/462 1203/59/469
f 1203/59/469 1219/80/485 1216/77/482
f 1220/81/486 1211/71/477 1221/82/487
f 1221/82/487 1222/83/488 1220/81/486
f 1218/79/484 1223/84/489 1224/85/490
f 1224/85/490 1225/86/491 1218/79/484
f 1196/52/463 1180/36/447 1179/35/446
f 1179/35/446 1193/49/460 1196/52/463
f 1185/41/452 1226/87/492 1175/31/442
f 1175/31/442 1174/30/441 1185/41/452
f 1227/88/493 1228/89/494 1178/34/445
f 1178/34/445 1229/90/495 1227/88/493
f 1174/30/441 1173/29/440 1215/76/481
f 1215/76/481 1230/91/496 1174/30/441
f 1162/18/429 1231/92/497 1194/50/461
f 1194/50/461 1193/49/460 1162/18/429
f 1215/76/481 1218/79/484 1225/86/491
f 1225/86/491 1230/91/496 1215/76/481
f 1231/92/497 1232/93/498 1202/58/468
f 1202/58/468 1194/50/461 1231/92/497
f 1222/83/488 1221/82/487 1154/10/422
f 1154/10/422 1153/9/421 1222/83/488
f 1225/86/491 1224/85/490 1233/94/499
f 1233/94/499 1199/55/465 1225/86/491
f 1193/49/460 1179/35/446 1163/19/430
f 1163/19/430 1162/18/429 1193/49/460
f 1174/30/441 1230/91/496 1186/42/453
f 1186/42/453 1185/41/452 1174/30/441
f 1230/91/496 1225/86/491 1199/55/465
f 1199/55/465 1186/42/453 1230/91/496
f 1188/44/455 1209/66/475 1226/87/492
f 1226/87/492 1185/41/452 1188/44/455
f 1234/95/500 1210/96/476 1228/89/494
f 1228/89/494 1227/88/493 1234/95/500
f 1162/18/429 1161/17/428 1213/74/479
f 1213/74/479 1231/92/497 1162/18/429
f 1213/74/479 1217/78/483 1232/93/498
f 1232/93/498 1231/92/497 1213/74/479
f 1235/97/501 1236/98/502 1146/2/414
f 1146/2/414 1145/1/413 1235/97/501
f 1171/99/438 1237/100/503 1238/101/504
f 1238/101/504 1150/6/418 1171/99/438
f 1198/54/464 1197/53/427 1239/102/15
f 1239/102/15 1217/78/483 1198/54/464
f 1184/40/451 1206/62/472 1240/103/505
f 1240/103/505 1181/37/448 1184/40/451
f 1189/45/456 1237/104/503 1171/27/438
f 1171/27/438 1170/26/437 1189/45/456
f 1166/22/433 1241/105/449 1182/38/449
f 1182/38/449 1181/37/448 1166/22/433
f 1170/26/437 1169/25/436 1216/77/482
f 1216/77/482 1242/106/506 1170/26/437
f 1241/105/449 1160/16/427 1197/53/427
f 1197/53/427 1182/38/449 1241/105/449
f 1216/77/482 1219/80/485 1243/107/507
f 1243/107/507 1242/106/506 1216/77/482
f 1202/58/468 1244/108/508 1245/109/509
f 1245/109/509 1203/59/469 1202/58/468
f 1202/58/468 1232/93/498 1246/110/510
f 1246/110/510 1244/108/508 1202/58/468
f 1197/53/427 1160/16/427 1159/15/15
f 1159/15/15 1239/102/15 1197/53/427
f 1181/37/448 1240/103/505 1167/23/434
f 1167/23/434 1166/22/433 1181/37/448
f 1170/26/437 1242/106/506 1190/46/457
f 1190/46/457 1189/45/456 1170/26/437
f 1242/106/506 1243/107/507 1200/56/466
f 1200/56/466 1190/46/457 1242/106/506
f 1244/108/508 1224/85/490 1223/84/489
f 1223/84/489 1245/109/509 1244/108/508
f 1224/85/490 1244/108/508 1246/110/510
f 1246/110/510 1233/94/499 1224/85/490
f 1235/97/501 1205/61/471 1204/60/470
f 1204/60/470 1236/98/502 1235/97/501
f 1237/100/503 1208/73/474 1212/72/478
f 1212/72/478 1238/101/504 1237/100/503
f 1192/48/459 1208/65/474 1237/104/503
f 1237/104/503 1189/45/456 1192/48/459
f 1166/22/433 1165/21/432 1214/75/480
f 1214/75/480 1241/105/449 1166/22/433
f 1214/75/480 1157/13/425 1160/16/427
f 1160/16/427 1241/105/449 1214/75/480
f 1146/2/414 1240/111/505 1206/69/472
f 1206/69/472 1147/3/415 1146/2/414
f 1172/112/439 1171/99/438 1150/6/418
f 1150/6/418 1149/5/417 1172/112/439
f 1226/113/492 1209/114/475 1155/11/423
f 1155/11/423 1154/10/422 1226/113/492
f 1207/115/473 1229/90/495 1178/34/445
f 1178/34/445 1177/33/444 1207/115/473
f 1209/114/475 1168/116/435 1204/60/470
f 1204/60/470 1155/11/423 1209/114/475
f 1180/117/447 1172/112/439 1149/5/417
f 1149/5/417 1177/64/444 1180/117/447
f 1234/118/500 1148/4/416 1147/3/415
f 1147/3/415 1210/68/476 1234/118/500
f 1220/81/486 1247/119/511 1212/72/478
f 1212/72/478 1211/71/477 1220/81/486
f 1176/70/443 1175/120/442 1221/82/487
f 1221/82/487 1211/71/477 1176/70/443
f 1163/19/430 1179/35/446 1178/34/445
f 1178/34/445 1228/89/494 1163/19/430
f 1175/120/442 1226/113/492 1154/10/422
f 1154/10/422 1221/82/487 1175/120/442
f 1164/20/431 1163/19/430 1228/89/494
f 1228/89/494 1210/96/476 1164/20/431
f 1167/121/434 1240/111/505 1146/2/414
f 1146/2/414 1236/98/502 1167/121/434
f 1248/122/512 1151/7/419 1150/6/418
f 1150/6/418 1238/101/504 1248/122/512
f 1168/116/435 1167/121/434 1236/98/502
f 1236/98/502 1204/60/470 1168/116/435
f 1247/119/511 1248/122/512 1238/101/504
f 1238/101/504 1212/72/478 1247/119/511
f 1199/55/465 1233/94/499 1159/15/15
f 1159/15/15 1158/14/426 1199/55/465
f 1233/94/499 1246/110/510 1239/102/15
f 1239/102/15 1159/15/15 1233/94/499
f 1246/110/510 1232/93/498 1217/78/483
f 1217/78/483 1239/102/15 1246/110/510
f 1201/57/467 1200/56/466 1223/84/489
f 1223/84/489 1218/79/484 1201/57/467
f 1200/56/466 1243/107/507 1245/109/509
f 1245/109/509 1223/84/489 1200/56/466
f 1245/109/509 1243/107/507 1219/80/485
f 1219/80/485 1203/59/469 1245/109/509
f 1249/1/513 1250/2/514 1251/3/515
f 1251/3/515 1252/4/516 1249/1/513
f 1253/5/517 1254/6/518 1255/7/519
f 1255/7/519 1256/8/520 1253/5/517
f 1257/9/521 1258/10/522 1259/11/523
f 1259/11/523 1260/12/524 1257/9/521
f 1261/13/525 1262/14/526 1263/15/15
f 1263/15/15 1264/16/527 1261/13/525
f 1265/17/528 1266/18/529 1267/19/530
f 1267/19/530 1268/20/531 1265/17/528
f 1269/21/532 1270/22/533 1271/23/534
f 1271/23/534 1272/24/535 1269/21/532
f 1273/25/536 1274/26/537 1275/27/538
f 1275/27/538 1276/28/539 1273/25/536
f 1277/29/540 1278/30/541 1279/31/542
f 1279/31/542 1280/32/543 1277/29/540
f 1281/33/544 1282/34/545 1283/35/546
f 1283/35/546 1284/36/547 1281/33/544
f 1285/37/548 1286/38/549 1287/39/550
f 1287/39/550 1288/40/551 1285/37/548
f 1289/41/552 1290/42/553 1291/43/554
f 1291/43/554 1292/44/555 1289/41/552
f 1293/45/556 1294/46/557 1295/47/558
f 1295/47/558 1296/48/559 1293/45/556
f 1297/49/560 1298/50/561 1299/51/562
f 1299/51/562 1300/52/563 1297/49/560
f 1287/39/550 1286/38/549 1301/53/527
f 1301/53/527 1302/54/564 1287/39/550
f 1290/42/553 1303/55/565 1262/14/526
f 1262/14/526 1291/43/554 1290/42/553
f 1295/47/558 1294/46/557 1304/56/566
f 1304/56/566 1305/57/567 1295/47/558
f 1298/50/561 1306/58/568 1307/59/569
f 1307/59/569 1299/51/562 1298/50/561
f 1260/12/524 1259/11/523 1308/60/570
f 1308/60/570 1309/61/571 1260/12/524
f 1288/40/551 1265/17/528 1268/20/531
f 1268/20/531 1310/62/572 1288/40/551
f 1311/63/573 1281/64/544 1253/5/517
f 1253/5/517 1256/8/520 1311/63/573
f 1296/48/559 1277/29/540 1280/32/543
f 1280/32/543 1312/65/574 1296/48/559
f 1272/24/535 1313/66/575 1292/44/555
f 1292/44/555 1269/21/532 1272/24/535
f 1268/67/531 1314/68/576 1251/3/515
f 1251/3/515 1310/69/572 1268/67/531
f 1276/28/539 1284/36/547 1300/52/563
f 1300/52/563 1273/25/536 1276/28/539
f 1280/70/543 1315/71/577 1316/72/578
f 1316/72/578 1312/73/574 1280/70/543
f 1265/17/528 1288/40/551 1287/39/550
f 1287/39/550 1317/74/579 1265/17/528
f 1269/21/532 1292/44/555 1291/43/554
f 1291/43/554 1318/75/580 1269/21/532
f 1277/29/540 1296/48/559 1295/47/558
f 1295/47/558 1319/76/581 1277/29/540
f 1273/25/536 1300/52/563 1299/51/562
f 1299/51/562 1320/77/582 1273/25/536
f 1317/74/579 1287/39/550 1302/54/564
f 1302/54/564 1321/78/583 1317/74/579
f 1318/75/580 1291/43/554 1262/14/526
f 1262/14/526 1261/13/525 1318/75/580
f 1319/76/581 1295/47/558 1305/57/567
f 1305/57/567 1322/79/584 1319/76/581
f 1320/77/582 1299/51/562 1307/59/569
f 1307/59/569 1323/80/585 1320/77/582
f 1324/81/586 1315/71/577 1325/82/587
f 1325/82/587 1326/83/588 1324/81/586
f 1322/79/584 1327/84/589 1328/85/590
f 1328/85/590 1329/86/591 1322/79/584
f 1300/52/563 1284/36/547 1283/35/546
f 1283/35/546 1297/49/560 1300/52/563
f 1289/41/552 1330/87/592 1279/31/542
f 1279/31/542 1278/30/541 1289/41/552
f 1331/88/593 1332/89/594 1282/34/545
f 1282/34/545 1333/90/595 1331/88/593
f 1278/30/541 1277/29/540 1319/76/581
f 1319/76/581 1334/91/553 1278/30/541
f 1266/18/529 1335/92/596 1298/50/561
f 1298/50/561 1297/49/560 1266/18/529
f 1319/76/581 1322/79/584 1329/86/591
f 1329/86/591 1334/91/553 1319/76/581
f 1335/92/596 1336/93/597 1306/58/568
f 1306/58/568 1298/50/561 1335/92/596
f 1326/83/588 1325/82/587 1258/10/522
f 1258/10/522 1257/9/521 1326/83/588
f 1329/86/591 1328/85/590 1337/94/598
f 1337/94/598 1303/55/565 1329/86/591
f 1297/49/560 1283/35/546 1267/19/530
f 1267/19/530 1266/18/529 1297/49/560
f 1278/30/541 1334/91/553 1290/42/553
f 1290/42/553 1289/41/552 1278/30/541
f 1334/91/553 1329/86/591 1303/55/565
f 1303/55/565 1290/42/553 1334/91/553
f 1292/44/555 1313/66/575 1330/87/592
f 1330/87/592 1289/41/552 1292/44/555
f 1338/95/599 1314/96/576 1332/89/594
f 1332/89/594 1331/88/593 1338/95/599
f 1266/18/529 1265/17/528 1317/74/579
f 1317/74/579 1335/92/596 1266/18/529
f 1317/74/579 1321/78/583 1336/93/597
f 1336/93/597 1335/92/596 1317/74/579
f 1339/97/600 1340/98/601 1250/2/514
f 1250/2/514 1249/1/513 1339/97/600
f 1275/99/538 1341/100/602 1342/101/603
f 1342/101/603 1254/6/518 1275/99/538
f 1302/54/564 1301/53/527 1343/102/15
f 1343/102/15 1321/78/583 1302/54/564
f 1288/40/551 1310/62/572 1344/103/604
f 1344/103/604 1285/37/548 1288/40/551
f 1293/45/556 1341/104/602 1275/27/538
f 1275/27/538 1274/26/537 1293/45/556
f 1270/22/533 1345/105/549 1286/38/549
f 1286/38/549 1285/37/548 1270/22/533
f 1274/26/537 1273/25/536 1320/77/582
f 1320/77/582 1346/106/605 1274/26/537
f 1345/105/549 1264/16/527 1301/53/527
f 1301/53/527 1286/38/549 1345/105/549
f 1320/77/582 1323/80/585 1347/107/606
f 1347/107/606 1346/106/605 1320/77/582
f 1306/58/568 1348/108/607 1349/109/608
f 1349/109/608 1307/59/569 1306/58/568
f 1306/58/568 1336/93/597 1350/110/609
f 1350/110/609 1348/108/607 1306/58/568
f 1301/53/527 1264/16/527 1263/15/15
f 1263/15/15 1343/102/15 1301/53/527
f 1285/37/548 1344/103/604 1271/23/534
f 1271/23/534 1270/22/533 1285/37/548
f 1274/26/537 1346/106/605 1294/46/557
f 1294/46/557 1293/45/556 1274/26/537
f 1346/106/605 1347/107/606 1304/56/566
f 1304/56/566 1294/46/557 1346/106/605
f 1348/108/607 1328/85/590 1327/84/589
f 1327/84/589 1349/109/608 1348/108/607
f 1328/85/590 1348/108/607 1350/110/609
f 1350/110/609 1337/94/598 1328/85/590
f 1339/97/600 1309/61/571 1308/60/570
f 1308/60/570 1340/98/601 1339/97/600
f 1341/100/602 1312/73/574 1316/72/578
f 1316/72/578 1342/101/603 1341/100/602
f 1296/48/559 1312/65/574 1341/104/602
f 1341/104/602 1293/45/556 1296/48/559
f 1270/22/533 1269/21/532 1318/75/580
f 1318/75/580 1345/105/549 1270/22/533
f 1318/75/580 1261/13/525 1264/16/527
f 1264/16/527 1345/105/549 1318/75/580
f 1250/2/514 1344/111/604 1310/69/572
f 1310/69/572 1251/3/515 1250/2/514
f 1276/112/539 1275/99/538 1254/6/518
f 1254/6/518 1253/5/517 1276/112/539
f 1330/113/592 1313/114/575 1259/11/523
f 1259/11/523 1258/10/522 1330/113/592
f 1311/115/573 1333/90/595 1282/34/545
f 1282/34/545 1281/33/544 1311/115/573
f 1313/114/575 1272/116/535 1308/60/570
f 1308/60/570 1259/11/523 1313/114/575
f 1284/117/547 1276/112/539 1253/5/517
f 1253/5/517 1281/64/544 1284/117/547
f 1338/118/599 1252/4/516 1251/3/515
f 1251/3/515 1314/68/576 1338/118/599
f 1324/81/586 1351/119/610 1316/72/578
f 1316/72/578 1315/71/577 1324/81/586
f 1280/70/543 1279/120/542 1325/82/587
f 1325/82/587 1315/71/577 1280/70/543
f 1267/19/530 1283/35/546 1282/34/545
f 1282/34/545 1332/89/594 1267/19/530
f 1279/120/542 1330/113/592 1258/10/522
f 1258/10/522 1325/82/587 1279/120/542
f 1268/20/531 1267/19/530 1332/89/594
f 1332/89/594 1314/96/576 1268/20/531
f 1271/121/534 1344/111/604 1250/2/514
f 1250/2/514 1340/98/601 1271/121/534
f 1352/122/611 1255/7/519 1254/6/518
f 1254/6/518 1342/101/603 1352/122/611
f 1272/116/535 1271/121/534 1340/98/601
f 1340/98/601 1308/60/570 1272/116/535
f 1351/119/610 1352/122/611 1342/101/603
f 1342/101/603 1316/72/578 1351/119/610
f 1303/55/565 1337/94/598 1263/15/15
f 1263/15/15 1262/14/526 1303/55/565
f 1337/94/598 1350/110/609 1343/102/15
f 1343/102/15 1263/15/15 1337/94/598
f 1350/110/609 1336/93/597 1321/78/583
f 1321/78/583 1343/102/15 1350/110/609
f 1305/57/567 1304/56/566 1327/84/589
f 1327/84/589 1322/79/584 1305/57/567
f 1304/56/566 1347/107/606 1349/109/608
f 1349/109/608 1327/84/589 1304/56/566
f 1349/109/608 1347/107/606 1323/80/585
f 1323/80/585 1307/59/569 1349/109/608
f 1353/1/612 1354/2/613 1355/3/614
f 1355/3/614 1356/4/615 1353/1/612
f 1357/5/616 1358/6/617 1359/7/618
f 1359/7/618 1360/8/619 1357/5/616
f 1361/9/620 1362/10/621 1363/11/622
f 1363/11/622 1364/12/623 1361/9/620
f 1365/13/624 1366/14/625 1367/15/15
f 1367/15/15 1368/16/626 1365/13/624
f 1369/17/627 1370/18/628 1371/19/629
f 1371/19/629 1372/20/630 1369/17/627
f 1373/21/631 1374/22/632 1375/23/633
f 1375/23/633 1376/24/634 1373/21/631
f 1377/25/635 1378/26/636 1379/27/637
f 1379/27/637 1380/28/638 1377/25/635
f 1381/29/639 1382/30/640 1383/31/641
f 1383/31/641 1384/32/642 1381/29/639
f 1385/33/643 1386/34/644 1387/35/645
f 1387/35/645 1388/36/646 1385/33/643
f 1389/37/647 1390/38/648 1391/39/649
f 1391/39/649 1392/40/650 1389/37/647
f 1393/41/651 1394/42/652 1395/43/653
f 1395/43/653 1396/44/654 1393/41/651
f 1397/45/655 1398/46/656 1399/47/657
f 1399/47/657 1400/48/658 1397/45/655
f 1401/49/659 1402/50/660 1403/51/661
f 1403/51/661 1404/52/662 1401/49/659
f 1391/39/649 1390/38/648 1405/53/626
f 1405/53/626 1406/54/663 1391/39/649
f 1394/42/652 1407/55/664 1366/14/625
f 1366/14/625 1395/43/653 1394/42/652
f 1399/47/657 1398/46/656 1408/56/665
f 1408/56/665 1409/57/666 1399/47/657
f 1402/50/660 1410/58/667 1411/59/668
f 1411/59/668 1403/51/661 1402/50/660
f 1364/12/623 1363/11/622 1412/60/669
f 1412/60/669 1413/61/670 1364/12/623
f 1392/40/650 1369/17/627 1372/20/630
f 1372/20/630 1414/62/671 1392/40/650
f 1415/63/672 1385/64/643 1357/5/616
f 1357/5/616 1360/8/619 1415/63/672
f 1400/48/658 1381/29/639 1384/32/642
f 1384/32/642 1416/65/673 1400/48/658
f 1376/24/634 1417/66/674 1396/44/654
f 1396/44/654 1373/21/631 1376/24/634
f 1372/67/630 1418/68/675 1355/3/614
f 1355/3/614 1414/69/671 1372/67/630
f 1380/28/638 1388/36/646 1404/52/662
f 1404/52/662 1377/25/635 1380/28/638
f 1384/70/642 1419/71/676 1420/72/677
f 1420/72/677 1416/73/673 1384/70/642
f 1369/17/627 1392/40/650 1391/39/649
f 1391/39/649 1421/74/678 1369/17/627
f 1373/21/631 1396/44/654 1395/43/653
f 1395/43/653 1422/75/679 1373/21/631
f 1381/29/639 1400/48/658 1399/47/657
f 1399/47/657 1423/76/680 1381/29/639
f 1377/25/635 1404/52/662 1403/51/661
f 1403/51/661 1424/77/681 1377/25/635
f 1421/74/678 1391/39/649 1406/54/663
f 1406/54/663 1425/78/682 1421/74/678
f 1422/75/679 1395/43/653 1366/14/625
f 1366/14/625 1365/13/624 1422/75/679
f 1423/76/680 1399/47/657 1409/57/666
f 1409/57/666 1426/79/683 1423/76/680
f 1424/77/681 1403/51/661 1411/59/668
f 1411/59/668 1427/80/684 1424/77/681
f 1428/81/685 1419/71/676 1429/82/686
f 1429/82/686 1430/83/687 1428/81/685
f 1426/79/683 1431/84/688 1432/85/689
f 1432/85/689 1433/86/690 1426/79/683
f 1404/52/662 1388/36/646 1387/35/645
f 1387/35/645 1401/49/659 1404/52/662
f 1393/41/651 1434/87/691 1383/31/641
f 1383/31/641 1382/30/640 1393/41/651
f 1435/88/692 1436/89/693 1386/34/644
f 1386/34/644 1437/90/694 1435/88/692
f 1382/30/640 1381/29/639 1423/76/680
f 1423/76/680 1438/91/695 1382/30/640
f 1370/18/628 1439/92/696 1402/50/660
f 1402/50/660 1401/49/659 1370/18/628
f 1423/76/680 1426/79/683 1433/86/690
f 1433/86/690 1438/91/695 1423/76/680
f 1439/92/696 1440/93/697 1410/58/667
f 1410/58/667 1402/50/660 1439/92/696
f 1430/83/687 1429/82/686 1362/10/621
f 1362/10/621 1361/9/620 1430/83/687
f 1433/86/690 1432/85/689 1441/94/698
f 1441/94/698 1407/55/664 1433/86/690
f 1401/49/659 1387/35/645 1371/19/629
f 1371/19/629 1370/18/628 1401/49/659
f 1382/30/640 1438/91/695 1394/42/652
f 1394/42/652 1393/41/651 1382/30/640
f 1438/91/695 1433/86/690 1407/55/664
f 1407/55/664 1394/42/652 1438/91/695
f 1396/44/654 1417/66/674 1434/87/691
f 1434/87/691 1393/41/651 1396/44/654
f 1442/95/699 1418/96/675 1436/89/693
f 1436/89/693 1435/88/692 1442/95/699
f 1370/18/628 1369/17/627 1421/74/678
f 1421/74/678 1439/92/696 1370/18/628
f 1421/74/678 1425/78/682 1440/93/697
f 1440/93/697 1439/92/696 1421/74/678
f 1443/97/700 1444/98/701 1354/2/613
f 1354/2/613 1353/1/612 1443/97/700
f 1379/99/637 1445/100/702 1446/101/703
f 1446/101/703 1358/6/617 1379/99/637
f 1406/54/663 1405/53/626 1447/102/15
f 1447/102/15 1425/78/682 1406/54/663
f 1392/40/650 1414/62/671 1448/103/704
f 1448/103/704 1389/37/647 1392/40/650
f 1397/45/655 1445/104/702 1379/27/637
f 1379/27/637 1378/26/636 1397/45/655
f 1374/22/632 1449/105/705 1390/38/648
f 1390/38/648 1389/37/647 1374/22/632
f 1378/26/636 1377/25/635 1424/77/681
f 1424/77/681 1450/106/706 1378/26/636
f 1449/105/705 1368/16/626 1405/53/626
f 1405/53/626 1390/38/648 1449/105/705
f 1424/77/681 1427/80/684 1451/107/707
f 1451/107/707 1450/106/706 1424/77/681
f 1410/58/667 1452/108/708 1453/109/709
f 1453/109/709 1411/59/668 1410/58/667
f 1410/58/667 1440/93/697 1454/110/710
f 1454/110/710 1452/108/708 1410/58/667
f 1405/53/626 1368/16/626 1367/15/15
f 1367/15/15 1447/102/15 1405/53/626
f 1389/37/647 1448/103/704 1375/23/633
f 1375/23/633 1374/22/632 1389/37/647
f 1378/26/636 1450/106/706 1398/46/656
f 1398/46/656 1397/45/655 1378/26/636
f 1450/106/706 1451/107/707 1408/56/665
f 1408/56/665 1398/46/656 1450/106/706
f 1452/108/708 1432/85/689 1431/84/688
f 1431/84/688 1453/109/709 1452/108/708
f 1432/85/689 1452/108/708 1454/110/710
f 1454/110/710 1441/94/698 1432/85/689
f 1443/97/700 1413/61/670 1412/60/669
f 1412/60/669 1444/98/701 1443/97/700
f 1445/100/702 1416/73/673 1420/72/677
f 1420/72/677 1446/101/703 1445/100/702
f 1400/48/658 1416/65/673 1445/104/702
f 1445/104/702 1397/45/655 1400/48/658
f 1374/22/632 1373/21/631 1422/75/679
f 1422/75/679 1449/105/705 1374/22/632
f 1422/75/679 1365/13/624 1368/16/626
f 1368/16/626 1449/105/705 1422/75/679
f 1354/2/613 1448/111/704 1414/69/671
f 1414/69/671 1355/3/614 1354/2/613
f 1380/112/638 1379/99/637 1358/6/617
f 1358/6/617 1357/5/616 1380/112/638
f 1434/113/691 1417/114/674 1363/11/622
f 1363/11/622 1362/10/621 1434/113/691
f 1415/115/672 1437/90/694 1386/34/644
f 1386/34/644 1385/33/643 1415/115/672
f 1417/114/674 1376/116/634 1412/60/669
f 1412/60/669 1363/11/622 1417/114/674
f 1388/117/646 1380/112/638 1357/5/616
f 1357/5/616 1385/64/643 1388/117/646
f 1442/118/699 1356/4/615 1355/3/614
f 1355/3/614 1418/68/675 1442/118/699
f 1428/81/685 1455/119/711 1420/72/677
f 1420/72/677 1419/71/676 1428/81/685
f 1384/70/642 1383/120/641 1429/82/686
f 1429/82/686 1419/71/676 1384/70/642
f 1371/19/629 1387/35/645 1386/34/644
f 1386/34/644 1436/89/693 1371/19/629
f 1383/120/641 1434/113/691 1362/10/621
f 1362/10/621 1429/82/686 1383/120/641
f 1372/20/630 1371/19/629 1436/89/693
f 1436/89/693 1418/96/675 1372/20/630
f 1375/121/633 1448/111/704 1354/2/613
f 1354/2/613 1444/98/701 1375/121/633
f 1456/122/712 1359/7/618 1358/6/617
f 1358/6/617 1446/101/703 1456/122/712
f 1376/116/634 1375/121/633 1444/98/701
f 1444/98/701 1412/60/669 1376/116/634
f 1455/119/711 1456/122/712 1446/101/703
f 1446/101/703 1420/72/677 1455/119/711
f 1407/55/664 1441/94/698 1367/15/15
f 1367/15/15 1366/14/625 1407/55/664
f 1441/94/698 1454/110/710 1447/102/15
f 1447/102/15 1367/15/15 1441/94/698
f 1454/110/710 1440/93/697 1425/78/682
f 1425/78/682 1447/102/15 1454/110/710
f 1409/57/666 1408/56/665 1431/84/688
f 1431/84/688 1426/79/683 1409/57/666
f 1408/56/665 1451/107/707 1453/109/709
f 1453/109/709 1431/84/688 1408/56/665
f 1453/109/709 1451/107/707 1427/80/684
f 1427/80/684 1411/59/668 1453/109/709
f 1457/1/513 1458/2/514 1459/3/515
f 1459/3/515 1460/4/516 1457/1/513
f 1461/5/517 1462/6/518 1463/7/519
f 1463/7/519 1464/8/520 1461/5/517
f 1465/9/521 1466/10/522 1467/11/523
f 1467/11/523 1468/12/524 1465/9/521
f 1469/13/525 1470/14/526 1471/15/15
f 1471/15/15 1472/16/527 1469/13/525
f 1473/17/528 1474/18/529 1475/19/530
f 1475/19/530 1476/20/531 1473/17/528
f 1477/21/532 1478/22/533 1479/23/534
f 1479/23/534 1480/24/535 1477/21/532
f 1481/25/536 1482/26/537 1483/27/538
f 1483/27/538 1484/28/539 1481/25/536
f 1485/29/540 1486/30/541 1487/31/713
f 1487/31/713 1488/32/543 1485/29/540
f 1489/33/544 1490/34/545 1491/35/546
f 1491/35/546 1492/36/547 1489/33/544
f 1493/37/548 1494/38/549 1495/39/550
f 1495/39/550 1496/40/551 1493/37/548
f 1497/41/552 1498/42/553 1499/43/554
f 1499/43/554 1500/44/555 1497/41/552
f 1501/45/556 1502/46/557 1503/47/558
f 1503/47/558 1504/48/559 1501/45/556
f 1505/49/560 1506/50/561 1507/51/562
f 1507/51/562 1508/52/563 1505/49/560
f 1495/39/550 1494/38/549 1509/53/527
f 1509/53/527 1510/54/564 1495/39/550
f 1498/42/553 1511/55/565 1470/14/526
f 1470/14/526 1499/43/554 1498/42/553
f 1503/47/558 1502/46/557 1512/56/566
f 1512/56/566 1513/57/567 1503/47/558
f 1506/50/561 1514/58/568 1515/59/569
f 1515/59/569 1507/51/562 1506/50/561
f 1468/12/524 1467/11/523 1516/60/570
f 1516/60/570 1517/61/571 1468/12/524
f 1496/40/551 1473/17/528 1476/20/531
f 1476/20/531 1518/62/572 1496/40/551
f 1519/63/573 1489/64/544 1461/5/517
f 1461/5/517 1464/8/520 1519/63/573
f 1504/48/559 1485/29/540 1488/32/543
f 1488/32/543 1520/65/574 1504/48/559
f 1480/24/535 1521/66/575 1500/44/555
f 1500/44/555 1477/21/532 1480/24/535
f 1476/67/531 1522/68/576 1459/3/515
f 1459/3/515 1518/69/572 1476/67/531
f 1484/28/539 1492/36/547 1508/52/563
f 1508/52/563 1481/25/536 1484/28/539
f 1488/70/543 1523/71/577 1524/72/578
f 1524/72/578 1520/73/574 1488/70/543
f 1473/17/528 1496/40/551 1495/39/550
f 1495/39/550 1525/74/579 1473/17/528
f 1477/21/532 1500/44/555 1499/43/554
f 1499/43/554 1526/75/580 1477/21/532
f 1485/29/540 1504/48/559 1503/47/558
f 1503/47/558 1527/76/581 1485/29/540
f 1481/25/536 1508/52/563 1507/51/562
f 1507/51/562 1528/77/582 1481/25/536
f 1525/74/579 1495/39/550 1510/54/564
f 1510/54/564 1529/78/583 1525/74/579
f 1526/75/580 1499/43/554 1470/14/526
f 1470/14/526 1469/13/525 1526/75/580
f 1527/76/581 1503/47/558 1513/57/567
f 1513/57/567 1530/79/584 1527/76/581
f 1528/77/582 1507/51/562 1515/59/569
f 1515/59/569 1531/80/585 1528/77/582
f 1532/81/714 1523/71/577 1533/82/587
f 1533/82/587 1534/83/588 1532/81/714
f 1530/79/584 1535/84/589 1536/85/590
f 1536/85/590 1537/86/591 1530/79/584
f 1508/52/563 1492/36/547 1491/35/546
f 1491/35/546 1505/49/560 1508/52/563
f 1497/41/552 1538/87/592 1487/31/713
f 1487/31/713 1486/30/541 1497/41/552
f 1539/88/593 1540/89/594 1490/34/545
f 1490/34/545 1541/90/595 1539/88/593
f 1486/30/541 1485/29/540 1527/76/581
f 1527/76/581 1542/91/553 1486/30/541
f 1474/18/529 1543/92/596 1506/50/561
f 1506/50/561 1505/49/560 1474/18/529
f 1527/76/581 1530/79/584 1537/86/591
f 1537/86/591 1542/91/553 1527/76/581
f 1543/92/596 1544/93/715 1514/58/568
f 1514/58/568 1506/50/561 1543/92/596
f 1534/83/588 1533/82/587 1466/10/522
f 1466/10/522 1465/9/521 1534/83/588
f 1537/86/591 1536/85/590 1545/94/598
f 1545/94/598 1511/55/565 1537/86/591
f 1505/49/560 1491/35/546 1475/19/530
f 1475/19/530 1474/18/529 1505/49/560
f 1486/30/541 1542/91/553 1498/42/553
f 1498/42/553 1497/41/552 1486/30/541
f 1542/91/553 1537/86/591 1511/55/565
f 1511/55/565 1498/42/553 1542/91/553
f 1500/44/555 1521/66/575 1538/87/592
f 1538/87/592 1497/41/552 1500/44/555
f 1546/95/599 1522/96/576 1540/89/594
f 1540/89/594 1539/88/593 1546/95/599
f 1474/18/529 1473/17/528 1525/74/579
f 1525/74/579 1543/92/596 1474/18/529
f 1525/74/579 1529/78/583 1544/93/715
f 1544/93/715 1543/92/596 1525/74/579
f 1547/97/600 1548/98/601 1458/2/514
f 1458/2/514 1457/1/513 1547/97/600
f 1483/99/538 1549/100/602 1550/101/603
f 1550/101/603 1462/6/518 1483/99/538
f 1510/54/564 1509/53/527 1551/102/15
f 1551/102/15 1529/78/583 1510/54/564
f 1496/40/551 1518/62/572 1552/103/604
f 1552/103/604 1493/37/548 1496/40/551
f 1501/45/556 1549/104/602 1483/27/538
f 1483/27/538 1482/26/537 1501/45/556
f 1478/22/533 1553/105/549 1494/38/549
f 1494/38/549 1493/37/548 1478/22/533
f 1482/26/537 1481/25/536 1528/77/582
f 1528/77/582 1554/106/605 1482/26/537
f 1553/105/549 1472/16/527 1509/53/527
f 1509/53/527 1494/38/549 1553/105/549
f 1528/77/582 1531/80/585 1555/107/606
f 1555/107/606 1554/106/605 1528/77/582
f 1514/58/568 1556/108/607 1557/109/608
f 1557/109/608 1515/59/569 1514/58/568
f 1514/58/568 1544/93/715 1558/110/609
f 1558/110/609 1556/108/607 1514/58/568
f 1509/53/527 1472/16/527 1471/15/15
f 1471/15/15 1551/102/15 1509/53/527
f 1493/37/548 1552/103/604 1479/23/534
f 1479/23/534 1478/22/533 1493/37/548
f 1482/26/537 1554/106/605 1502/46/557
f 1502/46/557 1501/45/556 1482/26/537
f 1554/106/605 1555/107/606 1512/56/566
f 1512/56/566 1502/46/557 1554/106/605
f 1556/108/607 1536/85/590 1535/84/589
f 1535/84/589 1557/109/608 1556/108/607
f 1536/85/590 1556/108/607 1558/110/609
f 1558/110/609 1545/94/598 1536/85/590
f 1547/97/600 1517/61/571 1516/60/570
f 1516/60/570 1548/98/601 1547/97/600
f 1549/100/602 1520/73/574 1524/72/578
f 1524/72/578 1550/101/603 1549/100/602
f 1504/48/559 1520/65/574 1549/104/602
f 1549/104/602 1501/45/556 1504/48/559
f 1478/22/533 1477/21/532 1526/75/580
f 1526/75/580 1553/105/549 1478/22/533
f 1526/75/580 1469/13/525 1472/16/527
f 1472/16/527 1553/105/549 1526/75/580
f 1458/2/514 1552/111/604 1518/69/572
f 1518/69/572 1459/3/515 1458/2/514
f 1484/112/539 1483/99/538 1462/6/518
f 1462/6/518 1461/5/517 1484/112/539
f 1538/113/592 1521/114/575 1467/11/523
f 1467/11/523 1466/10/522 1538/113/592
f 1519/115/573 1541/90/595 1490/34/545
f 1490/34/545 1489/33/544 1519/115/573
f 1521/114/575 1480/116/535 1516/60/570
f 1516/60/570 1467/11/523 1521/114/575
f 1492/117/547 1484/112/539 1461/5/517
f 1461/5/517 1489/64/544 1492/117/547
f 1546/118/599 1460/4/516 1459/3/515
f 1459/3/515 1522/68/576 1546/118/599
f 1532/81/714 1559/119/610 1524/72/578
f 1524/72/578 1523/71/577 1532/81/714
f 1488/70/543 1487/120/713 1533/82/587
f 1533/82/587 1523/71/577 1488/70/543
f 1475/19/530 1491/35/546 1490/34/545
f 1490/34/545 1540/89/594 1475/19/530
f 1487/120/713 1538/113/592 1466/10/522
f 1466/10/522 1533/82/587 1487/120/713
f 1476/20/531 1475/19/530 1540/89/594
f 1540/89/594 1522/96/576 1476/20/531
f 1479/121/534 1552/111/604 1458/2/514
f 1458/2/514 1548/98/601 1479/121/534
f 1560/122/611 1463/7/519 1462/6/518
f 1462/6/518 1550/101/603 1560/122/611
f 1480/116/535 1479/121/534 1548/98/601
f 1548/98/601 1516/60/570 1480/116/535
f 1559/119/610 1560/122/611 1550/101/603
f 1550/101/603 1524/72/578 1559/119/610
f 1511/55/565 1545/94/598 1471/15/15
f 1471/15/15 1470/14/526 1511/55/565
f 1545/94/598 1558/110/609 1551/102/15
f 1551/102/15 1471/15/15 1545/94/598
f 1558/110/609 1544/93/715 1529/78/583
f 1529/78/583 1551/102/15 1558/110/609
f 1513/57/567 1512/56/566 1535/84/589
f 1535/84/589 1530/79/584 1513/57/567
f 1512/56/566 1555/107/606 1557/109/608
f 1557/109/608 1535/84/589 1512/56/566
f 1557/109/608 1555/107/606 1531/80/585
f 1531/80/585 1515/59/569 1557/109/608
