# Blender 4.5.0
# www.blender.org
g medium_wall.xml.090_Mesh
v 277.292145 -48.709923 62.508377
v 277.700195 -42.219025 62.487602
v 277.605682 -42.219025 62.042137
v 277.416077 -48.709923 61.963223
v 281.814270 -42.219025 62.092487
v 281.904907 -42.219025 62.480099
v 282.003876 -48.709923 62.373539
v 282.003876 -48.709923 61.963223
v 278.416840 -48.709923 71.310280
v 278.679504 -42.219025 71.237885
v 277.757660 -42.219025 71.220596
v 277.568024 -48.709923 71.275719
v 278.376862 -35.803097 70.798584
v 278.517059 -35.803097 70.840302
v 278.517059 -35.803097 70.552437
v 278.376862 -35.803097 70.553085
v 278.085541 -35.493866 62.093018
v 278.942169 -35.493866 62.093018
v 278.942169 -35.728123 62.030903
v 277.947296 -35.728123 62.030903
v 277.933289 -35.493866 70.954041
v 277.933289 -35.493866 70.597603
v 277.795288 -35.728123 70.598244
v 277.795288 -35.728123 71.014877
v 281.486664 -35.493866 62.181889
v 281.486664 -35.493866 62.586662
v 281.624664 -35.728123 62.586662
v 281.624664 -35.728123 62.121056
v 281.334381 -35.493866 71.042908
v 280.477417 -35.493866 71.042908
v 280.477417 -35.728123 71.105026
v 281.472626 -35.728123 71.105026
v 281.524689 -42.219025 61.945557
v 280.740082 -42.219025 61.945557
v 279.744354 -35.819798 62.030903
v 281.472626 -35.728123 62.030903
v 277.933289 -35.493866 62.586662
v 278.234253 -35.390472 62.586662
v 278.234253 -35.390472 62.305573
v 277.933289 -35.493866 62.181889
v 278.942169 -35.493862 71.042908
v 278.942169 -35.390472 70.907448
v 278.386414 -35.390472 70.907448
v 278.085541 -35.493866 71.042908
v 281.486664 -35.528316 70.576729
v 281.185699 -35.424927 70.578117
v 281.185699 -35.390472 70.830353
v 281.486664 -35.493866 70.954041
v 279.744354 -35.585541 62.093018
v 279.744354 -35.482147 62.228485
v 281.033539 -35.390472 62.228485
v 281.334381 -35.493866 62.093018
v 278.376862 -35.803097 62.627922
v 278.376862 -35.803097 62.339096
v 279.030182 -35.803097 70.840302
v 281.026093 -35.837551 70.536392
v 281.026093 -35.803097 70.798584
v 279.695984 -35.894772 62.297379
v 280.885895 -35.803097 62.297379
v 277.605682 -42.219025 71.124023
v 277.416077 -48.709923 71.172707
v 277.795288 -35.728123 62.121056
v 281.551453 -48.709923 61.822517
v 281.624664 -35.728123 71.014877
v 277.947296 -35.728123 71.105026
v 277.757660 -42.219025 61.945557
v 281.662292 -42.219021 71.220596
v 281.814270 -42.219021 71.124023
v 278.386414 -35.390472 62.228481
v 278.234253 -35.390472 70.830353
v 281.033508 -35.390472 70.907448
v 281.185699 -35.390472 62.305573
v 278.517059 -35.803097 62.297379
v 280.885895 -35.803097 70.840302
v 281.026093 -35.803097 62.339096
v 281.851929 -48.709919 71.275719
v 280.740082 -42.219025 71.220596
v 281.002747 -48.709919 71.275719
v 280.886566 -35.837551 70.537033
v 280.372467 -35.837551 70.539406
v 280.372467 -35.803097 70.840302
v 278.942169 -35.728123 71.105026
v 278.416840 -48.709923 61.828911
v 278.679504 -42.219025 61.945557
v 281.002747 -48.709923 61.860214
v 280.477417 -35.390472 70.907448
v 278.942169 -35.390472 62.228481
v 279.030182 -35.803097 62.297379
v 279.030182 -35.803097 70.550072
v 277.568024 -48.709923 61.860214
v 277.416077 -48.709923 70.818161
v 277.605682 -42.219025 70.708199
v 281.624664 -35.762573 70.576088
v 281.768860 -42.219021 70.415024
v 278.517059 -35.803097 62.627922
v 277.795288 -35.728123 62.586662
v 278.234253 -35.390472 70.596214
v 281.185699 -35.390472 62.586662
v 281.026093 -35.803097 62.627922
v 279.695984 -35.894772 62.627922
v 280.886078 -35.812748 62.627922
v 279.030182 -35.803097 62.627922
v 282.003876 -48.709923 71.111183
v 281.913055 -48.709923 70.253960
v 282.201874 -48.710022 55.474831
v 281.793823 -42.219124 55.495605
v 281.888336 -42.219124 55.941067
v 282.077942 -48.710022 56.019981
v 277.679749 -42.219124 55.890717
v 277.589111 -42.219124 55.503105
v 277.490143 -48.710022 55.609669
v 277.490143 -48.710022 56.019981
v 281.077179 -48.710022 46.672924
v 280.814514 -42.219124 46.745323
v 281.736359 -42.219124 46.762604
v 281.925995 -48.710022 46.707489
v 281.117157 -35.803196 47.184616
v 280.976959 -35.803196 47.142899
v 280.976959 -35.803196 47.430763
v 281.117157 -35.803196 47.430115
v 281.408478 -35.493965 55.890186
v 280.551849 -35.493965 55.890186
v 280.551849 -35.728222 55.952301
v 281.546722 -35.728222 55.952301
v 281.560730 -35.493965 47.029167
v 281.560730 -35.493965 47.385597
v 281.698730 -35.728222 47.384964
v 281.698730 -35.728222 46.968330
v 278.007355 -35.493965 55.801311
v 278.007355 -35.493965 55.396542
v 277.869354 -35.728222 55.396542
v 277.869354 -35.728222 55.862148
v 278.159637 -35.493965 46.940292
v 279.016602 -35.493965 46.940292
v 279.016602 -35.728222 46.878178
v 278.021393 -35.728222 46.878178
v 277.969330 -42.219124 56.037647
v 278.753937 -42.219124 56.037647
v 279.749634 -35.819897 55.952301
v 278.021393 -35.728222 55.952301
v 281.560730 -35.493965 55.396542
v 281.259766 -35.390572 55.396542
v 281.259766 -35.390572 55.677631
v 281.560730 -35.493965 55.801315
v 280.551849 -35.493965 46.940292
v 280.551849 -35.390572 47.075760
v 281.107605 -35.390572 47.075760
v 281.408478 -35.493965 46.940292
v 278.007355 -35.528419 47.406475
v 278.308319 -35.425026 47.405087
v 278.308319 -35.390572 47.152847
v 278.007355 -35.493965 47.029167
v 279.749634 -35.585640 55.890186
v 279.749634 -35.482246 55.754719
v 278.460480 -35.390572 55.754719
v 278.159637 -35.493965 55.890186
v 281.117157 -35.803196 55.355282
v 281.117157 -35.803196 55.644108
v 280.463837 -35.803196 47.142899
v 278.467926 -35.837650 47.446815
v 278.467926 -35.803196 47.184616
v 279.798035 -35.894871 55.685825
v 278.608124 -35.803196 55.685825
v 281.888336 -42.219124 46.859184
v 282.077942 -48.710022 46.810497
v 281.698730 -35.728222 55.862148
v 277.942566 -48.710018 56.160686
v 277.869354 -35.728222 46.968330
v 281.546722 -35.728222 46.878178
v 281.736359 -42.219124 56.037647
v 277.831726 -42.219124 46.762604
v 277.679749 -42.219124 46.859184
v 281.107605 -35.390572 55.754719
v 281.259766 -35.390572 47.152847
v 278.460510 -35.390572 47.075760
v 278.308319 -35.390572 55.677631
v 280.976959 -35.803196 55.685825
v 278.608124 -35.803196 47.142899
v 278.467926 -35.803196 55.644108
v 277.642090 -48.710022 46.707489
v 278.753937 -42.219124 46.762604
v 278.491272 -48.710022 46.707489
v 278.607452 -35.837650 47.446167
v 279.121552 -35.837650 47.443794
v 279.121552 -35.803196 47.142899
v 280.551849 -35.728222 46.878178
v 281.077179 -48.710022 56.154297
v 280.814514 -42.219124 56.037647
v 278.491272 -48.710018 56.122993
v 279.016602 -35.390572 47.075760
v 280.551849 -35.390572 55.754719
v 280.463837 -35.803196 55.685825
v 280.463837 -35.803196 47.433132
v 281.925995 -48.710022 56.122993
v 282.077942 -48.710022 47.165043
v 281.888336 -42.219124 47.275002
v 277.869354 -35.762672 47.407112
v 277.725159 -42.219124 47.568176
v 280.976959 -35.803196 55.355282
v 281.698730 -35.728222 55.396542
v 281.259766 -35.390572 47.386990
v 278.308319 -35.390572 55.396542
v 278.467926 -35.803196 55.355282
v 279.798035 -35.894871 55.355282
v 278.607941 -35.812847 55.355282
v 280.463837 -35.803196 55.355282
v 277.490143 -48.710022 46.872025
v 277.580963 -48.710022 47.729240
v 277.292145 -48.709923 32.239681
v 277.700195 -42.219025 32.218903
v 277.605682 -42.219025 31.773441
v 277.416077 -48.709923 31.694527
v 281.814270 -42.219025 31.823792
v 281.904907 -42.219025 32.211403
v 282.003876 -48.709923 32.104843
v 282.003876 -48.709923 31.694527
v 278.416840 -48.709923 41.041584
v 278.679504 -42.219025 40.969185
v 277.757660 -42.219025 40.951904
v 277.568024 -48.709923 41.007019
v 278.376862 -35.803097 40.529892
v 278.517059 -35.803097 40.571609
v 278.517059 -35.803097 40.283745
v 278.376862 -35.803097 40.284393
v 278.085541 -35.493866 31.824322
v 278.942169 -35.493866 31.824322
v 278.942169 -35.728123 31.762207
v 277.947296 -35.728123 31.762207
v 277.933289 -35.493866 40.685341
v 277.933289 -35.493866 40.328907
v 277.795288 -35.728123 40.329544
v 277.795288 -35.728123 40.746178
v 281.486664 -35.493866 31.913193
v 281.486664 -35.493866 32.317966
v 281.624664 -35.728123 32.317966
v 281.624664 -35.728123 31.852356
v 281.334381 -35.493866 40.774216
v 280.477417 -35.493866 40.774216
v 280.477417 -35.728123 40.836330
v 281.472626 -35.728123 40.836330
v 281.524689 -42.219025 31.676865
v 280.740082 -42.219025 31.676865
v 279.744354 -35.819798 31.762207
v 281.472626 -35.728123 31.762207
v 277.933289 -35.493866 32.317966
v 278.234253 -35.390472 32.317966
v 278.234253 -35.390472 32.036877
v 277.933289 -35.493866 31.913193
v 278.942169 -35.493862 40.774216
v 278.942169 -35.390472 40.638748
v 278.386414 -35.390472 40.638748
v 278.085541 -35.493866 40.774216
v 281.486664 -35.528316 40.308033
v 281.185699 -35.424927 40.309422
v 281.185699 -35.390472 40.561661
v 281.486664 -35.493866 40.685341
v 279.744354 -35.585541 31.824322
v 279.744354 -35.482147 31.959785
v 281.033539 -35.390472 31.959785
v 281.334381 -35.493866 31.824322
v 278.376862 -35.803097 32.359222
v 278.376862 -35.803097 32.070400
v 279.030182 -35.803097 40.571609
v 281.026093 -35.837551 40.267693
v 281.026093 -35.803097 40.529892
v 279.695984 -35.894772 32.028683
v 280.885895 -35.803097 32.028683
v 277.605682 -42.219025 40.855324
v 277.416077 -48.709923 40.904011
v 277.795288 -35.728123 31.852356
v 281.551453 -48.709923 31.553822
v 281.624664 -35.728123 40.746178
v 277.947296 -35.728123 40.836330
v 277.757660 -42.219025 31.676865
v 281.662292 -42.219021 40.951904
v 281.814270 -42.219021 40.855324
v 278.386414 -35.390472 31.959785
v 278.234253 -35.390472 40.561661
v 281.033508 -35.390472 40.638748
v 281.185699 -35.390472 32.036877
v 278.517059 -35.803097 32.028683
v 280.885895 -35.803097 40.571609
v 281.026093 -35.803097 32.070400
v 281.851929 -48.709919 41.007019
v 280.740082 -42.219025 40.951904
v 281.002747 -48.709919 41.007019
v 280.886566 -35.837551 40.268337
v 280.372467 -35.837551 40.270714
v 280.372467 -35.803097 40.571609
v 278.942169 -35.728123 40.836330
v 278.416840 -48.709923 31.560211
v 278.679504 -42.219025 31.676865
v 281.002747 -48.709923 31.591518
v 280.477417 -35.390472 40.638748
v 278.942169 -35.390472 31.959785
v 279.030182 -35.803097 32.028683
v 279.030182 -35.803097 40.281372
v 277.568024 -48.709923 31.591518
v 277.416077 -48.709923 40.549465
v 277.605682 -42.219025 40.439507
v 281.624664 -35.762573 40.307396
v 281.768860 -42.219021 40.146332
v 278.517059 -35.803097 32.359222
v 277.795288 -35.728123 32.317966
v 278.234253 -35.390472 40.327515
v 281.185699 -35.390472 32.317966
v 281.026093 -35.803097 32.359222
v 279.695984 -35.894772 32.359222
v 280.886078 -35.812748 32.359222
v 279.030182 -35.803097 32.359222
v 282.003876 -48.709923 40.842484
v 281.913055 -48.709923 39.985268
v 262.776001 -42.557026 26.190659
v 262.752625 -39.071651 25.782616
v 262.251160 -39.071651 25.877121
v 262.162323 -42.557026 26.066727
v 262.307861 -39.071651 21.668556
v 262.744171 -39.071651 21.577911
v 262.624207 -42.557026 21.478951
v 262.162323 -42.557026 21.478951
v 272.684052 -42.557026 25.065979
v 272.602539 -39.071651 24.803303
v 272.583099 -39.071651 25.725151
v 272.645142 -42.557026 25.914795
v 272.108032 -35.626537 25.105953
v 272.154999 -35.626537 24.965744
v 271.830963 -35.626537 24.965744
v 271.831696 -35.626537 25.105953
v 262.308441 -35.460491 25.397259
v 262.308441 -35.460491 24.540630
v 262.238525 -35.586277 24.540630
v 262.238525 -35.586277 25.535503
v 272.283020 -35.460491 25.549522
v 271.881805 -35.460491 25.549522
v 271.882507 -35.586277 25.687519
v 272.351501 -35.586277 25.687519
v 262.408478 -35.460491 21.996155
v 262.864136 -35.460491 21.996155
v 262.864136 -35.586277 21.858162
v 262.339996 -35.586277 21.858162
v 272.383057 -35.460491 22.148422
v 272.383057 -35.460491 23.005409
v 272.453003 -35.586277 23.005409
v 272.453003 -35.586277 22.010178
v 262.142456 -39.071651 21.958134
v 262.142456 -39.071651 22.742737
v 262.238525 -35.635502 23.738445
v 262.238525 -35.586277 22.010174
v 262.864136 -35.460491 25.549522
v 262.864136 -35.404972 25.248569
v 262.547699 -35.404972 25.248569
v 262.408478 -35.460491 25.549522
v 272.383057 -35.460491 24.540630
v 272.230591 -35.404972 24.540630
v 272.230591 -35.404972 25.096390
v 272.383057 -35.460491 25.397259
v 271.858307 -35.478989 21.996159
v 271.859863 -35.423473 22.297112
v 272.143799 -35.404972 22.297112
v 272.283020 -35.460491 21.996159
v 262.308441 -35.509716 23.738445
v 262.460938 -35.454197 23.738445
v 262.460938 -35.404972 22.449287
v 262.308441 -35.460491 22.148422
v 262.910583 -35.626537 25.105953
v 262.585449 -35.626537 25.105953
v 272.154999 -35.626537 24.452637
v 271.812897 -35.645035 22.456711
v 272.108032 -35.626537 22.456711
v 262.538483 -35.675762 23.786831
v 262.538483 -35.626537 22.596916
v 272.474365 -39.071651 25.877121
v 272.529175 -42.557026 26.066727
v 262.339996 -35.586277 25.687519
v 262.003937 -42.557026 21.931351
v 272.351501 -35.586277 21.858162
v 272.453003 -35.586277 25.535507
v 262.142456 -39.071651 25.725151
v 272.583099 -39.071651 21.820530
v 272.474365 -39.071651 21.668556
v 262.460938 -35.404972 25.096390
v 272.143799 -35.404972 25.248569
v 272.230591 -35.404972 22.449291
v 262.547699 -35.404972 22.297112
v 262.538483 -35.626537 24.965744
v 272.154999 -35.626537 22.596916
v 262.585449 -35.626537 22.456711
v 272.645142 -42.557026 21.630882
v 272.583099 -39.071651 22.742737
v 272.645142 -42.557026 22.480061
v 271.813629 -35.645035 22.596260
v 271.816284 -35.645035 23.110359
v 272.154999 -35.626537 23.110359
v 272.453003 -35.586277 24.540630
v 262.011139 -42.557026 25.065979
v 262.142456 -39.071655 24.803303
v 262.046387 -42.557026 22.480064
v 272.230591 -35.404972 23.005409
v 262.460938 -35.404972 24.540630
v 262.538483 -35.626537 24.452637
v 271.828278 -35.626537 24.452637
v 262.046387 -42.557026 25.914795
v 272.130066 -42.557026 26.066727
v 272.006287 -39.071651 25.877121
v 271.857574 -35.604778 21.858162
v 271.676270 -39.071651 21.713951
v 262.910583 -35.626537 24.965744
v 262.864136 -35.586277 25.687519
v 271.880249 -35.404972 25.248569
v 262.864136 -35.404972 22.297112
v 262.910583 -35.626537 22.456711
v 262.910583 -35.675762 23.786831
v 262.910583 -35.631718 22.596733
v 262.910583 -35.626537 24.452637
v 272.459930 -42.557026 21.478951
v 271.494965 -42.557026 21.569748
v 247.133011 -42.557026 26.190758
v 247.112106 -39.071651 25.782715
v 246.663910 -39.071651 25.877220
v 246.584503 -42.557026 26.066826
v 246.714569 -39.071651 21.668655
v 247.104568 -39.071651 21.578011
v 246.997345 -42.557026 21.479050
v 246.584503 -42.557026 21.479050
v 255.989075 -42.557026 25.066078
v 255.916229 -39.071651 24.803402
v 255.898834 -39.071651 25.725250
v 255.954300 -42.557026 25.914894
v 255.474228 -35.626537 25.106052
v 255.516205 -35.626537 24.965843
v 255.226562 -35.626537 24.965843
v 255.227219 -35.626537 25.106052
v 246.715103 -35.460491 25.397358
v 246.715103 -35.460491 24.540730
v 246.652603 -35.586277 24.540730
v 246.652603 -35.586277 25.535603
v 255.630630 -35.460491 25.549622
v 255.272003 -35.460491 25.549622
v 255.272644 -35.586277 25.687618
v 255.691849 -35.586277 25.687618
v 246.804520 -35.460491 21.996254
v 247.211777 -35.460491 21.996254
v 247.211777 -35.586277 21.858261
v 246.743317 -35.586277 21.858261
v 255.720062 -35.460491 22.148521
v 255.720062 -35.460491 23.005508
v 255.782547 -35.586277 23.005508
v 255.782547 -35.586277 22.010277
v 246.566727 -39.071651 21.958233
v 246.566727 -39.071651 22.742836
v 246.652603 -35.635502 23.738544
v 246.652603 -35.586277 22.010273
v 247.211777 -35.460491 25.549622
v 247.211777 -35.404972 25.248669
v 246.928970 -35.404972 25.248669
v 246.804520 -35.460491 25.549622
v 255.720062 -35.460491 24.540730
v 255.583755 -35.404972 24.540730
v 255.583755 -35.404972 25.096489
v 255.720062 -35.460491 25.397358
v 255.251007 -35.478989 21.996258
v 255.252411 -35.423473 22.297211
v 255.506195 -35.404972 22.297211
v 255.630630 -35.460491 21.996258
v 246.715103 -35.509716 23.738544
v 246.851395 -35.454197 23.738544
v 246.851395 -35.404972 22.449387
v 246.715103 -35.460491 22.148521
v 247.253296 -35.626537 25.106052
v 246.962692 -35.626537 25.106052
v 255.516205 -35.626537 24.452736
v 255.210419 -35.645035 22.456810
v 255.474228 -35.626537 22.456810
v 246.920715 -35.675762 23.786930
v 246.920715 -35.626537 22.597015
v 255.801666 -39.071651 25.877220
v 255.850647 -42.557026 26.066826
v 246.743317 -35.586277 25.687618
v 246.442932 -42.557026 21.931450
v 255.691849 -35.586277 21.858261
v 255.782547 -35.586277 25.535606
v 246.566727 -39.071651 25.725250
v 255.898834 -39.071651 21.820629
v 255.801666 -39.071651 21.668655
v 246.851395 -35.404972 25.096489
v 255.506195 -35.404972 25.248669
v 255.583755 -35.404972 22.449390
v 246.928970 -35.404972 22.297211
v 246.920715 -35.626537 24.965843
v 255.516205 -35.626537 22.597015
v 246.962692 -35.626537 22.456810
v 255.954300 -42.557026 21.630981
v 255.898834 -39.071651 22.742836
v 255.954300 -42.557026 22.480160
v 255.211075 -35.645035 22.596359
v 255.213455 -35.645035 23.110458
v 255.516205 -35.626537 23.110458
v 255.782547 -35.586277 24.540730
v 246.449371 -42.557026 25.066078
v 246.566727 -39.071655 24.803402
v 246.480865 -42.557026 22.480164
v 255.583755 -35.404972 23.005508
v 246.851395 -35.404972 24.540730
v 246.920715 -35.626537 24.452736
v 255.224182 -35.626537 24.452736
v 246.480865 -42.557026 25.914894
v 255.493927 -42.557026 26.066826
v 255.383286 -39.071651 25.877220
v 255.250366 -35.604778 21.858261
v 255.088303 -39.071651 21.714050
v 247.253296 -35.626537 24.965843
v 247.211777 -35.586277 25.687618
v 255.270615 -35.404972 25.248669
v 247.211777 -35.404972 22.297211
v 247.253296 -35.626537 22.456810
v 247.253296 -35.675762 23.786930
v 247.253296 -35.631718 22.596832
v 247.253296 -35.626537 24.452736
v 255.788742 -42.557026 21.479050
v 254.926254 -42.557026 21.569847
v 263.303070 -49.021244 26.878235
v 263.278534 -44.788593 26.360504
v 262.752289 -44.788589 26.480423
v 262.659058 -49.021244 26.720993
v 262.811768 -44.788593 21.140541
v 263.269653 -44.788593 21.025528
v 263.143768 -49.021244 20.899971
v 262.659058 -49.021244 20.899971
v 273.701141 -49.021244 25.451229
v 273.615601 -44.788593 25.117943
v 273.595184 -44.788593 26.287598
v 273.660309 -49.021244 26.528221
v 273.096649 -40.604824 25.501953
v 273.145935 -40.604824 25.324055
v 272.805878 -40.604824 25.324055
v 272.806641 -40.604824 25.501953
v 262.812378 -40.403179 25.871563
v 262.812378 -40.403179 24.784664
v 262.739014 -40.555935 24.784664
v 262.739014 -40.555935 26.046970
v 273.280304 -40.403179 26.064758
v 272.859222 -40.403179 26.064758
v 272.859985 -40.555935 26.239849
v 273.352173 -40.555935 26.239849
v 262.917358 -40.403179 21.556206
v 263.395538 -40.403179 21.556206
v 263.395538 -40.555935 21.381115
v 262.845490 -40.555935 21.381115
v 273.385284 -40.403179 21.749397
v 273.385284 -40.403179 22.836754
v 273.458679 -40.555935 22.836754
v 273.458679 -40.555935 21.573990
v 262.638184 -44.788593 21.507957
v 262.638184 -44.788593 22.503471
v 262.739014 -40.615715 23.766838
v 262.739014 -40.555935 21.573990
v 263.395538 -40.403179 26.064758
v 263.395538 -40.335758 25.682907
v 263.063477 -40.335758 25.682907
v 262.917358 -40.403179 26.064758
v 273.385284 -40.403175 24.784664
v 273.225250 -40.335758 24.784664
v 273.225250 -40.335758 25.489815
v 273.385284 -40.403179 25.871563
v 272.834564 -40.425644 21.556206
v 272.836212 -40.358223 21.938057
v 273.134186 -40.335758 21.938057
v 273.280304 -40.403179 21.556206
v 262.812378 -40.462959 23.766838
v 262.972412 -40.395538 23.766838
v 262.972412 -40.335758 22.131145
v 262.812378 -40.403179 21.749397
v 263.444275 -40.604824 25.501953
v 263.103088 -40.604824 25.501953
v 273.145935 -40.604824 24.673019
v 272.786896 -40.627293 22.140564
v 273.096649 -40.604824 22.140564
v 263.053802 -40.664604 23.828232
v 263.053802 -40.604824 22.318459
v 273.481110 -44.788593 26.480423
v 273.538635 -49.021244 26.720993
v 262.845490 -40.555935 26.239849
v 262.492828 -49.021244 21.473976
v 273.352173 -40.555935 21.381115
v 273.458679 -40.555935 26.046974
v 262.638184 -44.788593 26.287594
v 273.595184 -44.788589 21.333366
v 273.481110 -44.788589 21.140541
v 262.972412 -40.335758 25.489815
v 273.134186 -40.335758 25.682907
v 273.225250 -40.335758 22.131149
v 263.063477 -40.335758 21.938057
v 263.053802 -40.604824 25.324055
v 273.145935 -40.604824 22.318459
v 263.103088 -40.604824 22.140564
v 273.660309 -49.021244 21.092743
v 273.595184 -44.788593 22.503471
v 273.660309 -49.021244 22.170189
v 272.787659 -40.627293 22.317619
v 272.790466 -40.627293 22.969917
v 273.145935 -40.604824 22.969917
v 273.458679 -40.555935 24.784664
v 262.500366 -49.021244 25.451229
v 262.638184 -44.788593 25.117943
v 262.537354 -49.021244 22.170189
v 273.225250 -40.335758 22.836754
v 262.972412 -40.335758 24.784664
v 263.053802 -40.604824 24.673019
v 272.803070 -40.604824 24.673019
v 262.537354 -49.021244 26.528221
v 273.119781 -49.021244 26.720993
v 272.989868 -44.788593 26.480423
v 272.833801 -40.578400 21.381115
v 272.643524 -44.788589 21.198143
v 263.444275 -40.604824 25.324055
v 263.395538 -40.555935 26.239849
v 272.857574 -40.335758 25.682907
v 263.395538 -40.335758 21.938057
v 263.444275 -40.604824 22.140564
v 263.444275 -40.664604 23.828232
v 263.444275 -40.611118 22.318222
v 263.444275 -40.604824 24.673019
v 273.465942 -49.021244 20.899971
v 272.453278 -49.021244 21.015171
v 244.922089 -49.021244 26.878235
v 244.897537 -44.788593 26.360504
v 244.371292 -44.788589 26.480423
v 244.278061 -49.021244 26.720993
v 244.430771 -44.788593 21.140541
v 244.888672 -44.788593 21.025528
v 244.762787 -49.021244 20.899971
v 244.278061 -49.021244 20.899971
v 255.320160 -49.021244 25.451229
v 255.234634 -44.788593 25.117943
v 255.214218 -44.788593 26.287598
v 255.279327 -49.021244 26.528221
v 254.715668 -40.604824 25.501953
v 254.764954 -40.604824 25.324055
v 254.424896 -40.604824 25.324055
v 254.425659 -40.604824 25.501953
v 244.431396 -40.403179 25.871563
v 244.431396 -40.403179 24.784664
v 244.358017 -40.555935 24.784664
v 244.358017 -40.555935 26.046970
v 254.899323 -40.403179 26.064758
v 254.478241 -40.403179 26.064758
v 254.479004 -40.555935 26.239849
v 254.971191 -40.555935 26.239849
v 244.536392 -40.403179 21.556206
v 245.014572 -40.403179 21.556206
v 245.014572 -40.555935 21.381115
v 244.464523 -40.555935 21.381115
v 255.004303 -40.403179 21.749397
v 255.004303 -40.403179 22.836754
v 255.077682 -40.555935 22.836754
v 255.077682 -40.555935 21.573990
v 244.257202 -44.788593 21.507957
v 244.257202 -44.788593 22.503471
v 244.358017 -40.615715 23.766838
v 244.358017 -40.555935 21.573990
v 245.014572 -40.403179 26.064758
v 245.014572 -40.335758 25.682907
v 244.682495 -40.335758 25.682907
v 244.536392 -40.403179 26.064758
v 255.004303 -40.403175 24.784664
v 254.844269 -40.335758 24.784664
v 254.844269 -40.335758 25.489815
v 255.004303 -40.403179 25.871563
v 254.453583 -40.425644 21.556206
v 254.455231 -40.358223 21.938057
v 254.753204 -40.335758 21.938057
v 254.899323 -40.403179 21.556206
v 244.431396 -40.462959 23.766838
v 244.591431 -40.395538 23.766838
v 244.591431 -40.335758 22.131145
v 244.431396 -40.403179 21.749397
v 245.063309 -40.604824 25.501953
v 244.722107 -40.604824 25.501953
v 254.764954 -40.604824 24.673019
v 254.405930 -40.627293 22.140564
v 254.715668 -40.604824 22.140564
v 244.672821 -40.664604 23.828232
v 244.672821 -40.604824 22.318459
v 255.100128 -44.788593 26.480423
v 255.157639 -49.021244 26.720993
v 244.464523 -40.555935 26.239849
v 244.111847 -49.021244 21.473976
v 254.971191 -40.555935 21.381115
v 255.077682 -40.555935 26.046974
v 244.257202 -44.788593 26.287594
v 255.214218 -44.788589 21.333366
v 255.100128 -44.788589 21.140541
v 244.591431 -40.335758 25.489815
v 254.753204 -40.335758 25.682907
v 254.844269 -40.335758 22.131149
v 244.682495 -40.335758 21.938057
v 244.672821 -40.604824 25.324055
v 254.764954 -40.604824 22.318459
v 244.722107 -40.604824 22.140564
v 255.279327 -49.021244 21.092743
v 255.214218 -44.788593 22.503471
v 255.279327 -49.021244 22.170189
v 254.406693 -40.627293 22.317619
v 254.409500 -40.627293 22.969917
v 254.764954 -40.604824 22.969917
v 255.077682 -40.555935 24.784664
v 244.119400 -49.021244 25.451229
v 244.257202 -44.788593 25.117943
v 244.156372 -49.021244 22.170189
v 254.844269 -40.335758 22.836754
v 244.591431 -40.335758 24.784664
v 244.672821 -40.604824 24.673019
v 254.422089 -40.604824 24.673019
v 244.156372 -49.021244 26.528221
v 254.738800 -49.021244 26.720993
v 254.608902 -44.788593 26.480423
v 254.452835 -40.578400 21.381115
v 254.262558 -44.788589 21.198143
v 245.063309 -40.604824 25.324055
v 245.014572 -40.555935 26.239849
v 254.476593 -40.335758 25.682907
v 245.014572 -40.335758 21.938057
v 245.063309 -40.604824 22.140564
v 245.063309 -40.664604 23.828232
v 245.063309 -40.611118 22.318222
v 245.063309 -40.604824 24.673019
v 255.084961 -49.021244 20.899971
v 254.072281 -49.021244 21.015171
v 292.802979 -48.709919 81.415649
v 292.782196 -42.219021 81.007607
v 292.336731 -42.219021 81.102119
v 292.257812 -48.709919 81.291725
v 292.387085 -42.219021 76.893547
v 292.774689 -42.219021 76.802910
v 292.668121 -48.709919 76.703949
v 292.257812 -48.709919 76.703949
v 301.604889 -48.709919 80.290970
v 301.532471 -42.219021 80.028297
v 301.515198 -42.219021 80.950142
v 301.570312 -48.709919 81.139786
v 301.093170 -35.803093 80.330948
v 301.134888 -35.803093 80.190742
v 300.847046 -35.803093 80.190742
v 300.847687 -35.803093 80.330948
v 292.387604 -35.493862 80.622253
v 292.387604 -35.493862 79.765625
v 292.325500 -35.728119 79.765625
v 292.325500 -35.728119 80.760498
v 301.248627 -35.493862 80.774513
v 300.892212 -35.493862 80.774513
v 300.892822 -35.728119 80.912514
v 301.309479 -35.728119 80.912514
v 292.476471 -35.493862 77.221153
v 292.881256 -35.493862 77.221153
v 292.881256 -35.728119 77.083153
v 292.415649 -35.728119 77.083153
v 301.337494 -35.493862 77.373413
v 301.337494 -35.493862 78.230400
v 301.399628 -35.728119 78.230400
v 301.399628 -35.728119 77.235168
v 292.240143 -42.219021 77.183128
v 292.240143 -42.219021 77.967728
v 292.325500 -35.819794 78.963440
v 292.325500 -35.728119 77.235168
v 292.881256 -35.493862 80.774513
v 292.881256 -35.390469 80.473564
v 292.600159 -35.390469 80.473564
v 292.476471 -35.493862 80.774513
v 301.337494 -35.493858 79.765625
v 301.202026 -35.390469 79.765625
v 301.202026 -35.390469 80.321381
v 301.337494 -35.493862 80.622253
v 300.871307 -35.528313 77.221153
v 300.872711 -35.424923 77.522102
v 301.124939 -35.390469 77.522102
v 301.248627 -35.493862 77.221153
v 292.387604 -35.585537 78.963440
v 292.523071 -35.482143 78.963440
v 292.523071 -35.390469 77.674286
v 292.387604 -35.493862 77.373413
v 292.922516 -35.803093 80.330948
v 292.633698 -35.803093 80.330948
v 301.134888 -35.803093 79.677635
v 300.830994 -35.837547 77.681709
v 301.093170 -35.803093 77.681709
v 292.591980 -35.894768 79.011826
v 292.591980 -35.803093 77.821915
v 301.418610 -42.219021 81.102119
v 301.467316 -48.709919 81.291725
v 292.415649 -35.728119 80.912514
v 292.117096 -48.709915 77.156349
v 301.309479 -35.728119 77.083153
v 301.399628 -35.728119 80.760498
v 292.240143 -42.219021 80.950142
v 301.515198 -42.219021 77.045525
v 301.418610 -42.219021 76.893555
v 292.523071 -35.390469 80.321381
v 301.124939 -35.390469 80.473564
v 301.202026 -35.390469 77.674286
v 292.600159 -35.390469 77.522102
v 292.591980 -35.803093 80.190742
v 301.134888 -35.803093 77.821915
v 292.633698 -35.803093 77.681709
v 301.570312 -48.709915 76.855881
v 301.515198 -42.219021 77.967728
v 301.570312 -48.709915 77.705055
v 300.831635 -35.837547 77.821251
v 300.834015 -35.837547 78.335350
v 301.134888 -35.803093 78.335350
v 301.399628 -35.728119 79.765625
v 292.123505 -48.709919 80.290970
v 292.240143 -42.219021 80.028297
v 292.154816 -48.709915 77.705055
v 301.202026 -35.390469 78.230400
v 292.523071 -35.390469 79.765625
v 292.591980 -35.803093 79.677635
v 300.844666 -35.803093 79.677635
v 292.154816 -48.709919 81.139786
v 301.112762 -48.709919 81.291725
v 301.002808 -42.219021 81.102119
v 300.870697 -35.762569 77.083153
v 300.709625 -42.219021 76.938950
v 292.922516 -35.803093 80.190742
v 292.881256 -35.728119 80.912514
v 300.890808 -35.390469 80.473564
v 292.881256 -35.390469 77.522102
v 292.922516 -35.803093 77.681709
v 292.922516 -35.894768 79.011826
v 292.922516 -35.812744 77.821732
v 292.922516 -35.803093 79.677635
v 301.405762 -48.709919 76.703949
v 300.548553 -48.709919 76.794739
v 277.764984 -48.709919 81.415649
v 277.744202 -42.219021 81.007607
v 277.298737 -42.219021 81.102119
v 277.219818 -48.709919 81.291725
v 277.349091 -42.219021 76.893547
v 277.736694 -42.219021 76.802910
v 277.630127 -48.709919 76.703949
v 277.219818 -48.709919 76.703949
v 286.566895 -48.709919 80.290970
v 286.494476 -42.219021 80.028297
v 286.477203 -42.219021 80.950142
v 286.532318 -48.709919 81.139786
v 286.055176 -35.803093 80.330948
v 286.096893 -35.803093 80.190742
v 285.809052 -35.803093 80.190742
v 285.809692 -35.803093 80.330948
v 277.349609 -35.493862 80.622253
v 277.349609 -35.493862 79.765625
v 277.287506 -35.728119 79.765625
v 277.287506 -35.728119 80.760498
v 286.210632 -35.493862 80.774513
v 285.854218 -35.493862 80.774513
v 285.854828 -35.728119 80.912514
v 286.271484 -35.728119 80.912514
v 277.438477 -35.493862 77.221153
v 277.843262 -35.493862 77.221153
v 277.843262 -35.728119 77.083153
v 277.377655 -35.728119 77.083153
v 286.299500 -35.493862 77.373413
v 286.299500 -35.493862 78.230400
v 286.361633 -35.728119 78.230400
v 286.361633 -35.728119 77.235168
v 277.202148 -42.219021 77.183128
v 277.202148 -42.219021 77.967728
v 277.287506 -35.819794 78.963440
v 277.287506 -35.728119 77.235168
v 277.843262 -35.493862 80.774513
v 277.843262 -35.390469 80.473564
v 277.562164 -35.390469 80.473564
v 277.438477 -35.493862 80.774513
v 286.299500 -35.493858 79.765625
v 286.164032 -35.390469 79.765625
v 286.164032 -35.390469 80.321381
v 286.299500 -35.493862 80.622253
v 285.833313 -35.528313 77.221153
v 285.834717 -35.424923 77.522102
v 286.086945 -35.390469 77.522102
v 286.210632 -35.493862 77.221153
v 277.349609 -35.585537 78.963440
v 277.485077 -35.482143 78.963440
v 277.485077 -35.390469 77.674286
v 277.349609 -35.493862 77.373413
v 277.884521 -35.803093 80.330948
v 277.595703 -35.803093 80.330948
v 286.096893 -35.803093 79.677635
v 285.792999 -35.837547 77.681709
v 286.055176 -35.803093 77.681709
v 277.553986 -35.894768 79.011826
v 277.553986 -35.803093 77.821915
v 286.380615 -42.219021 81.102119
v 286.429321 -48.709919 81.291725
v 277.377655 -35.728119 80.912514
v 277.079102 -48.709915 77.156349
v 286.271484 -35.728119 77.083153
v 286.361633 -35.728119 80.760498
v 277.202148 -42.219021 80.950142
v 286.477203 -42.219021 77.045525
v 286.380615 -42.219021 76.893555
v 277.485077 -35.390469 80.321381
v 286.086945 -35.390469 80.473564
v 286.164032 -35.390469 77.674286
v 277.562164 -35.390469 77.522102
v 277.553986 -35.803093 80.190742
v 286.096893 -35.803093 77.821915
v 277.595703 -35.803093 77.681709
v 286.532318 -48.709915 76.855881
v 286.477203 -42.219021 77.967728
v 286.532318 -48.709915 77.705055
v 285.793640 -35.837547 77.821251
v 285.796021 -35.837547 78.335350
v 286.096893 -35.803093 78.335350
v 286.361633 -35.728119 79.765625
v 277.085510 -48.709919 80.290970
v 277.202148 -42.219021 80.028297
v 277.116821 -48.709915 77.705055
v 286.164032 -35.390469 78.230400
v 277.485077 -35.390469 79.765625
v 277.553986 -35.803093 79.677635
v 285.806671 -35.803093 79.677635
v 277.116821 -48.709919 81.139786
v 286.074768 -48.709919 81.291725
v 285.964813 -42.219021 81.102119
v 285.832703 -35.762569 77.083153
v 285.671631 -42.219021 76.938950
v 277.884521 -35.803093 80.190742
v 277.843262 -35.728119 80.912514
v 285.852814 -35.390469 80.473564
v 277.843262 -35.390469 77.522102
v 277.884521 -35.803093 77.681709
v 277.884521 -35.894768 79.011826
v 277.884521 -35.812744 77.821732
v 277.884521 -35.803093 79.677635
v 286.367767 -48.709919 76.703949
v 285.510559 -48.709919 76.794739
vn -0.9944 0.0481 -0.0941
vn -0.9940 0.0394 0.1020
vn -0.9187 0.0426 -0.3925
vn -0.8262 0.0310 -0.5626
vn 0.7878 0.0230 -0.6155
vn 0.9942 0.0275 -0.1042
vn 0.9998 0.0220 0.0013
vn 0.8051 0.0353 -0.5921
vn -0.0134 0.0102 0.9999
vn -0.0052 0.0152 0.9999
vn -0.2870 0.0120 0.9579
vn 0.0880 0.0040 0.9961
vn 0.5403 0.7056 -0.4584
vn 0.0924 0.7397 -0.6665
vn -0.0000 1.0000 -0.0000
vn 0.5802 0.8145 -0.0000
vn -0.2318 0.4608 -0.8567
vn 0.0355 0.5209 -0.8529
vn 0.0082 0.1402 -0.9901
vn -0.0871 0.4901 -0.8673
vn -0.6522 0.6630 0.3676
vn -0.6343 0.7731 -0.0000
vn -0.9613 0.2756 -0.0017
vn -0.8376 0.2765 0.4711
vn 0.6522 0.6630 -0.3676
vn 0.8111 0.5848 0.0018
vn 0.9594 0.2819 0.0031
vn 0.8353 0.2772 -0.4749
vn 0.2318 0.4608 0.8567
vn -0.0000 0.3398 0.9405
vn 0.0004 0.1386 0.9903
vn 0.0873 0.4878 0.8686
vn 0.2375 0.0149 -0.9713
vn -0.0001 0.0155 -0.9999
vn 0.0036 0.1293 -0.9916
vn 0.1899 0.2683 -0.9444
vn -0.6324 0.7746 -0.0000
vn 0.4382 0.8989 -0.0000
vn 0.2017 0.9759 0.0832
vn -0.4569 0.7908 -0.4072
vn -0.0000 0.5706 0.8212
vn -0.0000 0.9291 -0.3698
vn 0.1593 0.9605 -0.2282
vn -0.2576 0.7463 0.6137
vn 0.6410 0.7662 -0.0445
vn -0.4329 0.8993 -0.0618
vn -0.1690 0.9766 -0.1328
vn 0.4751 0.7997 0.3670
vn -0.0485 0.5420 -0.8390
vn 0.0189 0.9222 0.3863
vn -0.2020 0.9626 0.1805
vn 0.2351 0.7396 -0.6306
vn 0.5415 0.7199 0.4343
vn -0.0000 0.7618 -0.6478
vn -0.5537 0.8311 -0.0516
vn -0.5351 0.6944 -0.4811
vn 0.0254 0.7794 0.6261
vn -0.1195 0.7250 0.6783
vn -0.8754 0.0319 0.4824
vn -0.8841 0.0293 0.4664
vn -0.8401 0.2711 -0.4698
vn 0.1333 0.0192 -0.9909
vn 0.8408 0.2822 0.4620
vn -0.1955 0.5392 0.8192
vn -0.2726 0.0208 -0.9619
vn 0.2721 0.0179 0.9621
vn 0.8900 0.0310 0.4549
vn 0.1529 0.9575 0.2447
vn 0.1906 0.9786 -0.0782
vn -0.1558 0.9580 -0.2407
vn -0.1810 0.9809 0.0706
vn 0.0787 0.7466 0.6606
vn -0.0821 0.7107 -0.6987
vn -0.5333 0.7084 0.4624
vn 0.3982 0.0154 0.9172
vn 0.0042 0.0133 0.9999
vn 0.0060 0.0094 0.9999
vn -0.0045 0.9982 -0.0604
vn 0.0137 0.9982 -0.0590
vn 0.0067 0.7262 -0.6874
vn -0.0004 0.1388 0.9903
vn -0.0142 0.0170 -0.9998
vn -0.0008 0.0145 -0.9999
vn -0.0293 0.0120 -0.9995
vn 0.0516 0.9325 0.3575
vn 0.0528 0.7502 0.6591
vn 0.0073 1.0000 -0.0040
vn -0.3064 0.0235 -0.9516
vn -0.9993 0.0362 -0.0001
vn -0.9996 0.0291 -0.0057
vn 0.9632 0.2685 -0.0119
vn 0.9993 0.0265 -0.0267
vn -0.9628 0.2701 -0.0000
vn -0.4214 0.9069 0.0019
vn -0.5937 0.8047 0.0018
vn 0.0375 0.9993 -0.0043
vn -0.0659 0.9978 0.0100
vn 0.0654 0.9979 -0.0042
vn 0.9494 0.0248 0.3131
vn 0.9988 0.0218 -0.0445
vn 0.9944 0.0481 0.0941
vn 0.9940 0.0394 -0.1020
vn 0.9187 0.0426 0.3925
vn 0.8262 0.0310 0.5625
vn -0.7878 0.0230 0.6155
vn -0.9942 0.0275 0.1042
vn -0.9998 0.0220 -0.0013
vn -0.8051 0.0353 0.5921
vn 0.0134 0.0102 -0.9999
vn 0.0052 0.0152 -0.9999
vn 0.2870 0.0120 -0.9579
vn -0.0880 0.0040 -0.9961
vn -0.5403 0.7056 0.4584
vn -0.0924 0.7397 0.6665
vn -0.5802 0.8145 -0.0000
vn -0.0355 0.5209 0.8529
vn -0.0082 0.1402 0.9901
vn 0.0871 0.4901 0.8673
vn 0.6343 0.7731 -0.0000
vn 0.9613 0.2756 0.0017
vn 0.8376 0.2765 -0.4710
vn -0.8111 0.5848 -0.0018
vn -0.9594 0.2819 -0.0031
vn -0.8353 0.2772 0.4749
vn -0.0000 0.3398 -0.9405
vn -0.0004 0.1386 -0.9903
vn -0.0873 0.4878 -0.8686
vn -0.2375 0.0149 0.9713
vn 0.0001 0.0155 0.9999
vn -0.0036 0.1293 0.9916
vn -0.1899 0.2683 0.9444
vn 0.6324 0.7746 -0.0000
vn -0.4382 0.8989 -0.0000
vn -0.2017 0.9759 -0.0832
vn 0.4569 0.7908 0.4072
vn -0.0000 0.5706 -0.8212
vn -0.0000 0.9291 0.3698
vn -0.1593 0.9605 0.2282
vn 0.2576 0.7464 -0.6137
vn -0.6410 0.7662 0.0445
vn 0.4329 0.8993 0.0618
vn 0.1690 0.9766 0.1328
vn -0.4751 0.7997 -0.3670
vn 0.0485 0.5420 0.8390
vn -0.0189 0.9222 -0.3863
vn 0.2020 0.9626 -0.1805
vn -0.2351 0.7396 0.6306
vn -0.5415 0.7199 -0.4343
vn -0.0000 0.7618 0.6478
vn 0.5537 0.8311 0.0516
vn 0.5351 0.6944 0.4811
vn -0.0254 0.7794 -0.6261
vn 0.1195 0.7250 -0.6783
vn 0.8754 0.0319 -0.4823
vn 0.8841 0.0293 -0.4664
vn 0.8401 0.2711 0.4698
vn -0.1333 0.0192 0.9909
vn -0.8408 0.2822 -0.4620
vn 0.1955 0.5392 -0.8192
vn 0.2726 0.0208 0.9619
vn -0.2721 0.0179 -0.9621
vn -0.8900 0.0310 -0.4549
vn -0.1529 0.9575 -0.2447
vn -0.1906 0.9786 0.0782
vn 0.1558 0.9580 0.2408
vn 0.1810 0.9809 -0.0706
vn -0.0787 0.7466 -0.6606
vn 0.0821 0.7106 0.6987
vn 0.5333 0.7084 -0.4624
vn -0.3982 0.0154 -0.9172
vn -0.0042 0.0133 -0.9999
vn -0.0060 0.0094 -0.9999
vn 0.0045 0.9982 0.0604
vn -0.0137 0.9982 0.0590
vn -0.0067 0.7262 0.6874
vn 0.0004 0.1388 -0.9903
vn 0.0142 0.0170 0.9998
vn 0.0008 0.0145 0.9999
vn 0.0293 0.0120 0.9995
vn -0.0516 0.9325 -0.3575
vn -0.0528 0.7502 -0.6591
vn -0.0073 1.0000 0.0040
vn 0.3064 0.0235 0.9516
vn 0.9993 0.0362 0.0001
vn 0.9996 0.0291 0.0057
vn -0.9632 0.2685 0.0119
vn -0.9993 0.0265 0.0267
vn 0.9628 0.2701 -0.0000
vn 0.4214 0.9069 -0.0019
vn 0.5937 0.8047 -0.0018
vn -0.0375 0.9993 0.0043
vn 0.0659 0.9978 -0.0100
vn -0.0654 0.9979 0.0042
vn -0.9494 0.0248 -0.3131
vn -0.9988 0.0218 0.0445
vn -0.8376 0.2765 0.4710
vn 0.8352 0.2772 -0.4749
vn -0.2576 0.7464 0.6137
vn 0.2351 0.7396 -0.6307
vn -0.8754 0.0319 0.4823
vn -0.1558 0.9580 -0.2408
vn -0.0821 0.7106 -0.6987
vn -0.0743 0.0909 0.9931
vn 0.0906 0.0748 0.9931
vn -0.3819 0.0789 0.9208
vn -0.5282 0.0595 0.8471
vn -0.5838 0.0449 -0.8107
vn -0.0906 0.0508 -0.9946
vn -0.0032 0.0407 -0.9992
vn -0.5780 0.0684 -0.8132
vn 0.9997 0.0216 0.0148
vn 0.9995 0.0322 0.0058
vn 0.9491 0.0354 0.3129
vn 0.9981 0.0227 -0.0573
vn -0.4116 0.7870 -0.4595
vn -0.5962 0.7984 -0.0845
vn -0.0000 0.8778 -0.4789
vn -0.7359 0.6543 0.1743
vn -0.6831 0.7298 -0.0264
vn -0.9632 0.2687 -0.0082
vn -0.7993 0.6004 0.0254
vn 0.2545 0.8257 0.5034
vn -0.0000 0.8946 0.4468
vn -0.0022 0.4272 0.9042
vn 0.4270 0.4151 0.8033
vn -0.2545 0.8257 -0.5034
vn 0.0010 0.7540 -0.6569
vn 0.0036 0.4383 -0.8988
vn -0.4352 0.4154 -0.7987
vn 0.7358 0.6544 -0.1743
vn 0.8134 0.5817 -0.0000
vn 0.9628 0.2700 -0.0008
vn 0.7995 0.6001 -0.0268
vn -0.9646 0.0333 -0.2617
vn -0.9995 0.0318 0.0004
vn -0.9661 0.2580 -0.0040
vn -0.8862 0.4190 -0.1979
vn -0.0000 0.8957 0.4446
vn -0.0000 0.9178 -0.3970
vn 0.1004 0.9730 -0.2078
vn -0.2937 0.9078 0.2993
vn 0.6350 0.7725 -0.0000
vn -0.4317 0.9020 -0.0000
vn -0.2657 0.9539 -0.1392
vn 0.4460 0.8727 0.1985
vn -0.0276 0.8933 -0.4487
vn -0.0308 0.9265 0.3751
vn -0.1192 0.9756 0.1842
vn 0.2691 0.9100 -0.3155
vn -0.6533 0.7554 0.0518
vn 0.4371 0.8994 -0.0086
vn 0.2266 0.9610 0.1585
vn -0.4663 0.8660 -0.1803
vn -0.0000 0.8779 -0.4789
vn 0.3666 0.8082 -0.4609
vn -0.5818 0.8133 -0.0000
vn -0.0260 0.8921 0.4511
vn -0.3926 0.8060 0.4430
vn 0.5693 0.8220 -0.0146
vn 0.5967 0.7965 0.0977
vn 0.4586 0.0608 0.8866
vn 0.4403 0.0557 0.8961
vn -0.4253 0.4063 0.8087
vn -0.9875 0.0408 -0.1521
vn 0.4207 0.4183 -0.8050
vn 0.7344 0.6670 0.1257
vn -0.9535 0.0428 0.2984
vn 0.9538 0.0397 -0.2977
vn 0.4347 0.0590 -0.8987
vn 0.2924 0.9471 -0.1321
vn -0.0989 0.9759 -0.1948
vn -0.2857 0.9488 0.1349
vn 0.0892 0.9794 0.1809
vn 0.5890 0.8053 -0.0668
vn -0.6103 0.7894 0.0668
vn 0.4094 0.7977 0.4428
vn 0.9035 0.0318 -0.4275
vn 0.9996 0.0279 -0.0047
vn 0.9998 0.0193 -0.0062
vn -0.0290 0.9996 0.0022
vn -0.0282 0.9996 -0.0073
vn -0.6022 0.7984 -0.0034
vn 0.9627 0.2707 0.0009
vn -0.9992 0.0364 0.0175
vn -0.9995 0.0307 0.0015
vn -0.9991 0.0250 0.0340
vn 0.4219 0.9062 -0.0267
vn 0.5826 0.8121 -0.0320
vn -0.0022 1.0000 -0.0039
vn -0.9405 0.0483 0.3364
vn -0.0023 0.0613 0.9981
vn -0.0051 0.0541 0.9985
vn -0.0105 0.4210 -0.9070
vn -0.0254 0.0473 -0.9986
vn -0.0000 0.4164 0.9092
vn 0.0009 0.9280 0.3727
vn 0.0010 0.8815 0.4723
vn -0.0021 0.9998 -0.0201
vn 0.0046 0.9994 0.0357
vn -0.0020 0.9994 -0.0355
vn 0.2899 0.0468 -0.9559
vn -0.0381 0.0417 -0.9984
vn -0.0848 0.0906 0.9923
vn 0.1011 0.0745 0.9921
vn -0.3959 0.0784 0.9149
vn -0.5592 0.0577 0.8270
vn -0.6121 0.0433 -0.7896
vn -0.1014 0.0508 -0.9935
vn -0.0026 0.0408 -0.9992
vn -0.5903 0.0658 -0.8045
vn 0.9997 0.0193 0.0132
vn 0.9996 0.0288 0.0052
vn 0.9574 0.0313 0.2872
vn 0.9963 0.0193 -0.0835
vn -0.4314 0.7796 -0.4540
vn -0.6085 0.7898 -0.0768
vn -0.7571 0.6309 0.1693
vn -0.7129 0.7008 -0.0256
vn -0.9696 0.2446 -0.0075
vn -0.8177 0.5756 0.0045
vn 0.2794 0.8182 0.5024
vn -0.0024 0.4270 0.9042
vn 0.4462 0.4083 0.7964
vn -0.2795 0.8182 -0.5024
vn 0.0011 0.7538 -0.6571
vn 0.0039 0.4381 -0.8989
vn -0.4539 0.4092 -0.7916
vn 0.7572 0.6309 -0.1694
vn 0.8371 0.5471 -0.0000
vn 0.9694 0.2456 -0.0008
vn 0.8182 0.5749 -0.0059
vn -0.9706 0.0298 -0.2389
vn -0.9996 0.0285 0.0004
vn -0.9721 0.2347 -0.0036
vn -0.8983 0.4009 -0.1799
vn 0.0927 0.9750 -0.2018
vn -0.3185 0.9004 0.2964
vn 0.6669 0.7452 -0.0000
vn -0.4296 0.9030 -0.0000
vn -0.2734 0.9519 -0.1387
vn 0.4752 0.8584 0.1933
vn -0.0299 0.8930 -0.4490
vn -0.0344 0.9261 0.3756
vn -0.1148 0.9773 0.1780
vn 0.2919 0.9039 -0.3128
vn -0.6846 0.7270 0.0523
vn 0.4355 0.9002 -0.0087
vn 0.2322 0.9595 0.1592
vn -0.4947 0.8512 -0.1756
vn 0.3892 0.8005 -0.4558
vn -0.5951 0.8036 -0.0000
vn -0.0292 0.8922 0.4506
vn -0.4180 0.7961 0.4376
vn 0.5825 0.8127 -0.0145
vn 0.6104 0.7869 0.0902
vn 0.4815 0.0593 0.8744
vn 0.4631 0.0546 0.8846
vn -0.4444 0.3996 0.8018
vn -0.9897 0.0366 -0.1386
vn 0.4391 0.4123 -0.7982
vn 0.7569 0.6454 0.1029
vn -0.9610 0.0389 0.2737
vn 0.9614 0.0359 -0.2730
vn 0.4549 0.0577 -0.8887
vn 0.2995 0.9451 -0.1309
vn -0.0904 0.9776 -0.1899
vn -0.2930 0.9467 0.1337
vn 0.0807 0.9810 0.1764
vn 0.6019 0.7963 -0.0607
vn -0.6252 0.7781 0.0611
vn 0.4300 0.7897 0.4376
vn 0.9150 0.0293 -0.4023
vn 0.9997 0.0249 -0.0042
vn 0.9998 0.0173 -0.0056
vn -0.0323 0.9995 0.0024
vn -0.0316 0.9995 -0.0073
vn -0.6178 0.7864 -0.0035
vn 0.9692 0.2462 0.0008
vn -0.9993 0.0326 0.0156
vn -0.9996 0.0274 0.0014
vn -0.9993 0.0223 0.0304
vn 0.4200 0.9071 -0.0268
vn 0.5966 0.8019 -0.0314
vn -0.9499 0.0438 0.3095
vn -0.0023 0.0620 0.9981
vn -0.0057 0.0541 0.9985
vn -0.0114 0.4205 -0.9072
vn -0.0281 0.0476 -0.9985
vn 0.0010 0.9280 0.3727
vn 0.0011 0.8815 0.4723
vn -0.0023 0.9998 -0.0203
vn 0.0053 0.9994 0.0355
vn -0.0023 0.9994 -0.0353
vn 0.3106 0.0464 -0.9494
vn -0.0429 0.0416 -0.9982
vn -0.0919 0.0945 0.9913
vn 0.1090 0.0776 0.9910
vn -0.4048 0.0815 0.9108
vn -0.5800 0.0590 0.8125
vn -0.6310 0.0442 -0.7746
vn -0.1094 0.0531 -0.9926
vn -0.0026 0.0426 -0.9991
vn -0.5979 0.0670 -0.7988
vn 0.9998 0.0187 0.0122
vn 0.9996 0.0278 0.0048
vn 0.9624 0.0303 0.2699
vn 0.9947 0.0185 -0.1008
vn -0.4416 0.7805 -0.4425
vn -0.6111 0.7884 -0.0704
vn -0.0000 0.8826 -0.4701
vn -0.7630 0.6258 0.1620
vn -0.7218 0.6917 -0.0243
vn -0.9714 0.2374 -0.0070
vn -0.8255 0.5641 -0.0155
vn 0.2903 0.8219 0.4901
vn -0.0000 0.9011 0.4336
vn -0.0025 0.4378 0.8991
vn 0.4567 0.4130 0.7880
vn -0.2903 0.8219 -0.4901
vn 0.0011 0.7636 -0.6457
vn 0.0042 0.4493 -0.8933
vn -0.4645 0.4141 -0.7828
vn 0.7629 0.6258 -0.1620
vn 0.8438 0.5367 -0.0000
vn 0.9711 0.2386 -0.0007
vn 0.8260 0.5635 0.0139
vn -0.9742 0.0288 -0.2240
vn -0.9996 0.0275 0.0003
vn -0.9736 0.2282 -0.0034
vn -0.9023 0.3978 -0.1661
vn -0.0000 0.9022 0.4314
vn -0.0000 0.9203 -0.3912
vn 0.0859 0.9769 -0.1958
vn -0.3293 0.9009 0.2826
vn 0.6762 0.7368 -0.0000
vn -0.4284 0.9036 -0.0000
vn -0.2778 0.9510 -0.1361
vn 0.4843 0.8550 0.1857
vn -0.0307 0.8995 -0.4358
vn -0.0356 0.9286 0.3694
vn -0.1091 0.9790 0.1722
vn 0.3018 0.9052 -0.2992
vn -0.6936 0.7185 0.0528
vn 0.4341 0.9008 -0.0083
vn 0.2361 0.9591 0.1562
vn -0.5035 0.8474 -0.1686
vn 0.3999 0.8014 -0.4447
vn -0.5988 0.8009 -0.0000
vn -0.0304 0.8969 0.4413
vn -0.4297 0.7964 0.4255
vn 0.5867 0.8097 -0.0139
vn 0.6135 0.7853 0.0832
vn 0.4966 0.0609 0.8659
vn 0.4780 0.0563 0.8766
vn -0.4549 0.4039 0.7937
vn -0.9908 0.0355 -0.1303
vn 0.4492 0.4174 -0.7899
vn 0.7663 0.6374 0.0808
vn -0.9657 0.0380 0.2571
vn 0.9659 0.0350 -0.2564
vn 0.4680 0.0593 -0.8817
vn 0.3042 0.9440 -0.1279
vn -0.0833 0.9793 -0.1847
vn -0.2976 0.9457 0.1307
vn 0.0735 0.9825 0.1712
vn 0.6048 0.7944 -0.0554
vn -0.6290 0.7754 0.0559
vn 0.4403 0.7904 0.4259
vn 0.9226 0.0289 -0.3848
vn 0.9997 0.0241 -0.0039
vn 0.9998 0.0167 -0.0051
vn -0.0334 0.9994 0.0025
vn -0.0327 0.9994 -0.0071
vn -0.6223 0.7828 -0.0034
vn 0.9710 0.2393 0.0007
vn -0.9994 0.0316 0.0146
vn -0.9996 0.0265 0.0013
vn -0.9994 0.0216 0.0282
vn 0.4191 0.9076 -0.0256
vn 0.6003 0.7992 -0.0300
vn -0.0021 1.0000 -0.0037
vn -0.9556 0.0427 0.2915
vn -0.0024 0.0651 0.9979
vn -0.0062 0.0566 0.9984
vn -0.0121 0.4310 -0.9023
vn -0.0302 0.0498 -0.9983
vn -0.0000 0.4268 0.9043
vn -0.0000 0.9203 -0.3913
vn 0.0011 0.9304 0.3665
vn 0.0011 0.8867 0.4623
vn -0.0024 0.9998 -0.0195
vn 0.0056 0.9994 0.0338
vn -0.0023 0.9994 -0.0337
vn 0.3244 0.0482 -0.9447
vn -0.0464 0.0434 -0.9980
vn -0.5800 0.0590 0.8124
vn 0.9947 0.0185 -0.1007
vn -0.9714 0.2375 -0.0070
vn -0.8255 0.5642 -0.0154
vn 0.7630 0.6258 -0.1620
vn -0.9736 0.2283 -0.0034
vn -0.9023 0.3979 -0.1662
vn -0.3293 0.9010 0.2826
vn 0.6762 0.7367 -0.0000
vn 0.4844 0.8549 0.1857
vn -0.6935 0.7185 0.0528
vn 0.4965 0.0609 0.8659
vn -0.4548 0.4039 0.7937
vn -0.9657 0.0380 0.2570
vn 0.0734 0.9825 0.1712
vn 0.9710 0.2392 0.0007
vn -0.9994 0.0315 0.0145
vn -0.0940 0.0481 0.9944
vn 0.1020 0.0394 0.9940
vn -0.3925 0.0426 0.9188
vn -0.5626 0.0310 0.8262
vn -0.6155 0.0230 -0.7878
vn -0.1042 0.0275 -0.9942
vn 0.0013 0.0220 -0.9998
vn -0.5921 0.0353 -0.8051
vn 0.9999 0.0102 0.0134
vn 0.9999 0.0152 0.0052
vn 0.9579 0.0120 0.2870
vn 0.9961 0.0040 -0.0880
vn -0.4584 0.7056 -0.5403
vn -0.6665 0.7397 -0.0924
vn -0.0000 0.8145 -0.5802
vn -0.8567 0.4607 0.2318
vn -0.8529 0.5209 -0.0355
vn -0.9901 0.1402 -0.0082
vn -0.8673 0.4901 0.0871
vn 0.3676 0.6630 0.6522
vn -0.0000 0.7731 0.6343
vn -0.0017 0.2756 0.9613
vn 0.4711 0.2765 0.8376
vn -0.3676 0.6630 -0.6522
vn 0.0018 0.5848 -0.8111
vn 0.0031 0.2819 -0.9594
vn -0.4748 0.2772 -0.8353
vn 0.8567 0.4608 -0.2318
vn 0.9405 0.3399 -0.0000
vn 0.9903 0.1387 -0.0004
vn 0.8685 0.4879 -0.0873
vn -0.9713 0.0149 -0.2375
vn -0.9999 0.0155 0.0001
vn -0.9916 0.1293 -0.0036
vn -0.9444 0.2683 -0.1899
vn -0.0000 0.7746 0.6324
vn -0.0000 0.8989 -0.4382
vn 0.0832 0.9759 -0.2017
vn -0.4072 0.7908 0.4569
vn 0.8212 0.5706 -0.0000
vn -0.3698 0.9291 -0.0000
vn -0.2282 0.9605 -0.1593
vn 0.6137 0.7464 0.2576
vn -0.0445 0.7662 -0.6410
vn -0.0618 0.8993 0.4329
vn -0.1328 0.9766 0.1690
vn 0.3670 0.7998 -0.4751
vn -0.8390 0.5420 0.0485
vn 0.3863 0.9222 -0.0189
vn 0.1805 0.9626 0.2020
vn -0.6306 0.7396 -0.2351
vn 0.4343 0.7199 -0.5414
vn -0.6478 0.7618 -0.0000
vn -0.0516 0.8311 0.5537
vn -0.4811 0.6944 0.5351
vn 0.6261 0.7794 -0.0254
vn 0.6783 0.7250 0.1195
vn 0.4823 0.0319 0.8754
vn 0.4664 0.0293 0.8841
vn -0.4698 0.2711 0.8401
vn -0.9909 0.0192 -0.1333
vn 0.4620 0.2822 -0.8408
vn 0.8192 0.5392 0.1955
vn -0.9619 0.0208 0.2726
vn 0.9621 0.0179 -0.2721
vn 0.4549 0.0310 -0.8900
vn 0.2447 0.9575 -0.1529
vn -0.0782 0.9786 -0.1905
vn -0.2407 0.9580 0.1558
vn 0.0706 0.9810 0.1810
vn 0.6606 0.7466 -0.0787
vn -0.6987 0.7106 0.0821
vn 0.4624 0.7084 0.5333
vn 0.9172 0.0154 -0.3982
vn 0.9999 0.0133 -0.0042
vn 0.9999 0.0094 -0.0060
vn -0.0604 0.9982 0.0045
vn -0.0590 0.9982 -0.0137
vn -0.6874 0.7262 -0.0067
vn 0.9903 0.1388 0.0004
vn -0.9998 0.0170 0.0142
vn -0.9999 0.0145 0.0008
vn -0.9995 0.0120 0.0293
vn 0.3575 0.9325 -0.0516
vn 0.6591 0.7502 -0.0528
vn -0.0040 1.0000 -0.0073
vn -0.9516 0.0235 0.3064
vn -0.0001 0.0362 0.9993
vn -0.0057 0.0291 0.9996
vn -0.0119 0.2685 -0.9632
vn -0.0267 0.0265 -0.9993
vn -0.0000 0.2701 0.9628
vn 0.0019 0.9069 0.4214
vn 0.0018 0.8047 0.5937
vn -0.0043 0.9993 -0.0375
vn 0.0100 0.9978 0.0659
vn -0.0042 0.9979 -0.0654
vn 0.3131 0.0248 -0.9494
vn -0.0445 0.0218 -0.9988
vn 0.9578 0.0120 0.2870
vn 0.4711 0.2766 0.8376
vn -0.0000 0.8989 -0.4381
vt 0.922990 0.978771
vt 0.925016 0.775168
vt 0.962695 0.774739
vt 0.969609 0.978244
vt 0.959825 0.221249
vt 0.926680 0.220438
vt 0.935912 0.017318
vt 0.970670 0.017655
vt 0.050561 0.024580
vt 0.071140 0.227750
vt 0.036656 0.229667
vt 0.018773 0.026360
vt 0.221362 0.541109
vt 0.218513 0.538073
vt 0.241571 0.538797
vt 0.241220 0.542453
vt 0.960680 0.559617
vt 0.963012 0.527347
vt 0.970447 0.527713
vt 0.968383 0.567285
vt 0.205371 0.563336
vt 0.236420 0.564226
vt 0.236286 0.571658
vt 0.199744 0.570578
vt 0.952959 0.431305
vt 0.917802 0.430453
vt 0.917857 0.423044
vt 0.958507 0.424139
vt 0.197564 0.435336
vt 0.195350 0.467641
vt 0.187665 0.467212
vt 0.189850 0.427443
vt 0.022073 0.692652
vt 0.051239 0.692685
vt 0.087299 0.893195
vt 0.020325 0.897148
vt 0.917341 0.565255
vt 0.917241 0.555337
vt 0.942146 0.553955
vt 0.952466 0.564544
vt 0.195100 0.525927
vt 0.205548 0.525368
vt 0.207837 0.546558
vt 0.197187 0.558264
vt 0.238623 0.429188
vt 0.238627 0.439307
vt 0.216072 0.440750
vt 0.205772 0.430336
vt 0.964395 0.496221
vt 0.953217 0.496689
vt 0.950717 0.447912
vt 0.961168 0.436415
vt 0.913209 0.543291
vt 0.936763 0.542090
vt 0.218217 0.521196
vt 0.243038 0.451607
vt 0.221730 0.452715
vt 0.940069 0.498752
vt 0.940158 0.456709
vt 0.176815 0.976571
vt 0.181691 0.772720
vt 0.191678 0.773480
vt 0.187240 0.977029
vt 0.958008 0.571831
vt 0.991311 0.018897
vt 0.976097 0.222261
vt 0.200260 0.423191
vt 0.189346 0.565924
vt 0.972694 0.773997
vt 0.968790 0.428872
vt 0.182776 0.221427
vt 0.192699 0.220395
vt 0.950212 0.547809
vt 0.215818 0.552850
vt 0.208142 0.447019
vt 0.942619 0.441697
vt 0.939728 0.539091
vt 0.218767 0.455879
vt 0.937214 0.453721
vt 0.178717 0.017504
vt 0.148220 0.223651
vt 0.147052 0.019486
vt 0.243158 0.455276
vt 0.242902 0.472906
vt 0.218387 0.472879
vt 0.972744 0.495846
vt 0.187408 0.526348
vt 0.138172 0.489161
vt 0.128220 0.692757
vt 0.041814 0.489176
vt 0.205790 0.468159
vt 0.952829 0.526795
vt 0.940358 0.522020
vt 0.241856 0.521207
vt 0.169902 0.489293
vt 0.162621 0.692747
vt 0.217442 0.977424
vt 0.227094 0.774189
vt 0.238681 0.421489
vt 0.252985 0.219954
vt 0.913078 0.539646
vt 0.917350 0.572720
vt 0.236760 0.554380
vt 0.917669 0.440301
vt 0.913586 0.452515
vt 0.913194 0.498880
vt 0.913355 0.456087
vt 0.913176 0.522137
vt 0.090973 0.430533
vt 0.051478 0.434800
vt 0.021133 0.489031
vt 0.980031 0.977810
vt 0.193794 0.016883
vt 0.150173 0.427312
vt 0.119165 0.895492
vt 0.158738 0.897556
vt 0.266783 0.016711
s 1
f 1/1/1 2/2/2 3/3/3
f 3/3/3 4/4/4 1/1/1
f 5/5/5 6/6/6 7/7/7
f 7/7/7 8/8/8 5/5/5
f 9/9/9 10/10/10 11/11/11
f 11/11/11 12/12/12 9/9/9
f 13/13/13 14/14/14 15/15/15
f 15/15/15 16/16/16 13/13/13
f 17/17/17 18/18/18 19/19/19
f 19/19/19 20/20/20 17/17/17
f 21/21/21 22/22/22 23/23/23
f 23/23/23 24/24/24 21/21/21
f 25/25/25 26/26/26 27/27/27
f 27/27/27 28/28/28 25/25/25
f 29/29/29 30/30/30 31/31/31
f 31/31/31 32/32/32 29/29/29
f 33/33/33 34/34/34 35/35/35
f 35/35/35 36/36/36 33/33/33
f 37/37/37 38/38/38 39/39/39
f 39/39/39 40/40/40 37/37/37
f 41/41/41 42/42/42 43/43/43
f 43/43/43 44/44/44 41/41/41
f 45/45/45 46/46/46 47/47/47
f 47/47/47 48/48/48 45/45/45
f 49/49/49 50/50/50 51/51/51
f 51/51/51 52/52/52 49/49/49
f 39/39/39 38/38/38 53/53/16
f 53/53/16 54/54/53 39/39/39
f 42/42/42 55/55/54 14/14/14
f 14/14/14 43/43/43 42/42/42
f 47/47/47 46/46/46 56/56/55
f 56/56/55 57/57/56 47/47/47
f 50/50/50 58/58/57 59/59/58
f 59/59/58 51/51/51 50/50/50
f 12/60/12 11/61/11 60/62/59
f 60/62/59 61/63/60 12/60/12
f 40/40/40 17/17/17 20/20/20
f 20/20/20 62/64/61 40/40/40
f 63/65/62 33/66/33 5/5/5
f 5/5/5 8/8/8 63/65/62
f 48/48/48 29/29/29 32/32/32
f 32/32/32 64/67/63 48/48/48
f 24/24/24 65/68/64 44/44/44
f 44/44/44 21/21/21 24/24/24
f 20/20/20 66/69/65 3/3/3
f 3/3/3 62/64/61 20/20/20
f 28/28/28 36/70/36 52/52/52
f 52/52/52 25/25/25 28/28/28
f 32/32/32 67/71/66 68/72/67
f 68/72/67 64/67/63 32/32/32
f 17/17/17 40/40/40 39/39/39
f 39/39/39 69/73/68 17/17/17
f 21/21/21 44/44/44 43/43/43
f 43/43/43 70/74/69 21/21/21
f 29/29/29 48/48/48 47/47/47
f 47/47/47 71/75/70 29/29/29
f 25/25/25 52/52/52 51/51/51
f 51/51/51 72/76/71 25/25/25
f 69/73/68 39/39/39 54/54/53
f 54/54/53 73/77/72 69/73/68
f 70/74/69 43/43/43 14/14/14
f 14/14/14 13/13/13 70/74/69
f 71/75/70 47/47/47 57/57/56
f 57/57/56 74/78/73 71/75/70
f 72/76/71 51/51/51 59/59/58
f 59/59/58 75/79/74 72/76/71
f 76/80/75 67/71/66 77/81/76
f 77/81/76 78/82/77 76/80/75
f 74/78/73 79/83/78 80/84/79
f 80/84/79 81/85/80 74/78/73
f 52/52/52 36/70/36 35/86/35
f 35/86/35 49/49/49 52/52/52
f 41/41/41 82/87/81 31/31/31
f 31/31/31 30/30/30 41/41/41
f 83/88/82 84/89/83 34/34/34
f 34/34/34 85/90/84 83/88/82
f 30/30/30 29/29/29 71/75/70
f 71/75/70 86/91/42 30/30/30
f 18/18/18 87/92/85 50/50/50
f 50/50/50 49/49/49 18/18/18
f 71/75/70 74/78/73 81/85/80
f 81/85/80 86/91/42 71/75/70
f 87/92/85 88/93/86 58/58/57
f 58/58/57 50/50/50 87/92/85
f 78/82/77 77/81/76 10/10/10
f 10/10/10 9/9/9 78/82/77
f 81/85/80 80/84/79 89/94/87
f 89/94/87 55/55/54 81/85/80
f 49/49/49 35/86/35 19/19/19
f 19/19/19 18/18/18 49/49/49
f 30/30/30 86/91/42 42/42/42
f 42/42/42 41/41/41 30/30/30
f 86/91/42 81/85/80 55/55/54
f 55/55/54 42/42/42 86/91/42
f 44/44/44 65/68/64 82/87/81
f 82/87/81 41/41/41 44/44/44
f 90/95/88 66/96/65 84/89/83
f 84/89/83 83/88/82 90/95/88
f 18/18/18 17/17/17 69/73/68
f 69/73/68 87/92/85 18/18/18
f 69/73/68 73/77/72 88/93/86
f 88/93/86 87/92/85 69/73/68
f 91/97/89 92/98/90 2/2/2
f 2/2/2 1/1/1 91/97/89
f 27/27/27 93/99/91 94/100/92
f 94/100/92 6/6/6 27/27/27
f 54/54/53 53/53/16 95/101/15
f 95/101/15 73/77/72 54/54/53
f 40/40/40 62/64/61 96/102/93
f 96/102/93 37/37/37 40/40/40
f 45/45/45 93/99/91 27/27/27
f 27/27/27 26/26/26 45/45/45
f 22/22/22 97/103/38 38/38/38
f 38/38/38 37/37/37 22/22/22
f 26/26/26 25/25/25 72/76/71
f 72/76/71 98/104/94 26/26/26
f 97/103/38 16/16/16 53/53/16
f 53/53/16 38/38/38 97/103/38
f 72/76/71 75/79/74 99/105/95
f 99/105/95 98/104/94 72/76/71
f 58/58/57 100/106/96 101/107/97
f 101/107/97 59/59/58 58/58/57
f 58/58/57 88/93/86 102/108/98
f 102/108/98 100/106/96 58/58/57
f 53/53/16 16/16/16 15/15/15
f 15/15/15 95/101/15 53/53/16
f 37/37/37 96/102/93 23/23/23
f 23/23/23 22/22/22 37/37/37
f 26/26/26 98/104/94 46/46/46
f 46/46/46 45/45/45 26/26/26
f 98/104/94 99/105/95 56/56/55
f 56/56/55 46/46/46 98/104/94
f 100/106/96 80/84/79 79/83/78
f 79/83/78 101/107/97 100/106/96
f 80/84/79 100/106/96 102/108/98
f 102/108/98 89/94/87 80/84/79
f 91/97/89 61/63/60 60/62/59
f 60/62/59 92/98/90 91/97/89
f 93/99/91 64/67/63 68/72/67
f 68/72/67 94/100/92 93/99/91
f 48/48/48 64/67/63 93/99/91
f 93/99/91 45/45/45 48/48/48
f 22/22/22 21/21/21 70/74/69
f 70/74/69 97/103/38 22/22/22
f 70/74/69 13/13/13 16/16/16
f 16/16/16 97/103/38 70/74/69
f 2/2/2 96/102/93 62/64/61
f 62/64/61 3/3/3 2/2/2
f 28/28/28 27/27/27 6/6/6
f 6/6/6 5/5/5 28/28/28
f 82/109/81 65/110/64 11/11/11
f 11/11/11 10/10/10 82/109/81
f 63/111/62 85/90/84 34/34/34
f 34/34/34 33/33/33 63/111/62
f 65/68/64 24/24/24 60/62/59
f 60/62/59 11/61/11 65/68/64
f 36/70/36 28/28/28 5/5/5
f 5/5/5 33/66/33 36/70/36
f 90/112/88 4/4/4 3/3/3
f 3/3/3 66/69/65 90/112/88
f 76/80/75 103/113/99 68/72/67
f 68/72/67 67/71/66 76/80/75
f 32/32/32 31/114/31 77/81/76
f 77/81/76 67/71/66 32/32/32
f 19/115/19 35/35/35 34/34/34
f 34/34/34 84/89/83 19/115/19
f 31/114/31 82/109/81 10/10/10
f 10/10/10 77/81/76 31/114/31
f 20/116/20 19/115/19 84/89/83
f 84/89/83 66/96/65 20/116/20
f 23/23/23 96/102/93 2/2/2
f 2/2/2 92/98/90 23/23/23
f 104/117/100 7/7/7 6/6/6
f 6/6/6 94/100/92 104/117/100
f 24/24/24 23/23/23 92/98/90
f 92/98/90 60/62/59 24/24/24
f 103/113/99 104/117/100 94/100/92
f 94/100/92 68/72/67 103/113/99
f 55/55/54 89/94/87 15/15/15
f 15/15/15 14/14/14 55/55/54
f 89/94/87 102/108/98 95/101/15
f 95/101/15 15/15/15 89/94/87
f 102/108/98 88/93/86 73/77/72
f 73/77/72 95/101/15 102/108/98
f 57/57/56 56/56/55 79/83/78
f 79/83/78 74/78/73 57/57/56
f 56/56/55 99/105/95 101/107/97
f 101/107/97 79/83/78 56/56/55
f 101/107/97 99/105/95 75/79/74
f 75/79/74 59/59/58 101/107/97
f 105/1/101 106/2/102 107/3/103
f 107/3/103 108/4/104 105/1/101
f 109/5/105 110/6/106 111/7/107
f 111/7/107 112/8/108 109/5/105
f 113/9/109 114/10/110 115/11/111
f 115/11/111 116/12/112 113/9/109
f 117/13/113 118/14/114 119/15/15
f 119/15/15 120/16/115 117/13/113
f 121/17/29 122/18/116 123/19/117
f 123/19/117 124/20/118 121/17/29
f 125/21/25 126/22/119 127/23/120
f 127/23/120 128/24/121 125/21/25
f 129/25/21 130/26/122 131/27/123
f 131/27/123 132/28/124 129/25/21
f 133/29/17 134/30/125 135/31/126
f 135/31/126 136/32/127 133/29/17
f 137/33/128 138/34/129 139/35/130
f 139/35/130 140/36/131 137/33/128
f 141/37/132 142/38/133 143/39/134
f 143/39/134 144/40/135 141/37/132
f 145/41/136 146/42/137 147/43/138
f 147/43/138 148/44/139 145/41/136
f 149/45/140 150/46/141 151/47/142
f 151/47/142 152/48/143 149/45/140
f 153/49/144 154/50/145 155/51/146
f 155/51/146 156/52/147 153/49/144
f 143/39/134 142/38/133 157/53/115
f 157/53/115 158/54/148 143/39/134
f 146/42/137 159/55/149 118/14/114
f 118/14/114 147/43/138 146/42/137
f 151/47/142 150/46/141 160/56/150
f 160/56/150 161/57/151 151/47/142
f 154/50/145 162/58/152 163/59/153
f 163/59/153 155/51/146 154/50/145
f 116/60/112 115/61/111 164/62/154
f 164/62/154 165/63/155 116/60/112
f 144/40/135 121/17/29 124/20/118
f 124/20/118 166/64/156 144/40/135
f 167/65/157 137/66/128 109/5/105
f 109/5/105 112/8/108 167/65/157
f 152/48/143 133/29/17 136/32/127
f 136/32/127 168/67/158 152/48/143
f 128/24/121 169/68/159 148/44/139
f 148/44/139 125/21/25 128/24/121
f 124/20/118 170/69/160 107/3/103
f 107/3/103 166/64/156 124/20/118
f 132/28/124 140/70/131 156/52/147
f 156/52/147 129/25/21 132/28/124
f 136/32/127 171/71/161 172/72/162
f 172/72/162 168/67/158 136/32/127
f 121/17/29 144/40/135 143/39/134
f 143/39/134 173/73/163 121/17/29
f 125/21/25 148/44/139 147/43/138
f 147/43/138 174/74/164 125/21/25
f 133/29/17 152/48/143 151/47/142
f 151/47/142 175/75/165 133/29/17
f 129/25/21 156/52/147 155/51/146
f 155/51/146 176/76/166 129/25/21
f 173/73/163 143/39/134 158/54/148
f 158/54/148 177/77/167 173/73/163
f 174/74/164 147/43/138 118/14/114
f 118/14/114 117/13/113 174/74/164
f 175/75/165 151/47/142 161/57/151
f 161/57/151 178/78/168 175/75/165
f 176/76/166 155/51/146 163/59/153
f 163/59/153 179/79/169 176/76/166
f 180/80/170 171/71/161 181/81/171
f 181/81/171 182/82/172 180/80/170
f 178/78/168 183/83/173 184/84/174
f 184/84/174 185/85/175 178/78/168
f 156/52/147 140/70/131 139/86/130
f 139/86/130 153/49/144 156/52/147
f 145/41/136 186/87/176 135/31/126
f 135/31/126 134/30/125 145/41/136
f 187/88/177 188/89/178 138/34/129
f 138/34/129 189/90/179 187/88/177
f 134/30/125 133/29/17 175/75/165
f 175/75/165 190/91/137 134/30/125
f 122/18/116 191/92/180 154/50/145
f 154/50/145 153/49/144 122/18/116
f 175/75/165 178/78/168 185/85/175
f 185/85/175 190/91/137 175/75/165
f 191/92/180 192/93/181 162/58/152
f 162/58/152 154/50/145 191/92/180
f 182/82/172 181/81/171 114/10/110
f 114/10/110 113/9/109 182/82/172
f 185/85/175 184/84/174 193/94/182
f 193/94/182 159/55/149 185/85/175
f 153/49/144 139/86/130 123/19/117
f 123/19/117 122/18/116 153/49/144
f 134/30/125 190/91/137 146/42/137
f 146/42/137 145/41/136 134/30/125
f 190/91/137 185/85/175 159/55/149
f 159/55/149 146/42/137 190/91/137
f 148/44/139 169/68/159 186/87/176
f 186/87/176 145/41/136 148/44/139
f 194/95/183 170/96/160 188/89/178
f 188/89/178 187/88/177 194/95/183
f 122/18/116 121/17/29 173/73/163
f 173/73/163 191/92/180 122/18/116
f 173/73/163 177/77/167 192/93/181
f 192/93/181 191/92/180 173/73/163
f 195/97/184 196/98/185 106/2/102
f 106/2/102 105/1/101 195/97/184
f 131/27/123 197/99/186 198/100/187
f 198/100/187 110/6/106 131/27/123
f 158/54/148 157/53/115 199/101/15
f 199/101/15 177/77/167 158/54/148
f 144/40/135 166/64/156 200/102/188
f 200/102/188 141/37/132 144/40/135
f 149/45/140 197/99/186 131/27/123
f 131/27/123 130/26/122 149/45/140
f 126/22/119 201/103/133 142/38/133
f 142/38/133 141/37/132 126/22/119
f 130/26/122 129/25/21 176/76/166
f 176/76/166 202/104/189 130/26/122
f 201/103/133 120/16/115 157/53/115
f 157/53/115 142/38/133 201/103/133
f 176/76/166 179/79/169 203/105/190
f 203/105/190 202/104/189 176/76/166
f 162/58/152 204/106/191 205/107/192
f 205/107/192 163/59/153 162/58/152
f 162/58/152 192/93/181 206/108/193
f 206/108/193 204/106/191 162/58/152
f 157/53/115 120/16/115 119/15/15
f 119/15/15 199/101/15 157/53/115
f 141/37/132 200/102/188 127/23/120
f 127/23/120 126/22/119 141/37/132
f 130/26/122 202/104/189 150/46/141
f 150/46/141 149/45/140 130/26/122
f 202/104/189 203/105/190 160/56/150
f 160/56/150 150/46/141 202/104/189
f 204/106/191 184/84/174 183/83/173
f 183/83/173 205/107/192 204/106/191
f 184/84/174 204/106/191 206/108/193
f 206/108/193 193/94/182 184/84/174
f 195/97/184 165/63/155 164/62/154
f 164/62/154 196/98/185 195/97/184
f 197/99/186 168/67/158 172/72/162
f 172/72/162 198/100/187 197/99/186
f 152/48/143 168/67/158 197/99/186
f 197/99/186 149/45/140 152/48/143
f 126/22/119 125/21/25 174/74/164
f 174/74/164 201/103/133 126/22/119
f 174/74/164 117/13/113 120/16/115
f 120/16/115 201/103/133 174/74/164
f 106/2/102 200/102/188 166/64/156
f 166/64/156 107/3/103 106/2/102
f 132/28/124 131/27/123 110/6/106
f 110/6/106 109/5/105 132/28/124
f 186/109/176 169/110/159 115/11/111
f 115/11/111 114/10/110 186/109/176
f 167/111/157 189/90/179 138/34/129
f 138/34/129 137/33/128 167/111/157
f 169/68/159 128/24/121 164/62/154
f 164/62/154 115/61/111 169/68/159
f 140/70/131 132/28/124 109/5/105
f 109/5/105 137/66/128 140/70/131
f 194/112/183 108/4/104 107/3/103
f 107/3/103 170/69/160 194/112/183
f 180/80/170 207/113/194 172/72/162
f 172/72/162 171/71/161 180/80/170
f 136/32/127 135/114/126 181/81/171
f 181/81/171 171/71/161 136/32/127
f 123/115/117 139/35/130 138/34/129
f 138/34/129 188/89/178 123/115/117
f 135/114/126 186/109/176 114/10/110
f 114/10/110 181/81/171 135/114/126
f 124/116/118 123/115/117 188/89/178
f 188/89/178 170/96/160 124/116/118
f 127/23/120 200/102/188 106/2/102
f 106/2/102 196/98/185 127/23/120
f 208/117/195 111/7/107 110/6/106
f 110/6/106 198/100/187 208/117/195
f 128/24/121 127/23/120 196/98/185
f 196/98/185 164/62/154 128/24/121
f 207/113/194 208/117/195 198/100/187
f 198/100/187 172/72/162 207/113/194
f 159/55/149 193/94/182 119/15/15
f 119/15/15 118/14/114 159/55/149
f 193/94/182 206/108/193 199/101/15
f 199/101/15 119/15/15 193/94/182
f 206/108/193 192/93/181 177/77/167
f 177/77/167 199/101/15 206/108/193
f 161/57/151 160/56/150 183/83/173
f 183/83/173 178/78/168 161/57/151
f 160/56/150 203/105/190 205/107/192
f 205/107/192 183/83/173 160/56/150
f 205/107/192 203/105/190 179/79/169
f 179/79/169 163/59/153 205/107/192
f 209/1/1 210/2/2 211/3/3
f 211/3/3 212/4/4 209/1/1
f 213/5/5 214/6/6 215/7/7
f 215/7/7 216/8/8 213/5/5
f 217/9/9 218/10/10 219/11/11
f 219/11/11 220/12/12 217/9/9
f 221/13/13 222/14/14 223/15/15
f 223/15/15 224/16/16 221/13/13
f 225/17/17 226/18/18 227/19/19
f 227/19/19 228/20/20 225/17/17
f 229/21/21 230/22/22 231/23/23
f 231/23/23 232/24/196 229/21/21
f 233/25/25 234/26/26 235/27/27
f 235/27/27 236/28/197 233/25/25
f 237/29/29 238/30/30 239/31/31
f 239/31/31 240/32/32 237/29/29
f 241/33/33 242/34/34 243/35/35
f 243/35/35 244/36/36 241/33/33
f 245/37/37 246/38/38 247/39/39
f 247/39/39 248/40/40 245/37/37
f 249/41/41 250/42/42 251/43/43
f 251/43/43 252/44/198 249/41/41
f 253/45/45 254/46/46 255/47/47
f 255/47/47 256/48/48 253/45/45
f 257/49/49 258/50/50 259/51/51
f 259/51/51 260/52/199 257/49/49
f 247/39/39 246/38/38 261/53/16
f 261/53/16 262/54/53 247/39/39
f 250/42/42 263/55/54 222/14/14
f 222/14/14 251/43/43 250/42/42
f 255/47/47 254/46/46 264/56/55
f 264/56/55 265/57/56 255/47/47
f 258/50/50 266/58/57 267/59/58
f 267/59/58 259/51/51 258/50/50
f 220/60/12 219/61/11 268/62/200
f 268/62/200 269/63/60 220/60/12
f 248/40/40 225/17/17 228/20/20
f 228/20/20 270/64/61 248/40/40
f 271/65/62 241/66/33 213/5/5
f 213/5/5 216/8/8 271/65/62
f 256/48/48 237/29/29 240/32/32
f 240/32/32 272/67/63 256/48/48
f 232/24/196 273/68/64 252/44/198
f 252/44/198 229/21/21 232/24/196
f 228/20/20 274/69/65 211/3/3
f 211/3/3 270/64/61 228/20/20
f 236/28/197 244/70/36 260/52/199
f 260/52/199 233/25/25 236/28/197
f 240/32/32 275/71/66 276/72/67
f 276/72/67 272/67/63 240/32/32
f 225/17/17 248/40/40 247/39/39
f 247/39/39 277/73/68 225/17/17
f 229/21/21 252/44/198 251/43/43
f 251/43/43 278/74/69 229/21/21
f 237/29/29 256/48/48 255/47/47
f 255/47/47 279/75/201 237/29/29
f 233/25/25 260/52/199 259/51/51
f 259/51/51 280/76/71 233/25/25
f 277/73/68 247/39/39 262/54/53
f 262/54/53 281/77/72 277/73/68
f 278/74/69 251/43/43 222/14/14
f 222/14/14 221/13/13 278/74/69
f 279/75/201 255/47/47 265/57/56
f 265/57/56 282/78/202 279/75/201
f 280/76/71 259/51/51 267/59/58
f 267/59/58 283/79/74 280/76/71
f 284/80/75 275/71/66 285/81/76
f 285/81/76 286/82/77 284/80/75
f 282/78/202 287/83/78 288/84/79
f 288/84/79 289/85/80 282/78/202
f 260/52/199 244/70/36 243/86/35
f 243/86/35 257/49/49 260/52/199
f 249/41/41 290/87/81 239/31/31
f 239/31/31 238/30/30 249/41/41
f 291/88/82 292/89/83 242/34/34
f 242/34/34 293/90/84 291/88/82
f 238/30/30 237/29/29 279/75/201
f 279/75/201 294/91/42 238/30/30
f 226/18/18 295/92/85 258/50/50
f 258/50/50 257/49/49 226/18/18
f 279/75/201 282/78/202 289/85/80
f 289/85/80 294/91/42 279/75/201
f 295/92/85 296/93/86 266/58/57
f 266/58/57 258/50/50 295/92/85
f 286/82/77 285/81/76 218/10/10
f 218/10/10 217/9/9 286/82/77
f 289/85/80 288/84/79 297/94/87
f 297/94/87 263/55/54 289/85/80
f 257/49/49 243/86/35 227/19/19
f 227/19/19 226/18/18 257/49/49
f 238/30/30 294/91/42 250/42/42
f 250/42/42 249/41/41 238/30/30
f 294/91/42 289/85/80 263/55/54
f 263/55/54 250/42/42 294/91/42
f 252/44/198 273/68/64 290/87/81
f 290/87/81 249/41/41 252/44/198
f 298/95/88 274/96/65 292/89/83
f 292/89/83 291/88/82 298/95/88
f 226/18/18 225/17/17 277/73/68
f 277/73/68 295/92/85 226/18/18
f 277/73/68 281/77/72 296/93/86
f 296/93/86 295/92/85 277/73/68
f 299/97/89 300/98/90 210/2/2
f 210/2/2 209/1/1 299/97/89
f 235/27/27 301/99/91 302/100/92
f 302/100/92 214/6/6 235/27/27
f 262/54/53 261/53/16 303/101/15
f 303/101/15 281/77/72 262/54/53
f 248/40/40 270/64/61 304/102/93
f 304/102/93 245/37/37 248/40/40
f 253/45/45 301/99/91 235/27/27
f 235/27/27 234/26/26 253/45/45
f 230/22/22 305/103/38 246/38/38
f 246/38/38 245/37/37 230/22/22
f 234/26/26 233/25/25 280/76/71
f 280/76/71 306/104/94 234/26/26
f 305/103/38 224/16/16 261/53/16
f 261/53/16 246/38/38 305/103/38
f 280/76/71 283/79/74 307/105/95
f 307/105/95 306/104/94 280/76/71
f 266/58/57 308/106/96 309/107/97
f 309/107/97 267/59/58 266/58/57
f 266/58/57 296/93/86 310/108/98
f 310/108/98 308/106/96 266/58/57
f 261/53/16 224/16/16 223/15/15
f 223/15/15 303/101/15 261/53/16
f 245/37/37 304/102/93 231/23/23
f 231/23/23 230/22/22 245/37/37
f 234/26/26 306/104/94 254/46/46
f 254/46/46 253/45/45 234/26/26
f 306/104/94 307/105/95 264/56/55
f 264/56/55 254/46/46 306/104/94
f 308/106/96 288/84/79 287/83/78
f 287/83/78 309/107/97 308/106/96
f 288/84/79 308/106/96 310/108/98
f 310/108/98 297/94/87 288/84/79
f 299/97/89 269/63/60 268/62/200
f 268/62/200 300/98/90 299/97/89
f 301/99/91 272/67/63 276/72/67
f 276/72/67 302/100/92 301/99/91
f 256/48/48 272/67/63 301/99/91
f 301/99/91 253/45/45 256/48/48
f 230/22/22 229/21/21 278/74/69
f 278/74/69 305/103/38 230/22/22
f 278/74/69 221/13/13 224/16/16
f 224/16/16 305/103/38 278/74/69
f 210/2/2 304/102/93 270/64/61
f 270/64/61 211/3/3 210/2/2
f 236/28/197 235/27/27 214/6/6
f 214/6/6 213/5/5 236/28/197
f 290/109/81 273/110/64 219/11/11
f 219/11/11 218/10/10 290/109/81
f 271/111/62 293/90/84 242/34/34
f 242/34/34 241/33/33 271/111/62
f 273/68/64 232/24/196 268/62/200
f 268/62/200 219/61/11 273/68/64
f 244/70/36 236/28/197 213/5/5
f 213/5/5 241/66/33 244/70/36
f 298/112/88 212/4/4 211/3/3
f 211/3/3 274/69/65 298/112/88
f 284/80/75 311/113/99 276/72/67
f 276/72/67 275/71/66 284/80/75
f 240/32/32 239/114/31 285/81/76
f 285/81/76 275/71/66 240/32/32
f 227/115/19 243/35/35 242/34/34
f 242/34/34 292/89/83 227/115/19
f 239/114/31 290/109/81 218/10/10
f 218/10/10 285/81/76 239/114/31
f 228/116/20 227/115/19 292/89/83
f 292/89/83 274/96/65 228/116/20
f 231/23/23 304/102/93 210/2/2
f 210/2/2 300/98/90 231/23/23
f 312/117/100 215/7/7 214/6/6
f 214/6/6 302/100/92 312/117/100
f 232/24/196 231/23/23 300/98/90
f 300/98/90 268/62/200 232/24/196
f 311/113/99 312/117/100 302/100/92
f 302/100/92 276/72/67 311/113/99
f 263/55/54 297/94/87 223/15/15
f 223/15/15 222/14/14 263/55/54
f 297/94/87 310/108/98 303/101/15
f 303/101/15 223/15/15 297/94/87
f 310/108/98 296/93/86 281/77/72
f 281/77/72 303/101/15 310/108/98
f 265/57/56 264/56/55 287/83/78
f 287/83/78 282/78/202 265/57/56
f 264/56/55 307/105/95 309/107/97
f 309/107/97 287/83/78 264/56/55
f 309/107/97 307/105/95 283/79/74
f 283/79/74 267/59/58 309/107/97
f 313/1/203 314/2/204 315/3/205
f 315/3/205 316/4/206 313/1/203
f 317/5/207 318/6/208 319/7/209
f 319/7/209 320/8/210 317/5/207
f 321/9/211 322/10/212 323/11/213
f 323/11/213 324/12/214 321/9/211
f 325/13/215 326/14/216 327/15/15
f 327/15/15 328/16/217 325/13/215
f 329/17/218 330/18/219 331/19/220
f 331/19/220 332/20/221 329/17/218
f 333/21/222 334/22/223 335/23/224
f 335/23/224 336/24/225 333/21/222
f 337/25/226 338/26/227 339/27/228
f 339/27/228 340/28/229 337/25/226
f 341/29/230 342/30/231 343/31/232
f 343/31/232 344/32/233 341/29/230
f 345/33/234 346/34/235 347/35/236
f 347/35/236 348/36/237 345/33/234
f 349/37/238 350/38/239 351/39/240
f 351/39/240 352/40/241 349/37/238
f 353/41/242 354/42/243 355/43/244
f 355/43/244 356/44/245 353/41/242
f 357/45/246 358/46/247 359/47/248
f 359/47/248 360/48/249 357/45/246
f 361/49/250 362/50/251 363/51/252
f 363/51/252 364/52/253 361/49/250
f 351/39/240 350/38/239 365/53/254
f 365/53/254 366/54/255 351/39/240
f 354/42/243 367/55/256 326/14/216
f 326/14/216 355/43/244 354/42/243
f 359/47/248 358/46/247 368/56/257
f 368/56/257 369/57/258 359/47/248
f 362/50/251 370/58/259 371/59/260
f 371/59/260 363/51/252 362/50/251
f 324/60/214 323/61/213 372/62/261
f 372/62/261 373/63/262 324/60/214
f 352/40/241 329/17/218 332/20/221
f 332/20/221 374/64/263 352/40/241
f 375/65/264 345/66/234 317/5/207
f 317/5/207 320/8/210 375/65/264
f 360/48/249 341/29/230 344/32/233
f 344/32/233 376/67/265 360/48/249
f 336/24/225 377/68/266 356/44/245
f 356/44/245 333/21/222 336/24/225
f 332/20/221 378/69/267 315/3/205
f 315/3/205 374/64/263 332/20/221
f 340/28/229 348/70/237 364/52/253
f 364/52/253 337/25/226 340/28/229
f 344/32/233 379/71/268 380/72/269
f 380/72/269 376/67/265 344/32/233
f 329/17/218 352/40/241 351/39/240
f 351/39/240 381/73/270 329/17/218
f 333/21/222 356/44/245 355/43/244
f 355/43/244 382/74/271 333/21/222
f 341/29/230 360/48/249 359/47/248
f 359/47/248 383/75/272 341/29/230
f 337/25/226 364/52/253 363/51/252
f 363/51/252 384/76/273 337/25/226
f 381/73/270 351/39/240 366/54/255
f 366/54/255 385/77/274 381/73/270
f 382/74/271 355/43/244 326/14/216
f 326/14/216 325/13/215 382/74/271
f 383/75/272 359/47/248 369/57/258
f 369/57/258 386/78/275 383/75/272
f 384/76/273 363/51/252 371/59/260
f 371/59/260 387/79/276 384/76/273
f 388/80/277 379/71/268 389/81/278
f 389/81/278 390/82/279 388/80/277
f 386/78/275 391/83/280 392/84/281
f 392/84/281 393/85/282 386/78/275
f 364/52/253 348/70/237 347/86/236
f 347/86/236 361/49/250 364/52/253
f 353/41/242 394/87/283 343/31/232
f 343/31/232 342/30/231 353/41/242
f 395/88/284 396/89/285 346/34/235
f 346/34/235 397/90/286 395/88/284
f 342/30/231 341/29/230 383/75/272
f 383/75/272 398/91/243 342/30/231
f 330/18/219 399/92/287 362/50/251
f 362/50/251 361/49/250 330/18/219
f 383/75/272 386/78/275 393/85/282
f 393/85/282 398/91/243 383/75/272
f 399/92/287 400/93/288 370/58/259
f 370/58/259 362/50/251 399/92/287
f 390/82/279 389/81/278 322/10/212
f 322/10/212 321/9/211 390/82/279
f 393/85/282 392/84/281 401/94/289
f 401/94/289 367/55/256 393/85/282
f 361/49/250 347/86/236 331/19/220
f 331/19/220 330/18/219 361/49/250
f 342/30/231 398/91/243 354/42/243
f 354/42/243 353/41/242 342/30/231
f 398/91/243 393/85/282 367/55/256
f 367/55/256 354/42/243 398/91/243
f 356/44/245 377/68/266 394/87/283
f 394/87/283 353/41/242 356/44/245
f 402/95/290 378/96/267 396/89/285
f 396/89/285 395/88/284 402/95/290
f 330/18/219 329/17/218 381/73/270
f 381/73/270 399/92/287 330/18/219
f 381/73/270 385/77/274 400/93/288
f 400/93/288 399/92/287 381/73/270
f 403/97/291 404/98/292 314/2/204
f 314/2/204 313/1/203 403/97/291
f 339/27/228 405/99/293 406/100/294
f 406/100/294 318/6/208 339/27/228
f 366/54/255 365/53/254 407/101/15
f 407/101/15 385/77/274 366/54/255
f 352/40/241 374/64/263 408/102/295
f 408/102/295 349/37/238 352/40/241
f 357/45/246 405/99/293 339/27/228
f 339/27/228 338/26/227 357/45/246
f 334/22/223 409/103/239 350/38/239
f 350/38/239 349/37/238 334/22/223
f 338/26/227 337/25/226 384/76/273
f 384/76/273 410/104/296 338/26/227
f 409/103/239 328/16/217 365/53/254
f 365/53/254 350/38/239 409/103/239
f 384/76/273 387/79/276 411/105/297
f 411/105/297 410/104/296 384/76/273
f 370/58/259 412/106/298 413/107/299
f 413/107/299 371/59/260 370/58/259
f 370/58/259 400/93/288 414/108/300
f 414/108/300 412/106/298 370/58/259
f 365/53/254 328/16/217 327/15/15
f 327/15/15 407/101/15 365/53/254
f 349/37/238 408/102/295 335/23/224
f 335/23/224 334/22/223 349/37/238
f 338/26/227 410/104/296 358/46/247
f 358/46/247 357/45/246 338/26/227
f 410/104/296 411/105/297 368/56/257
f 368/56/257 358/46/247 410/104/296
f 412/106/298 392/84/281 391/83/280
f 391/83/280 413/107/299 412/106/298
f 392/84/281 412/106/298 414/108/300
f 414/108/300 401/94/289 392/84/281
f 403/97/291 373/63/262 372/62/261
f 372/62/261 404/98/292 403/97/291
f 405/99/293 376/67/265 380/72/269
f 380/72/269 406/100/294 405/99/293
f 360/48/249 376/67/265 405/99/293
f 405/99/293 357/45/246 360/48/249
f 334/22/223 333/21/222 382/74/271
f 382/74/271 409/103/239 334/22/223
f 382/74/271 325/13/215 328/16/217
f 328/16/217 409/103/239 382/74/271
f 314/2/204 408/102/295 374/64/263
f 374/64/263 315/3/205 314/2/204
f 340/28/229 339/27/228 318/6/208
f 318/6/208 317/5/207 340/28/229
f 394/109/283 377/110/266 323/11/213
f 323/11/213 322/10/212 394/109/283
f 375/111/264 397/90/286 346/34/235
f 346/34/235 345/33/234 375/111/264
f 377/68/266 336/24/225 372/62/261
f 372/62/261 323/61/213 377/68/266
f 348/70/237 340/28/229 317/5/207
f 317/5/207 345/66/234 348/70/237
f 402/112/290 316/4/206 315/3/205
f 315/3/205 378/69/267 402/112/290
f 388/80/277 415/113/301 380/72/269
f 380/72/269 379/71/268 388/80/277
f 344/32/233 343/114/232 389/81/278
f 389/81/278 379/71/268 344/32/233
f 331/115/220 347/35/236 346/34/235
f 346/34/235 396/89/285 331/115/220
f 343/114/232 394/109/283 322/10/212
f 322/10/212 389/81/278 343/114/232
f 332/116/221 331/115/220 396/89/285
f 396/89/285 378/96/267 332/116/221
f 335/23/224 408/102/295 314/2/204
f 314/2/204 404/98/292 335/23/224
f 416/117/302 319/7/209 318/6/208
f 318/6/208 406/100/294 416/117/302
f 336/24/225 335/23/224 404/98/292
f 404/98/292 372/62/261 336/24/225
f 415/113/301 416/117/302 406/100/294
f 406/100/294 380/72/269 415/113/301
f 367/55/256 401/94/289 327/15/15
f 327/15/15 326/14/216 367/55/256
f 401/94/289 414/108/300 407/101/15
f 407/101/15 327/15/15 401/94/289
f 414/108/300 400/93/288 385/77/274
f 385/77/274 407/101/15 414/108/300
f 369/57/258 368/56/257 391/83/280
f 391/83/280 386/78/275 369/57/258
f 368/56/257 411/105/297 413/107/299
f 413/107/299 391/83/280 368/56/257
f 413/107/299 411/105/297 387/79/276
f 387/79/276 371/59/260 413/107/299
f 417/1/303 418/2/304 419/3/305
f 419/3/305 420/4/306 417/1/303
f 421/5/307 422/6/308 423/7/309
f 423/7/309 424/8/310 421/5/307
f 425/9/311 426/10/312 427/11/313
f 427/11/313 428/12/314 425/9/311
f 429/13/315 430/14/316 431/15/15
f 431/15/15 432/16/217 429/13/315
f 433/17/317 434/18/318 435/19/319
f 435/19/319 436/20/320 433/17/317
f 437/21/321 438/22/223 439/23/322
f 439/23/322 440/24/323 437/21/321
f 441/25/324 442/26/325 443/27/326
f 443/27/326 444/28/327 441/25/324
f 445/29/328 446/30/329 447/31/330
f 447/31/330 448/32/331 445/29/328
f 449/33/332 450/34/333 451/35/334
f 451/35/334 452/36/335 449/33/332
f 453/37/238 454/38/239 455/39/336
f 455/39/336 456/40/337 453/37/238
f 457/41/338 458/42/339 459/43/340
f 459/43/340 460/44/341 457/41/338
f 461/45/342 462/46/343 463/47/344
f 463/47/344 464/48/345 461/45/342
f 465/49/346 466/50/347 467/51/348
f 467/51/348 468/52/349 465/49/346
f 455/39/336 454/38/239 469/53/217
f 469/53/217 470/54/350 455/39/336
f 458/42/339 471/55/351 430/14/316
f 430/14/316 459/43/340 458/42/339
f 463/47/344 462/46/343 472/56/352
f 472/56/352 473/57/353 463/47/344
f 466/50/347 474/58/354 475/59/355
f 475/59/355 467/51/348 466/50/347
f 428/60/314 427/61/313 476/62/356
f 476/62/356 477/63/357 428/60/314
f 456/40/337 433/17/317 436/20/320
f 436/20/320 478/64/358 456/40/337
f 479/65/359 449/66/332 421/5/307
f 421/5/307 424/8/310 479/65/359
f 464/48/345 445/29/328 448/32/331
f 448/32/331 480/67/360 464/48/345
f 440/24/323 481/68/361 460/44/341
f 460/44/341 437/21/321 440/24/323
f 436/20/320 482/69/362 419/3/305
f 419/3/305 478/64/358 436/20/320
f 444/28/327 452/70/335 468/52/349
f 468/52/349 441/25/324 444/28/327
f 448/32/331 483/71/363 484/72/364
f 484/72/364 480/67/360 448/32/331
f 433/17/317 456/40/337 455/39/336
f 455/39/336 485/73/365 433/17/317
f 437/21/321 460/44/341 459/43/340
f 459/43/340 486/74/366 437/21/321
f 445/29/328 464/48/345 463/47/344
f 463/47/344 487/75/367 445/29/328
f 441/25/324 468/52/349 467/51/348
f 467/51/348 488/76/368 441/25/324
f 485/73/365 455/39/336 470/54/350
f 470/54/350 489/77/369 485/73/365
f 486/74/366 459/43/340 430/14/316
f 430/14/316 429/13/315 486/74/366
f 487/75/367 463/47/344 473/57/353
f 473/57/353 490/78/370 487/75/367
f 488/76/368 467/51/348 475/59/355
f 475/59/355 491/79/371 488/76/368
f 492/80/372 483/71/363 493/81/373
f 493/81/373 494/82/374 492/80/372
f 490/78/370 495/83/375 496/84/376
f 496/84/376 497/85/377 490/78/370
f 468/52/349 452/70/335 451/86/334
f 451/86/334 465/49/346 468/52/349
f 457/41/338 498/87/378 447/31/330
f 447/31/330 446/30/329 457/41/338
f 499/88/379 500/89/380 450/34/333
f 450/34/333 501/90/381 499/88/379
f 446/30/329 445/29/328 487/75/367
f 487/75/367 502/91/339 446/30/329
f 434/18/318 503/92/382 466/50/347
f 466/50/347 465/49/346 434/18/318
f 487/75/367 490/78/370 497/85/377
f 497/85/377 502/91/339 487/75/367
f 503/92/382 504/93/383 474/58/354
f 474/58/354 466/50/347 503/92/382
f 494/82/374 493/81/373 426/10/312
f 426/10/312 425/9/311 494/82/374
f 497/85/377 496/84/376 505/94/289
f 505/94/289 471/55/351 497/85/377
f 465/49/346 451/86/334 435/19/319
f 435/19/319 434/18/318 465/49/346
f 446/30/329 502/91/339 458/42/339
f 458/42/339 457/41/338 446/30/329
f 502/91/339 497/85/377 471/55/351
f 471/55/351 458/42/339 502/91/339
f 460/44/341 481/68/361 498/87/378
f 498/87/378 457/41/338 460/44/341
f 506/95/384 482/96/362 500/89/380
f 500/89/380 499/88/379 506/95/384
f 434/18/318 433/17/317 485/73/365
f 485/73/365 503/92/382 434/18/318
f 485/73/365 489/77/369 504/93/383
f 504/93/383 503/92/382 485/73/365
f 507/97/385 508/98/386 418/2/304
f 418/2/304 417/1/303 507/97/385
f 443/27/326 509/99/387 510/100/388
f 510/100/388 422/6/308 443/27/326
f 470/54/350 469/53/217 511/101/15
f 511/101/15 489/77/369 470/54/350
f 456/40/337 478/64/358 512/102/295
f 512/102/295 453/37/238 456/40/337
f 461/45/342 509/99/387 443/27/326
f 443/27/326 442/26/325 461/45/342
f 438/22/223 513/103/239 454/38/239
f 454/38/239 453/37/238 438/22/223
f 442/26/325 441/25/324 488/76/368
f 488/76/368 514/104/389 442/26/325
f 513/103/239 432/16/217 469/53/217
f 469/53/217 454/38/239 513/103/239
f 488/76/368 491/79/371 515/105/390
f 515/105/390 514/104/389 488/76/368
f 474/58/354 516/106/391 517/107/392
f 517/107/392 475/59/355 474/58/354
f 474/58/354 504/93/383 518/108/393
f 518/108/393 516/106/391 474/58/354
f 469/53/217 432/16/217 431/15/15
f 431/15/15 511/101/15 469/53/217
f 453/37/238 512/102/295 439/23/322
f 439/23/322 438/22/223 453/37/238
f 442/26/325 514/104/389 462/46/343
f 462/46/343 461/45/342 442/26/325
f 514/104/389 515/105/390 472/56/352
f 472/56/352 462/46/343 514/104/389
f 516/106/391 496/84/376 495/83/375
f 495/83/375 517/107/392 516/106/391
f 496/84/376 516/106/391 518/108/393
f 518/108/393 505/94/289 496/84/376
f 507/97/385 477/63/357 476/62/356
f 476/62/356 508/98/386 507/97/385
f 509/99/387 480/67/360 484/72/364
f 484/72/364 510/100/388 509/99/387
f 464/48/345 480/67/360 509/99/387
f 509/99/387 461/45/342 464/48/345
f 438/22/223 437/21/321 486/74/366
f 486/74/366 513/103/239 438/22/223
f 486/74/366 429/13/315 432/16/217
f 432/16/217 513/103/239 486/74/366
f 418/2/304 512/102/295 478/64/358
f 478/64/358 419/3/305 418/2/304
f 444/28/327 443/27/326 422/6/308
f 422/6/308 421/5/307 444/28/327
f 498/109/378 481/110/361 427/11/313
f 427/11/313 426/10/312 498/109/378
f 479/111/359 501/90/381 450/34/333
f 450/34/333 449/33/332 479/111/359
f 481/68/361 440/24/323 476/62/356
f 476/62/356 427/61/313 481/68/361
f 452/70/335 444/28/327 421/5/307
f 421/5/307 449/66/332 452/70/335
f 506/112/384 420/4/306 419/3/305
f 419/3/305 482/69/362 506/112/384
f 492/80/372 519/113/394 484/72/364
f 484/72/364 483/71/363 492/80/372
f 448/32/331 447/114/330 493/81/373
f 493/81/373 483/71/363 448/32/331
f 435/115/319 451/35/334 450/34/333
f 450/34/333 500/89/380 435/115/319
f 447/114/330 498/109/378 426/10/312
f 426/10/312 493/81/373 447/114/330
f 436/116/320 435/115/319 500/89/380
f 500/89/380 482/96/362 436/116/320
f 439/23/322 512/102/295 418/2/304
f 418/2/304 508/98/386 439/23/322
f 520/117/395 423/7/309 422/6/308
f 422/6/308 510/100/388 520/117/395
f 440/24/323 439/23/322 508/98/386
f 508/98/386 476/62/356 440/24/323
f 519/113/394 520/117/395 510/100/388
f 510/100/388 484/72/364 519/113/394
f 471/55/351 505/94/289 431/15/15
f 431/15/15 430/14/316 471/55/351
f 505/94/289 518/108/393 511/101/15
f 511/101/15 431/15/15 505/94/289
f 518/108/393 504/93/383 489/77/369
f 489/77/369 511/101/15 518/108/393
f 473/57/353 472/56/352 495/83/375
f 495/83/375 490/78/370 473/57/353
f 472/56/352 515/105/390 517/107/392
f 517/107/392 495/83/375 472/56/352
f 517/107/392 515/105/390 491/79/371
f 491/79/371 475/59/355 517/107/392
f 521/1/396 522/2/397 523/3/398
f 523/3/398 524/4/399 521/1/396
f 525/5/400 526/6/401 527/7/402
f 527/7/402 528/8/403 525/5/400
f 529/9/404 530/10/405 531/11/406
f 531/11/406 532/12/407 529/9/404
f 533/13/408 534/14/409 535/15/15
f 535/15/15 536/16/410 533/13/408
f 537/17/411 538/18/412 539/19/413
f 539/19/413 540/20/414 537/17/411
f 541/21/415 542/22/416 543/23/417
f 543/23/417 544/24/418 541/21/415
f 545/25/419 546/26/420 547/27/421
f 547/27/421 548/28/422 545/25/419
f 549/29/423 550/30/424 551/31/425
f 551/31/425 552/32/426 549/29/423
f 553/33/427 554/34/428 555/35/429
f 555/35/429 556/36/430 553/33/427
f 557/37/431 558/38/432 559/39/433
f 559/39/433 560/40/434 557/37/431
f 561/41/435 562/42/436 563/43/437
f 563/43/437 564/44/438 561/41/435
f 565/45/439 566/46/440 567/47/441
f 567/47/441 568/48/442 565/45/439
f 569/49/443 570/50/444 571/51/445
f 571/51/445 572/52/446 569/49/443
f 559/39/433 558/38/432 573/53/410
f 573/53/410 574/54/447 559/39/433
f 562/42/436 575/55/448 534/14/409
f 534/14/409 563/43/437 562/42/436
f 567/47/441 566/46/440 576/56/449
f 576/56/449 577/57/450 567/47/441
f 570/50/444 578/58/451 579/59/452
f 579/59/452 571/51/445 570/50/444
f 532/60/407 531/61/406 580/62/453
f 580/62/453 581/63/454 532/60/407
f 560/40/434 537/17/411 540/20/414
f 540/20/414 582/64/455 560/40/434
f 583/65/456 553/66/427 525/5/400
f 525/5/400 528/8/403 583/65/456
f 568/48/442 549/29/423 552/32/426
f 552/32/426 584/67/457 568/48/442
f 544/24/418 585/68/458 564/44/438
f 564/44/438 541/21/415 544/24/418
f 540/20/414 586/69/459 523/3/398
f 523/3/398 582/64/455 540/20/414
f 548/28/422 556/70/430 572/52/446
f 572/52/446 545/25/419 548/28/422
f 552/32/426 587/71/460 588/72/461
f 588/72/461 584/67/457 552/32/426
f 537/17/411 560/40/434 559/39/433
f 559/39/433 589/73/462 537/17/411
f 541/21/415 564/44/438 563/43/437
f 563/43/437 590/74/463 541/21/415
f 549/29/423 568/48/442 567/47/441
f 567/47/441 591/75/464 549/29/423
f 545/25/419 572/52/446 571/51/445
f 571/51/445 592/76/465 545/25/419
f 589/73/462 559/39/433 574/54/447
f 574/54/447 593/77/466 589/73/462
f 590/74/463 563/43/437 534/14/409
f 534/14/409 533/13/408 590/74/463
f 591/75/464 567/47/441 577/57/450
f 577/57/450 594/78/467 591/75/464
f 592/76/465 571/51/445 579/59/452
f 579/59/452 595/79/468 592/76/465
f 596/80/469 587/71/460 597/81/470
f 597/81/470 598/82/471 596/80/469
f 594/78/467 599/83/472 600/84/473
f 600/84/473 601/85/474 594/78/467
f 572/52/446 556/70/430 555/86/429
f 555/86/429 569/49/443 572/52/446
f 561/41/435 602/87/475 551/31/425
f 551/31/425 550/30/424 561/41/435
f 603/88/476 604/89/477 554/34/428
f 554/34/428 605/90/478 603/88/476
f 550/30/424 549/29/423 591/75/464
f 591/75/464 606/91/436 550/30/424
f 538/18/412 607/92/479 570/50/444
f 570/50/444 569/49/443 538/18/412
f 591/75/464 594/78/467 601/85/474
f 601/85/474 606/91/436 591/75/464
f 607/92/479 608/93/480 578/58/451
f 578/58/451 570/50/444 607/92/479
f 598/82/471 597/81/470 530/10/405
f 530/10/405 529/9/404 598/82/471
f 601/85/474 600/84/473 609/94/481
f 609/94/481 575/55/448 601/85/474
f 569/49/443 555/86/429 539/19/413
f 539/19/413 538/18/412 569/49/443
f 550/30/424 606/91/436 562/42/436
f 562/42/436 561/41/435 550/30/424
f 606/91/436 601/85/474 575/55/448
f 575/55/448 562/42/436 606/91/436
f 564/44/438 585/68/458 602/87/475
f 602/87/475 561/41/435 564/44/438
f 610/95/482 586/96/459 604/89/477
f 604/89/477 603/88/476 610/95/482
f 538/18/412 537/17/411 589/73/462
f 589/73/462 607/92/479 538/18/412
f 589/73/462 593/77/466 608/93/480
f 608/93/480 607/92/479 589/73/462
f 611/97/483 612/98/484 522/2/397
f 522/2/397 521/1/396 611/97/483
f 547/27/421 613/99/485 614/100/486
f 614/100/486 526/6/401 547/27/421
f 574/54/447 573/53/410 615/101/15
f 615/101/15 593/77/466 574/54/447
f 560/40/434 582/64/455 616/102/487
f 616/102/487 557/37/431 560/40/434
f 565/45/439 613/99/485 547/27/421
f 547/27/421 546/26/420 565/45/439
f 542/22/416 617/103/488 558/38/432
f 558/38/432 557/37/431 542/22/416
f 546/26/420 545/25/419 592/76/465
f 592/76/465 618/104/489 546/26/420
f 617/103/488 536/16/410 573/53/410
f 573/53/410 558/38/432 617/103/488
f 592/76/465 595/79/468 619/105/490
f 619/105/490 618/104/489 592/76/465
f 578/58/451 620/106/491 621/107/492
f 621/107/492 579/59/452 578/58/451
f 578/58/451 608/93/480 622/108/493
f 622/108/493 620/106/491 578/58/451
f 573/53/410 536/16/410 535/15/15
f 535/15/15 615/101/15 573/53/410
f 557/37/431 616/102/487 543/23/417
f 543/23/417 542/22/416 557/37/431
f 546/26/420 618/104/489 566/46/440
f 566/46/440 565/45/439 546/26/420
f 618/104/489 619/105/490 576/56/449
f 576/56/449 566/46/440 618/104/489
f 620/106/491 600/84/473 599/83/472
f 599/83/472 621/107/492 620/106/491
f 600/84/473 620/106/491 622/108/493
f 622/108/493 609/94/481 600/84/473
f 611/97/483 581/63/454 580/62/453
f 580/62/453 612/98/484 611/97/483
f 613/99/485 584/67/457 588/72/461
f 588/72/461 614/100/486 613/99/485
f 568/48/442 584/67/457 613/99/485
f 613/99/485 565/45/439 568/48/442
f 542/22/416 541/21/415 590/74/463
f 590/74/463 617/103/488 542/22/416
f 590/74/463 533/13/408 536/16/410
f 536/16/410 617/103/488 590/74/463
f 522/2/397 616/102/487 582/64/455
f 582/64/455 523/3/398 522/2/397
f 548/28/422 547/27/421 526/6/401
f 526/6/401 525/5/400 548/28/422
f 602/109/475 585/110/458 531/11/406
f 531/11/406 530/10/405 602/109/475
f 583/111/456 605/90/478 554/34/428
f 554/34/428 553/33/427 583/111/456
f 585/68/458 544/24/418 580/62/453
f 580/62/453 531/61/406 585/68/458
f 556/70/430 548/28/422 525/5/400
f 525/5/400 553/66/427 556/70/430
f 610/112/482 524/4/399 523/3/398
f 523/3/398 586/69/459 610/112/482
f 596/80/469 623/113/494 588/72/461
f 588/72/461 587/71/460 596/80/469
f 552/32/426 551/114/425 597/81/470
f 597/81/470 587/71/460 552/32/426
f 539/115/413 555/35/429 554/34/428
f 554/34/428 604/89/477 539/115/413
f 551/114/425 602/109/475 530/10/405
f 530/10/405 597/81/470 551/114/425
f 540/116/414 539/115/413 604/89/477
f 604/89/477 586/96/459 540/116/414
f 543/23/417 616/102/487 522/2/397
f 522/2/397 612/98/484 543/23/417
f 624/117/495 527/7/402 526/6/401
f 526/6/401 614/100/486 624/117/495
f 544/24/418 543/23/417 612/98/484
f 612/98/484 580/62/453 544/24/418
f 623/113/494 624/117/495 614/100/486
f 614/100/486 588/72/461 623/113/494
f 575/55/448 609/94/481 535/15/15
f 535/15/15 534/14/409 575/55/448
f 609/94/481 622/108/493 615/101/15
f 615/101/15 535/15/15 609/94/481
f 622/108/493 608/93/480 593/77/466
f 593/77/466 615/101/15 622/108/493
f 577/57/450 576/56/449 599/83/472
f 599/83/472 594/78/467 577/57/450
f 576/56/449 619/105/490 621/107/492
f 621/107/492 599/83/472 576/56/449
f 621/107/492 619/105/490 595/79/468
f 595/79/468 579/59/452 621/107/492
f 625/1/396 626/2/397 627/3/398
f 627/3/398 628/4/496 625/1/396
f 629/5/400 630/6/401 631/7/402
f 631/7/402 632/8/403 629/5/400
f 633/9/404 634/10/405 635/11/406
f 635/11/406 636/12/497 633/9/404
f 637/13/408 638/14/409 639/15/15
f 639/15/15 640/16/410 637/13/408
f 641/17/411 642/18/412 643/19/498
f 643/19/498 644/20/499 641/17/411
f 645/21/415 646/22/416 647/23/417
f 647/23/417 648/24/418 645/21/415
f 649/25/419 650/26/420 651/27/421
f 651/27/421 652/28/422 649/25/419
f 653/29/500 654/30/424 655/31/425
f 655/31/425 656/32/426 653/29/500
f 657/33/427 658/34/428 659/35/501
f 659/35/501 660/36/502 657/33/427
f 661/37/431 662/38/488 663/39/433
f 663/39/433 664/40/503 661/37/431
f 665/41/504 666/42/436 667/43/437
f 667/43/437 668/44/505 665/41/504
f 669/45/439 670/46/440 671/47/441
f 671/47/441 672/48/442 669/45/439
f 673/49/506 674/50/444 675/51/445
f 675/51/445 676/52/446 673/49/506
f 663/39/433 662/38/488 677/53/410
f 677/53/410 678/54/447 663/39/433
f 666/42/436 679/55/448 638/14/409
f 638/14/409 667/43/437 666/42/436
f 671/47/441 670/46/440 680/56/449
f 680/56/449 681/57/450 671/47/441
f 674/50/444 682/58/451 683/59/452
f 683/59/452 675/51/445 674/50/444
f 636/60/497 635/61/406 684/62/507
f 684/62/507 685/63/454 636/60/497
f 664/40/503 641/17/411 644/20/499
f 644/20/499 686/64/508 664/40/503
f 687/65/456 657/66/427 629/5/400
f 629/5/400 632/8/403 687/65/456
f 672/48/442 653/29/500 656/32/426
f 656/32/426 688/67/457 672/48/442
f 648/24/418 689/68/458 668/44/505
f 668/44/505 645/21/415 648/24/418
f 644/20/499 690/69/509 627/3/398
f 627/3/398 686/64/508 644/20/499
f 652/28/422 660/70/502 676/52/446
f 676/52/446 649/25/419 652/28/422
f 656/32/426 691/71/460 692/72/461
f 692/72/461 688/67/457 656/32/426
f 641/17/411 664/40/503 663/39/433
f 663/39/433 693/73/462 641/17/411
f 645/21/415 668/44/505 667/43/437
f 667/43/437 694/74/463 645/21/415
f 653/29/500 672/48/442 671/47/441
f 671/47/441 695/75/464 653/29/500
f 649/25/419 676/52/446 675/51/445
f 675/51/445 696/76/510 649/25/419
f 693/73/462 663/39/433 678/54/447
f 678/54/447 697/77/466 693/73/462
f 694/74/463 667/43/437 638/14/409
f 638/14/409 637/13/408 694/74/463
f 695/75/464 671/47/441 681/57/450
f 681/57/450 698/78/467 695/75/464
f 696/76/510 675/51/445 683/59/452
f 683/59/452 699/79/468 696/76/510
f 700/80/469 691/71/460 701/81/470
f 701/81/470 702/82/471 700/80/469
f 698/78/467 703/83/472 704/84/473
f 704/84/473 705/85/474 698/78/467
f 676/52/446 660/70/502 659/86/501
f 659/86/501 673/49/506 676/52/446
f 665/41/504 706/87/511 655/31/425
f 655/31/425 654/30/424 665/41/504
f 707/88/512 708/89/477 658/34/428
f 658/34/428 709/90/478 707/88/512
f 654/30/424 653/29/500 695/75/464
f 695/75/464 710/91/436 654/30/424
f 642/18/412 711/92/479 674/50/444
f 674/50/444 673/49/506 642/18/412
f 695/75/464 698/78/467 705/85/474
f 705/85/474 710/91/436 695/75/464
f 711/92/479 712/93/480 682/58/451
f 682/58/451 674/50/444 711/92/479
f 702/82/471 701/81/470 634/10/405
f 634/10/405 633/9/404 702/82/471
f 705/85/474 704/84/473 713/94/481
f 713/94/481 679/55/448 705/85/474
f 673/49/506 659/86/501 643/19/498
f 643/19/498 642/18/412 673/49/506
f 654/30/424 710/91/436 666/42/436
f 666/42/436 665/41/504 654/30/424
f 710/91/436 705/85/474 679/55/448
f 679/55/448 666/42/436 710/91/436
f 668/44/505 689/68/458 706/87/511
f 706/87/511 665/41/504 668/44/505
f 714/95/482 690/96/509 708/89/477
f 708/89/477 707/88/512 714/95/482
f 642/18/412 641/17/411 693/73/462
f 693/73/462 711/92/479 642/18/412
f 693/73/462 697/77/466 712/93/480
f 712/93/480 711/92/479 693/73/462
f 715/97/483 716/98/484 626/2/397
f 626/2/397 625/1/396 715/97/483
f 651/27/421 717/99/485 718/100/486
f 718/100/486 630/6/401 651/27/421
f 678/54/447 677/53/410 719/101/15
f 719/101/15 697/77/466 678/54/447
f 664/40/503 686/64/508 720/102/487
f 720/102/487 661/37/431 664/40/503
f 669/45/439 717/99/485 651/27/421
f 651/27/421 650/26/420 669/45/439
f 646/22/416 721/103/488 662/38/488
f 662/38/488 661/37/431 646/22/416
f 650/26/420 649/25/419 696/76/510
f 696/76/510 722/104/489 650/26/420
f 721/103/488 640/16/410 677/53/410
f 677/53/410 662/38/488 721/103/488
f 696/76/510 699/79/468 723/105/490
f 723/105/490 722/104/489 696/76/510
f 682/58/451 724/106/491 725/107/492
f 725/107/492 683/59/452 682/58/451
f 682/58/451 712/93/480 726/108/493
f 726/108/493 724/106/491 682/58/451
f 677/53/410 640/16/410 639/15/15
f 639/15/15 719/101/15 677/53/410
f 661/37/431 720/102/487 647/23/417
f 647/23/417 646/22/416 661/37/431
f 650/26/420 722/104/489 670/46/440
f 670/46/440 669/45/439 650/26/420
f 722/104/489 723/105/490 680/56/449
f 680/56/449 670/46/440 722/104/489
f 724/106/491 704/84/473 703/83/472
f 703/83/472 725/107/492 724/106/491
f 704/84/473 724/106/491 726/108/493
f 726/108/493 713/94/481 704/84/473
f 715/97/483 685/63/454 684/62/507
f 684/62/507 716/98/484 715/97/483
f 717/99/485 688/67/457 692/72/461
f 692/72/461 718/100/486 717/99/485
f 672/48/442 688/67/457 717/99/485
f 717/99/485 669/45/439 672/48/442
f 646/22/416 645/21/415 694/74/463
f 694/74/463 721/103/488 646/22/416
f 694/74/463 637/13/408 640/16/410
f 640/16/410 721/103/488 694/74/463
f 626/2/397 720/102/487 686/64/508
f 686/64/508 627/3/398 626/2/397
f 652/28/422 651/27/421 630/6/401
f 630/6/401 629/5/400 652/28/422
f 706/109/511 689/110/458 635/11/406
f 635/11/406 634/10/405 706/109/511
f 687/111/456 709/90/478 658/34/428
f 658/34/428 657/33/427 687/111/456
f 689/68/458 648/24/418 684/62/507
f 684/62/507 635/61/406 689/68/458
f 660/70/502 652/28/422 629/5/400
f 629/5/400 657/66/427 660/70/502
f 714/112/482 628/4/496 627/3/398
f 627/3/398 690/69/509 714/112/482
f 700/80/469 727/113/494 692/72/461
f 692/72/461 691/71/460 700/80/469
f 656/32/426 655/114/425 701/81/470
f 701/81/470 691/71/460 656/32/426
f 643/115/498 659/35/501 658/34/428
f 658/34/428 708/89/477 643/115/498
f 655/114/425 706/109/511 634/10/405
f 634/10/405 701/81/470 655/114/425
f 644/116/499 643/115/498 708/89/477
f 708/89/477 690/96/509 644/116/499
f 647/23/417 720/102/487 626/2/397
f 626/2/397 716/98/484 647/23/417
f 728/117/495 631/7/402 630/6/401
f 630/6/401 718/100/486 728/117/495
f 648/24/418 647/23/417 716/98/484
f 716/98/484 684/62/507 648/24/418
f 727/113/494 728/117/495 718/100/486
f 718/100/486 692/72/461 727/113/494
f 679/55/448 713/94/481 639/15/15
f 639/15/15 638/14/409 679/55/448
f 713/94/481 726/108/493 719/101/15
f 719/101/15 639/15/15 713/94/481
f 726/108/493 712/93/480 697/77/466
f 697/77/466 719/101/15 726/108/493
f 681/57/450 680/56/449 703/83/472
f 703/83/472 698/78/467 681/57/450
f 680/56/449 723/105/490 725/107/492
f 725/107/492 703/83/472 680/56/449
f 725/107/492 723/105/490 699/79/468
f 699/79/468 683/59/452 725/107/492
f 729/1/513 730/2/514 731/3/515
f 731/3/515 732/4/516 729/1/513
f 733/5/517 734/6/518 735/7/519
f 735/7/519 736/8/520 733/5/517
f 737/9/521 738/10/522 739/11/523
f 739/11/523 740/12/524 737/9/521
f 741/13/525 742/14/526 743/15/15
f 743/15/15 744/16/527 741/13/525
f 745/17/528 746/18/529 747/19/530
f 747/19/530 748/20/531 745/17/528
f 749/21/532 750/22/533 751/23/534
f 751/23/534 752/24/535 749/21/532
f 753/25/536 754/26/537 755/27/538
f 755/27/538 756/28/539 753/25/536
f 757/29/540 758/30/541 759/31/542
f 759/31/542 760/32/543 757/29/540
f 761/33/544 762/34/545 763/35/546
f 763/35/546 764/36/547 761/33/544
f 765/37/548 766/38/549 767/39/550
f 767/39/550 768/40/551 765/37/548
f 769/41/552 770/42/553 771/43/554
f 771/43/554 772/44/555 769/41/552
f 773/45/556 774/46/557 775/47/558
f 775/47/558 776/48/559 773/45/556
f 777/49/560 778/50/561 779/51/562
f 779/51/562 780/52/563 777/49/560
f 767/39/550 766/38/549 781/53/527
f 781/53/527 782/54/564 767/39/550
f 770/42/553 783/55/565 742/14/526
f 742/14/526 771/43/554 770/42/553
f 775/47/558 774/46/557 784/56/566
f 784/56/566 785/57/567 775/47/558
f 778/50/561 786/58/568 787/59/569
f 787/59/569 779/51/562 778/50/561
f 740/60/524 739/61/523 788/62/570
f 788/62/570 789/63/571 740/60/524
f 768/40/551 745/17/528 748/20/531
f 748/20/531 790/64/572 768/40/551
f 791/65/573 761/66/544 733/5/517
f 733/5/517 736/8/520 791/65/573
f 776/48/559 757/29/540 760/32/543
f 760/32/543 792/67/574 776/48/559
f 752/24/535 793/68/575 772/44/555
f 772/44/555 749/21/532 752/24/535
f 748/20/531 794/69/576 731/3/515
f 731/3/515 790/64/572 748/20/531
f 756/28/539 764/70/547 780/52/563
f 780/52/563 753/25/536 756/28/539
f 760/32/543 795/71/577 796/72/578
f 796/72/578 792/67/574 760/32/543
f 745/17/528 768/40/551 767/39/550
f 767/39/550 797/73/579 745/17/528
f 749/21/532 772/44/555 771/43/554
f 771/43/554 798/74/580 749/21/532
f 757/29/540 776/48/559 775/47/558
f 775/47/558 799/75/581 757/29/540
f 753/25/536 780/52/563 779/51/562
f 779/51/562 800/76/582 753/25/536
f 797/73/579 767/39/550 782/54/564
f 782/54/564 801/77/583 797/73/579
f 798/74/580 771/43/554 742/14/526
f 742/14/526 741/13/525 798/74/580
f 799/75/581 775/47/558 785/57/567
f 785/57/567 802/78/584 799/75/581
f 800/76/582 779/51/562 787/59/569
f 787/59/569 803/79/585 800/76/582
f 804/80/586 795/71/577 805/81/587
f 805/81/587 806/82/588 804/80/586
f 802/78/584 807/83/589 808/84/590
f 808/84/590 809/85/591 802/78/584
f 780/52/563 764/70/547 763/86/546
f 763/86/546 777/49/560 780/52/563
f 769/41/552 810/87/592 759/31/542
f 759/31/542 758/30/541 769/41/552
f 811/88/593 812/89/594 762/34/545
f 762/34/545 813/90/595 811/88/593
f 758/30/541 757/29/540 799/75/581
f 799/75/581 814/91/553 758/30/541
f 746/18/529 815/92/596 778/50/561
f 778/50/561 777/49/560 746/18/529
f 799/75/581 802/78/584 809/85/591
f 809/85/591 814/91/553 799/75/581
f 815/92/596 816/93/597 786/58/568
f 786/58/568 778/50/561 815/92/596
f 806/82/588 805/81/587 738/10/522
f 738/10/522 737/9/521 806/82/588
f 809/85/591 808/84/590 817/94/598
f 817/94/598 783/55/565 809/85/591
f 777/49/560 763/86/546 747/19/530
f 747/19/530 746/18/529 777/49/560
f 758/30/541 814/91/553 770/42/553
f 770/42/553 769/41/552 758/30/541
f 814/91/553 809/85/591 783/55/565
f 783/55/565 770/42/553 814/91/553
f 772/44/555 793/68/575 810/87/592
f 810/87/592 769/41/552 772/44/555
f 818/95/599 794/96/576 812/89/594
f 812/89/594 811/88/593 818/95/599
f 746/18/529 745/17/528 797/73/579
f 797/73/579 815/92/596 746/18/529
f 797/73/579 801/77/583 816/93/597
f 816/93/597 815/92/596 797/73/579
f 819/97/600 820/98/601 730/2/514
f 730/2/514 729/1/513 819/97/600
f 755/27/538 821/99/602 822/100/603
f 822/100/603 734/6/518 755/27/538
f 782/54/564 781/53/527 823/101/15
f 823/101/15 801/77/583 782/54/564
f 768/40/551 790/64/572 824/102/604
f 824/102/604 765/37/548 768/40/551
f 773/45/556 821/99/602 755/27/538
f 755/27/538 754/26/537 773/45/556
f 750/22/533 825/103/549 766/38/549
f 766/38/549 765/37/548 750/22/533
f 754/26/537 753/25/536 800/76/582
f 800/76/582 826/104/605 754/26/537
f 825/103/549 744/16/527 781/53/527
f 781/53/527 766/38/549 825/103/549
f 800/76/582 803/79/585 827/105/606
f 827/105/606 826/104/605 800/76/582
f 786/58/568 828/106/607 829/107/608
f 829/107/608 787/59/569 786/58/568
f 786/58/568 816/93/597 830/108/609
f 830/108/609 828/106/607 786/58/568
f 781/53/527 744/16/527 743/15/15
f 743/15/15 823/101/15 781/53/527
f 765/37/548 824/102/604 751/23/534
f 751/23/534 750/22/533 765/37/548
f 754/26/537 826/104/605 774/46/557
f 774/46/557 773/45/556 754/26/537
f 826/104/605 827/105/606 784/56/566
f 784/56/566 774/46/557 826/104/605
f 828/106/607 808/84/590 807/83/589
f 807/83/589 829/107/608 828/106/607
f 808/84/590 828/106/607 830/108/609
f 830/108/609 817/94/598 808/84/590
f 819/97/600 789/63/571 788/62/570
f 788/62/570 820/98/601 819/97/600
f 821/99/602 792/67/574 796/72/578
f 796/72/578 822/100/603 821/99/602
f 776/48/559 792/67/574 821/99/602
f 821/99/602 773/45/556 776/48/559
f 750/22/533 749/21/532 798/74/580
f 798/74/580 825/103/549 750/22/533
f 798/74/580 741/13/525 744/16/527
f 744/16/527 825/103/549 798/74/580
f 730/2/514 824/102/604 790/64/572
f 790/64/572 731/3/515 730/2/514
f 756/28/539 755/27/538 734/6/518
f 734/6/518 733/5/517 756/28/539
f 810/109/592 793/110/575 739/11/523
f 739/11/523 738/10/522 810/109/592
f 791/111/573 813/90/595 762/34/545
f 762/34/545 761/33/544 791/111/573
f 793/68/575 752/24/535 788/62/570
f 788/62/570 739/61/523 793/68/575
f 764/70/547 756/28/539 733/5/517
f 733/5/517 761/66/544 764/70/547
f 818/112/599 732/4/516 731/3/515
f 731/3/515 794/69/576 818/112/599
f 804/80/586 831/113/610 796/72/578
f 796/72/578 795/71/577 804/80/586
f 760/32/543 759/114/542 805/81/587
f 805/81/587 795/71/577 760/32/543
f 747/115/530 763/35/546 762/34/545
f 762/34/545 812/89/594 747/115/530
f 759/114/542 810/109/592 738/10/522
f 738/10/522 805/81/587 759/114/542
f 748/116/531 747/115/530 812/89/594
f 812/89/594 794/96/576 748/116/531
f 751/23/534 824/102/604 730/2/514
f 730/2/514 820/98/601 751/23/534
f 832/117/611 735/7/519 734/6/518
f 734/6/518 822/100/603 832/117/611
f 752/24/535 751/23/534 820/98/601
f 820/98/601 788/62/570 752/24/535
f 831/113/610 832/117/611 822/100/603
f 822/100/603 796/72/578 831/113/610
f 783/55/565 817/94/598 743/15/15
f 743/15/15 742/14/526 783/55/565
f 817/94/598 830/108/609 823/101/15
f 823/101/15 743/15/15 817/94/598
f 830/108/609 816/93/597 801/77/583
f 801/77/583 823/101/15 830/108/609
f 785/57/567 784/56/566 807/83/589
f 807/83/589 802/78/584 785/57/567
f 784/56/566 827/105/606 829/107/608
f 829/107/608 807/83/589 784/56/566
f 829/107/608 827/105/606 803/79/585
f 803/79/585 787/59/569 829/107/608
f 833/1/513 834/2/514 835/3/515
f 835/3/515 836/4/516 833/1/513
f 837/5/517 838/6/518 839/7/519
f 839/7/519 840/8/520 837/5/517
f 841/9/521 842/10/522 843/11/612
f 843/11/612 844/12/524 841/9/521
f 845/13/525 846/14/526 847/15/15
f 847/15/15 848/16/527 845/13/525
f 849/17/528 850/18/529 851/19/530
f 851/19/530 852/20/531 849/17/528
f 853/21/532 854/22/533 855/23/534
f 855/23/534 856/24/613 853/21/532
f 857/25/536 858/26/537 859/27/538
f 859/27/538 860/28/539 857/25/536
f 861/29/540 862/30/541 863/31/542
f 863/31/542 864/32/543 861/29/540
f 865/33/544 866/34/545 867/35/546
f 867/35/546 868/36/547 865/33/544
f 869/37/548 870/38/549 871/39/550
f 871/39/550 872/40/551 869/37/548
f 873/41/552 874/42/553 875/43/554
f 875/43/554 876/44/555 873/41/552
f 877/45/556 878/46/557 879/47/558
f 879/47/558 880/48/559 877/45/556
f 881/49/560 882/50/561 883/51/562
f 883/51/562 884/52/563 881/49/560
f 871/39/550 870/38/549 885/53/527
f 885/53/527 886/54/564 871/39/550
f 874/42/553 887/55/565 846/14/526
f 846/14/526 875/43/554 874/42/553
f 879/47/558 878/46/557 888/56/566
f 888/56/566 889/57/567 879/47/558
f 882/50/561 890/58/568 891/59/569
f 891/59/569 883/51/562 882/50/561
f 844/60/524 843/61/612 892/62/570
f 892/62/570 893/63/571 844/60/524
f 872/40/551 849/17/528 852/20/531
f 852/20/531 894/64/572 872/40/551
f 895/65/573 865/66/544 837/5/517
f 837/5/517 840/8/520 895/65/573
f 880/48/559 861/29/540 864/32/543
f 864/32/543 896/67/574 880/48/559
f 856/24/613 897/68/575 876/44/555
f 876/44/555 853/21/532 856/24/613
f 852/20/531 898/69/576 835/3/515
f 835/3/515 894/64/572 852/20/531
f 860/28/539 868/70/547 884/52/563
f 884/52/563 857/25/536 860/28/539
f 864/32/543 899/71/577 900/72/578
f 900/72/578 896/67/574 864/32/543
f 849/17/528 872/40/551 871/39/550
f 871/39/550 901/73/579 849/17/528
f 853/21/532 876/44/555 875/43/554
f 875/43/554 902/74/580 853/21/532
f 861/29/540 880/48/559 879/47/558
f 879/47/558 903/75/581 861/29/540
f 857/25/536 884/52/563 883/51/562
f 883/51/562 904/76/582 857/25/536
f 901/73/579 871/39/550 886/54/564
f 886/54/564 905/77/583 901/73/579
f 902/74/580 875/43/554 846/14/526
f 846/14/526 845/13/525 902/74/580
f 903/75/581 879/47/558 889/57/567
f 889/57/567 906/78/584 903/75/581
f 904/76/582 883/51/562 891/59/569
f 891/59/569 907/79/585 904/76/582
f 908/80/586 899/71/577 909/81/587
f 909/81/587 910/82/588 908/80/586
f 906/78/584 911/83/589 912/84/590
f 912/84/590 913/85/591 906/78/584
f 884/52/563 868/70/547 867/86/546
f 867/86/546 881/49/560 884/52/563
f 873/41/552 914/87/592 863/31/542
f 863/31/542 862/30/541 873/41/552
f 915/88/593 916/89/594 866/34/545
f 866/34/545 917/90/595 915/88/593
f 862/30/541 861/29/540 903/75/581
f 903/75/581 918/91/553 862/30/541
f 850/18/529 919/92/596 882/50/561
f 882/50/561 881/49/560 850/18/529
f 903/75/581 906/78/584 913/85/591
f 913/85/591 918/91/553 903/75/581
f 919/92/596 920/93/597 890/58/568
f 890/58/568 882/50/561 919/92/596
f 910/82/588 909/81/587 842/10/522
f 842/10/522 841/9/521 910/82/588
f 913/85/591 912/84/590 921/94/598
f 921/94/598 887/55/565 913/85/591
f 881/49/560 867/86/546 851/19/530
f 851/19/530 850/18/529 881/49/560
f 862/30/541 918/91/553 874/42/553
f 874/42/553 873/41/552 862/30/541
f 918/91/553 913/85/591 887/55/565
f 887/55/565 874/42/553 918/91/553
f 876/44/555 897/68/575 914/87/592
f 914/87/592 873/41/552 876/44/555
f 922/95/599 898/96/576 916/89/594
f 916/89/594 915/88/593 922/95/599
f 850/18/529 849/17/528 901/73/579
f 901/73/579 919/92/596 850/18/529
f 901/73/579 905/77/583 920/93/597
f 920/93/597 919/92/596 901/73/579
f 923/97/600 924/98/601 834/2/514
f 834/2/514 833/1/513 923/97/600
f 859/27/538 925/99/602 926/100/603
f 926/100/603 838/6/518 859/27/538
f 886/54/564 885/53/527 927/101/15
f 927/101/15 905/77/583 886/54/564
f 872/40/551 894/64/572 928/102/604
f 928/102/604 869/37/548 872/40/551
f 877/45/556 925/99/602 859/27/538
f 859/27/538 858/26/537 877/45/556
f 854/22/533 929/103/614 870/38/549
f 870/38/549 869/37/548 854/22/533
f 858/26/537 857/25/536 904/76/582
f 904/76/582 930/104/605 858/26/537
f 929/103/614 848/16/527 885/53/527
f 885/53/527 870/38/549 929/103/614
f 904/76/582 907/79/585 931/105/606
f 931/105/606 930/104/605 904/76/582
f 890/58/568 932/106/607 933/107/608
f 933/107/608 891/59/569 890/58/568
f 890/58/568 920/93/597 934/108/609
f 934/108/609 932/106/607 890/58/568
f 885/53/527 848/16/527 847/15/15
f 847/15/15 927/101/15 885/53/527
f 869/37/548 928/102/604 855/23/534
f 855/23/534 854/22/533 869/37/548
f 858/26/537 930/104/605 878/46/557
f 878/46/557 877/45/556 858/26/537
f 930/104/605 931/105/606 888/56/566
f 888/56/566 878/46/557 930/104/605
f 932/106/607 912/84/590 911/83/589
f 911/83/589 933/107/608 932/106/607
f 912/84/590 932/106/607 934/108/609
f 934/108/609 921/94/598 912/84/590
f 923/97/600 893/63/571 892/62/570
f 892/62/570 924/98/601 923/97/600
f 925/99/602 896/67/574 900/72/578
f 900/72/578 926/100/603 925/99/602
f 880/48/559 896/67/574 925/99/602
f 925/99/602 877/45/556 880/48/559
f 854/22/533 853/21/532 902/74/580
f 902/74/580 929/103/614 854/22/533
f 902/74/580 845/13/525 848/16/527
f 848/16/527 929/103/614 902/74/580
f 834/2/514 928/102/604 894/64/572
f 894/64/572 835/3/515 834/2/514
f 860/28/539 859/27/538 838/6/518
f 838/6/518 837/5/517 860/28/539
f 914/109/592 897/110/575 843/11/612
f 843/11/612 842/10/522 914/109/592
f 895/111/573 917/90/595 866/34/545
f 866/34/545 865/33/544 895/111/573
f 897/68/575 856/24/613 892/62/570
f 892/62/570 843/61/612 897/68/575
f 868/70/547 860/28/539 837/5/517
f 837/5/517 865/66/544 868/70/547
f 922/112/599 836/4/516 835/3/515
f 835/3/515 898/69/576 922/112/599
f 908/80/586 935/113/610 900/72/578
f 900/72/578 899/71/577 908/80/586
f 864/32/543 863/114/542 909/81/587
f 909/81/587 899/71/577 864/32/543
f 851/115/530 867/35/546 866/34/545
f 866/34/545 916/89/594 851/115/530
f 863/114/542 914/109/592 842/10/522
f 842/10/522 909/81/587 863/114/542
f 852/116/531 851/115/530 916/89/594
f 916/89/594 898/96/576 852/116/531
f 855/23/534 928/102/604 834/2/514
f 834/2/514 924/98/601 855/23/534
f 936/117/611 839/7/519 838/6/518
f 838/6/518 926/100/603 936/117/611
f 856/24/613 855/23/534 924/98/601
f 924/98/601 892/62/570 856/24/613
f 935/113/610 936/117/611 926/100/603
f 926/100/603 900/72/578 935/113/610
f 887/55/565 921/94/598 847/15/15
f 847/15/15 846/14/526 887/55/565
f 921/94/598 934/108/609 927/101/15
f 927/101/15 847/15/15 921/94/598
f 934/108/609 920/93/597 905/77/583
f 905/77/583 927/101/15 934/108/609
f 889/57/567 888/56/566 911/83/589
f 911/83/589 906/78/584 889/57/567
f 888/56/566 931/105/606 933/107/608
f 933/107/608 911/83/589 888/56/566
f 933/107/608 931/105/606 907/79/585
f 907/79/585 891/59/569 933/107/608
