# Blender 4.5.0
# www.blender.org
g medium_wall.xml.174_Mesh
v 130.010849 -47.926056 132.495728
v 129.602814 -40.529518 134.718231
v 129.697311 -40.681736 135.230820
v 129.886917 -48.112339 133.123032
v 125.488754 -40.664532 135.172882
v 125.398117 -40.532082 134.726868
v 125.299149 -47.972130 132.650894
v 125.299149 -48.112339 133.123032
v 128.886169 -44.918365 122.367508
v 128.623489 -37.539467 124.649406
v 129.545349 -37.545372 124.669289
v 129.734985 -44.930176 122.407280
v 128.926147 -30.371456 127.328094
v 128.785934 -30.357201 127.280090
v 128.785934 -30.455566 127.611328
v 128.926147 -30.455345 127.610588
v 129.217453 -32.993511 137.450211
v 128.360825 -32.993511 137.450211
v 128.360825 -33.281933 137.442337
v 129.355698 -33.281933 137.442337
v 129.369720 -29.965618 127.253960
v 129.369720 -30.087418 127.664101
v 129.507721 -30.354397 127.584023
v 129.507721 -30.212029 127.104607
v 125.816360 -32.963142 137.347946
v 125.816360 -32.824829 136.882187
v 125.678360 -33.092026 136.802841
v 125.678360 -33.251125 137.338608
v 125.968613 -29.935249 127.151695
v 126.825607 -29.935249 127.151695
v 126.825607 -30.181221 127.000877
v 125.830368 -30.181221 127.000877
v 125.778336 -40.714737 135.341949
v 126.562927 -40.714737 135.341949
v 127.558640 -33.386497 137.411285
v 125.830368 -33.281933 137.442337
v 129.369720 -32.824825 136.882187
v 129.068771 -32.706894 136.917206
v 129.068771 -32.802948 137.240646
v 129.369720 -32.963142 137.347946
v 128.360825 -29.935249 127.151695
v 128.360825 -29.863609 127.342598
v 128.916580 -29.863609 127.342598
v 129.217453 -29.935249 127.151695
v 125.816360 -30.133846 127.676453
v 126.117310 -30.015442 127.709877
v 126.117310 -29.889954 127.431305
v 125.816360 -29.965618 127.253960
v 127.558640 -33.098076 137.419159
v 127.558640 -32.933853 137.298309
v 126.269485 -32.829288 137.329361
v 125.968628 -32.993511 137.450211
v 128.926147 -33.163445 136.729965
v 128.926147 -33.262138 137.062317
v 128.272827 -30.357201 127.280090
v 126.276917 -30.500347 127.618134
v 126.276917 -30.371456 127.328094
v 127.607025 -33.380959 137.079269
v 126.417114 -33.276394 137.110321
v 129.697311 -37.578377 124.780426
v 129.886917 -44.965374 122.525810
v 129.507721 -33.251125 137.338608
v 125.751556 -48.160416 133.284943
v 125.678360 -30.212029 127.104614
v 129.355698 -30.181221 127.000877
v 129.545349 -40.714741 135.341949
v 125.640732 -37.545372 124.669296
v 125.488754 -37.578373 124.780426
v 128.916580 -32.829288 137.329361
v 129.068756 -29.889954 127.431305
v 126.269485 -29.863609 127.342598
v 126.117310 -32.802948 137.240646
v 128.785934 -33.276394 137.110321
v 126.417114 -30.357201 127.280090
v 126.276917 -33.262138 137.062317
v 125.451080 -44.930172 122.407280
v 126.562927 -37.545372 124.669289
v 126.300262 -44.930172 122.407280
v 126.416458 -30.500126 127.617386
v 126.930557 -30.499313 127.614655
v 126.930557 -30.357201 127.280090
v 128.360825 -30.181221 127.000877
v 128.886169 -48.158234 133.277588
v 128.623505 -40.714741 135.341949
v 126.300262 -48.147537 133.241562
v 126.825607 -29.863609 127.342598
v 128.360825 -32.829288 137.329361
v 128.272842 -33.276394 137.110321
v 128.272827 -30.456375 127.614059
v 129.734985 -48.147537 133.241562
v 129.886917 -45.086525 122.933777
v 129.697311 -37.720467 125.258896
v 125.678360 -30.401264 127.597847
v 125.534149 -37.820641 125.596252
v 128.785934 -33.163445 136.729965
v 129.507721 -33.092026 136.802841
v 129.068771 -29.969959 127.700729
v 126.117310 -32.706898 136.917206
v 126.276917 -33.163445 136.729965
v 127.607025 -33.268009 136.698914
v 126.416931 -33.174454 136.726700
v 128.272842 -33.163445 136.729965
v 125.299149 -44.986397 122.596603
v 125.389938 -45.279316 123.582993
v 130.011856 -42.377151 148.535034
v 129.603806 -34.653965 148.555801
v 129.698318 -34.653965 149.001266
v 129.887924 -42.377151 149.080185
v 125.489746 -34.653965 148.950912
v 125.399109 -34.653965 148.563309
v 125.300156 -42.377151 148.669861
v 125.300156 -42.377151 149.080185
v 128.887177 -42.377155 139.733124
v 128.624496 -34.653965 139.805527
v 129.546341 -34.653969 139.822800
v 129.735992 -42.377155 139.767685
v 128.927155 -27.019981 140.244812
v 128.786942 -27.019981 140.203094
v 128.786942 -27.019981 140.490967
v 128.927155 -27.019981 140.490311
v 129.218460 -26.652042 148.950378
v 128.361832 -26.652042 148.950378
v 128.361832 -26.930771 149.012497
v 129.356705 -26.930771 149.012497
v 129.370712 -26.652042 140.089371
v 129.370712 -26.652042 140.445801
v 129.508713 -26.930771 140.445160
v 129.508713 -26.930771 140.028534
v 125.817352 -26.652042 148.861511
v 125.817352 -26.652042 148.456741
v 125.679352 -26.930771 148.456741
v 125.679352 -26.930771 148.922348
v 125.969620 -26.652042 140.000488
v 126.826614 -26.652042 140.000488
v 126.826614 -26.930771 139.938385
v 125.831375 -26.930771 139.938385
v 125.779327 -34.653965 149.097839
v 126.563934 -34.653965 149.097839
v 127.559647 -27.039852 149.012497
v 125.831375 -26.930771 149.012497
v 129.370712 -26.652042 148.456741
v 129.069763 -26.529022 148.456741
v 129.069763 -26.529022 148.737823
v 129.370712 -26.652042 148.861511
v 128.361832 -26.652042 140.000488
v 128.361832 -26.529022 140.135956
v 128.917587 -26.529022 140.135956
v 129.218460 -26.652042 140.000488
v 125.817352 -26.693035 140.466675
v 126.118301 -26.570015 140.465286
v 126.118301 -26.529022 140.213043
v 125.817352 -26.652042 140.089371
v 127.559647 -26.761120 148.950378
v 127.559647 -26.638100 148.814926
v 126.270493 -26.529022 148.814926
v 125.969620 -26.652042 148.950378
v 128.927155 -27.019981 148.415482
v 128.927155 -27.019981 148.704300
v 128.273834 -27.019981 140.203094
v 126.277908 -27.060974 140.507019
v 126.277908 -27.019981 140.244812
v 127.608032 -27.129059 148.746033
v 126.418121 -27.019981 148.746033
v 129.698318 -34.653969 139.919388
v 129.887924 -42.377155 139.870697
v 129.508713 -26.930771 148.922348
v 125.752548 -42.377151 149.220886
v 125.679367 -26.930771 140.028534
v 129.356705 -26.930771 139.938385
v 129.546341 -34.653965 149.097839
v 125.641724 -34.653965 139.822800
v 125.489761 -34.653965 139.919388
v 128.917587 -26.529022 148.814926
v 129.069763 -26.529022 140.213043
v 126.270493 -26.529022 140.135956
v 126.118301 -26.529022 148.737823
v 128.786942 -27.019981 148.746033
v 126.418121 -27.019981 140.203094
v 126.277908 -27.019981 148.704300
v 125.452087 -42.377151 139.767685
v 126.563934 -34.653965 139.822800
v 126.301254 -42.377151 139.767685
v 126.417450 -27.060974 140.506363
v 126.931549 -27.060974 140.503998
v 126.931549 -27.019981 140.203094
v 128.361832 -26.930771 139.938385
v 128.887177 -42.377151 149.214493
v 128.624496 -34.653965 149.097839
v 126.301254 -42.377151 149.183197
v 126.826614 -26.529022 140.135956
v 128.361832 -26.529022 148.814926
v 128.273834 -27.019981 148.746033
v 128.273834 -27.019981 140.493332
v 129.735992 -42.377151 149.183197
v 129.887924 -42.377155 140.225250
v 129.698318 -34.653969 140.335205
v 125.679367 -26.971767 140.467316
v 125.535156 -34.653965 140.628372
v 128.786942 -27.019981 148.415482
v 129.508713 -26.930771 148.456741
v 129.069763 -26.529022 140.447189
v 126.118301 -26.529022 148.456741
v 126.277908 -27.019981 148.415482
v 127.608032 -27.129059 148.415482
v 126.417938 -27.031464 148.415482
v 128.273834 -27.019981 148.415482
v 125.300156 -42.377155 139.932220
v 125.390945 -42.377155 140.789444
v 123.209854 -53.175114 140.696030
v 122.801804 -46.684216 140.716797
v 122.896317 -46.684216 141.162262
v 123.085922 -53.175114 141.241180
v 118.687744 -46.684216 141.111908
v 118.597107 -46.684216 140.724304
v 118.498154 -53.175114 140.830856
v 118.498154 -53.175114 141.241180
v 122.085175 -53.175114 131.894119
v 121.822495 -46.684216 131.966522
v 122.744339 -46.684216 131.983795
v 122.933990 -53.175114 131.928680
v 122.125153 -40.268288 132.405807
v 121.984940 -40.268288 132.364090
v 121.984940 -40.268288 132.651962
v 122.125153 -40.268288 132.651306
v 122.416458 -39.959057 141.111374
v 121.559830 -39.959057 141.111374
v 121.559830 -40.193314 141.173492
v 122.554703 -40.193314 141.173492
v 122.568726 -39.959057 132.250366
v 122.568726 -39.959057 132.606796
v 122.706711 -40.193314 132.606155
v 122.706711 -40.193314 132.189529
v 119.015350 -39.959057 141.022507
v 119.015350 -39.959057 140.617737
v 118.877350 -40.193314 140.617737
v 118.877350 -40.193314 141.083344
v 119.167618 -39.959057 132.161484
v 120.024612 -39.959057 132.161484
v 120.024612 -40.193314 132.099365
v 119.029373 -40.193314 132.099365
v 118.977325 -46.684216 141.258835
v 119.761932 -46.684216 141.258835
v 120.757645 -40.284988 141.173492
v 119.029373 -40.193314 141.173492
v 122.568726 -39.959057 140.617737
v 122.267761 -39.855663 140.617737
v 122.267761 -39.855663 140.898819
v 122.568726 -39.959057 141.022507
v 121.559830 -39.959057 132.161484
v 121.559830 -39.855663 132.296951
v 122.115585 -39.855663 132.296951
v 122.416458 -39.959057 132.161484
v 119.015350 -39.993507 132.627670
v 119.316299 -39.890118 132.626282
v 119.316299 -39.855663 132.374039
v 119.015350 -39.959057 132.250366
v 120.757645 -40.050732 141.111374
v 120.757645 -39.947338 140.975922
v 119.468491 -39.855663 140.975922
v 119.167618 -39.959057 141.111374
v 122.125153 -40.268288 140.576477
v 122.125153 -40.268288 140.865295
v 121.471832 -40.268288 132.364090
v 119.475906 -40.302742 132.668015
v 119.475906 -40.268288 132.405807
v 120.806030 -40.359962 140.907028
v 119.616119 -40.268288 140.907028
v 122.896317 -46.684216 132.080383
v 123.085922 -53.175114 132.031693
v 122.706711 -40.193314 141.083344
v 118.950546 -53.175110 141.381882
v 118.877365 -40.193314 132.189529
v 122.554703 -40.193314 132.099365
v 122.744339 -46.684216 141.258835
v 118.839722 -46.684216 131.983795
v 118.687759 -46.684216 132.080383
v 122.115585 -39.855663 140.975922
v 122.267761 -39.855663 132.374039
v 119.468491 -39.855663 132.296951
v 119.316299 -39.855663 140.898819
v 121.984940 -40.268288 140.907028
v 119.616119 -40.268288 132.364090
v 119.475906 -40.268288 140.865295
v 118.650085 -53.175110 131.928680
v 119.761932 -46.684216 131.983795
v 119.499252 -53.175110 131.928680
v 119.615448 -40.302742 132.667358
v 120.129547 -40.302742 132.664993
v 120.129547 -40.268288 132.364090
v 121.559830 -40.193314 132.099365
v 122.085175 -53.175114 141.375488
v 121.822495 -46.684216 141.258835
v 119.499252 -53.175110 141.344193
v 120.024612 -39.855663 132.296951
v 121.559830 -39.855663 140.975922
v 121.471832 -40.268288 140.907028
v 121.471832 -40.268288 132.654327
v 122.933990 -53.175114 141.344193
v 123.085922 -53.175114 132.386246
v 122.896317 -46.684216 132.496201
v 118.877365 -40.227768 132.628311
v 118.733154 -46.684216 132.789368
v 121.984940 -40.268288 140.576477
v 122.706711 -40.193314 140.617737
v 122.267761 -39.855663 132.608185
v 119.316299 -39.855663 140.617737
v 119.475906 -40.268288 140.576477
v 120.806030 -40.359962 140.576477
v 119.615936 -40.277939 140.576477
v 121.471832 -40.268288 140.576477
v 118.498154 -53.175114 132.093216
v 118.588943 -53.175114 132.950439
v 144.532028 -42.377151 144.379150
v 144.552795 -34.653965 144.787186
v 144.998260 -34.653965 144.692688
v 145.077179 -42.377151 144.503082
v 144.947906 -34.653965 148.901245
v 144.560303 -34.653965 148.991898
v 144.666855 -42.377151 149.090851
v 145.077179 -42.377151 149.090851
v 135.730118 -42.377155 145.503830
v 135.802521 -34.653965 145.766495
v 135.819794 -34.653969 144.844650
v 135.764679 -42.377155 144.655014
v 136.241806 -27.019981 145.463852
v 136.200089 -27.019981 145.604065
v 136.487961 -27.019981 145.604065
v 136.487305 -27.019981 145.463852
v 144.947372 -26.652042 145.172546
v 144.947372 -26.652042 146.029175
v 145.009491 -26.930771 146.029175
v 145.009491 -26.930771 145.034302
v 136.086365 -26.652042 145.020279
v 136.442795 -26.652042 145.020279
v 136.442154 -26.930771 144.882278
v 136.025528 -26.930771 144.882278
v 144.858505 -26.652042 148.573654
v 144.453735 -26.652042 148.573654
v 144.453735 -26.930771 148.711639
v 144.919342 -26.930771 148.711639
v 135.997482 -26.652042 148.421387
v 135.997482 -26.652042 147.564392
v 135.935364 -26.930771 147.564392
v 135.935364 -26.930771 148.559631
v 145.094833 -34.653965 148.611679
v 145.094833 -34.653965 147.827072
v 145.009491 -27.039852 146.831360
v 145.009491 -26.930771 148.559631
v 144.453735 -26.652042 145.020279
v 144.453735 -26.529022 145.321228
v 144.734818 -26.529022 145.321228
v 144.858505 -26.652042 145.020279
v 135.997482 -26.652042 146.029175
v 136.132950 -26.529022 146.029175
v 136.132950 -26.529022 145.473419
v 135.997482 -26.652042 145.172546
v 136.463669 -26.693035 148.573639
v 136.462280 -26.570015 148.272690
v 136.210037 -26.529022 148.272690
v 136.086365 -26.652042 148.573639
v 144.947372 -26.761120 146.831360
v 144.811920 -26.638100 146.831360
v 144.811920 -26.529022 148.120514
v 144.947372 -26.652042 148.421387
v 144.412476 -27.019981 145.463852
v 144.701294 -27.019981 145.463852
v 136.200089 -27.019981 146.117172
v 136.504013 -27.060974 148.113098
v 136.241806 -27.019981 148.113098
v 144.743027 -27.129059 146.782974
v 144.743027 -27.019981 147.972885
v 135.916382 -34.653969 144.692688
v 135.867691 -42.377155 144.503082
v 144.919342 -26.930771 144.882278
v 145.217880 -42.377151 148.638458
v 136.025528 -26.930771 148.711639
v 135.935364 -26.930771 145.034302
v 145.094833 -34.653965 144.844650
v 135.819794 -34.653965 148.749268
v 135.916382 -34.653965 148.901245
v 144.811920 -26.529022 145.473419
v 136.210037 -26.529022 145.321228
v 136.132950 -26.529022 148.120514
v 144.734818 -26.529022 148.272690
v 144.743027 -27.019981 145.604065
v 136.200089 -27.019981 147.972885
v 144.701294 -27.019981 148.113098
v 135.764679 -42.377151 148.938919
v 135.819794 -34.653965 147.827072
v 135.764679 -42.377151 148.089737
v 136.503357 -27.060974 147.973541
v 136.500992 -27.060974 147.459442
v 136.200089 -27.019981 147.459442
v 135.935364 -26.930771 146.029175
v 145.211487 -42.377151 145.503830
v 145.094833 -34.653965 145.766510
v 145.180191 -42.377151 148.089737
v 136.132950 -26.529022 147.564392
v 144.811920 -26.529022 146.029175
v 144.743027 -27.019981 146.117172
v 136.490326 -27.019981 146.117172
v 145.180191 -42.377151 144.655014
v 136.222244 -42.377155 144.503082
v 136.332199 -34.653969 144.692688
v 136.464310 -26.971767 148.711639
v 136.625366 -34.653965 148.855850
v 144.412476 -27.019981 145.604065
v 144.453735 -26.930771 144.882278
v 136.444183 -26.529022 145.321228
v 144.453735 -26.529022 148.272690
v 144.412476 -27.019981 148.113098
v 144.412476 -27.129059 146.782974
v 144.412476 -27.031464 147.973068
v 144.412476 -27.019981 146.117172
v 135.929214 -42.377155 149.090851
v 136.786438 -42.377155 149.000061
v 123.209854 -53.175713 155.904022
v 122.801804 -46.684814 155.924789
v 122.896317 -46.684814 156.370255
v 123.085922 -53.175713 156.449173
v 118.687744 -46.684814 156.319901
v 118.597107 -46.684814 155.932297
v 118.498154 -53.175713 156.038849
v 118.498154 -53.175713 156.449173
v 122.085175 -53.175713 147.102112
v 121.822495 -46.684814 147.174515
v 122.744339 -46.684814 147.191788
v 122.933990 -53.175713 147.136673
v 122.125153 -40.268887 147.613800
v 121.984940 -40.268887 147.572083
v 121.984940 -40.268887 147.859955
v 122.125153 -40.268887 147.859299
v 122.416458 -39.959656 156.319366
v 121.559830 -39.959656 156.319366
v 121.559830 -40.193913 156.381485
v 122.554703 -40.193913 156.381485
v 122.568726 -39.959656 147.458359
v 122.568726 -39.959656 147.814789
v 122.706711 -40.193913 147.814148
v 122.706711 -40.193913 147.397522
v 119.015350 -39.959656 156.230499
v 119.015350 -39.959656 155.825729
v 118.877350 -40.193913 155.825729
v 118.877350 -40.193913 156.291336
v 119.167618 -39.959656 147.369476
v 120.024612 -39.959656 147.369476
v 120.024612 -40.193913 147.307373
v 119.029373 -40.193913 147.307373
v 118.977325 -46.684814 156.466827
v 119.761932 -46.684814 156.466827
v 120.757645 -40.285587 156.381485
v 119.029373 -40.193913 156.381485
v 122.568726 -39.959656 155.825729
v 122.267761 -39.856262 155.825729
v 122.267761 -39.856262 156.106812
v 122.568726 -39.959656 156.230499
v 121.559830 -39.959656 147.369476
v 121.559830 -39.856262 147.504944
v 122.115585 -39.856262 147.504944
v 122.416458 -39.959656 147.369476
v 119.015350 -39.994110 147.835663
v 119.316299 -39.890717 147.834274
v 119.316299 -39.856262 147.582031
v 119.015350 -39.959656 147.458359
v 120.757645 -40.051331 156.319366
v 120.757645 -39.947937 156.183914
v 119.468491 -39.856262 156.183914
v 119.167618 -39.959656 156.319366
v 122.125153 -40.268887 155.784470
v 122.125153 -40.268887 156.073288
v 121.471832 -40.268887 147.572083
v 119.475906 -40.303341 147.876007
v 119.475906 -40.268887 147.613800
v 120.806030 -40.360561 156.115021
v 119.616119 -40.268887 156.115021
v 122.896317 -46.684814 147.288376
v 123.085922 -53.175713 147.239685
v 122.706711 -40.193913 156.291336
v 118.950546 -53.175709 156.589874
v 118.877365 -40.193913 147.397522
v 122.554703 -40.193913 147.307373
v 122.744339 -46.684814 156.466827
v 118.839722 -46.684814 147.191788
v 118.687759 -46.684814 147.288376
v 122.115585 -39.856262 156.183914
v 122.267761 -39.856262 147.582031
v 119.468491 -39.856262 147.504944
v 119.316299 -39.856262 156.106812
v 121.984940 -40.268887 156.115021
v 119.616119 -40.268887 147.572083
v 119.475906 -40.268887 156.073288
v 118.650085 -53.175713 147.136673
v 119.761932 -46.684814 147.191788
v 119.499252 -53.175713 147.136673
v 119.615448 -40.303341 147.875351
v 120.129547 -40.303341 147.872986
v 120.129547 -40.268887 147.572083
v 121.559830 -40.193913 147.307373
v 122.085175 -53.175713 156.583481
v 121.822495 -46.684814 156.466827
v 119.499252 -53.175709 156.552185
v 120.024612 -39.856262 147.504944
v 121.559830 -39.856262 156.183914
v 121.471832 -40.268887 156.115021
v 121.471832 -40.268887 147.862320
v 122.933990 -53.175713 156.552185
v 123.085922 -53.175713 147.594238
v 122.896317 -46.684814 147.704193
v 118.877365 -40.228363 147.836304
v 118.733154 -46.684814 147.997360
v 121.984940 -40.268887 155.784470
v 122.706711 -40.193913 155.825729
v 122.267761 -39.856262 147.816177
v 119.316299 -39.856262 155.825729
v 119.475906 -40.268887 155.784470
v 120.806030 -40.360561 155.784470
v 119.615936 -40.278538 155.784470
v 121.471832 -40.268887 155.784470
v 118.498154 -53.175713 147.301208
v 118.588943 -53.175713 148.158432
v 129.078964 -53.176212 155.904846
v 129.058197 -46.685314 155.496811
v 128.612732 -46.685314 155.591309
v 128.533813 -53.176212 155.780914
v 128.663086 -46.685314 151.382751
v 129.050690 -46.685314 151.292099
v 128.944138 -53.176212 151.193146
v 128.533813 -53.176212 151.193146
v 137.880875 -53.176212 154.780167
v 137.808472 -46.685314 154.517502
v 137.791199 -46.685314 155.439346
v 137.846313 -53.176212 155.628983
v 137.369186 -40.269386 154.820145
v 137.410904 -40.269386 154.679932
v 137.123032 -40.269386 154.679932
v 137.123688 -40.269386 154.820145
v 128.663620 -39.960155 155.111450
v 128.663620 -39.960155 154.254822
v 128.601501 -40.194412 154.254822
v 128.601501 -40.194412 155.249695
v 137.524628 -39.960155 155.263718
v 137.168198 -39.960155 155.263718
v 137.168839 -40.194412 155.401703
v 137.585464 -40.194412 155.401703
v 128.752487 -39.960155 151.710342
v 129.157257 -39.960155 151.710342
v 129.157257 -40.194412 151.572357
v 128.691650 -40.194412 151.572357
v 137.613510 -39.960155 151.862610
v 137.613510 -39.960155 152.719604
v 137.675613 -40.194412 152.719604
v 137.675613 -40.194412 151.724365
v 128.516159 -46.685314 151.672318
v 128.516159 -46.685314 152.456924
v 128.601501 -40.286087 153.452637
v 128.601501 -40.194412 151.724365
v 129.157257 -39.960155 155.263718
v 129.157257 -39.856762 154.962753
v 128.876160 -39.856762 154.962753
v 128.752487 -39.960155 155.263718
v 137.613510 -39.960152 154.254822
v 137.478043 -39.856762 154.254822
v 137.478043 -39.856762 154.810577
v 137.613510 -39.960155 155.111450
v 137.147324 -39.994606 151.710342
v 137.148712 -39.891216 152.011307
v 137.400955 -39.856762 152.011307
v 137.524628 -39.960155 151.710342
v 128.663620 -40.051830 153.452637
v 128.799072 -39.948437 153.452637
v 128.799072 -39.856762 152.163483
v 128.663620 -39.960155 151.862610
v 129.198517 -40.269386 154.820145
v 128.909698 -40.269386 154.820145
v 137.410904 -40.269386 154.166824
v 137.106979 -40.303841 152.170898
v 137.369186 -40.269386 152.170898
v 128.867966 -40.361061 153.501022
v 128.867966 -40.269386 152.311111
v 137.694611 -46.685314 155.591309
v 137.743301 -53.176212 155.780914
v 128.691650 -40.194412 155.401703
v 128.393112 -53.176208 151.645538
v 137.585464 -40.194412 151.572357
v 137.675613 -40.194412 155.249695
v 128.516159 -46.685314 155.439346
v 137.791199 -46.685314 151.534714
v 137.694611 -46.685314 151.382751
v 128.799072 -39.856762 154.810577
v 137.400955 -39.856762 154.962753
v 137.478043 -39.856762 152.163483
v 128.876160 -39.856762 152.011307
v 128.867966 -40.269386 154.679932
v 137.410904 -40.269386 152.311111
v 128.909698 -40.269386 152.170898
v 137.846313 -53.176208 151.345078
v 137.791199 -46.685314 152.456924
v 137.846313 -53.176208 152.194260
v 137.107635 -40.303841 152.310455
v 137.110001 -40.303841 152.824554
v 137.410904 -40.269386 152.824554
v 137.675613 -40.194412 154.254822
v 128.399506 -53.176212 154.780167
v 128.516159 -46.685314 154.517502
v 128.430801 -53.176208 152.194260
v 137.478043 -39.856762 152.719604
v 128.799072 -39.856762 154.254822
v 128.867966 -40.269386 154.166824
v 137.120667 -40.269386 154.166824
v 128.430801 -53.176212 155.628983
v 137.388763 -53.176212 155.780914
v 137.278793 -46.685314 155.591309
v 137.146683 -40.228863 151.572357
v 136.985626 -46.685314 151.428146
v 129.198517 -40.269386 154.679932
v 129.157257 -40.194412 155.401703
v 137.166809 -39.856762 154.962753
v 129.157257 -39.856762 152.011307
v 129.198517 -40.269386 152.170898
v 129.198517 -40.361061 153.501022
v 129.198517 -40.279037 152.310928
v 129.198517 -40.269386 154.166824
v 137.681778 -53.176212 151.193146
v 136.824554 -53.176212 151.283936
v 118.912216 -62.804302 155.593338
v 118.705200 -57.959988 155.674774
v 118.753143 -57.959988 157.421097
v 118.849335 -62.804302 157.730469
v 116.617996 -57.959988 157.223724
v 116.572006 -57.959988 155.704193
v 116.521805 -62.804302 156.121933
v 116.521805 -62.804302 157.730469
v 118.341629 -62.804302 121.087936
v 118.208359 -57.959988 121.371758
v 118.676041 -57.959991 121.439507
v 118.772263 -62.804302 121.223442
v 118.361908 -53.171627 123.093887
v 118.290771 -53.171627 122.930344
v 118.290771 -53.171627 124.058838
v 118.361908 -53.171627 124.056297
v 118.509689 -52.940838 157.221634
v 118.075089 -52.940838 157.221634
v 118.075089 -53.115669 157.465134
v 118.579834 -53.115669 157.465134
v 118.586945 -52.940842 122.484489
v 118.586945 -52.940842 123.881790
v 118.656952 -53.115669 123.879288
v 118.656952 -53.115669 122.245995
v 116.784195 -52.940838 156.873230
v 116.784195 -52.940838 155.286438
v 116.714188 -53.115669 155.286438
v 116.714188 -53.115669 157.111725
v 116.861450 -52.940842 122.136086
v 117.296234 -52.940842 122.136086
v 117.296234 -53.115669 121.892578
v 116.791306 -53.115669 121.892578
v 116.764908 -57.959988 157.799713
v 117.162964 -57.959988 157.799713
v 117.668121 -53.184086 157.465134
v 116.791306 -53.115669 157.465134
v 118.586945 -52.940838 155.286438
v 118.434265 -52.863674 155.286438
v 118.434265 -52.863674 156.388367
v 118.586945 -52.940838 156.873230
v 118.075104 -52.940838 122.136086
v 118.075104 -52.863674 122.667145
v 118.357056 -52.863674 122.667145
v 118.509689 -52.940842 122.136086
v 116.784195 -52.966553 123.963623
v 116.936890 -52.889389 123.958176
v 116.936890 -52.863674 122.969353
v 116.784195 -52.940842 122.484489
v 117.668121 -53.009254 157.221634
v 117.668121 -52.932091 156.690582
v 117.014084 -52.863674 156.690582
v 116.861450 -52.940838 157.221634
v 118.361908 -53.171623 155.124695
v 118.361908 -53.171623 156.256958
v 118.030457 -53.171627 122.930344
v 117.017853 -53.197338 124.121765
v 117.017853 -53.171627 123.093887
v 117.692673 -53.240044 156.420502
v 117.088989 -53.171623 156.420502
v 118.753143 -57.959991 121.818123
v 118.849335 -62.804302 121.627258
v 118.656952 -53.115669 157.111725
v 116.751312 -62.804298 158.282059
v 116.714188 -53.115669 122.245995
v 118.579834 -53.115669 121.892578
v 118.676041 -57.959988 157.799713
v 116.695099 -57.959988 121.439507
v 116.617996 -57.959988 121.818123
v 118.357056 -52.863674 156.690582
v 118.434265 -52.863674 122.969353
v 117.014084 -52.863674 122.667145
v 116.936874 -52.863674 156.388367
v 118.290771 -53.171623 156.420502
v 117.088989 -53.171627 122.930344
v 117.017853 -53.171623 156.256958
v 116.598877 -62.804302 121.223442
v 117.162964 -57.959988 121.439507
v 117.029694 -62.804302 121.223442
v 117.088654 -53.197338 124.119232
v 117.349472 -53.197338 124.109924
v 117.349472 -53.171627 122.930344
v 118.075104 -53.115669 121.892578
v 118.341629 -62.804302 158.257004
v 118.208359 -57.959988 157.799713
v 117.029694 -62.804298 158.134277
v 117.296234 -52.863674 122.667145
v 118.075089 -52.863674 156.690582
v 118.030457 -53.171623 156.420502
v 118.030457 -53.171627 124.068130
v 118.772263 -62.804302 158.134277
v 118.849335 -62.804302 123.017151
v 118.753143 -57.959991 123.448219
v 116.714188 -53.141384 123.966125
v 116.641022 -57.959988 124.597534
v 118.290771 -53.171623 155.124695
v 118.656952 -53.115669 155.286438
v 118.434265 -52.863674 123.887238
v 116.936874 -52.863674 155.286438
v 117.017853 -53.171623 155.124695
v 117.692673 -53.240044 155.124695
v 117.088882 -53.178825 155.124695
v 118.030457 -53.171623 155.124695
v 116.521805 -62.804302 121.868454
v 116.567871 -62.804302 125.228943
v 145.683548 -66.439186 155.686798
v 145.753387 -59.823753 155.893814
v 147.250854 -59.823753 155.845871
v 147.516144 -66.439186 155.749680
v 147.081604 -59.823753 157.981018
v 145.778595 -59.823753 158.027008
v 146.136826 -66.439186 158.077209
v 147.516144 -66.439186 158.077209
v 116.094879 -66.439194 156.257385
v 116.338257 -59.823753 156.390656
v 116.396347 -59.823757 155.922958
v 116.211075 -66.439194 155.826752
v 117.815002 -53.284729 156.237106
v 117.674759 -53.284729 156.308243
v 118.642441 -53.284729 156.308243
v 118.640274 -53.284729 156.237106
v 147.079819 -52.969559 156.089310
v 147.079819 -52.969559 156.523911
v 147.288620 -53.208313 156.523911
v 147.288620 -53.208313 156.019180
v 117.292435 -52.969563 156.012070
v 118.490616 -52.969563 156.012070
v 118.488480 -53.208313 155.942062
v 117.087921 -53.208313 155.942062
v 146.781067 -52.969559 157.814819
v 145.420380 -52.969559 157.814819
v 145.420364 -53.208313 157.884827
v 146.985565 -53.208313 157.884827
v 116.993668 -52.969563 157.737564
v 116.993668 -52.969563 157.302780
v 116.784866 -53.208313 157.302780
v 116.784866 -53.208313 157.807693
v 147.575531 -59.823753 157.834106
v 147.575531 -59.823753 157.436050
v 147.288620 -53.301746 156.930893
v 147.288620 -53.208313 157.807709
v 145.420364 -52.969559 156.012070
v 145.420364 -52.864185 156.164749
v 146.365295 -52.864185 156.164749
v 146.781067 -52.969559 156.012070
v 116.993668 -52.969563 156.523911
v 117.449051 -52.864189 156.523911
v 117.449051 -52.864189 156.241959
v 116.993668 -52.969563 156.089310
v 118.560806 -53.004677 157.814804
v 118.556122 -52.899300 157.662125
v 117.708206 -52.864189 157.662125
v 117.292435 -52.969563 157.814804
v 147.079819 -53.062996 156.930893
v 146.624435 -52.957619 156.930893
v 146.624435 -52.864185 157.584930
v 147.079819 -52.969559 157.737564
v 145.281677 -53.284725 156.237106
v 146.252594 -53.284725 156.237106
v 117.674759 -53.284729 156.568558
v 118.696396 -53.319839 157.581161
v 117.815002 -53.284729 157.581161
v 146.392838 -53.378159 156.906342
v 146.392838 -53.284725 157.510025
v 116.721008 -59.823757 155.845856
v 116.557343 -66.439194 155.749664
v 146.985565 -53.208313 155.942062
v 147.989136 -66.439186 157.847687
v 117.087921 -53.208313 157.884827
v 116.784866 -53.208313 156.019180
v 147.575531 -59.823753 155.922974
v 116.396347 -59.823753 157.903915
v 116.721008 -59.823753 157.981018
v 146.624435 -52.864185 156.241959
v 117.708206 -52.864189 156.164749
v 117.449051 -52.864189 157.584915
v 146.365295 -52.864185 157.662125
v 146.392838 -53.284725 156.308243
v 117.674759 -53.284729 157.510025
v 146.252594 -53.284725 157.581161
v 116.211075 -66.439186 158.000122
v 116.396347 -59.823753 157.436050
v 116.211075 -66.439186 157.569305
v 118.694229 -53.319839 157.510361
v 118.686249 -53.319839 157.249542
v 117.674759 -53.284729 157.249542
v 116.784866 -53.208313 156.523911
v 147.967651 -66.439186 156.257385
v 147.575531 -59.823753 156.390656
v 147.862427 -66.439186 157.569321
v 117.449051 -52.864189 157.302780
v 146.624435 -52.864185 156.523911
v 146.392838 -53.284725 156.568558
v 118.650421 -53.284729 156.568558
v 147.862427 -66.439186 155.826752
v 117.749191 -66.439194 155.749664
v 118.118835 -59.823757 155.845856
v 118.562943 -53.243427 157.884827
v 119.104385 -59.823753 157.957977
v 145.281677 -53.284725 156.308243
v 145.420364 -53.208313 155.942062
v 118.495300 -52.864185 156.164749
v 145.420380 -52.864185 157.662125
v 145.281677 -53.284725 157.581161
v 145.281677 -53.378159 156.906342
v 145.281677 -53.294559 157.510117
v 145.281677 -53.284725 156.568558
v 116.764175 -66.439194 158.077209
v 119.645813 -66.439194 158.031143
vn 0.9961 0.0163 0.0871
vn 0.9958 0.0562 -0.0725
vn 0.9291 -0.0699 0.3631
vn 0.8589 -0.1193 0.4980
vn -0.8217 -0.1426 0.5518
vn -0.9959 -0.0027 0.0903
vn -0.9998 0.0180 0.0043
vn -0.8206 -0.1321 0.5560
vn 0.0161 0.2945 -0.9555
vn 0.0062 0.2993 -0.9541
vn 0.3296 0.2798 -0.9017
vn -0.0455 0.2879 -0.9566
vn -0.5677 0.5439 0.6180
vn -0.1124 0.5137 0.8505
vn -0.0000 0.9586 0.2847
vn -0.6004 0.7666 0.2277
vn 0.2652 0.1861 0.9461
vn -0.0421 0.2610 0.9644
vn -0.0100 -0.1455 0.9893
vn 0.1448 0.2347 0.9612
vn 0.6939 0.7033 -0.1545
vn 0.6831 0.7001 0.2079
vn 0.9711 0.2282 0.0693
vn 0.8602 0.3670 -0.3541
vn -0.6939 0.5050 0.5133
vn -0.8473 0.5096 0.1496
vn -0.9698 0.2345 0.0669
vn -0.8583 0.1136 0.5004
vn -0.2652 0.6723 -0.6912
vn -0.0000 0.5956 -0.8033
vn -0.0004 0.4159 -0.9094
vn -0.1448 0.7195 -0.6793
vn -0.2750 -0.2595 0.9258
vn 0.0001 -0.2696 0.9630
vn -0.0042 -0.1585 0.9873
vn -0.2260 -0.0153 0.9740
vn 0.6813 0.7017 0.2084
vn -0.4350 0.8632 0.2563
vn -0.2038 0.9621 0.1813
vn 0.5074 0.6271 0.5910
vn -0.0000 0.7828 -0.6223
vn -0.0000 0.7845 0.6201
vn -0.1641 0.8633 0.4773
vn 0.2919 0.8809 -0.3726
vn -0.6900 0.6806 0.2466
vn 0.4327 0.8448 0.3148
vn 0.1699 0.8910 0.4211
vn -0.5246 0.8436 -0.1144
vn 0.0460 0.2808 0.9587
vn -0.0228 0.9933 -0.1133
vn 0.2119 0.9702 0.1173
vn -0.2661 0.5246 0.8087
vn -0.6004 0.7666 0.2276
vn -0.5683 0.7995 -0.1944
vn -0.0000 0.5464 0.8375
vn 0.5756 0.7680 0.2806
vn 0.5666 0.5246 0.6354
vn -0.0300 0.9272 -0.3734
vn 0.1448 0.8818 -0.4488
vn 0.8954 0.1532 -0.4181
vn 0.9032 0.1463 -0.4034
vn 0.8621 0.1100 0.4946
vn -0.1541 -0.2628 0.9525
vn -0.8629 0.3690 -0.3452
vn 0.2559 0.7450 -0.6160
vn 0.3134 -0.2507 0.9159
vn -0.3128 0.2871 -0.9054
vn -0.9066 0.1458 -0.3960
vn -0.1593 0.9857 0.0555
vn -0.1919 0.9090 0.3700
vn 0.1620 0.8577 0.4880
vn 0.1830 0.9639 0.1932
vn -0.0977 0.9003 -0.4241
vn 0.1015 0.4786 0.8721
vn 0.5627 0.7955 -0.2248
vn -0.4384 0.2699 -0.8573
vn -0.0050 0.2975 -0.9547
vn -0.0074 0.2937 -0.9559
vn 0.0046 0.9398 0.3417
vn -0.0160 0.9403 0.3401
vn -0.0077 0.5021 0.8648
vn 0.0004 0.4160 -0.9093
vn 0.0167 -0.2682 0.9632
vn 0.0008 -0.2706 0.9627
vn 0.0349 -0.2729 0.9614
vn -0.0612 0.9952 -0.0770
vn -0.0625 0.9049 -0.4210
vn -0.0088 0.9572 0.2892
vn 0.3506 -0.2443 0.9041
vn 0.9995 0.0291 0.0088
vn 0.9997 0.0221 0.0116
vn -0.9726 0.2197 0.0758
vn -0.9995 0.0150 0.0277
vn 0.9723 0.2242 0.0666
vn 0.4203 0.8704 0.2565
vn 0.6207 0.7521 0.2216
vn -0.0437 0.9565 0.2885
vn 0.0791 0.9582 0.2748
vn -0.0782 0.9545 0.2879
vn -0.9600 0.0997 -0.2617
vn -0.9991 0.0070 0.0408
vn 0.9946 0.0403 0.0957
vn 0.9943 0.0329 -0.1019
vn 0.9194 0.0359 0.3918
vn 0.8262 0.0260 0.5628
vn -0.7876 0.0193 0.6158
vn -0.9943 0.0232 0.1045
vn -0.9998 0.0185 -0.0020
vn -0.8052 0.0297 0.5923
vn 0.0134 0.0086 -0.9999
vn 0.0052 0.0128 -0.9999
vn 0.2872 0.0085 -0.9578
vn -0.0885 0.0012 -0.9961
vn -0.5572 0.6895 0.4626
vn -0.0951 0.7297 0.6771
vn -0.0000 1.0000 -0.0000
vn -0.6004 0.7997 -0.0000
vn 0.2489 0.4101 0.8774
vn -0.0383 0.4678 0.8830
vn -0.0084 0.1194 0.9928
vn 0.1069 0.4686 0.8769
vn 0.6871 0.6144 -0.3878
vn 0.6831 0.7303 -0.0000
vn 0.9712 0.2383 0.0015
vn 0.8455 0.2423 -0.4759
vn -0.6871 0.6144 0.3878
vn -0.8476 0.5306 -0.0020
vn -0.9699 0.2437 -0.0028
vn -0.8435 0.2429 0.4790
vn -0.2489 0.4101 -0.8774
vn -0.0000 0.2813 -0.9596
vn -0.0004 0.1173 -0.9931
vn -0.1069 0.4660 -0.8783
vn -0.2374 0.0122 0.9713
vn 0.0001 0.0131 0.9999
vn -0.0035 0.1084 0.9941
vn -0.1901 0.2380 0.9525
vn 0.6813 0.7320 -0.0000
vn -0.4350 0.9004 -0.0000
vn -0.1896 0.9792 -0.0726
vn 0.4980 0.7546 0.4273
vn -0.0000 0.5180 -0.8554
vn -0.0000 0.9398 0.3418
vn -0.1644 0.9655 0.2019
vn 0.2752 0.7100 -0.6482
vn -0.6913 0.7209 0.0490
vn 0.4353 0.8973 0.0734
vn 0.1531 0.9792 0.1332
vn -0.5168 0.7661 -0.3822
vn 0.0475 0.4863 0.8725
vn -0.0233 0.9320 -0.3616
vn 0.2150 0.9644 -0.1538
vn -0.2507 0.7038 0.6646
vn -0.5583 0.7020 -0.4422
vn -0.0000 0.7535 0.6575
vn 0.5734 0.8171 0.0604
vn 0.5558 0.6675 0.4954
vn -0.0299 0.7745 -0.6319
vn 0.1276 0.7101 -0.6924
vn 0.8756 0.0268 -0.4822
vn 0.8841 0.0246 -0.4667
vn 0.8474 0.2376 0.4747
vn -0.1325 0.0161 0.9911
vn -0.8490 0.2483 -0.4664
vn 0.2171 0.5119 -0.8312
vn 0.2726 0.0175 0.9620
vn -0.2722 0.0146 -0.9621
vn -0.8903 0.0260 -0.4546
vn -0.1589 0.9634 -0.2161
vn -0.1792 0.9816 0.0667
vn 0.1616 0.9637 0.2127
vn 0.1708 0.9835 -0.0599
vn -0.0827 0.7363 -0.6716
vn 0.0871 0.6929 0.7158
vn 0.5529 0.6894 -0.4680
vn -0.3977 0.0129 -0.9174
vn -0.0042 0.0112 -0.9999
vn -0.0061 0.0079 -1.0000
vn 0.0053 0.9974 0.0717
vn -0.0162 0.9974 0.0700
vn -0.0080 0.7104 0.7037
vn 0.0004 0.1174 -0.9931
vn 0.0139 0.0143 0.9998
vn 0.0006 0.0122 0.9999
vn 0.0291 0.0101 0.9995
vn -0.0618 0.9425 -0.3286
vn -0.0614 0.7378 -0.6722
vn -0.0086 1.0000 0.0048
vn 0.3061 0.0198 0.9518
vn 0.9995 0.0312 -0.0006
vn 0.9997 0.0245 0.0057
vn -0.9729 0.2311 0.0118
vn -0.9994 0.0225 0.0263
vn 0.9723 0.2338 -0.0000
vn 0.4202 0.9074 -0.0023
vn 0.6207 0.7840 -0.0021
vn -0.0444 0.9990 0.0052
vn 0.0784 0.9969 -0.0119
vn -0.0776 0.9970 0.0050
vn -0.9494 0.0208 -0.3134
vn -0.9988 0.0181 0.0448
vn 0.9944 0.0481 0.0941
vn 0.9940 0.0394 -0.1020
vn 0.9187 0.0426 0.3926
vn 0.8262 0.0310 0.5625
vn -0.7878 0.0230 0.6155
vn -0.9942 0.0275 0.1042
vn -0.9998 0.0220 -0.0013
vn -0.8051 0.0353 0.5921
vn 0.0134 0.0102 -0.9999
vn 0.0052 0.0152 -0.9999
vn 0.2870 0.0120 -0.9578
vn -0.0880 0.0040 -0.9961
vn -0.5403 0.7056 0.4584
vn -0.0924 0.7397 0.6665
vn -0.5802 0.8145 -0.0000
vn 0.2318 0.4608 0.8567
vn -0.0355 0.5209 0.8529
vn -0.0082 0.1402 0.9901
vn 0.0871 0.4901 0.8673
vn 0.6522 0.6630 -0.3676
vn 0.6343 0.7731 -0.0000
vn 0.9613 0.2756 0.0017
vn 0.8376 0.2765 -0.4710
vn -0.6522 0.6630 0.3676
vn -0.8111 0.5848 -0.0018
vn -0.9594 0.2819 -0.0031
vn -0.8353 0.2772 0.4749
vn -0.2318 0.4608 -0.8567
vn -0.0000 0.3398 -0.9405
vn -0.0004 0.1386 -0.9903
vn -0.0874 0.4878 -0.8685
vn -0.2375 0.0149 0.9713
vn 0.0001 0.0155 0.9999
vn -0.0036 0.1293 0.9916
vn -0.1899 0.2683 0.9444
vn 0.6324 0.7746 -0.0000
vn -0.4382 0.8989 -0.0000
vn -0.2017 0.9759 -0.0832
vn 0.4569 0.7908 0.4072
vn -0.0000 0.5706 -0.8212
vn -0.0000 0.9291 0.3698
vn -0.1593 0.9605 0.2282
vn 0.2576 0.7464 -0.6137
vn -0.6410 0.7662 0.0445
vn 0.4329 0.8993 0.0618
vn 0.1690 0.9766 0.1328
vn -0.4751 0.7997 -0.3670
vn 0.0485 0.5420 0.8390
vn -0.0189 0.9222 -0.3863
vn 0.2020 0.9626 -0.1805
vn -0.2351 0.7396 0.6306
vn -0.5415 0.7199 -0.4343
vn -0.0000 0.7618 0.6478
vn 0.5537 0.8311 0.0516
vn 0.5351 0.6944 0.4811
vn -0.0254 0.7794 -0.6261
vn 0.1196 0.7249 -0.6783
vn 0.8754 0.0319 -0.4823
vn 0.8841 0.0293 -0.4664
vn 0.8401 0.2711 0.4698
vn -0.1333 0.0192 0.9909
vn -0.8408 0.2822 -0.4619
vn 0.1956 0.5392 -0.8192
vn 0.2725 0.0208 0.9619
vn -0.2721 0.0179 -0.9621
vn -0.8900 0.0310 -0.4549
vn -0.1529 0.9575 -0.2446
vn -0.1905 0.9786 0.0782
vn 0.1558 0.9580 0.2407
vn 0.1810 0.9809 -0.0706
vn -0.0787 0.7466 -0.6606
vn 0.0821 0.7107 0.6987
vn 0.5333 0.7084 -0.4624
vn -0.3982 0.0154 -0.9172
vn -0.0042 0.0133 -0.9999
vn -0.0060 0.0094 -0.9999
vn 0.0045 0.9982 0.0604
vn -0.0137 0.9982 0.0590
vn -0.0067 0.7262 0.6874
vn 0.0004 0.1388 -0.9903
vn 0.0142 0.0170 0.9998
vn 0.0008 0.0145 0.9999
vn 0.0293 0.0120 0.9995
vn -0.0516 0.9325 -0.3575
vn -0.0528 0.7502 -0.6591
vn -0.0073 1.0000 0.0040
vn 0.3064 0.0235 0.9516
vn 0.9993 0.0362 0.0001
vn 0.9996 0.0291 0.0057
vn -0.9632 0.2685 0.0118
vn -0.9993 0.0265 0.0267
vn 0.9628 0.2701 -0.0000
vn 0.4214 0.9069 -0.0019
vn 0.5937 0.8047 -0.0018
vn -0.0375 0.9993 0.0043
vn 0.0659 0.9978 -0.0100
vn -0.0654 0.9979 0.0042
vn -0.9494 0.0248 -0.3131
vn -0.9988 0.0218 0.0445
vn 0.0957 0.0403 -0.9946
vn -0.1018 0.0329 -0.9943
vn 0.3918 0.0359 -0.9194
vn 0.5628 0.0260 -0.8262
vn 0.6159 0.0193 0.7876
vn 0.1045 0.0232 0.9943
vn -0.0020 0.0185 0.9998
vn 0.5923 0.0297 0.8052
vn -0.9999 0.0086 -0.0134
vn -0.9999 0.0128 -0.0052
vn -0.9578 0.0085 -0.2873
vn -0.9961 0.0012 0.0885
vn 0.4626 0.6895 0.5572
vn 0.6771 0.7297 0.0951
vn -0.0000 0.7997 0.6004
vn 0.8774 0.4101 -0.2489
vn 0.8830 0.4678 0.0383
vn 0.9928 0.1194 0.0084
vn 0.8769 0.4686 -0.1069
vn -0.3878 0.6144 -0.6871
vn -0.0000 0.7303 -0.6831
vn 0.0015 0.2383 -0.9712
vn -0.4759 0.2423 -0.8455
vn 0.3878 0.6143 0.6872
vn -0.0020 0.5305 0.8477
vn -0.0028 0.2436 0.9699
vn 0.4790 0.2429 0.8435
vn -0.8774 0.4101 0.2490
vn -0.9596 0.2813 -0.0000
vn -0.9931 0.1173 0.0004
vn -0.8783 0.4661 0.1069
vn 0.9713 0.0122 0.2374
vn 0.9999 0.0131 -0.0001
vn 0.9941 0.1084 0.0035
vn 0.9525 0.2380 0.1902
vn -0.0000 0.7320 -0.6813
vn -0.0000 0.9004 0.4350
vn -0.0726 0.9792 0.1896
vn 0.4273 0.7546 -0.4980
vn -0.8554 0.5180 -0.0000
vn 0.3418 0.9398 -0.0000
vn 0.2019 0.9655 0.1644
vn -0.6482 0.7100 -0.2752
vn 0.0490 0.7210 0.6913
vn 0.0734 0.8973 -0.4353
vn 0.1332 0.9792 -0.1531
vn -0.3821 0.7661 0.5168
vn 0.8725 0.4863 -0.0475
vn -0.3616 0.9320 0.0233
vn -0.1538 0.9644 -0.2150
vn 0.6646 0.7038 0.2507
vn -0.4422 0.7020 0.5583
vn 0.6575 0.7535 -0.0000
vn 0.0604 0.8171 -0.5734
vn 0.4954 0.6675 -0.5558
vn -0.6319 0.7745 0.0299
vn -0.6924 0.7101 -0.1276
vn -0.4822 0.0268 -0.8756
vn -0.4667 0.0246 -0.8841
vn 0.4748 0.2376 -0.8474
vn 0.9911 0.0161 0.1325
vn -0.4663 0.2483 0.8490
vn -0.8312 0.5119 -0.2171
vn 0.9620 0.0175 -0.2726
vn -0.9621 0.0146 0.2722
vn -0.4546 0.0260 0.8903
vn -0.2161 0.9634 0.1589
vn 0.0666 0.9816 0.1792
vn 0.2127 0.9637 -0.1616
vn -0.0599 0.9835 -0.1708
vn -0.6716 0.7363 0.0827
vn 0.7158 0.6929 -0.0871
vn -0.4680 0.6894 -0.5529
vn -0.9174 0.0129 0.3977
vn -0.9999 0.0112 0.0042
vn -1.0000 0.0079 0.0061
vn 0.0716 0.9974 -0.0053
vn 0.0700 0.9974 0.0162
vn 0.7037 0.7104 0.0080
vn -0.9931 0.1175 -0.0004
vn 0.9998 0.0143 -0.0139
vn 0.9999 0.0122 -0.0006
vn 0.9995 0.0101 -0.0291
vn -0.3286 0.9425 0.0618
vn -0.6722 0.7378 0.0614
vn 0.0048 1.0000 0.0086
vn 0.9518 0.0198 -0.3061
vn -0.0006 0.0312 -0.9995
vn 0.0057 0.0245 -0.9997
vn 0.0118 0.2311 0.9729
vn 0.0263 0.0225 0.9994
vn -0.0000 0.2338 -0.9723
vn -0.0023 0.9074 -0.4202
vn -0.0021 0.7840 -0.6207
vn 0.0052 0.9990 0.0444
vn -0.0119 0.9969 -0.0784
vn 0.0050 0.9970 0.0776
vn -0.3134 0.0208 0.9494
vn 0.0448 0.0181 0.9988
vn 0.8376 0.2765 -0.4711
vn -0.2318 0.4607 -0.8567
vn -0.0873 0.4878 -0.8686
vn 0.2576 0.7463 -0.6137
vn -0.8408 0.2822 -0.4620
vn 0.1955 0.5392 -0.8192
vn -0.0528 0.7502 -0.6592
vn -0.9632 0.2685 0.0119
vn -0.0941 0.0481 0.9944
vn 0.1020 0.0394 0.9940
vn -0.3925 0.0426 0.9187
vn -0.5625 0.0310 0.8262
vn -0.6155 0.0230 -0.7878
vn -0.1042 0.0275 -0.9942
vn 0.0013 0.0220 -0.9998
vn -0.5921 0.0353 -0.8051
vn 0.9999 0.0102 0.0134
vn 0.9999 0.0152 0.0052
vn 0.9578 0.0120 0.2870
vn 0.9961 0.0040 -0.0879
vn -0.4585 0.7056 -0.5403
vn -0.6665 0.7397 -0.0924
vn -0.0000 0.8145 -0.5802
vn -0.8567 0.4608 0.2318
vn -0.8529 0.5209 -0.0355
vn -0.9901 0.1402 -0.0082
vn -0.8673 0.4901 0.0871
vn 0.3676 0.6630 0.6522
vn -0.0000 0.7731 0.6343
vn -0.0017 0.2756 0.9613
vn 0.4711 0.2765 0.8376
vn -0.3676 0.6630 -0.6522
vn 0.0018 0.5848 -0.8112
vn 0.0031 0.2819 -0.9595
vn -0.4748 0.2772 -0.8353
vn 0.8567 0.4607 -0.2318
vn 0.9405 0.3398 -0.0000
vn 0.9903 0.1386 -0.0004
vn 0.8686 0.4878 -0.0873
vn -0.9713 0.0149 -0.2375
vn -0.9999 0.0155 0.0001
vn -0.9916 0.1293 -0.0036
vn -0.9444 0.2683 -0.1899
vn -0.0000 0.7746 0.6324
vn -0.0000 0.8989 -0.4382
vn 0.0832 0.9759 -0.2017
vn -0.4072 0.7908 0.4569
vn 0.8212 0.5706 -0.0000
vn -0.3698 0.9291 -0.0000
vn -0.2282 0.9605 -0.1593
vn 0.6137 0.7463 0.2576
vn -0.0445 0.7662 -0.6410
vn -0.0618 0.8993 0.4329
vn -0.1328 0.9766 0.1690
vn 0.3670 0.7997 -0.4751
vn -0.8390 0.5420 0.0485
vn 0.3863 0.9222 -0.0189
vn 0.1805 0.9626 0.2020
vn -0.6306 0.7396 -0.2351
vn 0.4343 0.7199 -0.5415
vn -0.6478 0.7618 -0.0000
vn -0.0516 0.8311 0.5537
vn -0.4811 0.6944 0.5351
vn 0.6261 0.7794 -0.0254
vn 0.6783 0.7250 0.1196
vn 0.4823 0.0319 0.8754
vn 0.4664 0.0293 0.8841
vn -0.4698 0.2711 0.8401
vn -0.9909 0.0192 -0.1333
vn 0.4620 0.2822 -0.8408
vn 0.8192 0.5392 0.1955
vn -0.9619 0.0208 0.2726
vn 0.9621 0.0179 -0.2721
vn 0.4548 0.0310 -0.8900
vn 0.2447 0.9575 -0.1529
vn -0.0782 0.9786 -0.1906
vn -0.2407 0.9580 0.1558
vn 0.0706 0.9809 0.1810
vn 0.6606 0.7466 -0.0787
vn -0.6987 0.7107 0.0821
vn 0.4624 0.7084 0.5333
vn 0.9172 0.0154 -0.3982
vn 0.9999 0.0133 -0.0042
vn 0.9999 0.0094 -0.0060
vn -0.0604 0.9982 0.0045
vn -0.0590 0.9982 -0.0137
vn -0.6874 0.7262 -0.0067
vn 0.9903 0.1388 0.0004
vn -0.9998 0.0170 0.0142
vn -0.9999 0.0145 0.0008
vn -0.9995 0.0120 0.0293
vn 0.3575 0.9325 -0.0516
vn 0.6591 0.7502 -0.0528
vn -0.0040 1.0000 -0.0073
vn -0.9516 0.0235 0.3064
vn -0.0001 0.0362 0.9993
vn -0.0057 0.0291 0.9996
vn -0.0119 0.2684 -0.9632
vn -0.0267 0.0265 -0.9993
vn -0.0000 0.2701 0.9628
vn 0.0019 0.9069 0.4214
vn 0.0018 0.8047 0.5937
vn -0.0043 0.9993 -0.0375
vn 0.0100 0.9978 0.0659
vn -0.0042 0.9979 -0.0654
vn 0.3131 0.0248 -0.9494
vn -0.0445 0.0218 -0.9988
vn 0.9994 0.0347 0.0073
vn 0.9995 0.0278 -0.0129
vn 0.9954 0.0309 0.0904
vn 0.9934 0.0269 0.1118
vn -0.9903 0.0217 0.1375
vn -0.9997 0.0187 0.0124
vn -0.9999 0.0146 0.0023
vn -0.9773 0.0411 0.2076
vn 0.0985 0.0533 -0.9937
vn 0.0393 0.0791 -0.9961
vn 0.6809 0.0611 -0.7298
vn 0.3824 0.0362 -0.9233
vn -0.6356 0.7651 0.1033
vn -0.3915 0.8189 0.4196
vn -0.6210 0.7838 -0.0000
vn 0.4331 0.7405 0.5140
vn -0.0801 0.9060 0.4157
vn -0.0428 0.5031 0.8631
vn 0.4926 0.7327 0.4695
vn 0.7394 0.6687 -0.0787
vn 0.7388 0.6739 -0.0000
vn 0.9800 0.1988 0.0004
vn 0.9509 0.2834 -0.1243
vn -0.7394 0.6687 0.0787
vn -0.8844 0.4666 -0.0003
vn -0.9791 0.2033 -0.0006
vn -0.9507 0.2822 0.1282
vn -0.4331 0.7405 -0.5140
vn -0.0000 0.8100 -0.5864
vn -0.0024 0.5002 -0.8659
vn -0.4906 0.7356 -0.4672
vn -0.6202 0.0664 0.7816
vn 0.0007 0.0816 0.9967
vn -0.0192 0.4605 0.8875
vn -0.4353 0.4974 0.7504
vn 0.7372 0.6757 -0.0000
vn -0.4223 0.9064 -0.0000
vn -0.3496 0.9319 -0.0970
vn 0.5884 0.8001 0.1169
vn -0.0000 0.9340 -0.3573
vn -0.0000 0.9360 0.3519
vn -0.0264 0.9884 0.1497
vn 0.4636 0.8720 -0.1572
vn -0.7390 0.6736 0.0138
vn 0.4120 0.9111 0.0126
vn 0.3197 0.9413 0.1083
vn -0.5996 0.7932 -0.1061
vn 0.0238 0.9239 0.3819
vn -0.0268 0.9327 -0.3596
vn 0.0701 0.9892 -0.1288
vn -0.4205 0.8886 0.1833
vn -0.6307 0.7718 -0.0812
vn -0.0000 0.9082 0.4185
vn 0.6080 0.7939 0.0089
vn 0.6385 0.7638 0.0942
vn -0.0390 0.9170 -0.3971
vn 0.4296 0.8053 -0.4085
vn 0.9944 0.0268 -0.1018
vn 0.9951 0.0236 -0.0964
vn 0.9524 0.2790 0.1232
vn -0.3522 0.0794 0.9325
vn -0.9514 0.2822 -0.1231
vn 0.6090 0.6885 -0.3938
vn 0.6259 0.0656 0.7772
vn -0.6211 0.0621 -0.7813
vn -0.9948 0.0261 -0.0982
vn -0.0291 0.9875 -0.1547
vn -0.3279 0.9384 0.1087
vn 0.0313 0.9875 0.1546
vn 0.3153 0.9431 -0.1060
vn -0.3479 0.8406 -0.4152
vn 0.3437 0.8374 0.4250
vn 0.6298 0.7699 -0.1030
vn -0.6517 0.0424 -0.7573
vn -0.0323 0.0697 -0.9970
vn -0.0480 0.0493 -0.9976
vn 0.0013 0.9999 0.0118
vn -0.0186 0.9998 0.0111
vn -0.0034 0.9051 0.4251
vn 0.0024 0.5008 -0.8656
vn 0.0999 0.0876 0.9911
vn 0.0040 0.0757 0.9971
vn 0.2030 0.0619 0.9772
vn -0.0771 0.9384 -0.3369
vn -0.0953 0.9037 -0.4175
vn -0.0154 0.9999 0.0038
vn 0.7166 0.0764 0.6933
vn 0.9998 0.0209 0.0005
vn 0.9998 0.0198 0.0007
vn -0.9805 0.1967 0.0023
vn -0.9999 0.0167 0.0041
vn 0.9810 0.1942 -0.0000
vn 0.4103 0.9120 -0.0003
vn 0.6499 0.7600 -0.0003
vn -0.0500 0.9987 0.0008
vn 0.1008 0.9949 -0.0008
vn -0.0992 0.9951 0.0009
vn -0.9984 0.0182 -0.0530
vn -0.9999 0.0155 0.0051
vn 0.0112 0.0248 -0.9996
vn -0.0155 0.0203 -0.9997
vn 0.1032 0.0229 -0.9944
vn 0.1285 0.0196 -0.9915
vn 0.1600 0.0156 0.9870
vn 0.0152 0.0136 0.9998
vn 0.0014 0.0108 0.9999
vn 0.2322 0.0294 0.9722
vn -0.9957 0.0335 -0.0862
vn -0.9982 0.0497 -0.0339
vn -0.7470 0.0363 -0.6639
vn -0.9356 0.0196 -0.3526
vn 0.1370 0.7358 0.6632
vn 0.5131 0.7658 0.3877
vn -0.0000 0.7647 0.6444
vn 0.6170 0.6320 -0.4689
vn 0.5470 0.8310 0.1007
vn 0.9191 0.3913 0.0465
vn 0.5626 0.6677 -0.4876
vn -0.1076 0.5882 -0.8015
vn -0.0000 0.5839 -0.8118
vn 0.0004 0.1490 -0.9888
vn -0.1422 0.2129 -0.9667
vn 0.1076 0.5882 0.8015
vn -0.0004 0.3620 0.9322
vn -0.0007 0.1524 0.9883
vn 0.1450 0.2120 0.9665
vn -0.6170 0.6321 0.4689
vn -0.7091 0.7051 -0.0000
vn -0.9247 0.3808 0.0015
vn -0.5627 0.6686 0.4861
vn 0.7961 0.0418 0.6037
vn 0.9987 0.0516 -0.0004
vn 0.9401 0.3403 0.0185
vn 0.7941 0.4121 0.4467
vn -0.0000 0.5859 -0.8104
vn -0.0000 0.9218 0.3877
vn -0.1140 0.9435 0.3112
vn 0.1463 0.7357 -0.6613
vn -0.4979 0.8672 -0.0000
vn 0.4127 0.9109 -0.0000
vn 0.1706 0.9848 0.0314
vn -0.2712 0.8223 -0.5004
vn 0.0165 0.5823 0.8128
vn 0.0197 0.9239 -0.3821
vn 0.1343 0.9507 -0.2796
vn -0.1336 0.7290 0.6714
vn 0.5307 0.8474 -0.0161
vn -0.4360 0.8992 0.0365
vn -0.1393 0.9861 -0.0904
vn 0.3003 0.8426 0.4469
vn -0.1148 0.7444 0.6578
vn 0.5134 0.8582 -0.0000
vn 0.0143 0.7743 -0.6326
vn 0.1335 0.7265 -0.6741
vn -0.4806 0.8755 0.0502
vn -0.5060 0.7413 -0.4409
vn -0.1174 0.0196 -0.9929
vn -0.1109 0.0172 -0.9937
vn 0.1412 0.2093 -0.9676
vn 0.9337 0.0510 0.3544
vn -0.1406 0.2121 0.9671
vn -0.4818 0.6375 -0.6012
vn 0.7884 0.0428 -0.6137
vn -0.7910 0.0395 0.6106
vn -0.1130 0.0190 0.9934
vn -0.1775 0.9835 0.0355
vn 0.1235 0.9477 0.2944
vn 0.1766 0.9836 -0.0377
vn -0.1212 0.9509 -0.2848
vn -0.5087 0.7844 0.3549
vn 0.5216 0.7766 -0.3532
vn -0.1384 0.7367 -0.6619
vn -0.7617 0.0274 0.6474
vn -0.9987 0.0439 0.0277
vn -0.9986 0.0311 0.0420
vn 0.0188 0.9998 -0.0019
vn 0.0177 0.9995 0.0254
vn 0.5237 0.8519 0.0056
vn -0.9245 0.3811 -0.0015
vn 0.9949 0.0550 -0.0851
vn 0.9989 0.0476 -0.0025
vn 0.9835 0.0391 -0.1769
vn -0.3917 0.9145 0.1009
vn -0.5232 0.8437 0.1206
vn 0.0056 0.9998 0.0205
vn 0.7129 0.0501 -0.6995
vn 0.0005 0.0157 -0.9999
vn 0.0009 0.0145 -0.9999
vn 0.0024 0.1472 0.9891
vn 0.0045 0.0124 0.9999
vn -0.0000 0.1457 -0.9893
vn -0.0006 0.9256 -0.3785
vn -0.0005 0.7254 -0.6884
vn 0.0012 0.9977 0.0671
vn -0.0014 0.9906 -0.1370
vn 0.0014 0.9910 0.1336
vn -0.0615 0.0132 0.9980
vn 0.0063 0.0113 0.9999
vt 0.922990 0.978771
vt 0.925016 0.775168
vt 0.962695 0.774739
vt 0.969609 0.978244
vt 0.959825 0.221249
vt 0.926680 0.220438
vt 0.935912 0.017318
vt 0.970670 0.017655
vt 0.050561 0.024580
vt 0.071140 0.227750
vt 0.036656 0.229667
vt 0.018773 0.026360
vt 0.221362 0.541109
vt 0.218513 0.538073
vt 0.241571 0.538797
vt 0.241220 0.542453
vt 0.960680 0.559617
vt 0.963012 0.527347
vt 0.970447 0.527713
vt 0.968383 0.567285
vt 0.205371 0.563336
vt 0.236420 0.564226
vt 0.236286 0.571658
vt 0.199744 0.570578
vt 0.952959 0.431305
vt 0.917802 0.430453
vt 0.917857 0.423044
vt 0.958507 0.424139
vt 0.197564 0.435336
vt 0.195350 0.467641
vt 0.187665 0.467212
vt 0.189850 0.427443
vt 0.022073 0.692652
vt 0.051239 0.692685
vt 0.087299 0.893195
vt 0.020325 0.897148
vt 0.917341 0.565255
vt 0.917241 0.555337
vt 0.942146 0.553955
vt 0.952466 0.564544
vt 0.195100 0.525927
vt 0.205548 0.525368
vt 0.207837 0.546558
vt 0.197187 0.558264
vt 0.238623 0.429188
vt 0.238627 0.439307
vt 0.216072 0.440750
vt 0.205772 0.430336
vt 0.964395 0.496221
vt 0.953217 0.496689
vt 0.950717 0.447912
vt 0.961168 0.436415
vt 0.913209 0.543291
vt 0.936763 0.542090
vt 0.218217 0.521196
vt 0.243038 0.451607
vt 0.221730 0.452715
vt 0.940069 0.498752
vt 0.940158 0.456709
vt 0.176815 0.976571
vt 0.181691 0.772720
vt 0.191678 0.773480
vt 0.187240 0.977029
vt 0.958008 0.571831
vt 0.991311 0.018897
vt 0.976097 0.222261
vt 0.200260 0.423191
vt 0.189346 0.565924
vt 0.972694 0.773997
vt 0.968790 0.428872
vt 0.182776 0.221427
vt 0.192699 0.220395
vt 0.950212 0.547809
vt 0.215818 0.552850
vt 0.208142 0.447019
vt 0.942619 0.441697
vt 0.939728 0.539091
vt 0.218767 0.455879
vt 0.937214 0.453721
vt 0.178717 0.017504
vt 0.148220 0.223651
vt 0.147052 0.019486
vt 0.243158 0.455276
vt 0.242902 0.472906
vt 0.218387 0.472879
vt 0.972744 0.495846
vt 0.187408 0.526348
vt 0.138172 0.489161
vt 0.128220 0.692757
vt 0.041814 0.489176
vt 0.205790 0.468159
vt 0.952829 0.526795
vt 0.940358 0.522020
vt 0.241856 0.521207
vt 0.169902 0.489293
vt 0.162621 0.692747
vt 0.217442 0.977424
vt 0.227094 0.774189
vt 0.238681 0.421489
vt 0.252985 0.219954
vt 0.913078 0.539646
vt 0.917350 0.572720
vt 0.236760 0.554380
vt 0.917669 0.440301
vt 0.913586 0.452515
vt 0.913194 0.498880
vt 0.913355 0.456087
vt 0.913176 0.522137
vt 0.090973 0.430533
vt 0.051478 0.434800
vt 0.021133 0.489031
vt 0.980031 0.977810
vt 0.193794 0.016883
vt 0.150173 0.427312
vt 0.119165 0.895492
vt 0.158738 0.897556
vt 0.266783 0.016711
s 1
f 1/1/1 2/2/2 3/3/3
f 3/3/3 4/4/4 1/1/1
f 5/5/5 6/6/6 7/7/7
f 7/7/7 8/8/8 5/5/5
f 9/9/9 10/10/10 11/11/11
f 11/11/11 12/12/12 9/9/9
f 13/13/13 14/14/14 15/15/15
f 15/15/15 16/16/16 13/13/13
f 17/17/17 18/18/18 19/19/19
f 19/19/19 20/20/20 17/17/17
f 21/21/21 22/22/22 23/23/23
f 23/23/23 24/24/24 21/21/21
f 25/25/25 26/26/26 27/27/27
f 27/27/27 28/28/28 25/25/25
f 29/29/29 30/30/30 31/31/31
f 31/31/31 32/32/32 29/29/29
f 33/33/33 34/34/34 35/35/35
f 35/35/35 36/36/36 33/33/33
f 37/37/37 38/38/38 39/39/39
f 39/39/39 40/40/40 37/37/37
f 41/41/41 42/42/42 43/43/43
f 43/43/43 44/44/44 41/41/41
f 45/45/45 46/46/46 47/47/47
f 47/47/47 48/48/48 45/45/45
f 49/49/49 50/50/50 51/51/51
f 51/51/51 52/52/52 49/49/49
f 39/39/39 38/38/38 53/53/53
f 53/53/53 54/54/54 39/39/39
f 42/42/42 55/55/55 14/14/14
f 14/14/14 43/43/43 42/42/42
f 47/47/47 46/46/46 56/56/56
f 56/56/56 57/57/57 47/47/47
f 50/50/50 58/58/58 59/59/59
f 59/59/59 51/51/51 50/50/50
f 12/60/12 11/61/11 60/62/60
f 60/62/60 61/63/61 12/60/12
f 40/40/40 17/17/17 20/20/20
f 20/20/20 62/64/62 40/40/40
f 63/65/63 33/66/33 5/5/5
f 5/5/5 8/8/8 63/65/63
f 48/48/48 29/29/29 32/32/32
f 32/32/32 64/67/64 48/48/48
f 24/24/24 65/68/65 44/44/44
f 44/44/44 21/21/21 24/24/24
f 20/20/20 66/69/66 3/3/3
f 3/3/3 62/64/62 20/20/20
f 28/28/28 36/70/36 52/52/52
f 52/52/52 25/25/25 28/28/28
f 32/32/32 67/71/67 68/72/68
f 68/72/68 64/67/64 32/32/32
f 17/17/17 40/40/40 39/39/39
f 39/39/39 69/73/69 17/17/17
f 21/21/21 44/44/44 43/43/43
f 43/43/43 70/74/70 21/21/21
f 29/29/29 48/48/48 47/47/47
f 47/47/47 71/75/71 29/29/29
f 25/25/25 52/52/52 51/51/51
f 51/51/51 72/76/72 25/25/25
f 69/73/69 39/39/39 54/54/54
f 54/54/54 73/77/73 69/73/69
f 70/74/70 43/43/43 14/14/14
f 14/14/14 13/13/13 70/74/70
f 71/75/71 47/47/47 57/57/57
f 57/57/57 74/78/74 71/75/71
f 72/76/72 51/51/51 59/59/59
f 59/59/59 75/79/75 72/76/72
f 76/80/76 67/71/67 77/81/77
f 77/81/77 78/82/78 76/80/76
f 74/78/74 79/83/79 80/84/80
f 80/84/80 81/85/81 74/78/74
f 52/52/52 36/70/36 35/86/35
f 35/86/35 49/49/49 52/52/52
f 41/41/41 82/87/82 31/31/31
f 31/31/31 30/30/30 41/41/41
f 83/88/83 84/89/84 34/34/34
f 34/34/34 85/90/85 83/88/83
f 30/30/30 29/29/29 71/75/71
f 71/75/71 86/91/42 30/30/30
f 18/18/18 87/92/86 50/50/50
f 50/50/50 49/49/49 18/18/18
f 71/75/71 74/78/74 81/85/81
f 81/85/81 86/91/42 71/75/71
f 87/92/86 88/93/87 58/58/58
f 58/58/58 50/50/50 87/92/86
f 78/82/78 77/81/77 10/10/10
f 10/10/10 9/9/9 78/82/78
f 81/85/81 80/84/80 89/94/88
f 89/94/88 55/55/55 81/85/81
f 49/49/49 35/86/35 19/19/19
f 19/19/19 18/18/18 49/49/49
f 30/30/30 86/91/42 42/42/42
f 42/42/42 41/41/41 30/30/30
f 86/91/42 81/85/81 55/55/55
f 55/55/55 42/42/42 86/91/42
f 44/44/44 65/68/65 82/87/82
f 82/87/82 41/41/41 44/44/44
f 90/95/89 66/96/66 84/89/84
f 84/89/84 83/88/83 90/95/89
f 18/18/18 17/17/17 69/73/69
f 69/73/69 87/92/86 18/18/18
f 69/73/69 73/77/73 88/93/87
f 88/93/87 87/92/86 69/73/69
f 91/97/90 92/98/91 2/2/2
f 2/2/2 1/1/1 91/97/90
f 27/27/27 93/99/92 94/100/93
f 94/100/93 6/6/6 27/27/27
f 54/54/54 53/53/53 95/101/15
f 95/101/15 73/77/73 54/54/54
f 40/40/40 62/64/62 96/102/94
f 96/102/94 37/37/37 40/40/40
f 45/45/45 93/99/92 27/27/27
f 27/27/27 26/26/26 45/45/45
f 22/22/22 97/103/38 38/38/38
f 38/38/38 37/37/37 22/22/22
f 26/26/26 25/25/25 72/76/72
f 72/76/72 98/104/95 26/26/26
f 97/103/38 16/16/16 53/53/53
f 53/53/53 38/38/38 97/103/38
f 72/76/72 75/79/75 99/105/96
f 99/105/96 98/104/95 72/76/72
f 58/58/58 100/106/97 101/107/98
f 101/107/98 59/59/59 58/58/58
f 58/58/58 88/93/87 102/108/99
f 102/108/99 100/106/97 58/58/58
f 53/53/53 16/16/16 15/15/15
f 15/15/15 95/101/15 53/53/53
f 37/37/37 96/102/94 23/23/23
f 23/23/23 22/22/22 37/37/37
f 26/26/26 98/104/95 46/46/46
f 46/46/46 45/45/45 26/26/26
f 98/104/95 99/105/96 56/56/56
f 56/56/56 46/46/46 98/104/95
f 100/106/97 80/84/80 79/83/79
f 79/83/79 101/107/98 100/106/97
f 80/84/80 100/106/97 102/108/99
f 102/108/99 89/94/88 80/84/80
f 91/97/90 61/63/61 60/62/60
f 60/62/60 92/98/91 91/97/90
f 93/99/92 64/67/64 68/72/68
f 68/72/68 94/100/93 93/99/92
f 48/48/48 64/67/64 93/99/92
f 93/99/92 45/45/45 48/48/48
f 22/22/22 21/21/21 70/74/70
f 70/74/70 97/103/38 22/22/22
f 70/74/70 13/13/13 16/16/16
f 16/16/16 97/103/38 70/74/70
f 2/2/2 96/102/94 62/64/62
f 62/64/62 3/3/3 2/2/2
f 28/28/28 27/27/27 6/6/6
f 6/6/6 5/5/5 28/28/28
f 82/109/82 65/110/65 11/11/11
f 11/11/11 10/10/10 82/109/82
f 63/111/63 85/90/85 34/34/34
f 34/34/34 33/33/33 63/111/63
f 65/68/65 24/24/24 60/62/60
f 60/62/60 11/61/11 65/68/65
f 36/70/36 28/28/28 5/5/5
f 5/5/5 33/66/33 36/70/36
f 90/112/89 4/4/4 3/3/3
f 3/3/3 66/69/66 90/112/89
f 76/80/76 103/113/100 68/72/68
f 68/72/68 67/71/67 76/80/76
f 32/32/32 31/114/31 77/81/77
f 77/81/77 67/71/67 32/32/32
f 19/115/19 35/35/35 34/34/34
f 34/34/34 84/89/84 19/115/19
f 31/114/31 82/109/82 10/10/10
f 10/10/10 77/81/77 31/114/31
f 20/116/20 19/115/19 84/89/84
f 84/89/84 66/96/66 20/116/20
f 23/23/23 96/102/94 2/2/2
f 2/2/2 92/98/91 23/23/23
f 104/117/101 7/7/7 6/6/6
f 6/6/6 94/100/93 104/117/101
f 24/24/24 23/23/23 92/98/91
f 92/98/91 60/62/60 24/24/24
f 103/113/100 104/117/101 94/100/93
f 94/100/93 68/72/68 103/113/100
f 55/55/55 89/94/88 15/15/15
f 15/15/15 14/14/14 55/55/55
f 89/94/88 102/108/99 95/101/15
f 95/101/15 15/15/15 89/94/88
f 102/108/99 88/93/87 73/77/73
f 73/77/73 95/101/15 102/108/99
f 57/57/57 56/56/56 79/83/79
f 79/83/79 74/78/74 57/57/57
f 56/56/56 99/105/96 101/107/98
f 101/107/98 79/83/79 56/56/56
f 101/107/98 99/105/96 75/79/75
f 75/79/75 59/59/59 101/107/98
f 105/1/102 106/2/103 107/3/104
f 107/3/104 108/4/105 105/1/102
f 109/5/106 110/6/107 111/7/108
f 111/7/108 112/8/109 109/5/106
f 113/9/110 114/10/111 115/11/112
f 115/11/112 116/12/113 113/9/110
f 117/13/114 118/14/115 119/15/116
f 119/15/116 120/16/117 117/13/114
f 121/17/118 122/18/119 123/19/120
f 123/19/120 124/20/121 121/17/118
f 125/21/122 126/22/123 127/23/124
f 127/23/124 128/24/125 125/21/122
f 129/25/126 130/26/127 131/27/128
f 131/27/128 132/28/129 129/25/126
f 133/29/130 134/30/131 135/31/132
f 135/31/132 136/32/133 133/29/130
f 137/33/134 138/34/135 139/35/136
f 139/35/136 140/36/137 137/33/134
f 141/37/138 142/38/139 143/39/140
f 143/39/140 144/40/141 141/37/138
f 145/41/142 146/42/143 147/43/144
f 147/43/144 148/44/145 145/41/142
f 149/45/146 150/46/147 151/47/148
f 151/47/148 152/48/149 149/45/146
f 153/49/150 154/50/151 155/51/152
f 155/51/152 156/52/153 153/49/150
f 143/39/140 142/38/139 157/53/117
f 157/53/117 158/54/154 143/39/140
f 146/42/143 159/55/155 118/14/115
f 118/14/115 147/43/144 146/42/143
f 151/47/148 150/46/147 160/56/156
f 160/56/156 161/57/157 151/47/148
f 154/50/151 162/58/158 163/59/159
f 163/59/159 155/51/152 154/50/151
f 116/60/113 115/61/112 164/62/160
f 164/62/160 165/63/161 116/60/113
f 144/40/141 121/17/118 124/20/121
f 124/20/121 166/64/162 144/40/141
f 167/65/163 137/66/134 109/5/106
f 109/5/106 112/8/109 167/65/163
f 152/48/149 133/29/130 136/32/133
f 136/32/133 168/67/164 152/48/149
f 128/24/125 169/68/165 148/44/145
f 148/44/145 125/21/122 128/24/125
f 124/20/121 170/69/166 107/3/104
f 107/3/104 166/64/162 124/20/121
f 132/28/129 140/70/137 156/52/153
f 156/52/153 129/25/126 132/28/129
f 136/32/133 171/71/167 172/72/168
f 172/72/168 168/67/164 136/32/133
f 121/17/118 144/40/141 143/39/140
f 143/39/140 173/73/169 121/17/118
f 125/21/122 148/44/145 147/43/144
f 147/43/144 174/74/170 125/21/122
f 133/29/130 152/48/149 151/47/148
f 151/47/148 175/75/171 133/29/130
f 129/25/126 156/52/153 155/51/152
f 155/51/152 176/76/172 129/25/126
f 173/73/169 143/39/140 158/54/154
f 158/54/154 177/77/173 173/73/169
f 174/74/170 147/43/144 118/14/115
f 118/14/115 117/13/114 174/74/170
f 175/75/171 151/47/148 161/57/157
f 161/57/157 178/78/174 175/75/171
f 176/76/172 155/51/152 163/59/159
f 163/59/159 179/79/175 176/76/172
f 180/80/176 171/71/167 181/81/177
f 181/81/177 182/82/178 180/80/176
f 178/78/174 183/83/179 184/84/180
f 184/84/180 185/85/181 178/78/174
f 156/52/153 140/70/137 139/86/136
f 139/86/136 153/49/150 156/52/153
f 145/41/142 186/87/182 135/31/132
f 135/31/132 134/30/131 145/41/142
f 187/88/183 188/89/184 138/34/135
f 138/34/135 189/90/185 187/88/183
f 134/30/131 133/29/130 175/75/171
f 175/75/171 190/91/143 134/30/131
f 122/18/119 191/92/186 154/50/151
f 154/50/151 153/49/150 122/18/119
f 175/75/171 178/78/174 185/85/181
f 185/85/181 190/91/143 175/75/171
f 191/92/186 192/93/187 162/58/158
f 162/58/158 154/50/151 191/92/186
f 182/82/178 181/81/177 114/10/111
f 114/10/111 113/9/110 182/82/178
f 185/85/181 184/84/180 193/94/188
f 193/94/188 159/55/155 185/85/181
f 153/49/150 139/86/136 123/19/120
f 123/19/120 122/18/119 153/49/150
f 134/30/131 190/91/143 146/42/143
f 146/42/143 145/41/142 134/30/131
f 190/91/143 185/85/181 159/55/155
f 159/55/155 146/42/143 190/91/143
f 148/44/145 169/68/165 186/87/182
f 186/87/182 145/41/142 148/44/145
f 194/95/189 170/96/166 188/89/184
f 188/89/184 187/88/183 194/95/189
f 122/18/119 121/17/118 173/73/169
f 173/73/169 191/92/186 122/18/119
f 173/73/169 177/77/173 192/93/187
f 192/93/187 191/92/186 173/73/169
f 195/97/190 196/98/191 106/2/103
f 106/2/103 105/1/102 195/97/190
f 131/27/128 197/99/192 198/100/193
f 198/100/193 110/6/107 131/27/128
f 158/54/154 157/53/117 199/101/116
f 199/101/116 177/77/173 158/54/154
f 144/40/141 166/64/162 200/102/194
f 200/102/194 141/37/138 144/40/141
f 149/45/146 197/99/192 131/27/128
f 131/27/128 130/26/127 149/45/146
f 126/22/123 201/103/139 142/38/139
f 142/38/139 141/37/138 126/22/123
f 130/26/127 129/25/126 176/76/172
f 176/76/172 202/104/195 130/26/127
f 201/103/139 120/16/117 157/53/117
f 157/53/117 142/38/139 201/103/139
f 176/76/172 179/79/175 203/105/196
f 203/105/196 202/104/195 176/76/172
f 162/58/158 204/106/197 205/107/198
f 205/107/198 163/59/159 162/58/158
f 162/58/158 192/93/187 206/108/199
f 206/108/199 204/106/197 162/58/158
f 157/53/117 120/16/117 119/15/116
f 119/15/116 199/101/116 157/53/117
f 141/37/138 200/102/194 127/23/124
f 127/23/124 126/22/123 141/37/138
f 130/26/127 202/104/195 150/46/147
f 150/46/147 149/45/146 130/26/127
f 202/104/195 203/105/196 160/56/156
f 160/56/156 150/46/147 202/104/195
f 204/106/197 184/84/180 183/83/179
f 183/83/179 205/107/198 204/106/197
f 184/84/180 204/106/197 206/108/199
f 206/108/199 193/94/188 184/84/180
f 195/97/190 165/63/161 164/62/160
f 164/62/160 196/98/191 195/97/190
f 197/99/192 168/67/164 172/72/168
f 172/72/168 198/100/193 197/99/192
f 152/48/149 168/67/164 197/99/192
f 197/99/192 149/45/146 152/48/149
f 126/22/123 125/21/122 174/74/170
f 174/74/170 201/103/139 126/22/123
f 174/74/170 117/13/114 120/16/117
f 120/16/117 201/103/139 174/74/170
f 106/2/103 200/102/194 166/64/162
f 166/64/162 107/3/104 106/2/103
f 132/28/129 131/27/128 110/6/107
f 110/6/107 109/5/106 132/28/129
f 186/109/182 169/110/165 115/11/112
f 115/11/112 114/10/111 186/109/182
f 167/111/163 189/90/185 138/34/135
f 138/34/135 137/33/134 167/111/163
f 169/68/165 128/24/125 164/62/160
f 164/62/160 115/61/112 169/68/165
f 140/70/137 132/28/129 109/5/106
f 109/5/106 137/66/134 140/70/137
f 194/112/189 108/4/105 107/3/104
f 107/3/104 170/69/166 194/112/189
f 180/80/176 207/113/200 172/72/168
f 172/72/168 171/71/167 180/80/176
f 136/32/133 135/114/132 181/81/177
f 181/81/177 171/71/167 136/32/133
f 123/115/120 139/35/136 138/34/135
f 138/34/135 188/89/184 123/115/120
f 135/114/132 186/109/182 114/10/111
f 114/10/111 181/81/177 135/114/132
f 124/116/121 123/115/120 188/89/184
f 188/89/184 170/96/166 124/116/121
f 127/23/124 200/102/194 106/2/103
f 106/2/103 196/98/191 127/23/124
f 208/117/201 111/7/108 110/6/107
f 110/6/107 198/100/193 208/117/201
f 128/24/125 127/23/124 196/98/191
f 196/98/191 164/62/160 128/24/125
f 207/113/200 208/117/201 198/100/193
f 198/100/193 172/72/168 207/113/200
f 159/55/155 193/94/188 119/15/116
f 119/15/116 118/14/115 159/55/155
f 193/94/188 206/108/199 199/101/116
f 199/101/116 119/15/116 193/94/188
f 206/108/199 192/93/187 177/77/173
f 177/77/173 199/101/116 206/108/199
f 161/57/157 160/56/156 183/83/179
f 183/83/179 178/78/174 161/57/157
f 160/56/156 203/105/196 205/107/198
f 205/107/198 183/83/179 160/56/156
f 205/107/198 203/105/196 179/79/175
f 179/79/175 163/59/159 205/107/198
f 209/1/202 210/2/203 211/3/204
f 211/3/204 212/4/205 209/1/202
f 213/5/206 214/6/207 215/7/208
f 215/7/208 216/8/209 213/5/206
f 217/9/210 218/10/211 219/11/212
f 219/11/212 220/12/213 217/9/210
f 221/13/214 222/14/215 223/15/116
f 223/15/116 224/16/216 221/13/214
f 225/17/217 226/18/218 227/19/219
f 227/19/219 228/20/220 225/17/217
f 229/21/221 230/22/222 231/23/223
f 231/23/223 232/24/224 229/21/221
f 233/25/225 234/26/226 235/27/227
f 235/27/227 236/28/228 233/25/225
f 237/29/229 238/30/230 239/31/231
f 239/31/231 240/32/232 237/29/229
f 241/33/233 242/34/234 243/35/235
f 243/35/235 244/36/236 241/33/233
f 245/37/237 246/38/238 247/39/239
f 247/39/239 248/40/240 245/37/237
f 249/41/241 250/42/242 251/43/243
f 251/43/243 252/44/244 249/41/241
f 253/45/245 254/46/246 255/47/247
f 255/47/247 256/48/248 253/45/245
f 257/49/249 258/50/250 259/51/251
f 259/51/251 260/52/252 257/49/249
f 247/39/239 246/38/238 261/53/216
f 261/53/216 262/54/253 247/39/239
f 250/42/242 263/55/254 222/14/215
f 222/14/215 251/43/243 250/42/242
f 255/47/247 254/46/246 264/56/255
f 264/56/255 265/57/256 255/47/247
f 258/50/250 266/58/257 267/59/258
f 267/59/258 259/51/251 258/50/250
f 220/60/213 219/61/212 268/62/259
f 268/62/259 269/63/260 220/60/213
f 248/40/240 225/17/217 228/20/220
f 228/20/220 270/64/261 248/40/240
f 271/65/262 241/66/233 213/5/206
f 213/5/206 216/8/209 271/65/262
f 256/48/248 237/29/229 240/32/232
f 240/32/232 272/67/263 256/48/248
f 232/24/224 273/68/264 252/44/244
f 252/44/244 229/21/221 232/24/224
f 228/20/220 274/69/265 211/3/204
f 211/3/204 270/64/261 228/20/220
f 236/28/228 244/70/236 260/52/252
f 260/52/252 233/25/225 236/28/228
f 240/32/232 275/71/266 276/72/267
f 276/72/267 272/67/263 240/32/232
f 225/17/217 248/40/240 247/39/239
f 247/39/239 277/73/268 225/17/217
f 229/21/221 252/44/244 251/43/243
f 251/43/243 278/74/269 229/21/221
f 237/29/229 256/48/248 255/47/247
f 255/47/247 279/75/270 237/29/229
f 233/25/225 260/52/252 259/51/251
f 259/51/251 280/76/271 233/25/225
f 277/73/268 247/39/239 262/54/253
f 262/54/253 281/77/272 277/73/268
f 278/74/269 251/43/243 222/14/215
f 222/14/215 221/13/214 278/74/269
f 279/75/270 255/47/247 265/57/256
f 265/57/256 282/78/273 279/75/270
f 280/76/271 259/51/251 267/59/258
f 267/59/258 283/79/274 280/76/271
f 284/80/275 275/71/266 285/81/276
f 285/81/276 286/82/277 284/80/275
f 282/78/273 287/83/278 288/84/279
f 288/84/279 289/85/280 282/78/273
f 260/52/252 244/70/236 243/86/235
f 243/86/235 257/49/249 260/52/252
f 249/41/241 290/87/281 239/31/231
f 239/31/231 238/30/230 249/41/241
f 291/88/282 292/89/283 242/34/234
f 242/34/234 293/90/284 291/88/282
f 238/30/230 237/29/229 279/75/270
f 279/75/270 294/91/242 238/30/230
f 226/18/218 295/92/285 258/50/250
f 258/50/250 257/49/249 226/18/218
f 279/75/270 282/78/273 289/85/280
f 289/85/280 294/91/242 279/75/270
f 295/92/285 296/93/286 266/58/257
f 266/58/257 258/50/250 295/92/285
f 286/82/277 285/81/276 218/10/211
f 218/10/211 217/9/210 286/82/277
f 289/85/280 288/84/279 297/94/287
f 297/94/287 263/55/254 289/85/280
f 257/49/249 243/86/235 227/19/219
f 227/19/219 226/18/218 257/49/249
f 238/30/230 294/91/242 250/42/242
f 250/42/242 249/41/241 238/30/230
f 294/91/242 289/85/280 263/55/254
f 263/55/254 250/42/242 294/91/242
f 252/44/244 273/68/264 290/87/281
f 290/87/281 249/41/241 252/44/244
f 298/95/288 274/96/265 292/89/283
f 292/89/283 291/88/282 298/95/288
f 226/18/218 225/17/217 277/73/268
f 277/73/268 295/92/285 226/18/218
f 277/73/268 281/77/272 296/93/286
f 296/93/286 295/92/285 277/73/268
f 299/97/289 300/98/290 210/2/203
f 210/2/203 209/1/202 299/97/289
f 235/27/227 301/99/291 302/100/292
f 302/100/292 214/6/207 235/27/227
f 262/54/253 261/53/216 303/101/116
f 303/101/116 281/77/272 262/54/253
f 248/40/240 270/64/261 304/102/293
f 304/102/293 245/37/237 248/40/240
f 253/45/245 301/99/291 235/27/227
f 235/27/227 234/26/226 253/45/245
f 230/22/222 305/103/238 246/38/238
f 246/38/238 245/37/237 230/22/222
f 234/26/226 233/25/225 280/76/271
f 280/76/271 306/104/294 234/26/226
f 305/103/238 224/16/216 261/53/216
f 261/53/216 246/38/238 305/103/238
f 280/76/271 283/79/274 307/105/295
f 307/105/295 306/104/294 280/76/271
f 266/58/257 308/106/296 309/107/297
f 309/107/297 267/59/258 266/58/257
f 266/58/257 296/93/286 310/108/298
f 310/108/298 308/106/296 266/58/257
f 261/53/216 224/16/216 223/15/116
f 223/15/116 303/101/116 261/53/216
f 245/37/237 304/102/293 231/23/223
f 231/23/223 230/22/222 245/37/237
f 234/26/226 306/104/294 254/46/246
f 254/46/246 253/45/245 234/26/226
f 306/104/294 307/105/295 264/56/255
f 264/56/255 254/46/246 306/104/294
f 308/106/296 288/84/279 287/83/278
f 287/83/278 309/107/297 308/106/296
f 288/84/279 308/106/296 310/108/298
f 310/108/298 297/94/287 288/84/279
f 299/97/289 269/63/260 268/62/259
f 268/62/259 300/98/290 299/97/289
f 301/99/291 272/67/263 276/72/267
f 276/72/267 302/100/292 301/99/291
f 256/48/248 272/67/263 301/99/291
f 301/99/291 253/45/245 256/48/248
f 230/22/222 229/21/221 278/74/269
f 278/74/269 305/103/238 230/22/222
f 278/74/269 221/13/214 224/16/216
f 224/16/216 305/103/238 278/74/269
f 210/2/203 304/102/293 270/64/261
f 270/64/261 211/3/204 210/2/203
f 236/28/228 235/27/227 214/6/207
f 214/6/207 213/5/206 236/28/228
f 290/109/281 273/110/264 219/11/212
f 219/11/212 218/10/211 290/109/281
f 271/111/262 293/90/284 242/34/234
f 242/34/234 241/33/233 271/111/262
f 273/68/264 232/24/224 268/62/259
f 268/62/259 219/61/212 273/68/264
f 244/70/236 236/28/228 213/5/206
f 213/5/206 241/66/233 244/70/236
f 298/112/288 212/4/205 211/3/204
f 211/3/204 274/69/265 298/112/288
f 284/80/275 311/113/299 276/72/267
f 276/72/267 275/71/266 284/80/275
f 240/32/232 239/114/231 285/81/276
f 285/81/276 275/71/266 240/32/232
f 227/115/219 243/35/235 242/34/234
f 242/34/234 292/89/283 227/115/219
f 239/114/231 290/109/281 218/10/211
f 218/10/211 285/81/276 239/114/231
f 228/116/220 227/115/219 292/89/283
f 292/89/283 274/96/265 228/116/220
f 231/23/223 304/102/293 210/2/203
f 210/2/203 300/98/290 231/23/223
f 312/117/300 215/7/208 214/6/207
f 214/6/207 302/100/292 312/117/300
f 232/24/224 231/23/223 300/98/290
f 300/98/290 268/62/259 232/24/224
f 311/113/299 312/117/300 302/100/292
f 302/100/292 276/72/267 311/113/299
f 263/55/254 297/94/287 223/15/116
f 223/15/116 222/14/215 263/55/254
f 297/94/287 310/108/298 303/101/116
f 303/101/116 223/15/116 297/94/287
f 310/108/298 296/93/286 281/77/272
f 281/77/272 303/101/116 310/108/298
f 265/57/256 264/56/255 287/83/278
f 287/83/278 282/78/273 265/57/256
f 264/56/255 307/105/295 309/107/297
f 309/107/297 287/83/278 264/56/255
f 309/107/297 307/105/295 283/79/274
f 283/79/274 267/59/258 309/107/297
f 313/1/301 314/2/302 315/3/303
f 315/3/303 316/4/304 313/1/301
f 317/5/305 318/6/306 319/7/307
f 319/7/307 320/8/308 317/5/305
f 321/9/309 322/10/310 323/11/311
f 323/11/311 324/12/312 321/9/309
f 325/13/313 326/14/314 327/15/116
f 327/15/116 328/16/315 325/13/313
f 329/17/316 330/18/317 331/19/318
f 331/19/318 332/20/319 329/17/316
f 333/21/320 334/22/321 335/23/322
f 335/23/322 336/24/323 333/21/320
f 337/25/324 338/26/325 339/27/326
f 339/27/326 340/28/327 337/25/324
f 341/29/328 342/30/329 343/31/330
f 343/31/330 344/32/331 341/29/328
f 345/33/332 346/34/333 347/35/334
f 347/35/334 348/36/335 345/33/332
f 349/37/336 350/38/337 351/39/338
f 351/39/338 352/40/339 349/37/336
f 353/41/340 354/42/341 355/43/342
f 355/43/342 356/44/343 353/41/340
f 357/45/344 358/46/345 359/47/346
f 359/47/346 360/48/347 357/45/344
f 361/49/348 362/50/349 363/51/350
f 363/51/350 364/52/351 361/49/348
f 351/39/338 350/38/337 365/53/315
f 365/53/315 366/54/352 351/39/338
f 354/42/341 367/55/353 326/14/314
f 326/14/314 355/43/342 354/42/341
f 359/47/346 358/46/345 368/56/354
f 368/56/354 369/57/355 359/47/346
f 362/50/349 370/58/356 371/59/357
f 371/59/357 363/51/350 362/50/349
f 324/60/312 323/61/311 372/62/358
f 372/62/358 373/63/359 324/60/312
f 352/40/339 329/17/316 332/20/319
f 332/20/319 374/64/360 352/40/339
f 375/65/361 345/66/332 317/5/305
f 317/5/305 320/8/308 375/65/361
f 360/48/347 341/29/328 344/32/331
f 344/32/331 376/67/362 360/48/347
f 336/24/323 377/68/363 356/44/343
f 356/44/343 333/21/320 336/24/323
f 332/20/319 378/69/364 315/3/303
f 315/3/303 374/64/360 332/20/319
f 340/28/327 348/70/335 364/52/351
f 364/52/351 337/25/324 340/28/327
f 344/32/331 379/71/365 380/72/366
f 380/72/366 376/67/362 344/32/331
f 329/17/316 352/40/339 351/39/338
f 351/39/338 381/73/367 329/17/316
f 333/21/320 356/44/343 355/43/342
f 355/43/342 382/74/368 333/21/320
f 341/29/328 360/48/347 359/47/346
f 359/47/346 383/75/369 341/29/328
f 337/25/324 364/52/351 363/51/350
f 363/51/350 384/76/370 337/25/324
f 381/73/367 351/39/338 366/54/352
f 366/54/352 385/77/371 381/73/367
f 382/74/368 355/43/342 326/14/314
f 326/14/314 325/13/313 382/74/368
f 383/75/369 359/47/346 369/57/355
f 369/57/355 386/78/372 383/75/369
f 384/76/370 363/51/350 371/59/357
f 371/59/357 387/79/373 384/76/370
f 388/80/374 379/71/365 389/81/375
f 389/81/375 390/82/376 388/80/374
f 386/78/372 391/83/377 392/84/378
f 392/84/378 393/85/379 386/78/372
f 364/52/351 348/70/335 347/86/334
f 347/86/334 361/49/348 364/52/351
f 353/41/340 394/87/380 343/31/330
f 343/31/330 342/30/329 353/41/340
f 395/88/381 396/89/382 346/34/333
f 346/34/333 397/90/383 395/88/381
f 342/30/329 341/29/328 383/75/369
f 383/75/369 398/91/341 342/30/329
f 330/18/317 399/92/384 362/50/349
f 362/50/349 361/49/348 330/18/317
f 383/75/369 386/78/372 393/85/379
f 393/85/379 398/91/341 383/75/369
f 399/92/384 400/93/385 370/58/356
f 370/58/356 362/50/349 399/92/384
f 390/82/376 389/81/375 322/10/310
f 322/10/310 321/9/309 390/82/376
f 393/85/379 392/84/378 401/94/386
f 401/94/386 367/55/353 393/85/379
f 361/49/348 347/86/334 331/19/318
f 331/19/318 330/18/317 361/49/348
f 342/30/329 398/91/341 354/42/341
f 354/42/341 353/41/340 342/30/329
f 398/91/341 393/85/379 367/55/353
f 367/55/353 354/42/341 398/91/341
f 356/44/343 377/68/363 394/87/380
f 394/87/380 353/41/340 356/44/343
f 402/95/387 378/96/364 396/89/382
f 396/89/382 395/88/381 402/95/387
f 330/18/317 329/17/316 381/73/367
f 381/73/367 399/92/384 330/18/317
f 381/73/367 385/77/371 400/93/385
f 400/93/385 399/92/384 381/73/367
f 403/97/388 404/98/389 314/2/302
f 314/2/302 313/1/301 403/97/388
f 339/27/326 405/99/390 406/100/391
f 406/100/391 318/6/306 339/27/326
f 366/54/352 365/53/315 407/101/116
f 407/101/116 385/77/371 366/54/352
f 352/40/339 374/64/360 408/102/392
f 408/102/392 349/37/336 352/40/339
f 357/45/344 405/99/390 339/27/326
f 339/27/326 338/26/325 357/45/344
f 334/22/321 409/103/337 350/38/337
f 350/38/337 349/37/336 334/22/321
f 338/26/325 337/25/324 384/76/370
f 384/76/370 410/104/393 338/26/325
f 409/103/337 328/16/315 365/53/315
f 365/53/315 350/38/337 409/103/337
f 384/76/370 387/79/373 411/105/394
f 411/105/394 410/104/393 384/76/370
f 370/58/356 412/106/395 413/107/396
f 413/107/396 371/59/357 370/58/356
f 370/58/356 400/93/385 414/108/397
f 414/108/397 412/106/395 370/58/356
f 365/53/315 328/16/315 327/15/116
f 327/15/116 407/101/116 365/53/315
f 349/37/336 408/102/392 335/23/322
f 335/23/322 334/22/321 349/37/336
f 338/26/325 410/104/393 358/46/345
f 358/46/345 357/45/344 338/26/325
f 410/104/393 411/105/394 368/56/354
f 368/56/354 358/46/345 410/104/393
f 412/106/395 392/84/378 391/83/377
f 391/83/377 413/107/396 412/106/395
f 392/84/378 412/106/395 414/108/397
f 414/108/397 401/94/386 392/84/378
f 403/97/388 373/63/359 372/62/358
f 372/62/358 404/98/389 403/97/388
f 405/99/390 376/67/362 380/72/366
f 380/72/366 406/100/391 405/99/390
f 360/48/347 376/67/362 405/99/390
f 405/99/390 357/45/344 360/48/347
f 334/22/321 333/21/320 382/74/368
f 382/74/368 409/103/337 334/22/321
f 382/74/368 325/13/313 328/16/315
f 328/16/315 409/103/337 382/74/368
f 314/2/302 408/102/392 374/64/360
f 374/64/360 315/3/303 314/2/302
f 340/28/327 339/27/326 318/6/306
f 318/6/306 317/5/305 340/28/327
f 394/109/380 377/110/363 323/11/311
f 323/11/311 322/10/310 394/109/380
f 375/111/361 397/90/383 346/34/333
f 346/34/333 345/33/332 375/111/361
f 377/68/363 336/24/323 372/62/358
f 372/62/358 323/61/311 377/68/363
f 348/70/335 340/28/327 317/5/305
f 317/5/305 345/66/332 348/70/335
f 402/112/387 316/4/304 315/3/303
f 315/3/303 378/69/364 402/112/387
f 388/80/374 415/113/398 380/72/366
f 380/72/366 379/71/365 388/80/374
f 344/32/331 343/114/330 389/81/375
f 389/81/375 379/71/365 344/32/331
f 331/115/318 347/35/334 346/34/333
f 346/34/333 396/89/382 331/115/318
f 343/114/330 394/109/380 322/10/310
f 322/10/310 389/81/375 343/114/330
f 332/116/319 331/115/318 396/89/382
f 396/89/382 378/96/364 332/116/319
f 335/23/322 408/102/392 314/2/302
f 314/2/302 404/98/389 335/23/322
f 416/117/399 319/7/307 318/6/306
f 318/6/306 406/100/391 416/117/399
f 336/24/323 335/23/322 404/98/389
f 404/98/389 372/62/358 336/24/323
f 415/113/398 416/117/399 406/100/391
f 406/100/391 380/72/366 415/113/398
f 367/55/353 401/94/386 327/15/116
f 327/15/116 326/14/314 367/55/353
f 401/94/386 414/108/397 407/101/116
f 407/101/116 327/15/116 401/94/386
f 414/108/397 400/93/385 385/77/371
f 385/77/371 407/101/116 414/108/397
f 369/57/355 368/56/354 391/83/377
f 391/83/377 386/78/372 369/57/355
f 368/56/354 411/105/394 413/107/396
f 413/107/396 391/83/377 368/56/354
f 413/107/396 411/105/394 387/79/373
f 387/79/373 371/59/357 413/107/396
f 417/1/202 418/2/203 419/3/204
f 419/3/204 420/4/205 417/1/202
f 421/5/206 422/6/207 423/7/208
f 423/7/208 424/8/209 421/5/206
f 425/9/210 426/10/211 427/11/212
f 427/11/212 428/12/213 425/9/210
f 429/13/214 430/14/215 431/15/116
f 431/15/116 432/16/216 429/13/214
f 433/17/217 434/18/218 435/19/219
f 435/19/219 436/20/220 433/17/217
f 437/21/221 438/22/222 439/23/223
f 439/23/223 440/24/400 437/21/221
f 441/25/225 442/26/226 443/27/227
f 443/27/227 444/28/228 441/25/225
f 445/29/401 446/30/230 447/31/231
f 447/31/231 448/32/402 445/29/401
f 449/33/233 450/34/234 451/35/235
f 451/35/235 452/36/236 449/33/233
f 453/37/237 454/38/238 455/39/239
f 455/39/239 456/40/240 453/37/237
f 457/41/241 458/42/242 459/43/243
f 459/43/243 460/44/403 457/41/241
f 461/45/245 462/46/246 463/47/247
f 463/47/247 464/48/248 461/45/245
f 465/49/249 466/50/250 467/51/251
f 467/51/251 468/52/252 465/49/249
f 455/39/239 454/38/238 469/53/216
f 469/53/216 470/54/253 455/39/239
f 458/42/242 471/55/254 430/14/215
f 430/14/215 459/43/243 458/42/242
f 463/47/247 462/46/246 472/56/255
f 472/56/255 473/57/256 463/47/247
f 466/50/250 474/58/257 475/59/258
f 475/59/258 467/51/251 466/50/250
f 428/60/213 427/61/212 476/62/259
f 476/62/259 477/63/260 428/60/213
f 456/40/240 433/17/217 436/20/220
f 436/20/220 478/64/261 456/40/240
f 479/65/262 449/66/233 421/5/206
f 421/5/206 424/8/209 479/65/262
f 464/48/248 445/29/401 448/32/402
f 448/32/402 480/67/404 464/48/248
f 440/24/400 481/68/405 460/44/403
f 460/44/403 437/21/221 440/24/400
f 436/20/220 482/69/265 419/3/204
f 419/3/204 478/64/261 436/20/220
f 444/28/228 452/70/236 468/52/252
f 468/52/252 441/25/225 444/28/228
f 448/32/402 483/71/266 484/72/267
f 484/72/267 480/67/404 448/32/402
f 433/17/217 456/40/240 455/39/239
f 455/39/239 485/73/268 433/17/217
f 437/21/221 460/44/403 459/43/243
f 459/43/243 486/74/269 437/21/221
f 445/29/401 464/48/248 463/47/247
f 463/47/247 487/75/270 445/29/401
f 441/25/225 468/52/252 467/51/251
f 467/51/251 488/76/271 441/25/225
f 485/73/268 455/39/239 470/54/253
f 470/54/253 489/77/272 485/73/268
f 486/74/269 459/43/243 430/14/215
f 430/14/215 429/13/214 486/74/269
f 487/75/270 463/47/247 473/57/256
f 473/57/256 490/78/273 487/75/270
f 488/76/271 467/51/251 475/59/258
f 475/59/258 491/79/274 488/76/271
f 492/80/275 483/71/266 493/81/276
f 493/81/276 494/82/277 492/80/275
f 490/78/273 495/83/278 496/84/279
f 496/84/279 497/85/280 490/78/273
f 468/52/252 452/70/236 451/86/235
f 451/86/235 465/49/249 468/52/252
f 457/41/241 498/87/281 447/31/231
f 447/31/231 446/30/230 457/41/241
f 499/88/282 500/89/283 450/34/234
f 450/34/234 501/90/284 499/88/282
f 446/30/230 445/29/401 487/75/270
f 487/75/270 502/91/242 446/30/230
f 434/18/218 503/92/285 466/50/250
f 466/50/250 465/49/249 434/18/218
f 487/75/270 490/78/273 497/85/280
f 497/85/280 502/91/242 487/75/270
f 503/92/285 504/93/406 474/58/257
f 474/58/257 466/50/250 503/92/285
f 494/82/277 493/81/276 426/10/211
f 426/10/211 425/9/210 494/82/277
f 497/85/280 496/84/279 505/94/287
f 505/94/287 471/55/254 497/85/280
f 465/49/249 451/86/235 435/19/219
f 435/19/219 434/18/218 465/49/249
f 446/30/230 502/91/242 458/42/242
f 458/42/242 457/41/241 446/30/230
f 502/91/242 497/85/280 471/55/254
f 471/55/254 458/42/242 502/91/242
f 460/44/403 481/68/405 498/87/281
f 498/87/281 457/41/241 460/44/403
f 506/95/288 482/96/265 500/89/283
f 500/89/283 499/88/282 506/95/288
f 434/18/218 433/17/217 485/73/268
f 485/73/268 503/92/285 434/18/218
f 485/73/268 489/77/272 504/93/406
f 504/93/406 503/92/285 485/73/268
f 507/97/289 508/98/290 418/2/203
f 418/2/203 417/1/202 507/97/289
f 443/27/227 509/99/407 510/100/292
f 510/100/292 422/6/207 443/27/227
f 470/54/253 469/53/216 511/101/116
f 511/101/116 489/77/272 470/54/253
f 456/40/240 478/64/261 512/102/293
f 512/102/293 453/37/237 456/40/240
f 461/45/245 509/99/407 443/27/227
f 443/27/227 442/26/226 461/45/245
f 438/22/222 513/103/238 454/38/238
f 454/38/238 453/37/237 438/22/222
f 442/26/226 441/25/225 488/76/271
f 488/76/271 514/104/294 442/26/226
f 513/103/238 432/16/216 469/53/216
f 469/53/216 454/38/238 513/103/238
f 488/76/271 491/79/274 515/105/295
f 515/105/295 514/104/294 488/76/271
f 474/58/257 516/106/296 517/107/297
f 517/107/297 475/59/258 474/58/257
f 474/58/257 504/93/406 518/108/298
f 518/108/298 516/106/296 474/58/257
f 469/53/216 432/16/216 431/15/116
f 431/15/116 511/101/116 469/53/216
f 453/37/237 512/102/293 439/23/223
f 439/23/223 438/22/222 453/37/237
f 442/26/226 514/104/294 462/46/246
f 462/46/246 461/45/245 442/26/226
f 514/104/294 515/105/295 472/56/255
f 472/56/255 462/46/246 514/104/294
f 516/106/296 496/84/279 495/83/278
f 495/83/278 517/107/297 516/106/296
f 496/84/279 516/106/296 518/108/298
f 518/108/298 505/94/287 496/84/279
f 507/97/289 477/63/260 476/62/259
f 476/62/259 508/98/290 507/97/289
f 509/99/407 480/67/404 484/72/267
f 484/72/267 510/100/292 509/99/407
f 464/48/248 480/67/404 509/99/407
f 509/99/407 461/45/245 464/48/248
f 438/22/222 437/21/221 486/74/269
f 486/74/269 513/103/238 438/22/222
f 486/74/269 429/13/214 432/16/216
f 432/16/216 513/103/238 486/74/269
f 418/2/203 512/102/293 478/64/261
f 478/64/261 419/3/204 418/2/203
f 444/28/228 443/27/227 422/6/207
f 422/6/207 421/5/206 444/28/228
f 498/109/281 481/110/405 427/11/212
f 427/11/212 426/10/211 498/109/281
f 479/111/262 501/90/284 450/34/234
f 450/34/234 449/33/233 479/111/262
f 481/68/405 440/24/400 476/62/259
f 476/62/259 427/61/212 481/68/405
f 452/70/236 444/28/228 421/5/206
f 421/5/206 449/66/233 452/70/236
f 506/112/288 420/4/205 419/3/204
f 419/3/204 482/69/265 506/112/288
f 492/80/275 519/113/299 484/72/267
f 484/72/267 483/71/266 492/80/275
f 448/32/402 447/114/231 493/81/276
f 493/81/276 483/71/266 448/32/402
f 435/115/219 451/35/235 450/34/234
f 450/34/234 500/89/283 435/115/219
f 447/114/231 498/109/281 426/10/211
f 426/10/211 493/81/276 447/114/231
f 436/116/220 435/115/219 500/89/283
f 500/89/283 482/96/265 436/116/220
f 439/23/223 512/102/293 418/2/203
f 418/2/203 508/98/290 439/23/223
f 520/117/300 423/7/208 422/6/207
f 422/6/207 510/100/292 520/117/300
f 440/24/400 439/23/223 508/98/290
f 508/98/290 476/62/259 440/24/400
f 519/113/299 520/117/300 510/100/292
f 510/100/292 484/72/267 519/113/299
f 471/55/254 505/94/287 431/15/116
f 431/15/116 430/14/215 471/55/254
f 505/94/287 518/108/298 511/101/116
f 511/101/116 431/15/116 505/94/287
f 518/108/298 504/93/406 489/77/272
f 489/77/272 511/101/116 518/108/298
f 473/57/256 472/56/255 495/83/278
f 495/83/278 490/78/273 473/57/256
f 472/56/255 515/105/295 517/107/297
f 517/107/297 495/83/278 472/56/255
f 517/107/297 515/105/295 491/79/274
f 491/79/274 475/59/258 517/107/297
f 521/1/408 522/2/409 523/3/410
f 523/3/410 524/4/411 521/1/408
f 525/5/412 526/6/413 527/7/414
f 527/7/414 528/8/415 525/5/412
f 529/9/416 530/10/417 531/11/418
f 531/11/418 532/12/419 529/9/416
f 533/13/420 534/14/421 535/15/116
f 535/15/116 536/16/422 533/13/420
f 537/17/423 538/18/424 539/19/425
f 539/19/425 540/20/426 537/17/423
f 541/21/427 542/22/428 543/23/429
f 543/23/429 544/24/430 541/21/427
f 545/25/431 546/26/432 547/27/433
f 547/27/433 548/28/434 545/25/431
f 549/29/435 550/30/436 551/31/437
f 551/31/437 552/32/438 549/29/435
f 553/33/439 554/34/440 555/35/441
f 555/35/441 556/36/442 553/33/439
f 557/37/443 558/38/444 559/39/445
f 559/39/445 560/40/446 557/37/443
f 561/41/447 562/42/448 563/43/449
f 563/43/449 564/44/450 561/41/447
f 565/45/451 566/46/452 567/47/453
f 567/47/453 568/48/454 565/45/451
f 569/49/455 570/50/456 571/51/457
f 571/51/457 572/52/458 569/49/455
f 559/39/445 558/38/444 573/53/422
f 573/53/422 574/54/459 559/39/445
f 562/42/448 575/55/460 534/14/421
f 534/14/421 563/43/449 562/42/448
f 567/47/453 566/46/452 576/56/461
f 576/56/461 577/57/462 567/47/453
f 570/50/456 578/58/463 579/59/464
f 579/59/464 571/51/457 570/50/456
f 532/60/419 531/61/418 580/62/465
f 580/62/465 581/63/466 532/60/419
f 560/40/446 537/17/423 540/20/426
f 540/20/426 582/64/467 560/40/446
f 583/65/468 553/66/439 525/5/412
f 525/5/412 528/8/415 583/65/468
f 568/48/454 549/29/435 552/32/438
f 552/32/438 584/67/469 568/48/454
f 544/24/430 585/68/470 564/44/450
f 564/44/450 541/21/427 544/24/430
f 540/20/426 586/69/471 523/3/410
f 523/3/410 582/64/467 540/20/426
f 548/28/434 556/70/442 572/52/458
f 572/52/458 545/25/431 548/28/434
f 552/32/438 587/71/472 588/72/473
f 588/72/473 584/67/469 552/32/438
f 537/17/423 560/40/446 559/39/445
f 559/39/445 589/73/474 537/17/423
f 541/21/427 564/44/450 563/43/449
f 563/43/449 590/74/475 541/21/427
f 549/29/435 568/48/454 567/47/453
f 567/47/453 591/75/476 549/29/435
f 545/25/431 572/52/458 571/51/457
f 571/51/457 592/76/477 545/25/431
f 589/73/474 559/39/445 574/54/459
f 574/54/459 593/77/478 589/73/474
f 590/74/475 563/43/449 534/14/421
f 534/14/421 533/13/420 590/74/475
f 591/75/476 567/47/453 577/57/462
f 577/57/462 594/78/479 591/75/476
f 592/76/477 571/51/457 579/59/464
f 579/59/464 595/79/480 592/76/477
f 596/80/481 587/71/472 597/81/482
f 597/81/482 598/82/483 596/80/481
f 594/78/479 599/83/484 600/84/485
f 600/84/485 601/85/486 594/78/479
f 572/52/458 556/70/442 555/86/441
f 555/86/441 569/49/455 572/52/458
f 561/41/447 602/87/487 551/31/437
f 551/31/437 550/30/436 561/41/447
f 603/88/488 604/89/489 554/34/440
f 554/34/440 605/90/490 603/88/488
f 550/30/436 549/29/435 591/75/476
f 591/75/476 606/91/448 550/30/436
f 538/18/424 607/92/491 570/50/456
f 570/50/456 569/49/455 538/18/424
f 591/75/476 594/78/479 601/85/486
f 601/85/486 606/91/448 591/75/476
f 607/92/491 608/93/492 578/58/463
f 578/58/463 570/50/456 607/92/491
f 598/82/483 597/81/482 530/10/417
f 530/10/417 529/9/416 598/82/483
f 601/85/486 600/84/485 609/94/493
f 609/94/493 575/55/460 601/85/486
f 569/49/455 555/86/441 539/19/425
f 539/19/425 538/18/424 569/49/455
f 550/30/436 606/91/448 562/42/448
f 562/42/448 561/41/447 550/30/436
f 606/91/448 601/85/486 575/55/460
f 575/55/460 562/42/448 606/91/448
f 564/44/450 585/68/470 602/87/487
f 602/87/487 561/41/447 564/44/450
f 610/95/494 586/96/471 604/89/489
f 604/89/489 603/88/488 610/95/494
f 538/18/424 537/17/423 589/73/474
f 589/73/474 607/92/491 538/18/424
f 589/73/474 593/77/478 608/93/492
f 608/93/492 607/92/491 589/73/474
f 611/97/495 612/98/496 522/2/409
f 522/2/409 521/1/408 611/97/495
f 547/27/433 613/99/497 614/100/498
f 614/100/498 526/6/413 547/27/433
f 574/54/459 573/53/422 615/101/116
f 615/101/116 593/77/478 574/54/459
f 560/40/446 582/64/467 616/102/499
f 616/102/499 557/37/443 560/40/446
f 565/45/451 613/99/497 547/27/433
f 547/27/433 546/26/432 565/45/451
f 542/22/428 617/103/444 558/38/444
f 558/38/444 557/37/443 542/22/428
f 546/26/432 545/25/431 592/76/477
f 592/76/477 618/104/500 546/26/432
f 617/103/444 536/16/422 573/53/422
f 573/53/422 558/38/444 617/103/444
f 592/76/477 595/79/480 619/105/501
f 619/105/501 618/104/500 592/76/477
f 578/58/463 620/106/502 621/107/503
f 621/107/503 579/59/464 578/58/463
f 578/58/463 608/93/492 622/108/504
f 622/108/504 620/106/502 578/58/463
f 573/53/422 536/16/422 535/15/116
f 535/15/116 615/101/116 573/53/422
f 557/37/443 616/102/499 543/23/429
f 543/23/429 542/22/428 557/37/443
f 546/26/432 618/104/500 566/46/452
f 566/46/452 565/45/451 546/26/432
f 618/104/500 619/105/501 576/56/461
f 576/56/461 566/46/452 618/104/500
f 620/106/502 600/84/485 599/83/484
f 599/83/484 621/107/503 620/106/502
f 600/84/485 620/106/502 622/108/504
f 622/108/504 609/94/493 600/84/485
f 611/97/495 581/63/466 580/62/465
f 580/62/465 612/98/496 611/97/495
f 613/99/497 584/67/469 588/72/473
f 588/72/473 614/100/498 613/99/497
f 568/48/454 584/67/469 613/99/497
f 613/99/497 565/45/451 568/48/454
f 542/22/428 541/21/427 590/74/475
f 590/74/475 617/103/444 542/22/428
f 590/74/475 533/13/420 536/16/422
f 536/16/422 617/103/444 590/74/475
f 522/2/409 616/102/499 582/64/467
f 582/64/467 523/3/410 522/2/409
f 548/28/434 547/27/433 526/6/413
f 526/6/413 525/5/412 548/28/434
f 602/109/487 585/110/470 531/11/418
f 531/11/418 530/10/417 602/109/487
f 583/111/468 605/90/490 554/34/440
f 554/34/440 553/33/439 583/111/468
f 585/68/470 544/24/430 580/62/465
f 580/62/465 531/61/418 585/68/470
f 556/70/442 548/28/434 525/5/412
f 525/5/412 553/66/439 556/70/442
f 610/112/494 524/4/411 523/3/410
f 523/3/410 586/69/471 610/112/494
f 596/80/481 623/113/505 588/72/473
f 588/72/473 587/71/472 596/80/481
f 552/32/438 551/114/437 597/81/482
f 597/81/482 587/71/472 552/32/438
f 539/115/425 555/35/441 554/34/440
f 554/34/440 604/89/489 539/115/425
f 551/114/437 602/109/487 530/10/417
f 530/10/417 597/81/482 551/114/437
f 540/116/426 539/115/425 604/89/489
f 604/89/489 586/96/471 540/116/426
f 543/23/429 616/102/499 522/2/409
f 522/2/409 612/98/496 543/23/429
f 624/117/506 527/7/414 526/6/413
f 526/6/413 614/100/498 624/117/506
f 544/24/430 543/23/429 612/98/496
f 612/98/496 580/62/465 544/24/430
f 623/113/505 624/117/506 614/100/498
f 614/100/498 588/72/473 623/113/505
f 575/55/460 609/94/493 535/15/116
f 535/15/116 534/14/421 575/55/460
f 609/94/493 622/108/504 615/101/116
f 615/101/116 535/15/116 609/94/493
f 622/108/504 608/93/492 593/77/478
f 593/77/478 615/101/116 622/108/504
f 577/57/462 576/56/461 599/83/484
f 599/83/484 594/78/479 577/57/462
f 576/56/461 619/105/501 621/107/503
f 621/107/503 599/83/484 576/56/461
f 621/107/503 619/105/501 595/79/480
f 595/79/480 579/59/464 621/107/503
f 625/1/507 626/2/508 627/3/509
f 627/3/509 628/4/510 625/1/507
f 629/5/511 630/6/512 631/7/513
f 631/7/513 632/8/514 629/5/511
f 633/9/515 634/10/516 635/11/517
f 635/11/517 636/12/518 633/9/515
f 637/13/519 638/14/520 639/15/116
f 639/15/116 640/16/521 637/13/519
f 641/17/522 642/18/523 643/19/524
f 643/19/524 644/20/525 641/17/522
f 645/21/526 646/22/527 647/23/528
f 647/23/528 648/24/529 645/21/526
f 649/25/530 650/26/531 651/27/532
f 651/27/532 652/28/533 649/25/530
f 653/29/534 654/30/535 655/31/536
f 655/31/536 656/32/537 653/29/534
f 657/33/538 658/34/539 659/35/540
f 659/35/540 660/36/541 657/33/538
f 661/37/542 662/38/543 663/39/544
f 663/39/544 664/40/545 661/37/542
f 665/41/546 666/42/547 667/43/548
f 667/43/548 668/44/549 665/41/546
f 669/45/550 670/46/551 671/47/552
f 671/47/552 672/48/553 669/45/550
f 673/49/554 674/50/555 675/51/556
f 675/51/556 676/52/557 673/49/554
f 663/39/544 662/38/543 677/53/521
f 677/53/521 678/54/558 663/39/544
f 666/42/547 679/55/559 638/14/520
f 638/14/520 667/43/548 666/42/547
f 671/47/552 670/46/551 680/56/560
f 680/56/560 681/57/561 671/47/552
f 674/50/555 682/58/562 683/59/563
f 683/59/563 675/51/556 674/50/555
f 636/60/518 635/61/517 684/62/564
f 684/62/564 685/63/565 636/60/518
f 664/40/545 641/17/522 644/20/525
f 644/20/525 686/64/566 664/40/545
f 687/65/567 657/66/538 629/5/511
f 629/5/511 632/8/514 687/65/567
f 672/48/553 653/29/534 656/32/537
f 656/32/537 688/67/568 672/48/553
f 648/24/529 689/68/569 668/44/549
f 668/44/549 645/21/526 648/24/529
f 644/20/525 690/69/570 627/3/509
f 627/3/509 686/64/566 644/20/525
f 652/28/533 660/70/541 676/52/557
f 676/52/557 649/25/530 652/28/533
f 656/32/537 691/71/571 692/72/572
f 692/72/572 688/67/568 656/32/537
f 641/17/522 664/40/545 663/39/544
f 663/39/544 693/73/573 641/17/522
f 645/21/526 668/44/549 667/43/548
f 667/43/548 694/74/574 645/21/526
f 653/29/534 672/48/553 671/47/552
f 671/47/552 695/75/575 653/29/534
f 649/25/530 676/52/557 675/51/556
f 675/51/556 696/76/576 649/25/530
f 693/73/573 663/39/544 678/54/558
f 678/54/558 697/77/577 693/73/573
f 694/74/574 667/43/548 638/14/520
f 638/14/520 637/13/519 694/74/574
f 695/75/575 671/47/552 681/57/561
f 681/57/561 698/78/578 695/75/575
f 696/76/576 675/51/556 683/59/563
f 683/59/563 699/79/579 696/76/576
f 700/80/580 691/71/571 701/81/581
f 701/81/581 702/82/582 700/80/580
f 698/78/578 703/83/583 704/84/584
f 704/84/584 705/85/585 698/78/578
f 676/52/557 660/70/541 659/86/540
f 659/86/540 673/49/554 676/52/557
f 665/41/546 706/87/586 655/31/536
f 655/31/536 654/30/535 665/41/546
f 707/88/587 708/89/588 658/34/539
f 658/34/539 709/90/589 707/88/587
f 654/30/535 653/29/534 695/75/575
f 695/75/575 710/91/547 654/30/535
f 642/18/523 711/92/590 674/50/555
f 674/50/555 673/49/554 642/18/523
f 695/75/575 698/78/578 705/85/585
f 705/85/585 710/91/547 695/75/575
f 711/92/590 712/93/591 682/58/562
f 682/58/562 674/50/555 711/92/590
f 702/82/582 701/81/581 634/10/516
f 634/10/516 633/9/515 702/82/582
f 705/85/585 704/84/584 713/94/592
f 713/94/592 679/55/559 705/85/585
f 673/49/554 659/86/540 643/19/524
f 643/19/524 642/18/523 673/49/554
f 654/30/535 710/91/547 666/42/547
f 666/42/547 665/41/546 654/30/535
f 710/91/547 705/85/585 679/55/559
f 679/55/559 666/42/547 710/91/547
f 668/44/549 689/68/569 706/87/586
f 706/87/586 665/41/546 668/44/549
f 714/95/593 690/96/570 708/89/588
f 708/89/588 707/88/587 714/95/593
f 642/18/523 641/17/522 693/73/573
f 693/73/573 711/92/590 642/18/523
f 693/73/573 697/77/577 712/93/591
f 712/93/591 711/92/590 693/73/573
f 715/97/594 716/98/595 626/2/508
f 626/2/508 625/1/507 715/97/594
f 651/27/532 717/99/596 718/100/597
f 718/100/597 630/6/512 651/27/532
f 678/54/558 677/53/521 719/101/116
f 719/101/116 697/77/577 678/54/558
f 664/40/545 686/64/566 720/102/598
f 720/102/598 661/37/542 664/40/545
f 669/45/550 717/99/596 651/27/532
f 651/27/532 650/26/531 669/45/550
f 646/22/527 721/103/543 662/38/543
f 662/38/543 661/37/542 646/22/527
f 650/26/531 649/25/530 696/76/576
f 696/76/576 722/104/599 650/26/531
f 721/103/543 640/16/521 677/53/521
f 677/53/521 662/38/543 721/103/543
f 696/76/576 699/79/579 723/105/600
f 723/105/600 722/104/599 696/76/576
f 682/58/562 724/106/601 725/107/602
f 725/107/602 683/59/563 682/58/562
f 682/58/562 712/93/591 726/108/603
f 726/108/603 724/106/601 682/58/562
f 677/53/521 640/16/521 639/15/116
f 639/15/116 719/101/116 677/53/521
f 661/37/542 720/102/598 647/23/528
f 647/23/528 646/22/527 661/37/542
f 650/26/531 722/104/599 670/46/551
f 670/46/551 669/45/550 650/26/531
f 722/104/599 723/105/600 680/56/560
f 680/56/560 670/46/551 722/104/599
f 724/106/601 704/84/584 703/83/583
f 703/83/583 725/107/602 724/106/601
f 704/84/584 724/106/601 726/108/603
f 726/108/603 713/94/592 704/84/584
f 715/97/594 685/63/565 684/62/564
f 684/62/564 716/98/595 715/97/594
f 717/99/596 688/67/568 692/72/572
f 692/72/572 718/100/597 717/99/596
f 672/48/553 688/67/568 717/99/596
f 717/99/596 669/45/550 672/48/553
f 646/22/527 645/21/526 694/74/574
f 694/74/574 721/103/543 646/22/527
f 694/74/574 637/13/519 640/16/521
f 640/16/521 721/103/543 694/74/574
f 626/2/508 720/102/598 686/64/566
f 686/64/566 627/3/509 626/2/508
f 652/28/533 651/27/532 630/6/512
f 630/6/512 629/5/511 652/28/533
f 706/109/586 689/110/569 635/11/517
f 635/11/517 634/10/516 706/109/586
f 687/111/567 709/90/589 658/34/539
f 658/34/539 657/33/538 687/111/567
f 689/68/569 648/24/529 684/62/564
f 684/62/564 635/61/517 689/68/569
f 660/70/541 652/28/533 629/5/511
f 629/5/511 657/66/538 660/70/541
f 714/112/593 628/4/510 627/3/509
f 627/3/509 690/69/570 714/112/593
f 700/80/580 727/113/604 692/72/572
f 692/72/572 691/71/571 700/80/580
f 656/32/537 655/114/536 701/81/581
f 701/81/581 691/71/571 656/32/537
f 643/115/524 659/35/540 658/34/539
f 658/34/539 708/89/588 643/115/524
f 655/114/536 706/109/586 634/10/516
f 634/10/516 701/81/581 655/114/536
f 644/116/525 643/115/524 708/89/588
f 708/89/588 690/96/570 644/116/525
f 647/23/528 720/102/598 626/2/508
f 626/2/508 716/98/595 647/23/528
f 728/117/605 631/7/513 630/6/512
f 630/6/512 718/100/597 728/117/605
f 648/24/529 647/23/528 716/98/595
f 716/98/595 684/62/564 648/24/529
f 727/113/604 728/117/605 718/100/597
f 718/100/597 692/72/572 727/113/604
f 679/55/559 713/94/592 639/15/116
f 639/15/116 638/14/520 679/55/559
f 713/94/592 726/108/603 719/101/116
f 719/101/116 639/15/116 713/94/592
f 726/108/603 712/93/591 697/77/577
f 697/77/577 719/101/116 726/108/603
f 681/57/561 680/56/560 703/83/583
f 703/83/583 698/78/578 681/57/561
f 680/56/560 723/105/600 725/107/602
f 725/107/602 703/83/583 680/56/560
f 725/107/602 723/105/600 699/79/579
f 699/79/579 683/59/563 725/107/602
f 729/1/606 730/2/607 731/3/608
f 731/3/608 732/4/609 729/1/606
f 733/5/610 734/6/611 735/7/612
f 735/7/612 736/8/613 733/5/610
f 737/9/614 738/10/615 739/11/616
f 739/11/616 740/12/617 737/9/614
f 741/13/618 742/14/619 743/15/116
f 743/15/116 744/16/620 741/13/618
f 745/17/621 746/18/622 747/19/623
f 747/19/623 748/20/624 745/17/621
f 749/21/625 750/22/626 751/23/627
f 751/23/627 752/24/628 749/21/625
f 753/25/629 754/26/630 755/27/631
f 755/27/631 756/28/632 753/25/629
f 757/29/633 758/30/634 759/31/635
f 759/31/635 760/32/636 757/29/633
f 761/33/637 762/34/638 763/35/639
f 763/35/639 764/36/640 761/33/637
f 765/37/641 766/38/642 767/39/643
f 767/39/643 768/40/644 765/37/641
f 769/41/645 770/42/646 771/43/647
f 771/43/647 772/44/648 769/41/645
f 773/45/649 774/46/650 775/47/651
f 775/47/651 776/48/652 773/45/649
f 777/49/653 778/50/654 779/51/655
f 779/51/655 780/52/656 777/49/653
f 767/39/643 766/38/642 781/53/620
f 781/53/620 782/54/657 767/39/643
f 770/42/646 783/55/658 742/14/619
f 742/14/619 771/43/647 770/42/646
f 775/47/651 774/46/650 784/56/659
f 784/56/659 785/57/660 775/47/651
f 778/50/654 786/58/661 787/59/662
f 787/59/662 779/51/655 778/50/654
f 740/60/617 739/61/616 788/62/663
f 788/62/663 789/63/664 740/60/617
f 768/40/644 745/17/621 748/20/624
f 748/20/624 790/64/665 768/40/644
f 791/65/666 761/66/637 733/5/610
f 733/5/610 736/8/613 791/65/666
f 776/48/652 757/29/633 760/32/636
f 760/32/636 792/67/667 776/48/652
f 752/24/628 793/68/668 772/44/648
f 772/44/648 749/21/625 752/24/628
f 748/20/624 794/69/669 731/3/608
f 731/3/608 790/64/665 748/20/624
f 756/28/632 764/70/640 780/52/656
f 780/52/656 753/25/629 756/28/632
f 760/32/636 795/71/670 796/72/671
f 796/72/671 792/67/667 760/32/636
f 745/17/621 768/40/644 767/39/643
f 767/39/643 797/73/672 745/17/621
f 749/21/625 772/44/648 771/43/647
f 771/43/647 798/74/673 749/21/625
f 757/29/633 776/48/652 775/47/651
f 775/47/651 799/75/674 757/29/633
f 753/25/629 780/52/656 779/51/655
f 779/51/655 800/76/675 753/25/629
f 797/73/672 767/39/643 782/54/657
f 782/54/657 801/77/676 797/73/672
f 798/74/673 771/43/647 742/14/619
f 742/14/619 741/13/618 798/74/673
f 799/75/674 775/47/651 785/57/660
f 785/57/660 802/78/677 799/75/674
f 800/76/675 779/51/655 787/59/662
f 787/59/662 803/79/678 800/76/675
f 804/80/679 795/71/670 805/81/680
f 805/81/680 806/82/681 804/80/679
f 802/78/677 807/83/682 808/84/683
f 808/84/683 809/85/684 802/78/677
f 780/52/656 764/70/640 763/86/639
f 763/86/639 777/49/653 780/52/656
f 769/41/645 810/87/685 759/31/635
f 759/31/635 758/30/634 769/41/645
f 811/88/686 812/89/687 762/34/638
f 762/34/638 813/90/688 811/88/686
f 758/30/634 757/29/633 799/75/674
f 799/75/674 814/91/646 758/30/634
f 746/18/622 815/92/689 778/50/654
f 778/50/654 777/49/653 746/18/622
f 799/75/674 802/78/677 809/85/684
f 809/85/684 814/91/646 799/75/674
f 815/92/689 816/93/690 786/58/661
f 786/58/661 778/50/654 815/92/689
f 806/82/681 805/81/680 738/10/615
f 738/10/615 737/9/614 806/82/681
f 809/85/684 808/84/683 817/94/691
f 817/94/691 783/55/658 809/85/684
f 777/49/653 763/86/639 747/19/623
f 747/19/623 746/18/622 777/49/653
f 758/30/634 814/91/646 770/42/646
f 770/42/646 769/41/645 758/30/634
f 814/91/646 809/85/684 783/55/658
f 783/55/658 770/42/646 814/91/646
f 772/44/648 793/68/668 810/87/685
f 810/87/685 769/41/645 772/44/648
f 818/95/692 794/96/669 812/89/687
f 812/89/687 811/88/686 818/95/692
f 746/18/622 745/17/621 797/73/672
f 797/73/672 815/92/689 746/18/622
f 797/73/672 801/77/676 816/93/690
f 816/93/690 815/92/689 797/73/672
f 819/97/693 820/98/694 730/2/607
f 730/2/607 729/1/606 819/97/693
f 755/27/631 821/99/695 822/100/696
f 822/100/696 734/6/611 755/27/631
f 782/54/657 781/53/620 823/101/116
f 823/101/116 801/77/676 782/54/657
f 768/40/644 790/64/665 824/102/697
f 824/102/697 765/37/641 768/40/644
f 773/45/649 821/99/695 755/27/631
f 755/27/631 754/26/630 773/45/649
f 750/22/626 825/103/642 766/38/642
f 766/38/642 765/37/641 750/22/626
f 754/26/630 753/25/629 800/76/675
f 800/76/675 826/104/698 754/26/630
f 825/103/642 744/16/620 781/53/620
f 781/53/620 766/38/642 825/103/642
f 800/76/675 803/79/678 827/105/699
f 827/105/699 826/104/698 800/76/675
f 786/58/661 828/106/700 829/107/701
f 829/107/701 787/59/662 786/58/661
f 786/58/661 816/93/690 830/108/702
f 830/108/702 828/106/700 786/58/661
f 781/53/620 744/16/620 743/15/116
f 743/15/116 823/101/116 781/53/620
f 765/37/641 824/102/697 751/23/627
f 751/23/627 750/22/626 765/37/641
f 754/26/630 826/104/698 774/46/650
f 774/46/650 773/45/649 754/26/630
f 826/104/698 827/105/699 784/56/659
f 784/56/659 774/46/650 826/104/698
f 828/106/700 808/84/683 807/83/682
f 807/83/682 829/107/701 828/106/700
f 808/84/683 828/106/700 830/108/702
f 830/108/702 817/94/691 808/84/683
f 819/97/693 789/63/664 788/62/663
f 788/62/663 820/98/694 819/97/693
f 821/99/695 792/67/667 796/72/671
f 796/72/671 822/100/696 821/99/695
f 776/48/652 792/67/667 821/99/695
f 821/99/695 773/45/649 776/48/652
f 750/22/626 749/21/625 798/74/673
f 798/74/673 825/103/642 750/22/626
f 798/74/673 741/13/618 744/16/620
f 744/16/620 825/103/642 798/74/673
f 730/2/607 824/102/697 790/64/665
f 790/64/665 731/3/608 730/2/607
f 756/28/632 755/27/631 734/6/611
f 734/6/611 733/5/610 756/28/632
f 810/109/685 793/110/668 739/11/616
f 739/11/616 738/10/615 810/109/685
f 791/111/666 813/90/688 762/34/638
f 762/34/638 761/33/637 791/111/666
f 793/68/668 752/24/628 788/62/663
f 788/62/663 739/61/616 793/68/668
f 764/70/640 756/28/632 733/5/610
f 733/5/610 761/66/637 764/70/640
f 818/112/692 732/4/609 731/3/608
f 731/3/608 794/69/669 818/112/692
f 804/80/679 831/113/703 796/72/671
f 796/72/671 795/71/670 804/80/679
f 760/32/636 759/114/635 805/81/680
f 805/81/680 795/71/670 760/32/636
f 747/115/623 763/35/639 762/34/638
f 762/34/638 812/89/687 747/115/623
f 759/114/635 810/109/685 738/10/615
f 738/10/615 805/81/680 759/114/635
f 748/116/624 747/115/623 812/89/687
f 812/89/687 794/96/669 748/116/624
f 751/23/627 824/102/697 730/2/607
f 730/2/607 820/98/694 751/23/627
f 832/117/704 735/7/612 734/6/611
f 734/6/611 822/100/696 832/117/704
f 752/24/628 751/23/627 820/98/694
f 820/98/694 788/62/663 752/24/628
f 831/113/703 832/117/704 822/100/696
f 822/100/696 796/72/671 831/113/703
f 783/55/658 817/94/691 743/15/116
f 743/15/116 742/14/619 783/55/658
f 817/94/691 830/108/702 823/101/116
f 823/101/116 743/15/116 817/94/691
f 830/108/702 816/93/690 801/77/676
f 801/77/676 823/101/116 830/108/702
f 785/57/660 784/56/659 807/83/682
f 807/83/682 802/78/677 785/57/660
f 784/56/659 827/105/699 829/107/701
f 829/107/701 807/83/682 784/56/659
f 829/107/701 827/105/699 803/79/678
f 803/79/678 787/59/662 829/107/701
