# Blender 4.5.0
# www.blender.org
g medium_wall.xml.178_Mesh
v 233.754059 -66.459389 154.889694
v 233.814758 -59.843956 155.160980
v 235.116333 -59.843956 155.098145
v 235.346924 -66.459389 154.972092
v 234.969238 -59.843956 157.896240
v 233.836670 -59.843956 157.956497
v 234.148041 -66.459389 158.022293
v 235.346924 -66.459389 158.022293
v 208.035980 -66.459396 155.637436
v 208.247498 -59.843956 155.812088
v 208.298004 -59.843960 155.199188
v 208.136963 -66.459396 155.073105
v 209.531067 -53.304932 155.610870
v 209.409180 -53.304932 155.704086
v 210.250275 -53.304932 155.704086
v 210.248383 -53.304932 155.610870
v 234.967682 -52.989761 155.417191
v 234.967682 -52.989761 155.986725
v 235.149170 -53.228516 155.986725
v 235.149170 -53.228516 155.325272
v 209.076874 -52.989765 155.315948
v 210.118317 -52.989765 155.315948
v 210.116455 -53.228516 155.224213
v 208.899109 -53.228516 155.224213
v 234.708008 -52.989761 157.678421
v 233.525299 -52.989761 157.678421
v 233.525299 -53.228516 157.770172
v 234.885773 -53.228516 157.770172
v 208.817200 -52.989765 157.577194
v 208.817200 -52.989765 157.007416
v 208.635681 -53.228516 157.007416
v 208.635681 -53.228516 157.669098
v 235.398529 -59.843956 157.703705
v 235.398529 -59.843956 157.182068
v 235.149170 -53.321949 156.520065
v 235.149170 -53.228516 157.669113
v 233.525299 -52.989761 155.315964
v 233.525299 -52.884388 155.516052
v 234.346619 -52.884388 155.516052
v 234.708008 -52.989761 155.315964
v 208.817200 -52.989765 155.986725
v 209.213013 -52.884388 155.986725
v 209.213013 -52.884388 155.617218
v 208.817200 -52.989765 155.417191
v 210.179321 -53.024879 157.678421
v 210.175262 -52.919502 157.478333
v 209.438263 -52.884388 157.478333
v 209.076874 -52.989765 157.678421
v 234.967682 -53.083199 156.520065
v 234.571869 -52.977821 156.520065
v 234.571869 -52.884388 157.377167
v 234.967682 -52.989761 157.577194
v 233.404755 -53.304928 155.610870
v 234.248657 -53.304928 155.610870
v 209.409180 -53.304932 156.045227
v 210.297180 -53.340042 157.372223
v 209.531067 -53.304932 157.372223
v 234.370575 -53.398361 156.487885
v 234.370575 -53.304928 157.279007
v 208.580200 -59.843960 155.098145
v 208.437927 -66.459396 154.972092
v 234.885773 -53.228516 155.224213
v 235.758057 -66.459389 157.721512
v 208.899109 -53.228516 157.770172
v 208.635681 -53.228516 155.325272
v 235.398529 -59.843956 155.199188
v 208.298004 -59.843956 157.795197
v 208.580200 -59.843956 157.896225
v 234.571869 -52.884388 155.617218
v 209.438263 -52.884388 155.516052
v 209.213013 -52.884388 157.377151
v 234.346619 -52.884388 157.478333
v 234.370575 -53.304928 155.704086
v 209.409180 -53.304932 157.279007
v 234.248657 -53.304928 157.372223
v 208.136963 -66.459389 157.921280
v 208.298004 -59.843956 157.182053
v 208.136963 -66.459389 157.356705
v 210.295288 -53.340042 157.279449
v 210.288361 -53.340042 156.937637
v 209.409180 -53.304932 156.937637
v 208.635681 -53.228516 155.986725
v 235.739380 -66.459389 155.637451
v 235.398529 -59.843956 155.812088
v 235.647919 -66.459389 157.356705
v 209.213013 -52.884388 157.007416
v 234.571869 -52.884388 155.986725
v 234.370575 -53.304928 156.045227
v 210.257202 -53.304932 156.045227
v 235.647919 -66.459389 155.073105
v 209.473877 -66.459396 154.972092
v 209.795166 -59.843960 155.098145
v 210.181183 -53.263630 157.770172
v 210.651794 -59.843956 157.866043
v 233.404755 -53.304928 155.704086
v 233.525299 -53.228516 155.224213
v 210.122375 -52.884388 155.516052
v 233.525299 -52.884388 157.478333
v 233.404755 -53.304928 157.372223
v 233.404755 -53.398361 156.487885
v 233.404755 -53.314762 157.279129
v 233.404755 -53.304928 156.045227
v 208.617706 -66.459396 158.022293
v 211.122406 -66.459396 157.961929
v 152.417023 -53.176113 151.368149
v 152.437805 -46.685215 151.776184
v 152.883270 -46.685215 151.681686
v 152.962189 -53.176113 151.492081
v 152.832916 -46.685215 155.890244
v 152.445312 -46.685215 155.980896
v 152.551849 -53.176113 156.079849
v 152.962189 -53.176113 156.079849
v 143.615112 -53.176113 152.492828
v 143.687531 -46.685215 152.755493
v 143.704803 -46.685215 151.833649
v 143.649689 -53.176113 151.644012
v 144.126801 -40.269287 152.452850
v 144.085083 -40.269287 152.593063
v 144.372955 -40.269287 152.593063
v 144.372314 -40.269287 152.452850
v 152.832367 -39.960056 152.161545
v 152.832367 -39.960056 153.018173
v 152.894501 -40.194313 153.018173
v 152.894501 -40.194313 152.023300
v 143.971375 -39.960056 152.009277
v 144.327789 -39.960056 152.009277
v 144.327148 -40.194313 151.871277
v 143.910522 -40.194313 151.871277
v 152.743500 -39.960056 155.562653
v 152.338745 -39.960056 155.562653
v 152.338745 -40.194313 155.700638
v 152.804352 -40.194313 155.700638
v 143.882477 -39.960056 155.410385
v 143.882477 -39.960056 154.553391
v 143.820374 -40.194313 154.553391
v 143.820374 -40.194313 155.548630
v 152.979828 -46.685215 155.600677
v 152.979828 -46.685215 154.816071
v 152.894501 -40.285988 153.820358
v 152.894501 -40.194313 155.548630
v 152.338745 -39.960056 152.009277
v 152.338745 -39.856663 152.310226
v 152.619812 -39.856663 152.310226
v 152.743500 -39.960056 152.009277
v 143.882477 -39.960056 153.018173
v 144.017944 -39.856663 153.018173
v 144.017944 -39.856663 152.462418
v 143.882477 -39.960056 152.161545
v 144.348663 -39.994507 155.562637
v 144.347290 -39.891117 155.261688
v 144.095032 -39.856663 155.261688
v 143.971375 -39.960056 155.562637
v 152.832367 -40.051731 153.820358
v 152.696930 -39.948338 153.820358
v 152.696930 -39.856663 155.109512
v 152.832367 -39.960056 155.410385
v 152.297485 -40.269287 152.452850
v 152.586304 -40.269287 152.452850
v 144.085083 -40.269287 153.106171
v 144.389008 -40.303741 155.102097
v 144.126801 -40.269287 155.102097
v 152.628021 -40.360962 153.771973
v 152.628021 -40.269287 154.961884
v 143.801392 -46.685215 151.681686
v 143.752686 -53.176113 151.492081
v 152.804352 -40.194313 151.871277
v 153.102875 -53.176109 155.627457
v 143.910522 -40.194313 155.700638
v 143.820374 -40.194313 152.023300
v 152.979828 -46.685215 151.833649
v 143.704803 -46.685215 155.738266
v 143.801392 -46.685215 155.890244
v 152.696930 -39.856663 152.462418
v 144.095032 -39.856663 152.310226
v 144.017944 -39.856663 155.109512
v 152.619812 -39.856663 155.261688
v 152.628021 -40.269287 152.593063
v 144.085083 -40.269287 154.961884
v 152.586304 -40.269287 155.102097
v 143.649689 -53.176109 155.927917
v 143.704803 -46.685215 154.816071
v 143.649689 -53.176109 155.078735
v 144.388367 -40.303741 154.962540
v 144.385986 -40.303741 154.448441
v 144.085083 -40.269287 154.448441
v 143.820374 -40.194313 153.018173
v 153.096497 -53.176113 152.492828
v 152.979828 -46.685215 152.755508
v 153.065186 -53.176109 155.078735
v 144.017944 -39.856663 154.553391
v 152.696930 -39.856663 153.018173
v 152.628021 -40.269287 153.106171
v 144.375336 -40.269287 153.106171
v 153.065186 -53.176113 151.644012
v 144.107239 -53.176113 151.492081
v 144.217194 -46.685215 151.681686
v 144.349304 -40.228767 155.700638
v 144.510376 -46.685215 155.844849
v 152.297485 -40.269287 152.593063
v 152.338745 -40.194313 151.871277
v 144.329193 -39.856663 152.310226
v 152.338745 -39.856663 155.261688
v 152.297485 -40.269287 155.102097
v 152.297485 -40.360962 153.771973
v 152.297485 -40.278938 154.962067
v 152.297485 -40.269287 153.106171
v 143.814209 -53.176113 156.079849
v 144.671448 -53.176113 155.989059
v 159.672028 -42.377254 144.379150
v 159.692810 -34.654068 144.787186
v 160.138275 -34.654068 144.692688
v 160.217194 -42.377254 144.503082
v 160.087921 -34.654068 148.901245
v 159.700317 -34.654068 148.991898
v 159.806854 -42.377254 149.090851
v 160.217194 -42.377254 149.090851
v 150.870117 -42.377258 145.503830
v 150.942535 -34.654068 145.766495
v 150.959808 -34.654072 144.844650
v 150.904694 -42.377258 144.655014
v 151.381805 -27.020084 145.463852
v 151.340088 -27.020084 145.604065
v 151.627960 -27.020084 145.604065
v 151.627319 -27.020084 145.463852
v 160.087372 -26.652145 145.172546
v 160.087372 -26.652145 146.029175
v 160.149506 -26.930874 146.029175
v 160.149506 -26.930874 145.034302
v 151.226379 -26.652145 145.020279
v 151.582794 -26.652145 145.020279
v 151.582153 -26.930874 144.882278
v 151.165527 -26.930874 144.882278
v 159.998505 -26.652145 148.573654
v 159.593750 -26.652145 148.573654
v 159.593750 -26.930874 148.711639
v 160.059357 -26.930874 148.711639
v 151.137482 -26.652145 148.421387
v 151.137482 -26.652145 147.564392
v 151.075378 -26.930874 147.564392
v 151.075378 -26.930874 148.559631
v 160.234833 -34.654068 148.611679
v 160.234833 -34.654068 147.827072
v 160.149506 -27.039955 146.831360
v 160.149506 -26.930874 148.559631
v 159.593750 -26.652145 145.020279
v 159.593750 -26.529121 145.321228
v 159.874817 -26.529121 145.321228
v 159.998505 -26.652145 145.020279
v 151.137482 -26.652145 146.029175
v 151.272949 -26.529121 146.029175
v 151.272949 -26.529121 145.473419
v 151.137482 -26.652145 145.172546
v 151.603668 -26.693138 148.573639
v 151.602295 -26.570118 148.272690
v 151.350037 -26.529121 148.272690
v 151.226379 -26.652145 148.573639
v 160.087372 -26.761223 146.831360
v 159.951935 -26.638203 146.831360
v 159.951935 -26.529121 148.120514
v 160.087372 -26.652145 148.421387
v 159.552490 -27.020084 145.463852
v 159.841309 -27.020084 145.463852
v 151.340088 -27.020084 146.117172
v 151.644012 -27.061077 148.113098
v 151.381805 -27.020084 148.113098
v 159.883026 -27.129162 146.782974
v 159.883026 -27.020084 147.972885
v 151.056396 -34.654072 144.692688
v 151.007690 -42.377258 144.503082
v 160.059357 -26.930874 144.882278
v 160.357880 -42.377254 148.638458
v 151.165527 -26.930874 148.711639
v 151.075378 -26.930874 145.034302
v 160.234833 -34.654068 144.844650
v 150.959808 -34.654068 148.749268
v 151.056396 -34.654068 148.901245
v 159.951935 -26.529121 145.473419
v 151.350037 -26.529121 145.321228
v 151.272949 -26.529121 148.120514
v 159.874817 -26.529121 148.272690
v 159.883026 -27.020084 145.604065
v 151.340088 -27.020084 147.972885
v 159.841309 -27.020084 148.113098
v 150.904694 -42.377254 148.938919
v 150.959808 -34.654068 147.827072
v 150.904694 -42.377254 148.089737
v 151.643372 -27.061077 147.973541
v 151.640991 -27.061077 147.459442
v 151.340088 -27.020084 147.459442
v 151.075378 -26.930874 146.029175
v 160.351501 -42.377254 145.503830
v 160.234833 -34.654068 145.766510
v 160.320190 -42.377254 148.089737
v 151.272949 -26.529121 147.564392
v 159.951935 -26.529121 146.029175
v 159.883026 -27.020084 146.117172
v 151.630341 -27.020084 146.117172
v 160.320190 -42.377254 144.655014
v 151.362244 -42.377258 144.503082
v 151.472198 -34.654072 144.692688
v 151.604309 -26.971870 148.711639
v 151.765381 -34.654068 148.855850
v 159.552490 -27.020084 145.604065
v 159.593750 -26.930874 144.882278
v 151.584198 -26.529121 145.321228
v 159.593750 -26.529121 148.272690
v 159.552490 -27.020084 148.113098
v 159.552490 -27.129162 146.782974
v 159.552490 -27.031563 147.973068
v 159.552490 -27.020084 146.117172
v 151.069214 -42.377258 149.090851
v 151.926453 -42.377258 149.000061
v 159.440979 -53.176212 155.930847
v 159.420197 -46.685314 155.522812
v 158.974731 -46.685314 155.617310
v 158.895813 -53.176212 155.806915
v 159.025085 -46.685314 151.408752
v 159.412689 -46.685314 151.318100
v 159.306152 -53.176212 151.219147
v 158.895813 -53.176212 151.219147
v 168.242889 -53.176212 154.806168
v 168.170471 -46.685314 154.543503
v 168.153198 -46.685314 155.465347
v 168.208313 -53.176212 155.654984
v 167.731201 -40.269386 154.846146
v 167.772919 -40.269386 154.705933
v 167.485046 -40.269386 154.705933
v 167.485687 -40.269386 154.846146
v 159.025635 -39.960155 155.137451
v 159.025635 -39.960155 154.280823
v 158.963501 -40.194412 154.280823
v 158.963501 -40.194412 155.275696
v 167.886627 -39.960155 155.289719
v 167.530212 -39.960155 155.289719
v 167.530853 -40.194412 155.427704
v 167.947479 -40.194412 155.427704
v 159.114502 -39.960155 151.736343
v 159.519257 -39.960155 151.736343
v 159.519257 -40.194412 151.598358
v 159.053650 -40.194412 151.598358
v 167.975525 -39.960155 151.888611
v 167.975525 -39.960155 152.745605
v 168.037628 -40.194412 152.745605
v 168.037628 -40.194412 151.750366
v 158.878174 -46.685314 151.698318
v 158.878174 -46.685314 152.482925
v 158.963501 -40.286087 153.478638
v 158.963501 -40.194412 151.750366
v 159.519257 -39.960155 155.289719
v 159.519257 -39.856762 154.988754
v 159.238159 -39.856762 154.988754
v 159.114502 -39.960155 155.289719
v 167.975525 -39.960152 154.280823
v 167.840057 -39.856762 154.280823
v 167.840057 -39.856762 154.836578
v 167.975525 -39.960155 155.137451
v 167.509338 -39.994606 151.736343
v 167.510712 -39.891216 152.037308
v 167.762970 -39.856762 152.037308
v 167.886627 -39.960155 151.736343
v 159.025635 -40.051830 153.478638
v 159.161072 -39.948437 153.478638
v 159.161072 -39.856762 152.189484
v 159.025635 -39.960155 151.888611
v 159.560516 -40.269386 154.846146
v 159.271698 -40.269386 154.846146
v 167.772919 -40.269386 154.192825
v 167.468994 -40.303841 152.196899
v 167.731201 -40.269386 152.196899
v 159.229980 -40.361061 153.527023
v 159.229980 -40.269386 152.337112
v 168.056610 -46.685314 155.617310
v 168.105316 -53.176212 155.806915
v 159.053650 -40.194412 155.427704
v 158.755127 -53.176208 151.671539
v 167.947479 -40.194412 151.598358
v 168.037628 -40.194412 155.275696
v 158.878174 -46.685314 155.465347
v 168.153198 -46.685314 151.560715
v 168.056610 -46.685314 151.408752
v 159.161072 -39.856762 154.836578
v 167.762970 -39.856762 154.988754
v 167.840057 -39.856762 152.189484
v 159.238159 -39.856762 152.037308
v 159.229980 -40.269386 154.705933
v 167.772919 -40.269386 152.337112
v 159.271698 -40.269386 152.196899
v 168.208313 -53.176208 151.371078
v 168.153198 -46.685314 152.482925
v 168.208313 -53.176208 152.220261
v 167.469635 -40.303841 152.336456
v 167.472015 -40.303841 152.850555
v 167.772919 -40.269386 152.850555
v 168.037628 -40.194412 154.280823
v 158.761505 -53.176212 154.806168
v 158.878174 -46.685314 154.543503
v 158.792816 -53.176208 152.220261
v 167.840057 -39.856762 152.745605
v 159.161072 -39.856762 154.280823
v 159.229980 -40.269386 154.192825
v 167.482666 -40.269386 154.192825
v 158.792816 -53.176212 155.654984
v 167.750763 -53.176212 155.806915
v 167.640808 -46.685314 155.617310
v 167.508698 -40.228863 151.598358
v 167.347626 -46.685314 151.454147
v 159.560516 -40.269386 154.705933
v 159.519257 -40.194412 155.427704
v 167.528809 -39.856762 154.988754
v 159.519257 -39.856762 152.037308
v 159.560516 -40.269386 152.196899
v 159.560516 -40.361061 153.527023
v 159.560516 -40.279037 152.336929
v 159.560516 -40.269386 154.192825
v 168.043793 -53.176212 151.219147
v 167.186554 -53.176212 151.309937
v 174.571991 -53.176815 156.079849
v 174.551208 -46.685917 155.671814
v 174.105743 -46.685917 155.766312
v 174.026825 -53.176815 155.955917
v 174.156097 -46.685917 151.557755
v 174.543701 -46.685917 151.467102
v 174.437164 -53.176815 151.368149
v 174.026825 -53.176815 151.368149
v 183.373901 -53.176815 154.955170
v 183.301483 -46.685917 154.692505
v 183.284210 -46.685917 155.614349
v 183.339325 -53.176815 155.803986
v 182.862213 -40.269989 154.995148
v 182.903931 -40.269989 154.854935
v 182.616058 -40.269989 154.854935
v 182.616699 -40.269989 154.995148
v 174.156647 -39.960758 155.286453
v 174.156647 -39.960758 154.429825
v 174.094513 -40.195015 154.429825
v 174.094513 -40.195015 155.424698
v 183.017639 -39.960758 155.438721
v 182.661224 -39.960758 155.438721
v 182.661865 -40.195015 155.576706
v 183.078491 -40.195015 155.576706
v 174.245514 -39.960758 151.885345
v 174.650269 -39.960758 151.885345
v 174.650269 -40.195015 151.747360
v 174.184662 -40.195015 151.747360
v 183.106537 -39.960758 152.037613
v 183.106537 -39.960758 152.894608
v 183.168640 -40.195015 152.894608
v 183.168640 -40.195015 151.899368
v 174.009186 -46.685917 151.847321
v 174.009186 -46.685917 152.631927
v 174.094513 -40.286690 153.627640
v 174.094513 -40.195015 151.899368
v 174.650269 -39.960758 155.438721
v 174.650269 -39.857365 155.137756
v 174.369171 -39.857365 155.137756
v 174.245514 -39.960758 155.438721
v 183.106537 -39.960754 154.429825
v 182.971069 -39.857365 154.429825
v 182.971069 -39.857365 154.985580
v 183.106537 -39.960758 155.286453
v 182.640350 -39.995209 151.885345
v 182.641724 -39.891819 152.186310
v 182.893982 -39.857365 152.186310
v 183.017639 -39.960758 151.885345
v 174.156647 -40.052433 153.627640
v 174.292084 -39.949039 153.627640
v 174.292084 -39.857365 152.338486
v 174.156647 -39.960758 152.037613
v 174.691528 -40.269989 154.995148
v 174.402710 -40.269989 154.995148
v 182.903931 -40.269989 154.341827
v 182.600006 -40.304443 152.345901
v 182.862213 -40.269989 152.345901
v 174.360992 -40.361664 153.676025
v 174.360992 -40.269989 152.486115
v 183.187622 -46.685917 155.766312
v 183.236328 -53.176815 155.955917
v 174.184662 -40.195015 155.576706
v 173.886139 -53.176811 151.820541
v 183.078491 -40.195015 151.747360
v 183.168640 -40.195015 155.424698
v 174.009186 -46.685917 155.614349
v 183.284210 -46.685917 151.709717
v 183.187622 -46.685917 151.557755
v 174.292084 -39.857365 154.985580
v 182.893982 -39.857365 155.137756
v 182.971069 -39.857365 152.338486
v 174.369171 -39.857365 152.186310
v 174.360992 -40.269989 154.854935
v 182.903931 -40.269989 152.486115
v 174.402710 -40.269989 152.345901
v 183.339325 -53.176811 151.520081
v 183.284210 -46.685917 152.631927
v 183.339325 -53.176811 152.369263
v 182.600647 -40.304443 152.485458
v 182.603027 -40.304443 152.999557
v 182.903931 -40.269989 152.999557
v 183.168640 -40.195015 154.429825
v 173.892517 -53.176815 154.955170
v 174.009186 -46.685917 154.692505
v 173.923828 -53.176811 152.369263
v 182.971069 -39.857365 152.894608
v 174.292084 -39.857365 154.429825
v 174.360992 -40.269989 154.341827
v 182.613678 -40.269989 154.341827
v 173.923828 -53.176815 155.803986
v 182.881775 -53.176815 155.955917
v 182.771820 -46.685917 155.766312
v 182.639709 -40.229465 151.747360
v 182.478638 -46.685917 151.603149
v 174.691528 -40.269989 154.854935
v 174.650269 -40.195015 155.576706
v 182.659821 -39.857365 155.137756
v 174.650269 -39.857365 152.186310
v 174.691528 -40.269989 152.345901
v 174.691528 -40.361664 153.676025
v 174.691528 -40.279640 152.485931
v 174.691528 -40.269989 154.341827
v 183.174805 -53.176815 151.368149
v 182.317566 -53.176815 151.458939
v 190.052032 -42.377853 144.379150
v 190.072815 -34.654667 144.787186
v 190.518280 -34.654667 144.692688
v 190.597198 -42.377853 144.503082
v 190.467926 -34.654667 148.901245
v 190.080322 -34.654667 148.991898
v 190.186859 -42.377853 149.090851
v 190.597198 -42.377853 149.090851
v 181.250122 -42.377857 145.503830
v 181.322540 -34.654667 145.766495
v 181.339813 -34.654671 144.844650
v 181.284698 -42.377857 144.655014
v 181.761810 -27.020683 145.463852
v 181.720093 -27.020683 145.604065
v 182.007965 -27.020683 145.604065
v 182.007324 -27.020683 145.463852
v 190.467377 -26.652740 145.172546
v 190.467377 -26.652740 146.029175
v 190.529510 -26.931473 146.029175
v 190.529510 -26.931473 145.034302
v 181.606384 -26.652744 145.020279
v 181.962799 -26.652744 145.020279
v 181.962158 -26.931473 144.882278
v 181.545532 -26.931473 144.882278
v 190.378510 -26.652740 148.573654
v 189.973755 -26.652740 148.573654
v 189.973755 -26.931473 148.711639
v 190.439362 -26.931473 148.711639
v 181.517487 -26.652744 148.421387
v 181.517487 -26.652744 147.564392
v 181.455383 -26.931473 147.564392
v 181.455383 -26.931473 148.559631
v 190.614838 -34.654667 148.611679
v 190.614838 -34.654667 147.827072
v 190.529510 -27.040550 146.831360
v 190.529510 -26.931473 148.559631
v 189.973755 -26.652740 145.020279
v 189.973755 -26.529724 145.321228
v 190.254822 -26.529724 145.321228
v 190.378510 -26.652740 145.020279
v 181.517487 -26.652740 146.029175
v 181.652954 -26.529724 146.029175
v 181.652954 -26.529724 145.473419
v 181.517487 -26.652744 145.172546
v 181.983673 -26.693737 148.573639
v 181.982300 -26.570717 148.272690
v 181.730042 -26.529724 148.272690
v 181.606384 -26.652744 148.573639
v 190.467377 -26.761822 146.831360
v 190.331940 -26.638802 146.831360
v 190.331940 -26.529724 148.120514
v 190.467377 -26.652740 148.421387
v 189.932495 -27.020683 145.463852
v 190.221313 -27.020683 145.463852
v 181.720093 -27.020683 146.117172
v 182.024017 -27.061676 148.113098
v 181.761810 -27.020683 148.113098
v 190.263031 -27.129761 146.782974
v 190.263031 -27.020683 147.972885
v 181.436401 -34.654671 144.692688
v 181.387695 -42.377857 144.503082
v 190.439362 -26.931473 144.882278
v 190.737885 -42.377853 148.638458
v 181.545532 -26.931473 148.711639
v 181.455383 -26.931473 145.034302
v 190.614838 -34.654667 144.844650
v 181.339813 -34.654667 148.749268
v 181.436401 -34.654667 148.901245
v 190.331940 -26.529724 145.473419
v 181.730042 -26.529724 145.321228
v 181.652954 -26.529724 148.120514
v 190.254822 -26.529724 148.272690
v 190.263031 -27.020683 145.604065
v 181.720093 -27.020683 147.972885
v 190.221313 -27.020683 148.113098
v 181.284698 -42.377853 148.938919
v 181.339813 -34.654667 147.827072
v 181.284698 -42.377853 148.089737
v 182.023376 -27.061676 147.973541
v 182.020996 -27.061676 147.459442
v 181.720093 -27.020683 147.459442
v 181.455383 -26.931473 146.029175
v 190.731506 -42.377853 145.503830
v 190.614838 -34.654667 145.766510
v 190.700195 -42.377853 148.089737
v 181.652954 -26.529724 147.564392
v 190.331940 -26.529724 146.029175
v 190.263031 -27.020683 146.117172
v 182.010345 -27.020683 146.117172
v 190.700195 -42.377853 144.655014
v 181.742249 -42.377857 144.503082
v 181.852203 -34.654671 144.692688
v 181.984314 -26.972466 148.711639
v 182.145386 -34.654667 148.855850
v 189.932495 -27.020683 145.604065
v 189.973755 -26.931473 144.882278
v 181.964203 -26.529724 145.321228
v 189.973755 -26.529724 148.272690
v 189.932495 -27.020683 148.113098
v 189.932495 -27.129761 146.782974
v 189.932495 -27.032166 147.973068
v 189.932495 -27.020683 146.117172
v 181.449219 -42.377857 149.090851
v 182.306458 -42.377857 149.000061
v 189.820984 -53.176914 155.930847
v 189.800201 -46.686016 155.522812
v 189.354736 -46.686016 155.617310
v 189.275818 -53.176914 155.806915
v 189.405090 -46.686016 151.408752
v 189.792694 -46.686016 151.318100
v 189.686157 -53.176914 151.219147
v 189.275818 -53.176914 151.219147
v 198.622894 -53.176914 154.806168
v 198.550476 -46.686016 154.543503
v 198.533203 -46.686016 155.465347
v 198.588318 -53.176914 155.654984
v 198.111206 -40.270088 154.846146
v 198.152924 -40.270088 154.705933
v 197.865051 -40.270088 154.705933
v 197.865692 -40.270088 154.846146
v 189.405640 -39.960857 155.137451
v 189.405640 -39.960857 154.280823
v 189.343506 -40.195114 154.280823
v 189.343506 -40.195114 155.275696
v 198.266632 -39.960857 155.289719
v 197.910217 -39.960857 155.289719
v 197.910858 -40.195114 155.427704
v 198.327484 -40.195114 155.427704
v 189.494507 -39.960857 151.736343
v 189.899261 -39.960857 151.736343
v 189.899261 -40.195114 151.598358
v 189.433655 -40.195114 151.598358
v 198.355530 -39.960857 151.888611
v 198.355530 -39.960857 152.745605
v 198.417633 -40.195114 152.745605
v 198.417633 -40.195114 151.750366
v 189.258179 -46.686016 151.698318
v 189.258179 -46.686016 152.482925
v 189.343506 -40.286789 153.478638
v 189.343506 -40.195114 151.750366
v 189.899261 -39.960857 155.289719
v 189.899261 -39.857464 154.988754
v 189.618164 -39.857464 154.988754
v 189.494507 -39.960857 155.289719
v 198.355530 -39.960854 154.280823
v 198.220062 -39.857464 154.280823
v 198.220062 -39.857464 154.836578
v 198.355530 -39.960857 155.137451
v 197.889343 -39.995308 151.736343
v 197.890717 -39.891918 152.037308
v 198.142975 -39.857464 152.037308
v 198.266632 -39.960857 151.736343
v 189.405640 -40.052532 153.478638
v 189.541077 -39.949139 153.478638
v 189.541077 -39.857464 152.189484
v 189.405640 -39.960857 151.888611
v 189.940521 -40.270088 154.846146
v 189.651703 -40.270088 154.846146
v 198.152924 -40.270088 154.192825
v 197.848999 -40.304543 152.196899
v 198.111206 -40.270088 152.196899
v 189.609985 -40.361763 153.527023
v 189.609985 -40.270088 152.337112
v 198.436615 -46.686016 155.617310
v 198.485321 -53.176914 155.806915
v 189.433655 -40.195114 155.427704
v 189.135132 -53.176910 151.671539
v 198.327484 -40.195114 151.598358
v 198.417633 -40.195114 155.275696
v 189.258179 -46.686016 155.465347
v 198.533203 -46.686016 151.560715
v 198.436615 -46.686016 151.408752
v 189.541077 -39.857464 154.836578
v 198.142975 -39.857464 154.988754
v 198.220062 -39.857464 152.189484
v 189.618164 -39.857464 152.037308
v 189.609985 -40.270088 154.705933
v 198.152924 -40.270088 152.337112
v 189.651703 -40.270088 152.196899
v 198.588318 -53.176910 151.371078
v 198.533203 -46.686016 152.482925
v 198.588318 -53.176910 152.220261
v 197.849640 -40.304543 152.336456
v 197.852020 -40.304543 152.850555
v 198.152924 -40.270088 152.850555
v 198.417633 -40.195114 154.280823
v 189.141510 -53.176914 154.806168
v 189.258179 -46.686016 154.543503
v 189.172821 -53.176910 152.220261
v 198.220062 -39.857464 152.745605
v 189.541077 -39.857464 154.280823
v 189.609985 -40.270088 154.192825
v 197.862671 -40.270088 154.192825
v 189.172821 -53.176914 155.654984
v 198.130768 -53.176914 155.806915
v 198.020813 -46.686016 155.617310
v 197.888702 -40.229565 151.598358
v 197.727631 -46.686016 151.454147
v 189.940521 -40.270088 154.705933
v 189.899261 -40.195114 155.427704
v 197.908813 -39.857464 154.988754
v 189.899261 -39.857464 152.037308
v 189.940521 -40.270088 152.196899
v 189.940521 -40.361763 153.527023
v 189.940521 -40.279739 152.336929
v 189.940521 -40.270088 154.192825
v 198.423798 -53.176914 151.219147
v 197.566559 -53.176914 151.309937
v 207.865723 -46.121704 144.379150
v 206.495148 -38.521065 144.787186
v 207.020111 -38.424648 144.692688
v 208.508179 -46.003712 144.503082
v 206.960785 -38.435543 148.901245
v 206.503967 -38.519440 148.991898
v 208.024628 -46.092522 149.090851
v 208.508179 -46.003712 149.090851
v 197.492706 -48.026756 145.503830
v 196.182953 -40.414940 145.766495
v 196.203339 -40.411201 144.844650
v 197.533447 -48.019272 144.655014
v 195.321716 -32.811451 145.463852
v 195.272552 -32.820480 145.604065
v 195.611786 -32.758179 145.604065
v 195.611023 -32.758316 145.463852
v 205.514740 -30.565365 145.172546
v 205.514740 -30.565365 146.029175
v 205.638275 -30.826065 146.029175
v 205.638275 -30.826065 145.034302
v 195.072052 -32.483208 145.020279
v 195.492096 -32.406063 145.020279
v 195.541718 -32.680347 144.882278
v 195.050720 -32.770523 144.882278
v 205.410004 -30.584599 148.573654
v 204.932983 -30.672207 148.573654
v 204.983337 -30.946352 148.711639
v 205.532043 -30.845577 148.711639
v 194.967316 -32.502445 148.421387
v 194.967316 -32.502445 147.564392
v 194.944458 -32.790035 147.564392
v 194.944458 -32.790035 148.559631
v 207.133942 -38.403744 148.611679
v 207.133942 -38.403744 147.827072
v 205.657990 -30.933350 146.831360
v 205.638275 -30.826065 148.559631
v 204.932983 -30.672207 145.020279
v 204.910767 -30.551208 145.321228
v 205.242004 -30.490372 145.321228
v 205.410004 -30.584599 145.020279
v 194.967316 -32.502441 146.029175
v 195.104736 -32.352127 146.029175
v 195.104736 -32.352127 145.473419
v 194.967316 -32.502445 145.172546
v 195.524109 -32.441864 148.573639
v 195.500244 -32.321167 148.272690
v 195.195587 -32.335442 148.272690
v 195.072052 -32.483208 148.573639
v 205.534424 -30.672649 146.831360
v 205.352570 -30.580971 146.831360
v 205.332855 -30.473686 148.120514
v 205.514740 -30.565365 148.421387
v 204.950806 -31.043024 145.463852
v 205.291199 -30.980511 145.463852
v 195.272552 -32.820480 146.117157
v 195.638123 -32.795021 148.113098
v 195.321716 -32.811451 148.113098
v 205.360077 -31.078766 146.782974
v 205.340363 -30.971481 147.972885
v 196.317139 -40.390297 144.692688
v 197.654846 -47.996979 144.503082
v 205.532043 -30.845577 144.882278
v 208.674011 -45.973259 148.638458
v 195.050720 -32.770523 148.711639
v 194.944458 -32.790035 145.034302
v 207.133942 -38.403748 144.844650
v 196.203339 -40.411198 148.749268
v 196.317139 -40.390293 148.901245
v 205.332855 -30.473686 145.473419
v 195.195587 -32.335442 145.321228
v 195.104736 -32.352127 148.120514
v 205.242004 -30.490372 148.272690
v 205.340363 -30.971481 145.604065
v 195.272552 -32.820480 147.972885
v 205.291199 -30.980511 148.113098
v 197.533447 -48.019272 148.938919
v 196.203339 -40.411198 147.827072
v 197.533447 -48.019272 148.089737
v 195.637360 -32.795162 147.973541
v 195.634552 -32.795677 147.459442
v 195.272552 -32.820480 147.459442
v 194.944458 -32.790035 146.029175
v 208.666473 -45.974644 145.503830
v 207.133942 -38.403748 145.766510
v 208.629578 -45.981415 148.089737
v 195.104736 -32.352127 147.564392
v 205.332855 -30.473686 146.029175
v 205.340363 -30.971481 146.117172
v 195.614594 -32.757664 146.117157
v 208.629578 -45.981419 144.655014
v 198.072662 -47.920242 144.503082
v 196.807190 -40.300301 144.692688
v 195.575226 -32.715874 148.711639
v 197.152679 -40.236843 148.855850
v 204.950806 -31.043024 145.604065
v 204.983337 -30.946352 144.882278
v 195.471527 -32.284767 145.321228
v 204.910767 -30.551208 148.272690
v 204.950806 -31.043024 148.113098
v 204.970520 -31.150309 146.782974
v 204.952881 -31.054317 147.973068
v 204.950806 -31.043024 146.117172
v 197.727356 -47.983662 149.090851
v 198.737579 -47.798130 149.000061
v 213.071045 -53.176815 151.368149
v 213.091797 -46.685917 151.776184
v 213.537262 -46.685917 151.681686
v 213.616180 -53.176815 151.492081
v 213.486908 -46.685917 155.890244
v 213.099304 -46.685917 155.980896
v 213.205872 -53.176815 156.079849
v 213.616180 -53.176815 156.079849
v 204.269135 -53.176815 152.492828
v 204.341522 -46.685917 152.755493
v 204.358795 -46.685917 151.833649
v 204.303680 -53.176815 151.644012
v 204.780823 -40.269989 152.452850
v 204.739105 -40.269989 152.593063
v 205.026978 -40.269989 152.593063
v 205.026306 -40.269989 152.452850
v 213.486389 -39.960758 152.161545
v 213.486389 -39.960758 153.018173
v 213.548492 -40.195015 153.018173
v 213.548492 -40.195015 152.023300
v 204.625366 -39.960758 152.009277
v 204.981812 -39.960758 152.009277
v 204.981171 -40.195015 151.871277
v 204.564545 -40.195015 151.871277
v 213.397522 -39.960758 155.562653
v 212.992737 -39.960758 155.562653
v 212.992737 -40.195015 155.700638
v 213.458344 -40.195015 155.700638
v 204.536499 -39.960758 155.410385
v 204.536499 -39.960758 154.553391
v 204.474365 -40.195015 154.553391
v 204.474365 -40.195015 155.548630
v 213.633850 -46.685917 155.600677
v 213.633850 -46.685917 154.816071
v 213.548492 -40.286690 153.820358
v 213.548492 -40.195015 155.548630
v 212.992737 -39.960758 152.009277
v 212.992737 -39.857365 152.310226
v 213.273834 -39.857365 152.310226
v 213.397522 -39.960758 152.009277
v 204.536499 -39.960758 153.018173
v 204.671967 -39.857365 153.018173
v 204.671967 -39.857365 152.462418
v 204.536499 -39.960758 152.161545
v 205.002686 -39.995209 155.562637
v 205.001282 -39.891819 155.261688
v 204.749054 -39.857365 155.261688
v 204.625366 -39.960758 155.562637
v 213.486389 -40.052433 153.820358
v 213.350922 -39.949039 153.820358
v 213.350922 -39.857365 155.109512
v 213.486389 -39.960758 155.410385
v 212.951477 -40.269989 152.452850
v 213.240295 -40.269989 152.452850
v 204.739105 -40.269989 153.106171
v 205.043030 -40.304443 155.102097
v 204.780823 -40.269989 155.102097
v 213.282043 -40.361664 153.771973
v 213.282043 -40.269989 154.961884
v 204.455383 -46.685917 151.681686
v 204.406708 -53.176815 151.492081
v 213.458344 -40.195015 151.871277
v 213.756897 -53.176811 155.627457
v 204.564545 -40.195015 155.700638
v 204.474365 -40.195015 152.023300
v 213.633850 -46.685917 151.833649
v 204.358795 -46.685917 155.738266
v 204.455383 -46.685917 155.890244
v 213.350922 -39.857365 152.462418
v 204.749054 -39.857365 152.310226
v 204.671967 -39.857365 155.109512
v 213.273834 -39.857365 155.261688
v 213.282043 -40.269989 152.593063
v 204.739105 -40.269989 154.961884
v 213.240295 -40.269989 155.102097
v 204.303680 -53.176811 155.927917
v 204.358795 -46.685917 154.816071
v 204.303680 -53.176811 155.078735
v 205.042358 -40.304443 154.962540
v 205.040009 -40.304443 154.448441
v 204.739105 -40.269989 154.448441
v 204.474365 -40.195015 153.018173
v 213.750488 -53.176815 152.492828
v 213.633850 -46.685917 152.755508
v 213.719208 -53.176811 155.078735
v 204.671967 -39.857365 154.553391
v 213.350922 -39.857365 153.018173
v 213.282043 -40.269989 153.106171
v 205.029327 -40.269989 153.106171
v 213.719208 -53.176815 151.644012
v 204.761261 -53.176815 151.492081
v 204.871216 -46.685917 151.681686
v 205.003326 -40.229469 155.700638
v 205.164368 -46.685917 155.844849
v 212.951477 -40.269989 152.593063
v 212.992737 -40.195015 151.871277
v 204.983185 -39.857365 152.310226
v 212.992737 -39.857365 155.261688
v 212.951477 -40.269989 155.102097
v 212.951477 -40.361664 153.771973
v 212.951477 -40.279640 154.962067
v 212.951477 -40.269989 153.106171
v 204.468231 -53.176815 156.079849
v 205.325439 -53.176815 155.989059
v 176.515533 -66.439087 155.686798
v 176.586456 -59.823654 155.893814
v 178.107300 -59.823654 155.845871
v 178.376740 -66.439087 155.749680
v 177.935394 -59.823654 157.981018
v 176.612061 -59.823654 158.027008
v 176.975861 -66.439087 158.077209
v 178.376740 -66.439087 158.077209
v 146.464905 -66.439095 156.257385
v 146.712067 -59.823654 156.390656
v 146.771088 -59.823658 155.922958
v 146.582916 -66.439095 155.826752
v 148.211884 -53.284630 156.237106
v 148.069427 -53.284630 156.308243
v 149.052246 -53.284630 156.308243
v 149.050018 -53.284630 156.237106
v 177.933594 -52.969460 156.089310
v 177.933594 -52.969460 156.523911
v 178.145660 -53.208214 156.523911
v 178.145660 -53.208214 156.019180
v 147.681152 -52.969463 156.012070
v 148.898041 -52.969463 156.012070
v 148.895874 -53.208214 155.942062
v 147.473450 -53.208214 155.942062
v 177.630157 -52.969460 157.814819
v 176.248230 -52.969460 157.814819
v 176.248230 -53.208214 157.884827
v 177.837860 -53.208214 157.884827
v 147.377716 -52.969463 157.737564
v 147.377716 -52.969463 157.302780
v 147.165649 -53.208214 157.302780
v 147.165649 -53.208214 157.807693
v 178.437042 -59.823654 157.834106
v 178.437042 -59.823654 157.436050
v 178.145660 -53.301647 156.930893
v 178.145660 -53.208214 157.807709
v 176.248230 -52.969460 156.012070
v 176.248230 -52.864086 156.164749
v 177.207916 -52.864086 156.164749
v 177.630157 -52.969460 156.012070
v 147.377716 -52.969463 156.523911
v 147.840210 -52.864090 156.523911
v 147.840210 -52.864090 156.241959
v 147.377716 -52.969463 156.089310
v 148.969330 -53.004578 157.814804
v 148.964569 -52.899200 157.662125
v 148.103394 -52.864090 157.662125
v 147.681152 -52.969463 157.814804
v 177.933594 -53.062897 156.930893
v 177.471100 -52.957520 156.930893
v 177.471100 -52.864086 157.584930
v 177.933594 -52.969460 157.737564
v 176.107391 -53.284626 156.237106
v 177.093445 -53.284626 156.237106
v 148.069427 -53.284630 156.568558
v 149.107025 -53.319740 157.581161
v 148.211884 -53.284630 157.581161
v 177.235901 -53.378059 156.906342
v 177.235901 -53.284626 157.510025
v 147.100800 -59.823658 155.845856
v 146.934570 -66.439095 155.749664
v 177.837860 -53.208214 155.942062
v 178.857117 -66.439087 157.847687
v 147.473450 -53.208214 157.884827
v 147.165649 -53.208214 156.019180
v 178.437042 -59.823654 155.922974
v 146.771088 -59.823654 157.903915
v 147.100800 -59.823654 157.981018
v 177.471100 -52.864086 156.241959
v 148.103394 -52.864090 156.164749
v 147.840210 -52.864090 157.584915
v 177.207916 -52.864086 157.662125
v 177.235901 -53.284626 156.308243
v 148.069427 -53.284630 157.510025
v 177.093445 -53.284626 157.581161
v 146.582916 -66.439087 158.000122
v 146.771088 -59.823654 157.436050
v 146.582916 -66.439087 157.569305
v 149.104828 -53.319740 157.510361
v 149.096741 -53.319740 157.249542
v 148.069427 -53.284630 157.249542
v 147.165649 -53.208214 156.523911
v 178.835297 -66.439087 156.257385
v 178.437042 -59.823654 156.390656
v 178.728424 -66.439087 157.569321
v 147.840210 -52.864090 157.302780
v 177.471100 -52.864086 156.523911
v 177.235901 -53.284626 156.568558
v 149.060333 -53.284630 156.568558
v 178.728424 -66.439087 155.826752
v 148.145050 -66.439095 155.749664
v 148.520447 -59.823658 155.845856
v 148.971497 -53.243328 157.884827
v 149.521393 -59.823654 157.957977
v 176.107391 -53.284626 156.308243
v 176.248230 -53.208214 155.942062
v 148.902802 -52.864090 156.164749
v 176.248230 -52.864086 157.662125
v 176.107391 -53.284626 157.581161
v 176.107391 -53.378059 156.906342
v 176.107391 -53.294460 157.510117
v 176.107391 -53.284626 156.568558
v 147.144653 -66.439095 158.077209
v 150.071289 -66.439095 158.031143
v 206.890198 -66.459389 155.631790
v 206.961395 -59.843956 155.838806
v 208.487579 -59.843956 155.790863
v 208.757965 -66.459389 155.694672
v 208.315094 -59.843956 157.926010
v 206.987091 -59.843956 157.972000
v 207.352173 -66.459389 158.022202
v 208.757965 -66.459389 158.022202
v 176.733978 -66.459396 156.202377
v 176.982025 -59.843956 156.335648
v 177.041229 -59.843960 155.867950
v 176.852417 -66.459396 155.771744
v 178.487091 -53.304932 156.182098
v 178.344177 -53.304932 156.253235
v 179.330414 -53.304932 156.253235
v 179.328186 -53.304932 156.182098
v 208.313263 -52.989761 156.034302
v 208.313263 -52.989761 156.468903
v 208.526093 -53.228516 156.468903
v 208.526093 -53.228516 155.964172
v 177.954498 -52.989765 155.957062
v 179.175690 -52.989765 155.957062
v 179.173492 -53.228516 155.887054
v 177.746063 -53.228516 155.887054
v 208.008789 -52.989761 157.759811
v 206.621979 -52.989761 157.759811
v 206.621979 -53.228516 157.829819
v 208.217224 -53.228516 157.829819
v 177.650024 -52.989765 157.682556
v 177.650024 -52.989765 157.247772
v 177.437195 -53.228516 157.247772
v 177.437195 -53.228516 157.752686
v 208.818481 -59.843956 157.779099
v 208.818481 -59.843956 157.381042
v 208.526093 -53.321949 156.875885
v 208.526093 -53.228516 157.752701
v 206.621979 -52.989761 155.957062
v 206.621979 -52.884388 156.109741
v 207.585022 -52.884388 156.109741
v 208.008789 -52.989761 155.957062
v 177.650024 -52.989765 156.468903
v 178.114136 -52.884392 156.468903
v 178.114136 -52.884392 156.186951
v 177.650024 -52.989765 156.034302
v 179.247192 -53.024879 157.759796
v 179.242432 -52.919502 157.607117
v 178.378265 -52.884392 157.607117
v 177.954498 -52.989765 157.759796
v 208.313263 -53.083199 156.875885
v 207.849152 -52.977821 156.875885
v 207.849152 -52.884388 157.529922
v 208.313263 -52.989761 157.682556
v 206.480621 -53.304928 156.182098
v 207.470184 -53.304928 156.182098
v 178.344177 -53.304932 156.513550
v 179.385406 -53.340042 157.526154
v 178.487091 -53.304932 157.526154
v 207.613098 -53.398361 156.851334
v 207.613098 -53.304928 157.455017
v 177.372131 -59.843960 155.790848
v 177.205322 -66.459396 155.694656
v 208.217224 -53.228516 155.887054
v 209.240021 -66.459389 157.792694
v 177.746063 -53.228516 157.829819
v 177.437195 -53.228516 155.964172
v 208.818481 -59.843956 155.867966
v 177.041229 -59.843956 157.848907
v 177.372131 -59.843956 157.926010
v 207.849152 -52.884388 156.186951
v 178.378265 -52.884392 156.109741
v 178.114136 -52.884392 157.529907
v 207.585022 -52.884388 157.607117
v 207.613098 -53.304928 156.253235
v 178.344177 -53.304932 157.455017
v 207.470184 -53.304928 157.526154
v 176.852417 -66.459389 157.945114
v 177.041229 -59.843956 157.381042
v 176.852417 -66.459389 157.514297
v 179.383209 -53.340042 157.455353
v 179.375061 -53.340042 157.194534
v 178.344177 -53.304932 157.194534
v 177.437195 -53.228516 156.468903
v 209.218140 -66.459389 156.202377
v 208.818481 -59.843956 156.335648
v 209.110870 -66.459389 157.514313
v 178.114136 -52.884392 157.247772
v 207.849152 -52.884388 156.468903
v 207.613098 -53.304928 156.513550
v 179.338531 -53.304932 156.513550
v 209.110870 -66.459389 155.771744
v 178.420044 -66.459396 155.694656
v 178.796753 -59.843960 155.790848
v 179.249390 -53.263630 157.829819
v 179.801208 -59.843956 157.902969
v 206.480621 -53.304928 156.253235
v 206.621979 -53.228516 155.887054
v 179.180450 -52.884392 156.109741
v 206.621979 -52.884388 157.607117
v 206.480621 -53.304928 157.526154
v 206.480621 -53.398361 156.851334
v 206.480621 -53.314762 157.455109
v 206.480621 -53.304928 156.513550
v 177.416107 -66.459396 158.022202
v 180.353027 -66.459396 157.976135
v 218.813049 -42.377853 144.379150
v 218.833801 -34.654667 144.787186
v 219.279266 -34.654667 144.692688
v 219.358185 -42.377853 144.503082
v 219.228912 -34.654667 148.901245
v 218.841309 -34.654667 148.991898
v 218.947876 -42.377853 149.090851
v 219.358185 -42.377853 149.090851
v 210.011139 -42.377857 145.503830
v 210.083527 -34.654667 145.766495
v 210.100800 -34.654671 144.844650
v 210.045685 -42.377857 144.655014
v 210.522827 -27.020683 145.463852
v 210.481110 -27.020683 145.604065
v 210.768982 -27.020683 145.604065
v 210.768311 -27.020683 145.463852
v 219.228394 -26.652740 145.172546
v 219.228394 -26.652740 146.029175
v 219.290497 -26.931473 146.029175
v 219.290497 -26.931473 145.034302
v 210.367371 -26.652744 145.020279
v 210.723816 -26.652744 145.020279
v 210.723175 -26.931473 144.882278
v 210.306549 -26.931473 144.882278
v 219.139526 -26.652740 148.573654
v 218.734741 -26.652740 148.573654
v 218.734741 -26.931473 148.711639
v 219.200348 -26.931473 148.711639
v 210.278503 -26.652744 148.421387
v 210.278503 -26.652744 147.564392
v 210.216370 -26.931473 147.564392
v 210.216370 -26.931473 148.559631
v 219.375854 -34.654667 148.611679
v 219.375854 -34.654667 147.827072
v 219.290497 -27.040550 146.831360
v 219.290497 -26.931473 148.559631
v 218.734741 -26.652740 145.020279
v 218.734741 -26.529724 145.321228
v 219.015839 -26.529724 145.321228
v 219.139526 -26.652740 145.020279
v 210.278503 -26.652740 146.029175
v 210.413971 -26.529724 146.029175
v 210.413971 -26.529724 145.473419
v 210.278503 -26.652744 145.172546
v 210.744690 -26.693737 148.573639
v 210.743286 -26.570717 148.272690
v 210.491058 -26.529724 148.272690
v 210.367371 -26.652744 148.573639
v 219.228394 -26.761822 146.831360
v 219.092926 -26.638802 146.831360
v 219.092926 -26.529724 148.120514
v 219.228394 -26.652740 148.421387
v 218.693481 -27.020683 145.463852
v 218.982300 -27.020683 145.463852
v 210.481110 -27.020683 146.117172
v 210.785034 -27.061676 148.113098
v 210.522827 -27.020683 148.113098
v 219.024048 -27.129761 146.782974
v 219.024048 -27.020683 147.972885
v 210.197388 -34.654671 144.692688
v 210.148712 -42.377857 144.503082
v 219.200348 -26.931473 144.882278
v 219.498901 -42.377853 148.638458
v 210.306549 -26.931473 148.711639
v 210.216370 -26.931473 145.034302
v 219.375854 -34.654667 144.844650
v 210.100800 -34.654667 148.749268
v 210.197388 -34.654667 148.901245
v 219.092926 -26.529724 145.473419
v 210.491058 -26.529724 145.321228
v 210.413971 -26.529724 148.120514
v 219.015839 -26.529724 148.272690
v 219.024048 -27.020683 145.604065
v 210.481110 -27.020683 147.972885
v 218.982300 -27.020683 148.113098
v 210.045685 -42.377853 148.938919
v 210.100800 -34.654667 147.827072
v 210.045685 -42.377853 148.089737
v 210.784363 -27.061676 147.973541
v 210.782013 -27.061676 147.459442
v 210.481110 -27.020683 147.459442
v 210.216370 -26.931473 146.029175
v 219.492493 -42.377853 145.503830
v 219.375854 -34.654667 145.766510
v 219.461212 -42.377853 148.089737
v 210.413971 -26.529724 147.564392
v 219.092926 -26.529724 146.029175
v 219.024048 -27.020683 146.117172
v 210.771332 -27.020683 146.117172
v 219.461212 -42.377853 144.655014
v 210.503265 -42.377857 144.503082
v 210.613220 -34.654671 144.692688
v 210.745331 -26.972466 148.711639
v 210.906372 -34.654667 148.855850
v 218.693481 -27.020683 145.604065
v 218.734741 -26.931473 144.882278
v 210.725189 -26.529724 145.321228
v 218.734741 -26.529724 148.272690
v 218.693481 -27.020683 148.113098
v 218.693481 -27.129761 146.782974
v 218.693481 -27.032166 147.973068
v 218.693481 -27.020683 146.117172
v 210.210236 -42.377857 149.090851
v 211.067444 -42.377857 149.000061
v 227.029022 -53.176914 151.675156
v 227.049805 -46.686016 152.083191
v 227.495270 -46.686016 151.988693
v 227.574188 -53.176914 151.799088
v 227.444916 -46.686016 156.197250
v 227.057312 -46.686016 156.287903
v 227.163849 -53.176914 156.386856
v 227.574188 -53.176914 156.386856
v 218.227112 -53.176914 152.799835
v 218.299530 -46.686016 153.062500
v 218.316803 -46.686016 152.140656
v 218.261688 -53.176914 151.951019
v 218.738800 -40.270088 152.759857
v 218.697083 -40.270088 152.900070
v 218.984955 -40.270088 152.900070
v 218.984314 -40.270088 152.759857
v 227.444366 -39.960857 152.468552
v 227.444366 -39.960857 153.325180
v 227.506500 -40.195114 153.325180
v 227.506500 -40.195114 152.330307
v 218.583374 -39.960857 152.316284
v 218.939789 -39.960857 152.316284
v 218.939148 -40.195114 152.178284
v 218.522522 -40.195114 152.178284
v 227.355499 -39.960857 155.869659
v 226.950745 -39.960857 155.869659
v 226.950745 -40.195114 156.007645
v 227.416351 -40.195114 156.007645
v 218.494476 -39.960857 155.717392
v 218.494476 -39.960857 154.860397
v 218.432373 -40.195114 154.860397
v 218.432373 -40.195114 155.855637
v 227.591827 -46.686016 155.907684
v 227.591827 -46.686016 155.123077
v 227.506500 -40.286789 154.127365
v 227.506500 -40.195114 155.855637
v 226.950745 -39.960857 152.316284
v 226.950745 -39.857464 152.617233
v 227.231812 -39.857464 152.617233
v 227.355499 -39.960857 152.316284
v 218.494476 -39.960857 153.325180
v 218.629944 -39.857464 153.325180
v 218.629944 -39.857464 152.769424
v 218.494476 -39.960857 152.468552
v 218.960663 -39.995308 155.869644
v 218.959290 -39.891918 155.568695
v 218.707031 -39.857464 155.568695
v 218.583374 -39.960857 155.869644
v 227.444366 -40.052532 154.127365
v 227.308929 -39.949139 154.127365
v 227.308929 -39.857464 155.416519
v 227.444366 -39.960857 155.717392
v 226.909485 -40.270088 152.759857
v 227.198303 -40.270088 152.759857
v 218.697083 -40.270088 153.413177
v 219.001007 -40.304543 155.409103
v 218.738800 -40.270088 155.409103
v 227.240021 -40.361763 154.078979
v 227.240021 -40.270088 155.268890
v 218.413391 -46.686016 151.988693
v 218.364685 -53.176914 151.799088
v 227.416351 -40.195114 152.178284
v 227.714874 -53.176910 155.934464
v 218.522522 -40.195114 156.007645
v 218.432373 -40.195114 152.330307
v 227.591827 -46.686016 152.140656
v 218.316803 -46.686016 156.045273
v 218.413391 -46.686016 156.197250
v 227.308929 -39.857464 152.769424
v 218.707031 -39.857464 152.617233
v 218.629944 -39.857464 155.416519
v 227.231812 -39.857464 155.568695
v 227.240021 -40.270088 152.900070
v 218.697083 -40.270088 155.268890
v 227.198303 -40.270088 155.409103
v 218.261688 -53.176910 156.234924
v 218.316803 -46.686016 155.123077
v 218.261688 -53.176910 155.385742
v 219.000366 -40.304543 155.269547
v 218.997986 -40.304543 154.755447
v 218.697083 -40.270088 154.755447
v 218.432373 -40.195114 153.325180
v 227.708496 -53.176914 152.799835
v 227.591827 -46.686016 153.062515
v 227.677185 -53.176910 155.385742
v 218.629944 -39.857464 154.860397
v 227.308929 -39.857464 153.325180
v 227.240021 -40.270088 153.413177
v 218.987335 -40.270088 153.413177
v 227.677185 -53.176914 151.951019
v 218.719238 -53.176914 151.799088
v 218.829193 -46.686016 151.988693
v 218.961304 -40.229568 156.007645
v 219.122375 -46.686016 156.151855
v 226.909485 -40.270088 152.900070
v 226.950745 -40.195114 152.178284
v 218.941193 -39.857464 152.617233
v 226.950745 -39.857464 155.568695
v 226.909485 -40.270088 155.409103
v 226.909485 -40.361763 154.078979
v 226.909485 -40.279739 155.269073
v 226.909485 -40.270088 153.413177
v 218.426208 -53.176914 156.386856
v 219.283447 -53.176914 156.296066
vn 0.0178 0.0323 -0.9993
vn -0.0234 0.0266 -0.9994
vn 0.1509 0.0299 -0.9881
vn 0.1892 0.0253 -0.9816
vn 0.2333 0.0200 0.9722
vn 0.0232 0.0179 0.9996
vn 0.0016 0.0142 0.9999
vn 0.3193 0.0363 0.9469
vn -0.9979 0.0292 -0.0582
vn -0.9988 0.0434 -0.0226
vn -0.7949 0.0349 -0.6057
vn -0.9639 0.0206 -0.2656
vn 0.1971 0.7400 0.6431
vn 0.5536 0.7729 0.3100
vn -0.0000 1.0000 -0.0000
vn -0.0000 0.7810 0.6245
vn 0.6582 0.6341 -0.4057
vn 0.5902 0.8037 0.0759
vn 0.9357 0.3515 0.0317
vn 0.6200 0.6628 -0.4200
vn -0.1344 0.6444 -0.7528
vn -0.0000 0.6624 -0.7491
vn 0.0006 0.1913 -0.9815
vn -0.1986 0.2568 -0.9458
vn 0.1344 0.6445 0.7527
vn -0.0005 0.4522 0.8919
vn -0.0010 0.1957 0.9807
vn 0.2023 0.2558 0.9453
vn -0.6582 0.6341 0.4057
vn -0.7435 0.6687 -0.0000
vn -0.9386 0.3450 0.0013
vn -0.6204 0.6630 0.4190
vn 0.8349 0.0384 0.5491
vn 0.9990 0.0447 -0.0004
vn 0.9491 0.3148 0.0133
vn 0.8163 0.3981 0.4186
vn -0.0000 0.6642 -0.7475
vn -0.0000 0.9081 0.4188
vn -0.1300 0.9410 0.3126
vn 0.1735 0.7839 -0.5962
vn -0.5413 0.8409 -0.0000
vn 0.4233 0.9060 -0.0000
vn 0.1819 0.9795 0.0871
vn -0.3242 0.8393 -0.4364
vn 0.0194 0.6603 0.7508
vn 0.0223 0.9113 -0.4112
vn 0.1502 0.9476 -0.2818
vn -0.1585 0.7781 0.6078
vn 0.5705 0.8208 -0.0287
vn -0.4419 0.8966 0.0274
vn -0.1497 0.9798 -0.1323
vn 0.3514 0.8491 0.3944
vn -0.1680 0.7518 0.6377
vn 0.5373 0.8434 -0.0000
vn 0.0169 0.7923 -0.6099
vn 0.1885 0.7399 -0.6457
vn -0.5096 0.8595 0.0391
vn -0.5494 0.7587 -0.3501
vn -0.1724 0.0253 -0.9847
vn -0.1630 0.0223 -0.9864
vn 0.1975 0.2524 -0.9472
vn 0.9409 0.0475 0.3354
vn -0.1964 0.2562 0.9465
vn -0.5390 0.6503 -0.5353
vn 0.8212 0.0416 -0.5691
vn -0.8231 0.0383 0.5667
vn -0.1658 0.0245 0.9859
vn -0.1927 0.9772 0.0891
vn 0.1379 0.9460 0.2935
vn 0.1906 0.9774 -0.0913
vn -0.1343 0.9499 -0.2823
vn -0.5468 0.7905 0.2759
vn 0.5609 0.7810 -0.2747
vn -0.1976 0.7439 -0.6384
vn -0.7819 0.0268 0.6228
vn -0.9991 0.0381 0.0184
vn -0.9993 0.0270 0.0274
vn 0.0216 0.9998 -0.0020
vn 0.0204 0.9996 0.0195
vn 0.5500 0.8352 0.0057
vn -0.9385 0.3453 -0.0013
vn 0.9971 0.0482 -0.0587
vn 0.9991 0.0414 -0.0022
vn 0.9918 0.0341 -0.1230
vn -0.4052 0.9109 0.0774
vn -0.5454 0.8332 0.0912
vn 0.0050 0.9999 0.0144
vn 0.7714 0.0488 -0.6344
vn 0.0008 0.0209 -0.9998
vn 0.0013 0.0190 -0.9998
vn 0.0035 0.1888 0.9820
vn 0.0067 0.0164 0.9998
vn -0.0000 0.1871 -0.9823
vn -0.0007 0.9134 -0.4071
vn -0.0006 0.7554 -0.6553
vn 0.0014 0.9986 0.0526
vn -0.0019 0.9945 -0.1047
vn 0.0016 0.9947 0.1028
vn -0.0917 0.0172 0.9956
vn 0.0096 0.0148 0.9998
vn 0.0941 0.0481 -0.9944
vn -0.1020 0.0394 -0.9940
vn 0.3925 0.0426 -0.9187
vn 0.5625 0.0310 -0.8262
vn 0.6155 0.0230 0.7878
vn 0.1042 0.0275 0.9942
vn -0.0013 0.0220 0.9998
vn 0.5921 0.0353 0.8051
vn -0.9999 0.0102 -0.0134
vn -0.9999 0.0152 -0.0052
vn -0.9578 0.0120 -0.2870
vn -0.9961 0.0040 0.0879
vn 0.4585 0.7057 0.5402
vn 0.6665 0.7397 0.0924
vn -0.0000 0.8145 0.5802
vn 0.8567 0.4608 -0.2318
vn 0.8529 0.5209 0.0355
vn 0.9901 0.1402 0.0082
vn 0.8673 0.4901 -0.0871
vn -0.3676 0.6630 -0.6522
vn -0.0000 0.7731 -0.6343
vn 0.0017 0.2756 -0.9613
vn -0.4711 0.2765 -0.8376
vn 0.3676 0.6630 0.6522
vn -0.0018 0.5848 0.8112
vn -0.0031 0.2819 0.9595
vn 0.4748 0.2772 0.8353
vn -0.8567 0.4607 0.2318
vn -0.9405 0.3398 -0.0000
vn -0.9903 0.1386 0.0004
vn -0.8686 0.4878 0.0873
vn 0.9713 0.0149 0.2375
vn 0.9999 0.0155 -0.0001
vn 0.9916 0.1293 0.0036
vn 0.9444 0.2683 0.1899
vn -0.0000 0.7746 -0.6324
vn -0.0000 0.8989 0.4381
vn -0.0832 0.9759 0.2017
vn 0.4072 0.7908 -0.4569
vn -0.8212 0.5706 -0.0000
vn 0.3698 0.9291 -0.0000
vn 0.2282 0.9605 0.1593
vn -0.6137 0.7463 -0.2576
vn 0.0445 0.7662 0.6410
vn 0.0618 0.8993 -0.4329
vn 0.1328 0.9766 -0.1690
vn -0.3670 0.7997 0.4751
vn 0.8390 0.5420 -0.0485
vn -0.3863 0.9222 0.0189
vn -0.1805 0.9626 -0.2020
vn 0.6306 0.7396 0.2351
vn -0.4343 0.7199 0.5415
vn 0.6478 0.7618 -0.0000
vn 0.0516 0.8311 -0.5537
vn 0.4811 0.6944 -0.5351
vn -0.6261 0.7794 0.0254
vn -0.6783 0.7249 -0.1196
vn -0.4823 0.0319 -0.8754
vn -0.4664 0.0293 -0.8841
vn 0.4698 0.2711 -0.8401
vn 0.9909 0.0192 0.1333
vn -0.4620 0.2822 0.8408
vn -0.8192 0.5392 -0.1955
vn 0.9619 0.0208 -0.2726
vn -0.9621 0.0179 0.2721
vn -0.4549 0.0310 0.8900
vn -0.2447 0.9575 0.1529
vn 0.0782 0.9786 0.1905
vn 0.2407 0.9580 -0.1558
vn -0.0707 0.9809 -0.1810
vn -0.6606 0.7466 0.0787
vn 0.6987 0.7107 -0.0821
vn -0.4624 0.7084 -0.5333
vn -0.9172 0.0154 0.3982
vn -0.9999 0.0133 0.0042
vn -0.9999 0.0094 0.0060
vn 0.0604 0.9982 -0.0045
vn 0.0590 0.9982 0.0137
vn 0.6874 0.7262 0.0067
vn -0.9903 0.1388 -0.0004
vn 0.9998 0.0170 -0.0142
vn 0.9999 0.0145 -0.0008
vn 0.9995 0.0120 -0.0293
vn -0.3575 0.9325 0.0516
vn -0.6591 0.7502 0.0528
vn 0.0040 1.0000 0.0073
vn 0.9516 0.0235 -0.3064
vn 0.0001 0.0362 -0.9993
vn 0.0057 0.0291 -0.9996
vn 0.0119 0.2685 0.9632
vn 0.0267 0.0265 0.9993
vn -0.0000 0.2701 -0.9628
vn -0.0019 0.9069 -0.4214
vn -0.0018 0.8047 -0.5937
vn 0.0043 0.9993 0.0375
vn -0.0100 0.9978 -0.0659
vn 0.0042 0.9979 0.0654
vn -0.3131 0.0248 0.9494
vn 0.0445 0.0218 0.9988
vn 0.0957 0.0403 -0.9946
vn -0.1018 0.0329 -0.9943
vn 0.3918 0.0359 -0.9194
vn 0.5628 0.0260 -0.8262
vn 0.6159 0.0193 0.7876
vn 0.1045 0.0232 0.9943
vn -0.0020 0.0185 0.9998
vn 0.5923 0.0297 0.8052
vn -0.9999 0.0086 -0.0134
vn -0.9999 0.0128 -0.0052
vn -0.9578 0.0085 -0.2873
vn -0.9961 0.0012 0.0885
vn 0.4626 0.6895 0.5572
vn 0.6771 0.7297 0.0951
vn -0.0000 0.7997 0.6004
vn 0.8774 0.4101 -0.2489
vn 0.8830 0.4678 0.0383
vn 0.9928 0.1194 0.0084
vn 0.8769 0.4686 -0.1069
vn -0.3878 0.6144 -0.6871
vn -0.0000 0.7303 -0.6831
vn 0.0015 0.2383 -0.9712
vn -0.4759 0.2423 -0.8455
vn 0.3878 0.6143 0.6871
vn -0.0020 0.5305 0.8477
vn -0.0028 0.2436 0.9699
vn 0.4790 0.2429 0.8435
vn -0.8774 0.4101 0.2490
vn -0.9596 0.2813 -0.0000
vn -0.9931 0.1173 0.0004
vn -0.8783 0.4660 0.1069
vn 0.9713 0.0122 0.2375
vn 0.9999 0.0131 -0.0001
vn 0.9941 0.1083 0.0035
vn 0.9525 0.2380 0.1902
vn -0.0000 0.7320 -0.6813
vn -0.0000 0.9004 0.4350
vn -0.0726 0.9792 0.1896
vn 0.4273 0.7546 -0.4980
vn -0.8554 0.5180 -0.0000
vn 0.3418 0.9398 -0.0000
vn 0.2019 0.9655 0.1644
vn -0.6482 0.7100 -0.2752
vn 0.0490 0.7209 0.6913
vn 0.0734 0.8973 -0.4353
vn 0.1332 0.9792 -0.1531
vn -0.3821 0.7661 0.5168
vn 0.8725 0.4863 -0.0475
vn -0.3616 0.9320 0.0233
vn -0.1538 0.9644 -0.2150
vn 0.6646 0.7038 0.2507
vn -0.4422 0.7020 0.5583
vn 0.6575 0.7535 -0.0000
vn 0.0604 0.8171 -0.5734
vn 0.4954 0.6675 -0.5558
vn -0.6319 0.7745 0.0299
vn -0.6924 0.7101 -0.1276
vn -0.4822 0.0268 -0.8756
vn -0.4667 0.0246 -0.8841
vn 0.4748 0.2376 -0.8474
vn 0.9911 0.0161 0.1325
vn -0.4663 0.2483 0.8490
vn -0.8312 0.5119 -0.2171
vn 0.9620 0.0175 -0.2726
vn -0.9621 0.0146 0.2722
vn -0.4546 0.0260 0.8903
vn -0.2161 0.9634 0.1589
vn 0.0666 0.9816 0.1792
vn 0.2127 0.9637 -0.1616
vn -0.0599 0.9835 -0.1708
vn -0.6716 0.7363 0.0827
vn 0.7158 0.6929 -0.0871
vn -0.4680 0.6894 -0.5529
vn -0.9174 0.0129 0.3977
vn -0.9999 0.0112 0.0042
vn -1.0000 0.0079 0.0061
vn 0.0717 0.9974 -0.0053
vn 0.0700 0.9974 0.0162
vn 0.7037 0.7104 0.0080
vn -0.9931 0.1174 -0.0004
vn 0.9998 0.0143 -0.0139
vn 0.9999 0.0122 -0.0006
vn 0.9995 0.0101 -0.0291
vn -0.3286 0.9425 0.0618
vn -0.6722 0.7378 0.0614
vn 0.0048 1.0000 0.0086
vn 0.9518 0.0198 -0.3061
vn -0.0006 0.0312 -0.9995
vn 0.0057 0.0245 -0.9997
vn 0.0118 0.2311 0.9729
vn 0.0263 0.0225 0.9994
vn -0.0000 0.2338 -0.9723
vn -0.0023 0.9074 -0.4202
vn -0.0021 0.7840 -0.6207
vn 0.0052 0.9990 0.0444
vn -0.0119 0.9969 -0.0783
vn 0.0050 0.9970 0.0776
vn -0.3134 0.0208 0.9494
vn 0.0448 0.0181 0.9988
vn -0.0941 0.0481 0.9944
vn 0.1020 0.0394 0.9940
vn -0.3925 0.0426 0.9187
vn -0.5625 0.0310 0.8262
vn -0.6155 0.0230 -0.7878
vn -0.1042 0.0275 -0.9942
vn 0.0013 0.0220 -0.9998
vn -0.5921 0.0353 -0.8051
vn 0.9999 0.0102 0.0134
vn 0.9999 0.0152 0.0052
vn 0.9578 0.0120 0.2870
vn 0.9961 0.0040 -0.0879
vn -0.4585 0.7056 -0.5403
vn -0.6665 0.7397 -0.0924
vn -0.0000 0.8145 -0.5802
vn -0.8567 0.4608 0.2318
vn -0.8529 0.5209 -0.0355
vn -0.9901 0.1402 -0.0082
vn -0.8673 0.4901 0.0871
vn -0.0000 0.7731 0.6343
vn -0.0017 0.2756 0.9613
vn 0.4711 0.2765 0.8376
vn 0.0018 0.5848 -0.8112
vn 0.0031 0.2819 -0.9595
vn -0.4749 0.2772 -0.8353
vn 0.8567 0.4607 -0.2318
vn 0.9405 0.3398 -0.0000
vn 0.9903 0.1386 -0.0004
vn 0.8686 0.4878 -0.0873
vn -0.9713 0.0149 -0.2375
vn -0.9999 0.0155 0.0001
vn -0.9916 0.1293 -0.0036
vn -0.9444 0.2683 -0.1899
vn -0.0000 0.7746 0.6324
vn -0.0000 0.8989 -0.4382
vn 0.0832 0.9759 -0.2017
vn -0.4072 0.7908 0.4569
vn 0.8212 0.5706 -0.0000
vn -0.3698 0.9291 -0.0000
vn -0.2282 0.9605 -0.1593
vn 0.6137 0.7463 0.2576
vn -0.0445 0.7662 -0.6410
vn -0.0618 0.8993 0.4329
vn -0.1328 0.9766 0.1690
vn 0.3670 0.7997 -0.4751
vn -0.8390 0.5420 0.0485
vn 0.3863 0.9222 -0.0189
vn 0.1805 0.9626 0.2020
vn -0.6306 0.7396 -0.2351
vn 0.4343 0.7199 -0.5415
vn -0.6478 0.7618 -0.0000
vn -0.0516 0.8311 0.5537
vn -0.4811 0.6944 0.5351
vn 0.6261 0.7794 -0.0254
vn 0.6783 0.7250 0.1196
vn 0.4823 0.0319 0.8754
vn 0.4664 0.0293 0.8841
vn -0.4698 0.2711 0.8401
vn -0.9909 0.0192 -0.1333
vn 0.4620 0.2822 -0.8408
vn 0.8192 0.5392 0.1955
vn -0.9619 0.0208 0.2726
vn 0.9621 0.0179 -0.2721
vn 0.4548 0.0310 -0.8900
vn 0.2447 0.9575 -0.1529
vn -0.0782 0.9786 -0.1905
vn -0.2407 0.9580 0.1558
vn 0.0706 0.9809 0.1810
vn 0.6606 0.7466 -0.0787
vn -0.6987 0.7107 0.0821
vn 0.4624 0.7084 0.5333
vn 0.9172 0.0154 -0.3982
vn 0.9999 0.0133 -0.0042
vn 0.9999 0.0094 -0.0060
vn -0.0604 0.9982 0.0045
vn -0.0590 0.9982 -0.0137
vn -0.6874 0.7262 -0.0067
vn 0.9903 0.1388 0.0004
vn -0.9998 0.0170 0.0142
vn -0.9999 0.0145 0.0008
vn -0.9995 0.0120 0.0293
vn 0.3575 0.9325 -0.0516
vn 0.6591 0.7502 -0.0528
vn -0.0040 1.0000 -0.0073
vn -0.9516 0.0235 0.3064
vn -0.0001 0.0362 0.9993
vn -0.0057 0.0291 0.9996
vn -0.0119 0.2684 -0.9632
vn -0.0267 0.0265 -0.9993
vn -0.0000 0.2701 0.9628
vn 0.0019 0.9069 0.4214
vn 0.0018 0.8047 0.5937
vn -0.0043 0.9993 -0.0375
vn 0.0100 0.9978 0.0659
vn -0.0042 0.9979 -0.0654
vn 0.3131 0.0248 -0.9494
vn -0.0445 0.0218 -0.9988
vn -0.3926 0.0426 0.9187
vn -0.4748 0.2772 -0.8353
vn 0.6783 0.7249 0.1196
vn -0.0782 0.9786 -0.1906
vn 0.3878 0.6143 0.6872
vn 0.9713 0.0122 0.2374
vn 0.9941 0.1084 0.0035
vn 0.0490 0.7210 0.6913
vn 0.0667 0.9816 0.1792
vn -0.0119 0.9969 -0.0784
vn 0.0704 0.0541 -0.9961
vn -0.0902 0.0172 -0.9958
vn 0.3556 0.1022 -0.9290
vn 0.4985 0.1194 -0.8586
vn 0.5570 0.1230 0.8214
vn 0.0819 0.0386 0.9959
vn -0.0043 0.0180 0.9998
vn 0.5558 0.1342 0.8204
vn -0.9852 -0.1705 -0.0161
vn -0.9862 -0.1656 -0.0062
vn -0.9308 -0.1592 -0.3291
vn -0.9832 -0.1769 0.0459
vn 0.3047 0.7648 0.5676
vn 0.5255 0.8434 0.1123
vn -0.1806 0.9836 -0.0000
vn -0.1444 0.7865 0.6004
vn 0.7593 0.5943 -0.2650
vn 0.7419 0.6692 0.0420
vn 0.9479 0.3184 0.0099
vn 0.7508 0.6446 -0.1444
vn -0.4568 0.5567 -0.6938
vn -0.1319 0.7183 -0.6831
vn -0.0417 0.2348 -0.9711
vn -0.4823 0.1666 -0.8600
vn 0.2292 0.6827 0.6938
vn -0.0976 0.5220 0.8473
vn -0.0466 0.2393 0.9698
vn 0.3949 0.3279 0.8582
vn -0.9209 0.2857 0.2650
vn -0.9861 0.1663 -0.0000
vn -0.9991 -0.0416 0.0004
vn -0.9317 0.3332 0.1444
vn 0.9429 0.1882 0.2746
vn 0.9806 0.1960 -0.0001
vn 0.9521 0.3059 0.0042
vn 0.8754 0.4275 0.2256
vn -0.1322 0.7199 -0.6813
vn -0.1627 0.8856 0.4350
vn -0.2741 0.9399 0.2037
vn 0.2431 0.8268 -0.5073
vn -0.9097 0.4153 -0.0000
vn 0.1970 0.9804 -0.0000
vn 0.0342 0.9858 0.1641
vn -0.7317 0.6160 -0.2918
vn -0.0885 0.7184 0.6900
vn -0.1020 0.8957 -0.4327
vn -0.0285 0.9851 -0.1697
vn -0.4845 0.7001 0.5246
vn 0.7278 0.6843 -0.0461
vn -0.5508 0.8343 0.0228
vn -0.3351 0.9181 -0.2119
vn 0.4836 0.8339 0.2660
vn -0.1445 0.7865 0.6004
vn -0.5359 0.6244 0.5682
vn 0.4991 0.8665 -0.0000
vn -0.0978 0.8118 -0.5756
vn 0.3291 0.7555 -0.5665
vn -0.7531 0.6572 0.0300
vn -0.7998 0.5826 -0.1446
vn -0.4425 -0.0530 -0.8952
vn -0.4263 -0.0525 -0.9031
vn 0.3914 0.3221 -0.8620
vn 0.9682 0.1973 0.1539
vn -0.4752 0.1724 0.8628
vn -0.8870 0.3846 -0.2555
vn 0.9302 0.1916 -0.3130
vn -0.9373 -0.1544 0.3124
vn -0.4194 -0.0496 0.9065
vn -0.3971 0.9038 0.1593
vn -0.0824 0.9780 0.1918
vn 0.0463 0.9857 -0.1620
vn -0.2643 0.9469 -0.1828
vn -0.7861 0.6103 0.0975
vn 0.5608 0.8217 -0.1013
vn -0.5612 0.6071 -0.5626
vn -0.8867 -0.1479 0.4380
vn -0.9859 -0.1674 0.0050
vn -0.9852 -0.1713 0.0073
vn -0.1211 0.9926 -0.0046
vn -0.1228 0.9923 0.0160
vn 0.5436 0.8393 0.0077
vn -0.9991 -0.0414 -0.0004
vn 0.9802 0.1974 -0.0166
vn 0.9808 0.1950 -0.0008
vn 0.9807 0.1924 -0.0349
vn -0.5193 0.8524 0.0612
vn -0.7855 0.6157 0.0625
vn -0.1759 0.9844 0.0088
vn 0.9168 0.1919 -0.3501
vn -0.0054 0.0299 -0.9995
vn 0.0003 0.0249 -0.9997
vn -0.0320 0.2303 0.9726
vn 0.0179 0.0260 0.9995
vn -0.0422 0.2300 -0.9723
vn -0.1658 0.8921 -0.4203
vn -0.1433 0.7709 -0.6207
vn -0.1763 0.9834 0.0437
vn -0.1893 0.9787 -0.0791
vn -0.1759 0.9813 0.0782
vn -0.2788 -0.0298 0.9599
vn 0.0332 0.0247 0.9991
vn 0.3926 0.0426 -0.9187
vn 0.4585 0.7057 0.5403
vn -0.4710 0.2765 -0.8376
vn 0.4749 0.2772 0.8353
vn -0.8685 0.4878 0.0874
vn -0.6137 0.7464 -0.2576
vn -0.3670 0.7998 0.4751
vn -0.4619 0.2822 0.8408
vn -0.8192 0.5392 -0.1956
vn 0.0110 0.0248 -0.9996
vn -0.0152 0.0203 -0.9997
vn 0.1018 0.0229 -0.9945
vn 0.1266 0.0196 -0.9918
vn 0.1577 0.0156 0.9874
vn 0.0150 0.0136 0.9998
vn 0.0014 0.0108 0.9999
vn 0.2293 0.0294 0.9729
vn -0.9956 0.0340 -0.0874
vn -0.9981 0.0505 -0.0344
vn -0.7452 0.0369 -0.6658
vn -0.9343 0.0199 -0.3559
vn 0.1347 0.7363 0.6631
vn 0.5098 0.7668 0.3900
vn -0.0000 0.7647 0.6444
vn 0.6133 0.6349 -0.4698
vn 0.5425 0.8340 0.1010
vn 0.9174 0.3952 0.0469
vn 0.5588 0.6696 -0.4892
vn -0.1062 0.5886 -0.8014
vn -0.0000 0.5839 -0.8118
vn 0.0004 0.1490 -0.9888
vn -0.1403 0.2132 -0.9669
vn 0.1062 0.5886 0.8014
vn -0.0004 0.3620 0.9322
vn -0.0007 0.1524 0.9883
vn 0.1431 0.2123 0.9667
vn -0.6133 0.6349 0.4698
vn -0.7051 0.7091 -0.0000
vn -0.9230 0.3848 0.0015
vn -0.5590 0.6705 0.4878
vn 0.7948 0.0424 0.6054
vn 0.9986 0.0524 -0.0004
vn 0.9388 0.3440 0.0187
vn 0.7926 0.4148 0.4470
vn -0.0000 0.5859 -0.8104
vn -0.0000 0.9218 0.3877
vn -0.1130 0.9433 0.3121
vn 0.1448 0.7360 -0.6614
vn -0.4931 0.8699 -0.0000
vn 0.4113 0.9115 -0.0000
vn 0.1701 0.9850 0.0296
vn -0.2668 0.8232 -0.5012
vn 0.0164 0.5823 0.8128
vn 0.0194 0.9239 -0.3820
vn 0.1331 0.9506 -0.2806
vn -0.1322 0.7292 0.6714
vn 0.5258 0.8505 -0.0159
vn -0.4343 0.9000 0.0365
vn -0.1391 0.9863 -0.0887
vn 0.2959 0.8438 0.4477
vn -0.1126 0.7449 0.6576
vn 0.5106 0.8598 -0.0000
vn 0.0141 0.7743 -0.6327
vn 0.1311 0.7270 -0.6740
vn -0.4780 0.8769 0.0503
vn -0.5025 0.7423 -0.4432
vn -0.1157 0.0196 -0.9931
vn -0.1093 0.0172 -0.9939
vn 0.1394 0.2096 -0.9678
vn 0.9337 0.0517 0.3544
vn -0.1388 0.2124 0.9673
vn -0.4782 0.6386 -0.6029
vn 0.7873 0.0433 -0.6150
vn -0.7899 0.0400 0.6119
vn -0.1114 0.0190 0.9936
vn -0.1769 0.9836 0.0338
vn 0.1227 0.9475 0.2953
vn 0.1761 0.9837 -0.0360
vn -0.1204 0.9507 -0.2857
vn -0.5055 0.7855 0.3570
vn 0.5183 0.7779 -0.3553
vn -0.1360 0.7373 -0.6618
vn -0.7611 0.0278 0.6481
vn -0.9986 0.0446 0.0282
vn -0.9986 0.0316 0.0426
vn 0.0185 0.9998 -0.0019
vn 0.0174 0.9995 0.0254
vn 0.5207 0.8537 0.0055
vn -0.9229 0.3851 -0.0015
vn 0.9947 0.0558 -0.0863
vn 0.9988 0.0483 -0.0026
vn 0.9830 0.0397 -0.1793
vn -0.3904 0.9151 0.1010
vn -0.5201 0.8455 0.1209
vn 0.0056 0.9998 0.0205
vn 0.7106 0.0507 -0.7017
vn 0.0005 0.0157 -0.9999
vn 0.0009 0.0145 -0.9999
vn 0.0024 0.1472 0.9891
vn 0.0045 0.0124 0.9999
vn -0.0000 0.1457 -0.9893
vn -0.0006 0.9256 -0.3785
vn -0.0005 0.7254 -0.6884
vn 0.0012 0.9977 0.0671
vn -0.0013 0.9906 -0.1370
vn 0.0014 0.9910 0.1337
vn -0.0606 0.0132 0.9981
vn 0.0062 0.0113 0.9999
vn 0.0109 0.0248 -0.9996
vn 0.1014 0.0229 -0.9946
vn 0.1262 0.0196 -0.9918
vn 0.1571 0.0156 0.9875
vn 0.0149 0.0136 0.9998
vn 0.2287 0.0295 0.9731
vn -0.9956 0.0341 -0.0877
vn -0.9981 0.0507 -0.0346
vn -0.7448 0.0370 -0.6662
vn -0.9340 0.0200 -0.3566
vn 0.1342 0.7365 0.6630
vn 0.5091 0.7671 0.3905
vn 0.6125 0.6356 -0.4700
vn 0.5415 0.8346 0.1010
vn 0.9170 0.3961 0.0470
vn 0.5580 0.6700 -0.4896
vn -0.1058 0.5887 -0.8014
vn -0.1399 0.2133 -0.9669
vn 0.1058 0.5887 0.8014
vn 0.1427 0.2124 0.9667
vn -0.6125 0.6356 0.4700
vn -0.7042 0.7100 -0.0000
vn -0.9226 0.3857 0.0015
vn -0.5581 0.6710 0.4882
vn 0.7945 0.0425 0.6058
vn 0.9986 0.0526 -0.0004
vn 0.9385 0.3448 0.0188
vn 0.7922 0.4154 0.4471
vn -0.1128 0.9433 0.3123
vn 0.1445 0.7360 -0.6614
vn -0.4921 0.8706 -0.0000
vn 0.4110 0.9117 -0.0000
vn 0.1700 0.9850 0.0292
vn -0.2658 0.8234 -0.5014
vn 0.0164 0.5824 0.8128
vn 0.1328 0.9505 -0.2808
vn -0.1319 0.7292 0.6714
vn 0.5247 0.8512 -0.0158
vn -0.4339 0.9002 0.0365
vn -0.1391 0.9863 -0.0883
vn 0.2949 0.8440 0.4479
vn -0.1122 0.7450 0.6576
vn 0.5100 0.8602 -0.0000
vn 0.0140 0.7743 -0.6327
vn 0.1306 0.7271 -0.6740
vn -0.4774 0.8773 0.0503
vn -0.5017 0.7426 -0.4437
vn -0.1153 0.0196 -0.9931
vn -0.1089 0.0172 -0.9939
vn 0.1389 0.2097 -0.9678
vn 0.9337 0.0518 0.3544
vn -0.1384 0.2125 0.9673
vn -0.4774 0.6389 -0.6033
vn 0.7871 0.0434 -0.6153
vn -0.7897 0.0401 0.6122
vn -0.1110 0.0190 0.9936
vn -0.1768 0.9837 0.0334
vn 0.1225 0.9475 0.2955
vn 0.1760 0.9838 -0.0356
vn -0.1202 0.9507 -0.2858
vn -0.5047 0.7858 0.3575
vn 0.5175 0.7782 -0.3557
vn -0.1355 0.7374 -0.6617
vn -0.7609 0.0278 0.6482
vn -0.9986 0.0447 0.0283
vn -0.9986 0.0317 0.0428
vn 0.5201 0.8541 0.0055
vn -0.9225 0.3860 -0.0015
vn 0.9947 0.0560 -0.0866
vn 0.9988 0.0485 -0.0026
vn 0.9829 0.0398 -0.1798
vn -0.3901 0.9152 0.1010
vn -0.5194 0.8459 0.1209
vn 0.0055 0.9998 0.0205
vn 0.7101 0.0508 -0.7022
vn -0.0604 0.0132 0.9981
vn -0.8783 0.4661 0.1069
vn 0.9525 0.2380 0.1901
vn -0.9931 0.1175 -0.0004
vt 0.922990 0.978771
vt 0.925016 0.775168
vt 0.962695 0.774739
vt 0.969609 0.978244
vt 0.959825 0.221249
vt 0.926680 0.220438
vt 0.935912 0.017318
vt 0.970670 0.017655
vt 0.050561 0.024580
vt 0.071140 0.227750
vt 0.036656 0.229667
vt 0.018773 0.026360
vt 0.221362 0.541109
vt 0.218513 0.538073
vt 0.241571 0.538797
vt 0.241220 0.542453
vt 0.960680 0.559617
vt 0.963012 0.527347
vt 0.970447 0.527713
vt 0.968383 0.567285
vt 0.205371 0.563336
vt 0.236420 0.564226
vt 0.236286 0.571658
vt 0.199744 0.570578
vt 0.952959 0.431305
vt 0.917802 0.430453
vt 0.917857 0.423044
vt 0.958507 0.424139
vt 0.197564 0.435336
vt 0.195350 0.467641
vt 0.187665 0.467212
vt 0.189850 0.427443
vt 0.022073 0.692652
vt 0.051239 0.692685
vt 0.087299 0.893195
vt 0.020325 0.897148
vt 0.917341 0.565255
vt 0.917241 0.555337
vt 0.942146 0.553955
vt 0.952466 0.564544
vt 0.195100 0.525927
vt 0.205548 0.525368
vt 0.207837 0.546558
vt 0.197187 0.558264
vt 0.238623 0.429188
vt 0.238627 0.439307
vt 0.216072 0.440750
vt 0.205772 0.430336
vt 0.964395 0.496221
vt 0.953217 0.496689
vt 0.950717 0.447912
vt 0.961168 0.436415
vt 0.913209 0.543291
vt 0.936763 0.542090
vt 0.218217 0.521196
vt 0.243038 0.451607
vt 0.221730 0.452715
vt 0.940069 0.498752
vt 0.940158 0.456709
vt 0.176815 0.976571
vt 0.181691 0.772720
vt 0.191678 0.773480
vt 0.187240 0.977029
vt 0.958008 0.571831
vt 0.991311 0.018897
vt 0.976097 0.222261
vt 0.200260 0.423191
vt 0.189346 0.565924
vt 0.972694 0.773997
vt 0.968790 0.428872
vt 0.182776 0.221427
vt 0.192699 0.220395
vt 0.950212 0.547809
vt 0.215818 0.552850
vt 0.208142 0.447019
vt 0.942619 0.441697
vt 0.939728 0.539091
vt 0.218767 0.455879
vt 0.937214 0.453721
vt 0.178717 0.017504
vt 0.148220 0.223651
vt 0.147052 0.019486
vt 0.243158 0.455276
vt 0.242902 0.472906
vt 0.218387 0.472879
vt 0.972744 0.495846
vt 0.187408 0.526348
vt 0.138172 0.489161
vt 0.128220 0.692757
vt 0.041814 0.489176
vt 0.205790 0.468159
vt 0.952829 0.526795
vt 0.940358 0.522020
vt 0.241856 0.521207
vt 0.169902 0.489293
vt 0.162621 0.692747
vt 0.217442 0.977424
vt 0.227094 0.774189
vt 0.238681 0.421489
vt 0.252985 0.219954
vt 0.913078 0.539646
vt 0.917350 0.572720
vt 0.236760 0.554380
vt 0.917669 0.440301
vt 0.913586 0.452515
vt 0.913194 0.498880
vt 0.913355 0.456087
vt 0.913176 0.522137
vt 0.090973 0.430533
vt 0.051478 0.434800
vt 0.021133 0.489031
vt 0.980031 0.977810
vt 0.193794 0.016883
vt 0.150173 0.427312
vt 0.119165 0.895492
vt 0.158738 0.897556
vt 0.266783 0.016711
s 1
f 1/1/1 2/2/2 3/3/3
f 3/3/3 4/4/4 1/1/1
f 5/5/5 6/6/6 7/7/7
f 7/7/7 8/8/8 5/5/5
f 9/9/9 10/10/10 11/11/11
f 11/11/11 12/12/12 9/9/9
f 13/13/13 14/14/14 15/15/15
f 15/15/15 16/16/16 13/13/13
f 17/17/17 18/18/18 19/19/19
f 19/19/19 20/20/20 17/17/17
f 21/21/21 22/22/22 23/23/23
f 23/23/23 24/24/24 21/21/21
f 25/25/25 26/26/26 27/27/27
f 27/27/27 28/28/28 25/25/25
f 29/29/29 30/30/30 31/31/31
f 31/31/31 32/32/32 29/29/29
f 33/33/33 34/34/34 35/35/35
f 35/35/35 36/36/36 33/33/33
f 37/37/37 38/38/38 39/39/39
f 39/39/39 40/40/40 37/37/37
f 41/41/41 42/42/42 43/43/43
f 43/43/43 44/44/44 41/41/41
f 45/45/45 46/46/46 47/47/47
f 47/47/47 48/48/48 45/45/45
f 49/49/49 50/50/50 51/51/51
f 51/51/51 52/52/52 49/49/49
f 39/39/39 38/38/38 53/53/16
f 53/53/16 54/54/53 39/39/39
f 42/42/42 55/55/54 14/14/14
f 14/14/14 43/43/43 42/42/42
f 47/47/47 46/46/46 56/56/55
f 56/56/55 57/57/56 47/47/47
f 50/50/50 58/58/57 59/59/58
f 59/59/58 51/51/51 50/50/50
f 12/60/12 11/61/11 60/62/59
f 60/62/59 61/63/60 12/60/12
f 40/40/40 17/17/17 20/20/20
f 20/20/20 62/64/61 40/40/40
f 63/65/62 33/66/33 5/5/5
f 5/5/5 8/8/8 63/65/62
f 48/48/48 29/29/29 32/32/32
f 32/32/32 64/67/63 48/48/48
f 24/24/24 65/68/64 44/44/44
f 44/44/44 21/21/21 24/24/24
f 20/20/20 66/69/65 3/3/3
f 3/3/3 62/64/61 20/20/20
f 28/28/28 36/70/36 52/52/52
f 52/52/52 25/25/25 28/28/28
f 32/32/32 67/71/66 68/72/67
f 68/72/67 64/67/63 32/32/32
f 17/17/17 40/40/40 39/39/39
f 39/39/39 69/73/68 17/17/17
f 21/21/21 44/44/44 43/43/43
f 43/43/43 70/74/69 21/21/21
f 29/29/29 48/48/48 47/47/47
f 47/47/47 71/75/70 29/29/29
f 25/25/25 52/52/52 51/51/51
f 51/51/51 72/76/71 25/25/25
f 69/73/68 39/39/39 54/54/53
f 54/54/53 73/77/72 69/73/68
f 70/74/69 43/43/43 14/14/14
f 14/14/14 13/13/13 70/74/69
f 71/75/70 47/47/47 57/57/56
f 57/57/56 74/78/73 71/75/70
f 72/76/71 51/51/51 59/59/58
f 59/59/58 75/79/74 72/76/71
f 76/80/75 67/71/66 77/81/76
f 77/81/76 78/82/77 76/80/75
f 74/78/73 79/83/78 80/84/79
f 80/84/79 81/85/80 74/78/73
f 52/52/52 36/70/36 35/86/35
f 35/86/35 49/49/49 52/52/52
f 41/41/41 82/87/81 31/31/31
f 31/31/31 30/30/30 41/41/41
f 83/88/82 84/89/83 34/34/34
f 34/34/34 85/90/84 83/88/82
f 30/30/30 29/29/29 71/75/70
f 71/75/70 86/91/42 30/30/30
f 18/18/18 87/92/85 50/50/50
f 50/50/50 49/49/49 18/18/18
f 71/75/70 74/78/73 81/85/80
f 81/85/80 86/91/42 71/75/70
f 87/92/85 88/93/86 58/58/57
f 58/58/57 50/50/50 87/92/85
f 78/82/77 77/81/76 10/10/10
f 10/10/10 9/9/9 78/82/77
f 81/85/80 80/84/79 89/94/87
f 89/94/87 55/55/54 81/85/80
f 49/49/49 35/86/35 19/19/19
f 19/19/19 18/18/18 49/49/49
f 30/30/30 86/91/42 42/42/42
f 42/42/42 41/41/41 30/30/30
f 86/91/42 81/85/80 55/55/54
f 55/55/54 42/42/42 86/91/42
f 44/44/44 65/68/64 82/87/81
f 82/87/81 41/41/41 44/44/44
f 90/95/88 66/96/65 84/89/83
f 84/89/83 83/88/82 90/95/88
f 18/18/18 17/17/17 69/73/68
f 69/73/68 87/92/85 18/18/18
f 69/73/68 73/77/72 88/93/86
f 88/93/86 87/92/85 69/73/68
f 91/97/89 92/98/90 2/2/2
f 2/2/2 1/1/1 91/97/89
f 27/27/27 93/99/91 94/100/92
f 94/100/92 6/6/6 27/27/27
f 54/54/53 53/53/16 95/101/15
f 95/101/15 73/77/72 54/54/53
f 40/40/40 62/64/61 96/102/93
f 96/102/93 37/37/37 40/40/40
f 45/45/45 93/99/91 27/27/27
f 27/27/27 26/26/26 45/45/45
f 22/22/22 97/103/38 38/38/38
f 38/38/38 37/37/37 22/22/22
f 26/26/26 25/25/25 72/76/71
f 72/76/71 98/104/94 26/26/26
f 97/103/38 16/16/16 53/53/16
f 53/53/16 38/38/38 97/103/38
f 72/76/71 75/79/74 99/105/95
f 99/105/95 98/104/94 72/76/71
f 58/58/57 100/106/96 101/107/97
f 101/107/97 59/59/58 58/58/57
f 58/58/57 88/93/86 102/108/98
f 102/108/98 100/106/96 58/58/57
f 53/53/16 16/16/16 15/15/15
f 15/15/15 95/101/15 53/53/16
f 37/37/37 96/102/93 23/23/23
f 23/23/23 22/22/22 37/37/37
f 26/26/26 98/104/94 46/46/46
f 46/46/46 45/45/45 26/26/26
f 98/104/94 99/105/95 56/56/55
f 56/56/55 46/46/46 98/104/94
f 100/106/96 80/84/79 79/83/78
f 79/83/78 101/107/97 100/106/96
f 80/84/79 100/106/96 102/108/98
f 102/108/98 89/94/87 80/84/79
f 91/97/89 61/63/60 60/62/59
f 60/62/59 92/98/90 91/97/89
f 93/99/91 64/67/63 68/72/67
f 68/72/67 94/100/92 93/99/91
f 48/48/48 64/67/63 93/99/91
f 93/99/91 45/45/45 48/48/48
f 22/22/22 21/21/21 70/74/69
f 70/74/69 97/103/38 22/22/22
f 70/74/69 13/13/13 16/16/16
f 16/16/16 97/103/38 70/74/69
f 2/2/2 96/102/93 62/64/61
f 62/64/61 3/3/3 2/2/2
f 28/28/28 27/27/27 6/6/6
f 6/6/6 5/5/5 28/28/28
f 82/109/81 65/110/64 11/11/11
f 11/11/11 10/10/10 82/109/81
f 63/111/62 85/90/84 34/34/34
f 34/34/34 33/33/33 63/111/62
f 65/68/64 24/24/24 60/62/59
f 60/62/59 11/61/11 65/68/64
f 36/70/36 28/28/28 5/5/5
f 5/5/5 33/66/33 36/70/36
f 90/112/88 4/4/4 3/3/3
f 3/3/3 66/69/65 90/112/88
f 76/80/75 103/113/99 68/72/67
f 68/72/67 67/71/66 76/80/75
f 32/32/32 31/114/31 77/81/76
f 77/81/76 67/71/66 32/32/32
f 19/115/19 35/35/35 34/34/34
f 34/34/34 84/89/83 19/115/19
f 31/114/31 82/109/81 10/10/10
f 10/10/10 77/81/76 31/114/31
f 20/116/20 19/115/19 84/89/83
f 84/89/83 66/96/65 20/116/20
f 23/23/23 96/102/93 2/2/2
f 2/2/2 92/98/90 23/23/23
f 104/117/100 7/7/7 6/6/6
f 6/6/6 94/100/92 104/117/100
f 24/24/24 23/23/23 92/98/90
f 92/98/90 60/62/59 24/24/24
f 103/113/99 104/117/100 94/100/92
f 94/100/92 68/72/67 103/113/99
f 55/55/54 89/94/87 15/15/15
f 15/15/15 14/14/14 55/55/54
f 89/94/87 102/108/98 95/101/15
f 95/101/15 15/15/15 89/94/87
f 102/108/98 88/93/86 73/77/72
f 73/77/72 95/101/15 102/108/98
f 57/57/56 56/56/55 79/83/78
f 79/83/78 74/78/73 57/57/56
f 56/56/55 99/105/95 101/107/97
f 101/107/97 79/83/78 56/56/55
f 101/107/97 99/105/95 75/79/74
f 75/79/74 59/59/58 101/107/97
f 105/1/101 106/2/102 107/3/103
f 107/3/103 108/4/104 105/1/101
f 109/5/105 110/6/106 111/7/107
f 111/7/107 112/8/108 109/5/105
f 113/9/109 114/10/110 115/11/111
f 115/11/111 116/12/112 113/9/109
f 117/13/113 118/14/114 119/15/15
f 119/15/15 120/16/115 117/13/113
f 121/17/116 122/18/117 123/19/118
f 123/19/118 124/20/119 121/17/116
f 125/21/120 126/22/121 127/23/122
f 127/23/122 128/24/123 125/21/120
f 129/25/124 130/26/125 131/27/126
f 131/27/126 132/28/127 129/25/124
f 133/29/128 134/30/129 135/31/130
f 135/31/130 136/32/131 133/29/128
f 137/33/132 138/34/133 139/35/134
f 139/35/134 140/36/135 137/33/132
f 141/37/136 142/38/137 143/39/138
f 143/39/138 144/40/139 141/37/136
f 145/41/140 146/42/141 147/43/142
f 147/43/142 148/44/143 145/41/140
f 149/45/144 150/46/145 151/47/146
f 151/47/146 152/48/147 149/45/144
f 153/49/148 154/50/149 155/51/150
f 155/51/150 156/52/151 153/49/148
f 143/39/138 142/38/137 157/53/115
f 157/53/115 158/54/152 143/39/138
f 146/42/141 159/55/153 118/14/114
f 118/14/114 147/43/142 146/42/141
f 151/47/146 150/46/145 160/56/154
f 160/56/154 161/57/155 151/47/146
f 154/50/149 162/58/156 163/59/157
f 163/59/157 155/51/150 154/50/149
f 116/60/112 115/61/111 164/62/158
f 164/62/158 165/63/159 116/60/112
f 144/40/139 121/17/116 124/20/119
f 124/20/119 166/64/160 144/40/139
f 167/65/161 137/66/132 109/5/105
f 109/5/105 112/8/108 167/65/161
f 152/48/147 133/29/128 136/32/131
f 136/32/131 168/67/162 152/48/147
f 128/24/123 169/68/163 148/44/143
f 148/44/143 125/21/120 128/24/123
f 124/20/119 170/69/164 107/3/103
f 107/3/103 166/64/160 124/20/119
f 132/28/127 140/70/135 156/52/151
f 156/52/151 129/25/124 132/28/127
f 136/32/131 171/71/165 172/72/166
f 172/72/166 168/67/162 136/32/131
f 121/17/116 144/40/139 143/39/138
f 143/39/138 173/73/167 121/17/116
f 125/21/120 148/44/143 147/43/142
f 147/43/142 174/74/168 125/21/120
f 133/29/128 152/48/147 151/47/146
f 151/47/146 175/75/169 133/29/128
f 129/25/124 156/52/151 155/51/150
f 155/51/150 176/76/170 129/25/124
f 173/73/167 143/39/138 158/54/152
f 158/54/152 177/77/171 173/73/167
f 174/74/168 147/43/142 118/14/114
f 118/14/114 117/13/113 174/74/168
f 175/75/169 151/47/146 161/57/155
f 161/57/155 178/78/172 175/75/169
f 176/76/170 155/51/150 163/59/157
f 163/59/157 179/79/173 176/76/170
f 180/80/174 171/71/165 181/81/175
f 181/81/175 182/82/176 180/80/174
f 178/78/172 183/83/177 184/84/178
f 184/84/178 185/85/179 178/78/172
f 156/52/151 140/70/135 139/86/134
f 139/86/134 153/49/148 156/52/151
f 145/41/140 186/87/180 135/31/130
f 135/31/130 134/30/129 145/41/140
f 187/88/181 188/89/182 138/34/133
f 138/34/133 189/90/183 187/88/181
f 134/30/129 133/29/128 175/75/169
f 175/75/169 190/91/141 134/30/129
f 122/18/117 191/92/184 154/50/149
f 154/50/149 153/49/148 122/18/117
f 175/75/169 178/78/172 185/85/179
f 185/85/179 190/91/141 175/75/169
f 191/92/184 192/93/185 162/58/156
f 162/58/156 154/50/149 191/92/184
f 182/82/176 181/81/175 114/10/110
f 114/10/110 113/9/109 182/82/176
f 185/85/179 184/84/178 193/94/186
f 193/94/186 159/55/153 185/85/179
f 153/49/148 139/86/134 123/19/118
f 123/19/118 122/18/117 153/49/148
f 134/30/129 190/91/141 146/42/141
f 146/42/141 145/41/140 134/30/129
f 190/91/141 185/85/179 159/55/153
f 159/55/153 146/42/141 190/91/141
f 148/44/143 169/68/163 186/87/180
f 186/87/180 145/41/140 148/44/143
f 194/95/187 170/96/164 188/89/182
f 188/89/182 187/88/181 194/95/187
f 122/18/117 121/17/116 173/73/167
f 173/73/167 191/92/184 122/18/117
f 173/73/167 177/77/171 192/93/185
f 192/93/185 191/92/184 173/73/167
f 195/97/188 196/98/189 106/2/102
f 106/2/102 105/1/101 195/97/188
f 131/27/126 197/99/190 198/100/191
f 198/100/191 110/6/106 131/27/126
f 158/54/152 157/53/115 199/101/15
f 199/101/15 177/77/171 158/54/152
f 144/40/139 166/64/160 200/102/192
f 200/102/192 141/37/136 144/40/139
f 149/45/144 197/99/190 131/27/126
f 131/27/126 130/26/125 149/45/144
f 126/22/121 201/103/137 142/38/137
f 142/38/137 141/37/136 126/22/121
f 130/26/125 129/25/124 176/76/170
f 176/76/170 202/104/193 130/26/125
f 201/103/137 120/16/115 157/53/115
f 157/53/115 142/38/137 201/103/137
f 176/76/170 179/79/173 203/105/194
f 203/105/194 202/104/193 176/76/170
f 162/58/156 204/106/195 205/107/196
f 205/107/196 163/59/157 162/58/156
f 162/58/156 192/93/185 206/108/197
f 206/108/197 204/106/195 162/58/156
f 157/53/115 120/16/115 119/15/15
f 119/15/15 199/101/15 157/53/115
f 141/37/136 200/102/192 127/23/122
f 127/23/122 126/22/121 141/37/136
f 130/26/125 202/104/193 150/46/145
f 150/46/145 149/45/144 130/26/125
f 202/104/193 203/105/194 160/56/154
f 160/56/154 150/46/145 202/104/193
f 204/106/195 184/84/178 183/83/177
f 183/83/177 205/107/196 204/106/195
f 184/84/178 204/106/195 206/108/197
f 206/108/197 193/94/186 184/84/178
f 195/97/188 165/63/159 164/62/158
f 164/62/158 196/98/189 195/97/188
f 197/99/190 168/67/162 172/72/166
f 172/72/166 198/100/191 197/99/190
f 152/48/147 168/67/162 197/99/190
f 197/99/190 149/45/144 152/48/147
f 126/22/121 125/21/120 174/74/168
f 174/74/168 201/103/137 126/22/121
f 174/74/168 117/13/113 120/16/115
f 120/16/115 201/103/137 174/74/168
f 106/2/102 200/102/192 166/64/160
f 166/64/160 107/3/103 106/2/102
f 132/28/127 131/27/126 110/6/106
f 110/6/106 109/5/105 132/28/127
f 186/109/180 169/110/163 115/11/111
f 115/11/111 114/10/110 186/109/180
f 167/111/161 189/90/183 138/34/133
f 138/34/133 137/33/132 167/111/161
f 169/68/163 128/24/123 164/62/158
f 164/62/158 115/61/111 169/68/163
f 140/70/135 132/28/127 109/5/105
f 109/5/105 137/66/132 140/70/135
f 194/112/187 108/4/104 107/3/103
f 107/3/103 170/69/164 194/112/187
f 180/80/174 207/113/198 172/72/166
f 172/72/166 171/71/165 180/80/174
f 136/32/131 135/114/130 181/81/175
f 181/81/175 171/71/165 136/32/131
f 123/115/118 139/35/134 138/34/133
f 138/34/133 188/89/182 123/115/118
f 135/114/130 186/109/180 114/10/110
f 114/10/110 181/81/175 135/114/130
f 124/116/119 123/115/118 188/89/182
f 188/89/182 170/96/164 124/116/119
f 127/23/122 200/102/192 106/2/102
f 106/2/102 196/98/189 127/23/122
f 208/117/199 111/7/107 110/6/106
f 110/6/106 198/100/191 208/117/199
f 128/24/123 127/23/122 196/98/189
f 196/98/189 164/62/158 128/24/123
f 207/113/198 208/117/199 198/100/191
f 198/100/191 172/72/166 207/113/198
f 159/55/153 193/94/186 119/15/15
f 119/15/15 118/14/114 159/55/153
f 193/94/186 206/108/197 199/101/15
f 199/101/15 119/15/15 193/94/186
f 206/108/197 192/93/185 177/77/171
f 177/77/171 199/101/15 206/108/197
f 161/57/155 160/56/154 183/83/177
f 183/83/177 178/78/172 161/57/155
f 160/56/154 203/105/194 205/107/196
f 205/107/196 183/83/177 160/56/154
f 205/107/196 203/105/194 179/79/173
f 179/79/173 163/59/157 205/107/196
f 209/1/200 210/2/201 211/3/202
f 211/3/202 212/4/203 209/1/200
f 213/5/204 214/6/205 215/7/206
f 215/7/206 216/8/207 213/5/204
f 217/9/208 218/10/209 219/11/210
f 219/11/210 220/12/211 217/9/208
f 221/13/212 222/14/213 223/15/15
f 223/15/15 224/16/214 221/13/212
f 225/17/215 226/18/216 227/19/217
f 227/19/217 228/20/218 225/17/215
f 229/21/219 230/22/220 231/23/221
f 231/23/221 232/24/222 229/21/219
f 233/25/223 234/26/224 235/27/225
f 235/27/225 236/28/226 233/25/223
f 237/29/227 238/30/228 239/31/229
f 239/31/229 240/32/230 237/29/227
f 241/33/231 242/34/232 243/35/233
f 243/35/233 244/36/234 241/33/231
f 245/37/235 246/38/236 247/39/237
f 247/39/237 248/40/238 245/37/235
f 249/41/239 250/42/240 251/43/241
f 251/43/241 252/44/242 249/41/239
f 253/45/243 254/46/244 255/47/245
f 255/47/245 256/48/246 253/45/243
f 257/49/247 258/50/248 259/51/249
f 259/51/249 260/52/250 257/49/247
f 247/39/237 246/38/236 261/53/214
f 261/53/214 262/54/251 247/39/237
f 250/42/240 263/55/252 222/14/213
f 222/14/213 251/43/241 250/42/240
f 255/47/245 254/46/244 264/56/253
f 264/56/253 265/57/254 255/47/245
f 258/50/248 266/58/255 267/59/256
f 267/59/256 259/51/249 258/50/248
f 220/60/211 219/61/210 268/62/257
f 268/62/257 269/63/258 220/60/211
f 248/40/238 225/17/215 228/20/218
f 228/20/218 270/64/259 248/40/238
f 271/65/260 241/66/231 213/5/204
f 213/5/204 216/8/207 271/65/260
f 256/48/246 237/29/227 240/32/230
f 240/32/230 272/67/261 256/48/246
f 232/24/222 273/68/262 252/44/242
f 252/44/242 229/21/219 232/24/222
f 228/20/218 274/69/263 211/3/202
f 211/3/202 270/64/259 228/20/218
f 236/28/226 244/70/234 260/52/250
f 260/52/250 233/25/223 236/28/226
f 240/32/230 275/71/264 276/72/265
f 276/72/265 272/67/261 240/32/230
f 225/17/215 248/40/238 247/39/237
f 247/39/237 277/73/266 225/17/215
f 229/21/219 252/44/242 251/43/241
f 251/43/241 278/74/267 229/21/219
f 237/29/227 256/48/246 255/47/245
f 255/47/245 279/75/268 237/29/227
f 233/25/223 260/52/250 259/51/249
f 259/51/249 280/76/269 233/25/223
f 277/73/266 247/39/237 262/54/251
f 262/54/251 281/77/270 277/73/266
f 278/74/267 251/43/241 222/14/213
f 222/14/213 221/13/212 278/74/267
f 279/75/268 255/47/245 265/57/254
f 265/57/254 282/78/271 279/75/268
f 280/76/269 259/51/249 267/59/256
f 267/59/256 283/79/272 280/76/269
f 284/80/273 275/71/264 285/81/274
f 285/81/274 286/82/275 284/80/273
f 282/78/271 287/83/276 288/84/277
f 288/84/277 289/85/278 282/78/271
f 260/52/250 244/70/234 243/86/233
f 243/86/233 257/49/247 260/52/250
f 249/41/239 290/87/279 239/31/229
f 239/31/229 238/30/228 249/41/239
f 291/88/280 292/89/281 242/34/232
f 242/34/232 293/90/282 291/88/280
f 238/30/228 237/29/227 279/75/268
f 279/75/268 294/91/240 238/30/228
f 226/18/216 295/92/283 258/50/248
f 258/50/248 257/49/247 226/18/216
f 279/75/268 282/78/271 289/85/278
f 289/85/278 294/91/240 279/75/268
f 295/92/283 296/93/284 266/58/255
f 266/58/255 258/50/248 295/92/283
f 286/82/275 285/81/274 218/10/209
f 218/10/209 217/9/208 286/82/275
f 289/85/278 288/84/277 297/94/285
f 297/94/285 263/55/252 289/85/278
f 257/49/247 243/86/233 227/19/217
f 227/19/217 226/18/216 257/49/247
f 238/30/228 294/91/240 250/42/240
f 250/42/240 249/41/239 238/30/228
f 294/91/240 289/85/278 263/55/252
f 263/55/252 250/42/240 294/91/240
f 252/44/242 273/68/262 290/87/279
f 290/87/279 249/41/239 252/44/242
f 298/95/286 274/96/263 292/89/281
f 292/89/281 291/88/280 298/95/286
f 226/18/216 225/17/215 277/73/266
f 277/73/266 295/92/283 226/18/216
f 277/73/266 281/77/270 296/93/284
f 296/93/284 295/92/283 277/73/266
f 299/97/287 300/98/288 210/2/201
f 210/2/201 209/1/200 299/97/287
f 235/27/225 301/99/289 302/100/290
f 302/100/290 214/6/205 235/27/225
f 262/54/251 261/53/214 303/101/15
f 303/101/15 281/77/270 262/54/251
f 248/40/238 270/64/259 304/102/291
f 304/102/291 245/37/235 248/40/238
f 253/45/243 301/99/289 235/27/225
f 235/27/225 234/26/224 253/45/243
f 230/22/220 305/103/236 246/38/236
f 246/38/236 245/37/235 230/22/220
f 234/26/224 233/25/223 280/76/269
f 280/76/269 306/104/292 234/26/224
f 305/103/236 224/16/214 261/53/214
f 261/53/214 246/38/236 305/103/236
f 280/76/269 283/79/272 307/105/293
f 307/105/293 306/104/292 280/76/269
f 266/58/255 308/106/294 309/107/295
f 309/107/295 267/59/256 266/58/255
f 266/58/255 296/93/284 310/108/296
f 310/108/296 308/106/294 266/58/255
f 261/53/214 224/16/214 223/15/15
f 223/15/15 303/101/15 261/53/214
f 245/37/235 304/102/291 231/23/221
f 231/23/221 230/22/220 245/37/235
f 234/26/224 306/104/292 254/46/244
f 254/46/244 253/45/243 234/26/224
f 306/104/292 307/105/293 264/56/253
f 264/56/253 254/46/244 306/104/292
f 308/106/294 288/84/277 287/83/276
f 287/83/276 309/107/295 308/106/294
f 288/84/277 308/106/294 310/108/296
f 310/108/296 297/94/285 288/84/277
f 299/97/287 269/63/258 268/62/257
f 268/62/257 300/98/288 299/97/287
f 301/99/289 272/67/261 276/72/265
f 276/72/265 302/100/290 301/99/289
f 256/48/246 272/67/261 301/99/289
f 301/99/289 253/45/243 256/48/246
f 230/22/220 229/21/219 278/74/267
f 278/74/267 305/103/236 230/22/220
f 278/74/267 221/13/212 224/16/214
f 224/16/214 305/103/236 278/74/267
f 210/2/201 304/102/291 270/64/259
f 270/64/259 211/3/202 210/2/201
f 236/28/226 235/27/225 214/6/205
f 214/6/205 213/5/204 236/28/226
f 290/109/279 273/110/262 219/11/210
f 219/11/210 218/10/209 290/109/279
f 271/111/260 293/90/282 242/34/232
f 242/34/232 241/33/231 271/111/260
f 273/68/262 232/24/222 268/62/257
f 268/62/257 219/61/210 273/68/262
f 244/70/234 236/28/226 213/5/204
f 213/5/204 241/66/231 244/70/234
f 298/112/286 212/4/203 211/3/202
f 211/3/202 274/69/263 298/112/286
f 284/80/273 311/113/297 276/72/265
f 276/72/265 275/71/264 284/80/273
f 240/32/230 239/114/229 285/81/274
f 285/81/274 275/71/264 240/32/230
f 227/115/217 243/35/233 242/34/232
f 242/34/232 292/89/281 227/115/217
f 239/114/229 290/109/279 218/10/209
f 218/10/209 285/81/274 239/114/229
f 228/116/218 227/115/217 292/89/281
f 292/89/281 274/96/263 228/116/218
f 231/23/221 304/102/291 210/2/201
f 210/2/201 300/98/288 231/23/221
f 312/117/298 215/7/206 214/6/205
f 214/6/205 302/100/290 312/117/298
f 232/24/222 231/23/221 300/98/288
f 300/98/288 268/62/257 232/24/222
f 311/113/297 312/117/298 302/100/290
f 302/100/290 276/72/265 311/113/297
f 263/55/252 297/94/285 223/15/15
f 223/15/15 222/14/213 263/55/252
f 297/94/285 310/108/296 303/101/15
f 303/101/15 223/15/15 297/94/285
f 310/108/296 296/93/284 281/77/270
f 281/77/270 303/101/15 310/108/296
f 265/57/254 264/56/253 287/83/276
f 287/83/276 282/78/271 265/57/254
f 264/56/253 307/105/293 309/107/295
f 309/107/295 287/83/276 264/56/253
f 309/107/295 307/105/293 283/79/272
f 283/79/272 267/59/256 309/107/295
f 313/1/299 314/2/300 315/3/301
f 315/3/301 316/4/302 313/1/299
f 317/5/303 318/6/304 319/7/305
f 319/7/305 320/8/306 317/5/303
f 321/9/307 322/10/308 323/11/309
f 323/11/309 324/12/310 321/9/307
f 325/13/311 326/14/312 327/15/15
f 327/15/15 328/16/313 325/13/311
f 329/17/314 330/18/315 331/19/316
f 331/19/316 332/20/317 329/17/314
f 333/21/124 334/22/318 335/23/319
f 335/23/319 336/24/320 333/21/124
f 337/25/120 338/26/321 339/27/322
f 339/27/322 340/28/323 337/25/120
f 341/29/324 342/30/325 343/31/326
f 343/31/326 344/32/327 341/29/324
f 345/33/328 346/34/329 347/35/330
f 347/35/330 348/36/331 345/33/328
f 349/37/332 350/38/333 351/39/334
f 351/39/334 352/40/335 349/37/332
f 353/41/336 354/42/337 355/43/338
f 355/43/338 356/44/339 353/41/336
f 357/45/340 358/46/341 359/47/342
f 359/47/342 360/48/343 357/45/340
f 361/49/344 362/50/345 363/51/346
f 363/51/346 364/52/347 361/49/344
f 351/39/334 350/38/333 365/53/313
f 365/53/313 366/54/348 351/39/334
f 354/42/337 367/55/349 326/14/312
f 326/14/312 355/43/338 354/42/337
f 359/47/342 358/46/341 368/56/350
f 368/56/350 369/57/351 359/47/342
f 362/50/345 370/58/352 371/59/353
f 371/59/353 363/51/346 362/50/345
f 324/60/310 323/61/309 372/62/354
f 372/62/354 373/63/355 324/60/310
f 352/40/335 329/17/314 332/20/317
f 332/20/317 374/64/356 352/40/335
f 375/65/357 345/66/328 317/5/303
f 317/5/303 320/8/306 375/65/357
f 360/48/343 341/29/324 344/32/327
f 344/32/327 376/67/358 360/48/343
f 336/24/320 377/68/359 356/44/339
f 356/44/339 333/21/124 336/24/320
f 332/20/317 378/69/360 315/3/301
f 315/3/301 374/64/356 332/20/317
f 340/28/323 348/70/331 364/52/347
f 364/52/347 337/25/120 340/28/323
f 344/32/327 379/71/361 380/72/362
f 380/72/362 376/67/358 344/32/327
f 329/17/314 352/40/335 351/39/334
f 351/39/334 381/73/363 329/17/314
f 333/21/124 356/44/339 355/43/338
f 355/43/338 382/74/364 333/21/124
f 341/29/324 360/48/343 359/47/342
f 359/47/342 383/75/365 341/29/324
f 337/25/120 364/52/347 363/51/346
f 363/51/346 384/76/366 337/25/120
f 381/73/363 351/39/334 366/54/348
f 366/54/348 385/77/367 381/73/363
f 382/74/364 355/43/338 326/14/312
f 326/14/312 325/13/311 382/74/364
f 383/75/365 359/47/342 369/57/351
f 369/57/351 386/78/368 383/75/365
f 384/76/366 363/51/346 371/59/353
f 371/59/353 387/79/369 384/76/366
f 388/80/370 379/71/361 389/81/371
f 389/81/371 390/82/372 388/80/370
f 386/78/368 391/83/373 392/84/374
f 392/84/374 393/85/375 386/78/368
f 364/52/347 348/70/331 347/86/330
f 347/86/330 361/49/344 364/52/347
f 353/41/336 394/87/376 343/31/326
f 343/31/326 342/30/325 353/41/336
f 395/88/377 396/89/378 346/34/329
f 346/34/329 397/90/379 395/88/377
f 342/30/325 341/29/324 383/75/365
f 383/75/365 398/91/337 342/30/325
f 330/18/315 399/92/380 362/50/345
f 362/50/345 361/49/344 330/18/315
f 383/75/365 386/78/368 393/85/375
f 393/85/375 398/91/337 383/75/365
f 399/92/380 400/93/381 370/58/352
f 370/58/352 362/50/345 399/92/380
f 390/82/372 389/81/371 322/10/308
f 322/10/308 321/9/307 390/82/372
f 393/85/375 392/84/374 401/94/382
f 401/94/382 367/55/349 393/85/375
f 361/49/344 347/86/330 331/19/316
f 331/19/316 330/18/315 361/49/344
f 342/30/325 398/91/337 354/42/337
f 354/42/337 353/41/336 342/30/325
f 398/91/337 393/85/375 367/55/349
f 367/55/349 354/42/337 398/91/337
f 356/44/339 377/68/359 394/87/376
f 394/87/376 353/41/336 356/44/339
f 402/95/383 378/96/360 396/89/378
f 396/89/378 395/88/377 402/95/383
f 330/18/315 329/17/314 381/73/363
f 381/73/363 399/92/380 330/18/315
f 381/73/363 385/77/367 400/93/381
f 400/93/381 399/92/380 381/73/363
f 403/97/384 404/98/385 314/2/300
f 314/2/300 313/1/299 403/97/384
f 339/27/322 405/99/386 406/100/387
f 406/100/387 318/6/304 339/27/322
f 366/54/348 365/53/313 407/101/15
f 407/101/15 385/77/367 366/54/348
f 352/40/335 374/64/356 408/102/388
f 408/102/388 349/37/332 352/40/335
f 357/45/340 405/99/386 339/27/322
f 339/27/322 338/26/321 357/45/340
f 334/22/318 409/103/333 350/38/333
f 350/38/333 349/37/332 334/22/318
f 338/26/321 337/25/120 384/76/366
f 384/76/366 410/104/389 338/26/321
f 409/103/333 328/16/313 365/53/313
f 365/53/313 350/38/333 409/103/333
f 384/76/366 387/79/369 411/105/390
f 411/105/390 410/104/389 384/76/366
f 370/58/352 412/106/391 413/107/392
f 413/107/392 371/59/353 370/58/352
f 370/58/352 400/93/381 414/108/393
f 414/108/393 412/106/391 370/58/352
f 365/53/313 328/16/313 327/15/15
f 327/15/15 407/101/15 365/53/313
f 349/37/332 408/102/388 335/23/319
f 335/23/319 334/22/318 349/37/332
f 338/26/321 410/104/389 358/46/341
f 358/46/341 357/45/340 338/26/321
f 410/104/389 411/105/390 368/56/350
f 368/56/350 358/46/341 410/104/389
f 412/106/391 392/84/374 391/83/373
f 391/83/373 413/107/392 412/106/391
f 392/84/374 412/106/391 414/108/393
f 414/108/393 401/94/382 392/84/374
f 403/97/384 373/63/355 372/62/354
f 372/62/354 404/98/385 403/97/384
f 405/99/386 376/67/358 380/72/362
f 380/72/362 406/100/387 405/99/386
f 360/48/343 376/67/358 405/99/386
f 405/99/386 357/45/340 360/48/343
f 334/22/318 333/21/124 382/74/364
f 382/74/364 409/103/333 334/22/318
f 382/74/364 325/13/311 328/16/313
f 328/16/313 409/103/333 382/74/364
f 314/2/300 408/102/388 374/64/356
f 374/64/356 315/3/301 314/2/300
f 340/28/323 339/27/322 318/6/304
f 318/6/304 317/5/303 340/28/323
f 394/109/376 377/110/359 323/11/309
f 323/11/309 322/10/308 394/109/376
f 375/111/357 397/90/379 346/34/329
f 346/34/329 345/33/328 375/111/357
f 377/68/359 336/24/320 372/62/354
f 372/62/354 323/61/309 377/68/359
f 348/70/331 340/28/323 317/5/303
f 317/5/303 345/66/328 348/70/331
f 402/112/383 316/4/302 315/3/301
f 315/3/301 378/69/360 402/112/383
f 388/80/370 415/113/394 380/72/362
f 380/72/362 379/71/361 388/80/370
f 344/32/327 343/114/326 389/81/371
f 389/81/371 379/71/361 344/32/327
f 331/115/316 347/35/330 346/34/329
f 346/34/329 396/89/378 331/115/316
f 343/114/326 394/109/376 322/10/308
f 322/10/308 389/81/371 343/114/326
f 332/116/317 331/115/316 396/89/378
f 396/89/378 378/96/360 332/116/317
f 335/23/319 408/102/388 314/2/300
f 314/2/300 404/98/385 335/23/319
f 416/117/395 319/7/305 318/6/304
f 318/6/304 406/100/387 416/117/395
f 336/24/320 335/23/319 404/98/385
f 404/98/385 372/62/354 336/24/320
f 415/113/394 416/117/395 406/100/387
f 406/100/387 380/72/362 415/113/394
f 367/55/349 401/94/382 327/15/15
f 327/15/15 326/14/312 367/55/349
f 401/94/382 414/108/393 407/101/15
f 407/101/15 327/15/15 401/94/382
f 414/108/393 400/93/381 385/77/367
f 385/77/367 407/101/15 414/108/393
f 369/57/351 368/56/350 391/83/373
f 391/83/373 386/78/368 369/57/351
f 368/56/350 411/105/390 413/107/392
f 413/107/392 391/83/373 368/56/350
f 413/107/392 411/105/390 387/79/369
f 387/79/369 371/59/353 413/107/392
f 417/1/299 418/2/300 419/3/396
f 419/3/396 420/4/302 417/1/299
f 421/5/303 422/6/304 423/7/305
f 423/7/305 424/8/306 421/5/303
f 425/9/307 426/10/308 427/11/309
f 427/11/309 428/12/310 425/9/307
f 429/13/311 430/14/312 431/15/15
f 431/15/15 432/16/313 429/13/311
f 433/17/314 434/18/315 435/19/316
f 435/19/316 436/20/317 433/17/314
f 437/21/124 438/22/318 439/23/319
f 439/23/319 440/24/320 437/21/124
f 441/25/120 442/26/321 443/27/322
f 443/27/322 444/28/397 441/25/120
f 445/29/324 446/30/325 447/31/326
f 447/31/326 448/32/327 445/29/324
f 449/33/328 450/34/329 451/35/330
f 451/35/330 452/36/331 449/33/328
f 453/37/332 454/38/333 455/39/334
f 455/39/334 456/40/335 453/37/332
f 457/41/336 458/42/337 459/43/338
f 459/43/338 460/44/339 457/41/336
f 461/45/340 462/46/341 463/47/342
f 463/47/342 464/48/343 461/45/340
f 465/49/344 466/50/345 467/51/346
f 467/51/346 468/52/347 465/49/344
f 455/39/334 454/38/333 469/53/313
f 469/53/313 470/54/348 455/39/334
f 458/42/337 471/55/349 430/14/312
f 430/14/312 459/43/338 458/42/337
f 463/47/342 462/46/341 472/56/350
f 472/56/350 473/57/351 463/47/342
f 466/50/345 474/58/352 475/59/398
f 475/59/398 467/51/346 466/50/345
f 428/60/310 427/61/309 476/62/354
f 476/62/354 477/63/355 428/60/310
f 456/40/335 433/17/314 436/20/317
f 436/20/317 478/64/356 456/40/335
f 479/65/357 449/66/328 421/5/303
f 421/5/303 424/8/306 479/65/357
f 464/48/343 445/29/324 448/32/327
f 448/32/327 480/67/358 464/48/343
f 440/24/320 481/68/359 460/44/339
f 460/44/339 437/21/124 440/24/320
f 436/20/317 482/69/360 419/3/396
f 419/3/396 478/64/356 436/20/317
f 444/28/397 452/70/331 468/52/347
f 468/52/347 441/25/120 444/28/397
f 448/32/327 483/71/361 484/72/362
f 484/72/362 480/67/358 448/32/327
f 433/17/314 456/40/335 455/39/334
f 455/39/334 485/73/363 433/17/314
f 437/21/124 460/44/339 459/43/338
f 459/43/338 486/74/399 437/21/124
f 445/29/324 464/48/343 463/47/342
f 463/47/342 487/75/365 445/29/324
f 441/25/120 468/52/347 467/51/346
f 467/51/346 488/76/366 441/25/120
f 485/73/363 455/39/334 470/54/348
f 470/54/348 489/77/367 485/73/363
f 486/74/399 459/43/338 430/14/312
f 430/14/312 429/13/311 486/74/399
f 487/75/365 463/47/342 473/57/351
f 473/57/351 490/78/368 487/75/365
f 488/76/366 467/51/346 475/59/398
f 475/59/398 491/79/369 488/76/366
f 492/80/370 483/71/361 493/81/371
f 493/81/371 494/82/372 492/80/370
f 490/78/368 495/83/373 496/84/374
f 496/84/374 497/85/375 490/78/368
f 468/52/347 452/70/331 451/86/330
f 451/86/330 465/49/344 468/52/347
f 457/41/336 498/87/376 447/31/326
f 447/31/326 446/30/325 457/41/336
f 499/88/377 500/89/378 450/34/329
f 450/34/329 501/90/379 499/88/377
f 446/30/325 445/29/324 487/75/365
f 487/75/365 502/91/337 446/30/325
f 434/18/315 503/92/380 466/50/345
f 466/50/345 465/49/344 434/18/315
f 487/75/365 490/78/368 497/85/375
f 497/85/375 502/91/337 487/75/365
f 503/92/380 504/93/381 474/58/352
f 474/58/352 466/50/345 503/92/380
f 494/82/372 493/81/371 426/10/308
f 426/10/308 425/9/307 494/82/372
f 497/85/375 496/84/374 505/94/382
f 505/94/382 471/55/349 497/85/375
f 465/49/344 451/86/330 435/19/316
f 435/19/316 434/18/315 465/49/344
f 446/30/325 502/91/337 458/42/337
f 458/42/337 457/41/336 446/30/325
f 502/91/337 497/85/375 471/55/349
f 471/55/349 458/42/337 502/91/337
f 460/44/339 481/68/359 498/87/376
f 498/87/376 457/41/336 460/44/339
f 506/95/383 482/96/360 500/89/378
f 500/89/378 499/88/377 506/95/383
f 434/18/315 433/17/314 485/73/363
f 485/73/363 503/92/380 434/18/315
f 485/73/363 489/77/367 504/93/381
f 504/93/381 503/92/380 485/73/363
f 507/97/384 508/98/385 418/2/300
f 418/2/300 417/1/299 507/97/384
f 443/27/322 509/99/386 510/100/387
f 510/100/387 422/6/304 443/27/322
f 470/54/348 469/53/313 511/101/15
f 511/101/15 489/77/367 470/54/348
f 456/40/335 478/64/356 512/102/388
f 512/102/388 453/37/332 456/40/335
f 461/45/340 509/99/386 443/27/322
f 443/27/322 442/26/321 461/45/340
f 438/22/318 513/103/333 454/38/333
f 454/38/333 453/37/332 438/22/318
f 442/26/321 441/25/120 488/76/366
f 488/76/366 514/104/389 442/26/321
f 513/103/333 432/16/313 469/53/313
f 469/53/313 454/38/333 513/103/333
f 488/76/366 491/79/369 515/105/390
f 515/105/390 514/104/389 488/76/366
f 474/58/352 516/106/391 517/107/392
f 517/107/392 475/59/398 474/58/352
f 474/58/352 504/93/381 518/108/393
f 518/108/393 516/106/391 474/58/352
f 469/53/313 432/16/313 431/15/15
f 431/15/15 511/101/15 469/53/313
f 453/37/332 512/102/388 439/23/319
f 439/23/319 438/22/318 453/37/332
f 442/26/321 514/104/389 462/46/341
f 462/46/341 461/45/340 442/26/321
f 514/104/389 515/105/390 472/56/350
f 472/56/350 462/46/341 514/104/389
f 516/106/391 496/84/374 495/83/373
f 495/83/373 517/107/392 516/106/391
f 496/84/374 516/106/391 518/108/393
f 518/108/393 505/94/382 496/84/374
f 507/97/384 477/63/355 476/62/354
f 476/62/354 508/98/385 507/97/384
f 509/99/386 480/67/358 484/72/362
f 484/72/362 510/100/387 509/99/386
f 464/48/343 480/67/358 509/99/386
f 509/99/386 461/45/340 464/48/343
f 438/22/318 437/21/124 486/74/399
f 486/74/399 513/103/333 438/22/318
f 486/74/399 429/13/311 432/16/313
f 432/16/313 513/103/333 486/74/399
f 418/2/300 512/102/388 478/64/356
f 478/64/356 419/3/396 418/2/300
f 444/28/397 443/27/322 422/6/304
f 422/6/304 421/5/303 444/28/397
f 498/109/376 481/110/359 427/11/309
f 427/11/309 426/10/308 498/109/376
f 479/111/357 501/90/379 450/34/329
f 450/34/329 449/33/328 479/111/357
f 481/68/359 440/24/320 476/62/354
f 476/62/354 427/61/309 481/68/359
f 452/70/331 444/28/397 421/5/303
f 421/5/303 449/66/328 452/70/331
f 506/112/383 420/4/302 419/3/396
f 419/3/396 482/69/360 506/112/383
f 492/80/370 519/113/394 484/72/362
f 484/72/362 483/71/361 492/80/370
f 448/32/327 447/114/326 493/81/371
f 493/81/371 483/71/361 448/32/327
f 435/115/316 451/35/330 450/34/329
f 450/34/329 500/89/378 435/115/316
f 447/114/326 498/109/376 426/10/308
f 426/10/308 493/81/371 447/114/326
f 436/116/317 435/115/316 500/89/378
f 500/89/378 482/96/360 436/116/317
f 439/23/319 512/102/388 418/2/300
f 418/2/300 508/98/385 439/23/319
f 520/117/395 423/7/305 422/6/304
f 422/6/304 510/100/387 520/117/395
f 440/24/320 439/23/319 508/98/385
f 508/98/385 476/62/354 440/24/320
f 519/113/394 520/117/395 510/100/387
f 510/100/387 484/72/362 519/113/394
f 471/55/349 505/94/382 431/15/15
f 431/15/15 430/14/312 471/55/349
f 505/94/382 518/108/393 511/101/15
f 511/101/15 431/15/15 505/94/382
f 518/108/393 504/93/381 489/77/367
f 489/77/367 511/101/15 518/108/393
f 473/57/351 472/56/350 495/83/373
f 495/83/373 490/78/368 473/57/351
f 472/56/350 515/105/390 517/107/392
f 517/107/392 495/83/373 472/56/350
f 517/107/392 515/105/390 491/79/369
f 491/79/369 475/59/398 517/107/392
f 521/1/200 522/2/201 523/3/202
f 523/3/202 524/4/203 521/1/200
f 525/5/204 526/6/205 527/7/206
f 527/7/206 528/8/207 525/5/204
f 529/9/208 530/10/209 531/11/210
f 531/11/210 532/12/211 529/9/208
f 533/13/212 534/14/213 535/15/15
f 535/15/15 536/16/214 533/13/212
f 537/17/215 538/18/216 539/19/217
f 539/19/217 540/20/218 537/17/215
f 541/21/219 542/22/220 543/23/221
f 543/23/221 544/24/222 541/21/219
f 545/25/400 546/26/224 547/27/225
f 547/27/225 548/28/226 545/25/400
f 549/29/227 550/30/228 551/31/229
f 551/31/229 552/32/230 549/29/227
f 553/33/401 554/34/232 555/35/402
f 555/35/402 556/36/234 553/33/401
f 557/37/235 558/38/236 559/39/237
f 559/39/237 560/40/238 557/37/235
f 561/41/239 562/42/240 563/43/241
f 563/43/241 564/44/242 561/41/239
f 565/45/403 566/46/244 567/47/245
f 567/47/245 568/48/246 565/45/403
f 569/49/247 570/50/248 571/51/249
f 571/51/249 572/52/250 569/49/247
f 559/39/237 558/38/236 573/53/214
f 573/53/214 574/54/251 559/39/237
f 562/42/240 575/55/252 534/14/213
f 534/14/213 563/43/241 562/42/240
f 567/47/245 566/46/244 576/56/253
f 576/56/253 577/57/254 567/47/245
f 570/50/248 578/58/255 579/59/256
f 579/59/256 571/51/249 570/50/248
f 532/60/211 531/61/210 580/62/257
f 580/62/257 581/63/258 532/60/211
f 560/40/238 537/17/215 540/20/218
f 540/20/218 582/64/259 560/40/238
f 583/65/260 553/66/401 525/5/204
f 525/5/204 528/8/207 583/65/260
f 568/48/246 549/29/227 552/32/230
f 552/32/230 584/67/261 568/48/246
f 544/24/222 585/68/262 564/44/242
f 564/44/242 541/21/219 544/24/222
f 540/20/218 586/69/263 523/3/202
f 523/3/202 582/64/259 540/20/218
f 548/28/226 556/70/234 572/52/250
f 572/52/250 545/25/400 548/28/226
f 552/32/230 587/71/264 588/72/265
f 588/72/265 584/67/261 552/32/230
f 537/17/215 560/40/238 559/39/237
f 559/39/237 589/73/266 537/17/215
f 541/21/219 564/44/242 563/43/241
f 563/43/241 590/74/404 541/21/219
f 549/29/227 568/48/246 567/47/245
f 567/47/245 591/75/268 549/29/227
f 545/25/400 572/52/250 571/51/249
f 571/51/249 592/76/269 545/25/400
f 589/73/266 559/39/237 574/54/251
f 574/54/251 593/77/270 589/73/266
f 590/74/404 563/43/241 534/14/213
f 534/14/213 533/13/212 590/74/404
f 591/75/268 567/47/245 577/57/254
f 577/57/254 594/78/271 591/75/268
f 592/76/269 571/51/249 579/59/256
f 579/59/256 595/79/272 592/76/269
f 596/80/273 587/71/264 597/81/274
f 597/81/274 598/82/275 596/80/273
f 594/78/271 599/83/276 600/84/277
f 600/84/277 601/85/278 594/78/271
f 572/52/250 556/70/234 555/86/402
f 555/86/402 569/49/247 572/52/250
f 561/41/239 602/87/279 551/31/229
f 551/31/229 550/30/228 561/41/239
f 603/88/280 604/89/281 554/34/232
f 554/34/232 605/90/282 603/88/280
f 550/30/228 549/29/227 591/75/268
f 591/75/268 606/91/240 550/30/228
f 538/18/216 607/92/283 570/50/248
f 570/50/248 569/49/247 538/18/216
f 591/75/268 594/78/271 601/85/278
f 601/85/278 606/91/240 591/75/268
f 607/92/283 608/93/284 578/58/255
f 578/58/255 570/50/248 607/92/283
f 598/82/275 597/81/274 530/10/209
f 530/10/209 529/9/208 598/82/275
f 601/85/278 600/84/277 609/94/285
f 609/94/285 575/55/252 601/85/278
f 569/49/247 555/86/402 539/19/217
f 539/19/217 538/18/216 569/49/247
f 550/30/228 606/91/240 562/42/240
f 562/42/240 561/41/239 550/30/228
f 606/91/240 601/85/278 575/55/252
f 575/55/252 562/42/240 606/91/240
f 564/44/242 585/68/262 602/87/279
f 602/87/279 561/41/239 564/44/242
f 610/95/286 586/96/263 604/89/281
f 604/89/281 603/88/280 610/95/286
f 538/18/216 537/17/215 589/73/266
f 589/73/266 607/92/283 538/18/216
f 589/73/266 593/77/270 608/93/284
f 608/93/284 607/92/283 589/73/266
f 611/97/287 612/98/288 522/2/201
f 522/2/201 521/1/200 611/97/287
f 547/27/225 613/99/289 614/100/290
f 614/100/290 526/6/205 547/27/225
f 574/54/251 573/53/214 615/101/15
f 615/101/15 593/77/270 574/54/251
f 560/40/238 582/64/259 616/102/291
f 616/102/291 557/37/235 560/40/238
f 565/45/403 613/99/289 547/27/225
f 547/27/225 546/26/224 565/45/403
f 542/22/220 617/103/236 558/38/236
f 558/38/236 557/37/235 542/22/220
f 546/26/224 545/25/400 592/76/269
f 592/76/269 618/104/292 546/26/224
f 617/103/236 536/16/214 573/53/214
f 573/53/214 558/38/236 617/103/236
f 592/76/269 595/79/272 619/105/293
f 619/105/293 618/104/292 592/76/269
f 578/58/255 620/106/294 621/107/405
f 621/107/405 579/59/256 578/58/255
f 578/58/255 608/93/284 622/108/296
f 622/108/296 620/106/294 578/58/255
f 573/53/214 536/16/214 535/15/15
f 535/15/15 615/101/15 573/53/214
f 557/37/235 616/102/291 543/23/221
f 543/23/221 542/22/220 557/37/235
f 546/26/224 618/104/292 566/46/244
f 566/46/244 565/45/403 546/26/224
f 618/104/292 619/105/293 576/56/253
f 576/56/253 566/46/244 618/104/292
f 620/106/294 600/84/277 599/83/276
f 599/83/276 621/107/405 620/106/294
f 600/84/277 620/106/294 622/108/296
f 622/108/296 609/94/285 600/84/277
f 611/97/287 581/63/258 580/62/257
f 580/62/257 612/98/288 611/97/287
f 613/99/289 584/67/261 588/72/265
f 588/72/265 614/100/290 613/99/289
f 568/48/246 584/67/261 613/99/289
f 613/99/289 565/45/403 568/48/246
f 542/22/220 541/21/219 590/74/404
f 590/74/404 617/103/236 542/22/220
f 590/74/404 533/13/212 536/16/214
f 536/16/214 617/103/236 590/74/404
f 522/2/201 616/102/291 582/64/259
f 582/64/259 523/3/202 522/2/201
f 548/28/226 547/27/225 526/6/205
f 526/6/205 525/5/204 548/28/226
f 602/109/279 585/110/262 531/11/210
f 531/11/210 530/10/209 602/109/279
f 583/111/260 605/90/282 554/34/232
f 554/34/232 553/33/401 583/111/260
f 585/68/262 544/24/222 580/62/257
f 580/62/257 531/61/210 585/68/262
f 556/70/234 548/28/226 525/5/204
f 525/5/204 553/66/401 556/70/234
f 610/112/286 524/4/203 523/3/202
f 523/3/202 586/69/263 610/112/286
f 596/80/273 623/113/297 588/72/265
f 588/72/265 587/71/264 596/80/273
f 552/32/230 551/114/229 597/81/274
f 597/81/274 587/71/264 552/32/230
f 539/115/217 555/35/402 554/34/232
f 554/34/232 604/89/281 539/115/217
f 551/114/229 602/109/279 530/10/209
f 530/10/209 597/81/274 551/114/229
f 540/116/218 539/115/217 604/89/281
f 604/89/281 586/96/263 540/116/218
f 543/23/221 616/102/291 522/2/201
f 522/2/201 612/98/288 543/23/221
f 624/117/298 527/7/206 526/6/205
f 526/6/205 614/100/290 624/117/298
f 544/24/222 543/23/221 612/98/288
f 612/98/288 580/62/257 544/24/222
f 623/113/297 624/117/298 614/100/290
f 614/100/290 588/72/265 623/113/297
f 575/55/252 609/94/285 535/15/15
f 535/15/15 534/14/213 575/55/252
f 609/94/285 622/108/296 615/101/15
f 615/101/15 535/15/15 609/94/285
f 622/108/296 608/93/284 593/77/270
f 593/77/270 615/101/15 622/108/296
f 577/57/254 576/56/253 599/83/276
f 599/83/276 594/78/271 577/57/254
f 576/56/253 619/105/293 621/107/405
f 621/107/405 599/83/276 576/56/253
f 621/107/405 619/105/293 595/79/272
f 595/79/272 579/59/256 621/107/405
f 625/1/299 626/2/300 627/3/301
f 627/3/301 628/4/302 625/1/299
f 629/5/303 630/6/304 631/7/305
f 631/7/305 632/8/306 629/5/303
f 633/9/307 634/10/308 635/11/309
f 635/11/309 636/12/310 633/9/307
f 637/13/311 638/14/312 639/15/15
f 639/15/15 640/16/313 637/13/311
f 641/17/314 642/18/315 643/19/316
f 643/19/316 644/20/317 641/17/314
f 645/21/124 646/22/318 647/23/319
f 647/23/319 648/24/320 645/21/124
f 649/25/120 650/26/321 651/27/322
f 651/27/322 652/28/397 649/25/120
f 653/29/324 654/30/325 655/31/326
f 655/31/326 656/32/327 653/29/324
f 657/33/328 658/34/329 659/35/330
f 659/35/330 660/36/331 657/33/328
f 661/37/332 662/38/333 663/39/334
f 663/39/334 664/40/335 661/37/332
f 665/41/336 666/42/337 667/43/338
f 667/43/338 668/44/339 665/41/336
f 669/45/340 670/46/341 671/47/342
f 671/47/342 672/48/343 669/45/340
f 673/49/344 674/50/345 675/51/346
f 675/51/346 676/52/347 673/49/344
f 663/39/334 662/38/333 677/53/313
f 677/53/313 678/54/348 663/39/334
f 666/42/337 679/55/349 638/14/312
f 638/14/312 667/43/338 666/42/337
f 671/47/342 670/46/341 680/56/350
f 680/56/350 681/57/351 671/47/342
f 674/50/345 682/58/352 683/59/353
f 683/59/353 675/51/346 674/50/345
f 636/60/310 635/61/309 684/62/354
f 684/62/354 685/63/355 636/60/310
f 664/40/335 641/17/314 644/20/317
f 644/20/317 686/64/356 664/40/335
f 687/65/357 657/66/328 629/5/303
f 629/5/303 632/8/306 687/65/357
f 672/48/343 653/29/324 656/32/327
f 656/32/327 688/67/358 672/48/343
f 648/24/320 689/68/359 668/44/339
f 668/44/339 645/21/124 648/24/320
f 644/20/317 690/69/360 627/3/301
f 627/3/301 686/64/356 644/20/317
f 652/28/397 660/70/331 676/52/347
f 676/52/347 649/25/120 652/28/397
f 656/32/327 691/71/361 692/72/362
f 692/72/362 688/67/358 656/32/327
f 641/17/314 664/40/335 663/39/334
f 663/39/334 693/73/363 641/17/314
f 645/21/124 668/44/339 667/43/338
f 667/43/338 694/74/399 645/21/124
f 653/29/324 672/48/343 671/47/342
f 671/47/342 695/75/365 653/29/324
f 649/25/120 676/52/347 675/51/346
f 675/51/346 696/76/366 649/25/120
f 693/73/363 663/39/334 678/54/348
f 678/54/348 697/77/367 693/73/363
f 694/74/399 667/43/338 638/14/312
f 638/14/312 637/13/311 694/74/399
f 695/75/365 671/47/342 681/57/351
f 681/57/351 698/78/368 695/75/365
f 696/76/366 675/51/346 683/59/353
f 683/59/353 699/79/369 696/76/366
f 700/80/370 691/71/361 701/81/371
f 701/81/371 702/82/372 700/80/370
f 698/78/368 703/83/373 704/84/374
f 704/84/374 705/85/375 698/78/368
f 676/52/347 660/70/331 659/86/330
f 659/86/330 673/49/344 676/52/347
f 665/41/336 706/87/376 655/31/326
f 655/31/326 654/30/325 665/41/336
f 707/88/377 708/89/378 658/34/329
f 658/34/329 709/90/379 707/88/377
f 654/30/325 653/29/324 695/75/365
f 695/75/365 710/91/337 654/30/325
f 642/18/315 711/92/380 674/50/345
f 674/50/345 673/49/344 642/18/315
f 695/75/365 698/78/368 705/85/375
f 705/85/375 710/91/337 695/75/365
f 711/92/380 712/93/381 682/58/352
f 682/58/352 674/50/345 711/92/380
f 702/82/372 701/81/371 634/10/308
f 634/10/308 633/9/307 702/82/372
f 705/85/375 704/84/374 713/94/382
f 713/94/382 679/55/349 705/85/375
f 673/49/344 659/86/330 643/19/316
f 643/19/316 642/18/315 673/49/344
f 654/30/325 710/91/337 666/42/337
f 666/42/337 665/41/336 654/30/325
f 710/91/337 705/85/375 679/55/349
f 679/55/349 666/42/337 710/91/337
f 668/44/339 689/68/359 706/87/376
f 706/87/376 665/41/336 668/44/339
f 714/95/383 690/96/360 708/89/378
f 708/89/378 707/88/377 714/95/383
f 642/18/315 641/17/314 693/73/363
f 693/73/363 711/92/380 642/18/315
f 693/73/363 697/77/367 712/93/381
f 712/93/381 711/92/380 693/73/363
f 715/97/384 716/98/385 626/2/300
f 626/2/300 625/1/299 715/97/384
f 651/27/322 717/99/386 718/100/387
f 718/100/387 630/6/304 651/27/322
f 678/54/348 677/53/313 719/101/15
f 719/101/15 697/77/367 678/54/348
f 664/40/335 686/64/356 720/102/388
f 720/102/388 661/37/332 664/40/335
f 669/45/340 717/99/386 651/27/322
f 651/27/322 650/26/321 669/45/340
f 646/22/318 721/103/333 662/38/333
f 662/38/333 661/37/332 646/22/318
f 650/26/321 649/25/120 696/76/366
f 696/76/366 722/104/389 650/26/321
f 721/103/333 640/16/313 677/53/313
f 677/53/313 662/38/333 721/103/333
f 696/76/366 699/79/369 723/105/390
f 723/105/390 722/104/389 696/76/366
f 682/58/352 724/106/391 725/107/392
f 725/107/392 683/59/353 682/58/352
f 682/58/352 712/93/381 726/108/393
f 726/108/393 724/106/391 682/58/352
f 677/53/313 640/16/313 639/15/15
f 639/15/15 719/101/15 677/53/313
f 661/37/332 720/102/388 647/23/319
f 647/23/319 646/22/318 661/37/332
f 650/26/321 722/104/389 670/46/341
f 670/46/341 669/45/340 650/26/321
f 722/104/389 723/105/390 680/56/350
f 680/56/350 670/46/341 722/104/389
f 724/106/391 704/84/374 703/83/373
f 703/83/373 725/107/392 724/106/391
f 704/84/374 724/106/391 726/108/393
f 726/108/393 713/94/382 704/84/374
f 715/97/384 685/63/355 684/62/354
f 684/62/354 716/98/385 715/97/384
f 717/99/386 688/67/358 692/72/362
f 692/72/362 718/100/387 717/99/386
f 672/48/343 688/67/358 717/99/386
f 717/99/386 669/45/340 672/48/343
f 646/22/318 645/21/124 694/74/399
f 694/74/399 721/103/333 646/22/318
f 694/74/399 637/13/311 640/16/313
f 640/16/313 721/103/333 694/74/399
f 626/2/300 720/102/388 686/64/356
f 686/64/356 627/3/301 626/2/300
f 652/28/397 651/27/322 630/6/304
f 630/6/304 629/5/303 652/28/397
f 706/109/376 689/110/359 635/11/309
f 635/11/309 634/10/308 706/109/376
f 687/111/357 709/90/379 658/34/329
f 658/34/329 657/33/328 687/111/357
f 689/68/359 648/24/320 684/62/354
f 684/62/354 635/61/309 689/68/359
f 660/70/331 652/28/397 629/5/303
f 629/5/303 657/66/328 660/70/331
f 714/112/383 628/4/302 627/3/301
f 627/3/301 690/69/360 714/112/383
f 700/80/370 727/113/394 692/72/362
f 692/72/362 691/71/361 700/80/370
f 656/32/327 655/114/326 701/81/371
f 701/81/371 691/71/361 656/32/327
f 643/115/316 659/35/330 658/34/329
f 658/34/329 708/89/378 643/115/316
f 655/114/326 706/109/376 634/10/308
f 634/10/308 701/81/371 655/114/326
f 644/116/317 643/115/316 708/89/378
f 708/89/378 690/96/360 644/116/317
f 647/23/319 720/102/388 626/2/300
f 626/2/300 716/98/385 647/23/319
f 728/117/395 631/7/305 630/6/304
f 630/6/304 718/100/387 728/117/395
f 648/24/320 647/23/319 716/98/385
f 716/98/385 684/62/354 648/24/320
f 727/113/394 728/117/395 718/100/387
f 718/100/387 692/72/362 727/113/394
f 679/55/349 713/94/382 639/15/15
f 639/15/15 638/14/312 679/55/349
f 713/94/382 726/108/393 719/101/15
f 719/101/15 639/15/15 713/94/382
f 726/108/393 712/93/381 697/77/367
f 697/77/367 719/101/15 726/108/393
f 681/57/351 680/56/350 703/83/373
f 703/83/373 698/78/368 681/57/351
f 680/56/350 723/105/390 725/107/392
f 725/107/392 703/83/373 680/56/350
f 725/107/392 723/105/390 699/79/369
f 699/79/369 683/59/353 725/107/392
f 729/1/406 730/2/407 731/3/408
f 731/3/408 732/4/409 729/1/406
f 733/5/410 734/6/411 735/7/412
f 735/7/412 736/8/413 733/5/410
f 737/9/414 738/10/415 739/11/416
f 739/11/416 740/12/417 737/9/414
f 741/13/418 742/14/419 743/15/420
f 743/15/420 744/16/421 741/13/418
f 745/17/422 746/18/423 747/19/424
f 747/19/424 748/20/425 745/17/422
f 749/21/426 750/22/427 751/23/428
f 751/23/428 752/24/429 749/21/426
f 753/25/430 754/26/431 755/27/432
f 755/27/432 756/28/433 753/25/430
f 757/29/434 758/30/435 759/31/436
f 759/31/436 760/32/437 757/29/434
f 761/33/438 762/34/439 763/35/440
f 763/35/440 764/36/441 761/33/438
f 765/37/442 766/38/443 767/39/444
f 767/39/444 768/40/445 765/37/442
f 769/41/446 770/42/447 771/43/448
f 771/43/448 772/44/449 769/41/446
f 773/45/450 774/46/451 775/47/452
f 775/47/452 776/48/453 773/45/450
f 777/49/454 778/50/455 779/51/456
f 779/51/456 780/52/457 777/49/454
f 767/39/444 766/38/443 781/53/458
f 781/53/458 782/54/459 767/39/444
f 770/42/447 783/55/460 742/14/419
f 742/14/419 771/43/448 770/42/447
f 775/47/452 774/46/451 784/56/461
f 784/56/461 785/57/462 775/47/452
f 778/50/455 786/58/463 787/59/464
f 787/59/464 779/51/456 778/50/455
f 740/60/417 739/61/416 788/62/465
f 788/62/465 789/63/466 740/60/417
f 768/40/445 745/17/422 748/20/425
f 748/20/425 790/64/467 768/40/445
f 791/65/468 761/66/438 733/5/410
f 733/5/410 736/8/413 791/65/468
f 776/48/453 757/29/434 760/32/437
f 760/32/437 792/67/469 776/48/453
f 752/24/429 793/68/470 772/44/449
f 772/44/449 749/21/426 752/24/429
f 748/20/425 794/69/471 731/3/408
f 731/3/408 790/64/467 748/20/425
f 756/28/433 764/70/441 780/52/457
f 780/52/457 753/25/430 756/28/433
f 760/32/437 795/71/472 796/72/473
f 796/72/473 792/67/469 760/32/437
f 745/17/422 768/40/445 767/39/444
f 767/39/444 797/73/474 745/17/422
f 749/21/426 772/44/449 771/43/448
f 771/43/448 798/74/475 749/21/426
f 757/29/434 776/48/453 775/47/452
f 775/47/452 799/75/476 757/29/434
f 753/25/430 780/52/457 779/51/456
f 779/51/456 800/76/477 753/25/430
f 797/73/474 767/39/444 782/54/459
f 782/54/459 801/77/478 797/73/474
f 798/74/475 771/43/448 742/14/419
f 742/14/419 741/13/418 798/74/475
f 799/75/476 775/47/452 785/57/462
f 785/57/462 802/78/479 799/75/476
f 800/76/477 779/51/456 787/59/464
f 787/59/464 803/79/480 800/76/477
f 804/80/481 795/71/472 805/81/482
f 805/81/482 806/82/483 804/80/481
f 802/78/479 807/83/484 808/84/485
f 808/84/485 809/85/486 802/78/479
f 780/52/457 764/70/441 763/86/440
f 763/86/440 777/49/454 780/52/457
f 769/41/446 810/87/487 759/31/436
f 759/31/436 758/30/435 769/41/446
f 811/88/488 812/89/489 762/34/439
f 762/34/439 813/90/490 811/88/488
f 758/30/435 757/29/434 799/75/476
f 799/75/476 814/91/447 758/30/435
f 746/18/423 815/92/491 778/50/455
f 778/50/455 777/49/454 746/18/423
f 799/75/476 802/78/479 809/85/486
f 809/85/486 814/91/447 799/75/476
f 815/92/491 816/93/492 786/58/463
f 786/58/463 778/50/455 815/92/491
f 806/82/483 805/81/482 738/10/415
f 738/10/415 737/9/414 806/82/483
f 809/85/486 808/84/485 817/94/493
f 817/94/493 783/55/460 809/85/486
f 777/49/454 763/86/440 747/19/424
f 747/19/424 746/18/423 777/49/454
f 758/30/435 814/91/447 770/42/447
f 770/42/447 769/41/446 758/30/435
f 814/91/447 809/85/486 783/55/460
f 783/55/460 770/42/447 814/91/447
f 772/44/449 793/68/470 810/87/487
f 810/87/487 769/41/446 772/44/449
f 818/95/494 794/96/471 812/89/489
f 812/89/489 811/88/488 818/95/494
f 746/18/423 745/17/422 797/73/474
f 797/73/474 815/92/491 746/18/423
f 797/73/474 801/77/478 816/93/492
f 816/93/492 815/92/491 797/73/474
f 819/97/495 820/98/496 730/2/407
f 730/2/407 729/1/406 819/97/495
f 755/27/432 821/99/497 822/100/498
f 822/100/498 734/6/411 755/27/432
f 782/54/459 781/53/458 823/101/420
f 823/101/420 801/77/478 782/54/459
f 768/40/445 790/64/467 824/102/499
f 824/102/499 765/37/442 768/40/445
f 773/45/450 821/99/497 755/27/432
f 755/27/432 754/26/431 773/45/450
f 750/22/427 825/103/443 766/38/443
f 766/38/443 765/37/442 750/22/427
f 754/26/431 753/25/430 800/76/477
f 800/76/477 826/104/500 754/26/431
f 825/103/443 744/16/421 781/53/458
f 781/53/458 766/38/443 825/103/443
f 800/76/477 803/79/480 827/105/501
f 827/105/501 826/104/500 800/76/477
f 786/58/463 828/106/502 829/107/503
f 829/107/503 787/59/464 786/58/463
f 786/58/463 816/93/492 830/108/504
f 830/108/504 828/106/502 786/58/463
f 781/53/458 744/16/421 743/15/420
f 743/15/420 823/101/420 781/53/458
f 765/37/442 824/102/499 751/23/428
f 751/23/428 750/22/427 765/37/442
f 754/26/431 826/104/500 774/46/451
f 774/46/451 773/45/450 754/26/431
f 826/104/500 827/105/501 784/56/461
f 784/56/461 774/46/451 826/104/500
f 828/106/502 808/84/485 807/83/484
f 807/83/484 829/107/503 828/106/502
f 808/84/485 828/106/502 830/108/504
f 830/108/504 817/94/493 808/84/485
f 819/97/495 789/63/466 788/62/465
f 788/62/465 820/98/496 819/97/495
f 821/99/497 792/67/469 796/72/473
f 796/72/473 822/100/498 821/99/497
f 776/48/453 792/67/469 821/99/497
f 821/99/497 773/45/450 776/48/453
f 750/22/427 749/21/426 798/74/475
f 798/74/475 825/103/443 750/22/427
f 798/74/475 741/13/418 744/16/421
f 744/16/421 825/103/443 798/74/475
f 730/2/407 824/102/499 790/64/467
f 790/64/467 731/3/408 730/2/407
f 756/28/433 755/27/432 734/6/411
f 734/6/411 733/5/410 756/28/433
f 810/109/487 793/110/470 739/11/416
f 739/11/416 738/10/415 810/109/487
f 791/111/468 813/90/490 762/34/439
f 762/34/439 761/33/438 791/111/468
f 793/68/470 752/24/429 788/62/465
f 788/62/465 739/61/416 793/68/470
f 764/70/441 756/28/433 733/5/410
f 733/5/410 761/66/438 764/70/441
f 818/112/494 732/4/409 731/3/408
f 731/3/408 794/69/471 818/112/494
f 804/80/481 831/113/505 796/72/473
f 796/72/473 795/71/472 804/80/481
f 760/32/437 759/114/436 805/81/482
f 805/81/482 795/71/472 760/32/437
f 747/115/424 763/35/440 762/34/439
f 762/34/439 812/89/489 747/115/424
f 759/114/436 810/109/487 738/10/415
f 738/10/415 805/81/482 759/114/436
f 748/116/425 747/115/424 812/89/489
f 812/89/489 794/96/471 748/116/425
f 751/23/428 824/102/499 730/2/407
f 730/2/407 820/98/496 751/23/428
f 832/117/506 735/7/412 734/6/411
f 734/6/411 822/100/498 832/117/506
f 752/24/429 751/23/428 820/98/496
f 820/98/496 788/62/465 752/24/429
f 831/113/505 832/117/506 822/100/498
f 822/100/498 796/72/473 831/113/505
f 783/55/460 817/94/493 743/15/420
f 743/15/420 742/14/419 783/55/460
f 817/94/493 830/108/504 823/101/420
f 823/101/420 743/15/420 817/94/493
f 830/108/504 816/93/492 801/77/478
f 801/77/478 823/101/420 830/108/504
f 785/57/462 784/56/461 807/83/484
f 807/83/484 802/78/479 785/57/462
f 784/56/461 827/105/501 829/107/503
f 829/107/503 807/83/484 784/56/461
f 829/107/503 827/105/501 803/79/480
f 803/79/480 787/59/464 829/107/503
f 833/1/101 834/2/102 835/3/507
f 835/3/507 836/4/104 833/1/101
f 837/5/105 838/6/106 839/7/107
f 839/7/107 840/8/108 837/5/105
f 841/9/109 842/10/110 843/11/111
f 843/11/111 844/12/112 841/9/109
f 845/13/508 846/14/114 847/15/15
f 847/15/15 848/16/115 845/13/508
f 849/17/116 850/18/117 851/19/118
f 851/19/118 852/20/119 849/17/116
f 853/21/120 854/22/121 855/23/122
f 855/23/122 856/24/509 853/21/120
f 857/25/124 858/26/125 859/27/126
f 859/27/126 860/28/510 857/25/124
f 861/29/314 862/30/129 863/31/130
f 863/31/130 864/32/511 861/29/314
f 865/33/132 866/34/133 867/35/134
f 867/35/134 868/36/135 865/33/132
f 869/37/136 870/38/137 871/39/138
f 871/39/138 872/40/139 869/37/136
f 873/41/140 874/42/141 875/43/142
f 875/43/142 876/44/512 873/41/140
f 877/45/144 878/46/145 879/47/146
f 879/47/146 880/48/513 877/45/144
f 881/49/148 882/50/149 883/51/150
f 883/51/150 884/52/151 881/49/148
f 871/39/138 870/38/137 885/53/115
f 885/53/115 886/54/152 871/39/138
f 874/42/141 887/55/153 846/14/114
f 846/14/114 875/43/142 874/42/141
f 879/47/146 878/46/145 888/56/154
f 888/56/154 889/57/155 879/47/146
f 882/50/149 890/58/156 891/59/157
f 891/59/157 883/51/150 882/50/149
f 844/60/112 843/61/111 892/62/158
f 892/62/158 893/63/159 844/60/112
f 872/40/139 849/17/116 852/20/119
f 852/20/119 894/64/160 872/40/139
f 895/65/161 865/66/132 837/5/105
f 837/5/105 840/8/108 895/65/161
f 880/48/513 861/29/314 864/32/511
f 864/32/511 896/67/514 880/48/513
f 856/24/509 897/68/515 876/44/512
f 876/44/512 853/21/120 856/24/509
f 852/20/119 898/69/164 835/3/507
f 835/3/507 894/64/160 852/20/119
f 860/28/510 868/70/135 884/52/151
f 884/52/151 857/25/124 860/28/510
f 864/32/511 899/71/165 900/72/166
f 900/72/166 896/67/514 864/32/511
f 849/17/116 872/40/139 871/39/138
f 871/39/138 901/73/167 849/17/116
f 853/21/120 876/44/512 875/43/142
f 875/43/142 902/74/168 853/21/120
f 861/29/314 880/48/513 879/47/146
f 879/47/146 903/75/169 861/29/314
f 857/25/124 884/52/151 883/51/150
f 883/51/150 904/76/170 857/25/124
f 901/73/167 871/39/138 886/54/152
f 886/54/152 905/77/171 901/73/167
f 902/74/168 875/43/142 846/14/114
f 846/14/114 845/13/508 902/74/168
f 903/75/169 879/47/146 889/57/155
f 889/57/155 906/78/172 903/75/169
f 904/76/170 883/51/150 891/59/157
f 891/59/157 907/79/173 904/76/170
f 908/80/174 899/71/165 909/81/175
f 909/81/175 910/82/176 908/80/174
f 906/78/172 911/83/177 912/84/178
f 912/84/178 913/85/179 906/78/172
f 884/52/151 868/70/135 867/86/134
f 867/86/134 881/49/148 884/52/151
f 873/41/140 914/87/180 863/31/130
f 863/31/130 862/30/129 873/41/140
f 915/88/181 916/89/182 866/34/133
f 866/34/133 917/90/183 915/88/181
f 862/30/129 861/29/314 903/75/169
f 903/75/169 918/91/141 862/30/129
f 850/18/117 919/92/184 882/50/149
f 882/50/149 881/49/148 850/18/117
f 903/75/169 906/78/172 913/85/179
f 913/85/179 918/91/141 903/75/169
f 919/92/184 920/93/185 890/58/156
f 890/58/156 882/50/149 919/92/184
f 910/82/176 909/81/175 842/10/110
f 842/10/110 841/9/109 910/82/176
f 913/85/179 912/84/178 921/94/186
f 921/94/186 887/55/153 913/85/179
f 881/49/148 867/86/134 851/19/118
f 851/19/118 850/18/117 881/49/148
f 862/30/129 918/91/141 874/42/141
f 874/42/141 873/41/140 862/30/129
f 918/91/141 913/85/179 887/55/153
f 887/55/153 874/42/141 918/91/141
f 876/44/512 897/68/515 914/87/180
f 914/87/180 873/41/140 876/44/512
f 922/95/187 898/96/164 916/89/182
f 916/89/182 915/88/181 922/95/187
f 850/18/117 849/17/116 901/73/167
f 901/73/167 919/92/184 850/18/117
f 901/73/167 905/77/171 920/93/185
f 920/93/185 919/92/184 901/73/167
f 923/97/188 924/98/189 834/2/102
f 834/2/102 833/1/101 923/97/188
f 859/27/126 925/99/190 926/100/191
f 926/100/191 838/6/106 859/27/126
f 886/54/152 885/53/115 927/101/15
f 927/101/15 905/77/171 886/54/152
f 872/40/139 894/64/160 928/102/192
f 928/102/192 869/37/136 872/40/139
f 877/45/144 925/99/190 859/27/126
f 859/27/126 858/26/125 877/45/144
f 854/22/121 929/103/137 870/38/137
f 870/38/137 869/37/136 854/22/121
f 858/26/125 857/25/124 904/76/170
f 904/76/170 930/104/193 858/26/125
f 929/103/137 848/16/115 885/53/115
f 885/53/115 870/38/137 929/103/137
f 904/76/170 907/79/173 931/105/194
f 931/105/194 930/104/193 904/76/170
f 890/58/156 932/106/195 933/107/196
f 933/107/196 891/59/157 890/58/156
f 890/58/156 920/93/185 934/108/197
f 934/108/197 932/106/195 890/58/156
f 885/53/115 848/16/115 847/15/15
f 847/15/15 927/101/15 885/53/115
f 869/37/136 928/102/192 855/23/122
f 855/23/122 854/22/121 869/37/136
f 858/26/125 930/104/193 878/46/145
f 878/46/145 877/45/144 858/26/125
f 930/104/193 931/105/194 888/56/154
f 888/56/154 878/46/145 930/104/193
f 932/106/195 912/84/178 911/83/177
f 911/83/177 933/107/196 932/106/195
f 912/84/178 932/106/195 934/108/197
f 934/108/197 921/94/186 912/84/178
f 923/97/188 893/63/159 892/62/158
f 892/62/158 924/98/189 923/97/188
f 925/99/190 896/67/514 900/72/166
f 900/72/166 926/100/191 925/99/190
f 880/48/513 896/67/514 925/99/190
f 925/99/190 877/45/144 880/48/513
f 854/22/121 853/21/120 902/74/168
f 902/74/168 929/103/137 854/22/121
f 902/74/168 845/13/508 848/16/115
f 848/16/115 929/103/137 902/74/168
f 834/2/102 928/102/192 894/64/160
f 894/64/160 835/3/507 834/2/102
f 860/28/510 859/27/126 838/6/106
f 838/6/106 837/5/105 860/28/510
f 914/109/180 897/110/515 843/11/111
f 843/11/111 842/10/110 914/109/180
f 895/111/161 917/90/183 866/34/133
f 866/34/133 865/33/132 895/111/161
f 897/68/515 856/24/509 892/62/158
f 892/62/158 843/61/111 897/68/515
f 868/70/135 860/28/510 837/5/105
f 837/5/105 865/66/132 868/70/135
f 922/112/187 836/4/104 835/3/507
f 835/3/507 898/69/164 922/112/187
f 908/80/174 935/113/198 900/72/166
f 900/72/166 899/71/165 908/80/174
f 864/32/511 863/114/130 909/81/175
f 909/81/175 899/71/165 864/32/511
f 851/115/118 867/35/134 866/34/133
f 866/34/133 916/89/182 851/115/118
f 863/114/130 914/109/180 842/10/110
f 842/10/110 909/81/175 863/114/130
f 852/116/119 851/115/118 916/89/182
f 916/89/182 898/96/164 852/116/119
f 855/23/122 928/102/192 834/2/102
f 834/2/102 924/98/189 855/23/122
f 936/117/199 839/7/107 838/6/106
f 838/6/106 926/100/191 936/117/199
f 856/24/509 855/23/122 924/98/189
f 924/98/189 892/62/158 856/24/509
f 935/113/198 936/117/199 926/100/191
f 926/100/191 900/72/166 935/113/198
f 887/55/153 921/94/186 847/15/15
f 847/15/15 846/14/114 887/55/153
f 921/94/186 934/108/197 927/101/15
f 927/101/15 847/15/15 921/94/186
f 934/108/197 920/93/185 905/77/171
f 905/77/171 927/101/15 934/108/197
f 889/57/155 888/56/154 911/83/177
f 911/83/177 906/78/172 889/57/155
f 888/56/154 931/105/194 933/107/196
f 933/107/196 911/83/177 888/56/154
f 933/107/196 931/105/194 907/79/173
f 907/79/173 891/59/157 933/107/196
f 937/1/516 938/2/517 939/3/518
f 939/3/518 940/4/519 937/1/516
f 941/5/520 942/6/521 943/7/522
f 943/7/522 944/8/523 941/5/520
f 945/9/524 946/10/525 947/11/526
f 947/11/526 948/12/527 945/9/524
f 949/13/528 950/14/529 951/15/15
f 951/15/15 952/16/530 949/13/528
f 953/17/531 954/18/532 955/19/533
f 955/19/533 956/20/534 953/17/531
f 957/21/535 958/22/536 959/23/537
f 959/23/537 960/24/538 957/21/535
f 961/25/539 962/26/540 963/27/541
f 963/27/541 964/28/542 961/25/539
f 965/29/543 966/30/544 967/31/545
f 967/31/545 968/32/546 965/29/543
f 969/33/547 970/34/548 971/35/549
f 971/35/549 972/36/550 969/33/547
f 973/37/551 974/38/552 975/39/553
f 975/39/553 976/40/554 973/37/551
f 977/41/555 978/42/556 979/43/557
f 979/43/557 980/44/558 977/41/555
f 981/45/559 982/46/560 983/47/561
f 983/47/561 984/48/562 981/45/559
f 985/49/563 986/50/564 987/51/565
f 987/51/565 988/52/566 985/49/563
f 975/39/553 974/38/552 989/53/530
f 989/53/530 990/54/567 975/39/553
f 978/42/556 991/55/568 950/14/529
f 950/14/529 979/43/557 978/42/556
f 983/47/561 982/46/560 992/56/569
f 992/56/569 993/57/570 983/47/561
f 986/50/564 994/58/571 995/59/572
f 995/59/572 987/51/565 986/50/564
f 948/60/527 947/61/526 996/62/573
f 996/62/573 997/63/574 948/60/527
f 976/40/554 953/17/531 956/20/534
f 956/20/534 998/64/575 976/40/554
f 999/65/576 969/66/547 941/5/520
f 941/5/520 944/8/523 999/65/576
f 984/48/562 965/29/543 968/32/546
f 968/32/546 1000/67/577 984/48/562
f 960/24/538 1001/68/578 980/44/558
f 980/44/558 957/21/535 960/24/538
f 956/20/534 1002/69/579 939/3/518
f 939/3/518 998/64/575 956/20/534
f 964/28/542 972/70/550 988/52/566
f 988/52/566 961/25/539 964/28/542
f 968/32/546 1003/71/580 1004/72/581
f 1004/72/581 1000/67/577 968/32/546
f 953/17/531 976/40/554 975/39/553
f 975/39/553 1005/73/582 953/17/531
f 957/21/535 980/44/558 979/43/557
f 979/43/557 1006/74/583 957/21/535
f 965/29/543 984/48/562 983/47/561
f 983/47/561 1007/75/584 965/29/543
f 961/25/539 988/52/566 987/51/565
f 987/51/565 1008/76/585 961/25/539
f 1005/73/582 975/39/553 990/54/567
f 990/54/567 1009/77/586 1005/73/582
f 1006/74/583 979/43/557 950/14/529
f 950/14/529 949/13/528 1006/74/583
f 1007/75/584 983/47/561 993/57/570
f 993/57/570 1010/78/587 1007/75/584
f 1008/76/585 987/51/565 995/59/572
f 995/59/572 1011/79/588 1008/76/585
f 1012/80/589 1003/71/580 1013/81/590
f 1013/81/590 1014/82/591 1012/80/589
f 1010/78/587 1015/83/592 1016/84/593
f 1016/84/593 1017/85/594 1010/78/587
f 988/52/566 972/70/550 971/86/549
f 971/86/549 985/49/563 988/52/566
f 977/41/555 1018/87/595 967/31/545
f 967/31/545 966/30/544 977/41/555
f 1019/88/596 1020/89/597 970/34/548
f 970/34/548 1021/90/598 1019/88/596
f 966/30/544 965/29/543 1007/75/584
f 1007/75/584 1022/91/556 966/30/544
f 954/18/532 1023/92/599 986/50/564
f 986/50/564 985/49/563 954/18/532
f 1007/75/584 1010/78/587 1017/85/594
f 1017/85/594 1022/91/556 1007/75/584
f 1023/92/599 1024/93/600 994/58/571
f 994/58/571 986/50/564 1023/92/599
f 1014/82/591 1013/81/590 946/10/525
f 946/10/525 945/9/524 1014/82/591
f 1017/85/594 1016/84/593 1025/94/601
f 1025/94/601 991/55/568 1017/85/594
f 985/49/563 971/86/549 955/19/533
f 955/19/533 954/18/532 985/49/563
f 966/30/544 1022/91/556 978/42/556
f 978/42/556 977/41/555 966/30/544
f 1022/91/556 1017/85/594 991/55/568
f 991/55/568 978/42/556 1022/91/556
f 980/44/558 1001/68/578 1018/87/595
f 1018/87/595 977/41/555 980/44/558
f 1026/95/602 1002/96/579 1020/89/597
f 1020/89/597 1019/88/596 1026/95/602
f 954/18/532 953/17/531 1005/73/582
f 1005/73/582 1023/92/599 954/18/532
f 1005/73/582 1009/77/586 1024/93/600
f 1024/93/600 1023/92/599 1005/73/582
f 1027/97/603 1028/98/604 938/2/517
f 938/2/517 937/1/516 1027/97/603
f 963/27/541 1029/99/605 1030/100/606
f 1030/100/606 942/6/521 963/27/541
f 990/54/567 989/53/530 1031/101/15
f 1031/101/15 1009/77/586 990/54/567
f 976/40/554 998/64/575 1032/102/607
f 1032/102/607 973/37/551 976/40/554
f 981/45/559 1029/99/605 963/27/541
f 963/27/541 962/26/540 981/45/559
f 958/22/536 1033/103/552 974/38/552
f 974/38/552 973/37/551 958/22/536
f 962/26/540 961/25/539 1008/76/585
f 1008/76/585 1034/104/608 962/26/540
f 1033/103/552 952/16/530 989/53/530
f 989/53/530 974/38/552 1033/103/552
f 1008/76/585 1011/79/588 1035/105/609
f 1035/105/609 1034/104/608 1008/76/585
f 994/58/571 1036/106/610 1037/107/611
f 1037/107/611 995/59/572 994/58/571
f 994/58/571 1024/93/600 1038/108/612
f 1038/108/612 1036/106/610 994/58/571
f 989/53/530 952/16/530 951/15/15
f 951/15/15 1031/101/15 989/53/530
f 973/37/551 1032/102/607 959/23/537
f 959/23/537 958/22/536 973/37/551
f 962/26/540 1034/104/608 982/46/560
f 982/46/560 981/45/559 962/26/540
f 1034/104/608 1035/105/609 992/56/569
f 992/56/569 982/46/560 1034/104/608
f 1036/106/610 1016/84/593 1015/83/592
f 1015/83/592 1037/107/611 1036/106/610
f 1016/84/593 1036/106/610 1038/108/612
f 1038/108/612 1025/94/601 1016/84/593
f 1027/97/603 997/63/574 996/62/573
f 996/62/573 1028/98/604 1027/97/603
f 1029/99/605 1000/67/577 1004/72/581
f 1004/72/581 1030/100/606 1029/99/605
f 984/48/562 1000/67/577 1029/99/605
f 1029/99/605 981/45/559 984/48/562
f 958/22/536 957/21/535 1006/74/583
f 1006/74/583 1033/103/552 958/22/536
f 1006/74/583 949/13/528 952/16/530
f 952/16/530 1033/103/552 1006/74/583
f 938/2/517 1032/102/607 998/64/575
f 998/64/575 939/3/518 938/2/517
f 964/28/542 963/27/541 942/6/521
f 942/6/521 941/5/520 964/28/542
f 1018/109/595 1001/110/578 947/11/526
f 947/11/526 946/10/525 1018/109/595
f 999/111/576 1021/90/598 970/34/548
f 970/34/548 969/33/547 999/111/576
f 1001/68/578 960/24/538 996/62/573
f 996/62/573 947/61/526 1001/68/578
f 972/70/550 964/28/542 941/5/520
f 941/5/520 969/66/547 972/70/550
f 1026/112/602 940/4/519 939/3/518
f 939/3/518 1002/69/579 1026/112/602
f 1012/80/589 1039/113/613 1004/72/581
f 1004/72/581 1003/71/580 1012/80/589
f 968/32/546 967/114/545 1013/81/590
f 1013/81/590 1003/71/580 968/32/546
f 955/115/533 971/35/549 970/34/548
f 970/34/548 1020/89/597 955/115/533
f 967/114/545 1018/109/595 946/10/525
f 946/10/525 1013/81/590 967/114/545
f 956/116/534 955/115/533 1020/89/597
f 1020/89/597 1002/96/579 956/116/534
f 959/23/537 1032/102/607 938/2/517
f 938/2/517 1028/98/604 959/23/537
f 1040/117/614 943/7/522 942/6/521
f 942/6/521 1030/100/606 1040/117/614
f 960/24/538 959/23/537 1028/98/604
f 1028/98/604 996/62/573 960/24/538
f 1039/113/613 1040/117/614 1030/100/606
f 1030/100/606 1004/72/581 1039/113/613
f 991/55/568 1025/94/601 951/15/15
f 951/15/15 950/14/529 991/55/568
f 1025/94/601 1038/108/612 1031/101/15
f 1031/101/15 951/15/15 1025/94/601
f 1038/108/612 1024/93/600 1009/77/586
f 1009/77/586 1031/101/15 1038/108/612
f 993/57/570 992/56/569 1015/83/592
f 1015/83/592 1010/78/587 993/57/570
f 992/56/569 1035/105/609 1037/107/611
f 1037/107/611 1015/83/592 992/56/569
f 1037/107/611 1035/105/609 1011/79/588
f 1011/79/588 995/59/572 1037/107/611
f 1041/1/615 1042/2/517 1043/3/616
f 1043/3/616 1044/4/617 1041/1/615
f 1045/5/618 1046/6/619 1047/7/522
f 1047/7/522 1048/8/620 1045/5/618
f 1049/9/621 1050/10/622 1051/11/623
f 1051/11/623 1052/12/624 1049/9/621
f 1053/13/625 1054/14/626 1055/15/15
f 1055/15/15 1056/16/530 1053/13/625
f 1057/17/627 1058/18/628 1059/19/629
f 1059/19/629 1060/20/630 1057/17/627
f 1061/21/631 1062/22/536 1063/23/537
f 1063/23/537 1064/24/632 1061/21/631
f 1065/25/633 1066/26/540 1067/27/541
f 1067/27/541 1068/28/634 1065/25/633
f 1069/29/635 1070/30/636 1071/31/637
f 1071/31/637 1072/32/638 1069/29/635
f 1073/33/639 1074/34/640 1075/35/641
f 1075/35/641 1076/36/642 1073/33/639
f 1077/37/551 1078/38/552 1079/39/643
f 1079/39/643 1080/40/644 1077/37/551
f 1081/41/645 1082/42/646 1083/43/647
f 1083/43/647 1084/44/648 1081/41/645
f 1085/45/649 1086/46/560 1087/47/650
f 1087/47/650 1088/48/651 1085/45/649
f 1089/49/652 1090/50/653 1091/51/654
f 1091/51/654 1092/52/655 1089/49/652
f 1079/39/643 1078/38/552 1093/53/530
f 1093/53/530 1094/54/656 1079/39/643
f 1082/42/646 1095/55/657 1054/14/626
f 1054/14/626 1083/43/647 1082/42/646
f 1087/47/650 1086/46/560 1096/56/658
f 1096/56/658 1097/57/659 1087/47/650
f 1090/50/653 1098/58/660 1099/59/661
f 1099/59/661 1091/51/654 1090/50/653
f 1052/60/624 1051/61/623 1100/62/662
f 1100/62/662 1101/63/663 1052/60/624
f 1080/40/644 1057/17/627 1060/20/630
f 1060/20/630 1102/64/664 1080/40/644
f 1103/65/665 1073/66/639 1045/5/618
f 1045/5/618 1048/8/620 1103/65/665
f 1088/48/651 1069/29/635 1072/32/638
f 1072/32/638 1104/67/666 1088/48/651
f 1064/24/632 1105/68/667 1084/44/648
f 1084/44/648 1061/21/631 1064/24/632
f 1060/20/630 1106/69/668 1043/3/616
f 1043/3/616 1102/64/664 1060/20/630
f 1068/28/634 1076/70/642 1092/52/655
f 1092/52/655 1065/25/633 1068/28/634
f 1072/32/638 1107/71/669 1108/72/670
f 1108/72/670 1104/67/666 1072/32/638
f 1057/17/627 1080/40/644 1079/39/643
f 1079/39/643 1109/73/671 1057/17/627
f 1061/21/631 1084/44/648 1083/43/647
f 1083/43/647 1110/74/672 1061/21/631
f 1069/29/635 1088/48/651 1087/47/650
f 1087/47/650 1111/75/673 1069/29/635
f 1065/25/633 1092/52/655 1091/51/654
f 1091/51/654 1112/76/674 1065/25/633
f 1109/73/671 1079/39/643 1094/54/656
f 1094/54/656 1113/77/675 1109/73/671
f 1110/74/672 1083/43/647 1054/14/626
f 1054/14/626 1053/13/625 1110/74/672
f 1111/75/673 1087/47/650 1097/57/659
f 1097/57/659 1114/78/676 1111/75/673
f 1112/76/674 1091/51/654 1099/59/661
f 1099/59/661 1115/79/677 1112/76/674
f 1116/80/678 1107/71/669 1117/81/679
f 1117/81/679 1118/82/680 1116/80/678
f 1114/78/676 1119/83/592 1120/84/593
f 1120/84/593 1121/85/681 1114/78/676
f 1092/52/655 1076/70/642 1075/86/641
f 1075/86/641 1089/49/652 1092/52/655
f 1081/41/645 1122/87/682 1071/31/637
f 1071/31/637 1070/30/636 1081/41/645
f 1123/88/683 1124/89/684 1074/34/640
f 1074/34/640 1125/90/685 1123/88/683
f 1070/30/636 1069/29/635 1111/75/673
f 1111/75/673 1126/91/646 1070/30/636
f 1058/18/628 1127/92/686 1090/50/653
f 1090/50/653 1089/49/652 1058/18/628
f 1111/75/673 1114/78/676 1121/85/681
f 1121/85/681 1126/91/646 1111/75/673
f 1127/92/686 1128/93/687 1098/58/660
f 1098/58/660 1090/50/653 1127/92/686
f 1118/82/680 1117/81/679 1050/10/622
f 1050/10/622 1049/9/621 1118/82/680
f 1121/85/681 1120/84/593 1129/94/688
f 1129/94/688 1095/55/657 1121/85/681
f 1089/49/652 1075/86/641 1059/19/629
f 1059/19/629 1058/18/628 1089/49/652
f 1070/30/636 1126/91/646 1082/42/646
f 1082/42/646 1081/41/645 1070/30/636
f 1126/91/646 1121/85/681 1095/55/657
f 1095/55/657 1082/42/646 1126/91/646
f 1084/44/648 1105/68/667 1122/87/682
f 1122/87/682 1081/41/645 1084/44/648
f 1130/95/689 1106/96/668 1124/89/684
f 1124/89/684 1123/88/683 1130/95/689
f 1058/18/628 1057/17/627 1109/73/671
f 1109/73/671 1127/92/686 1058/18/628
f 1109/73/671 1113/77/675 1128/93/687
f 1128/93/687 1127/92/686 1109/73/671
f 1131/97/603 1132/98/604 1042/2/517
f 1042/2/517 1041/1/615 1131/97/603
f 1067/27/541 1133/99/605 1134/100/606
f 1134/100/606 1046/6/619 1067/27/541
f 1094/54/656 1093/53/530 1135/101/15
f 1135/101/15 1113/77/675 1094/54/656
f 1080/40/644 1102/64/664 1136/102/607
f 1136/102/607 1077/37/551 1080/40/644
f 1085/45/649 1133/99/605 1067/27/541
f 1067/27/541 1066/26/540 1085/45/649
f 1062/22/536 1137/103/552 1078/38/552
f 1078/38/552 1077/37/551 1062/22/536
f 1066/26/540 1065/25/633 1112/76/674
f 1112/76/674 1138/104/608 1066/26/540
f 1137/103/552 1056/16/530 1093/53/530
f 1093/53/530 1078/38/552 1137/103/552
f 1112/76/674 1115/79/677 1139/105/609
f 1139/105/609 1138/104/608 1112/76/674
f 1098/58/660 1140/106/610 1141/107/611
f 1141/107/611 1099/59/661 1098/58/660
f 1098/58/660 1128/93/687 1142/108/612
f 1142/108/612 1140/106/610 1098/58/660
f 1093/53/530 1056/16/530 1055/15/15
f 1055/15/15 1135/101/15 1093/53/530
f 1077/37/551 1136/102/607 1063/23/537
f 1063/23/537 1062/22/536 1077/37/551
f 1066/26/540 1138/104/608 1086/46/560
f 1086/46/560 1085/45/649 1066/26/540
f 1138/104/608 1139/105/609 1096/56/658
f 1096/56/658 1086/46/560 1138/104/608
f 1140/106/610 1120/84/593 1119/83/592
f 1119/83/592 1141/107/611 1140/106/610
f 1120/84/593 1140/106/610 1142/108/612
f 1142/108/612 1129/94/688 1120/84/593
f 1131/97/603 1101/63/663 1100/62/662
f 1100/62/662 1132/98/604 1131/97/603
f 1133/99/605 1104/67/666 1108/72/670
f 1108/72/670 1134/100/606 1133/99/605
f 1088/48/651 1104/67/666 1133/99/605
f 1133/99/605 1085/45/649 1088/48/651
f 1062/22/536 1061/21/631 1110/74/672
f 1110/74/672 1137/103/552 1062/22/536
f 1110/74/672 1053/13/625 1056/16/530
f 1056/16/530 1137/103/552 1110/74/672
f 1042/2/517 1136/102/607 1102/64/664
f 1102/64/664 1043/3/616 1042/2/517
f 1068/28/634 1067/27/541 1046/6/619
f 1046/6/619 1045/5/618 1068/28/634
f 1122/109/682 1105/110/667 1051/11/623
f 1051/11/623 1050/10/622 1122/109/682
f 1103/111/665 1125/90/685 1074/34/640
f 1074/34/640 1073/33/639 1103/111/665
f 1105/68/667 1064/24/632 1100/62/662
f 1100/62/662 1051/61/623 1105/68/667
f 1076/70/642 1068/28/634 1045/5/618
f 1045/5/618 1073/66/639 1076/70/642
f 1130/112/689 1044/4/617 1043/3/616
f 1043/3/616 1106/69/668 1130/112/689
f 1116/80/678 1143/113/690 1108/72/670
f 1108/72/670 1107/71/669 1116/80/678
f 1072/32/638 1071/114/637 1117/81/679
f 1117/81/679 1107/71/669 1072/32/638
f 1059/115/629 1075/35/641 1074/34/640
f 1074/34/640 1124/89/684 1059/115/629
f 1071/114/637 1122/109/682 1050/10/622
f 1050/10/622 1117/81/679 1071/114/637
f 1060/116/630 1059/115/629 1124/89/684
f 1124/89/684 1106/96/668 1060/116/630
f 1063/23/537 1136/102/607 1042/2/517
f 1042/2/517 1132/98/604 1063/23/537
f 1144/117/614 1047/7/522 1046/6/619
f 1046/6/619 1134/100/606 1144/117/614
f 1064/24/632 1063/23/537 1132/98/604
f 1132/98/604 1100/62/662 1064/24/632
f 1143/113/690 1144/117/614 1134/100/606
f 1134/100/606 1108/72/670 1143/113/690
f 1095/55/657 1129/94/688 1055/15/15
f 1055/15/15 1054/14/626 1095/55/657
f 1129/94/688 1142/108/612 1135/101/15
f 1135/101/15 1055/15/15 1129/94/688
f 1142/108/612 1128/93/687 1113/77/675
f 1113/77/675 1135/101/15 1142/108/612
f 1097/57/659 1096/56/658 1119/83/592
f 1119/83/592 1114/78/676 1097/57/659
f 1096/56/658 1139/105/609 1141/107/611
f 1141/107/611 1119/83/592 1096/56/658
f 1141/107/611 1139/105/609 1115/79/677
f 1115/79/677 1099/59/661 1141/107/611
f 1145/1/200 1146/2/201 1147/3/202
f 1147/3/202 1148/4/203 1145/1/200
f 1149/5/204 1150/6/205 1151/7/206
f 1151/7/206 1152/8/207 1149/5/204
f 1153/9/208 1154/10/209 1155/11/210
f 1155/11/210 1156/12/211 1153/9/208
f 1157/13/212 1158/14/213 1159/15/15
f 1159/15/15 1160/16/214 1157/13/212
f 1161/17/215 1162/18/216 1163/19/217
f 1163/19/217 1164/20/218 1161/17/215
f 1165/21/219 1166/22/220 1167/23/221
f 1167/23/221 1168/24/222 1165/21/219
f 1169/25/400 1170/26/224 1171/27/225
f 1171/27/225 1172/28/226 1169/25/400
f 1173/29/227 1174/30/228 1175/31/229
f 1175/31/229 1176/32/691 1173/29/227
f 1177/33/231 1178/34/232 1179/35/402
f 1179/35/402 1180/36/692 1177/33/231
f 1181/37/235 1182/38/236 1183/39/237
f 1183/39/237 1184/40/238 1181/37/235
f 1185/41/239 1186/42/240 1187/43/241
f 1187/43/241 1188/44/242 1185/41/239
f 1189/45/403 1190/46/244 1191/47/245
f 1191/47/245 1192/48/246 1189/45/403
f 1193/49/247 1194/50/248 1195/51/249
f 1195/51/249 1196/52/250 1193/49/247
f 1183/39/237 1182/38/236 1197/53/214
f 1197/53/214 1198/54/251 1183/39/237
f 1186/42/240 1199/55/252 1158/14/213
f 1158/14/213 1187/43/241 1186/42/240
f 1191/47/245 1190/46/244 1200/56/253
f 1200/56/253 1201/57/254 1191/47/245
f 1194/50/248 1202/58/255 1203/59/256
f 1203/59/256 1195/51/249 1194/50/248
f 1156/60/211 1155/61/210 1204/62/257
f 1204/62/257 1205/63/258 1156/60/211
f 1184/40/238 1161/17/215 1164/20/218
f 1164/20/218 1206/64/259 1184/40/238
f 1207/65/260 1177/66/231 1149/5/204
f 1149/5/204 1152/8/207 1207/65/260
f 1192/48/246 1173/29/227 1176/32/691
f 1176/32/691 1208/67/261 1192/48/246
f 1168/24/222 1209/68/262 1188/44/242
f 1188/44/242 1165/21/219 1168/24/222
f 1164/20/218 1210/69/263 1147/3/202
f 1147/3/202 1206/64/259 1164/20/218
f 1172/28/226 1180/70/692 1196/52/250
f 1196/52/250 1169/25/400 1172/28/226
f 1176/32/691 1211/71/264 1212/72/265
f 1212/72/265 1208/67/261 1176/32/691
f 1161/17/215 1184/40/238 1183/39/237
f 1183/39/237 1213/73/266 1161/17/215
f 1165/21/219 1188/44/242 1187/43/241
f 1187/43/241 1214/74/404 1165/21/219
f 1173/29/227 1192/48/246 1191/47/245
f 1191/47/245 1215/75/268 1173/29/227
f 1169/25/400 1196/52/250 1195/51/249
f 1195/51/249 1216/76/269 1169/25/400
f 1213/73/266 1183/39/237 1198/54/251
f 1198/54/251 1217/77/270 1213/73/266
f 1214/74/404 1187/43/241 1158/14/213
f 1158/14/213 1157/13/212 1214/74/404
f 1215/75/268 1191/47/245 1201/57/254
f 1201/57/254 1218/78/271 1215/75/268
f 1216/76/269 1195/51/249 1203/59/256
f 1203/59/256 1219/79/272 1216/76/269
f 1220/80/273 1211/71/264 1221/81/274
f 1221/81/274 1222/82/275 1220/80/273
f 1218/78/271 1223/83/276 1224/84/277
f 1224/84/277 1225/85/278 1218/78/271
f 1196/52/250 1180/70/692 1179/86/402
f 1179/86/402 1193/49/247 1196/52/250
f 1185/41/239 1226/87/693 1175/31/229
f 1175/31/229 1174/30/228 1185/41/239
f 1227/88/280 1228/89/281 1178/34/232
f 1178/34/232 1229/90/282 1227/88/280
f 1174/30/228 1173/29/227 1215/75/268
f 1215/75/268 1230/91/240 1174/30/228
f 1162/18/216 1231/92/283 1194/50/248
f 1194/50/248 1193/49/247 1162/18/216
f 1215/75/268 1218/78/271 1225/85/278
f 1225/85/278 1230/91/240 1215/75/268
f 1231/92/283 1232/93/284 1202/58/255
f 1202/58/255 1194/50/248 1231/92/283
f 1222/82/275 1221/81/274 1154/10/209
f 1154/10/209 1153/9/208 1222/82/275
f 1225/85/278 1224/84/277 1233/94/285
f 1233/94/285 1199/55/252 1225/85/278
f 1193/49/247 1179/86/402 1163/19/217
f 1163/19/217 1162/18/216 1193/49/247
f 1174/30/228 1230/91/240 1186/42/240
f 1186/42/240 1185/41/239 1174/30/228
f 1230/91/240 1225/85/278 1199/55/252
f 1199/55/252 1186/42/240 1230/91/240
f 1188/44/242 1209/68/262 1226/87/693
f 1226/87/693 1185/41/239 1188/44/242
f 1234/95/286 1210/96/263 1228/89/281
f 1228/89/281 1227/88/280 1234/95/286
f 1162/18/216 1161/17/215 1213/73/266
f 1213/73/266 1231/92/283 1162/18/216
f 1213/73/266 1217/77/270 1232/93/284
f 1232/93/284 1231/92/283 1213/73/266
f 1235/97/287 1236/98/288 1146/2/201
f 1146/2/201 1145/1/200 1235/97/287
f 1171/27/225 1237/99/289 1238/100/290
f 1238/100/290 1150/6/205 1171/27/225
f 1198/54/251 1197/53/214 1239/101/15
f 1239/101/15 1217/77/270 1198/54/251
f 1184/40/238 1206/64/259 1240/102/291
f 1240/102/291 1181/37/235 1184/40/238
f 1189/45/403 1237/99/289 1171/27/225
f 1171/27/225 1170/26/224 1189/45/403
f 1166/22/220 1241/103/236 1182/38/236
f 1182/38/236 1181/37/235 1166/22/220
f 1170/26/224 1169/25/400 1216/76/269
f 1216/76/269 1242/104/292 1170/26/224
f 1241/103/236 1160/16/214 1197/53/214
f 1197/53/214 1182/38/236 1241/103/236
f 1216/76/269 1219/79/272 1243/105/293
f 1243/105/293 1242/104/292 1216/76/269
f 1202/58/255 1244/106/294 1245/107/405
f 1245/107/405 1203/59/256 1202/58/255
f 1202/58/255 1232/93/284 1246/108/296
f 1246/108/296 1244/106/294 1202/58/255
f 1197/53/214 1160/16/214 1159/15/15
f 1159/15/15 1239/101/15 1197/53/214
f 1181/37/235 1240/102/291 1167/23/221
f 1167/23/221 1166/22/220 1181/37/235
f 1170/26/224 1242/104/292 1190/46/244
f 1190/46/244 1189/45/403 1170/26/224
f 1242/104/292 1243/105/293 1200/56/253
f 1200/56/253 1190/46/244 1242/104/292
f 1244/106/294 1224/84/277 1223/83/276
f 1223/83/276 1245/107/405 1244/106/294
f 1224/84/277 1244/106/294 1246/108/296
f 1246/108/296 1233/94/285 1224/84/277
f 1235/97/287 1205/63/258 1204/62/257
f 1204/62/257 1236/98/288 1235/97/287
f 1237/99/289 1208/67/261 1212/72/265
f 1212/72/265 1238/100/290 1237/99/289
f 1192/48/246 1208/67/261 1237/99/289
f 1237/99/289 1189/45/403 1192/48/246
f 1166/22/220 1165/21/219 1214/74/404
f 1214/74/404 1241/103/236 1166/22/220
f 1214/74/404 1157/13/212 1160/16/214
f 1160/16/214 1241/103/236 1214/74/404
f 1146/2/201 1240/102/291 1206/64/259
f 1206/64/259 1147/3/202 1146/2/201
f 1172/28/226 1171/27/225 1150/6/205
f 1150/6/205 1149/5/204 1172/28/226
f 1226/109/693 1209/110/262 1155/11/210
f 1155/11/210 1154/10/209 1226/109/693
f 1207/111/260 1229/90/282 1178/34/232
f 1178/34/232 1177/33/231 1207/111/260
f 1209/68/262 1168/24/222 1204/62/257
f 1204/62/257 1155/61/210 1209/68/262
f 1180/70/692 1172/28/226 1149/5/204
f 1149/5/204 1177/66/231 1180/70/692
f 1234/112/286 1148/4/203 1147/3/202
f 1147/3/202 1210/69/263 1234/112/286
f 1220/80/273 1247/113/297 1212/72/265
f 1212/72/265 1211/71/264 1220/80/273
f 1176/32/691 1175/114/229 1221/81/274
f 1221/81/274 1211/71/264 1176/32/691
f 1163/115/217 1179/35/402 1178/34/232
f 1178/34/232 1228/89/281 1163/115/217
f 1175/114/229 1226/109/693 1154/10/209
f 1154/10/209 1221/81/274 1175/114/229
f 1164/116/218 1163/115/217 1228/89/281
f 1228/89/281 1210/96/263 1164/116/218
f 1167/23/221 1240/102/291 1146/2/201
f 1146/2/201 1236/98/288 1167/23/221
f 1248/117/298 1151/7/206 1150/6/205
f 1150/6/205 1238/100/290 1248/117/298
f 1168/24/222 1167/23/221 1236/98/288
f 1236/98/288 1204/62/257 1168/24/222
f 1247/113/297 1248/117/298 1238/100/290
f 1238/100/290 1212/72/265 1247/113/297
f 1199/55/252 1233/94/285 1159/15/15
f 1159/15/15 1158/14/213 1199/55/252
f 1233/94/285 1246/108/296 1239/101/15
f 1239/101/15 1159/15/15 1233/94/285
f 1246/108/296 1232/93/284 1217/77/270
f 1217/77/270 1239/101/15 1246/108/296
f 1201/57/254 1200/56/253 1223/83/276
f 1223/83/276 1218/78/271 1201/57/254
f 1200/56/253 1243/105/293 1245/107/405
f 1245/107/405 1223/83/276 1200/56/253
f 1245/107/405 1243/105/293 1219/79/272
f 1219/79/272 1203/59/256 1245/107/405
f 1249/1/101 1250/2/102 1251/3/103
f 1251/3/103 1252/4/104 1249/1/101
f 1253/5/105 1254/6/106 1255/7/107
f 1255/7/107 1256/8/108 1253/5/105
f 1257/9/109 1258/10/110 1259/11/111
f 1259/11/111 1260/12/112 1257/9/109
f 1261/13/508 1262/14/114 1263/15/15
f 1263/15/15 1264/16/115 1261/13/508
f 1265/17/116 1266/18/117 1267/19/118
f 1267/19/118 1268/20/119 1265/17/116
f 1269/21/120 1270/22/121 1271/23/122
f 1271/23/122 1272/24/123 1269/21/120
f 1273/25/124 1274/26/125 1275/27/126
f 1275/27/126 1276/28/127 1273/25/124
f 1277/29/128 1278/30/129 1279/31/130
f 1279/31/130 1280/32/131 1277/29/128
f 1281/33/132 1282/34/133 1283/35/134
f 1283/35/134 1284/36/135 1281/33/132
f 1285/37/136 1286/38/137 1287/39/138
f 1287/39/138 1288/40/139 1285/37/136
f 1289/41/140 1290/42/141 1291/43/142
f 1291/43/142 1292/44/143 1289/41/140
f 1293/45/144 1294/46/145 1295/47/146
f 1295/47/146 1296/48/147 1293/45/144
f 1297/49/148 1298/50/149 1299/51/150
f 1299/51/150 1300/52/151 1297/49/148
f 1287/39/138 1286/38/137 1301/53/115
f 1301/53/115 1302/54/152 1287/39/138
f 1290/42/141 1303/55/153 1262/14/114
f 1262/14/114 1291/43/142 1290/42/141
f 1295/47/146 1294/46/145 1304/56/154
f 1304/56/154 1305/57/155 1295/47/146
f 1298/50/149 1306/58/156 1307/59/157
f 1307/59/157 1299/51/150 1298/50/149
f 1260/60/112 1259/61/111 1308/62/158
f 1308/62/158 1309/63/159 1260/60/112
f 1288/40/139 1265/17/116 1268/20/119
f 1268/20/119 1310/64/160 1288/40/139
f 1311/65/161 1281/66/132 1253/5/105
f 1253/5/105 1256/8/108 1311/65/161
f 1296/48/147 1277/29/128 1280/32/131
f 1280/32/131 1312/67/162 1296/48/147
f 1272/24/123 1313/68/163 1292/44/143
f 1292/44/143 1269/21/120 1272/24/123
f 1268/20/119 1314/69/164 1251/3/103
f 1251/3/103 1310/64/160 1268/20/119
f 1276/28/127 1284/70/135 1300/52/151
f 1300/52/151 1273/25/124 1276/28/127
f 1280/32/131 1315/71/165 1316/72/166
f 1316/72/166 1312/67/162 1280/32/131
f 1265/17/116 1288/40/139 1287/39/138
f 1287/39/138 1317/73/167 1265/17/116
f 1269/21/120 1292/44/143 1291/43/142
f 1291/43/142 1318/74/168 1269/21/120
f 1277/29/128 1296/48/147 1295/47/146
f 1295/47/146 1319/75/169 1277/29/128
f 1273/25/124 1300/52/151 1299/51/150
f 1299/51/150 1320/76/170 1273/25/124
f 1317/73/167 1287/39/138 1302/54/152
f 1302/54/152 1321/77/171 1317/73/167
f 1318/74/168 1291/43/142 1262/14/114
f 1262/14/114 1261/13/508 1318/74/168
f 1319/75/169 1295/47/146 1305/57/155
f 1305/57/155 1322/78/172 1319/75/169
f 1320/76/170 1299/51/150 1307/59/157
f 1307/59/157 1323/79/173 1320/76/170
f 1324/80/174 1315/71/165 1325/81/175
f 1325/81/175 1326/82/176 1324/80/174
f 1322/78/172 1327/83/177 1328/84/178
f 1328/84/178 1329/85/179 1322/78/172
f 1300/52/151 1284/70/135 1283/86/134
f 1283/86/134 1297/49/148 1300/52/151
f 1289/41/140 1330/87/180 1279/31/130
f 1279/31/130 1278/30/129 1289/41/140
f 1331/88/181 1332/89/182 1282/34/133
f 1282/34/133 1333/90/183 1331/88/181
f 1278/30/129 1277/29/128 1319/75/169
f 1319/75/169 1334/91/141 1278/30/129
f 1266/18/117 1335/92/184 1298/50/149
f 1298/50/149 1297/49/148 1266/18/117
f 1319/75/169 1322/78/172 1329/85/179
f 1329/85/179 1334/91/141 1319/75/169
f 1335/92/184 1336/93/185 1306/58/156
f 1306/58/156 1298/50/149 1335/92/184
f 1326/82/176 1325/81/175 1258/10/110
f 1258/10/110 1257/9/109 1326/82/176
f 1329/85/179 1328/84/178 1337/94/186
f 1337/94/186 1303/55/153 1329/85/179
f 1297/49/148 1283/86/134 1267/19/118
f 1267/19/118 1266/18/117 1297/49/148
f 1278/30/129 1334/91/141 1290/42/141
f 1290/42/141 1289/41/140 1278/30/129
f 1334/91/141 1329/85/179 1303/55/153
f 1303/55/153 1290/42/141 1334/91/141
f 1292/44/143 1313/68/163 1330/87/180
f 1330/87/180 1289/41/140 1292/44/143
f 1338/95/187 1314/96/164 1332/89/182
f 1332/89/182 1331/88/181 1338/95/187
f 1266/18/117 1265/17/116 1317/73/167
f 1317/73/167 1335/92/184 1266/18/117
f 1317/73/167 1321/77/171 1336/93/185
f 1336/93/185 1335/92/184 1317/73/167
f 1339/97/188 1340/98/189 1250/2/102
f 1250/2/102 1249/1/101 1339/97/188
f 1275/27/126 1341/99/190 1342/100/191
f 1342/100/191 1254/6/106 1275/27/126
f 1302/54/152 1301/53/115 1343/101/15
f 1343/101/15 1321/77/171 1302/54/152
f 1288/40/139 1310/64/160 1344/102/192
f 1344/102/192 1285/37/136 1288/40/139
f 1293/45/144 1341/99/190 1275/27/126
f 1275/27/126 1274/26/125 1293/45/144
f 1270/22/121 1345/103/137 1286/38/137
f 1286/38/137 1285/37/136 1270/22/121
f 1274/26/125 1273/25/124 1320/76/170
f 1320/76/170 1346/104/193 1274/26/125
f 1345/103/137 1264/16/115 1301/53/115
f 1301/53/115 1286/38/137 1345/103/137
f 1320/76/170 1323/79/173 1347/105/194
f 1347/105/194 1346/104/193 1320/76/170
f 1306/58/156 1348/106/195 1349/107/196
f 1349/107/196 1307/59/157 1306/58/156
f 1306/58/156 1336/93/185 1350/108/197
f 1350/108/197 1348/106/195 1306/58/156
f 1301/53/115 1264/16/115 1263/15/15
f 1263/15/15 1343/101/15 1301/53/115
f 1285/37/136 1344/102/192 1271/23/122
f 1271/23/122 1270/22/121 1285/37/136
f 1274/26/125 1346/104/193 1294/46/145
f 1294/46/145 1293/45/144 1274/26/125
f 1346/104/193 1347/105/194 1304/56/154
f 1304/56/154 1294/46/145 1346/104/193
f 1348/106/195 1328/84/178 1327/83/177
f 1327/83/177 1349/107/196 1348/106/195
f 1328/84/178 1348/106/195 1350/108/197
f 1350/108/197 1337/94/186 1328/84/178
f 1339/97/188 1309/63/159 1308/62/158
f 1308/62/158 1340/98/189 1339/97/188
f 1341/99/190 1312/67/162 1316/72/166
f 1316/72/166 1342/100/191 1341/99/190
f 1296/48/147 1312/67/162 1341/99/190
f 1341/99/190 1293/45/144 1296/48/147
f 1270/22/121 1269/21/120 1318/74/168
f 1318/74/168 1345/103/137 1270/22/121
f 1318/74/168 1261/13/508 1264/16/115
f 1264/16/115 1345/103/137 1318/74/168
f 1250/2/102 1344/102/192 1310/64/160
f 1310/64/160 1251/3/103 1250/2/102
f 1276/28/127 1275/27/126 1254/6/106
f 1254/6/106 1253/5/105 1276/28/127
f 1330/109/180 1313/110/163 1259/11/111
f 1259/11/111 1258/10/110 1330/109/180
f 1311/111/161 1333/90/183 1282/34/133
f 1282/34/133 1281/33/132 1311/111/161
f 1313/68/163 1272/24/123 1308/62/158
f 1308/62/158 1259/61/111 1313/68/163
f 1284/70/135 1276/28/127 1253/5/105
f 1253/5/105 1281/66/132 1284/70/135
f 1338/112/187 1252/4/104 1251/3/103
f 1251/3/103 1314/69/164 1338/112/187
f 1324/80/174 1351/113/198 1316/72/166
f 1316/72/166 1315/71/165 1324/80/174
f 1280/32/131 1279/114/130 1325/81/175
f 1325/81/175 1315/71/165 1280/32/131
f 1267/115/118 1283/35/134 1282/34/133
f 1282/34/133 1332/89/182 1267/115/118
f 1279/114/130 1330/109/180 1258/10/110
f 1258/10/110 1325/81/175 1279/114/130
f 1268/116/119 1267/115/118 1332/89/182
f 1332/89/182 1314/96/164 1268/116/119
f 1271/23/122 1344/102/192 1250/2/102
f 1250/2/102 1340/98/189 1271/23/122
f 1352/117/199 1255/7/107 1254/6/106
f 1254/6/106 1342/100/191 1352/117/199
f 1272/24/123 1271/23/122 1340/98/189
f 1340/98/189 1308/62/158 1272/24/123
f 1351/113/198 1352/117/199 1342/100/191
f 1342/100/191 1316/72/166 1351/113/198
f 1303/55/153 1337/94/186 1263/15/15
f 1263/15/15 1262/14/114 1303/55/153
f 1337/94/186 1350/108/197 1343/101/15
f 1343/101/15 1263/15/15 1337/94/186
f 1350/108/197 1336/93/185 1321/77/171
f 1321/77/171 1343/101/15 1350/108/197
f 1305/57/155 1304/56/154 1327/83/177
f 1327/83/177 1322/78/172 1305/57/155
f 1304/56/154 1347/105/194 1349/107/196
f 1349/107/196 1327/83/177 1304/56/154
f 1349/107/196 1347/105/194 1323/79/173
f 1323/79/173 1307/59/157 1349/107/196
