# Blender 4.5.0
# www.blender.org
g medium_wall.xml.695_Mesh
v 317.782166 -65.849144 78.688911
v 317.575195 -57.920517 78.764099
v 317.623108 -57.920517 80.376289
v 317.719299 -65.849144 80.661903
v 315.487976 -57.920509 80.194077
v 315.442017 -57.920517 78.791245
v 315.391785 -65.849144 79.176910
v 315.391785 -65.849144 80.661903
v 317.211609 -65.849152 46.833473
v 317.078369 -57.920517 47.095497
v 317.546021 -57.920517 47.158043
v 317.642273 -65.849152 46.958572
v 317.231873 -50.083466 48.685371
v 317.160767 -50.083466 48.534386
v 317.160767 -50.083466 49.576210
v 317.231873 -50.083466 49.573868
v 317.379700 -49.705734 80.192146
v 316.945068 -49.705734 80.192146
v 316.945068 -49.991875 80.416954
v 317.449829 -49.991875 80.416954
v 317.456909 -49.705734 48.122772
v 317.456909 -49.705734 49.412758
v 317.526917 -49.991882 49.410454
v 317.526917 -49.991882 47.902596
v 315.654175 -49.705734 79.870506
v 315.654175 -49.705734 78.405571
v 315.584167 -49.991875 78.405571
v 315.584167 -49.991875 80.090683
v 315.731445 -49.705734 47.801125
v 316.166199 -49.705734 47.801125
v 316.166199 -49.991882 47.576324
v 315.661316 -49.991882 47.576324
v 315.634888 -57.920509 80.725830
v 316.032959 -57.920509 80.725830
v 316.538086 -50.103859 80.416954
v 315.661316 -49.991875 80.416954
v 317.456909 -49.705734 78.405571
v 317.304260 -49.579437 78.405571
v 317.304260 -49.579437 79.422882
v 317.456909 -49.705734 79.870506
v 316.945068 -49.705734 47.801125
v 316.945068 -49.579445 48.291397
v 317.227051 -49.579445 48.291397
v 317.379700 -49.705734 47.801125
v 315.654175 -49.747818 49.488312
v 315.806885 -49.621529 49.483284
v 315.806885 -49.579445 48.570396
v 315.654175 -49.705734 48.122772
v 316.538086 -49.817711 80.192146
v 316.538086 -49.691422 79.701874
v 315.884094 -49.579437 79.701874
v 315.731445 -49.705734 80.192146
v 317.231873 -50.083458 78.256256
v 317.231873 -50.083458 79.301552
v 316.900452 -50.083466 48.534386
v 315.887817 -50.125549 49.634300
v 315.887817 -50.083466 48.685371
v 316.562622 -50.195442 79.452545
v 315.958984 -50.083458 79.452545
v 317.623108 -57.920517 47.507584
v 317.719299 -65.849152 47.331375
v 317.526917 -49.991875 80.090683
v 315.621277 -65.849144 81.171135
v 315.584167 -49.991882 47.902596
v 317.449829 -49.991882 47.576324
v 317.546021 -57.920517 80.725830
v 315.565063 -57.920517 47.158043
v 315.487976 -57.920517 47.507584
v 317.227051 -49.579437 79.701881
v 317.304260 -49.579445 48.570396
v 315.884094 -49.579445 48.291397
v 315.806885 -49.579437 79.422882
v 317.160767 -50.083458 79.452545
v 315.958984 -50.083466 48.534386
v 315.887817 -50.083458 79.301552
v 315.468872 -65.849144 46.958572
v 316.032959 -57.920517 47.158043
v 315.899658 -65.849144 46.958572
v 315.958618 -50.125549 49.631966
v 316.219482 -50.125549 49.623375
v 316.219482 -50.083466 48.534386
v 316.945068 -49.991882 47.576324
v 317.211609 -65.849144 81.148003
v 317.078369 -57.920517 80.725830
v 315.899658 -65.849144 81.034706
v 316.166199 -49.579445 48.291397
v 316.945068 -49.579437 79.701881
v 316.900452 -50.083458 79.452545
v 316.900452 -50.083466 49.584793
v 317.642212 -65.849144 81.034706
v 317.719299 -65.849152 48.614532
v 317.623108 -57.920517 49.012489
v 315.584167 -50.033966 49.490616
v 315.510986 -57.920517 50.073532
v 317.160767 -50.083458 78.256256
v 317.526917 -49.991875 78.405571
v 317.304260 -49.579445 49.417793
v 315.806885 -49.579437 78.405571
v 315.887817 -50.083458 78.256256
v 316.562622 -50.195442 78.256256
v 315.958862 -50.095245 78.256256
v 316.900452 -50.083458 78.256256
v 315.391785 -65.849152 47.554047
v 315.437866 -65.849152 50.656456
v 317.782166 -65.849144 46.142494
v 317.575195 -57.920517 46.212555
v 317.623108 -57.920517 47.715012
v 317.719299 -65.849144 47.981178
v 315.487976 -57.920517 47.545197
v 315.442017 -57.920517 46.237854
v 315.391785 -65.849144 46.597275
v 315.391785 -65.849144 47.981178
v 317.211609 -65.849152 16.455460
v 317.078369 -57.920517 16.699646
v 317.546021 -57.920517 16.757935
v 317.642273 -65.849152 16.572044
v 317.231873 -50.083466 18.181297
v 317.160767 -50.083466 18.040596
v 317.160767 -50.083466 19.011497
v 317.231873 -50.083466 19.009315
v 317.379700 -49.705734 47.543404
v 316.945068 -49.705734 47.543404
v 316.945068 -49.991875 47.752907
v 317.449829 -49.991875 47.752907
v 317.456909 -49.705734 17.656998
v 317.456909 -49.705734 18.859169
v 317.526917 -49.991882 18.857025
v 317.526917 -49.991882 17.451805
v 315.654175 -49.705734 47.243652
v 315.654175 -49.705734 45.878441
v 315.584167 -49.991875 45.878441
v 315.584167 -49.991875 47.448845
v 315.731445 -49.705734 17.357246
v 316.166199 -49.705734 17.357246
v 316.166199 -49.991882 17.147743
v 315.661316 -49.991882 17.147743
v 315.634888 -57.920517 48.040756
v 316.032959 -57.920517 48.040756
v 316.538086 -50.103859 47.752907
v 315.661316 -49.991875 47.752907
v 317.456909 -49.705734 45.878441
v 317.304260 -49.579437 45.878441
v 317.304260 -49.579437 46.826500
v 317.456909 -49.705734 47.243652
v 316.945068 -49.705734 17.357246
v 316.945068 -49.579445 17.814140
v 317.227051 -49.579445 17.814140
v 317.379700 -49.705734 17.357246
v 315.654175 -49.747818 18.929581
v 315.806885 -49.621529 18.924896
v 315.806885 -49.579445 18.074150
v 315.654175 -49.705734 17.656998
v 316.538086 -49.817711 47.543404
v 316.538086 -49.691422 47.086502
v 315.884094 -49.579437 47.086502
v 315.731445 -49.705734 47.543404
v 317.231873 -50.083458 45.739288
v 317.231873 -50.083458 46.713432
v 316.900452 -50.083466 18.040596
v 315.887817 -50.125549 19.065636
v 315.887817 -50.083466 18.181297
v 316.562622 -50.195442 46.854141
v 315.958984 -50.083458 46.854141
v 317.623108 -57.920517 17.083679
v 317.719299 -65.849152 16.919472
v 317.526917 -49.991875 47.448845
v 315.621277 -65.849144 48.455750
v 315.584167 -49.991882 17.451805
v 317.449829 -49.991882 17.147743
v 317.546021 -57.920517 48.040756
v 315.565063 -57.920517 16.757935
v 315.487976 -57.920517 17.083679
v 317.227051 -49.579437 47.086510
v 317.304260 -49.579445 18.074150
v 315.884094 -49.579445 17.814140
v 315.806885 -49.579437 46.826500
v 317.160767 -50.083458 46.854141
v 315.958984 -50.083466 18.040596
v 315.887817 -50.083458 46.713432
v 315.468872 -65.849144 16.572044
v 316.032959 -57.920517 16.757935
v 315.899658 -65.849144 16.572044
v 315.958618 -50.125549 19.063461
v 316.219482 -50.125549 19.055450
v 316.219482 -50.083466 18.040596
v 316.945068 -49.991882 17.147743
v 317.211609 -65.849144 48.434196
v 317.078369 -57.920517 48.040756
v 315.899658 -65.849144 48.328606
v 316.166199 -49.579445 17.814140
v 316.945068 -49.579437 47.086510
v 316.900452 -50.083458 46.854141
v 316.900452 -50.083466 19.019493
v 317.642212 -65.849144 48.328606
v 317.719299 -65.849152 18.115280
v 317.623108 -57.920517 18.486153
v 315.584167 -50.033966 18.931732
v 315.510986 -57.920517 19.474968
v 317.160767 -50.083458 45.739288
v 317.526917 -49.991875 45.878441
v 317.304260 -49.579445 18.863861
v 315.806885 -49.579437 45.878441
v 315.887817 -50.083458 45.739288
v 316.562622 -50.195442 45.739288
v 315.958862 -50.095245 45.739288
v 316.900452 -50.083458 45.739288
v 315.391785 -65.849152 17.126991
v 315.437866 -65.849152 20.018211
v 307.941956 -49.716072 81.415649
v 307.921204 -42.734871 81.007607
v 307.475708 -42.734871 81.102119
v 307.396790 -49.716072 81.291725
v 307.526062 -42.734871 76.893547
v 307.913696 -42.734871 76.802910
v 307.807129 -49.716072 76.703949
v 307.396790 -49.716072 76.703949
v 316.743896 -49.716072 80.290970
v 316.671448 -42.734871 80.028297
v 316.654175 -42.734871 80.950142
v 316.709290 -49.716072 81.139786
v 316.232178 -35.834297 80.330948
v 316.273865 -35.834297 80.190742
v 315.986023 -35.834297 80.190742
v 315.986694 -35.834297 80.330948
v 307.526611 -35.501709 80.622253
v 307.526611 -35.501709 79.765625
v 307.464478 -35.753662 79.765625
v 307.464478 -35.753662 80.760498
v 316.387634 -35.501709 80.774513
v 316.031189 -35.501709 80.774513
v 316.031799 -35.753662 80.912514
v 316.448486 -35.753662 80.912514
v 307.615479 -35.501709 77.221153
v 308.020264 -35.501709 77.221153
v 308.020264 -35.753662 77.083153
v 307.554626 -35.753662 77.083153
v 316.476501 -35.501709 77.373413
v 316.476501 -35.501709 78.230400
v 316.538635 -35.753662 78.230400
v 316.538635 -35.753662 77.235168
v 307.379150 -42.734871 77.183128
v 307.379150 -42.734871 77.967728
v 307.464478 -35.852257 78.963440
v 307.464478 -35.753662 77.235168
v 308.020264 -35.501709 80.774513
v 308.020264 -35.390503 80.473564
v 307.739136 -35.390503 80.473564
v 307.615479 -35.501709 80.774513
v 316.476501 -35.501709 79.765625
v 316.341003 -35.390503 79.765625
v 316.341003 -35.390503 80.321381
v 316.476501 -35.501709 80.622253
v 316.010315 -35.538765 77.221153
v 316.011719 -35.427559 77.522102
v 316.263916 -35.390503 77.522102
v 316.387634 -35.501709 77.221153
v 307.526611 -35.600311 78.963440
v 307.662048 -35.489105 78.963440
v 307.662048 -35.390503 77.674286
v 307.526611 -35.501709 77.373413
v 308.061523 -35.834297 80.330948
v 307.772705 -35.834297 80.330948
v 316.273865 -35.834297 79.677635
v 315.969971 -35.871353 77.681709
v 316.232178 -35.834297 77.681709
v 307.730957 -35.932899 79.011826
v 307.730957 -35.834297 77.821915
v 316.557617 -42.734871 81.102119
v 316.606323 -49.716072 81.291725
v 307.554626 -35.753662 80.912514
v 307.256104 -49.716072 77.156349
v 316.448486 -35.753662 77.083153
v 316.538635 -35.753662 80.760498
v 307.379150 -42.734871 80.950142
v 316.654175 -42.734871 77.045525
v 316.557617 -42.734871 76.893555
v 307.662048 -35.390503 80.321381
v 316.263916 -35.390503 80.473564
v 316.341003 -35.390503 77.674286
v 307.739136 -35.390503 77.522102
v 307.730957 -35.834297 80.190742
v 316.273865 -35.834297 77.821915
v 307.772705 -35.834297 77.681709
v 316.709290 -49.716072 76.855881
v 316.654175 -42.734871 77.967728
v 316.709290 -49.716072 77.705055
v 315.970642 -35.871353 77.821251
v 315.973022 -35.871353 78.335350
v 316.273865 -35.834297 78.335350
v 316.538635 -35.753662 79.765625
v 307.262512 -49.716072 80.290970
v 307.379150 -42.734871 80.028297
v 307.293823 -49.716072 77.705055
v 316.341003 -35.390503 78.230400
v 307.662048 -35.390503 79.765625
v 307.730957 -35.834297 79.677635
v 315.983643 -35.834297 79.677635
v 307.293823 -49.716072 81.139786
v 316.251770 -49.716072 81.291725
v 316.141785 -42.734871 81.102119
v 316.009705 -35.790718 77.083153
v 315.848633 -42.734871 76.938950
v 308.061523 -35.834297 80.190742
v 308.020264 -35.753662 80.912514
v 316.029785 -35.390503 80.473564
v 308.020264 -35.390503 77.522102
v 308.061523 -35.834297 77.681709
v 308.061523 -35.932899 79.011826
v 308.061523 -35.844681 77.821732
v 308.061523 -35.834297 79.677635
v 316.544739 -49.716072 76.703949
v 315.687561 -49.716072 76.794739
v 311.522095 -51.456268 13.154518
v 311.930176 -43.733078 13.124657
v 311.835632 -43.733078 12.484322
v 311.646057 -51.456268 12.370880
v 316.044250 -43.733078 12.556694
v 316.134888 -43.733078 13.113876
v 316.233826 -51.456268 12.960693
v 316.233826 -51.456268 12.370880
v 312.646790 -51.456261 25.806992
v 312.909485 -43.733078 25.702919
v 311.987610 -43.733078 25.678078
v 311.797974 -51.456261 25.757301
v 312.606812 -36.099091 25.071449
v 312.747009 -36.099091 25.131416
v 312.747009 -36.099091 24.717621
v 312.606812 -36.099091 24.718552
v 312.315491 -35.731155 12.557457
v 313.172119 -35.731155 12.557457
v 313.172119 -36.009880 12.468170
v 312.177246 -36.009880 12.468170
v 312.163269 -35.731155 25.294899
v 312.163269 -35.731155 24.782539
v 312.025269 -36.009880 24.783455
v 312.025269 -36.009880 25.382355
v 315.716614 -35.731155 12.685211
v 315.716614 -35.731155 13.267059
v 315.854614 -36.009880 13.267059
v 315.854614 -36.009880 12.597755
v 315.564331 -35.731155 25.422653
v 314.707397 -35.731155 25.422653
v 314.707397 -36.009880 25.511940
v 315.702576 -36.009880 25.511940
v 315.754639 -43.733078 12.345490
v 314.970032 -43.733078 12.345490
v 313.974304 -36.118965 12.468170
v 315.702576 -36.009880 12.468170
v 312.163269 -35.731155 13.267059
v 312.464233 -35.608131 13.267059
v 312.464233 -35.608131 12.862999
v 312.163269 -35.731155 12.685211
v 313.172119 -35.731148 25.422653
v 313.172119 -35.608131 25.227928
v 312.616394 -35.608131 25.227928
v 312.315491 -35.731155 25.422653
v 315.716614 -35.772148 24.752533
v 315.415649 -35.649124 24.754532
v 315.415649 -35.608131 25.117111
v 315.716614 -35.731155 25.294899
v 313.974304 -35.840233 12.557457
v 313.974304 -35.717209 12.752182
v 315.263489 -35.608131 12.752182
v 315.564331 -35.731155 12.557457
v 312.606812 -36.099091 13.326363
v 312.606812 -36.099091 12.911186
v 313.260132 -36.099091 25.131416
v 315.256042 -36.140083 24.694550
v 315.256042 -36.099091 25.071449
v 313.925964 -36.208176 12.851219
v 315.115845 -36.099091 12.851219
v 311.835632 -43.733078 25.539246
v 311.646057 -51.456261 25.609230
v 312.025269 -36.009880 12.597755
v 315.781433 -51.456261 12.168625
v 315.854614 -36.009880 25.382355
v 312.177246 -36.009880 25.511940
v 311.987610 -43.733078 12.345490
v 315.892273 -43.733070 25.678078
v 316.044250 -43.733070 25.539246
v 312.616394 -35.608131 12.752182
v 312.464233 -35.608131 25.117111
v 315.263489 -35.608131 25.227928
v 315.415649 -35.608131 12.862999
v 312.747009 -36.099091 12.851219
v 315.115845 -36.099091 25.131416
v 315.256042 -36.099091 12.911186
v 316.081909 -51.456261 25.757301
v 314.970032 -43.733078 25.678078
v 315.232727 -51.456261 25.757301
v 315.116516 -36.140083 24.695473
v 314.602417 -36.140083 24.698883
v 314.602417 -36.099091 25.131416
v 313.172119 -36.009880 25.511940
v 312.646790 -51.456268 12.177811
v 312.909485 -43.733078 12.345490
v 315.232727 -51.456261 12.222809
v 314.707397 -35.608131 25.227928
v 313.172119 -35.608131 12.752182
v 313.260132 -36.099091 12.851219
v 313.260132 -36.099091 24.714211
v 311.797974 -51.456268 12.222809
v 311.646057 -51.456261 25.099586
v 311.835632 -43.733078 24.941521
v 315.854614 -36.050873 24.751617
v 315.998840 -43.733070 24.520088
v 312.747009 -36.099091 13.326363
v 312.025269 -36.009880 13.267059
v 312.464233 -35.608131 24.780540
v 315.415649 -35.608131 13.267059
v 315.256042 -36.099091 13.326363
v 313.925964 -36.208176 13.326363
v 315.116028 -36.110573 13.326363
v 313.260132 -36.099091 13.326363
v 316.233826 -51.456261 25.520790
v 316.143005 -51.456261 24.288567
v 311.522095 -51.456261 62.101120
v 311.930176 -43.733078 62.080025
v 311.835632 -43.733070 61.627678
v 311.646057 -51.456261 61.547546
v 316.044250 -43.733070 61.678802
v 316.134888 -43.733070 62.072403
v 316.233826 -51.456261 61.964195
v 316.233826 -51.456261 61.547546
v 312.646790 -51.456261 71.038940
v 312.909485 -43.733070 70.965424
v 311.987610 -43.733070 70.947868
v 311.797974 -51.456261 71.003838
v 312.606812 -36.099091 70.519341
v 312.747009 -36.099091 70.561707
v 312.747009 -36.099091 70.269394
v 312.606812 -36.099091 70.270050
v 312.315491 -35.731148 61.679344
v 313.172119 -35.731148 61.679344
v 313.172119 -36.009880 61.616272
v 312.177246 -36.009880 61.616272
v 312.163269 -35.731148 70.677193
v 312.163269 -35.731148 70.315254
v 312.025269 -36.009880 70.315903
v 312.025269 -36.009880 70.738968
v 315.716614 -35.731148 61.769592
v 315.716614 -35.731148 62.180611
v 315.854614 -36.009880 62.180611
v 315.854614 -36.009880 61.707817
v 315.564331 -35.731148 70.767441
v 314.707397 -35.731148 70.767441
v 314.707397 -36.009880 70.830513
v 315.702576 -36.009880 70.830513
v 315.754639 -43.733070 61.529610
v 314.970032 -43.733070 61.529610
v 313.974304 -36.118958 61.616272
v 315.702576 -36.009880 61.616272
v 312.163269 -35.731148 62.180611
v 312.464233 -35.608131 62.180611
v 312.464233 -35.608131 61.895180
v 312.163269 -35.731148 61.769592
v 313.172119 -35.731148 70.767441
v 313.172119 -35.608124 70.629883
v 312.616394 -35.608124 70.629883
v 312.315491 -35.731148 70.767441
v 315.716614 -35.772141 70.294060
v 315.415649 -35.649124 70.295471
v 315.415649 -35.608124 70.551598
v 315.716614 -35.731148 70.677193
v 313.974304 -35.840225 61.679344
v 313.974304 -35.717209 61.816902
v 315.263489 -35.608131 61.816902
v 315.564331 -35.731148 61.679344
v 312.606812 -36.099091 62.222511
v 312.606812 -36.099091 61.929222
v 313.260132 -36.099091 70.561707
v 315.256042 -36.140083 70.253098
v 315.256042 -36.099091 70.519341
v 313.925964 -36.208168 61.886864
v 315.115845 -36.099091 61.886864
v 311.835632 -43.733070 70.849800
v 311.646057 -51.456261 70.899239
v 312.025269 -36.009880 61.707817
v 315.781433 -51.456261 61.404671
v 315.854614 -36.009880 70.738968
v 312.177246 -36.009880 70.830513
v 311.987610 -43.733078 61.529610
v 315.892273 -43.733070 70.947868
v 316.044250 -43.733070 70.849800
v 312.616394 -35.608131 61.816902
v 312.464233 -35.608124 70.551598
v 315.263489 -35.608124 70.629883
v 315.415649 -35.608131 61.895180
v 312.747009 -36.099091 61.886864
v 315.115845 -36.099091 70.561707
v 315.256042 -36.099091 61.929222
v 316.081909 -51.456261 71.003838
v 314.970032 -43.733070 70.947868
v 315.232727 -51.456261 71.003838
v 315.116516 -36.140083 70.253754
v 314.602417 -36.140083 70.256165
v 314.602417 -36.099091 70.561707
v 313.172119 -36.009880 70.830513
v 312.646790 -51.456261 61.411156
v 312.909485 -43.733078 61.529610
v 315.232727 -51.456261 61.442947
v 314.707397 -35.608124 70.629883
v 313.172119 -35.608131 61.816902
v 313.260132 -36.099091 61.886864
v 313.260132 -36.099091 70.266991
v 311.797974 -51.456261 61.442947
v 311.646057 -51.456261 70.539223
v 311.835632 -43.733070 70.427559
v 315.854614 -36.050873 70.293411
v 315.998840 -43.733070 70.129860
v 312.747009 -36.099091 62.222511
v 312.025269 -36.009880 62.180611
v 312.464233 -35.608124 70.313843
v 315.415649 -35.608131 62.180611
v 315.256042 -36.099091 62.222511
v 313.925964 -36.208168 62.222511
v 315.116028 -36.110573 62.222511
v 313.260132 -36.099091 62.222511
v 316.233826 -51.456261 70.836761
v 316.143005 -51.456261 69.966309
v 311.522095 -51.456360 47.004288
v 311.930176 -43.733177 46.983505
v 311.835632 -43.733170 46.538048
v 311.646057 -51.456360 46.459129
v 316.044250 -43.733170 46.588394
v 316.134888 -43.733170 46.976006
v 316.233826 -51.456360 46.869446
v 316.233826 -51.456360 46.459129
v 312.646790 -51.456360 55.806190
v 312.909485 -43.733170 55.733788
v 311.987610 -43.733170 55.716507
v 311.797974 -51.456360 55.771622
v 312.606812 -36.099190 55.294495
v 312.747009 -36.099190 55.336212
v 312.747009 -36.099190 55.048347
v 312.606812 -36.099190 55.048996
v 312.315491 -35.731247 46.588928
v 313.172119 -35.731247 46.588928
v 313.172119 -36.009979 46.526810
v 312.177246 -36.009979 46.526810
v 312.163269 -35.731247 55.449944
v 312.163269 -35.731247 55.093513
v 312.025269 -36.009979 55.094147
v 312.025269 -36.009979 55.510780
v 315.716614 -35.731247 46.677795
v 315.716614 -35.731247 47.082573
v 315.854614 -36.009979 47.082573
v 315.854614 -36.009979 46.616966
v 315.564331 -35.731247 55.538818
v 314.707397 -35.731247 55.538818
v 314.707397 -36.009979 55.600937
v 315.702576 -36.009979 55.600937
v 315.754639 -43.733170 46.441467
v 314.970032 -43.733170 46.441467
v 313.974304 -36.119057 46.526810
v 315.702576 -36.009979 46.526810
v 312.163269 -35.731247 47.082573
v 312.464233 -35.608231 47.082573
v 312.464233 -35.608231 46.801483
v 312.163269 -35.731247 46.677795
v 313.172119 -35.731247 55.538818
v 313.172119 -35.608223 55.403351
v 312.616394 -35.608223 55.403351
v 312.315491 -35.731247 55.538818
v 315.716614 -35.772240 55.072639
v 315.415649 -35.649223 55.074028
v 315.415649 -35.608223 55.326263
v 315.716614 -35.731247 55.449944
v 313.974304 -35.840324 46.588928
v 313.974304 -35.717308 46.724388
v 315.263489 -35.608231 46.724388
v 315.564331 -35.731247 46.588928
v 312.606812 -36.099190 47.123825
v 312.606812 -36.099190 46.835007
v 313.260132 -36.099190 55.336212
v 315.256042 -36.140182 55.032295
v 315.256042 -36.099190 55.294495
v 313.925964 -36.208267 46.793289
v 315.115845 -36.099190 46.793289
v 311.835632 -43.733170 55.619926
v 311.646057 -51.456360 55.668617
v 312.025269 -36.009979 46.616966
v 315.781433 -51.456360 46.318428
v 315.854614 -36.009979 55.510780
v 312.177246 -36.009979 55.600937
v 311.987610 -43.733177 46.441467
v 315.892273 -43.733170 55.716507
v 316.044250 -43.733170 55.619926
v 312.616394 -35.608231 46.724388
v 312.464233 -35.608223 55.326263
v 315.263489 -35.608223 55.403351
v 315.415649 -35.608231 46.801483
v 312.747009 -36.099190 46.793289
v 315.115845 -36.099190 55.336212
v 315.256042 -36.099190 46.835007
v 316.081909 -51.456360 55.771622
v 314.970032 -43.733170 55.716507
v 315.232727 -51.456360 55.771622
v 315.116516 -36.140182 55.032944
v 314.602417 -36.140182 55.035316
v 314.602417 -36.099190 55.336212
v 313.172119 -36.009979 55.600937
v 312.646790 -51.456360 46.324814
v 312.909485 -43.733177 46.441467
v 315.232727 -51.456360 46.356125
v 314.707397 -35.608223 55.403351
v 313.172119 -35.608231 46.724388
v 313.260132 -36.099190 46.793289
v 313.260132 -36.099190 55.045975
v 311.797974 -51.456360 46.356125
v 311.646057 -51.456360 55.314072
v 311.835632 -43.733170 55.204109
v 315.854614 -36.050972 55.071999
v 315.998840 -43.733170 54.910934
v 312.747009 -36.099190 47.123825
v 312.025269 -36.009979 47.082573
v 312.464233 -35.608223 55.092117
v 315.415649 -35.608231 47.082573
v 315.256042 -36.099190 47.123825
v 313.925964 -36.208267 47.123825
v 315.116028 -36.110672 47.123825
v 313.260132 -36.099190 47.123825
v 316.233826 -51.456360 55.607086
v 316.143005 -51.456360 54.749870
v 311.522095 -51.456261 31.885178
v 311.930176 -43.733078 31.864403
v 311.835632 -43.733070 31.418945
v 311.646057 -51.456261 31.340027
v 316.044250 -43.733070 31.469292
v 316.134888 -43.733070 31.856903
v 316.233826 -51.456261 31.750343
v 316.233826 -51.456261 31.340027
v 312.646790 -51.456261 40.687088
v 312.909485 -43.733070 40.614685
v 311.987610 -43.733070 40.597404
v 311.797974 -51.456261 40.652519
v 312.606812 -36.099091 40.175392
v 312.747009 -36.099091 40.217110
v 312.747009 -36.099091 39.929245
v 312.606812 -36.099091 39.929893
v 312.315491 -35.731148 31.469826
v 313.172119 -35.731148 31.469826
v 313.172119 -36.009880 31.407707
v 312.177246 -36.009880 31.407707
v 312.163269 -35.731148 40.330841
v 312.163269 -35.731148 39.974411
v 312.025269 -36.009880 39.975044
v 312.025269 -36.009880 40.391678
v 315.716614 -35.731148 31.558693
v 315.716614 -35.731148 31.963470
v 315.854614 -36.009880 31.963470
v 315.854614 -36.009880 31.497856
v 315.564331 -35.731148 40.419716
v 314.707397 -35.731148 40.419716
v 314.707397 -36.009880 40.481834
v 315.702576 -36.009880 40.481834
v 315.754639 -43.733070 31.322365
v 314.970032 -43.733070 31.322365
v 313.974304 -36.118958 31.407707
v 315.702576 -36.009880 31.407707
v 312.163269 -35.731148 31.963470
v 312.464233 -35.608131 31.963470
v 312.464233 -35.608131 31.682381
v 312.163269 -35.731148 31.558693
v 313.172119 -35.731148 40.419716
v 313.172119 -35.608124 40.284248
v 312.616394 -35.608124 40.284248
v 312.315491 -35.731148 40.419716
v 315.716614 -35.772141 39.953537
v 315.415649 -35.649124 39.954926
v 315.415649 -35.608124 40.207161
v 315.716614 -35.731148 40.330841
v 313.974304 -35.840225 31.469826
v 313.974304 -35.717209 31.605286
v 315.263489 -35.608131 31.605286
v 315.564331 -35.731148 31.469826
v 312.606812 -36.099091 32.004723
v 312.606812 -36.099091 31.715904
v 313.260132 -36.099091 40.217110
v 315.256042 -36.140083 39.913193
v 315.256042 -36.099091 40.175392
v 313.925964 -36.208168 31.674179
v 315.115845 -36.099091 31.674179
v 311.835632 -43.733070 40.500824
v 311.646057 -51.456261 40.549515
v 312.025269 -36.009880 31.497856
v 315.781433 -51.456261 31.199326
v 315.854614 -36.009880 40.391678
v 312.177246 -36.009880 40.481834
v 311.987610 -43.733078 31.322365
v 315.892273 -43.733070 40.597404
v 316.044250 -43.733070 40.500824
v 312.616394 -35.608131 31.605286
v 312.464233 -35.608124 40.207161
v 315.263489 -35.608124 40.284248
v 315.415649 -35.608131 31.682381
v 312.747009 -36.099091 31.674179
v 315.115845 -36.099091 40.217110
v 315.256042 -36.099091 31.715904
v 316.081909 -51.456261 40.652519
v 314.970032 -43.733070 40.597404
v 315.232727 -51.456261 40.652519
v 315.116516 -36.140083 39.913841
v 314.602417 -36.140083 39.916214
v 314.602417 -36.099091 40.217110
v 313.172119 -36.009880 40.481834
v 312.646790 -51.456261 31.205711
v 312.909485 -43.733078 31.322365
v 315.232727 -51.456261 31.237022
v 314.707397 -35.608124 40.284248
v 313.172119 -35.608131 31.605286
v 313.260132 -36.099091 31.674179
v 313.260132 -36.099091 39.926872
v 311.797974 -51.456261 31.237022
v 311.646057 -51.456261 40.194969
v 311.835632 -43.733070 40.085007
v 315.854614 -36.050873 39.952896
v 315.998840 -43.733070 39.791832
v 312.747009 -36.099091 32.004723
v 312.025269 -36.009880 31.963470
v 312.464233 -35.608124 39.973015
v 315.415649 -35.608131 31.963470
v 315.256042 -36.099091 32.004723
v 313.925964 -36.208168 32.004723
v 315.116028 -36.110573 32.004723
v 313.260132 -36.099091 32.004723
v 316.233826 -51.456261 40.487984
v 316.143005 -51.456261 39.630768
v 311.522095 -51.456177 77.162376
v 311.930176 -43.869812 77.141602
v 311.835632 -43.869812 76.696136
v 311.646057 -51.456177 76.617218
v 316.044250 -43.869812 76.746483
v 316.134888 -43.869812 77.134102
v 316.233826 -51.456177 77.027534
v 316.233826 -51.456177 76.617218
v 312.646790 -51.456169 85.964279
v 312.909485 -43.869812 85.891884
v 311.987610 -43.869812 85.874596
v 311.797974 -51.456169 85.929718
v 312.606812 -36.371071 85.452583
v 312.747009 -36.371071 85.494301
v 312.747009 -36.371071 85.206436
v 312.606812 -36.371071 85.207085
v 312.315491 -36.009651 76.747017
v 313.172119 -36.009651 76.747017
v 313.172119 -36.283447 76.684898
v 312.177246 -36.283447 76.684898
v 312.163269 -36.009651 85.608040
v 312.163269 -36.009651 85.251602
v 312.025269 -36.283440 85.252243
v 312.025269 -36.283440 85.668869
v 315.716614 -36.009651 76.835892
v 315.716614 -36.009651 77.240662
v 315.854614 -36.283447 77.240662
v 315.854614 -36.283447 76.775055
v 315.564331 -36.009651 85.696907
v 314.707397 -36.009651 85.696907
v 314.707397 -36.283440 85.759026
v 315.702576 -36.283440 85.759026
v 315.754639 -43.869812 76.599556
v 314.970032 -43.869812 76.599556
v 313.974304 -36.390587 76.684898
v 315.702576 -36.283447 76.684898
v 312.163269 -36.009651 77.240662
v 312.464233 -35.888809 77.240662
v 312.464233 -35.888809 76.959572
v 312.163269 -36.009651 76.835892
v 313.172119 -36.009651 85.696907
v 313.172119 -35.888809 85.561447
v 312.616394 -35.888809 85.561447
v 312.315491 -36.009651 85.696907
v 315.716614 -36.049919 85.230728
v 315.415649 -35.929077 85.232117
v 315.415649 -35.888809 85.484352
v 315.716614 -36.009651 85.608040
v 313.974304 -36.116798 76.747017
v 313.974304 -35.995956 76.882484
v 315.263489 -35.888809 76.882484
v 315.564331 -36.009651 76.747017
v 312.606812 -36.371071 77.281921
v 312.606812 -36.371071 76.993095
v 313.260132 -36.371071 85.494301
v 315.256042 -36.411339 85.190392
v 315.256042 -36.371071 85.452583
v 313.925964 -36.478218 76.951378
v 315.115845 -36.371071 76.951378
v 311.835632 -43.869812 85.778015
v 311.646057 -51.456169 85.826706
v 312.025269 -36.283447 76.775055
v 315.781433 -51.456169 76.476517
v 315.854614 -36.283440 85.668869
v 312.177246 -36.283440 85.759026
v 311.987610 -43.869812 76.599556
v 315.892273 -43.869812 85.874596
v 316.044250 -43.869812 85.778015
v 312.616394 -35.888809 76.882484
v 312.464233 -35.888809 85.484352
v 315.263489 -35.888809 85.561447
v 315.415649 -35.888809 76.959572
v 312.747009 -36.371071 76.951378
v 315.115845 -36.371071 85.494301
v 315.256042 -36.371071 76.993095
v 316.081909 -51.456169 85.929718
v 314.970032 -43.869812 85.874596
v 315.232727 -51.456169 85.929718
v 315.116516 -36.411339 85.191032
v 314.602417 -36.411339 85.193405
v 314.602417 -36.371071 85.494301
v 313.172119 -36.283440 85.759026
v 312.646790 -51.456177 76.482910
v 312.909485 -43.869812 76.599556
v 315.232727 -51.456169 76.514214
v 314.707397 -35.888809 85.561447
v 313.172119 -35.888809 76.882484
v 313.260132 -36.371071 76.951378
v 313.260132 -36.371071 85.204071
v 311.797974 -51.456177 76.514214
v 311.646057 -51.456169 85.472160
v 311.835632 -43.869812 85.362198
v 315.854614 -36.323708 85.230087
v 315.998840 -43.869812 85.069023
v 312.747009 -36.371071 77.281921
v 312.025269 -36.283447 77.240662
v 312.464233 -35.888809 85.250214
v 315.415649 -35.888809 77.240662
v 315.256042 -36.371071 77.281921
v 313.925964 -36.478218 77.281921
v 315.116028 -36.382355 77.281921
v 313.260132 -36.371071 77.281921
v 316.233826 -51.456169 85.765182
v 316.143005 -51.456169 84.907959
v 311.522095 -51.456261 92.141281
v 311.930176 -43.733070 92.120506
v 311.835632 -43.733070 91.675041
v 311.646057 -51.456261 91.596130
v 316.044250 -43.733070 91.725388
v 316.134888 -43.733070 92.113007
v 316.233826 -51.456261 92.006439
v 316.233826 -51.456261 91.596130
v 312.646790 -51.456253 100.943184
v 312.909485 -43.733070 100.870789
v 311.987610 -43.733070 100.853500
v 311.797974 -51.456253 100.908623
v 312.606812 -36.099083 100.431488
v 312.747009 -36.099083 100.473206
v 312.747009 -36.099083 100.185341
v 312.606812 -36.099083 100.185989
v 312.315491 -35.731148 91.725922
v 313.172119 -35.731148 91.725922
v 313.172119 -36.009872 91.663803
v 312.177246 -36.009872 91.663803
v 312.163269 -35.731148 100.586945
v 312.163269 -35.731148 100.230507
v 312.025269 -36.009872 100.231148
v 312.025269 -36.009872 100.647781
v 315.716614 -35.731148 91.814796
v 315.716614 -35.731148 92.219566
v 315.854614 -36.009872 92.219566
v 315.854614 -36.009872 91.753960
v 315.564331 -35.731148 100.675812
v 314.707397 -35.731148 100.675812
v 314.707397 -36.009872 100.737930
v 315.702576 -36.009872 100.737930
v 315.754639 -43.733070 91.578461
v 314.970032 -43.733070 91.578461
v 313.974304 -36.118958 91.663803
v 315.702576 -36.009872 91.663803
v 312.163269 -35.731148 92.219566
v 312.464233 -35.608124 92.219566
v 312.464233 -35.608124 91.938477
v 312.163269 -35.731148 91.814796
v 313.172119 -35.731140 100.675812
v 313.172119 -35.608124 100.540352
v 312.616394 -35.608124 100.540352
v 312.315491 -35.731148 100.675812
v 315.716614 -35.772141 100.209633
v 315.415649 -35.649117 100.211021
v 315.415649 -35.608124 100.463257
v 315.716614 -35.731148 100.586945
v 313.974304 -35.840225 91.725922
v 313.974304 -35.717201 91.861389
v 315.263489 -35.608124 91.861389
v 315.564331 -35.731148 91.725922
v 312.606812 -36.099083 92.260826
v 312.606812 -36.099083 91.972000
v 313.260132 -36.099083 100.473206
v 315.256042 -36.140076 100.169296
v 315.256042 -36.099083 100.431488
v 313.925964 -36.208168 91.930283
v 315.115845 -36.099083 91.930283
v 311.835632 -43.733070 100.756927
v 311.646057 -51.456253 100.805611
v 312.025269 -36.009872 91.753960
v 315.781433 -51.456253 91.455421
v 315.854614 -36.009872 100.647781
v 312.177246 -36.009872 100.737930
v 311.987610 -43.733070 91.578461
v 315.892273 -43.733070 100.853500
v 316.044250 -43.733070 100.756927
v 312.616394 -35.608124 91.861389
v 312.464233 -35.608124 100.463257
v 315.263489 -35.608124 100.540352
v 315.415649 -35.608124 91.938477
v 312.747009 -36.099083 91.930283
v 315.115845 -36.099083 100.473206
v 315.256042 -36.099083 91.972000
v 316.081909 -51.456253 100.908623
v 314.970032 -43.733070 100.853500
v 315.232727 -51.456253 100.908623
v 315.116516 -36.140076 100.169937
v 314.602417 -36.140076 100.172310
v 314.602417 -36.099083 100.473206
v 313.172119 -36.009872 100.737930
v 312.646790 -51.456261 91.461815
v 312.909485 -43.733070 91.578461
v 315.232727 -51.456253 91.493118
v 314.707397 -35.608124 100.540352
v 313.172119 -35.608124 91.861389
v 313.260132 -36.099083 91.930283
v 313.260132 -36.099083 100.182976
v 311.797974 -51.456261 91.493118
v 311.646057 -51.456253 100.451065
v 311.835632 -43.733070 100.341103
v 315.854614 -36.050865 100.208992
v 315.998840 -43.733070 100.047928
v 312.747009 -36.099083 92.260826
v 312.025269 -36.009872 92.219566
v 312.464233 -35.608124 100.229118
v 315.415649 -35.608124 92.219566
v 315.256042 -36.099083 92.260826
v 313.925964 -36.208168 92.260826
v 315.116028 -36.110565 92.260826
v 313.260132 -36.099083 92.260826
v 316.233826 -51.456253 100.744087
v 316.143005 -51.456253 99.886864
v 316.233826 -51.456253 115.466019
v 315.825806 -43.733070 115.486794
v 315.920288 -43.733070 115.932259
v 316.109924 -51.456253 116.011177
v 311.711731 -43.733070 115.881912
v 311.621094 -43.733070 115.494293
v 311.522095 -51.456253 115.600861
v 311.522095 -51.456253 116.011177
v 315.109131 -51.456261 106.664116
v 314.846497 -43.733070 106.736511
v 315.768311 -43.733070 106.753799
v 315.957947 -51.456261 106.698685
v 315.149109 -36.099083 107.175812
v 315.008911 -36.099083 107.134094
v 315.008911 -36.099083 107.421951
v 315.149109 -36.099083 107.421310
v 315.440430 -35.731148 115.881378
v 314.583801 -35.731148 115.881378
v 314.583801 -36.009872 115.943489
v 315.578674 -36.009872 115.943489
v 315.592712 -35.731148 107.020355
v 315.592712 -35.731148 107.376793
v 315.730713 -36.009872 107.376152
v 315.730713 -36.009872 106.959518
v 312.039307 -35.731148 115.792503
v 312.039307 -35.731148 115.387733
v 311.901306 -36.009872 115.387733
v 311.901306 -36.009872 115.853340
v 312.191589 -35.731148 106.931488
v 313.048584 -35.731148 106.931488
v 313.048584 -36.009872 106.869370
v 312.053345 -36.009872 106.869370
v 312.001282 -43.733070 116.028839
v 312.785889 -43.733070 116.028839
v 313.781616 -36.118950 115.943489
v 312.053345 -36.009872 115.943489
v 315.592712 -35.731148 115.387733
v 315.291748 -35.608124 115.387733
v 315.291748 -35.608124 115.668823
v 315.592712 -35.731148 115.792503
v 314.583801 -35.731140 106.931488
v 314.583801 -35.608124 107.066948
v 315.139587 -35.608124 107.066948
v 315.440430 -35.731148 106.931488
v 312.039307 -35.772141 107.397667
v 312.340271 -35.649117 107.396278
v 312.340271 -35.608124 107.144043
v 312.039307 -35.731148 107.020355
v 313.781616 -35.840225 115.881378
v 313.781616 -35.717201 115.745911
v 312.492432 -35.608124 115.745911
v 312.191589 -35.731148 115.881378
v 315.149109 -36.099083 115.346474
v 315.149109 -36.099083 115.635300
v 314.495789 -36.099083 107.134094
v 312.499878 -36.140076 107.438004
v 312.499878 -36.099083 107.175812
v 313.830017 -36.208160 115.677017
v 312.640076 -36.099083 115.677017
v 315.920288 -43.733070 106.850372
v 316.109924 -51.456261 106.801689
v 315.730713 -36.009872 115.853340
v 311.974548 -51.456253 116.151878
v 311.901306 -36.009872 106.959518
v 315.578674 -36.009872 106.869370
v 315.768311 -43.733070 116.028839
v 311.863708 -43.733070 106.753799
v 311.711731 -43.733070 106.850372
v 315.139587 -35.608124 115.745911
v 315.291748 -35.608124 107.144043
v 312.492493 -35.608124 107.066948
v 312.340271 -35.608124 115.668823
v 315.008911 -36.099083 115.677017
v 312.640076 -36.099083 107.134094
v 312.499878 -36.099083 115.635300
v 311.674072 -51.456253 106.698685
v 312.785889 -43.733070 106.753799
v 312.523254 -51.456253 106.698685
v 312.639404 -36.140076 107.437363
v 313.153503 -36.140076 107.434982
v 313.153503 -36.099083 107.134094
v 314.583801 -36.009872 106.869370
v 315.109131 -51.456253 116.145485
v 314.846497 -43.733070 116.028839
v 312.523254 -51.456253 116.114182
v 313.048584 -35.608124 107.066948
v 314.583801 -35.608124 115.745911
v 314.495789 -36.099083 115.677017
v 314.495789 -36.099083 107.424324
v 315.957947 -51.456253 116.114182
v 316.109924 -51.456261 107.156235
v 315.920288 -43.733070 107.266197
v 311.901306 -36.050865 107.398308
v 311.757141 -43.733070 107.559372
v 315.008911 -36.099083 115.346474
v 315.730713 -36.009872 115.387733
v 315.291748 -35.608124 107.378181
v 312.340271 -35.608124 115.387733
v 312.499878 -36.099083 115.346474
v 313.830017 -36.208160 115.346474
v 312.639893 -36.110565 115.346474
v 314.495789 -36.099083 115.346474
v 311.522095 -51.456261 106.863220
v 311.612915 -51.456261 107.720436
v 311.522095 -51.456253 122.466980
v 311.930176 -43.733070 122.446205
v 311.835632 -43.733063 122.000740
v 311.646057 -51.456253 121.921829
v 316.044250 -43.733063 122.051086
v 316.134888 -43.733063 122.438705
v 316.233826 -51.456253 122.332138
v 316.233826 -51.456253 121.921829
v 312.646790 -51.456253 131.268890
v 312.909485 -43.733063 131.196487
v 311.987610 -43.733063 131.179199
v 311.797974 -51.456253 131.234314
v 312.606812 -36.099083 130.757187
v 312.747009 -36.099083 130.798904
v 312.747009 -36.099083 130.511047
v 312.606812 -36.099083 130.511688
v 312.315491 -35.731140 122.051620
v 313.172119 -35.731140 122.051620
v 313.172119 -36.009872 121.989502
v 312.177246 -36.009872 121.989502
v 312.163269 -35.731140 130.912643
v 312.163269 -35.731140 130.556213
v 312.025269 -36.009872 130.556839
v 312.025269 -36.009872 130.973480
v 315.716614 -35.731140 122.140495
v 315.716614 -35.731140 122.545265
v 315.854614 -36.009872 122.545265
v 315.854614 -36.009872 122.079659
v 315.564331 -35.731140 131.001511
v 314.707397 -35.731140 131.001511
v 314.707397 -36.009872 131.063629
v 315.702576 -36.009872 131.063629
v 315.754639 -43.733063 121.904160
v 314.970032 -43.733063 121.904160
v 313.974304 -36.118950 121.989502
v 315.702576 -36.009872 121.989502
v 312.163269 -35.731140 122.545265
v 312.464233 -35.608124 122.545265
v 312.464233 -35.608124 122.264175
v 312.163269 -35.731140 122.140495
v 313.172119 -35.731140 131.001511
v 313.172119 -35.608116 130.866043
v 312.616394 -35.608116 130.866043
v 312.315491 -35.731140 131.001511
v 315.716614 -35.772133 130.535324
v 315.415649 -35.649117 130.536713
v 315.415649 -35.608116 130.788956
v 315.716614 -35.731140 130.912643
v 313.974304 -35.840218 122.051620
v 313.974304 -35.717201 122.187088
v 315.263489 -35.608124 122.187088
v 315.564331 -35.731140 122.051620
v 312.606812 -36.099083 122.586525
v 312.606812 -36.099083 122.297699
v 313.260132 -36.099083 130.798904
v 315.256042 -36.140076 130.494995
v 315.256042 -36.099083 130.757187
v 313.925964 -36.208160 122.255981
v 315.115845 -36.099083 122.255981
v 311.835632 -43.733063 131.082626
v 311.646057 -51.456253 131.131317
v 312.025269 -36.009872 122.079659
v 315.781433 -51.456253 121.781120
v 315.854614 -36.009872 130.973480
v 312.177246 -36.009872 131.063629
v 311.987610 -43.733070 121.904160
v 315.892273 -43.733063 131.179199
v 316.044250 -43.733063 131.082626
v 312.616394 -35.608124 122.187088
v 312.464233 -35.608116 130.788956
v 315.263489 -35.608116 130.866043
v 315.415649 -35.608124 122.264175
v 312.747009 -36.099083 122.255981
v 315.115845 -36.099083 130.798904
v 315.256042 -36.099083 122.297699
v 316.081909 -51.456253 131.234314
v 314.970032 -43.733063 131.179199
v 315.232727 -51.456253 131.234314
v 315.116516 -36.140076 130.495636
v 314.602417 -36.140076 130.498016
v 314.602417 -36.099083 130.798904
v 313.172119 -36.009872 131.063629
v 312.646790 -51.456253 121.787514
v 312.909485 -43.733070 121.904160
v 315.232727 -51.456253 121.818817
v 314.707397 -35.608116 130.866043
v 313.172119 -35.608124 122.187088
v 313.260132 -36.099083 122.255981
v 313.260132 -36.099083 130.508667
v 311.797974 -51.456253 121.818817
v 311.646057 -51.456253 130.776764
v 311.835632 -43.733063 130.666809
v 315.854614 -36.050865 130.534698
v 315.998840 -43.733063 130.373627
v 312.747009 -36.099083 122.586525
v 312.025269 -36.009872 122.545265
v 312.464233 -35.608116 130.554810
v 315.415649 -35.608124 122.545265
v 315.256042 -36.099083 122.586525
v 313.925964 -36.208160 122.586525
v 315.116028 -36.110565 122.586525
v 313.260132 -36.099083 122.586525
v 316.233826 -51.456253 131.069778
v 316.143005 -51.456253 130.212570
v 316.233826 -51.456253 145.728027
v 315.825806 -43.733063 145.748795
v 315.920288 -43.733063 146.194260
v 316.109924 -51.456253 146.273178
v 311.711731 -43.733063 146.143906
v 311.621094 -43.733063 145.756302
v 311.522095 -51.456253 145.862854
v 311.522095 -51.456253 146.273178
v 315.109131 -51.456253 136.926117
v 314.846497 -43.733063 136.998520
v 315.768311 -43.733070 137.015793
v 315.957947 -51.456253 136.960678
v 315.149109 -36.099083 137.437805
v 315.008911 -36.099083 137.396088
v 315.008911 -36.099083 137.683960
v 315.149109 -36.099083 137.683304
v 315.440430 -35.731140 146.143372
v 314.583801 -35.731140 146.143372
v 314.583801 -36.009872 146.205490
v 315.578674 -36.009872 146.205490
v 315.592712 -35.731140 137.282364
v 315.592712 -35.731140 137.638794
v 315.730713 -36.009872 137.638153
v 315.730713 -36.009872 137.221527
v 312.039307 -35.731140 146.054504
v 312.039307 -35.731140 145.649734
v 311.901306 -36.009872 145.649734
v 311.901306 -36.009872 146.115341
v 312.191589 -35.731140 137.193481
v 313.048584 -35.731140 137.193481
v 313.048584 -36.009872 137.131378
v 312.053345 -36.009872 137.131378
v 312.001282 -43.733063 146.290833
v 312.785889 -43.733063 146.290833
v 313.781616 -36.118950 146.205490
v 312.053345 -36.009872 146.205490
v 315.592712 -35.731140 145.649734
v 315.291748 -35.608116 145.649734
v 315.291748 -35.608116 145.930817
v 315.592712 -35.731140 146.054504
v 314.583801 -35.731140 137.193481
v 314.583801 -35.608124 137.328949
v 315.139587 -35.608124 137.328949
v 315.440430 -35.731140 137.193481
v 312.039307 -35.772133 137.659668
v 312.340271 -35.649117 137.658279
v 312.340271 -35.608124 137.406036
v 312.039307 -35.731140 137.282364
v 313.781616 -35.840218 146.143372
v 313.781616 -35.717201 146.007919
v 312.492432 -35.608116 146.007919
v 312.191589 -35.731140 146.143372
v 315.149109 -36.099083 145.608475
v 315.149109 -36.099083 145.897293
v 314.495789 -36.099083 137.396088
v 312.499878 -36.140076 137.700012
v 312.499878 -36.099083 137.437805
v 313.830017 -36.208160 145.939026
v 312.640076 -36.099083 145.939026
v 315.920288 -43.733070 137.112381
v 316.109924 -51.456253 137.063690
v 315.730713 -36.009872 146.115341
v 311.974548 -51.456253 146.413879
v 311.901306 -36.009872 137.221527
v 315.578674 -36.009872 137.131378
v 315.768311 -43.733063 146.290833
v 311.863708 -43.733063 137.015793
v 311.711731 -43.733063 137.112381
v 315.139587 -35.608116 146.007919
v 315.291748 -35.608124 137.406036
v 312.492493 -35.608124 137.328949
v 312.340271 -35.608116 145.930817
v 315.008911 -36.099083 145.939026
v 312.640076 -36.099083 137.396088
v 312.499878 -36.099083 145.897293
v 311.674072 -51.456253 136.960678
v 312.785889 -43.733063 137.015793
v 312.523254 -51.456253 136.960678
v 312.639404 -36.140076 137.699356
v 313.153503 -36.140076 137.696991
v 313.153503 -36.099083 137.396088
v 314.583801 -36.009872 137.131378
v 315.109131 -51.456253 146.407486
v 314.846497 -43.733063 146.290833
v 312.523254 -51.456253 146.376190
v 313.048584 -35.608124 137.328949
v 314.583801 -35.608116 146.007919
v 314.495789 -36.099083 145.939026
v 314.495789 -36.099083 137.686325
v 315.957947 -51.456253 146.376190
v 316.109924 -51.456253 137.418243
v 315.920288 -43.733070 137.528198
v 311.901306 -36.050865 137.660309
v 311.757141 -43.733063 137.821365
v 315.008911 -36.099083 145.608475
v 315.730713 -36.009872 145.649734
v 315.291748 -35.608124 137.640182
v 312.340271 -35.608116 145.649734
v 312.499878 -36.099083 145.608475
v 313.830017 -36.208160 145.608475
v 312.639893 -36.110565 145.608475
v 314.495789 -36.099083 145.608475
v 311.522095 -51.456253 137.125214
v 311.612915 -51.456253 137.982437
v 317.782166 -65.849342 111.030716
v 317.575195 -57.920715 111.105904
v 317.623108 -57.920715 112.718094
v 317.719299 -65.849342 113.003708
v 315.487976 -57.920708 112.535881
v 315.442017 -57.920715 111.133049
v 315.391785 -65.849342 111.518715
v 315.391785 -65.849342 113.003708
v 317.211609 -65.849350 79.175278
v 317.078369 -57.920715 79.437302
v 317.546021 -57.920715 79.499847
v 317.642273 -65.849350 79.300377
v 317.231873 -50.083664 81.027176
v 317.160767 -50.083664 80.876190
v 317.160767 -50.083664 81.918015
v 317.231873 -50.083664 81.915672
v 317.379700 -49.705933 112.533951
v 316.945068 -49.705933 112.533951
v 316.945068 -49.992073 112.758759
v 317.449829 -49.992073 112.758759
v 317.456909 -49.705933 80.464569
v 317.456909 -49.705933 81.754562
v 317.526917 -49.992081 81.752258
v 317.526917 -49.992081 80.244400
v 315.654175 -49.705933 112.212311
v 315.654175 -49.705933 110.747375
v 315.584167 -49.992073 110.747375
v 315.584167 -49.992073 112.432487
v 315.731445 -49.705933 80.142929
v 316.166199 -49.705933 80.142929
v 316.166199 -49.992081 79.918121
v 315.661316 -49.992081 79.918121
v 315.634888 -57.920708 113.067635
v 316.032959 -57.920708 113.067635
v 316.538086 -50.104057 112.758759
v 315.661316 -49.992073 112.758759
v 317.456909 -49.705933 110.747375
v 317.304260 -49.579636 110.747375
v 317.304260 -49.579636 111.764687
v 317.456909 -49.705933 112.212311
v 316.945068 -49.705933 80.142929
v 316.945068 -49.579643 80.633202
v 317.227051 -49.579643 80.633202
v 317.379700 -49.705933 80.142929
v 315.654175 -49.748016 81.830116
v 315.806885 -49.621727 81.825081
v 315.806885 -49.579643 80.912201
v 315.654175 -49.705933 80.464569
v 316.538086 -49.817909 112.533951
v 316.538086 -49.691620 112.043686
v 315.884094 -49.579636 112.043686
v 315.731445 -49.705933 112.533951
v 317.231873 -50.083656 110.598061
v 317.231873 -50.083656 111.643356
v 316.900452 -50.083664 80.876190
v 315.887817 -50.125748 81.976105
v 315.887817 -50.083664 81.027176
v 316.562622 -50.195641 111.794342
v 315.958984 -50.083656 111.794342
v 317.623108 -57.920715 79.849380
v 317.719299 -65.849350 79.673180
v 317.526917 -49.992073 112.432487
v 315.621277 -65.849342 113.512939
v 315.584167 -49.992081 80.244400
v 317.449829 -49.992081 79.918121
v 317.546021 -57.920715 113.067635
v 315.565063 -57.920715 79.499847
v 315.487976 -57.920715 79.849380
v 317.227051 -49.579636 112.043686
v 317.304260 -49.579643 80.912201
v 315.884094 -49.579643 80.633202
v 315.806885 -49.579636 111.764687
v 317.160767 -50.083656 111.794342
v 315.958984 -50.083664 80.876190
v 315.887817 -50.083656 111.643356
v 315.468872 -65.849342 79.300377
v 316.032959 -57.920715 79.499847
v 315.899658 -65.849342 79.300377
v 315.958618 -50.125748 81.973770
v 316.219482 -50.125748 81.965179
v 316.219482 -50.083664 80.876190
v 316.945068 -49.992081 79.918121
v 317.211609 -65.849342 113.489807
v 317.078369 -57.920715 113.067635
v 315.899658 -65.849342 113.376511
v 316.166199 -49.579643 80.633202
v 316.945068 -49.579636 112.043686
v 316.900452 -50.083656 111.794342
v 316.900452 -50.083664 81.926590
v 317.642212 -65.849342 113.376511
v 317.719299 -65.849350 80.956329
v 317.623108 -57.920715 81.354294
v 315.584167 -50.034164 81.832420
v 315.510986 -57.920715 82.415337
v 317.160767 -50.083656 110.598061
v 317.526917 -49.992073 110.747375
v 317.304260 -49.579643 81.759598
v 315.806885 -49.579636 110.747375
v 315.887817 -50.083656 110.598061
v 316.562622 -50.195641 110.598061
v 315.958862 -50.095444 110.598061
v 316.900452 -50.083656 110.598061
v 315.391785 -65.849350 79.895851
v 315.437866 -65.849350 82.998253
v 318.257812 -65.849739 150.960510
v 317.602478 -57.921112 151.053528
v 317.754272 -57.921104 153.048279
v 318.058777 -65.849739 153.401657
v 310.994629 -57.921104 152.822815
v 310.849060 -57.921104 151.087112
v 310.690125 -65.849739 151.564301
v 310.690125 -65.849739 153.401657
v 316.451416 -65.849747 111.546280
v 316.029541 -57.921112 111.870476
v 317.510193 -57.921112 111.947868
v 317.814758 -65.849747 111.701065
v 316.515625 -50.084061 113.837601
v 316.290466 -50.084061 113.650795
v 316.290466 -50.084061 114.939827
v 316.515625 -50.084061 114.936928
v 316.983521 -49.706329 152.820435
v 315.607666 -49.706329 152.820435
v 315.607666 -49.992470 153.098587
v 317.205566 -49.992470 153.098587
v 317.228088 -49.706329 113.141510
v 317.228088 -49.706329 114.737587
v 317.449707 -49.992477 114.734734
v 317.449707 -49.992477 112.869087
v 311.520813 -49.706329 152.422470
v 311.520813 -49.706329 150.609940
v 311.299194 -49.992470 150.609940
v 311.299194 -49.992470 152.694885
v 311.765381 -49.706329 112.743546
v 313.141846 -49.706329 112.743546
v 313.141846 -49.992477 112.465393
v 311.543335 -49.992477 112.465393
v 311.459778 -57.921104 153.480759
v 312.719971 -57.921104 153.480759
v 314.319214 -50.104454 153.098587
v 311.543335 -49.992470 153.098587
v 317.228088 -49.706329 150.609940
v 316.744690 -49.580032 150.609940
v 316.744690 -49.580032 151.868637
v 317.228088 -49.706329 152.422470
v 315.607666 -49.706329 112.743546
v 315.607666 -49.580040 113.350143
v 316.500305 -49.580040 113.350143
v 316.983521 -49.706329 112.743546
v 311.520813 -49.748413 114.831070
v 312.004211 -49.622124 114.824844
v 312.004211 -49.580040 113.695351
v 311.520813 -49.706329 113.141510
v 314.319214 -49.818306 152.820435
v 314.319214 -49.692017 152.213837
v 312.248657 -49.580032 152.213837
v 311.765381 -49.706329 152.820435
v 316.515625 -50.084053 150.425186
v 316.515625 -50.084053 151.718521
v 315.466309 -50.084061 113.650795
v 312.260559 -50.126144 115.011703
v 312.260559 -50.084061 113.837601
v 314.396912 -50.196037 151.905334
v 312.485779 -50.084053 151.905334
v 317.754272 -57.921112 112.380341
v 318.058777 -65.849747 112.162323
v 317.449707 -49.992470 152.694885
v 311.416748 -65.849739 154.031723
v 311.299194 -49.992477 112.869087
v 317.205566 -49.992477 112.465393
v 317.510132 -57.921112 153.480759
v 311.238770 -57.921112 111.947868
v 310.994690 -57.921112 112.380341
v 316.500305 -49.580032 152.213837
v 316.744690 -49.580040 113.695351
v 312.248657 -49.580040 113.350143
v 312.004211 -49.580032 151.868637
v 316.290466 -50.084053 151.905334
v 312.485779 -50.084061 113.650795
v 312.260559 -50.084053 151.718521
v 310.934143 -65.849739 111.701065
v 312.719971 -57.921112 111.947868
v 312.298035 -65.849739 111.701065
v 312.484680 -50.126144 115.008812
v 313.310425 -50.126144 114.998184
v 313.310425 -50.084061 113.650795
v 315.607666 -49.992477 112.465393
v 316.451416 -65.849739 154.003098
v 316.029541 -57.921112 153.480759
v 312.298035 -65.849739 153.862915
v 313.141846 -49.580040 113.350143
v 315.607666 -49.580032 152.213837
v 315.466309 -50.084053 151.905334
v 315.466309 -50.084061 114.950439
v 317.814758 -65.849739 153.862915
v 318.058777 -65.849747 113.749954
v 317.754272 -57.921112 114.242340
v 311.299194 -50.034561 114.833923
v 311.067566 -57.921112 115.555161
v 316.290466 -50.084053 150.425186
v 317.449707 -49.992470 150.609940
v 316.744690 -49.580040 114.743820
v 312.004211 -49.580032 150.609940
v 312.260559 -50.084053 150.425186
v 314.396912 -50.196037 150.425186
v 312.485474 -50.095840 150.425186
v 315.466309 -50.084053 150.425186
v 310.690125 -65.849747 112.437836
v 310.835938 -65.849747 116.276390
vn 0.9997 0.0206 0.0109
vn 0.9998 0.0170 -0.0144
vn 0.9952 0.0192 0.0959
vn 0.9927 0.0163 0.1195
vn -0.9887 0.0130 0.1494
vn -0.9998 0.0114 0.0142
vn -1.0000 0.0090 0.0011
vn -0.9758 0.0247 0.2172
vn 0.0925 0.0301 -0.9953
vn 0.0365 0.0446 -0.9983
vn 0.6737 0.0307 -0.7384
vn 0.3691 0.0152 -0.9293
vn -0.6742 0.7267 0.1320
vn -0.4054 0.7480 0.5255
vn -0.0000 1.0000 -0.0000
vn -0.6549 0.7557 -0.0000
vn 0.4946 0.5927 0.6357
vn -0.1170 0.8092 0.5757
vn -0.0527 0.3670 0.9287
vn 0.5027 0.6455 0.5749
vn 0.8330 0.5421 -0.1107
vn 0.8486 0.5290 -0.0000
vn 0.9921 0.1254 0.0004
vn 0.9744 0.1812 -0.1328
vn -0.8330 0.5421 0.1107
vn -0.9537 0.3007 -0.0004
vn -0.9917 0.1282 -0.0006
vn -0.9743 0.1804 0.1351
vn -0.4946 0.5927 -0.6357
vn -0.0000 0.6760 -0.7369
vn -0.0013 0.3534 -0.9355
vn -0.5014 0.6461 -0.5755
vn -0.6113 0.0370 0.7905
vn 0.0004 0.0464 0.9989
vn -0.0197 0.3094 0.9507
vn -0.4559 0.3894 0.8004
vn 0.8474 0.5310 -0.0000
vn -0.3603 0.9328 -0.0000
vn -0.2892 0.9504 -0.1149
vn 0.7018 0.6966 0.1493
vn -0.0000 0.8474 -0.5310
vn -0.0000 0.9070 0.4212
vn -0.0100 0.9853 0.1707
vn 0.5264 0.7979 -0.2936
vn -0.8497 0.5270 0.0166
vn 0.3565 0.9340 0.0221
vn 0.2574 0.9563 0.1388
vn -0.7111 0.6897 -0.1365
vn 0.0091 0.8227 0.5684
vn -0.0438 0.8904 -0.4531
vn 0.0806 0.9875 -0.1351
vn -0.4648 0.8239 0.3241
vn -0.6689 0.7348 -0.1122
vn -0.0000 0.8468 0.5319
vn 0.6440 0.7649 0.0158
vn 0.6910 0.7106 0.1326
vn -0.0585 0.8681 -0.4928
vn 0.4688 0.7146 -0.5192
vn 0.9939 0.0163 -0.1092
vn 0.9946 0.0144 -0.1031
vn 0.9751 0.1781 0.1320
vn -0.3536 0.0453 0.9343
vn -0.9748 0.1805 -0.1313
vn 0.6148 0.6154 -0.4933
vn 0.6201 0.0378 0.7836
vn -0.6173 0.0345 -0.7860
vn -0.9943 0.0159 -0.1051
vn -0.0153 0.9841 -0.1769
vn -0.2746 0.9535 0.1240
vn 0.0174 0.9842 0.1761
vn 0.2662 0.9562 -0.1220
vn -0.3767 0.7654 -0.5218
vn 0.3759 0.7562 0.5356
vn 0.6753 0.7252 -0.1342
vn -0.6513 0.0241 -0.7584
vn -0.0299 0.0394 -0.9988
vn -0.0456 0.0280 -0.9986
vn 0.0022 0.9998 0.0210
vn -0.0304 0.9993 0.0197
vn -0.0064 0.8397 0.5430
vn 0.0013 0.3536 -0.9354
vn 0.0902 0.0493 0.9947
vn 0.0023 0.0427 0.9991
vn 0.1876 0.0351 0.9816
vn -0.1189 0.9101 -0.3969
vn -0.1406 0.8254 -0.5467
vn -0.0248 0.9997 0.0065
vn 0.7119 0.0441 0.7009
vn 0.9999 0.0132 0.0005
vn 0.9999 0.0121 0.0008
vn -0.9923 0.1238 0.0022
vn -0.9999 0.0104 0.0042
vn 0.9924 0.1227 -0.0000
vn 0.3523 0.9359 -0.0007
vn 0.7090 0.7052 -0.0005
vn -0.0789 0.9969 0.0013
vn 0.1635 0.9865 -0.0015
vn -0.1584 0.9874 0.0015
vn -0.9983 0.0110 -0.0572
vn -0.9999 0.0094 0.0059
vn 0.9997 0.0205 0.0119
vn 0.9997 0.0169 -0.0155
vn 0.9946 0.0192 0.1024
vn 0.9917 0.0163 0.1277
vn -0.9871 0.0130 0.1598
vn -0.9998 0.0114 0.0154
vn -1.0000 0.0091 0.0010
vn -0.9728 0.0245 0.2303
vn 0.0867 0.0280 -0.9958
vn 0.0341 0.0416 -0.9986
vn 0.6649 0.0286 -0.7464
vn 0.3542 0.0140 -0.9351
vn -0.6748 0.7241 0.1425
vn -0.3949 0.7436 0.5395
vn 0.4906 0.5786 0.6515
vn -0.1154 0.7948 0.5959
vn -0.0503 0.3492 0.9357
vn 0.4959 0.6363 0.5909
vn 0.8334 0.5400 -0.1177
vn 0.9736 0.1798 -0.1409
vn -0.8334 0.5400 0.1177
vn -0.9538 0.3006 -0.0004
vn -0.9733 0.1791 0.1432
vn -0.4906 0.5786 -0.6515
vn -0.0000 0.6566 -0.7542
vn -0.0012 0.3356 -0.9420
vn -0.4947 0.6366 -0.5917
vn -0.6038 0.0346 0.7964
vn 0.0004 0.0433 0.9991
vn -0.0186 0.2935 0.9558
vn -0.4548 0.3770 0.8068
vn -0.2850 0.9511 -0.1192
vn 0.7015 0.6953 0.1564
vn -0.0000 0.8334 -0.5526
vn -0.0000 0.9050 0.4254
vn -0.0181 0.9851 0.1712
vn 0.5225 0.7929 -0.3135
vn -0.8499 0.5267 0.0174
vn 0.3569 0.9339 0.0236
vn 0.2530 0.9566 0.1445
vn -0.7109 0.6886 -0.1430
vn 0.0104 0.8069 0.5906
vn -0.0438 0.8873 -0.4591
vn 0.0887 0.9870 -0.1342
vn -0.4614 0.8178 0.3441
vn -0.6695 0.7327 -0.1222
vn -0.0000 0.8396 0.5432
vn 0.6437 0.7651 0.0170
vn 0.6914 0.7080 0.1437
vn -0.0583 0.8621 -0.5034
vn 0.4582 0.7103 -0.5344
vn 0.9930 0.0163 -0.1168
vn 0.9938 0.0143 -0.1102
vn 0.9742 0.1768 0.1400
vn -0.3540 0.0426 0.9343
vn -0.9739 0.1792 -0.1393
vn 0.6078 0.6096 -0.5088
vn 0.6141 0.0358 0.7884
vn -0.6115 0.0325 -0.7906
vn -0.9935 0.0158 -0.1124
vn -0.0234 0.9838 -0.1779
vn -0.2705 0.9542 0.1278
vn 0.0255 0.9839 0.1770
vn 0.2622 0.9568 -0.1258
vn -0.3669 0.7606 -0.5357
vn 0.3663 0.7505 0.5501
vn 0.6760 0.7226 -0.1449
vn -0.6482 0.0229 -0.7611
vn -0.0278 0.0367 -0.9989
vn -0.0425 0.0261 -0.9988
vn 0.0023 0.9997 0.0225
vn -0.0304 0.9993 0.0212
vn -0.0068 0.8317 0.5552
vn 0.0012 0.3358 -0.9419
vn 0.0845 0.0460 0.9954
vn 0.0021 0.0398 0.9992
vn 0.1767 0.0327 0.9837
vn -0.1186 0.9085 -0.4008
vn -0.1390 0.8171 -0.5595
vn -0.0245 0.9997 0.0067
vn 0.7017 0.0419 0.7113
vn 0.9999 0.0133 0.0005
vn 0.9999 0.0121 0.0009
vn -0.9923 0.1237 0.0023
vn -0.9999 0.0104 0.0044
vn 0.7091 0.7051 -0.0006
vn -0.0790 0.9969 0.0014
vn 0.1635 0.9865 -0.0016
vn -0.1583 0.9874 0.0016
vn -0.9981 0.0110 -0.0613
vn -0.9999 0.0094 0.0064
vn -0.0948 0.0447 0.9945
vn 0.1020 0.0366 0.9941
vn -0.3922 0.0397 0.9190
vn -0.5627 0.0288 0.8262
vn -0.6157 0.0213 -0.7877
vn -0.1043 0.0256 -0.9942
vn 0.0016 0.0205 -0.9998
vn -0.5922 0.0328 -0.8051
vn 0.9999 0.0095 0.0134
vn 0.9999 0.0141 0.0052
vn 0.9578 0.0104 0.2871
vn 0.9961 0.0027 -0.0882
vn -0.4603 0.6986 -0.5477
vn -0.6712 0.7353 -0.0936
vn -0.0000 0.8081 -0.5891
vn -0.8657 0.4397 0.2391
vn -0.8660 0.4987 -0.0367
vn -0.9913 0.1310 -0.0083
vn -0.8715 0.4809 0.0957
vn 0.3763 0.6428 0.6673
vn -0.0000 0.7556 0.6551
vn -0.0016 0.2596 0.9657
vn 0.4732 0.2619 0.8411
vn -0.3763 0.6428 -0.6673
vn 0.0019 0.5624 -0.8269
vn 0.0030 0.2654 -0.9641
vn -0.4767 0.2626 -0.8389
vn 0.8657 0.4397 -0.2391
vn 0.9490 0.3153 -0.0000
vn 0.9916 0.1293 -0.0004
vn 0.8728 0.4785 -0.0958
vn -0.9713 0.0137 -0.2375
vn -0.9999 0.0144 0.0001
vn -0.9928 0.1201 -0.0036
vn -0.9480 0.2552 -0.1901
vn -0.0000 0.7572 0.6532
vn -0.0000 0.8992 -0.4376
vn 0.0792 0.9771 -0.1973
vn -0.4159 0.7759 0.4744
vn 0.8360 0.5487 -0.0000
vn -0.3585 0.9335 -0.0000
vn -0.2177 0.9626 -0.1614
vn 0.6283 0.7314 0.2651
vn -0.0464 0.7477 -0.6624
vn -0.0664 0.8981 0.4347
vn -0.1332 0.9776 0.1631
vn 0.3737 0.7858 -0.4928
vn -0.8536 0.5187 0.0481
vn 0.3764 0.9262 -0.0207
vn 0.1698 0.9634 0.2074
vn -0.6450 0.7249 -0.2418
vn 0.4378 0.7121 -0.5488
vn -0.6521 0.7581 -0.0000
vn -0.0552 0.8250 0.5624
vn -0.4872 0.6831 0.5441
vn 0.6288 0.7771 -0.0272
vn 0.6844 0.7187 0.1229
vn 0.4823 0.0296 0.8755
vn 0.4666 0.0273 0.8841
vn -0.4720 0.2568 0.8434
vn -0.9910 0.0178 -0.1329
vn 0.4639 0.2678 -0.8444
vn 0.8245 0.5276 0.2049
vn -0.9619 0.0194 0.2726
vn 0.9621 0.0164 -0.2721
vn 0.4547 0.0288 -0.8902
vn 0.2332 0.9599 -0.1554
vn -0.0738 0.9797 -0.1864
vn -0.2295 0.9604 0.1582
vn 0.0666 0.9819 0.1774
vn 0.6654 0.7421 -0.0805
vn -0.7060 0.7032 0.0843
vn 0.4649 0.7002 0.5419
vn 0.9173 0.0143 -0.3980
vn 0.9999 0.0124 -0.0042
vn 0.9999 0.0087 -0.0061
vn -0.0649 0.9979 0.0048
vn -0.0634 0.9979 -0.0147
vn -0.6943 0.7196 -0.0072
vn 0.9916 0.1295 0.0004
vn -0.9998 0.0158 0.0141
vn -0.9999 0.0135 0.0007
vn -0.9995 0.0111 0.0292
vn 0.3458 0.9367 -0.0557
vn 0.6648 0.7449 -0.0563
vn -0.0043 1.0000 -0.0078
vn -0.9517 0.0219 0.3062
vn 0.0002 0.0340 0.9994
vn -0.0057 0.0271 0.9996
vn -0.0118 0.2524 -0.9676
vn -0.0265 0.0248 -0.9993
vn -0.0000 0.2545 0.9671
vn 0.0021 0.9067 0.4217
vn 0.0019 0.7959 0.6054
vn -0.0047 0.9992 -0.0402
vn 0.0108 0.9974 0.0709
vn -0.0045 0.9975 -0.0703
vn 0.3132 0.0230 -0.9494
vn -0.0446 0.0202 -0.9988
vn -0.9971 0.0406 -0.0648
vn -0.9969 0.0335 0.0718
vn -0.9398 0.0368 -0.3398
vn -0.8876 0.0285 -0.4598
vn 0.8529 0.0214 -0.5216
vn 0.9971 0.0231 -0.0729
vn 0.9998 0.0185 0.0002
vn 0.8373 0.0337 -0.5456
vn -0.0193 0.0123 0.9997
vn -0.0074 0.0183 0.9998
vn -0.3729 0.0150 0.9277
vn 0.0008 0.0064 1.0000
vn 0.5783 0.7058 -0.4091
vn 0.1320 0.7405 -0.6589
vn 0.6004 0.7997 -0.0000
vn -0.2811 0.4842 -0.8286
vn 0.0457 0.5796 -0.8136
vn 0.0118 0.1684 -0.9856
vn -0.1835 0.5294 -0.8283
vn -0.6988 0.6453 0.3085
vn -0.6831 0.7303 -0.0000
vn -0.9711 0.2386 -0.0013
vn -0.8744 0.2601 0.4096
vn 0.6988 0.6454 -0.3085
vn 0.8470 0.5316 0.0014
vn 0.9698 0.2440 0.0023
vn 0.8727 0.2600 -0.4134
vn 0.2811 0.4842 0.8286
vn -0.0000 0.4025 0.9154
vn 0.0005 0.1657 0.9862
vn 0.1833 0.5274 0.8296
vn 0.3148 0.0179 -0.9490
vn -0.0002 0.0188 -0.9998
vn 0.0050 0.1531 -0.9882
vn 0.2610 0.2876 -0.9215
vn -0.6813 0.7320 -0.0000
vn 0.4350 0.9004 -0.0000
vn 0.2205 0.9680 0.1202
vn -0.5152 0.7831 -0.3484
vn -0.0000 0.6265 0.7794
vn -0.0000 0.9185 -0.3955
vn 0.1620 0.9626 -0.2172
vn -0.3084 0.7642 0.5665
vn 0.6888 0.7240 -0.0373
vn -0.4305 0.9011 -0.0514
vn -0.1883 0.9687 -0.1615
vn 0.5312 0.7862 0.3158
vn -0.0445 0.5965 -0.8014
vn 0.0223 0.9093 0.4156
vn -0.2069 0.9634 0.1704
vn 0.2811 0.7600 -0.5860
vn 0.5784 0.7207 0.3823
vn -0.0000 0.7723 -0.6353
vn -0.5775 0.8153 -0.0420
vn -0.5773 0.6991 -0.4219
vn 0.0301 0.7918 0.6101
vn -0.1642 0.7257 0.6681
vn -0.9141 0.0288 0.4045
vn -0.9212 0.0261 0.3882
vn -0.8764 0.2552 -0.4085
vn 0.1782 0.0229 -0.9837
vn 0.8765 0.2632 0.4031
vn -0.2954 0.5655 0.7700
vn -0.3550 0.0237 -0.9346
vn 0.3543 0.0207 0.9349
vn 0.9226 0.0280 0.3847
vn 0.1580 0.9594 0.2337
vn 0.2069 0.9712 -0.1179
vn -0.1606 0.9599 -0.2298
vn -0.1974 0.9740 0.1112
vn 0.1146 0.7495 0.6520
vn -0.1177 0.7209 -0.6830
vn -0.5727 0.7084 0.4125
vn 0.4758 0.0167 0.8794
vn 0.0060 0.0161 0.9999
vn 0.0088 0.0113 0.9999
vn -0.0039 0.9987 -0.0504
vn 0.0158 0.9987 -0.0487
vn 0.0074 0.7444 -0.6677
vn -0.0005 0.1659 0.9861
vn -0.0200 0.0205 -0.9996
vn -0.0009 0.0175 -0.9998
vn -0.0418 0.0144 -0.9990
vn 0.0607 0.9226 0.3808
vn 0.0636 0.7588 0.6482
vn 0.0090 0.9999 -0.0047
vn -0.3956 0.0269 -0.9180
vn -0.9996 0.0297 -0.0006
vn -0.9997 0.0245 -0.0040
vn 0.9724 0.2332 -0.0087
vn 0.9996 0.0220 -0.0189
vn -0.9723 0.2338 -0.0000
vn -0.4204 0.9074 0.0016
vn -0.6206 0.7841 0.0014
vn 0.0431 0.9991 -0.0035
vn -0.0797 0.9968 0.0074
vn 0.0787 0.9969 -0.0036
vn 0.9691 0.0213 0.2457
vn 0.9994 0.0185 -0.0308
vn -0.9947 0.0404 -0.0941
vn -0.9944 0.0330 0.1004
vn -0.9201 0.0359 -0.3900
vn -0.8290 0.0261 -0.5586
vn 0.7906 0.0194 -0.6121
vn 0.9944 0.0232 -0.1030
vn 0.9998 0.0185 0.0019
vn 0.8064 0.0298 -0.5906
vn -0.0136 0.0087 0.9999
vn -0.0053 0.0130 0.9999
vn -0.2907 0.0087 0.9568
vn 0.0850 0.0014 0.9964
vn 0.5581 0.6901 -0.4607
vn 0.0965 0.7301 -0.6765
vn -0.2503 0.4133 -0.8755
vn 0.0386 0.4726 -0.8804
vn 0.0085 0.1211 -0.9926
vn -0.1101 0.4711 -0.8752
vn -0.6878 0.6157 0.3845
vn -0.9712 0.2383 -0.0015
vn -0.8467 0.2430 0.4733
vn 0.6878 0.6157 -0.3846
vn 0.8476 0.5306 0.0020
vn 0.9699 0.2437 0.0028
vn 0.8448 0.2436 -0.4765
vn 0.2503 0.4133 0.8755
vn -0.0000 0.2864 0.9581
vn 0.0004 0.1191 0.9929
vn 0.1100 0.4685 0.8766
vn 0.2405 0.0124 -0.9706
vn -0.0001 0.0133 -0.9999
vn 0.0036 0.1100 -0.9939
vn 0.1931 0.2400 -0.9514
vn 0.1907 0.9788 0.0751
vn -0.4989 0.7558 -0.4241
vn -0.0000 0.5227 0.8525
vn -0.0000 0.9388 -0.3444
vn 0.1644 0.9653 -0.2028
vn -0.2766 0.7124 0.6449
vn 0.6911 0.7211 -0.0484
vn -0.4351 0.8975 -0.0723
vn -0.1544 0.9788 -0.1348
vn 0.5175 0.7669 0.3796
vn -0.0474 0.4910 -0.8699
vn 0.0233 0.9310 0.3643
vn -0.2148 0.9643 0.1548
vn 0.2520 0.7064 -0.6614
vn 0.5591 0.7027 0.4400
vn -0.0000 0.7542 -0.6567
vn -0.5736 0.8170 -0.0595
vn -0.5567 0.6689 -0.4925
vn 0.0299 0.7751 0.6311
vn -0.1290 0.7107 0.6915
vn -0.8773 0.0269 0.4792
vn -0.8857 0.0247 0.4636
vn -0.8487 0.2383 -0.4722
vn 0.1342 0.0163 -0.9908
vn 0.8502 0.2489 0.4640
vn -0.2203 0.5141 0.8290
vn -0.2759 0.0177 -0.9610
vn 0.2755 0.0148 0.9612
vn 0.8916 0.0261 0.4520
vn 0.1589 0.9631 0.2172
vn 0.1802 0.9812 -0.0694
vn -0.1617 0.9634 -0.2138
vn -0.1717 0.9832 0.0626
vn 0.0839 0.7368 0.6709
vn -0.0883 0.6941 -0.7145
vn -0.5537 0.6901 0.4660
vn 0.4012 0.0130 0.9159
vn 0.0043 0.0114 0.9999
vn 0.0062 0.0080 0.9999
vn -0.0053 0.9975 -0.0706
vn 0.0162 0.9975 -0.0689
vn 0.0079 0.7119 -0.7022
vn -0.0004 0.1192 0.9929
vn -0.0141 0.0145 -0.9998
vn -0.0006 0.0124 -0.9999
vn -0.0296 0.0102 -0.9995
vn 0.0617 0.9416 0.3311
vn 0.0615 0.7386 0.6714
vn 0.0086 1.0000 -0.0048
vn -0.3097 0.0200 -0.9506
vn -0.9995 0.0312 0.0005
vn -0.9997 0.0245 -0.0057
vn 0.9728 0.2312 -0.0116
vn 0.9994 0.0225 -0.0260
vn -0.4202 0.9074 0.0023
vn -0.6207 0.7840 0.0020
vn 0.0443 0.9990 -0.0051
vn -0.0784 0.9969 0.0117
vn 0.0776 0.9970 -0.0049
vn 0.9503 0.0208 0.3105
vn 0.9989 0.0182 -0.0441
vn -0.9946 0.0403 -0.0957
vn -0.9943 0.0329 0.1019
vn -0.9194 0.0359 -0.3917
vn -0.8262 0.0260 -0.5628
vn 0.7876 0.0193 -0.6158
vn 0.9943 0.0232 -0.1045
vn 0.9998 0.0185 0.0020
vn 0.8052 0.0297 -0.5923
vn -0.0134 0.0086 0.9999
vn -0.0052 0.0128 0.9999
vn -0.2872 0.0085 0.9578
vn 0.0885 0.0012 0.9961
vn 0.5573 0.6895 -0.4626
vn 0.0951 0.7297 -0.6771
vn -0.2489 0.4101 -0.8774
vn 0.0383 0.4678 -0.8830
vn 0.0084 0.1194 -0.9928
vn -0.1070 0.4686 -0.8769
vn -0.6871 0.6144 0.3878
vn -0.8455 0.2423 0.4759
vn 0.6871 0.6144 -0.3878
vn 0.8435 0.2429 -0.4790
vn 0.2489 0.4101 0.8774
vn -0.0000 0.2813 0.9596
vn 0.0004 0.1173 0.9931
vn 0.1069 0.4660 0.8783
vn 0.2374 0.0122 -0.9713
vn -0.0001 0.0131 -0.9999
vn 0.0035 0.1084 -0.9941
vn 0.1901 0.2380 -0.9525
vn 0.1896 0.9792 0.0726
vn -0.4980 0.7546 -0.4273
vn -0.0000 0.5180 0.8554
vn -0.0000 0.9398 -0.3418
vn 0.1644 0.9655 -0.2018
vn -0.2752 0.7100 0.6482
vn 0.6912 0.7210 -0.0490
vn -0.4353 0.8973 -0.0734
vn -0.1531 0.9792 -0.1332
vn 0.5168 0.7661 0.3822
vn -0.0475 0.4863 -0.8725
vn 0.0233 0.9320 0.3616
vn -0.2150 0.9644 0.1538
vn 0.2507 0.7038 -0.6646
vn 0.5583 0.7020 0.4422
vn -0.0000 0.7535 -0.6575
vn -0.5734 0.8171 -0.0605
vn -0.5558 0.6675 -0.4954
vn 0.0299 0.7745 0.6319
vn -0.1276 0.7101 0.6924
vn -0.8756 0.0268 0.4822
vn -0.8840 0.0246 0.4668
vn -0.8475 0.2376 -0.4747
vn 0.1325 0.0161 -0.9911
vn 0.8490 0.2483 0.4664
vn -0.2171 0.5119 0.8312
vn -0.2726 0.0175 -0.9620
vn 0.2721 0.0146 0.9621
vn 0.8903 0.0260 0.4546
vn 0.1589 0.9634 0.2161
vn 0.1792 0.9815 -0.0667
vn -0.1616 0.9637 -0.2127
vn -0.1708 0.9835 0.0599
vn 0.0827 0.7363 0.6716
vn -0.0872 0.6929 -0.7158
vn -0.5529 0.6894 0.4680
vn 0.3977 0.0129 0.9174
vn 0.0042 0.0112 0.9999
vn 0.0061 0.0079 1.0000
vn -0.0053 0.9974 -0.0717
vn 0.0162 0.9974 -0.0700
vn 0.0080 0.7104 -0.7037
vn -0.0004 0.1175 0.9931
vn -0.0139 0.0143 -0.9998
vn -0.0006 0.0122 -0.9999
vn -0.0291 0.0101 -0.9995
vn 0.0618 0.9425 0.3286
vn 0.0614 0.7378 0.6722
vn -0.3061 0.0198 -0.9518
vn -0.9995 0.0312 0.0006
vn 0.9729 0.2311 -0.0118
vn 0.9994 0.0225 -0.0263
vn -0.6207 0.7840 0.0021
vn 0.0444 0.9990 -0.0052
vn -0.0784 0.9969 0.0119
vn 0.0776 0.9970 -0.0050
vn 0.9494 0.0208 0.3134
vn 0.9988 0.0181 -0.0448
vn -0.1069 0.4686 -0.8769
vn 0.0035 0.1083 -0.9941
vn 0.2507 0.7038 -0.6647
vn -0.8474 0.2376 -0.4747
vn -0.9946 0.0411 -0.0955
vn -0.9942 0.0336 0.1019
vn -0.9193 0.0365 -0.3918
vn -0.8262 0.0265 -0.5628
vn 0.7876 0.0196 -0.6158
vn 0.9942 0.0236 -0.1045
vn 0.9998 0.0188 0.0019
vn 0.8052 0.0302 -0.5923
vn -0.0134 0.0087 0.9999
vn -0.0052 0.0130 0.9999
vn -0.2872 0.0088 0.9578
vn 0.0885 0.0014 0.9961
vn 0.5556 0.6911 -0.4622
vn 0.0949 0.7307 -0.6761
vn 0.5985 0.8011 -0.0000
vn -0.2472 0.4154 -0.8754
vn 0.0380 0.4733 -0.8801
vn 0.0083 0.1214 -0.9926
vn -0.1050 0.4708 -0.8760
vn -0.6837 0.6194 0.3858
vn -0.6782 0.7349 -0.0000
vn -0.9703 0.2420 -0.0016
vn -0.8447 0.2457 0.4754
vn 0.6837 0.6194 -0.3858
vn 0.8441 0.5362 0.0020
vn 0.9689 0.2474 0.0029
vn 0.8427 0.2464 -0.4786
vn 0.2472 0.4154 0.8754
vn -0.0000 0.2873 0.9578
vn 0.0004 0.1194 0.9928
vn 0.1049 0.4682 0.8774
vn 0.2374 0.0124 -0.9713
vn 0.0036 0.1104 -0.9939
vn 0.1901 0.2409 -0.9517
vn -0.6764 0.7365 -0.0000
vn 0.4356 0.9001 -0.0000
vn 0.1911 0.9788 0.0738
vn -0.4939 0.7584 -0.4253
vn -0.0000 0.5234 0.8521
vn -0.0000 0.9387 -0.3448
vn 0.1639 0.9650 -0.2047
vn -0.2734 0.7138 0.6447
vn 0.6862 0.7258 -0.0485
vn -0.4354 0.8974 -0.0721
vn -0.1550 0.9789 -0.1332
vn 0.5126 0.7696 0.3808
vn -0.0476 0.4920 -0.8693
vn 0.0228 0.9310 0.3643
vn -0.2136 0.9643 0.1567
vn 0.2492 0.7076 -0.6612
vn 0.5567 0.7037 0.4415
vn -0.0000 0.7543 -0.6565
vn -0.5715 0.8184 -0.0595
vn -0.5538 0.6703 -0.4940
vn 0.0294 0.7749 0.6314
vn -0.1268 0.7116 0.6910
vn -0.8756 0.0273 0.4822
vn -0.8841 0.0251 0.4667
vn -0.8468 0.2409 -0.4743
vn 0.1325 0.0164 -0.9910
vn 0.8482 0.2517 0.4660
vn -0.2150 0.5146 0.8300
vn -0.2726 0.0178 -0.9620
vn 0.2721 0.0149 0.9621
vn 0.8903 0.0265 0.4547
vn 0.1583 0.9628 0.2192
vn 0.1806 0.9812 -0.0680
vn -0.1610 0.9631 -0.2158
vn -0.1721 0.9832 0.0612
vn 0.0823 0.7373 0.6705
vn -0.0867 0.6947 -0.7141
vn -0.5510 0.6912 0.4675
vn 0.3977 0.0131 0.9174
vn 0.0042 0.0114 0.9999
vn 0.0061 0.0080 0.9999
vn -0.0052 0.9975 -0.0704
vn 0.0159 0.9975 -0.0688
vn 0.0078 0.7121 -0.7021
vn -0.0004 0.1195 0.9928
vn -0.0139 0.0145 -0.9998
vn -0.0007 0.0124 -0.9999
vn -0.0291 0.0102 -0.9995
vn 0.0607 0.9414 0.3317
vn 0.0605 0.7390 0.6709
vn 0.0085 1.0000 -0.0047
vn -0.3061 0.0201 -0.9518
vn -0.9995 0.0317 0.0005
vn -0.9997 0.0249 -0.0057
vn 0.9720 0.2348 -0.0118
vn 0.9994 0.0229 -0.0264
vn -0.9714 0.2374 -0.0000
vn -0.4207 0.9072 0.0023
vn -0.6181 0.7861 0.0020
vn 0.0436 0.9990 -0.0051
vn -0.0770 0.9970 0.0117
vn 0.0762 0.9971 -0.0049
vn 0.9494 0.0212 0.3134
vn 0.9988 0.0185 -0.0448
vn 0.0383 0.4679 -0.8830
vn 0.1068 0.4660 0.8783
vn -0.4981 0.7546 -0.4273
vn -0.8756 0.0268 0.4823
vn -0.8840 0.0246 0.4667
vn 0.2721 0.0146 0.9622
vn -0.5529 0.6894 0.4681
vn -0.0000 0.9398 -0.3417
vn 0.0618 0.9424 0.3286
vn 0.9946 0.0403 0.0957
vn 0.9943 0.0329 -0.1019
vn 0.9194 0.0359 0.3917
vn 0.8262 0.0260 0.5628
vn -0.7876 0.0193 0.6158
vn -0.9943 0.0232 0.1045
vn -0.9998 0.0185 -0.0020
vn -0.8052 0.0297 0.5923
vn 0.0134 0.0086 -0.9999
vn 0.0052 0.0128 -0.9999
vn 0.2872 0.0085 -0.9578
vn -0.0885 0.0012 -0.9961
vn -0.5573 0.6895 0.4626
vn -0.0951 0.7297 0.6771
vn -0.6004 0.7997 -0.0000
vn -0.0383 0.4678 0.8830
vn -0.0084 0.1194 0.9928
vn 0.1069 0.4686 0.8769
vn 0.6831 0.7303 -0.0000
vn 0.9712 0.2383 0.0015
vn 0.8455 0.2423 -0.4759
vn -0.8476 0.5306 -0.0020
vn -0.9699 0.2437 -0.0028
vn -0.8435 0.2429 0.4790
vn -0.0000 0.2813 -0.9596
vn -0.0004 0.1173 -0.9931
vn -0.1068 0.4660 -0.8783
vn -0.2374 0.0122 0.9713
vn 0.0001 0.0131 0.9999
vn -0.0035 0.1083 0.9941
vn -0.1901 0.2379 0.9525
vn 0.6813 0.7320 -0.0000
vn -0.4350 0.9004 -0.0000
vn -0.1896 0.9792 -0.0726
vn 0.4981 0.7546 0.4273
vn -0.0000 0.5180 -0.8554
vn -0.0000 0.9398 0.3418
vn -0.1644 0.9655 0.2018
vn 0.2752 0.7100 -0.6482
vn -0.6912 0.7210 0.0490
vn 0.4353 0.8973 0.0734
vn 0.1531 0.9792 0.1332
vn -0.5168 0.7661 -0.3822
vn 0.0475 0.4863 0.8725
vn -0.0233 0.9320 -0.3616
vn 0.2150 0.9644 -0.1538
vn -0.2507 0.7038 0.6646
vn -0.5583 0.7020 -0.4422
vn -0.0000 0.7535 0.6575
vn 0.5734 0.8171 0.0605
vn 0.5558 0.6675 0.4954
vn -0.0299 0.7745 -0.6319
vn 0.1276 0.7101 -0.6924
vn 0.8756 0.0268 -0.4823
vn 0.8840 0.0246 -0.4668
vn 0.8474 0.2376 0.4747
vn -0.1324 0.0161 0.9911
vn -0.8490 0.2483 -0.4664
vn 0.2171 0.5119 -0.8312
vn 0.2726 0.0175 0.9620
vn -0.2721 0.0146 -0.9622
vn -0.8903 0.0260 -0.4546
vn -0.1589 0.9634 -0.2161
vn -0.1792 0.9815 0.0667
vn 0.1616 0.9637 0.2127
vn 0.1708 0.9835 -0.0599
vn -0.0827 0.7363 -0.6716
vn 0.0872 0.6929 0.7158
vn 0.5529 0.6894 -0.4680
vn -0.3977 0.0129 -0.9174
vn -0.0042 0.0112 -0.9999
vn -0.0061 0.0079 -1.0000
vn 0.0053 0.9974 0.0717
vn -0.0162 0.9974 0.0700
vn -0.0080 0.7104 0.7037
vn 0.0004 0.1175 -0.9931
vn 0.0139 0.0143 0.9998
vn 0.0006 0.0122 0.9999
vn 0.0291 0.0101 0.9995
vn -0.0000 0.9398 0.3417
vn -0.0618 0.9424 -0.3286
vn -0.0614 0.7378 -0.6722
vn -0.0086 1.0000 0.0048
vn 0.3061 0.0198 0.9518
vn 0.9995 0.0312 -0.0006
vn 0.9997 0.0245 0.0057
vn -0.9729 0.2311 0.0118
vn -0.9994 0.0225 0.0263
vn 0.9723 0.2338 -0.0000
vn 0.4202 0.9074 -0.0023
vn 0.6207 0.7840 -0.0021
vn -0.0444 0.9990 0.0052
vn 0.0784 0.9969 -0.0119
vn -0.0776 0.9970 0.0050
vn -0.9494 0.0208 -0.3134
vn -0.9988 0.0181 0.0448
vn 0.0886 0.0012 0.9961
vn 0.5582 0.7020 0.4422
vn 0.9194 0.0359 0.3918
vn -0.6871 0.6143 0.3878
vn -0.1069 0.4660 -0.8783
vn -0.1901 0.2380 0.9525
vn -0.1644 0.9655 0.2019
vn 0.0475 0.4862 0.8725
vn 0.2150 0.9644 -0.1537
vn -0.2507 0.7038 0.6647
vn 0.5734 0.8171 0.0604
vn 0.8756 0.0268 -0.4822
vn 0.8840 0.0246 -0.4667
vn -0.1325 0.0161 0.9911
vn -0.2722 0.0146 -0.9621
vn -0.1589 0.9634 -0.2160
vn -0.0618 0.9425 -0.3286
vn -0.0585 0.8682 -0.4928
vn 0.9975 0.0656 0.0253
vn 0.9979 0.0536 -0.0364
vn 0.9728 0.0588 0.2242
vn 0.9576 0.0494 0.2837
vn -0.9401 0.0389 0.3387
vn -0.9987 0.0360 0.0357
vn -0.9996 0.0285 0.0038
vn -0.9023 0.0658 0.4261
vn 0.0367 0.0376 -0.9986
vn 0.0144 0.0559 -0.9983
vn 0.5222 0.0552 -0.8510
vn 0.1643 0.0381 -0.9857
vn -0.5530 0.7955 0.2475
vn -0.1964 0.8335 0.5165
vn -0.5414 0.8408 -0.0000
vn 0.2668 0.7447 0.6118
vn -0.0411 0.8522 0.5217
vn -0.0177 0.4066 0.9134
vn 0.2695 0.7223 0.6369
vn 0.5929 0.7940 -0.1340
vn 0.5531 0.8331 -0.0000
vn 0.9401 0.3410 0.0010
vn 0.8789 0.3966 -0.2651
vn -0.5929 0.7940 0.1340
vn -0.7447 0.6674 -0.0005
vn -0.9370 0.3494 -0.0016
vn -0.8773 0.3949 0.2727
vn -0.2667 0.7447 -0.6118
vn -0.0000 0.7346 -0.6785
vn -0.0016 0.4079 -0.9130
vn -0.2692 0.7234 -0.6358
vn -0.4655 0.0536 0.8834
vn 0.0006 0.0563 0.9984
vn -0.0085 0.3862 0.9224
vn -0.3449 0.4724 0.8111
vn 0.5511 0.8345 -0.0000
vn -0.4299 0.9029 -0.0000
vn -0.2897 0.9486 -0.1273
vn 0.4084 0.8963 0.1730
vn -0.0000 0.8851 -0.4655
vn -0.0000 0.9156 0.4021
vn -0.1185 0.9740 0.1932
vn 0.2942 0.9136 -0.2806
vn -0.5539 0.8324 0.0186
vn 0.4114 0.9113 0.0178
vn 0.2637 0.9548 0.1373
vn -0.4229 0.8924 -0.1575
vn 0.0440 0.8725 0.4866
vn -0.0125 0.9135 -0.4065
vn 0.1404 0.9761 -0.1659
vn -0.2685 0.9138 0.3046
vn -0.5488 0.8107 -0.2040
vn -0.0000 0.8696 0.4938
vn 0.5194 0.8544 0.0139
vn 0.5392 0.8128 0.2204
vn -0.0208 0.8779 -0.4784
vn 0.2137 0.8333 -0.5098
vn 0.9653 0.0495 -0.2562
vn 0.9690 0.0439 -0.2432
vn 0.8824 0.3897 0.2637
vn -0.2839 0.0656 0.9566
vn -0.8798 0.3965 -0.2624
vn 0.3869 0.7366 -0.5548
vn 0.4968 0.0607 0.8658
vn -0.4943 0.0572 -0.8674
vn -0.9680 0.0480 -0.2462
vn -0.1170 0.9706 -0.2102
vn -0.2669 0.9545 0.1329
vn 0.1192 0.9712 0.2061
vn 0.2516 0.9596 -0.1258
vn -0.1606 0.8471 -0.5066
vn 0.1579 0.8398 0.5194
vn 0.5384 0.8066 -0.2440
vn -0.5801 0.0404 -0.8136
vn -0.0117 0.0488 -0.9987
vn -0.0163 0.0341 -0.9993
vn 0.0014 0.9999 0.0168
vn -0.0098 0.9998 0.0160
vn -0.0035 0.8631 0.5050
vn 0.0016 0.4087 -0.9126
vn 0.0406 0.0628 0.9972
vn 0.0027 0.0533 0.9986
vn 0.0816 0.0437 0.9957
vn -0.0389 0.9200 -0.3899
vn -0.0484 0.8692 -0.4920
vn -0.0065 1.0000 0.0028
vn 0.5475 0.0699 0.8339
vn 0.9991 0.0412 0.0013
vn 0.9993 0.0383 0.0021
vn -0.9415 0.3370 0.0053
vn -0.9994 0.0326 0.0109
vn 0.9430 0.3327 -0.0000
vn 0.4098 0.9122 -0.0005
vn 0.5450 0.8384 -0.0005
vn -0.0269 0.9996 0.0011
vn 0.0519 0.9986 -0.0019
vn -0.0513 0.9987 0.0012
vn -0.9894 0.0347 -0.1408
vn -0.9994 0.0299 0.0148
vt 0.922990 0.978771
vt 0.925016 0.775168
vt 0.962695 0.774739
vt 0.969609 0.978244
vt 0.959825 0.221249
vt 0.926680 0.220438
vt 0.935912 0.017318
vt 0.970670 0.017655
vt 0.050561 0.024580
vt 0.071140 0.227750
vt 0.036656 0.229667
vt 0.018773 0.026360
vt 0.221362 0.541109
vt 0.218513 0.538073
vt 0.241571 0.538797
vt 0.241220 0.542453
vt 0.960680 0.559617
vt 0.963012 0.527347
vt 0.970447 0.527713
vt 0.968383 0.567285
vt 0.205371 0.563336
vt 0.236420 0.564226
vt 0.236286 0.571658
vt 0.199744 0.570578
vt 0.952959 0.431305
vt 0.917802 0.430453
vt 0.917857 0.423044
vt 0.958507 0.424139
vt 0.197564 0.435336
vt 0.195350 0.467641
vt 0.187665 0.467212
vt 0.189850 0.427443
vt 0.022073 0.692652
vt 0.051239 0.692685
vt 0.087299 0.893195
vt 0.020325 0.897148
vt 0.917341 0.565255
vt 0.917241 0.555337
vt 0.942146 0.553955
vt 0.952466 0.564544
vt 0.195100 0.525927
vt 0.205548 0.525368
vt 0.207837 0.546558
vt 0.197187 0.558264
vt 0.238623 0.429188
vt 0.238627 0.439307
vt 0.216072 0.440750
vt 0.205772 0.430336
vt 0.964395 0.496221
vt 0.953217 0.496689
vt 0.950717 0.447912
vt 0.961168 0.436415
vt 0.913209 0.543291
vt 0.936763 0.542090
vt 0.218217 0.521196
vt 0.243038 0.451607
vt 0.221730 0.452715
vt 0.940069 0.498752
vt 0.940158 0.456709
vt 0.176815 0.976571
vt 0.181691 0.772720
vt 0.191678 0.773480
vt 0.187240 0.977029
vt 0.958008 0.571831
vt 0.991311 0.018897
vt 0.976097 0.222261
vt 0.200260 0.423191
vt 0.189346 0.565924
vt 0.972694 0.773997
vt 0.968790 0.428872
vt 0.182776 0.221427
vt 0.192699 0.220395
vt 0.950212 0.547809
vt 0.215818 0.552850
vt 0.208142 0.447019
vt 0.942619 0.441697
vt 0.939728 0.539091
vt 0.218767 0.455879
vt 0.937214 0.453721
vt 0.178717 0.017504
vt 0.148220 0.223651
vt 0.147052 0.019486
vt 0.243158 0.455276
vt 0.242902 0.472906
vt 0.218387 0.472879
vt 0.972744 0.495846
vt 0.187408 0.526348
vt 0.138172 0.489161
vt 0.128220 0.692757
vt 0.041814 0.489176
vt 0.205790 0.468159
vt 0.952829 0.526795
vt 0.940358 0.522020
vt 0.241856 0.521207
vt 0.169902 0.489293
vt 0.162621 0.692747
vt 0.217442 0.977424
vt 0.227094 0.774189
vt 0.238681 0.421489
vt 0.252985 0.219954
vt 0.913078 0.539646
vt 0.917350 0.572720
vt 0.236760 0.554380
vt 0.917669 0.440301
vt 0.913586 0.452515
vt 0.913194 0.498880
vt 0.913355 0.456087
vt 0.913176 0.522137
vt 0.090973 0.430533
vt 0.051478 0.434800
vt 0.021133 0.489031
vt 0.980031 0.977810
vt 0.193794 0.016883
vt 0.150173 0.427312
vt 0.119165 0.895492
vt 0.158738 0.897556
vt 0.266783 0.016711
s 1
f 1/1/1 2/2/2 3/3/3
f 3/3/3 4/4/4 1/1/1
f 5/5/5 6/6/6 7/7/7
f 7/7/7 8/8/8 5/5/5
f 9/9/9 10/10/10 11/11/11
f 11/11/11 12/12/12 9/9/9
f 13/13/13 14/14/14 15/15/15
f 15/15/15 16/16/16 13/13/13
f 17/17/17 18/18/18 19/19/19
f 19/19/19 20/20/20 17/17/17
f 21/21/21 22/22/22 23/23/23
f 23/23/23 24/24/24 21/21/21
f 25/25/25 26/26/26 27/27/27
f 27/27/27 28/28/28 25/25/25
f 29/29/29 30/30/30 31/31/31
f 31/31/31 32/32/32 29/29/29
f 33/33/33 34/34/34 35/35/35
f 35/35/35 36/36/36 33/33/33
f 37/37/37 38/38/38 39/39/39
f 39/39/39 40/40/40 37/37/37
f 41/41/41 42/42/42 43/43/43
f 43/43/43 44/44/44 41/41/41
f 45/45/45 46/46/46 47/47/47
f 47/47/47 48/48/48 45/45/45
f 49/49/49 50/50/50 51/51/51
f 51/51/51 52/52/52 49/49/49
f 39/39/39 38/38/38 53/53/16
f 53/53/16 54/54/53 39/39/39
f 42/42/42 55/55/54 14/14/14
f 14/14/14 43/43/43 42/42/42
f 47/47/47 46/46/46 56/56/55
f 56/56/55 57/57/56 47/47/47
f 50/50/50 58/58/57 59/59/58
f 59/59/58 51/51/51 50/50/50
f 12/60/12 11/61/11 60/62/59
f 60/62/59 61/63/60 12/60/12
f 40/40/40 17/17/17 20/20/20
f 20/20/20 62/64/61 40/40/40
f 63/65/62 33/66/33 5/5/5
f 5/5/5 8/8/8 63/65/62
f 48/48/48 29/29/29 32/32/32
f 32/32/32 64/67/63 48/48/48
f 24/24/24 65/68/64 44/44/44
f 44/44/44 21/21/21 24/24/24
f 20/20/20 66/69/65 3/3/3
f 3/3/3 62/64/61 20/20/20
f 28/28/28 36/70/36 52/52/52
f 52/52/52 25/25/25 28/28/28
f 32/32/32 67/71/66 68/72/67
f 68/72/67 64/67/63 32/32/32
f 17/17/17 40/40/40 39/39/39
f 39/39/39 69/73/68 17/17/17
f 21/21/21 44/44/44 43/43/43
f 43/43/43 70/74/69 21/21/21
f 29/29/29 48/48/48 47/47/47
f 47/47/47 71/75/70 29/29/29
f 25/25/25 52/52/52 51/51/51
f 51/51/51 72/76/71 25/25/25
f 69/73/68 39/39/39 54/54/53
f 54/54/53 73/77/72 69/73/68
f 70/74/69 43/43/43 14/14/14
f 14/14/14 13/13/13 70/74/69
f 71/75/70 47/47/47 57/57/56
f 57/57/56 74/78/73 71/75/70
f 72/76/71 51/51/51 59/59/58
f 59/59/58 75/79/74 72/76/71
f 76/80/75 67/71/66 77/81/76
f 77/81/76 78/82/77 76/80/75
f 74/78/73 79/83/78 80/84/79
f 80/84/79 81/85/80 74/78/73
f 52/52/52 36/70/36 35/86/35
f 35/86/35 49/49/49 52/52/52
f 41/41/41 82/87/81 31/31/31
f 31/31/31 30/30/30 41/41/41
f 83/88/82 84/89/83 34/34/34
f 34/34/34 85/90/84 83/88/82
f 30/30/30 29/29/29 71/75/70
f 71/75/70 86/91/42 30/30/30
f 18/18/18 87/92/85 50/50/50
f 50/50/50 49/49/49 18/18/18
f 71/75/70 74/78/73 81/85/80
f 81/85/80 86/91/42 71/75/70
f 87/92/85 88/93/86 58/58/57
f 58/58/57 50/50/50 87/92/85
f 78/82/77 77/81/76 10/10/10
f 10/10/10 9/9/9 78/82/77
f 81/85/80 80/84/79 89/94/87
f 89/94/87 55/55/54 81/85/80
f 49/49/49 35/86/35 19/19/19
f 19/19/19 18/18/18 49/49/49
f 30/30/30 86/91/42 42/42/42
f 42/42/42 41/41/41 30/30/30
f 86/91/42 81/85/80 55/55/54
f 55/55/54 42/42/42 86/91/42
f 44/44/44 65/68/64 82/87/81
f 82/87/81 41/41/41 44/44/44
f 90/95/88 66/96/65 84/89/83
f 84/89/83 83/88/82 90/95/88
f 18/18/18 17/17/17 69/73/68
f 69/73/68 87/92/85 18/18/18
f 69/73/68 73/77/72 88/93/86
f 88/93/86 87/92/85 69/73/68
f 91/97/89 92/98/90 2/2/2
f 2/2/2 1/1/1 91/97/89
f 27/27/27 93/99/91 94/100/92
f 94/100/92 6/6/6 27/27/27
f 54/54/53 53/53/16 95/101/15
f 95/101/15 73/77/72 54/54/53
f 40/40/40 62/64/61 96/102/93
f 96/102/93 37/37/37 40/40/40
f 45/45/45 93/99/91 27/27/27
f 27/27/27 26/26/26 45/45/45
f 22/22/22 97/103/38 38/38/38
f 38/38/38 37/37/37 22/22/22
f 26/26/26 25/25/25 72/76/71
f 72/76/71 98/104/94 26/26/26
f 97/103/38 16/16/16 53/53/16
f 53/53/16 38/38/38 97/103/38
f 72/76/71 75/79/74 99/105/95
f 99/105/95 98/104/94 72/76/71
f 58/58/57 100/106/96 101/107/97
f 101/107/97 59/59/58 58/58/57
f 58/58/57 88/93/86 102/108/98
f 102/108/98 100/106/96 58/58/57
f 53/53/16 16/16/16 15/15/15
f 15/15/15 95/101/15 53/53/16
f 37/37/37 96/102/93 23/23/23
f 23/23/23 22/22/22 37/37/37
f 26/26/26 98/104/94 46/46/46
f 46/46/46 45/45/45 26/26/26
f 98/104/94 99/105/95 56/56/55
f 56/56/55 46/46/46 98/104/94
f 100/106/96 80/84/79 79/83/78
f 79/83/78 101/107/97 100/106/96
f 80/84/79 100/106/96 102/108/98
f 102/108/98 89/94/87 80/84/79
f 91/97/89 61/63/60 60/62/59
f 60/62/59 92/98/90 91/97/89
f 93/99/91 64/67/63 68/72/67
f 68/72/67 94/100/92 93/99/91
f 48/48/48 64/67/63 93/99/91
f 93/99/91 45/45/45 48/48/48
f 22/22/22 21/21/21 70/74/69
f 70/74/69 97/103/38 22/22/22
f 70/74/69 13/13/13 16/16/16
f 16/16/16 97/103/38 70/74/69
f 2/2/2 96/102/93 62/64/61
f 62/64/61 3/3/3 2/2/2
f 28/28/28 27/27/27 6/6/6
f 6/6/6 5/5/5 28/28/28
f 82/109/81 65/110/64 11/11/11
f 11/11/11 10/10/10 82/109/81
f 63/111/62 85/90/84 34/34/34
f 34/34/34 33/33/33 63/111/62
f 65/68/64 24/24/24 60/62/59
f 60/62/59 11/61/11 65/68/64
f 36/70/36 28/28/28 5/5/5
f 5/5/5 33/66/33 36/70/36
f 90/112/88 4/4/4 3/3/3
f 3/3/3 66/69/65 90/112/88
f 76/80/75 103/113/99 68/72/67
f 68/72/67 67/71/66 76/80/75
f 32/32/32 31/114/31 77/81/76
f 77/81/76 67/71/66 32/32/32
f 19/115/19 35/35/35 34/34/34
f 34/34/34 84/89/83 19/115/19
f 31/114/31 82/109/81 10/10/10
f 10/10/10 77/81/76 31/114/31
f 20/116/20 19/115/19 84/89/83
f 84/89/83 66/96/65 20/116/20
f 23/23/23 96/102/93 2/2/2
f 2/2/2 92/98/90 23/23/23
f 104/117/100 7/7/7 6/6/6
f 6/6/6 94/100/92 104/117/100
f 24/24/24 23/23/23 92/98/90
f 92/98/90 60/62/59 24/24/24
f 103/113/99 104/117/100 94/100/92
f 94/100/92 68/72/67 103/113/99
f 55/55/54 89/94/87 15/15/15
f 15/15/15 14/14/14 55/55/54
f 89/94/87 102/108/98 95/101/15
f 95/101/15 15/15/15 89/94/87
f 102/108/98 88/93/86 73/77/72
f 73/77/72 95/101/15 102/108/98
f 57/57/56 56/56/55 79/83/78
f 79/83/78 74/78/73 57/57/56
f 56/56/55 99/105/95 101/107/97
f 101/107/97 79/83/78 56/56/55
f 101/107/97 99/105/95 75/79/74
f 75/79/74 59/59/58 101/107/97
f 105/1/101 106/2/102 107/3/103
f 107/3/103 108/4/104 105/1/101
f 109/5/105 110/6/106 111/7/107
f 111/7/107 112/8/108 109/5/105
f 113/9/109 114/10/110 115/11/111
f 115/11/111 116/12/112 113/9/109
f 117/13/113 118/14/114 119/15/15
f 119/15/15 120/16/16 117/13/113
f 121/17/115 122/18/116 123/19/117
f 123/19/117 124/20/118 121/17/115
f 125/21/119 126/22/22 127/23/23
f 127/23/23 128/24/120 125/21/119
f 129/25/121 130/26/122 131/27/27
f 131/27/27 132/28/123 129/25/121
f 133/29/124 134/30/125 135/31/126
f 135/31/126 136/32/127 133/29/124
f 137/33/128 138/34/129 139/35/130
f 139/35/130 140/36/131 137/33/128
f 141/37/37 142/38/38 143/39/132
f 143/39/132 144/40/133 141/37/37
f 145/41/134 146/42/135 147/43/136
f 147/43/136 148/44/137 145/41/134
f 149/45/138 150/46/139 151/47/140
f 151/47/140 152/48/141 149/45/138
f 153/49/142 154/50/143 155/51/144
f 155/51/144 156/52/145 153/49/142
f 143/39/132 142/38/38 157/53/16
f 157/53/16 158/54/146 143/39/132
f 146/42/135 159/55/147 118/14/114
f 118/14/114 147/43/136 146/42/135
f 151/47/140 150/46/139 160/56/148
f 160/56/148 161/57/149 151/47/140
f 154/50/143 162/58/150 163/59/151
f 163/59/151 155/51/144 154/50/143
f 116/60/112 115/61/111 164/62/152
f 164/62/152 165/63/153 116/60/112
f 144/40/133 121/17/115 124/20/118
f 124/20/118 166/64/154 144/40/133
f 167/65/155 137/66/128 109/5/105
f 109/5/105 112/8/108 167/65/155
f 152/48/141 133/29/124 136/32/127
f 136/32/127 168/67/156 152/48/141
f 128/24/120 169/68/157 148/44/137
f 148/44/137 125/21/119 128/24/120
f 124/20/118 170/69/158 107/3/103
f 107/3/103 166/64/154 124/20/118
f 132/28/123 140/70/131 156/52/145
f 156/52/145 129/25/121 132/28/123
f 136/32/127 171/71/159 172/72/160
f 172/72/160 168/67/156 136/32/127
f 121/17/115 144/40/133 143/39/132
f 143/39/132 173/73/161 121/17/115
f 125/21/119 148/44/137 147/43/136
f 147/43/136 174/74/162 125/21/119
f 133/29/124 152/48/141 151/47/140
f 151/47/140 175/75/163 133/29/124
f 129/25/121 156/52/145 155/51/144
f 155/51/144 176/76/164 129/25/121
f 173/73/161 143/39/132 158/54/146
f 158/54/146 177/77/165 173/73/161
f 174/74/162 147/43/136 118/14/114
f 118/14/114 117/13/113 174/74/162
f 175/75/163 151/47/140 161/57/149
f 161/57/149 178/78/166 175/75/163
f 176/76/164 155/51/144 163/59/151
f 163/59/151 179/79/167 176/76/164
f 180/80/168 171/71/159 181/81/169
f 181/81/169 182/82/170 180/80/168
f 178/78/166 183/83/171 184/84/172
f 184/84/172 185/85/173 178/78/166
f 156/52/145 140/70/131 139/86/130
f 139/86/130 153/49/142 156/52/145
f 145/41/134 186/87/174 135/31/126
f 135/31/126 134/30/125 145/41/134
f 187/88/175 188/89/176 138/34/129
f 138/34/129 189/90/177 187/88/175
f 134/30/125 133/29/124 175/75/163
f 175/75/163 190/91/135 134/30/125
f 122/18/116 191/92/178 154/50/143
f 154/50/143 153/49/142 122/18/116
f 175/75/163 178/78/166 185/85/173
f 185/85/173 190/91/135 175/75/163
f 191/92/178 192/93/179 162/58/150
f 162/58/150 154/50/143 191/92/178
f 182/82/170 181/81/169 114/10/110
f 114/10/110 113/9/109 182/82/170
f 185/85/173 184/84/172 193/94/180
f 193/94/180 159/55/147 185/85/173
f 153/49/142 139/86/130 123/19/117
f 123/19/117 122/18/116 153/49/142
f 134/30/125 190/91/135 146/42/135
f 146/42/135 145/41/134 134/30/125
f 190/91/135 185/85/173 159/55/147
f 159/55/147 146/42/135 190/91/135
f 148/44/137 169/68/157 186/87/174
f 186/87/174 145/41/134 148/44/137
f 194/95/181 170/96/158 188/89/176
f 188/89/176 187/88/175 194/95/181
f 122/18/116 121/17/115 173/73/161
f 173/73/161 191/92/178 122/18/116
f 173/73/161 177/77/165 192/93/179
f 192/93/179 191/92/178 173/73/161
f 195/97/182 196/98/183 106/2/102
f 106/2/102 105/1/101 195/97/182
f 131/27/27 197/99/184 198/100/185
f 198/100/185 110/6/106 131/27/27
f 158/54/146 157/53/16 199/101/15
f 199/101/15 177/77/165 158/54/146
f 144/40/133 166/64/154 200/102/93
f 200/102/93 141/37/37 144/40/133
f 149/45/138 197/99/184 131/27/27
f 131/27/27 130/26/122 149/45/138
f 126/22/22 201/103/38 142/38/38
f 142/38/38 141/37/37 126/22/22
f 130/26/122 129/25/121 176/76/164
f 176/76/164 202/104/94 130/26/122
f 201/103/38 120/16/16 157/53/16
f 157/53/16 142/38/38 201/103/38
f 176/76/164 179/79/167 203/105/186
f 203/105/186 202/104/94 176/76/164
f 162/58/150 204/106/187 205/107/188
f 205/107/188 163/59/151 162/58/150
f 162/58/150 192/93/179 206/108/189
f 206/108/189 204/106/187 162/58/150
f 157/53/16 120/16/16 119/15/15
f 119/15/15 199/101/15 157/53/16
f 141/37/37 200/102/93 127/23/23
f 127/23/23 126/22/22 141/37/37
f 130/26/122 202/104/94 150/46/139
f 150/46/139 149/45/138 130/26/122
f 202/104/94 203/105/186 160/56/148
f 160/56/148 150/46/139 202/104/94
f 204/106/187 184/84/172 183/83/171
f 183/83/171 205/107/188 204/106/187
f 184/84/172 204/106/187 206/108/189
f 206/108/189 193/94/180 184/84/172
f 195/97/182 165/63/153 164/62/152
f 164/62/152 196/98/183 195/97/182
f 197/99/184 168/67/156 172/72/160
f 172/72/160 198/100/185 197/99/184
f 152/48/141 168/67/156 197/99/184
f 197/99/184 149/45/138 152/48/141
f 126/22/22 125/21/119 174/74/162
f 174/74/162 201/103/38 126/22/22
f 174/74/162 117/13/113 120/16/16
f 120/16/16 201/103/38 174/74/162
f 106/2/102 200/102/93 166/64/154
f 166/64/154 107/3/103 106/2/102
f 132/28/123 131/27/27 110/6/106
f 110/6/106 109/5/105 132/28/123
f 186/109/174 169/110/157 115/11/111
f 115/11/111 114/10/110 186/109/174
f 167/111/155 189/90/177 138/34/129
f 138/34/129 137/33/128 167/111/155
f 169/68/157 128/24/120 164/62/152
f 164/62/152 115/61/111 169/68/157
f 140/70/131 132/28/123 109/5/105
f 109/5/105 137/66/128 140/70/131
f 194/112/181 108/4/104 107/3/103
f 107/3/103 170/69/158 194/112/181
f 180/80/168 207/113/190 172/72/160
f 172/72/160 171/71/159 180/80/168
f 136/32/127 135/114/126 181/81/169
f 181/81/169 171/71/159 136/32/127
f 123/115/117 139/35/130 138/34/129
f 138/34/129 188/89/176 123/115/117
f 135/114/126 186/109/174 114/10/110
f 114/10/110 181/81/169 135/114/126
f 124/116/118 123/115/117 188/89/176
f 188/89/176 170/96/158 124/116/118
f 127/23/23 200/102/93 106/2/102
f 106/2/102 196/98/183 127/23/23
f 208/117/191 111/7/107 110/6/106
f 110/6/106 198/100/185 208/117/191
f 128/24/120 127/23/23 196/98/183
f 196/98/183 164/62/152 128/24/120
f 207/113/190 208/117/191 198/100/185
f 198/100/185 172/72/160 207/113/190
f 159/55/147 193/94/180 119/15/15
f 119/15/15 118/14/114 159/55/147
f 193/94/180 206/108/189 199/101/15
f 199/101/15 119/15/15 193/94/180
f 206/108/189 192/93/179 177/77/165
f 177/77/165 199/101/15 206/108/189
f 161/57/149 160/56/148 183/83/171
f 183/83/171 178/78/166 161/57/149
f 160/56/148 203/105/186 205/107/188
f 205/107/188 183/83/171 160/56/148
f 205/107/188 203/105/186 179/79/167
f 179/79/167 163/59/151 205/107/188
f 209/1/192 210/2/193 211/3/194
f 211/3/194 212/4/195 209/1/192
f 213/5/196 214/6/197 215/7/198
f 215/7/198 216/8/199 213/5/196
f 217/9/200 218/10/201 219/11/202
f 219/11/202 220/12/203 217/9/200
f 221/13/204 222/14/205 223/15/15
f 223/15/15 224/16/206 221/13/204
f 225/17/207 226/18/208 227/19/209
f 227/19/209 228/20/210 225/17/207
f 229/21/211 230/22/212 231/23/213
f 231/23/213 232/24/214 229/21/211
f 233/25/215 234/26/216 235/27/217
f 235/27/217 236/28/218 233/25/215
f 237/29/219 238/30/220 239/31/221
f 239/31/221 240/32/222 237/29/219
f 241/33/223 242/34/224 243/35/225
f 243/35/225 244/36/226 241/33/223
f 245/37/227 246/38/228 247/39/229
f 247/39/229 248/40/230 245/37/227
f 249/41/231 250/42/232 251/43/233
f 251/43/233 252/44/234 249/41/231
f 253/45/235 254/46/236 255/47/237
f 255/47/237 256/48/238 253/45/235
f 257/49/239 258/50/240 259/51/241
f 259/51/241 260/52/242 257/49/239
f 247/39/229 246/38/228 261/53/206
f 261/53/206 262/54/243 247/39/229
f 250/42/232 263/55/244 222/14/205
f 222/14/205 251/43/233 250/42/232
f 255/47/237 254/46/236 264/56/245
f 264/56/245 265/57/246 255/47/237
f 258/50/240 266/58/247 267/59/248
f 267/59/248 259/51/241 258/50/240
f 220/60/203 219/61/202 268/62/249
f 268/62/249 269/63/250 220/60/203
f 248/40/230 225/17/207 228/20/210
f 228/20/210 270/64/251 248/40/230
f 271/65/252 241/66/223 213/5/196
f 213/5/196 216/8/199 271/65/252
f 256/48/238 237/29/219 240/32/222
f 240/32/222 272/67/253 256/48/238
f 232/24/214 273/68/254 252/44/234
f 252/44/234 229/21/211 232/24/214
f 228/20/210 274/69/255 211/3/194
f 211/3/194 270/64/251 228/20/210
f 236/28/218 244/70/226 260/52/242
f 260/52/242 233/25/215 236/28/218
f 240/32/222 275/71/256 276/72/257
f 276/72/257 272/67/253 240/32/222
f 225/17/207 248/40/230 247/39/229
f 247/39/229 277/73/258 225/17/207
f 229/21/211 252/44/234 251/43/233
f 251/43/233 278/74/259 229/21/211
f 237/29/219 256/48/238 255/47/237
f 255/47/237 279/75/260 237/29/219
f 233/25/215 260/52/242 259/51/241
f 259/51/241 280/76/261 233/25/215
f 277/73/258 247/39/229 262/54/243
f 262/54/243 281/77/262 277/73/258
f 278/74/259 251/43/233 222/14/205
f 222/14/205 221/13/204 278/74/259
f 279/75/260 255/47/237 265/57/246
f 265/57/246 282/78/263 279/75/260
f 280/76/261 259/51/241 267/59/248
f 267/59/248 283/79/264 280/76/261
f 284/80/265 275/71/256 285/81/266
f 285/81/266 286/82/267 284/80/265
f 282/78/263 287/83/268 288/84/269
f 288/84/269 289/85/270 282/78/263
f 260/52/242 244/70/226 243/86/225
f 243/86/225 257/49/239 260/52/242
f 249/41/231 290/87/271 239/31/221
f 239/31/221 238/30/220 249/41/231
f 291/88/272 292/89/273 242/34/224
f 242/34/224 293/90/274 291/88/272
f 238/30/220 237/29/219 279/75/260
f 279/75/260 294/91/232 238/30/220
f 226/18/208 295/92/275 258/50/240
f 258/50/240 257/49/239 226/18/208
f 279/75/260 282/78/263 289/85/270
f 289/85/270 294/91/232 279/75/260
f 295/92/275 296/93/276 266/58/247
f 266/58/247 258/50/240 295/92/275
f 286/82/267 285/81/266 218/10/201
f 218/10/201 217/9/200 286/82/267
f 289/85/270 288/84/269 297/94/277
f 297/94/277 263/55/244 289/85/270
f 257/49/239 243/86/225 227/19/209
f 227/19/209 226/18/208 257/49/239
f 238/30/220 294/91/232 250/42/232
f 250/42/232 249/41/231 238/30/220
f 294/91/232 289/85/270 263/55/244
f 263/55/244 250/42/232 294/91/232
f 252/44/234 273/68/254 290/87/271
f 290/87/271 249/41/231 252/44/234
f 298/95/278 274/96/255 292/89/273
f 292/89/273 291/88/272 298/95/278
f 226/18/208 225/17/207 277/73/258
f 277/73/258 295/92/275 226/18/208
f 277/73/258 281/77/262 296/93/276
f 296/93/276 295/92/275 277/73/258
f 299/97/279 300/98/280 210/2/193
f 210/2/193 209/1/192 299/97/279
f 235/27/217 301/99/281 302/100/282
f 302/100/282 214/6/197 235/27/217
f 262/54/243 261/53/206 303/101/15
f 303/101/15 281/77/262 262/54/243
f 248/40/230 270/64/251 304/102/283
f 304/102/283 245/37/227 248/40/230
f 253/45/235 301/99/281 235/27/217
f 235/27/217 234/26/216 253/45/235
f 230/22/212 305/103/228 246/38/228
f 246/38/228 245/37/227 230/22/212
f 234/26/216 233/25/215 280/76/261
f 280/76/261 306/104/284 234/26/216
f 305/103/228 224/16/206 261/53/206
f 261/53/206 246/38/228 305/103/228
f 280/76/261 283/79/264 307/105/285
f 307/105/285 306/104/284 280/76/261
f 266/58/247 308/106/286 309/107/287
f 309/107/287 267/59/248 266/58/247
f 266/58/247 296/93/276 310/108/288
f 310/108/288 308/106/286 266/58/247
f 261/53/206 224/16/206 223/15/15
f 223/15/15 303/101/15 261/53/206
f 245/37/227 304/102/283 231/23/213
f 231/23/213 230/22/212 245/37/227
f 234/26/216 306/104/284 254/46/236
f 254/46/236 253/45/235 234/26/216
f 306/104/284 307/105/285 264/56/245
f 264/56/245 254/46/236 306/104/284
f 308/106/286 288/84/269 287/83/268
f 287/83/268 309/107/287 308/106/286
f 288/84/269 308/106/286 310/108/288
f 310/108/288 297/94/277 288/84/269
f 299/97/279 269/63/250 268/62/249
f 268/62/249 300/98/280 299/97/279
f 301/99/281 272/67/253 276/72/257
f 276/72/257 302/100/282 301/99/281
f 256/48/238 272/67/253 301/99/281
f 301/99/281 253/45/235 256/48/238
f 230/22/212 229/21/211 278/74/259
f 278/74/259 305/103/228 230/22/212
f 278/74/259 221/13/204 224/16/206
f 224/16/206 305/103/228 278/74/259
f 210/2/193 304/102/283 270/64/251
f 270/64/251 211/3/194 210/2/193
f 236/28/218 235/27/217 214/6/197
f 214/6/197 213/5/196 236/28/218
f 290/109/271 273/110/254 219/11/202
f 219/11/202 218/10/201 290/109/271
f 271/111/252 293/90/274 242/34/224
f 242/34/224 241/33/223 271/111/252
f 273/68/254 232/24/214 268/62/249
f 268/62/249 219/61/202 273/68/254
f 244/70/226 236/28/218 213/5/196
f 213/5/196 241/66/223 244/70/226
f 298/112/278 212/4/195 211/3/194
f 211/3/194 274/69/255 298/112/278
f 284/80/265 311/113/289 276/72/257
f 276/72/257 275/71/256 284/80/265
f 240/32/222 239/114/221 285/81/266
f 285/81/266 275/71/256 240/32/222
f 227/115/209 243/35/225 242/34/224
f 242/34/224 292/89/273 227/115/209
f 239/114/221 290/109/271 218/10/201
f 218/10/201 285/81/266 239/114/221
f 228/116/210 227/115/209 292/89/273
f 292/89/273 274/96/255 228/116/210
f 231/23/213 304/102/283 210/2/193
f 210/2/193 300/98/280 231/23/213
f 312/117/290 215/7/198 214/6/197
f 214/6/197 302/100/282 312/117/290
f 232/24/214 231/23/213 300/98/280
f 300/98/280 268/62/249 232/24/214
f 311/113/289 312/117/290 302/100/282
f 302/100/282 276/72/257 311/113/289
f 263/55/244 297/94/277 223/15/15
f 223/15/15 222/14/205 263/55/244
f 297/94/277 310/108/288 303/101/15
f 303/101/15 223/15/15 297/94/277
f 310/108/288 296/93/276 281/77/262
f 281/77/262 303/101/15 310/108/288
f 265/57/246 264/56/245 287/83/268
f 287/83/268 282/78/263 265/57/246
f 264/56/245 307/105/285 309/107/287
f 309/107/287 287/83/268 264/56/245
f 309/107/287 307/105/285 283/79/264
f 283/79/264 267/59/248 309/107/287
f 313/1/291 314/2/292 315/3/293
f 315/3/293 316/4/294 313/1/291
f 317/5/295 318/6/296 319/7/297
f 319/7/297 320/8/298 317/5/295
f 321/9/299 322/10/300 323/11/301
f 323/11/301 324/12/302 321/9/299
f 325/13/303 326/14/304 327/15/15
f 327/15/15 328/16/305 325/13/303
f 329/17/306 330/18/307 331/19/308
f 331/19/308 332/20/309 329/17/306
f 333/21/310 334/22/311 335/23/312
f 335/23/312 336/24/313 333/21/310
f 337/25/314 338/26/315 339/27/316
f 339/27/316 340/28/317 337/25/314
f 341/29/318 342/30/319 343/31/320
f 343/31/320 344/32/321 341/29/318
f 345/33/322 346/34/323 347/35/324
f 347/35/324 348/36/325 345/33/322
f 349/37/326 350/38/327 351/39/328
f 351/39/328 352/40/329 349/37/326
f 353/41/330 354/42/331 355/43/332
f 355/43/332 356/44/333 353/41/330
f 357/45/334 358/46/335 359/47/336
f 359/47/336 360/48/337 357/45/334
f 361/49/338 362/50/339 363/51/340
f 363/51/340 364/52/341 361/49/338
f 351/39/328 350/38/327 365/53/305
f 365/53/305 366/54/342 351/39/328
f 354/42/331 367/55/343 326/14/304
f 326/14/304 355/43/332 354/42/331
f 359/47/336 358/46/335 368/56/344
f 368/56/344 369/57/345 359/47/336
f 362/50/339 370/58/346 371/59/347
f 371/59/347 363/51/340 362/50/339
f 324/60/302 323/61/301 372/62/348
f 372/62/348 373/63/349 324/60/302
f 352/40/329 329/17/306 332/20/309
f 332/20/309 374/64/350 352/40/329
f 375/65/351 345/66/322 317/5/295
f 317/5/295 320/8/298 375/65/351
f 360/48/337 341/29/318 344/32/321
f 344/32/321 376/67/352 360/48/337
f 336/24/313 377/68/353 356/44/333
f 356/44/333 333/21/310 336/24/313
f 332/20/309 378/69/354 315/3/293
f 315/3/293 374/64/350 332/20/309
f 340/28/317 348/70/325 364/52/341
f 364/52/341 337/25/314 340/28/317
f 344/32/321 379/71/355 380/72/356
f 380/72/356 376/67/352 344/32/321
f 329/17/306 352/40/329 351/39/328
f 351/39/328 381/73/357 329/17/306
f 333/21/310 356/44/333 355/43/332
f 355/43/332 382/74/358 333/21/310
f 341/29/318 360/48/337 359/47/336
f 359/47/336 383/75/359 341/29/318
f 337/25/314 364/52/341 363/51/340
f 363/51/340 384/76/360 337/25/314
f 381/73/357 351/39/328 366/54/342
f 366/54/342 385/77/361 381/73/357
f 382/74/358 355/43/332 326/14/304
f 326/14/304 325/13/303 382/74/358
f 383/75/359 359/47/336 369/57/345
f 369/57/345 386/78/362 383/75/359
f 384/76/360 363/51/340 371/59/347
f 371/59/347 387/79/363 384/76/360
f 388/80/364 379/71/355 389/81/365
f 389/81/365 390/82/366 388/80/364
f 386/78/362 391/83/367 392/84/368
f 392/84/368 393/85/369 386/78/362
f 364/52/341 348/70/325 347/86/324
f 347/86/324 361/49/338 364/52/341
f 353/41/330 394/87/370 343/31/320
f 343/31/320 342/30/319 353/41/330
f 395/88/371 396/89/372 346/34/323
f 346/34/323 397/90/373 395/88/371
f 342/30/319 341/29/318 383/75/359
f 383/75/359 398/91/331 342/30/319
f 330/18/307 399/92/374 362/50/339
f 362/50/339 361/49/338 330/18/307
f 383/75/359 386/78/362 393/85/369
f 393/85/369 398/91/331 383/75/359
f 399/92/374 400/93/375 370/58/346
f 370/58/346 362/50/339 399/92/374
f 390/82/366 389/81/365 322/10/300
f 322/10/300 321/9/299 390/82/366
f 393/85/369 392/84/368 401/94/376
f 401/94/376 367/55/343 393/85/369
f 361/49/338 347/86/324 331/19/308
f 331/19/308 330/18/307 361/49/338
f 342/30/319 398/91/331 354/42/331
f 354/42/331 353/41/330 342/30/319
f 398/91/331 393/85/369 367/55/343
f 367/55/343 354/42/331 398/91/331
f 356/44/333 377/68/353 394/87/370
f 394/87/370 353/41/330 356/44/333
f 402/95/377 378/96/354 396/89/372
f 396/89/372 395/88/371 402/95/377
f 330/18/307 329/17/306 381/73/357
f 381/73/357 399/92/374 330/18/307
f 381/73/357 385/77/361 400/93/375
f 400/93/375 399/92/374 381/73/357
f 403/97/378 404/98/379 314/2/292
f 314/2/292 313/1/291 403/97/378
f 339/27/316 405/99/380 406/100/381
f 406/100/381 318/6/296 339/27/316
f 366/54/342 365/53/305 407/101/15
f 407/101/15 385/77/361 366/54/342
f 352/40/329 374/64/350 408/102/382
f 408/102/382 349/37/326 352/40/329
f 357/45/334 405/99/380 339/27/316
f 339/27/316 338/26/315 357/45/334
f 334/22/311 409/103/327 350/38/327
f 350/38/327 349/37/326 334/22/311
f 338/26/315 337/25/314 384/76/360
f 384/76/360 410/104/383 338/26/315
f 409/103/327 328/16/305 365/53/305
f 365/53/305 350/38/327 409/103/327
f 384/76/360 387/79/363 411/105/384
f 411/105/384 410/104/383 384/76/360
f 370/58/346 412/106/385 413/107/386
f 413/107/386 371/59/347 370/58/346
f 370/58/346 400/93/375 414/108/387
f 414/108/387 412/106/385 370/58/346
f 365/53/305 328/16/305 327/15/15
f 327/15/15 407/101/15 365/53/305
f 349/37/326 408/102/382 335/23/312
f 335/23/312 334/22/311 349/37/326
f 338/26/315 410/104/383 358/46/335
f 358/46/335 357/45/334 338/26/315
f 410/104/383 411/105/384 368/56/344
f 368/56/344 358/46/335 410/104/383
f 412/106/385 392/84/368 391/83/367
f 391/83/367 413/107/386 412/106/385
f 392/84/368 412/106/385 414/108/387
f 414/108/387 401/94/376 392/84/368
f 403/97/378 373/63/349 372/62/348
f 372/62/348 404/98/379 403/97/378
f 405/99/380 376/67/352 380/72/356
f 380/72/356 406/100/381 405/99/380
f 360/48/337 376/67/352 405/99/380
f 405/99/380 357/45/334 360/48/337
f 334/22/311 333/21/310 382/74/358
f 382/74/358 409/103/327 334/22/311
f 382/74/358 325/13/303 328/16/305
f 328/16/305 409/103/327 382/74/358
f 314/2/292 408/102/382 374/64/350
f 374/64/350 315/3/293 314/2/292
f 340/28/317 339/27/316 318/6/296
f 318/6/296 317/5/295 340/28/317
f 394/109/370 377/110/353 323/11/301
f 323/11/301 322/10/300 394/109/370
f 375/111/351 397/90/373 346/34/323
f 346/34/323 345/33/322 375/111/351
f 377/68/353 336/24/313 372/62/348
f 372/62/348 323/61/301 377/68/353
f 348/70/325 340/28/317 317/5/295
f 317/5/295 345/66/322 348/70/325
f 402/112/377 316/4/294 315/3/293
f 315/3/293 378/69/354 402/112/377
f 388/80/364 415/113/388 380/72/356
f 380/72/356 379/71/355 388/80/364
f 344/32/321 343/114/320 389/81/365
f 389/81/365 379/71/355 344/32/321
f 331/115/308 347/35/324 346/34/323
f 346/34/323 396/89/372 331/115/308
f 343/114/320 394/109/370 322/10/300
f 322/10/300 389/81/365 343/114/320
f 332/116/309 331/115/308 396/89/372
f 396/89/372 378/96/354 332/116/309
f 335/23/312 408/102/382 314/2/292
f 314/2/292 404/98/379 335/23/312
f 416/117/389 319/7/297 318/6/296
f 318/6/296 406/100/381 416/117/389
f 336/24/313 335/23/312 404/98/379
f 404/98/379 372/62/348 336/24/313
f 415/113/388 416/117/389 406/100/381
f 406/100/381 380/72/356 415/113/388
f 367/55/343 401/94/376 327/15/15
f 327/15/15 326/14/304 367/55/343
f 401/94/376 414/108/387 407/101/15
f 407/101/15 327/15/15 401/94/376
f 414/108/387 400/93/375 385/77/361
f 385/77/361 407/101/15 414/108/387
f 369/57/345 368/56/344 391/83/367
f 391/83/367 386/78/362 369/57/345
f 368/56/344 411/105/384 413/107/386
f 413/107/386 391/83/367 368/56/344
f 413/107/386 411/105/384 387/79/363
f 387/79/363 371/59/347 413/107/386
f 417/1/390 418/2/391 419/3/392
f 419/3/392 420/4/393 417/1/390
f 421/5/394 422/6/395 423/7/396
f 423/7/396 424/8/397 421/5/394
f 425/9/398 426/10/399 427/11/400
f 427/11/400 428/12/401 425/9/398
f 429/13/402 430/14/403 431/15/15
f 431/15/15 432/16/305 429/13/402
f 433/17/404 434/18/405 435/19/406
f 435/19/406 436/20/407 433/17/404
f 437/21/408 438/22/311 439/23/409
f 439/23/409 440/24/410 437/21/408
f 441/25/411 442/26/412 443/27/413
f 443/27/413 444/28/414 441/25/411
f 445/29/415 446/30/416 447/31/417
f 447/31/417 448/32/418 445/29/415
f 449/33/419 450/34/420 451/35/421
f 451/35/421 452/36/422 449/33/419
f 453/37/326 454/38/327 455/39/423
f 455/39/423 456/40/424 453/37/326
f 457/41/425 458/42/426 459/43/427
f 459/43/427 460/44/428 457/41/425
f 461/45/429 462/46/430 463/47/431
f 463/47/431 464/48/432 461/45/429
f 465/49/433 466/50/434 467/51/435
f 467/51/435 468/52/436 465/49/433
f 455/39/423 454/38/327 469/53/305
f 469/53/305 470/54/437 455/39/423
f 458/42/426 471/55/438 430/14/403
f 430/14/403 459/43/427 458/42/426
f 463/47/431 462/46/430 472/56/439
f 472/56/439 473/57/440 463/47/431
f 466/50/434 474/58/441 475/59/442
f 475/59/442 467/51/435 466/50/434
f 428/60/401 427/61/400 476/62/443
f 476/62/443 477/63/444 428/60/401
f 456/40/424 433/17/404 436/20/407
f 436/20/407 478/64/445 456/40/424
f 479/65/446 449/66/419 421/5/394
f 421/5/394 424/8/397 479/65/446
f 464/48/432 445/29/415 448/32/418
f 448/32/418 480/67/447 464/48/432
f 440/24/410 481/68/448 460/44/428
f 460/44/428 437/21/408 440/24/410
f 436/20/407 482/69/449 419/3/392
f 419/3/392 478/64/445 436/20/407
f 444/28/414 452/70/422 468/52/436
f 468/52/436 441/25/411 444/28/414
f 448/32/418 483/71/450 484/72/451
f 484/72/451 480/67/447 448/32/418
f 433/17/404 456/40/424 455/39/423
f 455/39/423 485/73/452 433/17/404
f 437/21/408 460/44/428 459/43/427
f 459/43/427 486/74/453 437/21/408
f 445/29/415 464/48/432 463/47/431
f 463/47/431 487/75/454 445/29/415
f 441/25/411 468/52/436 467/51/435
f 467/51/435 488/76/455 441/25/411
f 485/73/452 455/39/423 470/54/437
f 470/54/437 489/77/456 485/73/452
f 486/74/453 459/43/427 430/14/403
f 430/14/403 429/13/402 486/74/453
f 487/75/454 463/47/431 473/57/440
f 473/57/440 490/78/457 487/75/454
f 488/76/455 467/51/435 475/59/442
f 475/59/442 491/79/458 488/76/455
f 492/80/459 483/71/450 493/81/460
f 493/81/460 494/82/461 492/80/459
f 490/78/457 495/83/462 496/84/463
f 496/84/463 497/85/464 490/78/457
f 468/52/436 452/70/422 451/86/421
f 451/86/421 465/49/433 468/52/436
f 457/41/425 498/87/465 447/31/417
f 447/31/417 446/30/416 457/41/425
f 499/88/466 500/89/467 450/34/420
f 450/34/420 501/90/468 499/88/466
f 446/30/416 445/29/415 487/75/454
f 487/75/454 502/91/426 446/30/416
f 434/18/405 503/92/469 466/50/434
f 466/50/434 465/49/433 434/18/405
f 487/75/454 490/78/457 497/85/464
f 497/85/464 502/91/426 487/75/454
f 503/92/469 504/93/470 474/58/441
f 474/58/441 466/50/434 503/92/469
f 494/82/461 493/81/460 426/10/399
f 426/10/399 425/9/398 494/82/461
f 497/85/464 496/84/463 505/94/471
f 505/94/471 471/55/438 497/85/464
f 465/49/433 451/86/421 435/19/406
f 435/19/406 434/18/405 465/49/433
f 446/30/416 502/91/426 458/42/426
f 458/42/426 457/41/425 446/30/416
f 502/91/426 497/85/464 471/55/438
f 471/55/438 458/42/426 502/91/426
f 460/44/428 481/68/448 498/87/465
f 498/87/465 457/41/425 460/44/428
f 506/95/472 482/96/449 500/89/467
f 500/89/467 499/88/466 506/95/472
f 434/18/405 433/17/404 485/73/452
f 485/73/452 503/92/469 434/18/405
f 485/73/452 489/77/456 504/93/470
f 504/93/470 503/92/469 485/73/452
f 507/97/473 508/98/474 418/2/391
f 418/2/391 417/1/390 507/97/473
f 443/27/413 509/99/475 510/100/476
f 510/100/476 422/6/395 443/27/413
f 470/54/437 469/53/305 511/101/15
f 511/101/15 489/77/456 470/54/437
f 456/40/424 478/64/445 512/102/382
f 512/102/382 453/37/326 456/40/424
f 461/45/429 509/99/475 443/27/413
f 443/27/413 442/26/412 461/45/429
f 438/22/311 513/103/327 454/38/327
f 454/38/327 453/37/326 438/22/311
f 442/26/412 441/25/411 488/76/455
f 488/76/455 514/104/477 442/26/412
f 513/103/327 432/16/305 469/53/305
f 469/53/305 454/38/327 513/103/327
f 488/76/455 491/79/458 515/105/478
f 515/105/478 514/104/477 488/76/455
f 474/58/441 516/106/479 517/107/480
f 517/107/480 475/59/442 474/58/441
f 474/58/441 504/93/470 518/108/481
f 518/108/481 516/106/479 474/58/441
f 469/53/305 432/16/305 431/15/15
f 431/15/15 511/101/15 469/53/305
f 453/37/326 512/102/382 439/23/409
f 439/23/409 438/22/311 453/37/326
f 442/26/412 514/104/477 462/46/430
f 462/46/430 461/45/429 442/26/412
f 514/104/477 515/105/478 472/56/439
f 472/56/439 462/46/430 514/104/477
f 516/106/479 496/84/463 495/83/462
f 495/83/462 517/107/480 516/106/479
f 496/84/463 516/106/479 518/108/481
f 518/108/481 505/94/471 496/84/463
f 507/97/473 477/63/444 476/62/443
f 476/62/443 508/98/474 507/97/473
f 509/99/475 480/67/447 484/72/451
f 484/72/451 510/100/476 509/99/475
f 464/48/432 480/67/447 509/99/475
f 509/99/475 461/45/429 464/48/432
f 438/22/311 437/21/408 486/74/453
f 486/74/453 513/103/327 438/22/311
f 486/74/453 429/13/402 432/16/305
f 432/16/305 513/103/327 486/74/453
f 418/2/391 512/102/382 478/64/445
f 478/64/445 419/3/392 418/2/391
f 444/28/414 443/27/413 422/6/395
f 422/6/395 421/5/394 444/28/414
f 498/109/465 481/110/448 427/11/400
f 427/11/400 426/10/399 498/109/465
f 479/111/446 501/90/468 450/34/420
f 450/34/420 449/33/419 479/111/446
f 481/68/448 440/24/410 476/62/443
f 476/62/443 427/61/400 481/68/448
f 452/70/422 444/28/414 421/5/394
f 421/5/394 449/66/419 452/70/422
f 506/112/472 420/4/393 419/3/392
f 419/3/392 482/69/449 506/112/472
f 492/80/459 519/113/482 484/72/451
f 484/72/451 483/71/450 492/80/459
f 448/32/418 447/114/417 493/81/460
f 493/81/460 483/71/450 448/32/418
f 435/115/406 451/35/421 450/34/420
f 450/34/420 500/89/467 435/115/406
f 447/114/417 498/109/465 426/10/399
f 426/10/399 493/81/460 447/114/417
f 436/116/407 435/115/406 500/89/467
f 500/89/467 482/96/449 436/116/407
f 439/23/409 512/102/382 418/2/391
f 418/2/391 508/98/474 439/23/409
f 520/117/483 423/7/396 422/6/395
f 422/6/395 510/100/476 520/117/483
f 440/24/410 439/23/409 508/98/474
f 508/98/474 476/62/443 440/24/410
f 519/113/482 520/117/483 510/100/476
f 510/100/476 484/72/451 519/113/482
f 471/55/438 505/94/471 431/15/15
f 431/15/15 430/14/403 471/55/438
f 505/94/471 518/108/481 511/101/15
f 511/101/15 431/15/15 505/94/471
f 518/108/481 504/93/470 489/77/456
f 489/77/456 511/101/15 518/108/481
f 473/57/440 472/56/439 495/83/462
f 495/83/462 490/78/457 473/57/440
f 472/56/439 515/105/478 517/107/480
f 517/107/480 495/83/462 472/56/439
f 517/107/480 515/105/478 491/79/458
f 491/79/458 475/59/442 517/107/480
f 521/1/484 522/2/485 523/3/486
f 523/3/486 524/4/487 521/1/484
f 525/5/488 526/6/489 527/7/490
f 527/7/490 528/8/491 525/5/488
f 529/9/492 530/10/493 531/11/494
f 531/11/494 532/12/495 529/9/492
f 533/13/496 534/14/497 535/15/15
f 535/15/15 536/16/305 533/13/496
f 537/17/498 538/18/499 539/19/500
f 539/19/500 540/20/501 537/17/498
f 541/21/502 542/22/311 543/23/409
f 543/23/409 544/24/503 541/21/502
f 545/25/504 546/26/412 547/27/413
f 547/27/413 548/28/505 545/25/504
f 549/29/506 550/30/507 551/31/508
f 551/31/508 552/32/509 549/29/506
f 553/33/510 554/34/511 555/35/512
f 555/35/512 556/36/513 553/33/510
f 557/37/326 558/38/327 559/39/514
f 559/39/514 560/40/515 557/37/326
f 561/41/516 562/42/517 563/43/518
f 563/43/518 564/44/519 561/41/516
f 565/45/520 566/46/521 567/47/522
f 567/47/522 568/48/523 565/45/520
f 569/49/524 570/50/525 571/51/526
f 571/51/526 572/52/527 569/49/524
f 559/39/514 558/38/327 573/53/305
f 573/53/305 574/54/528 559/39/514
f 562/42/517 575/55/529 534/14/497
f 534/14/497 563/43/518 562/42/517
f 567/47/522 566/46/521 576/56/530
f 576/56/530 577/57/531 567/47/522
f 570/50/525 578/58/532 579/59/533
f 579/59/533 571/51/526 570/50/525
f 532/60/495 531/61/494 580/62/534
f 580/62/534 581/63/535 532/60/495
f 560/40/515 537/17/498 540/20/501
f 540/20/501 582/64/536 560/40/515
f 583/65/537 553/66/510 525/5/488
f 525/5/488 528/8/491 583/65/537
f 568/48/523 549/29/506 552/32/509
f 552/32/509 584/67/538 568/48/523
f 544/24/503 585/68/539 564/44/519
f 564/44/519 541/21/502 544/24/503
f 540/20/501 586/69/540 523/3/486
f 523/3/486 582/64/536 540/20/501
f 548/28/505 556/70/513 572/52/527
f 572/52/527 545/25/504 548/28/505
f 552/32/509 587/71/541 588/72/542
f 588/72/542 584/67/538 552/32/509
f 537/17/498 560/40/515 559/39/514
f 559/39/514 589/73/543 537/17/498
f 541/21/502 564/44/519 563/43/518
f 563/43/518 590/74/544 541/21/502
f 549/29/506 568/48/523 567/47/522
f 567/47/522 591/75/545 549/29/506
f 545/25/504 572/52/527 571/51/526
f 571/51/526 592/76/546 545/25/504
f 589/73/543 559/39/514 574/54/528
f 574/54/528 593/77/547 589/73/543
f 590/74/544 563/43/518 534/14/497
f 534/14/497 533/13/496 590/74/544
f 591/75/545 567/47/522 577/57/531
f 577/57/531 594/78/548 591/75/545
f 592/76/546 571/51/526 579/59/533
f 579/59/533 595/79/549 592/76/546
f 596/80/550 587/71/541 597/81/551
f 597/81/551 598/82/552 596/80/550
f 594/78/548 599/83/553 600/84/554
f 600/84/554 601/85/555 594/78/548
f 572/52/527 556/70/513 555/86/512
f 555/86/512 569/49/524 572/52/527
f 561/41/516 602/87/556 551/31/508
f 551/31/508 550/30/507 561/41/516
f 603/88/557 604/89/558 554/34/511
f 554/34/511 605/90/559 603/88/557
f 550/30/507 549/29/506 591/75/545
f 591/75/545 606/91/517 550/30/507
f 538/18/499 607/92/560 570/50/525
f 570/50/525 569/49/524 538/18/499
f 591/75/545 594/78/548 601/85/555
f 601/85/555 606/91/517 591/75/545
f 607/92/560 608/93/561 578/58/532
f 578/58/532 570/50/525 607/92/560
f 598/82/552 597/81/551 530/10/493
f 530/10/493 529/9/492 598/82/552
f 601/85/555 600/84/554 609/94/471
f 609/94/471 575/55/529 601/85/555
f 569/49/524 555/86/512 539/19/500
f 539/19/500 538/18/499 569/49/524
f 550/30/507 606/91/517 562/42/517
f 562/42/517 561/41/516 550/30/507
f 606/91/517 601/85/555 575/55/529
f 575/55/529 562/42/517 606/91/517
f 564/44/519 585/68/539 602/87/556
f 602/87/556 561/41/516 564/44/519
f 610/95/562 586/96/540 604/89/558
f 604/89/558 603/88/557 610/95/562
f 538/18/499 537/17/498 589/73/543
f 589/73/543 607/92/560 538/18/499
f 589/73/543 593/77/547 608/93/561
f 608/93/561 607/92/560 589/73/543
f 611/97/563 612/98/474 522/2/485
f 522/2/485 521/1/484 611/97/563
f 547/27/413 613/99/564 614/100/565
f 614/100/565 526/6/489 547/27/413
f 574/54/528 573/53/305 615/101/15
f 615/101/15 593/77/547 574/54/528
f 560/40/515 582/64/536 616/102/382
f 616/102/382 557/37/326 560/40/515
f 565/45/520 613/99/564 547/27/413
f 547/27/413 546/26/412 565/45/520
f 542/22/311 617/103/327 558/38/327
f 558/38/327 557/37/326 542/22/311
f 546/26/412 545/25/504 592/76/546
f 592/76/546 618/104/477 546/26/412
f 617/103/327 536/16/305 573/53/305
f 573/53/305 558/38/327 617/103/327
f 592/76/546 595/79/549 619/105/566
f 619/105/566 618/104/477 592/76/546
f 578/58/532 620/106/567 621/107/568
f 621/107/568 579/59/533 578/58/532
f 578/58/532 608/93/561 622/108/569
f 622/108/569 620/106/567 578/58/532
f 573/53/305 536/16/305 535/15/15
f 535/15/15 615/101/15 573/53/305
f 557/37/326 616/102/382 543/23/409
f 543/23/409 542/22/311 557/37/326
f 546/26/412 618/104/477 566/46/521
f 566/46/521 565/45/520 546/26/412
f 618/104/477 619/105/566 576/56/530
f 576/56/530 566/46/521 618/104/477
f 620/106/567 600/84/554 599/83/553
f 599/83/553 621/107/568 620/106/567
f 600/84/554 620/106/567 622/108/569
f 622/108/569 609/94/471 600/84/554
f 611/97/563 581/63/535 580/62/534
f 580/62/534 612/98/474 611/97/563
f 613/99/564 584/67/538 588/72/542
f 588/72/542 614/100/565 613/99/564
f 568/48/523 584/67/538 613/99/564
f 613/99/564 565/45/520 568/48/523
f 542/22/311 541/21/502 590/74/544
f 590/74/544 617/103/327 542/22/311
f 590/74/544 533/13/496 536/16/305
f 536/16/305 617/103/327 590/74/544
f 522/2/485 616/102/382 582/64/536
f 582/64/536 523/3/486 522/2/485
f 548/28/505 547/27/413 526/6/489
f 526/6/489 525/5/488 548/28/505
f 602/109/556 585/110/539 531/11/494
f 531/11/494 530/10/493 602/109/556
f 583/111/537 605/90/559 554/34/511
f 554/34/511 553/33/510 583/111/537
f 585/68/539 544/24/503 580/62/534
f 580/62/534 531/61/494 585/68/539
f 556/70/513 548/28/505 525/5/488
f 525/5/488 553/66/510 556/70/513
f 610/112/562 524/4/487 523/3/486
f 523/3/486 586/69/540 610/112/562
f 596/80/550 623/113/570 588/72/542
f 588/72/542 587/71/541 596/80/550
f 552/32/509 551/114/508 597/81/551
f 597/81/551 587/71/541 552/32/509
f 539/115/500 555/35/512 554/34/511
f 554/34/511 604/89/558 539/115/500
f 551/114/508 602/109/556 530/10/493
f 530/10/493 597/81/551 551/114/508
f 540/116/501 539/115/500 604/89/558
f 604/89/558 586/96/540 540/116/501
f 543/23/409 616/102/382 522/2/485
f 522/2/485 612/98/474 543/23/409
f 624/117/571 527/7/490 526/6/489
f 526/6/489 614/100/565 624/117/571
f 544/24/503 543/23/409 612/98/474
f 612/98/474 580/62/534 544/24/503
f 623/113/570 624/117/571 614/100/565
f 614/100/565 588/72/542 623/113/570
f 575/55/529 609/94/471 535/15/15
f 535/15/15 534/14/497 575/55/529
f 609/94/471 622/108/569 615/101/15
f 615/101/15 535/15/15 609/94/471
f 622/108/569 608/93/561 593/77/547
f 593/77/547 615/101/15 622/108/569
f 577/57/531 576/56/530 599/83/553
f 599/83/553 594/78/548 577/57/531
f 576/56/530 619/105/566 621/107/568
f 621/107/568 599/83/553 576/56/530
f 621/107/568 619/105/566 595/79/549
f 595/79/549 579/59/533 621/107/568
f 625/1/484 626/2/485 627/3/486
f 627/3/486 628/4/487 625/1/484
f 629/5/488 630/6/489 631/7/490
f 631/7/490 632/8/491 629/5/488
f 633/9/492 634/10/493 635/11/494
f 635/11/494 636/12/495 633/9/492
f 637/13/496 638/14/497 639/15/15
f 639/15/15 640/16/305 637/13/496
f 641/17/498 642/18/499 643/19/500
f 643/19/500 644/20/572 641/17/498
f 645/21/502 646/22/311 647/23/409
f 647/23/409 648/24/503 645/21/502
f 649/25/504 650/26/412 651/27/413
f 651/27/413 652/28/505 649/25/504
f 653/29/506 654/30/507 655/31/508
f 655/31/508 656/32/509 653/29/506
f 657/33/510 658/34/511 659/35/573
f 659/35/573 660/36/513 657/33/510
f 661/37/326 662/38/327 663/39/514
f 663/39/514 664/40/515 661/37/326
f 665/41/516 666/42/517 667/43/518
f 667/43/518 668/44/519 665/41/516
f 669/45/520 670/46/521 671/47/522
f 671/47/522 672/48/523 669/45/520
f 673/49/524 674/50/525 675/51/526
f 675/51/526 676/52/574 673/49/524
f 663/39/514 662/38/327 677/53/305
f 677/53/305 678/54/528 663/39/514
f 666/42/517 679/55/529 638/14/497
f 638/14/497 667/43/518 666/42/517
f 671/47/522 670/46/521 680/56/530
f 680/56/530 681/57/531 671/47/522
f 674/50/525 682/58/532 683/59/533
f 683/59/533 675/51/526 674/50/525
f 636/60/495 635/61/494 684/62/534
f 684/62/534 685/63/535 636/60/495
f 664/40/515 641/17/498 644/20/572
f 644/20/572 686/64/575 664/40/515
f 687/65/537 657/66/510 629/5/488
f 629/5/488 632/8/491 687/65/537
f 672/48/523 653/29/506 656/32/509
f 656/32/509 688/67/538 672/48/523
f 648/24/503 689/68/539 668/44/519
f 668/44/519 645/21/502 648/24/503
f 644/20/572 690/69/540 627/3/486
f 627/3/486 686/64/575 644/20/572
f 652/28/505 660/70/513 676/52/574
f 676/52/574 649/25/504 652/28/505
f 656/32/509 691/71/541 692/72/542
f 692/72/542 688/67/538 656/32/509
f 641/17/498 664/40/515 663/39/514
f 663/39/514 693/73/543 641/17/498
f 645/21/502 668/44/519 667/43/518
f 667/43/518 694/74/544 645/21/502
f 653/29/506 672/48/523 671/47/522
f 671/47/522 695/75/545 653/29/506
f 649/25/504 676/52/574 675/51/526
f 675/51/526 696/76/546 649/25/504
f 693/73/543 663/39/514 678/54/528
f 678/54/528 697/77/547 693/73/543
f 694/74/544 667/43/518 638/14/497
f 638/14/497 637/13/496 694/74/544
f 695/75/545 671/47/522 681/57/531
f 681/57/531 698/78/548 695/75/545
f 696/76/546 675/51/526 683/59/533
f 683/59/533 699/79/549 696/76/546
f 700/80/550 691/71/541 701/81/551
f 701/81/551 702/82/552 700/80/550
f 698/78/548 703/83/553 704/84/554
f 704/84/554 705/85/555 698/78/548
f 676/52/574 660/70/513 659/86/573
f 659/86/573 673/49/524 676/52/574
f 665/41/516 706/87/556 655/31/508
f 655/31/508 654/30/507 665/41/516
f 707/88/557 708/89/558 658/34/511
f 658/34/511 709/90/559 707/88/557
f 654/30/507 653/29/506 695/75/545
f 695/75/545 710/91/517 654/30/507
f 642/18/499 711/92/560 674/50/525
f 674/50/525 673/49/524 642/18/499
f 695/75/545 698/78/548 705/85/555
f 705/85/555 710/91/517 695/75/545
f 711/92/560 712/93/561 682/58/532
f 682/58/532 674/50/525 711/92/560
f 702/82/552 701/81/551 634/10/493
f 634/10/493 633/9/492 702/82/552
f 705/85/555 704/84/554 713/94/471
f 713/94/471 679/55/529 705/85/555
f 673/49/524 659/86/573 643/19/500
f 643/19/500 642/18/499 673/49/524
f 654/30/507 710/91/517 666/42/517
f 666/42/517 665/41/516 654/30/507
f 710/91/517 705/85/555 679/55/529
f 679/55/529 666/42/517 710/91/517
f 668/44/519 689/68/539 706/87/556
f 706/87/556 665/41/516 668/44/519
f 714/95/562 690/96/540 708/89/558
f 708/89/558 707/88/557 714/95/562
f 642/18/499 641/17/498 693/73/543
f 693/73/543 711/92/560 642/18/499
f 693/73/543 697/77/547 712/93/561
f 712/93/561 711/92/560 693/73/543
f 715/97/563 716/98/474 626/2/485
f 626/2/485 625/1/484 715/97/563
f 651/27/413 717/99/564 718/100/565
f 718/100/565 630/6/489 651/27/413
f 678/54/528 677/53/305 719/101/15
f 719/101/15 697/77/547 678/54/528
f 664/40/515 686/64/575 720/102/382
f 720/102/382 661/37/326 664/40/515
f 669/45/520 717/99/564 651/27/413
f 651/27/413 650/26/412 669/45/520
f 646/22/311 721/103/327 662/38/327
f 662/38/327 661/37/326 646/22/311
f 650/26/412 649/25/504 696/76/546
f 696/76/546 722/104/477 650/26/412
f 721/103/327 640/16/305 677/53/305
f 677/53/305 662/38/327 721/103/327
f 696/76/546 699/79/549 723/105/566
f 723/105/566 722/104/477 696/76/546
f 682/58/532 724/106/567 725/107/568
f 725/107/568 683/59/533 682/58/532
f 682/58/532 712/93/561 726/108/569
f 726/108/569 724/106/567 682/58/532
f 677/53/305 640/16/305 639/15/15
f 639/15/15 719/101/15 677/53/305
f 661/37/326 720/102/382 647/23/409
f 647/23/409 646/22/311 661/37/326
f 650/26/412 722/104/477 670/46/521
f 670/46/521 669/45/520 650/26/412
f 722/104/477 723/105/566 680/56/530
f 680/56/530 670/46/521 722/104/477
f 724/106/567 704/84/554 703/83/553
f 703/83/553 725/107/568 724/106/567
f 704/84/554 724/106/567 726/108/569
f 726/108/569 713/94/471 704/84/554
f 715/97/563 685/63/535 684/62/534
f 684/62/534 716/98/474 715/97/563
f 717/99/564 688/67/538 692/72/542
f 692/72/542 718/100/565 717/99/564
f 672/48/523 688/67/538 717/99/564
f 717/99/564 669/45/520 672/48/523
f 646/22/311 645/21/502 694/74/544
f 694/74/544 721/103/327 646/22/311
f 694/74/544 637/13/496 640/16/305
f 640/16/305 721/103/327 694/74/544
f 626/2/485 720/102/382 686/64/575
f 686/64/575 627/3/486 626/2/485
f 652/28/505 651/27/413 630/6/489
f 630/6/489 629/5/488 652/28/505
f 706/109/556 689/110/539 635/11/494
f 635/11/494 634/10/493 706/109/556
f 687/111/537 709/90/559 658/34/511
f 658/34/511 657/33/510 687/111/537
f 689/68/539 648/24/503 684/62/534
f 684/62/534 635/61/494 689/68/539
f 660/70/513 652/28/505 629/5/488
f 629/5/488 657/66/510 660/70/513
f 714/112/562 628/4/487 627/3/486
f 627/3/486 690/69/540 714/112/562
f 700/80/550 727/113/570 692/72/542
f 692/72/542 691/71/541 700/80/550
f 656/32/509 655/114/508 701/81/551
f 701/81/551 691/71/541 656/32/509
f 643/115/500 659/35/573 658/34/511
f 658/34/511 708/89/558 643/115/500
f 655/114/508 706/109/556 634/10/493
f 634/10/493 701/81/551 655/114/508
f 644/116/572 643/115/500 708/89/558
f 708/89/558 690/96/540 644/116/572
f 647/23/409 720/102/382 626/2/485
f 626/2/485 716/98/474 647/23/409
f 728/117/571 631/7/490 630/6/489
f 630/6/489 718/100/565 728/117/571
f 648/24/503 647/23/409 716/98/474
f 716/98/474 684/62/534 648/24/503
f 727/113/570 728/117/571 718/100/565
f 718/100/565 692/72/542 727/113/570
f 679/55/529 713/94/471 639/15/15
f 639/15/15 638/14/497 679/55/529
f 713/94/471 726/108/569 719/101/15
f 719/101/15 639/15/15 713/94/471
f 726/108/569 712/93/561 697/77/547
f 697/77/547 719/101/15 726/108/569
f 681/57/531 680/56/530 703/83/553
f 703/83/553 698/78/548 681/57/531
f 680/56/530 723/105/566 725/107/568
f 725/107/568 703/83/553 680/56/530
f 725/107/568 723/105/566 699/79/549
f 699/79/549 683/59/533 725/107/568
f 729/1/576 730/2/577 731/3/578
f 731/3/578 732/4/579 729/1/576
f 733/5/580 734/6/581 735/7/582
f 735/7/582 736/8/583 733/5/580
f 737/9/584 738/10/585 739/11/586
f 739/11/586 740/12/587 737/9/584
f 741/13/588 742/14/589 743/15/15
f 743/15/15 744/16/590 741/13/588
f 745/17/591 746/18/592 747/19/593
f 747/19/593 748/20/594 745/17/591
f 749/21/595 750/22/596 751/23/597
f 751/23/597 752/24/598 749/21/595
f 753/25/599 754/26/600 755/27/601
f 755/27/601 756/28/602 753/25/599
f 757/29/603 758/30/604 759/31/605
f 759/31/605 760/32/606 757/29/603
f 761/33/607 762/34/420 763/35/608
f 763/35/608 764/36/609 761/33/607
f 765/37/610 766/38/611 767/39/612
f 767/39/612 768/40/613 765/37/610
f 769/41/614 770/42/615 771/43/616
f 771/43/616 772/44/617 769/41/614
f 773/45/618 774/46/619 775/47/620
f 775/47/620 776/48/621 773/45/618
f 777/49/622 778/50/623 779/51/624
f 779/51/624 780/52/625 777/49/622
f 767/39/612 766/38/611 781/53/590
f 781/53/590 782/54/626 767/39/612
f 770/42/615 783/55/627 742/14/589
f 742/14/589 771/43/616 770/42/615
f 775/47/620 774/46/619 784/56/628
f 784/56/628 785/57/629 775/47/620
f 778/50/623 786/58/630 787/59/631
f 787/59/631 779/51/624 778/50/623
f 740/60/587 739/61/586 788/62/632
f 788/62/632 789/63/633 740/60/587
f 768/40/613 745/17/591 748/20/594
f 748/20/594 790/64/634 768/40/613
f 791/65/635 761/66/607 733/5/580
f 733/5/580 736/8/583 791/65/635
f 776/48/621 757/29/603 760/32/606
f 760/32/606 792/67/636 776/48/621
f 752/24/598 793/68/637 772/44/617
f 772/44/617 749/21/595 752/24/598
f 748/20/594 794/69/638 731/3/578
f 731/3/578 790/64/634 748/20/594
f 756/28/602 764/70/609 780/52/625
f 780/52/625 753/25/599 756/28/602
f 760/32/606 795/71/639 796/72/640
f 796/72/640 792/67/636 760/32/606
f 745/17/591 768/40/613 767/39/612
f 767/39/612 797/73/641 745/17/591
f 749/21/595 772/44/617 771/43/616
f 771/43/616 798/74/642 749/21/595
f 757/29/603 776/48/621 775/47/620
f 775/47/620 799/75/643 757/29/603
f 753/25/599 780/52/625 779/51/624
f 779/51/624 800/76/644 753/25/599
f 797/73/641 767/39/612 782/54/626
f 782/54/626 801/77/645 797/73/641
f 798/74/642 771/43/616 742/14/589
f 742/14/589 741/13/588 798/74/642
f 799/75/643 775/47/620 785/57/629
f 785/57/629 802/78/646 799/75/643
f 800/76/644 779/51/624 787/59/631
f 787/59/631 803/79/647 800/76/644
f 804/80/648 795/71/639 805/81/649
f 805/81/649 806/82/650 804/80/648
f 802/78/646 807/83/651 808/84/652
f 808/84/652 809/85/653 802/78/646
f 780/52/625 764/70/609 763/86/608
f 763/86/608 777/49/622 780/52/625
f 769/41/614 810/87/654 759/31/605
f 759/31/605 758/30/604 769/41/614
f 811/88/655 812/89/656 762/34/420
f 762/34/420 813/90/657 811/88/655
f 758/30/604 757/29/603 799/75/643
f 799/75/643 814/91/615 758/30/604
f 746/18/592 815/92/658 778/50/623
f 778/50/623 777/49/622 746/18/592
f 799/75/643 802/78/646 809/85/653
f 809/85/653 814/91/615 799/75/643
f 815/92/658 816/93/659 786/58/630
f 786/58/630 778/50/623 815/92/658
f 806/82/650 805/81/649 738/10/585
f 738/10/585 737/9/584 806/82/650
f 809/85/653 808/84/652 817/94/660
f 817/94/660 783/55/627 809/85/653
f 777/49/622 763/86/608 747/19/593
f 747/19/593 746/18/592 777/49/622
f 758/30/604 814/91/615 770/42/615
f 770/42/615 769/41/614 758/30/604
f 814/91/615 809/85/653 783/55/627
f 783/55/627 770/42/615 814/91/615
f 772/44/617 793/68/637 810/87/654
f 810/87/654 769/41/614 772/44/617
f 818/95/661 794/96/638 812/89/656
f 812/89/656 811/88/655 818/95/661
f 746/18/592 745/17/591 797/73/641
f 797/73/641 815/92/658 746/18/592
f 797/73/641 801/77/645 816/93/659
f 816/93/659 815/92/658 797/73/641
f 819/97/662 820/98/663 730/2/577
f 730/2/577 729/1/576 819/97/662
f 755/27/601 821/99/664 822/100/665
f 822/100/665 734/6/581 755/27/601
f 782/54/626 781/53/590 823/101/15
f 823/101/15 801/77/645 782/54/626
f 768/40/613 790/64/634 824/102/666
f 824/102/666 765/37/610 768/40/613
f 773/45/618 821/99/664 755/27/601
f 755/27/601 754/26/600 773/45/618
f 750/22/596 825/103/611 766/38/611
f 766/38/611 765/37/610 750/22/596
f 754/26/600 753/25/599 800/76/644
f 800/76/644 826/104/667 754/26/600
f 825/103/611 744/16/590 781/53/590
f 781/53/590 766/38/611 825/103/611
f 800/76/644 803/79/647 827/105/668
f 827/105/668 826/104/667 800/76/644
f 786/58/630 828/106/669 829/107/670
f 829/107/670 787/59/631 786/58/630
f 786/58/630 816/93/659 830/108/671
f 830/108/671 828/106/669 786/58/630
f 781/53/590 744/16/590 743/15/15
f 743/15/15 823/101/15 781/53/590
f 765/37/610 824/102/666 751/23/597
f 751/23/597 750/22/596 765/37/610
f 754/26/600 826/104/667 774/46/619
f 774/46/619 773/45/618 754/26/600
f 826/104/667 827/105/668 784/56/628
f 784/56/628 774/46/619 826/104/667
f 828/106/669 808/84/652 807/83/651
f 807/83/651 829/107/670 828/106/669
f 808/84/652 828/106/669 830/108/671
f 830/108/671 817/94/660 808/84/652
f 819/97/662 789/63/633 788/62/632
f 788/62/632 820/98/663 819/97/662
f 821/99/664 792/67/636 796/72/640
f 796/72/640 822/100/665 821/99/664
f 776/48/621 792/67/636 821/99/664
f 821/99/664 773/45/618 776/48/621
f 750/22/596 749/21/595 798/74/642
f 798/74/642 825/103/611 750/22/596
f 798/74/642 741/13/588 744/16/590
f 744/16/590 825/103/611 798/74/642
f 730/2/577 824/102/666 790/64/634
f 790/64/634 731/3/578 730/2/577
f 756/28/602 755/27/601 734/6/581
f 734/6/581 733/5/580 756/28/602
f 810/109/654 793/110/637 739/11/586
f 739/11/586 738/10/585 810/109/654
f 791/111/635 813/90/657 762/34/420
f 762/34/420 761/33/607 791/111/635
f 793/68/637 752/24/598 788/62/632
f 788/62/632 739/61/586 793/68/637
f 764/70/609 756/28/602 733/5/580
f 733/5/580 761/66/607 764/70/609
f 818/112/661 732/4/579 731/3/578
f 731/3/578 794/69/638 818/112/661
f 804/80/648 831/113/672 796/72/640
f 796/72/640 795/71/639 804/80/648
f 760/32/606 759/114/605 805/81/649
f 805/81/649 795/71/639 760/32/606
f 747/115/593 763/35/608 762/34/420
f 762/34/420 812/89/656 747/115/593
f 759/114/605 810/109/654 738/10/585
f 738/10/585 805/81/649 759/114/605
f 748/116/594 747/115/593 812/89/656
f 812/89/656 794/96/638 748/116/594
f 751/23/597 824/102/666 730/2/577
f 730/2/577 820/98/663 751/23/597
f 832/117/673 735/7/582 734/6/581
f 734/6/581 822/100/665 832/117/673
f 752/24/598 751/23/597 820/98/663
f 820/98/663 788/62/632 752/24/598
f 831/113/672 832/117/673 822/100/665
f 822/100/665 796/72/640 831/113/672
f 783/55/627 817/94/660 743/15/15
f 743/15/15 742/14/589 783/55/627
f 817/94/660 830/108/671 823/101/15
f 823/101/15 743/15/15 817/94/660
f 830/108/671 816/93/659 801/77/645
f 801/77/645 823/101/15 830/108/671
f 785/57/629 784/56/628 807/83/651
f 807/83/651 802/78/646 785/57/629
f 784/56/628 827/105/668 829/107/670
f 829/107/670 807/83/651 784/56/628
f 829/107/670 827/105/668 803/79/647
f 803/79/647 787/59/631 829/107/670
f 833/1/484 834/2/485 835/3/486
f 835/3/486 836/4/487 833/1/484
f 837/5/488 838/6/489 839/7/490
f 839/7/490 840/8/491 837/5/488
f 841/9/492 842/10/493 843/11/494
f 843/11/494 844/12/495 841/9/492
f 845/13/496 846/14/497 847/15/15
f 847/15/15 848/16/305 845/13/496
f 849/17/498 850/18/674 851/19/500
f 851/19/500 852/20/501 849/17/498
f 853/21/502 854/22/311 855/23/409
f 855/23/409 856/24/503 853/21/502
f 857/25/504 858/26/412 859/27/413
f 859/27/413 860/28/505 857/25/504
f 861/29/506 862/30/507 863/31/508
f 863/31/508 864/32/675 861/29/506
f 865/33/510 866/34/511 867/35/512
f 867/35/512 868/36/513 865/33/510
f 869/37/326 870/38/327 871/39/514
f 871/39/514 872/40/676 869/37/326
f 873/41/516 874/42/517 875/43/518
f 875/43/518 876/44/519 873/41/516
f 877/45/520 878/46/521 879/47/522
f 879/47/522 880/48/523 877/45/520
f 881/49/524 882/50/525 883/51/526
f 883/51/526 884/52/527 881/49/524
f 871/39/514 870/38/327 885/53/305
f 885/53/305 886/54/528 871/39/514
f 874/42/517 887/55/529 846/14/497
f 846/14/497 875/43/518 874/42/517
f 879/47/522 878/46/521 888/56/530
f 888/56/530 889/57/531 879/47/522
f 882/50/525 890/58/532 891/59/533
f 891/59/533 883/51/526 882/50/525
f 844/60/495 843/61/494 892/62/677
f 892/62/677 893/63/678 844/60/495
f 872/40/676 849/17/498 852/20/501
f 852/20/501 894/64/536 872/40/676
f 895/65/537 865/66/510 837/5/488
f 837/5/488 840/8/491 895/65/537
f 880/48/523 861/29/506 864/32/675
f 864/32/675 896/67/538 880/48/523
f 856/24/503 897/68/539 876/44/519
f 876/44/519 853/21/502 856/24/503
f 852/20/501 898/69/540 835/3/486
f 835/3/486 894/64/536 852/20/501
f 860/28/505 868/70/513 884/52/527
f 884/52/527 857/25/504 860/28/505
f 864/32/675 899/71/679 900/72/542
f 900/72/542 896/67/538 864/32/675
f 849/17/498 872/40/676 871/39/514
f 871/39/514 901/73/543 849/17/498
f 853/21/502 876/44/519 875/43/518
f 875/43/518 902/74/544 853/21/502
f 861/29/506 880/48/523 879/47/522
f 879/47/522 903/75/545 861/29/506
f 857/25/504 884/52/527 883/51/526
f 883/51/526 904/76/546 857/25/504
f 901/73/543 871/39/514 886/54/528
f 886/54/528 905/77/547 901/73/543
f 902/74/544 875/43/518 846/14/497
f 846/14/497 845/13/496 902/74/544
f 903/75/545 879/47/522 889/57/531
f 889/57/531 906/78/548 903/75/545
f 904/76/546 883/51/526 891/59/533
f 891/59/533 907/79/680 904/76/546
f 908/80/550 899/71/679 909/81/551
f 909/81/551 910/82/552 908/80/550
f 906/78/548 911/83/553 912/84/554
f 912/84/554 913/85/555 906/78/548
f 884/52/527 868/70/513 867/86/512
f 867/86/512 881/49/524 884/52/527
f 873/41/516 914/87/556 863/31/508
f 863/31/508 862/30/507 873/41/516
f 915/88/557 916/89/558 866/34/511
f 866/34/511 917/90/559 915/88/557
f 862/30/507 861/29/506 903/75/545
f 903/75/545 918/91/681 862/30/507
f 850/18/674 919/92/682 882/50/525
f 882/50/525 881/49/524 850/18/674
f 903/75/545 906/78/548 913/85/555
f 913/85/555 918/91/681 903/75/545
f 919/92/682 920/93/561 890/58/532
f 890/58/532 882/50/525 919/92/682
f 910/82/552 909/81/551 842/10/493
f 842/10/493 841/9/492 910/82/552
f 913/85/555 912/84/554 921/94/471
f 921/94/471 887/55/529 913/85/555
f 881/49/524 867/86/512 851/19/500
f 851/19/500 850/18/674 881/49/524
f 862/30/507 918/91/681 874/42/517
f 874/42/517 873/41/516 862/30/507
f 918/91/681 913/85/555 887/55/529
f 887/55/529 874/42/517 918/91/681
f 876/44/519 897/68/539 914/87/556
f 914/87/556 873/41/516 876/44/519
f 922/95/562 898/96/540 916/89/558
f 916/89/558 915/88/557 922/95/562
f 850/18/674 849/17/498 901/73/543
f 901/73/543 919/92/682 850/18/674
f 901/73/543 905/77/547 920/93/561
f 920/93/561 919/92/682 901/73/543
f 923/97/563 924/98/474 834/2/485
f 834/2/485 833/1/484 923/97/563
f 859/27/413 925/99/564 926/100/565
f 926/100/565 838/6/489 859/27/413
f 886/54/528 885/53/305 927/101/15
f 927/101/15 905/77/547 886/54/528
f 872/40/676 894/64/536 928/102/382
f 928/102/382 869/37/326 872/40/676
f 877/45/520 925/99/564 859/27/413
f 859/27/413 858/26/412 877/45/520
f 854/22/311 929/103/327 870/38/327
f 870/38/327 869/37/326 854/22/311
f 858/26/412 857/25/504 904/76/546
f 904/76/546 930/104/477 858/26/412
f 929/103/327 848/16/305 885/53/305
f 885/53/305 870/38/327 929/103/327
f 904/76/546 907/79/680 931/105/566
f 931/105/566 930/104/477 904/76/546
f 890/58/532 932/106/567 933/107/568
f 933/107/568 891/59/533 890/58/532
f 890/58/532 920/93/561 934/108/569
f 934/108/569 932/106/567 890/58/532
f 885/53/305 848/16/305 847/15/15
f 847/15/15 927/101/15 885/53/305
f 869/37/326 928/102/382 855/23/409
f 855/23/409 854/22/311 869/37/326
f 858/26/412 930/104/477 878/46/521
f 878/46/521 877/45/520 858/26/412
f 930/104/477 931/105/566 888/56/530
f 888/56/530 878/46/521 930/104/477
f 932/106/567 912/84/554 911/83/553
f 911/83/553 933/107/568 932/106/567
f 912/84/554 932/106/567 934/108/569
f 934/108/569 921/94/471 912/84/554
f 923/97/563 893/63/678 892/62/677
f 892/62/677 924/98/474 923/97/563
f 925/99/564 896/67/538 900/72/542
f 900/72/542 926/100/565 925/99/564
f 880/48/523 896/67/538 925/99/564
f 925/99/564 877/45/520 880/48/523
f 854/22/311 853/21/502 902/74/544
f 902/74/544 929/103/327 854/22/311
f 902/74/544 845/13/496 848/16/305
f 848/16/305 929/103/327 902/74/544
f 834/2/485 928/102/382 894/64/536
f 894/64/536 835/3/486 834/2/485
f 860/28/505 859/27/413 838/6/489
f 838/6/489 837/5/488 860/28/505
f 914/109/556 897/110/539 843/11/494
f 843/11/494 842/10/493 914/109/556
f 895/111/537 917/90/559 866/34/511
f 866/34/511 865/33/510 895/111/537
f 897/68/539 856/24/503 892/62/677
f 892/62/677 843/61/494 897/68/539
f 868/70/513 860/28/505 837/5/488
f 837/5/488 865/66/510 868/70/513
f 922/112/562 836/4/487 835/3/486
f 835/3/486 898/69/540 922/112/562
f 908/80/550 935/113/570 900/72/542
f 900/72/542 899/71/679 908/80/550
f 864/32/675 863/114/508 909/81/551
f 909/81/551 899/71/679 864/32/675
f 851/115/500 867/35/512 866/34/511
f 866/34/511 916/89/558 851/115/500
f 863/114/508 914/109/556 842/10/493
f 842/10/493 909/81/551 863/114/508
f 852/116/501 851/115/500 916/89/558
f 916/89/558 898/96/540 852/116/501
f 855/23/409 928/102/382 834/2/485
f 834/2/485 924/98/474 855/23/409
f 936/117/571 839/7/490 838/6/489
f 838/6/489 926/100/565 936/117/571
f 856/24/503 855/23/409 924/98/474
f 924/98/474 892/62/677 856/24/503
f 935/113/570 936/117/571 926/100/565
f 926/100/565 900/72/542 935/113/570
f 887/55/529 921/94/471 847/15/15
f 847/15/15 846/14/497 887/55/529
f 921/94/471 934/108/569 927/101/15
f 927/101/15 847/15/15 921/94/471
f 934/108/569 920/93/561 905/77/547
f 905/77/547 927/101/15 934/108/569
f 889/57/531 888/56/530 911/83/553
f 911/83/553 906/78/548 889/57/531
f 888/56/530 931/105/566 933/107/568
f 933/107/568 911/83/553 888/56/530
f 933/107/568 931/105/566 907/79/680
f 907/79/680 891/59/533 933/107/568
f 937/1/683 938/2/684 939/3/685
f 939/3/685 940/4/686 937/1/683
f 941/5/687 942/6/688 943/7/689
f 943/7/689 944/8/690 941/5/687
f 945/9/691 946/10/692 947/11/693
f 947/11/693 948/12/694 945/9/691
f 949/13/695 950/14/696 951/15/15
f 951/15/15 952/16/697 949/13/695
f 953/17/506 954/18/698 955/19/699
f 955/19/699 956/20/700 953/17/506
f 957/21/504 958/22/701 959/23/702
f 959/23/702 960/24/703 957/21/504
f 961/25/502 962/26/704 963/27/705
f 963/27/705 964/28/706 961/25/502
f 965/29/498 966/30/707 967/31/708
f 967/31/708 968/32/709 965/29/498
f 969/33/710 970/34/711 971/35/712
f 971/35/712 972/36/713 969/33/710
f 973/37/714 974/38/715 975/39/716
f 975/39/716 976/40/717 973/37/714
f 977/41/718 978/42/719 979/43/720
f 979/43/720 980/44/721 977/41/718
f 981/45/722 982/46/723 983/47/724
f 983/47/724 984/48/725 981/45/722
f 985/49/726 986/50/727 987/51/728
f 987/51/728 988/52/729 985/49/726
f 975/39/716 974/38/715 989/53/697
f 989/53/697 990/54/730 975/39/716
f 978/42/719 991/55/731 950/14/696
f 950/14/696 979/43/720 978/42/719
f 983/47/724 982/46/723 992/56/732
f 992/56/732 993/57/733 983/47/724
f 986/50/727 994/58/734 995/59/735
f 995/59/735 987/51/728 986/50/727
f 948/60/694 947/61/693 996/62/736
f 996/62/736 997/63/737 948/60/694
f 976/40/717 953/17/506 956/20/700
f 956/20/700 998/64/738 976/40/717
f 999/65/739 969/66/710 941/5/687
f 941/5/687 944/8/690 999/65/739
f 984/48/725 965/29/498 968/32/709
f 968/32/709 1000/67/740 984/48/725
f 960/24/703 1001/68/741 980/44/721
f 980/44/721 957/21/504 960/24/703
f 956/20/700 1002/69/742 939/3/685
f 939/3/685 998/64/738 956/20/700
f 964/28/706 972/70/713 988/52/729
f 988/52/729 961/25/502 964/28/706
f 968/32/709 1003/71/743 1004/72/744
f 1004/72/744 1000/67/740 968/32/709
f 953/17/506 976/40/717 975/39/716
f 975/39/716 1005/73/745 953/17/506
f 957/21/504 980/44/721 979/43/720
f 979/43/720 1006/74/746 957/21/504
f 965/29/498 984/48/725 983/47/724
f 983/47/724 1007/75/747 965/29/498
f 961/25/502 988/52/729 987/51/728
f 987/51/728 1008/76/748 961/25/502
f 1005/73/745 975/39/716 990/54/730
f 990/54/730 1009/77/749 1005/73/745
f 1006/74/746 979/43/720 950/14/696
f 950/14/696 949/13/695 1006/74/746
f 1007/75/747 983/47/724 993/57/733
f 993/57/733 1010/78/750 1007/75/747
f 1008/76/748 987/51/728 995/59/735
f 995/59/735 1011/79/751 1008/76/748
f 1012/80/752 1003/71/743 1013/81/753
f 1013/81/753 1014/82/754 1012/80/752
f 1010/78/750 1015/83/755 1016/84/756
f 1016/84/756 1017/85/757 1010/78/750
f 988/52/729 972/70/713 971/86/712
f 971/86/712 985/49/726 988/52/729
f 977/41/718 1018/87/758 967/31/708
f 967/31/708 966/30/707 977/41/718
f 1019/88/759 1020/89/760 970/34/711
f 970/34/711 1021/90/761 1019/88/759
f 966/30/707 965/29/498 1007/75/747
f 1007/75/747 1022/91/762 966/30/707
f 954/18/698 1023/92/763 986/50/727
f 986/50/727 985/49/726 954/18/698
f 1007/75/747 1010/78/750 1017/85/757
f 1017/85/757 1022/91/762 1007/75/747
f 1023/92/763 1024/93/764 994/58/734
f 994/58/734 986/50/727 1023/92/763
f 1014/82/754 1013/81/753 946/10/692
f 946/10/692 945/9/691 1014/82/754
f 1017/85/757 1016/84/756 1025/94/765
f 1025/94/765 991/55/731 1017/85/757
f 985/49/726 971/86/712 955/19/699
f 955/19/699 954/18/698 985/49/726
f 966/30/707 1022/91/762 978/42/719
f 978/42/719 977/41/718 966/30/707
f 1022/91/762 1017/85/757 991/55/731
f 991/55/731 978/42/719 1022/91/762
f 980/44/721 1001/68/741 1018/87/758
f 1018/87/758 977/41/718 980/44/721
f 1026/95/766 1002/96/742 1020/89/760
f 1020/89/760 1019/88/759 1026/95/766
f 954/18/698 953/17/506 1005/73/745
f 1005/73/745 1023/92/763 954/18/698
f 1005/73/745 1009/77/749 1024/93/764
f 1024/93/764 1023/92/763 1005/73/745
f 1027/97/767 1028/98/768 938/2/684
f 938/2/684 937/1/683 1027/97/767
f 963/27/705 1029/99/769 1030/100/770
f 1030/100/770 942/6/688 963/27/705
f 990/54/730 989/53/697 1031/101/15
f 1031/101/15 1009/77/749 990/54/730
f 976/40/717 998/64/738 1032/102/771
f 1032/102/771 973/37/714 976/40/717
f 981/45/722 1029/99/769 963/27/705
f 963/27/705 962/26/704 981/45/722
f 958/22/701 1033/103/715 974/38/715
f 974/38/715 973/37/714 958/22/701
f 962/26/704 961/25/502 1008/76/748
f 1008/76/748 1034/104/772 962/26/704
f 1033/103/715 952/16/697 989/53/697
f 989/53/697 974/38/715 1033/103/715
f 1008/76/748 1011/79/751 1035/105/773
f 1035/105/773 1034/104/772 1008/76/748
f 994/58/734 1036/106/774 1037/107/775
f 1037/107/775 995/59/735 994/58/734
f 994/58/734 1024/93/764 1038/108/776
f 1038/108/776 1036/106/774 994/58/734
f 989/53/697 952/16/697 951/15/15
f 951/15/15 1031/101/15 989/53/697
f 973/37/714 1032/102/771 959/23/702
f 959/23/702 958/22/701 973/37/714
f 962/26/704 1034/104/772 982/46/723
f 982/46/723 981/45/722 962/26/704
f 1034/104/772 1035/105/773 992/56/732
f 992/56/732 982/46/723 1034/104/772
f 1036/106/774 1016/84/756 1015/83/755
f 1015/83/755 1037/107/775 1036/106/774
f 1016/84/756 1036/106/774 1038/108/776
f 1038/108/776 1025/94/765 1016/84/756
f 1027/97/767 997/63/737 996/62/736
f 996/62/736 1028/98/768 1027/97/767
f 1029/99/769 1000/67/740 1004/72/744
f 1004/72/744 1030/100/770 1029/99/769
f 984/48/725 1000/67/740 1029/99/769
f 1029/99/769 981/45/722 984/48/725
f 958/22/701 957/21/504 1006/74/746
f 1006/74/746 1033/103/715 958/22/701
f 1006/74/746 949/13/695 952/16/697
f 952/16/697 1033/103/715 1006/74/746
f 938/2/684 1032/102/771 998/64/738
f 998/64/738 939/3/685 938/2/684
f 964/28/706 963/27/705 942/6/688
f 942/6/688 941/5/687 964/28/706
f 1018/109/758 1001/110/741 947/11/693
f 947/11/693 946/10/692 1018/109/758
f 999/111/739 1021/90/761 970/34/711
f 970/34/711 969/33/710 999/111/739
f 1001/68/741 960/24/703 996/62/736
f 996/62/736 947/61/693 1001/68/741
f 972/70/713 964/28/706 941/5/687
f 941/5/687 969/66/710 972/70/713
f 1026/112/766 940/4/686 939/3/685
f 939/3/685 1002/69/742 1026/112/766
f 1012/80/752 1039/113/777 1004/72/744
f 1004/72/744 1003/71/743 1012/80/752
f 968/32/709 967/114/708 1013/81/753
f 1013/81/753 1003/71/743 968/32/709
f 955/115/699 971/35/712 970/34/711
f 970/34/711 1020/89/760 955/115/699
f 967/114/708 1018/109/758 946/10/692
f 946/10/692 1013/81/753 967/114/708
f 956/116/700 955/115/699 1020/89/760
f 1020/89/760 1002/96/742 956/116/700
f 959/23/702 1032/102/771 938/2/684
f 938/2/684 1028/98/768 959/23/702
f 1040/117/778 943/7/689 942/6/688
f 942/6/688 1030/100/770 1040/117/778
f 960/24/703 959/23/702 1028/98/768
f 1028/98/768 996/62/736 960/24/703
f 1039/113/777 1040/117/778 1030/100/770
f 1030/100/770 1004/72/744 1039/113/777
f 991/55/731 1025/94/765 951/15/15
f 951/15/15 950/14/696 991/55/731
f 1025/94/765 1038/108/776 1031/101/15
f 1031/101/15 951/15/15 1025/94/765
f 1038/108/776 1024/93/764 1009/77/749
f 1009/77/749 1031/101/15 1038/108/776
f 993/57/733 992/56/732 1015/83/755
f 1015/83/755 1010/78/750 993/57/733
f 992/56/732 1035/105/773 1037/107/775
f 1037/107/775 1015/83/755 992/56/732
f 1037/107/775 1035/105/773 1011/79/751
f 1011/79/751 995/59/735 1037/107/775
f 1041/1/484 1042/2/485 1043/3/486
f 1043/3/486 1044/4/487 1041/1/484
f 1045/5/488 1046/6/489 1047/7/490
f 1047/7/490 1048/8/491 1045/5/488
f 1049/9/492 1050/10/493 1051/11/494
f 1051/11/494 1052/12/779 1049/9/492
f 1053/13/496 1054/14/497 1055/15/15
f 1055/15/15 1056/16/305 1053/13/496
f 1057/17/498 1058/18/674 1059/19/500
f 1059/19/500 1060/20/501 1057/17/498
f 1061/21/502 1062/22/311 1063/23/409
f 1063/23/409 1064/24/503 1061/21/502
f 1065/25/504 1066/26/412 1067/27/413
f 1067/27/413 1068/28/505 1065/25/504
f 1069/29/506 1070/30/507 1071/31/508
f 1071/31/508 1072/32/675 1069/29/506
f 1073/33/510 1074/34/511 1075/35/512
f 1075/35/512 1076/36/513 1073/33/510
f 1077/37/326 1078/38/327 1079/39/514
f 1079/39/514 1080/40/676 1077/37/326
f 1081/41/516 1082/42/517 1083/43/518
f 1083/43/518 1084/44/519 1081/41/516
f 1085/45/520 1086/46/521 1087/47/522
f 1087/47/522 1088/48/523 1085/45/520
f 1089/49/524 1090/50/525 1091/51/526
f 1091/51/526 1092/52/527 1089/49/524
f 1079/39/514 1078/38/327 1093/53/305
f 1093/53/305 1094/54/780 1079/39/514
f 1082/42/517 1095/55/529 1054/14/497
f 1054/14/497 1083/43/518 1082/42/517
f 1087/47/522 1086/46/521 1096/56/530
f 1096/56/530 1097/57/531 1087/47/522
f 1090/50/525 1098/58/532 1099/59/533
f 1099/59/533 1091/51/526 1090/50/525
f 1052/60/779 1051/61/494 1100/62/677
f 1100/62/677 1101/63/535 1052/60/779
f 1080/40/676 1057/17/498 1060/20/501
f 1060/20/501 1102/64/536 1080/40/676
f 1103/65/537 1073/66/510 1045/5/488
f 1045/5/488 1048/8/491 1103/65/537
f 1088/48/523 1069/29/506 1072/32/675
f 1072/32/675 1104/67/538 1088/48/523
f 1064/24/503 1105/68/539 1084/44/519
f 1084/44/519 1061/21/502 1064/24/503
f 1060/20/501 1106/69/540 1043/3/486
f 1043/3/486 1102/64/536 1060/20/501
f 1068/28/505 1076/70/513 1092/52/527
f 1092/52/527 1065/25/504 1068/28/505
f 1072/32/675 1107/71/679 1108/72/542
f 1108/72/542 1104/67/538 1072/32/675
f 1057/17/498 1080/40/676 1079/39/514
f 1079/39/514 1109/73/543 1057/17/498
f 1061/21/502 1084/44/519 1083/43/518
f 1083/43/518 1110/74/544 1061/21/502
f 1069/29/506 1088/48/523 1087/47/522
f 1087/47/522 1111/75/545 1069/29/506
f 1065/25/504 1092/52/527 1091/51/526
f 1091/51/526 1112/76/546 1065/25/504
f 1109/73/543 1079/39/514 1094/54/780
f 1094/54/780 1113/77/547 1109/73/543
f 1110/74/544 1083/43/518 1054/14/497
f 1054/14/497 1053/13/496 1110/74/544
f 1111/75/545 1087/47/522 1097/57/531
f 1097/57/531 1114/78/548 1111/75/545
f 1112/76/546 1091/51/526 1099/59/533
f 1099/59/533 1115/79/680 1112/76/546
f 1116/80/550 1107/71/679 1117/81/551
f 1117/81/551 1118/82/552 1116/80/550
f 1114/78/548 1119/83/553 1120/84/554
f 1120/84/554 1121/85/555 1114/78/548
f 1092/52/527 1076/70/513 1075/86/512
f 1075/86/512 1089/49/524 1092/52/527
f 1081/41/516 1122/87/556 1071/31/508
f 1071/31/508 1070/30/507 1081/41/516
f 1123/88/557 1124/89/558 1074/34/511
f 1074/34/511 1125/90/559 1123/88/557
f 1070/30/507 1069/29/506 1111/75/545
f 1111/75/545 1126/91/517 1070/30/507
f 1058/18/674 1127/92/682 1090/50/525
f 1090/50/525 1089/49/524 1058/18/674
f 1111/75/545 1114/78/548 1121/85/555
f 1121/85/555 1126/91/517 1111/75/545
f 1127/92/682 1128/93/561 1098/58/532
f 1098/58/532 1090/50/525 1127/92/682
f 1118/82/552 1117/81/551 1050/10/493
f 1050/10/493 1049/9/492 1118/82/552
f 1121/85/555 1120/84/554 1129/94/471
f 1129/94/471 1095/55/529 1121/85/555
f 1089/49/524 1075/86/512 1059/19/500
f 1059/19/500 1058/18/674 1089/49/524
f 1070/30/507 1126/91/517 1082/42/517
f 1082/42/517 1081/41/516 1070/30/507
f 1126/91/517 1121/85/555 1095/55/529
f 1095/55/529 1082/42/517 1126/91/517
f 1084/44/519 1105/68/539 1122/87/556
f 1122/87/556 1081/41/516 1084/44/519
f 1130/95/562 1106/96/540 1124/89/558
f 1124/89/558 1123/88/557 1130/95/562
f 1058/18/674 1057/17/498 1109/73/543
f 1109/73/543 1127/92/682 1058/18/674
f 1109/73/543 1113/77/547 1128/93/561
f 1128/93/561 1127/92/682 1109/73/543
f 1131/97/563 1132/98/474 1042/2/485
f 1042/2/485 1041/1/484 1131/97/563
f 1067/27/413 1133/99/564 1134/100/565
f 1134/100/565 1046/6/489 1067/27/413
f 1094/54/780 1093/53/305 1135/101/15
f 1135/101/15 1113/77/547 1094/54/780
f 1080/40/676 1102/64/536 1136/102/382
f 1136/102/382 1077/37/326 1080/40/676
f 1085/45/520 1133/99/564 1067/27/413
f 1067/27/413 1066/26/412 1085/45/520
f 1062/22/311 1137/103/327 1078/38/327
f 1078/38/327 1077/37/326 1062/22/311
f 1066/26/412 1065/25/504 1112/76/546
f 1112/76/546 1138/104/477 1066/26/412
f 1137/103/327 1056/16/305 1093/53/305
f 1093/53/305 1078/38/327 1137/103/327
f 1112/76/546 1115/79/680 1139/105/566
f 1139/105/566 1138/104/477 1112/76/546
f 1098/58/532 1140/106/567 1141/107/568
f 1141/107/568 1099/59/533 1098/58/532
f 1098/58/532 1128/93/561 1142/108/569
f 1142/108/569 1140/106/567 1098/58/532
f 1093/53/305 1056/16/305 1055/15/15
f 1055/15/15 1135/101/15 1093/53/305
f 1077/37/326 1136/102/382 1063/23/409
f 1063/23/409 1062/22/311 1077/37/326
f 1066/26/412 1138/104/477 1086/46/521
f 1086/46/521 1085/45/520 1066/26/412
f 1138/104/477 1139/105/566 1096/56/530
f 1096/56/530 1086/46/521 1138/104/477
f 1140/106/567 1120/84/554 1119/83/553
f 1119/83/553 1141/107/568 1140/106/567
f 1120/84/554 1140/106/567 1142/108/569
f 1142/108/569 1129/94/471 1120/84/554
f 1131/97/563 1101/63/535 1100/62/677
f 1100/62/677 1132/98/474 1131/97/563
f 1133/99/564 1104/67/538 1108/72/542
f 1108/72/542 1134/100/565 1133/99/564
f 1088/48/523 1104/67/538 1133/99/564
f 1133/99/564 1085/45/520 1088/48/523
f 1062/22/311 1061/21/502 1110/74/544
f 1110/74/544 1137/103/327 1062/22/311
f 1110/74/544 1053/13/496 1056/16/305
f 1056/16/305 1137/103/327 1110/74/544
f 1042/2/485 1136/102/382 1102/64/536
f 1102/64/536 1043/3/486 1042/2/485
f 1068/28/505 1067/27/413 1046/6/489
f 1046/6/489 1045/5/488 1068/28/505
f 1122/109/556 1105/110/539 1051/11/494
f 1051/11/494 1050/10/493 1122/109/556
f 1103/111/537 1125/90/559 1074/34/511
f 1074/34/511 1073/33/510 1103/111/537
f 1105/68/539 1064/24/503 1100/62/677
f 1100/62/677 1051/61/494 1105/68/539
f 1076/70/513 1068/28/505 1045/5/488
f 1045/5/488 1073/66/510 1076/70/513
f 1130/112/562 1044/4/487 1043/3/486
f 1043/3/486 1106/69/540 1130/112/562
f 1116/80/550 1143/113/570 1108/72/542
f 1108/72/542 1107/71/679 1116/80/550
f 1072/32/675 1071/114/508 1117/81/551
f 1117/81/551 1107/71/679 1072/32/675
f 1059/115/500 1075/35/512 1074/34/511
f 1074/34/511 1124/89/558 1059/115/500
f 1071/114/508 1122/109/556 1050/10/493
f 1050/10/493 1117/81/551 1071/114/508
f 1060/116/501 1059/115/500 1124/89/558
f 1124/89/558 1106/96/540 1060/116/501
f 1063/23/409 1136/102/382 1042/2/485
f 1042/2/485 1132/98/474 1063/23/409
f 1144/117/571 1047/7/490 1046/6/489
f 1046/6/489 1134/100/565 1144/117/571
f 1064/24/503 1063/23/409 1132/98/474
f 1132/98/474 1100/62/677 1064/24/503
f 1143/113/570 1144/117/571 1134/100/565
f 1134/100/565 1108/72/542 1143/113/570
f 1095/55/529 1129/94/471 1055/15/15
f 1055/15/15 1054/14/497 1095/55/529
f 1129/94/471 1142/108/569 1135/101/15
f 1135/101/15 1055/15/15 1129/94/471
f 1142/108/569 1128/93/561 1113/77/547
f 1113/77/547 1135/101/15 1142/108/569
f 1097/57/531 1096/56/530 1119/83/553
f 1119/83/553 1114/78/548 1097/57/531
f 1096/56/530 1139/105/566 1141/107/568
f 1141/107/568 1119/83/553 1096/56/530
f 1141/107/568 1139/105/566 1115/79/680
f 1115/79/680 1099/59/533 1141/107/568
f 1145/1/683 1146/2/684 1147/3/781
f 1147/3/781 1148/4/686 1145/1/683
f 1149/5/687 1150/6/688 1151/7/689
f 1151/7/689 1152/8/690 1149/5/687
f 1153/9/691 1154/10/692 1155/11/693
f 1155/11/693 1156/12/694 1153/9/691
f 1157/13/695 1158/14/696 1159/15/15
f 1159/15/15 1160/16/697 1157/13/695
f 1161/17/506 1162/18/698 1163/19/699
f 1163/19/699 1164/20/700 1161/17/506
f 1165/21/504 1166/22/701 1167/23/702
f 1167/23/702 1168/24/703 1165/21/504
f 1169/25/782 1170/26/704 1171/27/705
f 1171/27/705 1172/28/706 1169/25/782
f 1173/29/498 1174/30/707 1175/31/708
f 1175/31/708 1176/32/783 1173/29/498
f 1177/33/710 1178/34/711 1179/35/712
f 1179/35/712 1180/36/784 1177/33/710
f 1181/37/714 1182/38/715 1183/39/716
f 1183/39/716 1184/40/717 1181/37/714
f 1185/41/718 1186/42/719 1187/43/785
f 1187/43/785 1188/44/721 1185/41/718
f 1189/45/722 1190/46/723 1191/47/724
f 1191/47/724 1192/48/725 1189/45/722
f 1193/49/786 1194/50/727 1195/51/787
f 1195/51/787 1196/52/788 1193/49/786
f 1183/39/716 1182/38/715 1197/53/697
f 1197/53/697 1198/54/730 1183/39/716
f 1186/42/719 1199/55/731 1158/14/696
f 1158/14/696 1187/43/785 1186/42/719
f 1191/47/724 1190/46/723 1200/56/789
f 1200/56/789 1201/57/733 1191/47/724
f 1194/50/727 1202/58/734 1203/59/735
f 1203/59/735 1195/51/787 1194/50/727
f 1156/60/694 1155/61/693 1204/62/790
f 1204/62/790 1205/63/791 1156/60/694
f 1184/40/717 1161/17/506 1164/20/700
f 1164/20/700 1206/64/738 1184/40/717
f 1207/65/792 1177/66/710 1149/5/687
f 1149/5/687 1152/8/690 1207/65/792
f 1192/48/725 1173/29/498 1176/32/783
f 1176/32/783 1208/67/740 1192/48/725
f 1168/24/703 1209/68/741 1188/44/721
f 1188/44/721 1165/21/504 1168/24/703
f 1164/20/700 1210/69/742 1147/3/781
f 1147/3/781 1206/64/738 1164/20/700
f 1172/28/706 1180/70/784 1196/52/788
f 1196/52/788 1169/25/782 1172/28/706
f 1176/32/783 1211/71/793 1212/72/744
f 1212/72/744 1208/67/740 1176/32/783
f 1161/17/506 1184/40/717 1183/39/716
f 1183/39/716 1213/73/794 1161/17/506
f 1165/21/504 1188/44/721 1187/43/785
f 1187/43/785 1214/74/746 1165/21/504
f 1173/29/498 1192/48/725 1191/47/724
f 1191/47/724 1215/75/747 1173/29/498
f 1169/25/782 1196/52/788 1195/51/787
f 1195/51/787 1216/76/748 1169/25/782
f 1213/73/794 1183/39/716 1198/54/730
f 1198/54/730 1217/77/749 1213/73/794
f 1214/74/746 1187/43/785 1158/14/696
f 1158/14/696 1157/13/695 1214/74/746
f 1215/75/747 1191/47/724 1201/57/733
f 1201/57/733 1218/78/750 1215/75/747
f 1216/76/748 1195/51/787 1203/59/735
f 1203/59/735 1219/79/751 1216/76/748
f 1220/80/752 1211/71/793 1221/81/753
f 1221/81/753 1222/82/754 1220/80/752
f 1218/78/750 1223/83/755 1224/84/756
f 1224/84/756 1225/85/757 1218/78/750
f 1196/52/788 1180/70/784 1179/86/712
f 1179/86/712 1193/49/786 1196/52/788
f 1185/41/718 1226/87/758 1175/31/708
f 1175/31/708 1174/30/707 1185/41/718
f 1227/88/759 1228/89/760 1178/34/711
f 1178/34/711 1229/90/761 1227/88/759
f 1174/30/707 1173/29/498 1215/75/747
f 1215/75/747 1230/91/719 1174/30/707
f 1162/18/698 1231/92/795 1194/50/727
f 1194/50/727 1193/49/786 1162/18/698
f 1215/75/747 1218/78/750 1225/85/757
f 1225/85/757 1230/91/719 1215/75/747
f 1231/92/795 1232/93/764 1202/58/734
f 1202/58/734 1194/50/727 1231/92/795
f 1222/82/754 1221/81/753 1154/10/692
f 1154/10/692 1153/9/691 1222/82/754
f 1225/85/757 1224/84/756 1233/94/765
f 1233/94/765 1199/55/731 1225/85/757
f 1193/49/786 1179/86/712 1163/19/699
f 1163/19/699 1162/18/698 1193/49/786
f 1174/30/707 1230/91/719 1186/42/719
f 1186/42/719 1185/41/718 1174/30/707
f 1230/91/719 1225/85/757 1199/55/731
f 1199/55/731 1186/42/719 1230/91/719
f 1188/44/721 1209/68/741 1226/87/758
f 1226/87/758 1185/41/718 1188/44/721
f 1234/95/766 1210/96/742 1228/89/760
f 1228/89/760 1227/88/759 1234/95/766
f 1162/18/698 1161/17/506 1213/73/794
f 1213/73/794 1231/92/795 1162/18/698
f 1213/73/794 1217/77/749 1232/93/764
f 1232/93/764 1231/92/795 1213/73/794
f 1235/97/767 1236/98/768 1146/2/684
f 1146/2/684 1145/1/683 1235/97/767
f 1171/27/705 1237/99/769 1238/100/770
f 1238/100/770 1150/6/688 1171/27/705
f 1198/54/730 1197/53/697 1239/101/15
f 1239/101/15 1217/77/749 1198/54/730
f 1184/40/717 1206/64/738 1240/102/771
f 1240/102/771 1181/37/714 1184/40/717
f 1189/45/722 1237/99/769 1171/27/705
f 1171/27/705 1170/26/704 1189/45/722
f 1166/22/701 1241/103/715 1182/38/715
f 1182/38/715 1181/37/714 1166/22/701
f 1170/26/704 1169/25/782 1216/76/748
f 1216/76/748 1242/104/772 1170/26/704
f 1241/103/715 1160/16/697 1197/53/697
f 1197/53/697 1182/38/715 1241/103/715
f 1216/76/748 1219/79/751 1243/105/773
f 1243/105/773 1242/104/772 1216/76/748
f 1202/58/734 1244/106/774 1245/107/775
f 1245/107/775 1203/59/735 1202/58/734
f 1202/58/734 1232/93/764 1246/108/776
f 1246/108/776 1244/106/774 1202/58/734
f 1197/53/697 1160/16/697 1159/15/15
f 1159/15/15 1239/101/15 1197/53/697
f 1181/37/714 1240/102/771 1167/23/702
f 1167/23/702 1166/22/701 1181/37/714
f 1170/26/704 1242/104/772 1190/46/723
f 1190/46/723 1189/45/722 1170/26/704
f 1242/104/772 1243/105/773 1200/56/789
f 1200/56/789 1190/46/723 1242/104/772
f 1244/106/774 1224/84/756 1223/83/755
f 1223/83/755 1245/107/775 1244/106/774
f 1224/84/756 1244/106/774 1246/108/776
f 1246/108/776 1233/94/765 1224/84/756
f 1235/97/767 1205/63/791 1204/62/790
f 1204/62/790 1236/98/768 1235/97/767
f 1237/99/769 1208/67/740 1212/72/744
f 1212/72/744 1238/100/770 1237/99/769
f 1192/48/725 1208/67/740 1237/99/769
f 1237/99/769 1189/45/722 1192/48/725
f 1166/22/701 1165/21/504 1214/74/746
f 1214/74/746 1241/103/715 1166/22/701
f 1214/74/746 1157/13/695 1160/16/697
f 1160/16/697 1241/103/715 1214/74/746
f 1146/2/684 1240/102/771 1206/64/738
f 1206/64/738 1147/3/781 1146/2/684
f 1172/28/706 1171/27/705 1150/6/688
f 1150/6/688 1149/5/687 1172/28/706
f 1226/109/758 1209/110/741 1155/11/693
f 1155/11/693 1154/10/692 1226/109/758
f 1207/111/792 1229/90/761 1178/34/711
f 1178/34/711 1177/33/710 1207/111/792
f 1209/68/741 1168/24/703 1204/62/790
f 1204/62/790 1155/61/693 1209/68/741
f 1180/70/784 1172/28/706 1149/5/687
f 1149/5/687 1177/66/710 1180/70/784
f 1234/112/766 1148/4/686 1147/3/781
f 1147/3/781 1210/69/742 1234/112/766
f 1220/80/752 1247/113/777 1212/72/744
f 1212/72/744 1211/71/793 1220/80/752
f 1176/32/783 1175/114/708 1221/81/753
f 1221/81/753 1211/71/793 1176/32/783
f 1163/115/699 1179/35/712 1178/34/711
f 1178/34/711 1228/89/760 1163/115/699
f 1175/114/708 1226/109/758 1154/10/692
f 1154/10/692 1221/81/753 1175/114/708
f 1164/116/700 1163/115/699 1228/89/760
f 1228/89/760 1210/96/742 1164/116/700
f 1167/23/702 1240/102/771 1146/2/684
f 1146/2/684 1236/98/768 1167/23/702
f 1248/117/778 1151/7/689 1150/6/688
f 1150/6/688 1238/100/770 1248/117/778
f 1168/24/703 1167/23/702 1236/98/768
f 1236/98/768 1204/62/790 1168/24/703
f 1247/113/777 1248/117/778 1238/100/770
f 1238/100/770 1212/72/744 1247/113/777
f 1199/55/731 1233/94/765 1159/15/15
f 1159/15/15 1158/14/696 1199/55/731
f 1233/94/765 1246/108/776 1239/101/15
f 1239/101/15 1159/15/15 1233/94/765
f 1246/108/776 1232/93/764 1217/77/749
f 1217/77/749 1239/101/15 1246/108/776
f 1201/57/733 1200/56/789 1223/83/755
f 1223/83/755 1218/78/750 1201/57/733
f 1200/56/789 1243/105/773 1245/107/775
f 1245/107/775 1223/83/755 1200/56/789
f 1245/107/775 1243/105/773 1219/79/751
f 1219/79/751 1203/59/735 1245/107/775
f 1249/1/1 1250/2/2 1251/3/3
f 1251/3/3 1252/4/4 1249/1/1
f 1253/5/5 1254/6/6 1255/7/7
f 1255/7/7 1256/8/8 1253/5/5
f 1257/9/9 1258/10/10 1259/11/11
f 1259/11/11 1260/12/12 1257/9/9
f 1261/13/13 1262/14/14 1263/15/15
f 1263/15/15 1264/16/16 1261/13/13
f 1265/17/17 1266/18/18 1267/19/19
f 1267/19/19 1268/20/20 1265/17/17
f 1269/21/21 1270/22/22 1271/23/23
f 1271/23/23 1272/24/24 1269/21/21
f 1273/25/25 1274/26/26 1275/27/27
f 1275/27/27 1276/28/28 1273/25/25
f 1277/29/29 1278/30/30 1279/31/31
f 1279/31/31 1280/32/32 1277/29/29
f 1281/33/33 1282/34/34 1283/35/35
f 1283/35/35 1284/36/36 1281/33/33
f 1285/37/37 1286/38/38 1287/39/39
f 1287/39/39 1288/40/40 1285/37/37
f 1289/41/41 1290/42/42 1291/43/43
f 1291/43/43 1292/44/44 1289/41/41
f 1293/45/45 1294/46/46 1295/47/47
f 1295/47/47 1296/48/48 1293/45/45
f 1297/49/49 1298/50/50 1299/51/51
f 1299/51/51 1300/52/52 1297/49/49
f 1287/39/39 1286/38/38 1301/53/16
f 1301/53/16 1302/54/53 1287/39/39
f 1290/42/42 1303/55/54 1262/14/14
f 1262/14/14 1291/43/43 1290/42/42
f 1295/47/47 1294/46/46 1304/56/55
f 1304/56/55 1305/57/56 1295/47/47
f 1298/50/50 1306/58/796 1307/59/58
f 1307/59/58 1299/51/51 1298/50/50
f 1260/60/12 1259/61/11 1308/62/59
f 1308/62/59 1309/63/60 1260/60/12
f 1288/40/40 1265/17/17 1268/20/20
f 1268/20/20 1310/64/61 1288/40/40
f 1311/65/62 1281/66/33 1253/5/5
f 1253/5/5 1256/8/8 1311/65/62
f 1296/48/48 1277/29/29 1280/32/32
f 1280/32/32 1312/67/63 1296/48/48
f 1272/24/24 1313/68/64 1292/44/44
f 1292/44/44 1269/21/21 1272/24/24
f 1268/20/20 1314/69/65 1251/3/3
f 1251/3/3 1310/64/61 1268/20/20
f 1276/28/28 1284/70/36 1300/52/52
f 1300/52/52 1273/25/25 1276/28/28
f 1280/32/32 1315/71/66 1316/72/67
f 1316/72/67 1312/67/63 1280/32/32
f 1265/17/17 1288/40/40 1287/39/39
f 1287/39/39 1317/73/68 1265/17/17
f 1269/21/21 1292/44/44 1291/43/43
f 1291/43/43 1318/74/69 1269/21/21
f 1277/29/29 1296/48/48 1295/47/47
f 1295/47/47 1319/75/70 1277/29/29
f 1273/25/25 1300/52/52 1299/51/51
f 1299/51/51 1320/76/71 1273/25/25
f 1317/73/68 1287/39/39 1302/54/53
f 1302/54/53 1321/77/72 1317/73/68
f 1318/74/69 1291/43/43 1262/14/14
f 1262/14/14 1261/13/13 1318/74/69
f 1319/75/70 1295/47/47 1305/57/56
f 1305/57/56 1322/78/73 1319/75/70
f 1320/76/71 1299/51/51 1307/59/58
f 1307/59/58 1323/79/74 1320/76/71
f 1324/80/75 1315/71/66 1325/81/76
f 1325/81/76 1326/82/77 1324/80/75
f 1322/78/73 1327/83/78 1328/84/79
f 1328/84/79 1329/85/80 1322/78/73
f 1300/52/52 1284/70/36 1283/86/35
f 1283/86/35 1297/49/49 1300/52/52
f 1289/41/41 1330/87/81 1279/31/31
f 1279/31/31 1278/30/30 1289/41/41
f 1331/88/82 1332/89/83 1282/34/34
f 1282/34/34 1333/90/84 1331/88/82
f 1278/30/30 1277/29/29 1319/75/70
f 1319/75/70 1334/91/42 1278/30/30
f 1266/18/18 1335/92/85 1298/50/50
f 1298/50/50 1297/49/49 1266/18/18
f 1319/75/70 1322/78/73 1329/85/80
f 1329/85/80 1334/91/42 1319/75/70
f 1335/92/85 1336/93/86 1306/58/796
f 1306/58/796 1298/50/50 1335/92/85
f 1326/82/77 1325/81/76 1258/10/10
f 1258/10/10 1257/9/9 1326/82/77
f 1329/85/80 1328/84/79 1337/94/87
f 1337/94/87 1303/55/54 1329/85/80
f 1297/49/49 1283/86/35 1267/19/19
f 1267/19/19 1266/18/18 1297/49/49
f 1278/30/30 1334/91/42 1290/42/42
f 1290/42/42 1289/41/41 1278/30/30
f 1334/91/42 1329/85/80 1303/55/54
f 1303/55/54 1290/42/42 1334/91/42
f 1292/44/44 1313/68/64 1330/87/81
f 1330/87/81 1289/41/41 1292/44/44
f 1338/95/88 1314/96/65 1332/89/83
f 1332/89/83 1331/88/82 1338/95/88
f 1266/18/18 1265/17/17 1317/73/68
f 1317/73/68 1335/92/85 1266/18/18
f 1317/73/68 1321/77/72 1336/93/86
f 1336/93/86 1335/92/85 1317/73/68
f 1339/97/89 1340/98/90 1250/2/2
f 1250/2/2 1249/1/1 1339/97/89
f 1275/27/27 1341/99/91 1342/100/92
f 1342/100/92 1254/6/6 1275/27/27
f 1302/54/53 1301/53/16 1343/101/15
f 1343/101/15 1321/77/72 1302/54/53
f 1288/40/40 1310/64/61 1344/102/93
f 1344/102/93 1285/37/37 1288/40/40
f 1293/45/45 1341/99/91 1275/27/27
f 1275/27/27 1274/26/26 1293/45/45
f 1270/22/22 1345/103/38 1286/38/38
f 1286/38/38 1285/37/37 1270/22/22
f 1274/26/26 1273/25/25 1320/76/71
f 1320/76/71 1346/104/94 1274/26/26
f 1345/103/38 1264/16/16 1301/53/16
f 1301/53/16 1286/38/38 1345/103/38
f 1320/76/71 1323/79/74 1347/105/95
f 1347/105/95 1346/104/94 1320/76/71
f 1306/58/796 1348/106/96 1349/107/97
f 1349/107/97 1307/59/58 1306/58/796
f 1306/58/796 1336/93/86 1350/108/98
f 1350/108/98 1348/106/96 1306/58/796
f 1301/53/16 1264/16/16 1263/15/15
f 1263/15/15 1343/101/15 1301/53/16
f 1285/37/37 1344/102/93 1271/23/23
f 1271/23/23 1270/22/22 1285/37/37
f 1274/26/26 1346/104/94 1294/46/46
f 1294/46/46 1293/45/45 1274/26/26
f 1346/104/94 1347/105/95 1304/56/55
f 1304/56/55 1294/46/46 1346/104/94
f 1348/106/96 1328/84/79 1327/83/78
f 1327/83/78 1349/107/97 1348/106/96
f 1328/84/79 1348/106/96 1350/108/98
f 1350/108/98 1337/94/87 1328/84/79
f 1339/97/89 1309/63/60 1308/62/59
f 1308/62/59 1340/98/90 1339/97/89
f 1341/99/91 1312/67/63 1316/72/67
f 1316/72/67 1342/100/92 1341/99/91
f 1296/48/48 1312/67/63 1341/99/91
f 1341/99/91 1293/45/45 1296/48/48
f 1270/22/22 1269/21/21 1318/74/69
f 1318/74/69 1345/103/38 1270/22/22
f 1318/74/69 1261/13/13 1264/16/16
f 1264/16/16 1345/103/38 1318/74/69
f 1250/2/2 1344/102/93 1310/64/61
f 1310/64/61 1251/3/3 1250/2/2
f 1276/28/28 1275/27/27 1254/6/6
f 1254/6/6 1253/5/5 1276/28/28
f 1330/109/81 1313/110/64 1259/11/11
f 1259/11/11 1258/10/10 1330/109/81
f 1311/111/62 1333/90/84 1282/34/34
f 1282/34/34 1281/33/33 1311/111/62
f 1313/68/64 1272/24/24 1308/62/59
f 1308/62/59 1259/61/11 1313/68/64
f 1284/70/36 1276/28/28 1253/5/5
f 1253/5/5 1281/66/33 1284/70/36
f 1338/112/88 1252/4/4 1251/3/3
f 1251/3/3 1314/69/65 1338/112/88
f 1324/80/75 1351/113/99 1316/72/67
f 1316/72/67 1315/71/66 1324/80/75
f 1280/32/32 1279/114/31 1325/81/76
f 1325/81/76 1315/71/66 1280/32/32
f 1267/115/19 1283/35/35 1282/34/34
f 1282/34/34 1332/89/83 1267/115/19
f 1279/114/31 1330/109/81 1258/10/10
f 1258/10/10 1325/81/76 1279/114/31
f 1268/116/20 1267/115/19 1332/89/83
f 1332/89/83 1314/96/65 1268/116/20
f 1271/23/23 1344/102/93 1250/2/2
f 1250/2/2 1340/98/90 1271/23/23
f 1352/117/100 1255/7/7 1254/6/6
f 1254/6/6 1342/100/92 1352/117/100
f 1272/24/24 1271/23/23 1340/98/90
f 1340/98/90 1308/62/59 1272/24/24
f 1351/113/99 1352/117/100 1342/100/92
f 1342/100/92 1316/72/67 1351/113/99
f 1303/55/54 1337/94/87 1263/15/15
f 1263/15/15 1262/14/14 1303/55/54
f 1337/94/87 1350/108/98 1343/101/15
f 1343/101/15 1263/15/15 1337/94/87
f 1350/108/98 1336/93/86 1321/77/72
f 1321/77/72 1343/101/15 1350/108/98
f 1305/57/56 1304/56/55 1327/83/78
f 1327/83/78 1322/78/73 1305/57/56
f 1304/56/55 1347/105/95 1349/107/97
f 1349/107/97 1327/83/78 1304/56/55
f 1349/107/97 1347/105/95 1323/79/74
f 1323/79/74 1307/59/58 1349/107/97
f 1353/1/797 1354/2/798 1355/3/799
f 1355/3/799 1356/4/800 1353/1/797
f 1357/5/801 1358/6/802 1359/7/803
f 1359/7/803 1360/8/804 1357/5/801
f 1361/9/805 1362/10/806 1363/11/807
f 1363/11/807 1364/12/808 1361/9/805
f 1365/13/809 1366/14/810 1367/15/15
f 1367/15/15 1368/16/811 1365/13/809
f 1369/17/812 1370/18/813 1371/19/814
f 1371/19/814 1372/20/815 1369/17/812
f 1373/21/816 1374/22/817 1375/23/818
f 1375/23/818 1376/24/819 1373/21/816
f 1377/25/820 1378/26/821 1379/27/822
f 1379/27/822 1380/28/823 1377/25/820
f 1381/29/824 1382/30/825 1383/31/826
f 1383/31/826 1384/32/827 1381/29/824
f 1385/33/828 1386/34/829 1387/35/830
f 1387/35/830 1388/36/831 1385/33/828
f 1389/37/832 1390/38/833 1391/39/834
f 1391/39/834 1392/40/835 1389/37/832
f 1393/41/836 1394/42/837 1395/43/838
f 1395/43/838 1396/44/839 1393/41/836
f 1397/45/840 1398/46/841 1399/47/842
f 1399/47/842 1400/48/843 1397/45/840
f 1401/49/844 1402/50/845 1403/51/846
f 1403/51/846 1404/52/847 1401/49/844
f 1391/39/834 1390/38/833 1405/53/811
f 1405/53/811 1406/54/848 1391/39/834
f 1394/42/837 1407/55/849 1366/14/810
f 1366/14/810 1395/43/838 1394/42/837
f 1399/47/842 1398/46/841 1408/56/850
f 1408/56/850 1409/57/851 1399/47/842
f 1402/50/845 1410/58/852 1411/59/853
f 1411/59/853 1403/51/846 1402/50/845
f 1364/60/808 1363/61/807 1412/62/854
f 1412/62/854 1413/63/855 1364/60/808
f 1392/40/835 1369/17/812 1372/20/815
f 1372/20/815 1414/64/856 1392/40/835
f 1415/65/857 1385/66/828 1357/5/801
f 1357/5/801 1360/8/804 1415/65/857
f 1400/48/843 1381/29/824 1384/32/827
f 1384/32/827 1416/67/858 1400/48/843
f 1376/24/819 1417/68/859 1396/44/839
f 1396/44/839 1373/21/816 1376/24/819
f 1372/20/815 1418/69/860 1355/3/799
f 1355/3/799 1414/64/856 1372/20/815
f 1380/28/823 1388/70/831 1404/52/847
f 1404/52/847 1377/25/820 1380/28/823
f 1384/32/827 1419/71/861 1420/72/862
f 1420/72/862 1416/67/858 1384/32/827
f 1369/17/812 1392/40/835 1391/39/834
f 1391/39/834 1421/73/863 1369/17/812
f 1373/21/816 1396/44/839 1395/43/838
f 1395/43/838 1422/74/864 1373/21/816
f 1381/29/824 1400/48/843 1399/47/842
f 1399/47/842 1423/75/865 1381/29/824
f 1377/25/820 1404/52/847 1403/51/846
f 1403/51/846 1424/76/866 1377/25/820
f 1421/73/863 1391/39/834 1406/54/848
f 1406/54/848 1425/77/867 1421/73/863
f 1422/74/864 1395/43/838 1366/14/810
f 1366/14/810 1365/13/809 1422/74/864
f 1423/75/865 1399/47/842 1409/57/851
f 1409/57/851 1426/78/868 1423/75/865
f 1424/76/866 1403/51/846 1411/59/853
f 1411/59/853 1427/79/869 1424/76/866
f 1428/80/870 1419/71/861 1429/81/871
f 1429/81/871 1430/82/872 1428/80/870
f 1426/78/868 1431/83/873 1432/84/874
f 1432/84/874 1433/85/875 1426/78/868
f 1404/52/847 1388/70/831 1387/86/830
f 1387/86/830 1401/49/844 1404/52/847
f 1393/41/836 1434/87/876 1383/31/826
f 1383/31/826 1382/30/825 1393/41/836
f 1435/88/877 1436/89/878 1386/34/829
f 1386/34/829 1437/90/879 1435/88/877
f 1382/30/825 1381/29/824 1423/75/865
f 1423/75/865 1438/91/837 1382/30/825
f 1370/18/813 1439/92/880 1402/50/845
f 1402/50/845 1401/49/844 1370/18/813
f 1423/75/865 1426/78/868 1433/85/875
f 1433/85/875 1438/91/837 1423/75/865
f 1439/92/880 1440/93/881 1410/58/852
f 1410/58/852 1402/50/845 1439/92/880
f 1430/82/872 1429/81/871 1362/10/806
f 1362/10/806 1361/9/805 1430/82/872
f 1433/85/875 1432/84/874 1441/94/882
f 1441/94/882 1407/55/849 1433/85/875
f 1401/49/844 1387/86/830 1371/19/814
f 1371/19/814 1370/18/813 1401/49/844
f 1382/30/825 1438/91/837 1394/42/837
f 1394/42/837 1393/41/836 1382/30/825
f 1438/91/837 1433/85/875 1407/55/849
f 1407/55/849 1394/42/837 1438/91/837
f 1396/44/839 1417/68/859 1434/87/876
f 1434/87/876 1393/41/836 1396/44/839
f 1442/95/883 1418/96/860 1436/89/878
f 1436/89/878 1435/88/877 1442/95/883
f 1370/18/813 1369/17/812 1421/73/863
f 1421/73/863 1439/92/880 1370/18/813
f 1421/73/863 1425/77/867 1440/93/881
f 1440/93/881 1439/92/880 1421/73/863
f 1443/97/884 1444/98/885 1354/2/798
f 1354/2/798 1353/1/797 1443/97/884
f 1379/27/822 1445/99/886 1446/100/887
f 1446/100/887 1358/6/802 1379/27/822
f 1406/54/848 1405/53/811 1447/101/15
f 1447/101/15 1425/77/867 1406/54/848
f 1392/40/835 1414/64/856 1448/102/888
f 1448/102/888 1389/37/832 1392/40/835
f 1397/45/840 1445/99/886 1379/27/822
f 1379/27/822 1378/26/821 1397/45/840
f 1374/22/817 1449/103/833 1390/38/833
f 1390/38/833 1389/37/832 1374/22/817
f 1378/26/821 1377/25/820 1424/76/866
f 1424/76/866 1450/104/889 1378/26/821
f 1449/103/833 1368/16/811 1405/53/811
f 1405/53/811 1390/38/833 1449/103/833
f 1424/76/866 1427/79/869 1451/105/890
f 1451/105/890 1450/104/889 1424/76/866
f 1410/58/852 1452/106/891 1453/107/892
f 1453/107/892 1411/59/853 1410/58/852
f 1410/58/852 1440/93/881 1454/108/893
f 1454/108/893 1452/106/891 1410/58/852
f 1405/53/811 1368/16/811 1367/15/15
f 1367/15/15 1447/101/15 1405/53/811
f 1389/37/832 1448/102/888 1375/23/818
f 1375/23/818 1374/22/817 1389/37/832
f 1378/26/821 1450/104/889 1398/46/841
f 1398/46/841 1397/45/840 1378/26/821
f 1450/104/889 1451/105/890 1408/56/850
f 1408/56/850 1398/46/841 1450/104/889
f 1452/106/891 1432/84/874 1431/83/873
f 1431/83/873 1453/107/892 1452/106/891
f 1432/84/874 1452/106/891 1454/108/893
f 1454/108/893 1441/94/882 1432/84/874
f 1443/97/884 1413/63/855 1412/62/854
f 1412/62/854 1444/98/885 1443/97/884
f 1445/99/886 1416/67/858 1420/72/862
f 1420/72/862 1446/100/887 1445/99/886
f 1400/48/843 1416/67/858 1445/99/886
f 1445/99/886 1397/45/840 1400/48/843
f 1374/22/817 1373/21/816 1422/74/864
f 1422/74/864 1449/103/833 1374/22/817
f 1422/74/864 1365/13/809 1368/16/811
f 1368/16/811 1449/103/833 1422/74/864
f 1354/2/798 1448/102/888 1414/64/856
f 1414/64/856 1355/3/799 1354/2/798
f 1380/28/823 1379/27/822 1358/6/802
f 1358/6/802 1357/5/801 1380/28/823
f 1434/109/876 1417/110/859 1363/11/807
f 1363/11/807 1362/10/806 1434/109/876
f 1415/111/857 1437/90/879 1386/34/829
f 1386/34/829 1385/33/828 1415/111/857
f 1417/68/859 1376/24/819 1412/62/854
f 1412/62/854 1363/61/807 1417/68/859
f 1388/70/831 1380/28/823 1357/5/801
f 1357/5/801 1385/66/828 1388/70/831
f 1442/112/883 1356/4/800 1355/3/799
f 1355/3/799 1418/69/860 1442/112/883
f 1428/80/870 1455/113/894 1420/72/862
f 1420/72/862 1419/71/861 1428/80/870
f 1384/32/827 1383/114/826 1429/81/871
f 1429/81/871 1419/71/861 1384/32/827
f 1371/115/814 1387/35/830 1386/34/829
f 1386/34/829 1436/89/878 1371/115/814
f 1383/114/826 1434/109/876 1362/10/806
f 1362/10/806 1429/81/871 1383/114/826
f 1372/116/815 1371/115/814 1436/89/878
f 1436/89/878 1418/96/860 1372/116/815
f 1375/23/818 1448/102/888 1354/2/798
f 1354/2/798 1444/98/885 1375/23/818
f 1456/117/895 1359/7/803 1358/6/802
f 1358/6/802 1446/100/887 1456/117/895
f 1376/24/819 1375/23/818 1444/98/885
f 1444/98/885 1412/62/854 1376/24/819
f 1455/113/894 1456/117/895 1446/100/887
f 1446/100/887 1420/72/862 1455/113/894
f 1407/55/849 1441/94/882 1367/15/15
f 1367/15/15 1366/14/810 1407/55/849
f 1441/94/882 1454/108/893 1447/101/15
f 1447/101/15 1367/15/15 1441/94/882
f 1454/108/893 1440/93/881 1425/77/867
f 1425/77/867 1447/101/15 1454/108/893
f 1409/57/851 1408/56/850 1431/83/873
f 1431/83/873 1426/78/868 1409/57/851
f 1408/56/850 1451/105/890 1453/107/892
f 1453/107/892 1431/83/873 1408/56/850
f 1453/107/892 1451/105/890 1427/79/869
f 1427/79/869 1411/59/853 1453/107/892
