# Blender 4.5.0
# www.blender.org
g medium_wall.xml.157_Mesh
v 94.409752 -21.019182 -190.383026
v 94.817795 -13.295995 -190.403809
v 94.723282 -13.295994 -190.849274
v 94.533676 -21.019182 -190.928192
v 98.931854 -13.295994 -190.798920
v 99.022491 -13.295993 -190.411316
v 99.121445 -21.019182 -190.517853
v 99.121445 -21.019182 -190.928192
v 95.534431 -21.019180 -181.581116
v 95.797104 -13.295993 -181.653534
v 94.875259 -13.295995 -181.670807
v 94.685616 -21.019180 -181.615692
v 95.494453 -5.662008 -182.092804
v 95.634659 -5.662008 -182.051086
v 95.634659 -5.662008 -182.338959
v 95.494453 -5.662008 -182.338318
v 95.203148 -5.294069 -190.798370
v 96.059776 -5.294069 -190.798370
v 96.059776 -5.572800 -190.860504
v 95.064903 -5.572800 -190.860504
v 95.050880 -5.294069 -181.937378
v 95.050880 -5.294069 -182.293793
v 94.912888 -5.572799 -182.293152
v 94.912888 -5.572799 -181.876526
v 98.604248 -5.294069 -190.709503
v 98.604248 -5.294069 -190.304749
v 98.742233 -5.572800 -190.304749
v 98.742233 -5.572800 -190.770355
v 98.451981 -5.294069 -181.848480
v 97.595001 -5.294069 -181.848480
v 97.595001 -5.572799 -181.786377
v 98.590225 -5.572799 -181.786377
v 98.642273 -13.295994 -190.945831
v 97.857666 -13.295994 -190.945831
v 96.861961 -5.681879 -190.860504
v 98.590225 -5.572800 -190.860504
v 95.050880 -5.294069 -190.304749
v 95.351837 -5.171049 -190.304749
v 95.351837 -5.171049 -190.585846
v 95.050880 -5.294069 -190.709503
v 96.059776 -5.294067 -181.848480
v 96.059776 -5.171047 -181.983948
v 95.504013 -5.171047 -181.983948
v 95.203148 -5.294069 -181.848480
v 98.604248 -5.335062 -182.314667
v 98.303299 -5.212041 -182.313293
v 98.303299 -5.171047 -182.061035
v 98.604248 -5.294069 -181.937378
v 96.861961 -5.403149 -190.798370
v 96.861961 -5.280128 -190.662933
v 98.151108 -5.171049 -190.662933
v 98.451981 -5.294069 -190.798370
v 95.494453 -5.662009 -190.263489
v 95.494453 -5.662009 -190.552307
v 96.147766 -5.662008 -182.051086
v 98.143692 -5.703001 -182.355011
v 98.143692 -5.662008 -182.092804
v 96.813576 -5.771089 -190.594025
v 98.003479 -5.662009 -190.594025
v 94.723282 -13.295995 -181.767395
v 94.533684 -21.019180 -181.718689
v 94.912888 -5.572800 -190.770355
v 98.669052 -21.019180 -191.068878
v 98.742249 -5.572799 -181.876526
v 95.064903 -5.572799 -181.786377
v 94.875259 -13.295995 -190.945831
v 98.779877 -13.295991 -181.670807
v 98.931839 -13.295991 -181.767395
v 95.504013 -5.171049 -190.662933
v 95.351837 -5.171047 -182.061035
v 98.151108 -5.171047 -181.983948
v 98.303299 -5.171049 -190.585846
v 95.634659 -5.662009 -190.594025
v 98.003479 -5.662008 -182.051086
v 98.143692 -5.662009 -190.552307
v 98.969513 -21.019180 -181.615692
v 97.857666 -13.295993 -181.670807
v 98.120346 -21.019180 -181.615692
v 98.004150 -5.703001 -182.354370
v 97.490051 -5.703001 -182.351990
v 97.490051 -5.662008 -182.051086
v 96.059776 -5.572799 -181.786377
v 95.534431 -21.019182 -191.062500
v 95.797104 -13.295995 -190.945831
v 98.120346 -21.019180 -191.031189
v 97.595001 -5.171047 -181.983948
v 96.059776 -5.171049 -190.662933
v 96.147766 -5.662009 -190.594025
v 96.147766 -5.662008 -182.341339
v 94.685616 -21.019182 -191.031189
v 94.533684 -21.019180 -182.073242
v 94.723282 -13.295995 -182.183197
v 98.742249 -5.613792 -182.315308
v 98.886444 -13.295991 -182.476379
v 95.634659 -5.662009 -190.263489
v 94.912888 -5.572800 -190.304749
v 95.351837 -5.171047 -182.295197
v 98.303299 -5.171049 -190.304749
v 98.143692 -5.662009 -190.263489
v 96.813576 -5.771089 -190.263489
v 98.003662 -5.673491 -190.263489
v 96.147766 -5.662009 -190.263489
v 99.121445 -21.019180 -181.780212
v 99.030655 -21.019180 -182.637451
v 94.409554 -21.019281 -205.517029
v 94.817596 -13.296095 -205.537811
v 94.723083 -13.296094 -205.983276
v 94.533478 -21.019281 -206.062195
v 98.931656 -13.296093 -205.932922
v 99.022293 -13.296093 -205.545319
v 99.121246 -21.019281 -205.651855
v 99.121246 -21.019281 -206.062195
v 95.534233 -21.019281 -196.715118
v 95.796906 -13.296093 -196.787537
v 94.875061 -13.296095 -196.804810
v 94.685417 -21.019281 -196.749695
v 95.494255 -5.662108 -197.226807
v 95.634460 -5.662108 -197.185089
v 95.634460 -5.662108 -197.472961
v 95.494255 -5.662108 -197.472321
v 95.202950 -5.294170 -205.932373
v 96.059578 -5.294170 -205.932373
v 96.059578 -5.572900 -205.994507
v 95.064705 -5.572900 -205.994507
v 95.050682 -5.294168 -197.071381
v 95.050682 -5.294168 -197.427795
v 94.912689 -5.572899 -197.427155
v 94.912689 -5.572899 -197.010529
v 98.604050 -5.294170 -205.843506
v 98.604050 -5.294170 -205.438751
v 98.742035 -5.572900 -205.438751
v 98.742035 -5.572900 -205.904358
v 98.451782 -5.294168 -196.982483
v 97.594803 -5.294168 -196.982483
v 97.594803 -5.572899 -196.920380
v 98.590027 -5.572899 -196.920380
v 98.642075 -13.296093 -206.079834
v 97.857468 -13.296094 -206.079834
v 96.861763 -5.681978 -205.994507
v 98.590027 -5.572900 -205.994507
v 95.050682 -5.294170 -205.438751
v 95.351639 -5.171148 -205.438751
v 95.351639 -5.171148 -205.719849
v 95.050682 -5.294170 -205.843506
v 96.059578 -5.294167 -196.982483
v 96.059578 -5.171148 -197.117950
v 95.503815 -5.171148 -197.117950
v 95.202950 -5.294168 -196.982483
v 98.604050 -5.335162 -197.448669
v 98.303101 -5.212141 -197.447296
v 98.303101 -5.171148 -197.195038
v 98.604050 -5.294168 -197.071381
v 96.861763 -5.403249 -205.932373
v 96.861763 -5.280228 -205.796936
v 98.150909 -5.171148 -205.796936
v 98.451782 -5.294170 -205.932373
v 95.494255 -5.662109 -205.397491
v 95.494255 -5.662109 -205.686310
v 96.147568 -5.662108 -197.185089
v 98.143494 -5.703102 -197.489014
v 98.143494 -5.662108 -197.226807
v 96.813377 -5.771189 -205.728027
v 98.003281 -5.662109 -205.728027
v 94.723083 -13.296095 -196.901398
v 94.533485 -21.019281 -196.852692
v 94.912689 -5.572900 -205.904358
v 98.668854 -21.019279 -206.202881
v 98.742050 -5.572899 -197.010529
v 95.064705 -5.572899 -196.920380
v 94.875061 -13.296095 -206.079834
v 98.779678 -13.296091 -196.804810
v 98.931641 -13.296091 -196.901398
v 95.503815 -5.171148 -205.796936
v 95.351639 -5.171148 -197.195038
v 98.150909 -5.171148 -197.117950
v 98.303101 -5.171148 -205.719849
v 95.634460 -5.662109 -205.728027
v 98.003281 -5.662108 -197.185089
v 98.143494 -5.662109 -205.686310
v 98.969315 -21.019279 -196.749695
v 97.857468 -13.296093 -196.804810
v 98.120148 -21.019279 -196.749695
v 98.003952 -5.703102 -197.488373
v 97.489853 -5.703102 -197.485992
v 97.489853 -5.662108 -197.185089
v 96.059578 -5.572899 -196.920380
v 95.534233 -21.019281 -206.196503
v 95.796906 -13.296095 -206.079834
v 98.120148 -21.019279 -206.165192
v 97.594803 -5.171148 -197.117950
v 96.059578 -5.171148 -205.796936
v 96.147568 -5.662109 -205.728027
v 96.147568 -5.662108 -197.475342
v 94.685417 -21.019281 -206.165192
v 94.533485 -21.019281 -197.207245
v 94.723083 -13.296095 -197.317200
v 98.742050 -5.613892 -197.449310
v 98.886246 -13.296091 -197.610382
v 95.634460 -5.662109 -205.397491
v 94.912689 -5.572900 -205.438751
v 95.351639 -5.171148 -197.429199
v 98.303101 -5.171148 -205.438751
v 98.143494 -5.662109 -205.397491
v 96.813377 -5.771189 -205.397491
v 98.003464 -5.673592 -205.397491
v 96.147568 -5.662109 -205.397491
v 99.121246 -21.019281 -196.914215
v 99.030457 -21.019281 -197.771454
v 94.409447 -21.019382 -220.643036
v 94.817490 -13.296196 -220.663818
v 94.722977 -13.296195 -221.109283
v 94.533371 -21.019382 -221.188202
v 98.931549 -13.296194 -221.058929
v 99.022186 -13.296194 -220.671326
v 99.121140 -21.019382 -220.777863
v 99.121140 -21.019382 -221.188202
v 95.534126 -21.019382 -211.841125
v 95.796799 -13.296194 -211.913544
v 94.874954 -13.296196 -211.930817
v 94.685310 -21.019382 -211.875702
v 95.494148 -5.662210 -212.352814
v 95.634354 -5.662210 -212.311096
v 95.634354 -5.662210 -212.598969
v 95.494148 -5.662210 -212.598328
v 95.202843 -5.294271 -221.058380
v 96.059471 -5.294271 -221.058380
v 96.059471 -5.573001 -221.120514
v 95.064598 -5.573001 -221.120514
v 95.050575 -5.294270 -212.197388
v 95.050575 -5.294270 -212.553802
v 94.912582 -5.573000 -212.553162
v 94.912582 -5.573000 -212.136536
v 98.603943 -5.294271 -220.969513
v 98.603943 -5.294271 -220.564758
v 98.741928 -5.573001 -220.564758
v 98.741928 -5.573001 -221.030365
v 98.451675 -5.294270 -212.108490
v 97.594696 -5.294270 -212.108490
v 97.594696 -5.573000 -212.046387
v 98.589920 -5.573000 -212.046387
v 98.641968 -13.296194 -221.205841
v 97.857361 -13.296195 -221.205841
v 96.861656 -5.682079 -221.120514
v 98.589920 -5.573001 -221.120514
v 95.050575 -5.294271 -220.564758
v 95.351532 -5.171249 -220.564758
v 95.351532 -5.171249 -220.845856
v 95.050575 -5.294271 -220.969513
v 96.059471 -5.294268 -212.108490
v 96.059471 -5.171249 -212.243958
v 95.503708 -5.171249 -212.243958
v 95.202843 -5.294270 -212.108490
v 98.603943 -5.335263 -212.574677
v 98.302994 -5.212242 -212.573303
v 98.302994 -5.171249 -212.321045
v 98.603943 -5.294270 -212.197388
v 96.861656 -5.403350 -221.058380
v 96.861656 -5.280329 -220.922943
v 98.150803 -5.171249 -220.922943
v 98.451675 -5.294271 -221.058380
v 95.494148 -5.662210 -220.523499
v 95.494148 -5.662210 -220.812317
v 96.147461 -5.662210 -212.311096
v 98.143387 -5.703203 -212.615021
v 98.143387 -5.662210 -212.352814
v 96.813271 -5.771290 -220.854034
v 98.003174 -5.662210 -220.854034
v 94.722977 -13.296196 -212.027405
v 94.533379 -21.019382 -211.978699
v 94.912582 -5.573001 -221.030365
v 98.668747 -21.019382 -221.328888
v 98.741943 -5.573000 -212.136536
v 95.064598 -5.573000 -212.046387
v 94.874954 -13.296196 -221.205841
v 98.779572 -13.296192 -211.930817
v 98.931534 -13.296192 -212.027405
v 95.503708 -5.171249 -220.922943
v 95.351532 -5.171249 -212.321045
v 98.150803 -5.171249 -212.243958
v 98.302994 -5.171249 -220.845856
v 95.634354 -5.662210 -220.854034
v 98.003174 -5.662210 -212.311096
v 98.143387 -5.662210 -220.812317
v 98.969208 -21.019381 -211.875702
v 97.857361 -13.296194 -211.930817
v 98.120041 -21.019381 -211.875702
v 98.003845 -5.703203 -212.614380
v 97.489746 -5.703203 -212.612000
v 97.489746 -5.662210 -212.311096
v 96.059471 -5.573000 -212.046387
v 95.534126 -21.019382 -221.322510
v 95.796799 -13.296196 -221.205841
v 98.120041 -21.019382 -221.291199
v 97.594696 -5.171249 -212.243958
v 96.059471 -5.171249 -220.922943
v 96.147461 -5.662210 -220.854034
v 96.147461 -5.662210 -212.601349
v 94.685310 -21.019382 -221.291199
v 94.533379 -21.019382 -212.333252
v 94.722977 -13.296196 -212.443207
v 98.741943 -5.613993 -212.575317
v 98.886139 -13.296192 -212.736389
v 95.634354 -5.662210 -220.523499
v 94.912582 -5.573001 -220.564758
v 95.351532 -5.171249 -212.555206
v 98.302994 -5.171249 -220.564758
v 98.143387 -5.662210 -220.523499
v 96.813271 -5.771290 -220.523499
v 98.003357 -5.673693 -220.523499
v 96.147461 -5.662210 -220.523499
v 99.121140 -21.019382 -212.040222
v 99.030350 -21.019382 -212.897461
v 94.409348 -21.019484 -235.777039
v 94.817390 -13.296297 -235.797791
v 94.722878 -13.296296 -236.243256
v 94.533279 -21.019484 -236.322174
v 98.931442 -13.296295 -236.192902
v 99.022079 -13.296295 -235.805298
v 99.121048 -21.019484 -235.911865
v 99.121048 -21.019484 -236.322174
v 95.534027 -21.019484 -226.975128
v 95.796700 -13.296295 -227.047516
v 94.874855 -13.296297 -227.064789
v 94.685211 -21.019484 -227.009674
v 95.494049 -5.662311 -227.486816
v 95.634254 -5.662311 -227.445099
v 95.634254 -5.662311 -227.732971
v 95.494049 -5.662311 -227.732300
v 95.202744 -5.294373 -236.192383
v 96.059372 -5.294373 -236.192383
v 96.059372 -5.573102 -236.254486
v 95.064499 -5.573102 -236.254486
v 95.050476 -5.294371 -227.331360
v 95.050476 -5.294371 -227.687805
v 94.912483 -5.573101 -227.687164
v 94.912483 -5.573101 -227.270538
v 98.603836 -5.294373 -236.103516
v 98.603836 -5.294373 -235.698730
v 98.741837 -5.573102 -235.698730
v 98.741837 -5.573102 -236.164337
v 98.451584 -5.294371 -227.242493
v 97.594589 -5.294371 -227.242493
v 97.594589 -5.573101 -227.180389
v 98.589828 -5.573101 -227.180389
v 98.641861 -13.296295 -236.339844
v 97.857269 -13.296296 -236.339844
v 96.861557 -5.682180 -236.254486
v 98.589828 -5.573102 -236.254486
v 95.050476 -5.294373 -235.698730
v 95.351433 -5.171350 -235.698730
v 95.351433 -5.171350 -235.979828
v 95.050476 -5.294373 -236.103516
v 96.059372 -5.294369 -227.242493
v 96.059372 -5.171350 -227.377960
v 95.503609 -5.171350 -227.377960
v 95.202744 -5.294371 -227.242493
v 98.603836 -5.335364 -227.708679
v 98.302887 -5.212343 -227.707275
v 98.302887 -5.171350 -227.455048
v 98.603836 -5.294371 -227.331360
v 96.861557 -5.403451 -236.192383
v 96.861557 -5.280430 -236.056915
v 98.150711 -5.171350 -236.056915
v 98.451584 -5.294373 -236.192383
v 95.494049 -5.662312 -235.657471
v 95.494049 -5.662312 -235.946320
v 96.147362 -5.662311 -227.445099
v 98.143280 -5.703304 -227.749023
v 98.143280 -5.662311 -227.486816
v 96.813171 -5.771391 -235.988037
v 98.003082 -5.662312 -235.988037
v 94.722878 -13.296297 -227.161377
v 94.533279 -21.019484 -227.112701
v 94.912483 -5.573102 -236.164337
v 98.668655 -21.019482 -236.462891
v 98.741837 -5.573101 -227.270538
v 95.064499 -5.573101 -227.180389
v 94.874855 -13.296297 -236.339844
v 98.779465 -13.296293 -227.064789
v 98.931442 -13.296293 -227.161377
v 95.503609 -5.171350 -236.056915
v 95.351433 -5.171350 -227.455048
v 98.150711 -5.171350 -227.377960
v 98.302887 -5.171350 -235.979828
v 95.634254 -5.662312 -235.988037
v 98.003082 -5.662311 -227.445099
v 98.143280 -5.662312 -235.946320
v 98.969116 -21.019482 -227.009674
v 97.857269 -13.296295 -227.064789
v 98.119934 -21.019482 -227.009674
v 98.003738 -5.703304 -227.748352
v 97.489647 -5.703304 -227.746002
v 97.489647 -5.662311 -227.445099
v 96.059372 -5.573101 -227.180389
v 95.534027 -21.019484 -236.456482
v 95.796700 -13.296297 -236.339844
v 98.119934 -21.019482 -236.425201
v 97.594589 -5.171350 -227.377960
v 96.059372 -5.171350 -236.056915
v 96.147362 -5.662312 -235.988037
v 96.147362 -5.662311 -227.735321
v 94.685211 -21.019484 -236.425201
v 94.533279 -21.019484 -227.467224
v 94.722878 -13.296297 -227.577209
v 98.741837 -5.614094 -227.709320
v 98.886047 -13.296293 -227.870361
v 95.634254 -5.662312 -235.657471
v 94.912483 -5.573102 -235.698730
v 95.351433 -5.171350 -227.689178
v 98.302887 -5.171350 -235.698730
v 98.143280 -5.662312 -235.657471
v 96.813171 -5.771391 -235.657471
v 98.003265 -5.673794 -235.657471
v 96.147362 -5.662312 -235.657471
v 99.121048 -21.019484 -227.174225
v 99.030258 -21.019484 -228.031433
v -13.243774 -21.030380 -181.063843
v -13.223000 -13.307194 -180.655823
v -12.777534 -13.307192 -180.750305
v -12.698616 -21.030380 -180.939911
v -12.827881 -13.307192 -176.541748
v -13.215500 -13.307192 -176.451111
v -13.108932 -21.030380 -176.352142
v -12.698616 -21.030380 -176.352142
v -22.045677 -21.030380 -179.939178
v -21.973282 -13.307193 -179.676514
v -21.956001 -13.307195 -180.598358
v -22.011116 -21.030380 -180.787994
v -21.533989 -5.673208 -179.979156
v -21.575706 -5.673208 -179.838928
v -21.287834 -5.673208 -179.838928
v -21.288490 -5.673208 -179.979156
v -12.828415 -5.305267 -180.270447
v -12.828415 -5.305267 -179.413818
v -12.766304 -5.583998 -179.413818
v -12.766304 -5.583998 -180.408691
v -21.689438 -5.305269 -180.422729
v -21.333000 -5.305269 -180.422729
v -21.333641 -5.583999 -180.560730
v -21.750267 -5.583999 -180.560730
v -12.917290 -5.305267 -176.869354
v -13.322060 -5.305267 -176.869354
v -13.322060 -5.583998 -176.731354
v -12.856453 -5.583998 -176.731354
v -21.778313 -5.305269 -177.021606
v -21.778313 -5.305269 -177.878601
v -21.840424 -5.583999 -177.878601
v -21.840424 -5.583999 -176.883362
v -12.680954 -13.307192 -176.831329
v -12.680954 -13.307192 -177.615936
v -12.766304 -5.693077 -178.611633
v -12.766304 -5.583998 -176.883362
v -13.322060 -5.305267 -180.422729
v -13.322060 -5.182247 -180.121765
v -13.040970 -5.182247 -180.121765
v -12.917290 -5.305267 -180.422729
v -21.778313 -5.305267 -179.413818
v -21.642845 -5.182247 -179.413818
v -21.642845 -5.182247 -179.969574
v -21.778313 -5.305269 -180.270447
v -21.312126 -5.346262 -176.869354
v -21.313515 -5.223241 -177.170319
v -21.565758 -5.182247 -177.170319
v -21.689438 -5.305269 -176.869354
v -12.828415 -5.414347 -178.611633
v -12.963882 -5.291326 -178.611633
v -12.963882 -5.182247 -177.322479
v -12.828415 -5.305267 -177.021606
v -13.363319 -5.673207 -179.979156
v -13.074493 -5.673207 -179.979156
v -21.575706 -5.673208 -179.325836
v -21.271790 -5.714201 -177.329895
v -21.533989 -5.673208 -177.329895
v -13.032776 -5.782287 -178.660034
v -13.032776 -5.673207 -177.470123
v -21.859413 -13.307195 -180.750305
v -21.908104 -21.030380 -180.939911
v -12.856453 -5.583998 -180.560730
v -12.557915 -21.030378 -176.804535
v -21.750267 -5.583999 -176.731354
v -21.840424 -5.583999 -180.408691
v -12.680954 -13.307194 -180.598358
v -21.956001 -13.307191 -176.693726
v -21.859413 -13.307191 -176.541748
v -12.963882 -5.182247 -179.969574
v -21.565758 -5.182247 -180.121765
v -21.642845 -5.182247 -177.322479
v -13.040970 -5.182247 -177.170319
v -13.032776 -5.673207 -179.838928
v -21.575706 -5.673208 -177.470123
v -13.074493 -5.673207 -177.329895
v -22.011116 -21.030380 -176.504089
v -21.956001 -13.307193 -177.615936
v -22.011116 -21.030380 -177.353271
v -21.272430 -5.714201 -177.469452
v -21.274803 -5.714201 -177.983551
v -21.575706 -5.673208 -177.983551
v -21.840424 -5.583999 -179.413818
v -12.564308 -21.030380 -179.939178
v -12.680954 -13.307194 -179.676483
v -12.595612 -21.030378 -177.353271
v -21.642845 -5.182247 -177.878601
v -12.963882 -5.182247 -179.413818
v -13.032776 -5.673207 -179.325836
v -21.285469 -5.673208 -179.325836
v -12.595612 -21.030380 -180.787994
v -21.553558 -21.030380 -180.939911
v -21.443596 -13.307194 -180.750305
v -21.311485 -5.624992 -176.731354
v -21.150429 -13.307191 -176.587158
v -13.363319 -5.673207 -179.838928
v -13.322060 -5.583998 -180.560730
v -21.331612 -5.182247 -180.121765
v -13.322060 -5.182247 -177.170319
v -13.363319 -5.673207 -177.329895
v -13.363319 -5.782287 -178.660034
v -13.363319 -5.684689 -177.469940
v -13.363319 -5.673207 -179.325836
v -21.846581 -21.030380 -176.352142
v -20.989357 -21.030380 -176.442932
v -21.081772 -31.828339 -173.238861
v -21.060997 -25.337440 -172.830811
v -20.615532 -25.337440 -172.925323
v -20.536613 -31.828339 -173.114929
v -20.665886 -25.337440 -168.716766
v -21.053497 -25.337440 -168.626099
v -20.946938 -31.828339 -168.527161
v -20.536613 -31.828339 -168.527161
v -29.883675 -31.828339 -172.114166
v -29.811279 -25.337440 -171.851501
v -29.793999 -25.337442 -172.773346
v -29.849113 -31.828339 -172.962982
v -29.371986 -18.921515 -172.154144
v -29.413704 -18.921515 -172.013947
v -29.125839 -18.921515 -172.013947
v -29.126488 -18.921515 -172.154144
v -20.666420 -18.612282 -172.445465
v -20.666420 -18.612282 -171.588837
v -20.604301 -18.846539 -171.588837
v -20.604301 -18.846539 -172.583710
v -29.527435 -18.612282 -172.597717
v -29.170998 -18.612282 -172.597717
v -29.171638 -18.846539 -172.735718
v -29.588272 -18.846539 -172.735718
v -20.755287 -18.612282 -169.044342
v -21.160057 -18.612282 -169.044342
v -21.160057 -18.846539 -168.906372
v -20.694450 -18.846539 -168.906372
v -29.616310 -18.612282 -169.196625
v -29.616310 -18.612282 -170.053619
v -29.678421 -18.846539 -170.053619
v -29.678421 -18.846539 -169.058380
v -20.518959 -25.337440 -169.006317
v -20.518959 -25.337440 -169.790924
v -20.604301 -18.938211 -170.786652
v -20.604301 -18.846539 -169.058380
v -21.160057 -18.612282 -172.597717
v -21.160057 -18.508888 -172.296783
v -20.878967 -18.508888 -172.296783
v -20.755287 -18.612282 -172.597717
v -29.616310 -18.612280 -171.588837
v -29.480843 -18.508890 -171.588837
v -29.480843 -18.508890 -172.144592
v -29.616310 -18.612282 -172.445465
v -29.150124 -18.646734 -169.044373
v -29.151512 -18.543343 -169.345306
v -29.403755 -18.508890 -169.345306
v -29.527435 -18.612282 -169.044373
v -20.666420 -18.703957 -170.786652
v -20.801880 -18.600563 -170.786652
v -20.801880 -18.508888 -169.497498
v -20.666420 -18.612282 -169.196625
v -21.201317 -18.921513 -172.154144
v -20.912491 -18.921513 -172.154144
v -29.413704 -18.921515 -171.500824
v -29.109787 -18.955967 -169.504913
v -29.371986 -18.921515 -169.504913
v -20.870773 -19.013187 -170.835022
v -20.870773 -18.921513 -169.645111
v -29.697418 -25.337442 -172.925323
v -29.746101 -31.828339 -173.114929
v -20.694450 -18.846539 -172.735718
v -20.395912 -31.828335 -168.979553
v -29.588272 -18.846539 -168.906372
v -29.678421 -18.846539 -172.583710
v -20.518959 -25.337440 -172.773346
v -29.793999 -25.337439 -168.868744
v -29.697418 -25.337439 -168.716766
v -20.801880 -18.508888 -172.144592
v -29.403755 -18.508890 -172.296783
v -29.480843 -18.508890 -169.497498
v -20.878967 -18.508888 -169.345306
v -20.870773 -18.921513 -172.013947
v -29.413704 -18.921515 -169.645111
v -20.912491 -18.921513 -169.504913
v -29.849113 -31.828339 -168.679077
v -29.793999 -25.337440 -169.790924
v -29.849113 -31.828339 -169.528259
v -29.110435 -18.955967 -169.644470
v -29.112808 -18.955967 -170.158569
v -29.413704 -18.921515 -170.158569
v -29.678421 -18.846539 -171.588837
v -20.402306 -31.828339 -172.114166
v -20.518959 -25.337440 -171.851501
v -20.433609 -31.828335 -169.528259
v -29.480843 -18.508890 -170.053619
v -20.801880 -18.508888 -171.588837
v -20.870773 -18.921513 -171.500824
v -29.123466 -18.921515 -171.500824
v -20.433609 -31.828339 -172.962982
v -29.391556 -31.828339 -173.114929
v -29.281593 -25.337442 -172.925323
v -29.149483 -18.880991 -168.906372
v -28.988426 -25.337439 -168.762146
v -21.201317 -18.921513 -172.013947
v -21.160057 -18.846539 -172.735718
v -29.169609 -18.508890 -172.296783
v -21.160057 -18.508888 -169.345306
v -21.201317 -18.921513 -169.504913
v -21.201317 -19.013187 -170.835022
v -21.201317 -18.931164 -169.644928
v -21.201317 -18.921513 -171.500824
v -29.684578 -31.828339 -168.527161
v -28.827354 -31.828339 -168.617950
v 2.091942 -21.030380 -181.064850
v 2.112717 -13.307194 -180.656830
v 2.558182 -13.307192 -180.751312
v 2.637100 -21.030380 -180.940918
v 2.507835 -13.307192 -176.542755
v 2.120216 -13.307192 -176.452118
v 2.226784 -21.030380 -176.353149
v 2.637100 -21.030380 -176.353149
v -6.709961 -21.030380 -179.940186
v -6.637566 -13.307193 -179.677521
v -6.620277 -13.307195 -180.599365
v -6.675400 -21.030380 -180.789001
v -6.198265 -5.673208 -179.980164
v -6.239990 -5.673208 -179.839935
v -5.952126 -5.673208 -179.839935
v -5.952774 -5.673208 -179.980164
v 2.507301 -5.305267 -180.271454
v 2.507301 -5.305267 -179.414825
v 2.569412 -5.583998 -179.414825
v 2.569412 -5.583998 -180.409698
v -6.353722 -5.305269 -180.423737
v -5.997284 -5.305269 -180.423737
v -5.997925 -5.583999 -180.561737
v -6.414558 -5.583999 -180.561737
v 2.418427 -5.305267 -176.870361
v 2.013657 -5.305267 -176.870361
v 2.013657 -5.583998 -176.732361
v 2.479263 -5.583998 -176.732361
v -6.442596 -5.305269 -177.022614
v -6.442596 -5.305269 -177.879608
v -6.504707 -5.583999 -177.879608
v -6.504707 -5.583999 -176.884369
v 2.654762 -13.307192 -176.832336
v 2.654762 -13.307192 -177.616943
v 2.569412 -5.693077 -178.612640
v 2.569412 -5.583998 -176.884369
v 2.013657 -5.305267 -180.423737
v 2.013657 -5.182247 -180.122772
v 2.294746 -5.182247 -180.122772
v 2.418427 -5.305267 -180.423737
v -6.442596 -5.305267 -179.414825
v -6.307129 -5.182247 -179.414825
v -6.307129 -5.182247 -179.970581
v -6.442596 -5.305269 -180.271454
v -5.976410 -5.346262 -176.870361
v -5.977798 -5.223241 -177.171326
v -6.230034 -5.182247 -177.171326
v -6.353722 -5.305269 -176.870361
v 2.507301 -5.414347 -178.612640
v 2.371834 -5.291326 -178.612640
v 2.371834 -5.182247 -177.323486
v 2.507301 -5.305267 -177.022614
v 1.972397 -5.673207 -179.980164
v 2.261223 -5.673207 -179.980164
v -6.239990 -5.673208 -179.326843
v -5.936073 -5.714201 -177.330902
v -6.198265 -5.673208 -177.330902
v 2.302940 -5.782287 -178.661041
v 2.302940 -5.673207 -177.471130
v -6.523705 -13.307195 -180.751312
v -6.572388 -21.030380 -180.940918
v 2.479263 -5.583998 -180.561737
v 2.777802 -21.030378 -176.805542
v -6.414558 -5.583999 -176.732361
v -6.504707 -5.583999 -180.409698
v 2.654762 -13.307194 -180.599365
v -6.620277 -13.307191 -176.694733
v -6.523705 -13.307191 -176.542755
v 2.371834 -5.182247 -179.970581
v -6.230034 -5.182247 -180.122772
v -6.307129 -5.182247 -177.323486
v 2.294746 -5.182247 -177.171326
v 2.302940 -5.673207 -179.839935
v -6.239990 -5.673208 -177.471130
v 2.261223 -5.673207 -177.330902
v -6.675400 -21.030380 -176.505096
v -6.620277 -13.307193 -177.616943
v -6.675400 -21.030380 -177.354279
v -5.936714 -5.714201 -177.470459
v -5.939095 -5.714201 -177.984558
v -6.239990 -5.673208 -177.984558
v -6.504707 -5.583999 -179.414825
v 2.771408 -21.030380 -179.940186
v 2.654762 -13.307194 -179.677490
v 2.740105 -21.030378 -177.354279
v -6.307129 -5.182247 -177.879608
v 2.371834 -5.182247 -179.414825
v 2.302940 -5.673207 -179.326843
v -5.949753 -5.673208 -179.326843
v 2.740105 -21.030380 -180.789001
v -6.217842 -21.030380 -180.940918
v -6.107880 -13.307194 -180.751312
v -5.975769 -5.624992 -176.732361
v -5.814705 -13.307191 -176.588165
v 1.972397 -5.673207 -179.839935
v 2.013657 -5.583998 -180.561737
v -5.995895 -5.182247 -180.122772
v 2.013657 -5.182247 -177.171326
v 1.972397 -5.673207 -177.330902
v 1.972397 -5.782287 -178.661041
v 1.972397 -5.684689 -177.470947
v 1.972397 -5.673207 -179.326843
v -6.510864 -21.030380 -176.353149
v -5.653641 -21.030380 -176.443939
v -5.746078 -31.828339 -173.238861
v -5.725304 -25.337440 -172.830811
v -5.279839 -25.337440 -172.925323
v -5.200920 -31.828339 -173.114929
v -5.330185 -25.337440 -168.716766
v -5.717804 -25.337440 -168.626099
v -5.611237 -31.828339 -168.527161
v -5.200920 -31.828339 -168.527161
v -14.547981 -31.828339 -172.114166
v -14.475586 -25.337440 -171.851501
v -14.458298 -25.337442 -172.773346
v -14.513420 -31.828339 -172.962982
v -14.036285 -18.921515 -172.154144
v -14.078011 -18.921515 -172.013947
v -13.790138 -18.921515 -172.013947
v -13.790794 -18.921515 -172.154144
v -5.330719 -18.612282 -172.445465
v -5.330719 -18.612282 -171.588837
v -5.268608 -18.846539 -171.588837
v -5.268608 -18.846539 -172.583710
v -14.191742 -18.612282 -172.597717
v -13.835304 -18.612282 -172.597717
v -13.835945 -18.846539 -172.735718
v -14.252579 -18.846539 -172.735718
v -5.419594 -18.612282 -169.044342
v -5.824364 -18.612282 -169.044342
v -5.824364 -18.846539 -168.906372
v -5.358757 -18.846539 -168.906372
v -14.280617 -18.612282 -169.196625
v -14.280617 -18.612282 -170.053619
v -14.342728 -18.846539 -170.053619
v -14.342728 -18.846539 -169.058380
v -5.183258 -25.337440 -169.006317
v -5.183258 -25.337440 -169.790924
v -5.268608 -18.938211 -170.786652
v -5.268608 -18.846539 -169.058380
v -5.824364 -18.612282 -172.597717
v -5.824364 -18.508888 -172.296783
v -5.543274 -18.508888 -172.296783
v -5.419594 -18.612282 -172.597717
v -14.280617 -18.612280 -171.588837
v -14.145149 -18.508890 -171.588837
v -14.145149 -18.508890 -172.144592
v -14.280617 -18.612282 -172.445465
v -13.814430 -18.646734 -169.044373
v -13.815819 -18.543343 -169.345306
v -14.068054 -18.508890 -169.345306
v -14.191742 -18.612282 -169.044373
v -5.330719 -18.703957 -170.786652
v -5.466187 -18.600563 -170.786652
v -5.466187 -18.508888 -169.497498
v -5.330719 -18.612282 -169.196625
v -5.865623 -18.921513 -172.154144
v -5.576797 -18.921513 -172.154144
v -14.078011 -18.921515 -171.500824
v -13.774094 -18.955967 -169.504913
v -14.036285 -18.921515 -169.504913
v -5.535080 -19.013187 -170.835022
v -5.535080 -18.921513 -169.645111
v -14.361717 -25.337442 -172.925323
v -14.410408 -31.828339 -173.114929
v -5.358757 -18.846539 -172.735718
v -5.060219 -31.828335 -168.979553
v -14.252579 -18.846539 -168.906372
v -14.342728 -18.846539 -172.583710
v -5.183258 -25.337440 -172.773346
v -14.458298 -25.337439 -168.868744
v -14.361717 -25.337439 -168.716766
v -5.466187 -18.508888 -172.144592
v -14.068054 -18.508890 -172.296783
v -14.145149 -18.508890 -169.497498
v -5.543274 -18.508888 -169.345306
v -5.535080 -18.921513 -172.013947
v -14.078011 -18.921515 -169.645111
v -5.576797 -18.921513 -169.504913
v -14.513420 -31.828339 -168.679077
v -14.458298 -25.337440 -169.790924
v -14.513420 -31.828339 -169.528259
v -13.774734 -18.955967 -169.644470
v -13.777107 -18.955967 -170.158569
v -14.078011 -18.921515 -170.158569
v -14.342728 -18.846539 -171.588837
v -5.066612 -31.828339 -172.114166
v -5.183258 -25.337440 -171.851501
v -5.097916 -31.828335 -169.528259
v -14.145149 -18.508890 -170.053619
v -5.466187 -18.508888 -171.588837
v -5.535080 -18.921513 -171.500824
v -13.787773 -18.921515 -171.500824
v -5.097916 -31.828339 -172.962982
v -14.055862 -31.828339 -173.114929
v -13.945900 -25.337442 -172.925323
v -13.813789 -18.880991 -168.906372
v -13.652725 -25.337439 -168.762146
v -5.865623 -18.921513 -172.013947
v -5.824364 -18.846539 -172.735718
v -13.833916 -18.508890 -172.296783
v -5.824364 -18.508888 -169.345306
v -5.865623 -18.921513 -169.504913
v -5.865623 -19.013187 -170.835022
v -5.865623 -18.931164 -169.644928
v -5.865623 -18.921513 -171.500824
v -14.348885 -31.828339 -168.527161
v -13.491661 -31.828339 -168.617950
v 17.168823 -21.030779 -181.064850
v 17.189598 -13.307593 -180.656830
v 17.635063 -13.307591 -180.751312
v 17.713982 -21.030779 -180.940918
v 17.584717 -13.307591 -176.542755
v 17.197098 -13.307591 -176.452118
v 17.303665 -21.030779 -176.353149
v 17.713982 -21.030779 -176.353149
v 8.366920 -21.030781 -179.940186
v 8.439316 -13.307592 -179.677521
v 8.456596 -13.307594 -180.599365
v 8.401482 -21.030781 -180.789001
v 8.878609 -5.673608 -179.980164
v 8.836891 -5.673608 -179.839935
v 9.124756 -5.673608 -179.839935
v 9.124107 -5.673608 -179.980164
v 17.584183 -5.305668 -180.271454
v 17.584183 -5.305668 -179.414825
v 17.646294 -5.584397 -179.414825
v 17.646294 -5.584397 -180.409698
v 8.723160 -5.305668 -180.423737
v 9.079597 -5.305668 -180.423737
v 9.078957 -5.584398 -180.561737
v 8.662323 -5.584398 -180.561737
v 17.495308 -5.305668 -176.870361
v 17.090538 -5.305668 -176.870361
v 17.090538 -5.584397 -176.732361
v 17.556145 -5.584397 -176.732361
v 8.634285 -5.305668 -177.022614
v 8.634285 -5.305668 -177.879608
v 8.572174 -5.584398 -177.879608
v 8.572174 -5.584398 -176.884369
v 17.731644 -13.307591 -176.832336
v 17.731644 -13.307591 -177.616943
v 17.646294 -5.693476 -178.612640
v 17.646294 -5.584397 -176.884369
v 17.090538 -5.305668 -180.423737
v 17.090538 -5.182646 -180.122772
v 17.371628 -5.182646 -180.122772
v 17.495308 -5.305668 -180.423737
v 8.634285 -5.305666 -179.414825
v 8.769753 -5.182648 -179.414825
v 8.769753 -5.182648 -179.970581
v 8.634285 -5.305668 -180.271454
v 9.100471 -5.346662 -176.870361
v 9.099083 -5.223640 -177.171326
v 8.846840 -5.182648 -177.171326
v 8.723160 -5.305668 -176.870361
v 17.584183 -5.414746 -178.612640
v 17.448715 -5.291725 -178.612640
v 17.448715 -5.182646 -177.323486
v 17.584183 -5.305668 -177.022614
v 17.049278 -5.673607 -179.980164
v 17.338104 -5.673607 -179.980164
v 8.836891 -5.673608 -179.326843
v 9.140808 -5.714602 -177.330902
v 8.878609 -5.673608 -177.330902
v 17.379822 -5.782686 -178.661041
v 17.379822 -5.673607 -177.471130
v 8.553177 -13.307594 -180.751312
v 8.504494 -21.030781 -180.940918
v 17.556145 -5.584397 -180.561737
v 17.854683 -21.030777 -176.805542
v 8.662323 -5.584398 -176.732361
v 8.572174 -5.584398 -180.409698
v 17.731644 -13.307593 -180.599365
v 8.456596 -13.307590 -176.694733
v 8.553177 -13.307590 -176.542755
v 17.448715 -5.182646 -179.970581
v 8.846840 -5.182648 -180.122772
v 8.769753 -5.182648 -177.323486
v 17.371628 -5.182646 -177.171326
v 17.379822 -5.673607 -179.839935
v 8.836891 -5.673608 -177.471130
v 17.338104 -5.673607 -177.330902
v 8.401482 -21.030779 -176.505096
v 8.456596 -13.307592 -177.616943
v 8.401482 -21.030779 -177.354279
v 9.140160 -5.714602 -177.470459
v 9.137787 -5.714602 -177.984558
v 8.836891 -5.673608 -177.984558
v 8.572174 -5.584398 -179.414825
v 17.848289 -21.030779 -179.940186
v 17.731644 -13.307593 -179.677490
v 17.816986 -21.030777 -177.354279
v 8.769753 -5.182648 -177.879608
v 17.448715 -5.182646 -179.414825
v 17.379822 -5.673607 -179.326843
v 9.127129 -5.673608 -179.326843
v 17.816986 -21.030779 -180.789001
v 8.859039 -21.030781 -180.940918
v 8.969002 -13.307593 -180.751312
v 9.101112 -5.625391 -176.732361
v 9.262169 -13.307590 -176.588165
v 17.049278 -5.673607 -179.839935
v 17.090538 -5.584397 -180.561737
v 9.080986 -5.182648 -180.122772
v 17.090538 -5.182646 -177.171326
v 17.049278 -5.673607 -177.330902
v 17.049278 -5.782686 -178.661041
v 17.049278 -5.685089 -177.470947
v 17.049278 -5.673607 -179.326843
v 8.566017 -21.030781 -176.353149
v 9.423241 -21.030781 -176.443939
v 9.330803 -31.828739 -173.238861
v 9.351578 -25.337841 -172.830811
v 9.797043 -25.337841 -172.925323
v 9.875961 -31.828739 -173.114929
v 9.746696 -25.337841 -168.716766
v 9.359077 -25.337841 -168.626099
v 9.465645 -31.828739 -168.527161
v 9.875961 -31.828739 -168.527161
v 0.528900 -31.828739 -172.114166
v 0.601295 -25.337841 -171.851501
v 0.618584 -25.337843 -172.773346
v 0.563461 -31.828739 -172.962982
v 1.040596 -18.921915 -172.154144
v 0.998871 -18.921915 -172.013947
v 1.286736 -18.921915 -172.013947
v 1.286087 -18.921915 -172.154144
v 9.746162 -18.612682 -172.445465
v 9.746162 -18.612682 -171.588837
v 9.808273 -18.846939 -171.588837
v 9.808273 -18.846939 -172.583710
v 0.885139 -18.612682 -172.597717
v 1.241577 -18.612682 -172.597717
v 1.240936 -18.846939 -172.735718
v 0.824303 -18.846939 -172.735718
v 9.657288 -18.612682 -169.044342
v 9.252518 -18.612682 -169.044342
v 9.252518 -18.846939 -168.906372
v 9.718124 -18.846939 -168.906372
v 0.796265 -18.612682 -169.196625
v 0.796265 -18.612682 -170.053619
v 0.734154 -18.846939 -170.053619
v 0.734154 -18.846939 -169.058380
v 9.893623 -25.337841 -169.006317
v 9.893623 -25.337841 -169.790924
v 9.808273 -18.938612 -170.786652
v 9.808273 -18.846939 -169.058380
v 9.252518 -18.612682 -172.597717
v 9.252518 -18.509289 -172.296783
v 9.533607 -18.509289 -172.296783
v 9.657288 -18.612682 -172.597717
v 0.796265 -18.612680 -171.588837
v 0.931732 -18.509291 -171.588837
v 0.931732 -18.509291 -172.144592
v 0.796265 -18.612682 -172.445465
v 1.262451 -18.647135 -169.044373
v 1.261063 -18.543743 -169.345306
v 1.008827 -18.509291 -169.345306
v 0.885139 -18.612682 -169.044373
v 9.746162 -18.704357 -170.786652
v 9.610695 -18.600964 -170.786652
v 9.610695 -18.509289 -169.497498
v 9.746162 -18.612682 -169.196625
v 9.211258 -18.921913 -172.154144
v 9.500084 -18.921913 -172.154144
v 0.998871 -18.921915 -171.500824
v 1.302788 -18.956367 -169.504913
v 1.040596 -18.921915 -169.504913
v 9.541801 -19.013588 -170.835022
v 9.541801 -18.921913 -169.645111
v 0.715157 -25.337843 -172.925323
v 0.666473 -31.828739 -173.114929
v 9.718124 -18.846939 -172.735718
v 10.016663 -31.828735 -168.979553
v 0.824303 -18.846939 -168.906372
v 0.734154 -18.846939 -172.583710
v 9.893623 -25.337841 -172.773346
v 0.618584 -25.337839 -168.868744
v 0.715157 -25.337839 -168.716766
v 9.610695 -18.509289 -172.144592
v 1.008827 -18.509291 -172.296783
v 0.931732 -18.509291 -169.497498
v 9.533607 -18.509289 -169.345306
v 9.541801 -18.921913 -172.013947
v 0.998871 -18.921915 -169.645111
v 9.500084 -18.921913 -169.504913
v 0.563461 -31.828739 -168.679077
v 0.618584 -25.337841 -169.790924
v 0.563461 -31.828739 -169.528259
v 1.302147 -18.956367 -169.644470
v 1.299767 -18.956367 -170.158569
v 0.998871 -18.921915 -170.158569
v 0.734154 -18.846939 -171.588837
v 10.010269 -31.828739 -172.114166
v 9.893623 -25.337841 -171.851501
v 9.978966 -31.828735 -169.528259
v 0.931732 -18.509291 -170.053619
v 9.610695 -18.509289 -171.588837
v 9.541801 -18.921913 -171.500824
v 1.289108 -18.921915 -171.500824
v 9.978966 -31.828739 -172.962982
v 1.021019 -31.828739 -173.114929
v 1.130981 -25.337843 -172.925323
v 1.263092 -18.881392 -168.906372
v 1.424156 -25.337839 -168.762146
v 9.211258 -18.921913 -172.013947
v 9.252518 -18.846939 -172.735718
v 1.242966 -18.509291 -172.296783
v 9.252518 -18.509289 -169.345306
v 9.211258 -18.921913 -169.504913
v 9.211258 -19.013588 -170.835022
v 9.211258 -18.931564 -169.644928
v 9.211258 -18.921913 -171.500824
v 0.727997 -31.828739 -168.527161
v 1.585220 -31.828739 -168.617950
v 32.504524 -21.030880 -181.064850
v 32.525299 -13.307693 -180.656830
v 32.970760 -13.307692 -180.751312
v 33.049679 -21.030880 -180.940918
v 32.920414 -13.307692 -176.542755
v 32.532799 -13.307692 -176.452118
v 32.639366 -21.030880 -176.353149
v 33.049679 -21.030880 -176.353149
v 23.702621 -21.030880 -179.940186
v 23.775017 -13.307693 -179.677521
v 23.792305 -13.307694 -180.599365
v 23.737183 -21.030880 -180.789001
v 24.214317 -5.673708 -179.980164
v 24.172592 -5.673708 -179.839935
v 24.460457 -5.673708 -179.839935
v 24.459808 -5.673708 -179.980164
v 32.919880 -5.305767 -180.271454
v 32.919880 -5.305767 -179.414825
v 32.981995 -5.584497 -179.414825
v 32.981995 -5.584497 -180.409698
v 24.058861 -5.305769 -180.423737
v 24.415291 -5.305769 -180.423737
v 24.414658 -5.584498 -180.561737
v 23.998024 -5.584498 -180.561737
v 32.831009 -5.305767 -176.870361
v 32.426231 -5.305767 -176.870361
v 32.426231 -5.584497 -176.732361
v 32.891846 -5.584497 -176.732361
v 23.969986 -5.305769 -177.022614
v 23.969986 -5.305769 -177.879608
v 23.907875 -5.584498 -177.879608
v 23.907875 -5.584498 -176.884369
v 33.067341 -13.307692 -176.832336
v 33.067341 -13.307692 -177.616943
v 32.981995 -5.693577 -178.612640
v 32.981995 -5.584497 -176.884369
v 32.426231 -5.305767 -180.423737
v 32.426231 -5.182747 -180.122772
v 32.707329 -5.182747 -180.122772
v 32.831009 -5.305767 -180.423737
v 23.969986 -5.305767 -179.414825
v 24.105453 -5.182747 -179.414825
v 24.105453 -5.182747 -179.970581
v 23.969986 -5.305769 -180.271454
v 24.436172 -5.346762 -176.870361
v 24.434776 -5.223741 -177.171326
v 24.182549 -5.182747 -177.171326
v 24.058861 -5.305769 -176.870361
v 32.919880 -5.414846 -178.612640
v 32.784416 -5.291825 -178.612640
v 32.784416 -5.182747 -177.323486
v 32.919880 -5.305767 -177.022614
v 32.384979 -5.673707 -179.980164
v 32.673805 -5.673707 -179.980164
v 24.172592 -5.673708 -179.326843
v 24.476509 -5.714701 -177.330902
v 24.214317 -5.673708 -177.330902
v 32.715523 -5.782786 -178.661041
v 32.715523 -5.673707 -177.471130
v 23.888878 -13.307694 -180.751312
v 23.840195 -21.030880 -180.940918
v 32.891846 -5.584497 -180.561737
v 33.190384 -21.030878 -176.805542
v 23.998024 -5.584498 -176.732361
v 23.907875 -5.584498 -180.409698
v 33.067341 -13.307693 -180.599365
v 23.792305 -13.307691 -176.694733
v 23.888878 -13.307691 -176.542755
v 32.784416 -5.182747 -179.970581
v 24.182549 -5.182747 -180.122772
v 24.105453 -5.182747 -177.323486
v 32.707329 -5.182747 -177.171326
v 32.715523 -5.673707 -179.839935
v 24.172592 -5.673708 -177.471130
v 32.673805 -5.673707 -177.330902
v 23.737183 -21.030880 -176.505096
v 23.792305 -13.307693 -177.616943
v 23.737183 -21.030880 -177.354279
v 24.475868 -5.714701 -177.470459
v 24.473488 -5.714701 -177.984558
v 24.172592 -5.673708 -177.984558
v 23.907875 -5.584498 -179.414825
v 33.183990 -21.030880 -179.940186
v 33.067341 -13.307693 -179.677490
v 33.152687 -21.030878 -177.354279
v 24.105453 -5.182747 -177.879608
v 32.784416 -5.182747 -179.414825
v 32.715523 -5.673707 -179.326843
v 24.462830 -5.673708 -179.326843
v 33.152687 -21.030880 -180.789001
v 24.194740 -21.030880 -180.940918
v 24.304695 -13.307693 -180.751312
v 24.436806 -5.625492 -176.732361
v 24.597878 -13.307691 -176.588165
v 32.384979 -5.673707 -179.839935
v 32.426231 -5.584497 -180.561737
v 24.416687 -5.182747 -180.122772
v 32.426231 -5.182747 -177.171326
v 32.384979 -5.673707 -177.330902
v 32.384979 -5.782786 -178.661041
v 32.384979 -5.685188 -177.470947
v 32.384979 -5.673707 -179.326843
v 23.901718 -21.030880 -176.353149
v 24.758934 -21.030880 -176.443939
v 25.352890 -31.828938 -173.238861
v 25.375282 -25.338041 -172.830811
v 25.855492 -25.338041 -172.925323
v 25.940559 -31.828938 -173.114929
v 25.801216 -25.338041 -168.716766
v 25.383369 -25.338041 -168.626099
v 25.498245 -31.828938 -168.527161
v 25.940559 -31.828938 -168.527161
v 15.864563 -31.828941 -172.114166
v 15.942612 -25.338041 -171.851501
v 15.961243 -25.338043 -172.773346
v 15.901825 -31.828941 -172.962982
v 16.416161 -18.922115 -172.154144
v 16.371193 -18.922115 -172.013947
v 16.681503 -18.922115 -172.013947
v 16.680809 -18.922115 -172.154144
v 25.800636 -18.612881 -172.445465
v 25.800636 -18.612881 -171.588837
v 25.867599 -18.847137 -171.588837
v 25.867599 -18.847137 -172.583710
v 16.248589 -18.612883 -172.597717
v 16.632820 -18.612883 -172.597717
v 16.632133 -18.847139 -172.735718
v 16.183006 -18.847139 -172.735718
v 25.704834 -18.612881 -169.044342
v 25.268501 -18.612881 -169.044342
v 25.268501 -18.847137 -168.906372
v 25.770416 -18.847137 -168.906372
v 16.152786 -18.612883 -169.196625
v 16.152786 -18.612883 -170.053619
v 16.085823 -18.847139 -170.053619
v 16.085823 -18.847139 -169.058380
v 25.959602 -25.338041 -169.006317
v 25.959602 -25.338041 -169.790924
v 25.867599 -18.938812 -170.786652
v 25.867599 -18.847137 -169.058380
v 25.268501 -18.612881 -172.597717
v 25.268501 -18.509489 -172.296783
v 25.571510 -18.509489 -172.296783
v 25.704842 -18.612881 -172.597717
v 16.152786 -18.612881 -171.588837
v 16.298813 -18.509491 -171.588837
v 16.298813 -18.509491 -172.144592
v 16.152786 -18.612883 -172.445465
v 16.655327 -18.647335 -169.044373
v 16.653824 -18.543943 -169.345306
v 16.381920 -18.509491 -169.345306
v 16.248589 -18.612883 -169.044373
v 25.800636 -18.704556 -170.786652
v 25.654610 -18.601164 -170.786652
v 25.654610 -18.509489 -169.497498
v 25.800636 -18.612881 -169.196625
v 25.224022 -18.922113 -172.154144
v 25.535370 -18.922113 -172.154144
v 16.371193 -18.922115 -171.500824
v 16.698807 -18.956568 -169.504913
v 16.416161 -18.922115 -169.504913
v 25.580345 -19.013788 -170.835022
v 25.580345 -18.922113 -169.645111
v 16.065353 -25.338043 -172.925323
v 16.012871 -31.828941 -173.114929
v 25.770416 -18.847137 -172.735718
v 26.092239 -31.828938 -168.979553
v 16.183006 -18.847139 -168.906372
v 16.085823 -18.847139 -172.583710
v 25.959602 -25.338041 -172.773346
v 15.961243 -25.338039 -168.868744
v 16.065353 -25.338039 -168.716766
v 25.654610 -18.509489 -172.144592
v 16.381920 -18.509491 -172.296783
v 16.298813 -18.509491 -169.497498
v 25.571510 -18.509489 -169.345306
v 25.580345 -18.922113 -172.013947
v 16.371193 -18.922115 -169.645111
v 25.535370 -18.922113 -169.504913
v 15.901825 -31.828938 -168.679077
v 15.961243 -25.338041 -169.790924
v 15.901825 -31.828938 -169.528259
v 16.698112 -18.956568 -169.644470
v 16.695549 -18.956568 -170.158569
v 16.371193 -18.922115 -170.158569
v 16.085823 -18.847139 -171.588837
v 26.085350 -31.828938 -172.114166
v 25.959602 -25.338041 -171.851501
v 26.051598 -31.828938 -169.528259
v 16.298813 -18.509491 -170.053619
v 25.654610 -18.509489 -171.588837
v 25.580345 -18.922113 -171.500824
v 16.684059 -18.922115 -171.500824
v 26.051598 -31.828938 -172.962982
v 16.395065 -31.828941 -173.114929
v 16.513596 -25.338043 -172.925323
v 16.656013 -18.881592 -168.906372
v 16.829636 -25.338039 -168.762146
v 25.224022 -18.922113 -172.013947
v 25.268501 -18.847137 -172.735718
v 16.634315 -18.509491 -172.296783
v 25.268501 -18.509489 -169.345306
v 25.224022 -18.922113 -169.504913
v 25.224022 -19.013788 -170.835022
v 25.224022 -18.931763 -169.644928
v 25.224022 -18.922113 -171.500824
v 16.079193 -31.828941 -168.527161
v 17.003258 -31.828941 -168.617950
v -30.491844 -31.828339 -173.862976
v -30.899883 -25.337440 -173.842224
v -30.805370 -25.337440 -173.396759
v -30.615780 -31.828339 -173.317841
v -35.013943 -25.337440 -173.447113
v -35.104595 -25.337440 -173.834717
v -35.203548 -31.828339 -173.728149
v -35.203548 -31.828339 -173.317841
v -31.616528 -31.828339 -182.664886
v -31.879208 -25.337440 -182.592499
v -30.957348 -25.337442 -182.575226
v -30.767712 -31.828339 -182.630341
v -31.576550 -18.921515 -182.153198
v -31.716763 -18.921515 -182.194916
v -31.716763 -18.921515 -181.907043
v -31.576550 -18.921515 -181.907715
v -31.285244 -18.612282 -173.447632
v -32.141872 -18.612282 -173.447632
v -32.141872 -18.846539 -173.385529
v -31.146999 -18.846539 -173.385529
v -31.132977 -18.612282 -182.308655
v -31.132977 -18.612282 -181.952209
v -30.994976 -18.846539 -181.952850
v -30.994976 -18.846539 -182.369476
v -34.686337 -18.612282 -173.536499
v -34.686337 -18.612282 -173.941284
v -34.824337 -18.846539 -173.941284
v -34.824337 -18.846539 -173.475677
v -34.534084 -18.612282 -182.397522
v -33.677090 -18.612282 -182.397522
v -33.677090 -18.846539 -182.459625
v -34.672329 -18.846539 -182.459625
v -34.724361 -25.337440 -173.300171
v -33.939770 -25.337440 -173.300171
v -32.944057 -18.938211 -173.385529
v -34.672329 -18.846539 -173.385529
v -31.132977 -18.612282 -173.941284
v -31.433926 -18.508888 -173.941284
v -31.433926 -18.508888 -173.660187
v -31.132977 -18.612282 -173.536499
v -32.141872 -18.612280 -182.397522
v -32.141872 -18.508890 -182.262054
v -31.586117 -18.508890 -182.262054
v -31.285244 -18.612282 -182.397522
v -34.686337 -18.646734 -181.931335
v -34.385387 -18.543343 -181.932739
v -34.385387 -18.508890 -182.184967
v -34.686337 -18.612282 -182.308655
v -32.944057 -18.703957 -173.447632
v -32.944057 -18.600563 -173.583099
v -34.233212 -18.508888 -173.583099
v -34.534084 -18.612282 -173.447632
v -31.576550 -18.921513 -173.982544
v -31.576550 -18.921513 -173.693726
v -32.229855 -18.921515 -182.194916
v -34.225796 -18.955967 -181.890991
v -34.225796 -18.921515 -182.153198
v -32.895672 -19.013187 -173.651978
v -34.085583 -18.921513 -173.651978
v -30.805370 -25.337442 -182.478638
v -30.615780 -31.828339 -182.527313
v -30.994976 -18.846539 -173.475677
v -34.751156 -31.828335 -173.177124
v -34.824337 -18.846539 -182.369476
v -31.146999 -18.846539 -182.459625
v -30.957348 -25.337440 -173.300171
v -34.861965 -25.337439 -182.575226
v -35.013943 -25.337439 -182.478638
v -31.586117 -18.508888 -173.583099
v -31.433926 -18.508890 -182.184967
v -34.233212 -18.508890 -182.262054
v -34.385387 -18.508888 -173.660187
v -31.716763 -18.921513 -173.651978
v -34.085583 -18.921515 -182.194916
v -34.225796 -18.921513 -173.693726
v -35.051617 -31.828339 -182.630341
v -33.939770 -25.337440 -182.575226
v -34.202450 -31.828339 -182.630341
v -34.086239 -18.955967 -181.891663
v -33.572140 -18.955967 -181.894012
v -33.572140 -18.921515 -182.194916
v -32.141872 -18.846539 -182.459625
v -31.616528 -31.828339 -173.183533
v -31.879208 -25.337440 -173.300171
v -34.202450 -31.828335 -173.214813
v -33.677090 -18.508890 -182.262054
v -32.141872 -18.508888 -173.583099
v -32.229855 -18.921513 -173.651978
v -32.229855 -18.921515 -181.904694
v -30.767712 -31.828339 -173.214813
v -30.615780 -31.828339 -182.172760
v -30.805370 -25.337442 -182.062805
v -34.824337 -18.880991 -181.930695
v -34.968548 -25.337439 -181.769653
v -31.716763 -18.921513 -173.982544
v -30.994976 -18.846539 -173.941284
v -31.433926 -18.508890 -181.950836
v -34.385387 -18.508888 -173.941284
v -34.225796 -18.921513 -173.982544
v -32.895672 -19.013187 -173.982544
v -34.085766 -18.931164 -173.982544
v -32.229855 -18.921513 -173.982544
v -35.203548 -31.828339 -182.465790
v -35.112759 -31.828339 -181.608582
v 47.891327 -21.030380 -181.063843
v 47.912102 -13.307194 -180.655823
v 48.357563 -13.307192 -180.750305
v 48.436478 -21.030380 -180.939911
v 48.307213 -13.307192 -176.541748
v 47.919601 -13.307192 -176.451111
v 48.026165 -21.030380 -176.352142
v 48.436478 -21.030380 -176.352142
v 39.089420 -21.030380 -179.939178
v 39.161819 -13.307193 -179.676514
v 39.179100 -13.307195 -180.598358
v 39.123985 -21.030380 -180.787994
v 39.601112 -5.673208 -179.979156
v 39.559395 -5.673208 -179.838928
v 39.847260 -5.673208 -179.838928
v 39.846611 -5.673208 -179.979156
v 48.306683 -5.305267 -180.270447
v 48.306683 -5.305267 -179.413818
v 48.368797 -5.583998 -179.413818
v 48.368797 -5.583998 -180.408691
v 39.445663 -5.305269 -180.422729
v 39.802094 -5.305269 -180.422729
v 39.801460 -5.583999 -180.560730
v 39.384827 -5.583999 -180.560730
v 48.217808 -5.305267 -176.869354
v 47.813038 -5.305267 -176.869354
v 47.813034 -5.583998 -176.731354
v 48.278645 -5.583998 -176.731354
v 39.356789 -5.305269 -177.021606
v 39.356789 -5.305269 -177.878601
v 39.294674 -5.583999 -177.878601
v 39.294674 -5.583999 -176.883362
v 48.454144 -13.307192 -176.831329
v 48.454144 -13.307192 -177.615936
v 48.368797 -5.693077 -178.611633
v 48.368797 -5.583998 -176.883362
v 47.813038 -5.305267 -180.422729
v 47.813038 -5.182247 -180.121765
v 48.094128 -5.182247 -180.121765
v 48.217812 -5.305267 -180.422729
v 39.356789 -5.305267 -179.413818
v 39.492256 -5.182247 -179.413818
v 39.492256 -5.182247 -179.969574
v 39.356789 -5.305269 -180.270447
v 39.822971 -5.346262 -176.869354
v 39.821583 -5.223241 -177.170319
v 39.569344 -5.182247 -177.170319
v 39.445663 -5.305269 -176.869354
v 48.306683 -5.414347 -178.611633
v 48.171215 -5.291326 -178.611633
v 48.171215 -5.182247 -177.322479
v 48.306683 -5.305267 -177.021606
v 47.771778 -5.673207 -179.979156
v 48.060604 -5.673207 -179.979156
v 39.559395 -5.673208 -179.325836
v 39.863308 -5.714201 -177.329895
v 39.601112 -5.673208 -177.329895
v 48.102322 -5.782287 -178.660034
v 48.102322 -5.673207 -177.470123
v 39.275681 -13.307195 -180.750305
v 39.226994 -21.030380 -180.939911
v 48.278645 -5.583998 -180.560730
v 48.577183 -21.030378 -176.804535
v 39.384827 -5.583999 -176.731354
v 39.294674 -5.583999 -180.408691
v 48.454144 -13.307194 -180.598358
v 39.179100 -13.307191 -176.693726
v 39.275681 -13.307191 -176.541748
v 48.171215 -5.182247 -179.969574
v 39.569344 -5.182247 -180.121765
v 39.492256 -5.182247 -177.322479
v 48.094128 -5.182247 -177.170319
v 48.102322 -5.673207 -179.838928
v 39.559395 -5.673208 -177.470123
v 48.060604 -5.673207 -177.329895
v 39.123985 -21.030380 -176.504089
v 39.179100 -13.307193 -177.615936
v 39.123985 -21.030380 -177.353271
v 39.862663 -5.714201 -177.469452
v 39.860291 -5.714201 -177.983551
v 39.559395 -5.673208 -177.983551
v 39.294674 -5.583999 -179.413818
v 48.570793 -21.030380 -179.939178
v 48.454144 -13.307194 -179.676483
v 48.539490 -21.030378 -177.353271
v 39.492256 -5.182247 -177.878601
v 48.171215 -5.182247 -179.413818
v 48.102322 -5.673207 -179.325836
v 39.849628 -5.673208 -179.325836
v 48.539490 -21.030380 -180.787994
v 39.581539 -21.030380 -180.939911
v 39.691498 -13.307194 -180.750305
v 39.823608 -5.624992 -176.731354
v 39.984673 -13.307191 -176.587158
v 47.771778 -5.673207 -179.838928
v 47.813038 -5.583998 -180.560730
v 39.803486 -5.182247 -180.121765
v 47.813038 -5.182247 -177.170319
v 47.771778 -5.673207 -177.329895
v 47.771778 -5.782287 -178.660034
v 47.771778 -5.684689 -177.469940
v 47.771778 -5.673207 -179.325836
v 39.288521 -21.030380 -176.352142
v 40.145737 -21.030380 -176.442932
v 40.053326 -31.828339 -173.238861
v 40.074097 -25.337440 -172.830811
v 40.519562 -25.337440 -172.925323
v 40.598476 -31.828339 -173.114929
v 40.469212 -25.337440 -168.716766
v 40.081600 -25.337440 -168.626099
v 40.188164 -31.828339 -168.527161
v 40.598476 -31.828339 -168.527161
v 31.251419 -31.828339 -172.114166
v 31.323814 -25.337440 -171.851501
v 31.341103 -25.337442 -172.773346
v 31.285988 -31.828339 -172.962982
v 31.763115 -18.921515 -172.154144
v 31.721397 -18.921515 -172.013947
v 32.009254 -18.921515 -172.013947
v 32.008614 -18.921515 -172.154144
v 40.468681 -18.612282 -172.445465
v 40.468681 -18.612282 -171.588837
v 40.530796 -18.846539 -171.588837
v 40.530796 -18.846539 -172.583710
v 31.607658 -18.612282 -172.597717
v 31.964096 -18.612282 -172.597717
v 31.963455 -18.846539 -172.735718
v 31.546822 -18.846539 -172.735718
v 40.379807 -18.612282 -169.044342
v 39.975037 -18.612282 -169.044342
v 39.975037 -18.846539 -168.906372
v 40.440643 -18.846539 -168.906372
v 31.518791 -18.612282 -169.196625
v 31.518791 -18.612282 -170.053619
v 31.456673 -18.846539 -170.053619
v 31.456673 -18.846539 -169.058380
v 40.616142 -25.337440 -169.006317
v 40.616142 -25.337440 -169.790924
v 40.530796 -18.938211 -170.786652
v 40.530796 -18.846539 -169.058380
v 39.975037 -18.612282 -172.597717
v 39.975037 -18.508888 -172.296783
v 40.256126 -18.508888 -172.296783
v 40.379807 -18.612282 -172.597717
v 31.518791 -18.612280 -171.588837
v 31.654251 -18.508890 -171.588837
v 31.654251 -18.508890 -172.144592
v 31.518791 -18.612282 -172.445465
v 31.984970 -18.646734 -169.044373
v 31.983582 -18.543343 -169.345306
v 31.731346 -18.508890 -169.345306
v 31.607658 -18.612282 -169.044373
v 40.468681 -18.703957 -170.786652
v 40.333214 -18.600563 -170.786652
v 40.333214 -18.508888 -169.497498
v 40.468681 -18.612282 -169.196625
v 39.933777 -18.921513 -172.154144
v 40.222603 -18.921513 -172.154144
v 31.721397 -18.921515 -171.500824
v 32.025307 -18.955967 -169.504913
v 31.763115 -18.921515 -169.504913
v 40.264320 -19.013187 -170.835022
v 40.264320 -18.921513 -169.645111
v 31.437675 -25.337442 -172.925323
v 31.388992 -31.828339 -173.114929
v 40.440643 -18.846539 -172.735718
v 40.739182 -31.828335 -168.979553
v 31.546822 -18.846539 -168.906372
v 31.456673 -18.846539 -172.583710
v 40.616142 -25.337440 -172.773346
v 31.341103 -25.337439 -168.868744
v 31.437675 -25.337439 -168.716766
v 40.333214 -18.508888 -172.144592
v 31.731346 -18.508890 -172.296783
v 31.654251 -18.508890 -169.497498
v 40.256126 -18.508888 -169.345306
v 40.264320 -18.921513 -172.013947
v 31.721397 -18.921515 -169.645111
v 40.222603 -18.921513 -169.504913
v 31.285988 -31.828339 -168.679077
v 31.341103 -25.337440 -169.790924
v 31.285988 -31.828339 -169.528259
v 32.024666 -18.955967 -169.644470
v 32.022285 -18.955967 -170.158569
v 31.721397 -18.921515 -170.158569
v 31.456673 -18.846539 -171.588837
v 40.732792 -31.828339 -172.114166
v 40.616142 -25.337440 -171.851501
v 40.701485 -31.828335 -169.528259
v 31.654251 -18.508890 -170.053619
v 40.333214 -18.508888 -171.588837
v 40.264320 -18.921513 -171.500824
v 32.011627 -18.921515 -171.500824
v 40.701485 -31.828339 -172.962982
v 31.743538 -31.828339 -173.114929
v 31.853493 -25.337442 -172.925323
v 31.985603 -18.880991 -168.906372
v 32.146675 -25.337439 -168.762146
v 39.933777 -18.921513 -172.013947
v 39.975037 -18.846539 -172.735718
v 31.965485 -18.508890 -172.296783
v 39.975037 -18.508888 -169.345306
v 39.933777 -18.921513 -169.504913
v 39.933777 -19.013187 -170.835022
v 39.933777 -18.931164 -169.644928
v 39.933777 -18.921513 -171.500824
v 31.450523 -31.828339 -168.527161
v 32.307732 -31.828339 -168.617950
v 63.226925 -21.030380 -181.064850
v 63.247696 -13.307194 -180.656830
v 63.693161 -13.307192 -180.751312
v 63.772076 -21.030380 -180.940918
v 63.642811 -13.307192 -176.542755
v 63.255199 -13.307192 -176.452118
v 63.361763 -21.030380 -176.353149
v 63.772076 -21.030380 -176.353149
v 54.425018 -21.030380 -179.940186
v 54.497417 -13.307193 -179.677521
v 54.514698 -13.307195 -180.599365
v 54.459583 -21.030380 -180.789001
v 54.936710 -5.673208 -179.980164
v 54.894993 -5.673208 -179.839935
v 55.182858 -5.673208 -179.839935
v 55.182209 -5.673208 -179.980164
v 63.642281 -5.305267 -180.271454
v 63.642281 -5.305267 -179.414825
v 63.704395 -5.583998 -179.414825
v 63.704395 -5.583998 -180.409698
v 54.781258 -5.305269 -180.423737
v 55.137695 -5.305269 -180.423737
v 55.137054 -5.583999 -180.561737
v 54.720425 -5.583999 -180.561737
v 63.553406 -5.305267 -176.870361
v 63.148636 -5.305267 -176.870361
v 63.148636 -5.583998 -176.732361
v 63.614243 -5.583998 -176.732361
v 54.692387 -5.305269 -177.022614
v 54.692387 -5.305269 -177.879608
v 54.630272 -5.583999 -177.879608
v 54.630272 -5.583999 -176.884369
v 63.789742 -13.307192 -176.832336
v 63.789742 -13.307192 -177.616943
v 63.704395 -5.693077 -178.612640
v 63.704395 -5.583998 -176.884369
v 63.148636 -5.305267 -180.423737
v 63.148636 -5.182247 -180.122772
v 63.429726 -5.182247 -180.122772
v 63.553406 -5.305267 -180.423737
v 54.692387 -5.305267 -179.414825
v 54.827854 -5.182247 -179.414825
v 54.827854 -5.182247 -179.970581
v 54.692387 -5.305269 -180.271454
v 55.158569 -5.346262 -176.870361
v 55.157181 -5.223241 -177.171326
v 54.904942 -5.182247 -177.171326
v 54.781258 -5.305269 -176.870361
v 63.642281 -5.414347 -178.612640
v 63.506813 -5.291326 -178.612640
v 63.506813 -5.182247 -177.323486
v 63.642281 -5.305267 -177.022614
v 63.107376 -5.673207 -179.980164
v 63.396202 -5.673207 -179.980164
v 54.894993 -5.673208 -179.326843
v 55.198906 -5.714201 -177.330902
v 54.936710 -5.673208 -177.330902
v 63.437920 -5.782287 -178.661041
v 63.437920 -5.673207 -177.471130
v 54.611279 -13.307195 -180.751312
v 54.562592 -21.030380 -180.940918
v 63.614243 -5.583998 -180.561737
v 63.912781 -21.030378 -176.805542
v 54.720425 -5.583999 -176.732361
v 54.630272 -5.583999 -180.409698
v 63.789742 -13.307194 -180.599365
v 54.514698 -13.307191 -176.694733
v 54.611279 -13.307191 -176.542755
v 63.506813 -5.182247 -179.970581
v 54.904942 -5.182247 -180.122772
v 54.827854 -5.182247 -177.323486
v 63.429726 -5.182247 -177.171326
v 63.437920 -5.673207 -179.839935
v 54.894993 -5.673208 -177.471130
v 63.396202 -5.673207 -177.330902
v 54.459583 -21.030380 -176.505096
v 54.514698 -13.307193 -177.616943
v 54.459583 -21.030380 -177.354279
v 55.198261 -5.714201 -177.470459
v 55.195889 -5.714201 -177.984558
v 54.894993 -5.673208 -177.984558
v 54.630272 -5.583999 -179.414825
v 63.906391 -21.030380 -179.940186
v 63.789742 -13.307194 -179.677490
v 63.875084 -21.030378 -177.354279
v 54.827854 -5.182247 -177.879608
v 63.506813 -5.182247 -179.414825
v 63.437920 -5.673207 -179.326843
v 55.185226 -5.673208 -179.326843
v 63.875084 -21.030380 -180.789001
v 54.917137 -21.030380 -180.940918
v 55.027096 -13.307194 -180.751312
v 55.159206 -5.624992 -176.732361
v 55.320271 -13.307191 -176.588165
v 63.107376 -5.673207 -179.839935
v 63.148636 -5.583998 -180.561737
v 55.139084 -5.182247 -180.122772
v 63.148636 -5.182247 -177.171326
v 63.107376 -5.673207 -177.330902
v 63.107376 -5.782287 -178.661041
v 63.107376 -5.684689 -177.470947
v 63.107376 -5.673207 -179.326843
v 54.624119 -21.030380 -176.353149
v 55.481339 -21.030380 -176.443939
v 55.388924 -31.828339 -173.238861
v 55.409698 -25.337440 -172.830811
v 55.855160 -25.337440 -172.925323
v 55.934074 -31.828339 -173.114929
v 55.804810 -25.337440 -168.716766
v 55.417198 -25.337440 -168.626099
v 55.523762 -31.828339 -168.527161
v 55.934074 -31.828339 -168.527161
v 46.587017 -31.828339 -172.114166
v 46.659416 -25.337440 -171.851501
v 46.676697 -25.337442 -172.773346
v 46.621582 -31.828339 -172.962982
v 47.098709 -18.921515 -172.154144
v 47.056992 -18.921515 -172.013947
v 47.344856 -18.921515 -172.013947
v 47.344208 -18.921515 -172.154144
v 55.804279 -18.612282 -172.445465
v 55.804279 -18.612282 -171.588837
v 55.866394 -18.846539 -171.588837
v 55.866394 -18.846539 -172.583710
v 46.943260 -18.612282 -172.597717
v 47.299690 -18.612282 -172.597717
v 47.299057 -18.846539 -172.735718
v 46.882423 -18.846539 -172.735718
v 55.715405 -18.612282 -169.044342
v 55.310635 -18.612282 -169.044342
v 55.310635 -18.846539 -168.906372
v 55.776241 -18.846539 -168.906372
v 46.854385 -18.612282 -169.196625
v 46.854385 -18.612282 -170.053619
v 46.792271 -18.846539 -170.053619
v 46.792271 -18.846539 -169.058380
v 55.951740 -25.337440 -169.006317
v 55.951740 -25.337440 -169.790924
v 55.866394 -18.938211 -170.786652
v 55.866394 -18.846539 -169.058380
v 55.310635 -18.612282 -172.597717
v 55.310635 -18.508888 -172.296783
v 55.591724 -18.508888 -172.296783
v 55.715408 -18.612282 -172.597717
v 46.854385 -18.612280 -171.588837
v 46.989853 -18.508890 -171.588837
v 46.989853 -18.508890 -172.144592
v 46.854385 -18.612282 -172.445465
v 47.320568 -18.646734 -169.044373
v 47.319180 -18.543343 -169.345306
v 47.066940 -18.508890 -169.345306
v 46.943260 -18.612282 -169.044373
v 55.804279 -18.703957 -170.786652
v 55.668812 -18.600563 -170.786652
v 55.668812 -18.508888 -169.497498
v 55.804279 -18.612282 -169.196625
v 55.269375 -18.921513 -172.154144
v 55.558201 -18.921513 -172.154144
v 47.056992 -18.921515 -171.500824
v 47.360905 -18.955967 -169.504913
v 47.098709 -18.921515 -169.504913
v 55.599918 -19.013187 -170.835022
v 55.599918 -18.921513 -169.645111
v 46.773277 -25.337442 -172.925323
v 46.724590 -31.828339 -173.114929
v 55.776241 -18.846539 -172.735718
v 56.074780 -31.828335 -168.979553
v 46.882423 -18.846539 -168.906372
v 46.792271 -18.846539 -172.583710
v 55.951740 -25.337440 -172.773346
v 46.676697 -25.337439 -168.868744
v 46.773277 -25.337439 -168.716766
v 55.668812 -18.508888 -172.144592
v 47.066940 -18.508890 -172.296783
v 46.989853 -18.508890 -169.497498
v 55.591724 -18.508888 -169.345306
v 55.599918 -18.921513 -172.013947
v 47.056992 -18.921515 -169.645111
v 55.558201 -18.921513 -169.504913
v 46.621582 -31.828339 -168.679077
v 46.676697 -25.337440 -169.790924
v 46.621582 -31.828339 -169.528259
v 47.360260 -18.955967 -169.644470
v 47.357887 -18.955967 -170.158569
v 47.056992 -18.921515 -170.158569
v 46.792271 -18.846539 -171.588837
v 56.068390 -31.828339 -172.114166
v 55.951740 -25.337440 -171.851501
v 56.037086 -31.828335 -169.528259
v 46.989853 -18.508890 -170.053619
v 55.668812 -18.508888 -171.588837
v 55.599918 -18.921513 -171.500824
v 47.347225 -18.921515 -171.500824
v 56.037086 -31.828339 -172.962982
v 47.079136 -31.828339 -173.114929
v 47.189095 -25.337442 -172.925323
v 47.321205 -18.880991 -168.906372
v 47.482269 -25.337439 -168.762146
v 55.269375 -18.921513 -172.013947
v 55.310635 -18.846539 -172.735718
v 47.301083 -18.508890 -172.296783
v 55.310635 -18.508888 -169.345306
v 55.269375 -18.921513 -169.504913
v 55.269375 -19.013187 -170.835022
v 55.269375 -18.931164 -169.644928
v 55.269375 -18.921513 -171.500824
v 46.786118 -31.828339 -168.527161
v 47.643333 -31.828339 -168.617950
v 78.303818 -21.030779 -181.064850
v 78.324593 -13.307593 -180.656830
v 78.770058 -13.307591 -180.751312
v 78.848976 -21.030779 -180.940918
v 78.719711 -13.307591 -176.542755
v 78.332092 -13.307591 -176.452118
v 78.438660 -21.030779 -176.353149
v 78.848976 -21.030779 -176.353149
v 69.501915 -21.030781 -179.940186
v 69.574310 -13.307592 -179.677521
v 69.591599 -13.307594 -180.599365
v 69.536484 -21.030781 -180.789001
v 70.013611 -5.673608 -179.980164
v 69.971893 -5.673608 -179.839935
v 70.259750 -5.673608 -179.839935
v 70.259102 -5.673608 -179.980164
v 78.719177 -5.305668 -180.271454
v 78.719177 -5.305668 -179.414825
v 78.781288 -5.584397 -179.414825
v 78.781288 -5.584397 -180.409698
v 69.858154 -5.305668 -180.423737
v 70.214592 -5.305668 -180.423737
v 70.213951 -5.584398 -180.561737
v 69.797318 -5.584398 -180.561737
v 78.630302 -5.305668 -176.870361
v 78.225533 -5.305668 -176.870361
v 78.225533 -5.584397 -176.732361
v 78.691139 -5.584397 -176.732361
v 69.769287 -5.305668 -177.022614
v 69.769287 -5.305668 -177.879608
v 69.707169 -5.584398 -177.879608
v 69.707169 -5.584398 -176.884369
v 78.866638 -13.307591 -176.832336
v 78.866638 -13.307591 -177.616943
v 78.781288 -5.693476 -178.612640
v 78.781288 -5.584397 -176.884369
v 78.225533 -5.305668 -180.423737
v 78.225533 -5.182646 -180.122772
v 78.506622 -5.182646 -180.122772
v 78.630302 -5.305668 -180.423737
v 69.769287 -5.305666 -179.414825
v 69.904747 -5.182648 -179.414825
v 69.904747 -5.182648 -179.970581
v 69.769287 -5.305668 -180.271454
v 70.235466 -5.346662 -176.870361
v 70.234077 -5.223640 -177.171326
v 69.981842 -5.182648 -177.171326
v 69.858154 -5.305668 -176.870361
v 78.719177 -5.414746 -178.612640
v 78.583710 -5.291725 -178.612640
v 78.583710 -5.182646 -177.323486
v 78.719177 -5.305668 -177.022614
v 78.184273 -5.673607 -179.980164
v 78.473099 -5.673607 -179.980164
v 69.971893 -5.673608 -179.326843
v 70.275803 -5.714602 -177.330902
v 70.013611 -5.673608 -177.330902
v 78.514816 -5.782686 -178.661041
v 78.514816 -5.673607 -177.471130
v 69.688171 -13.307594 -180.751312
v 69.639488 -21.030781 -180.940918
v 78.691139 -5.584397 -180.561737
v 78.989677 -21.030777 -176.805542
v 69.797318 -5.584398 -176.732361
v 69.707169 -5.584398 -180.409698
v 78.866638 -13.307593 -180.599365
v 69.591599 -13.307590 -176.694733
v 69.688171 -13.307590 -176.542755
v 78.583710 -5.182646 -179.970581
v 69.981842 -5.182648 -180.122772
v 69.904747 -5.182648 -177.323486
v 78.506622 -5.182646 -177.171326
v 78.514816 -5.673607 -179.839935
v 69.971893 -5.673608 -177.471130
v 78.473099 -5.673607 -177.330902
v 69.536484 -21.030779 -176.505096
v 69.591599 -13.307592 -177.616943
v 69.536484 -21.030779 -177.354279
v 70.275162 -5.714602 -177.470459
v 70.272781 -5.714602 -177.984558
v 69.971893 -5.673608 -177.984558
v 69.707169 -5.584398 -179.414825
v 78.983284 -21.030779 -179.940186
v 78.866638 -13.307593 -179.677490
v 78.951981 -21.030777 -177.354279
v 69.904747 -5.182648 -177.879608
v 78.583710 -5.182646 -179.414825
v 78.514816 -5.673607 -179.326843
v 70.262123 -5.673608 -179.326843
v 78.951981 -21.030779 -180.789001
v 69.994034 -21.030781 -180.940918
v 70.103996 -13.307593 -180.751312
v 70.236107 -5.625391 -176.732361
v 70.397171 -13.307590 -176.588165
v 78.184273 -5.673607 -179.839935
v 78.225533 -5.584397 -180.561737
v 70.215981 -5.182648 -180.122772
v 78.225533 -5.182646 -177.171326
v 78.184273 -5.673607 -177.330902
v 78.184273 -5.782686 -178.661041
v 78.184273 -5.685089 -177.470947
v 78.184273 -5.673607 -179.326843
v 69.701019 -21.030781 -176.353149
v 70.558235 -21.030781 -176.443939
v 70.465820 -31.828739 -173.238861
v 70.486595 -25.337841 -172.830811
v 70.932060 -25.337841 -172.925323
v 71.010979 -31.828739 -173.114929
v 70.881714 -25.337841 -168.716766
v 70.494095 -25.337841 -168.626099
v 70.600662 -31.828739 -168.527161
v 71.010979 -31.828739 -168.527161
v 61.663918 -31.828739 -172.114166
v 61.736317 -25.337841 -171.851501
v 61.753597 -25.337843 -172.773346
v 61.698483 -31.828739 -172.962982
v 62.175610 -18.921915 -172.154144
v 62.133892 -18.921915 -172.013947
v 62.421757 -18.921915 -172.013947
v 62.421108 -18.921915 -172.154144
v 70.881180 -18.612682 -172.445465
v 70.881180 -18.612682 -171.588837
v 70.943291 -18.846939 -171.588837
v 70.943291 -18.846939 -172.583710
v 62.020157 -18.612682 -172.597717
v 62.376595 -18.612682 -172.597717
v 62.375954 -18.846939 -172.735718
v 61.959324 -18.846939 -172.735718
v 70.792305 -18.612682 -169.044342
v 70.387535 -18.612682 -169.044342
v 70.387535 -18.846939 -168.906372
v 70.853142 -18.846939 -168.906372
v 61.931286 -18.612682 -169.196625
v 61.931286 -18.612682 -170.053619
v 61.869171 -18.846939 -170.053619
v 61.869171 -18.846939 -169.058380
v 71.028641 -25.337841 -169.006317
v 71.028641 -25.337841 -169.790924
v 70.943291 -18.938612 -170.786652
v 70.943291 -18.846939 -169.058380
v 70.387535 -18.612682 -172.597717
v 70.387535 -18.509289 -172.296783
v 70.668625 -18.509289 -172.296783
v 70.792305 -18.612682 -172.597717
v 61.931286 -18.612680 -171.588837
v 62.066753 -18.509291 -171.588837
v 62.066753 -18.509291 -172.144592
v 61.931286 -18.612682 -172.445465
v 62.397469 -18.647135 -169.044373
v 62.396080 -18.543743 -169.345306
v 62.143841 -18.509291 -169.345306
v 62.020157 -18.612682 -169.044373
v 70.881180 -18.704357 -170.786652
v 70.745712 -18.600964 -170.786652
v 70.745712 -18.509289 -169.497498
v 70.881180 -18.612682 -169.196625
v 70.346275 -18.921913 -172.154144
v 70.635101 -18.921913 -172.154144
v 62.133892 -18.921915 -171.500824
v 62.437805 -18.956367 -169.504913
v 62.175610 -18.921915 -169.504913
v 70.676819 -19.013588 -170.835022
v 70.676819 -18.921913 -169.645111
v 61.850178 -25.337843 -172.925323
v 61.801491 -31.828739 -173.114929
v 70.853142 -18.846939 -172.735718
v 71.151680 -31.828735 -168.979553
v 61.959324 -18.846939 -168.906372
v 61.869171 -18.846939 -172.583710
v 71.028641 -25.337841 -172.773346
v 61.753597 -25.337839 -168.868744
v 61.850178 -25.337839 -168.716766
v 70.745712 -18.509289 -172.144592
v 62.143841 -18.509291 -172.296783
v 62.066753 -18.509291 -169.497498
v 70.668625 -18.509289 -169.345306
v 70.676819 -18.921913 -172.013947
v 62.133892 -18.921915 -169.645111
v 70.635101 -18.921913 -169.504913
v 61.698483 -31.828739 -168.679077
v 61.753597 -25.337841 -169.790924
v 61.698483 -31.828739 -169.528259
v 62.437160 -18.956367 -169.644470
v 62.434788 -18.956367 -170.158569
v 62.133892 -18.921915 -170.158569
v 61.869171 -18.846939 -171.588837
v 71.145287 -31.828739 -172.114166
v 71.028641 -25.337841 -171.851501
v 71.113983 -31.828735 -169.528259
v 62.066753 -18.509291 -170.053619
v 70.745712 -18.509289 -171.588837
v 70.676819 -18.921913 -171.500824
v 62.424126 -18.921915 -171.500824
v 71.113983 -31.828739 -172.962982
v 62.156036 -31.828739 -173.114929
v 62.265995 -25.337843 -172.925323
v 62.398106 -18.881392 -168.906372
v 62.559170 -25.337839 -168.762146
v 70.346275 -18.921913 -172.013947
v 70.387535 -18.846939 -172.735718
v 62.377983 -18.509291 -172.296783
v 70.387535 -18.509289 -169.345306
v 70.346275 -18.921913 -169.504913
v 70.346275 -19.013588 -170.835022
v 70.346275 -18.931564 -169.644928
v 70.346275 -18.921913 -171.500824
v 61.863018 -31.828739 -168.527161
v 62.720234 -31.828739 -168.617950
v 93.639519 -21.030880 -181.064850
v 93.660294 -13.307693 -180.656830
v 94.105759 -13.307692 -180.751312
v 94.184677 -21.030880 -180.940918
v 94.055412 -13.307692 -176.542755
v 93.667793 -13.307692 -176.452118
v 93.774361 -21.030880 -176.353149
v 94.184677 -21.030880 -176.353149
v 84.837616 -21.030880 -179.940186
v 84.910011 -13.307693 -179.677521
v 84.927299 -13.307694 -180.599365
v 84.872177 -21.030880 -180.789001
v 85.349312 -5.673708 -179.980164
v 85.307587 -5.673708 -179.839935
v 85.595451 -5.673708 -179.839935
v 85.594803 -5.673708 -179.980164
v 94.054878 -5.305767 -180.271454
v 94.054878 -5.305767 -179.414825
v 94.116989 -5.584497 -179.414825
v 94.116989 -5.584497 -180.409698
v 85.193855 -5.305769 -180.423737
v 85.550293 -5.305769 -180.423737
v 85.549652 -5.584498 -180.561737
v 85.133018 -5.584498 -180.561737
v 93.966003 -5.305767 -176.870361
v 93.561234 -5.305767 -176.870361
v 93.561234 -5.584497 -176.732361
v 94.026840 -5.584497 -176.732361
v 85.104980 -5.305769 -177.022614
v 85.104980 -5.305769 -177.879608
v 85.042870 -5.584498 -177.879608
v 85.042870 -5.584498 -176.884369
v 94.202339 -13.307692 -176.832336
v 94.202339 -13.307692 -177.616943
v 94.116989 -5.693577 -178.612640
v 94.116989 -5.584497 -176.884369
v 93.561234 -5.305767 -180.423737
v 93.561234 -5.182747 -180.122772
v 93.842323 -5.182747 -180.122772
v 93.966003 -5.305767 -180.423737
v 85.104980 -5.305767 -179.414825
v 85.240448 -5.182747 -179.414825
v 85.240448 -5.182747 -179.970581
v 85.104980 -5.305769 -180.271454
v 85.571167 -5.346762 -176.870361
v 85.569778 -5.223741 -177.171326
v 85.317543 -5.182747 -177.171326
v 85.193855 -5.305769 -176.870361
v 94.054878 -5.414846 -178.612640
v 93.919411 -5.291825 -178.612640
v 93.919411 -5.182747 -177.323486
v 94.054878 -5.305767 -177.022614
v 93.519974 -5.673707 -179.980164
v 93.808800 -5.673707 -179.980164
v 85.307587 -5.673708 -179.326843
v 85.611504 -5.714701 -177.330902
v 85.349312 -5.673708 -177.330902
v 93.850517 -5.782786 -178.661041
v 93.850517 -5.673707 -177.471130
v 85.023880 -13.307694 -180.751312
v 84.975189 -21.030880 -180.940918
v 94.026840 -5.584497 -180.561737
v 94.325378 -21.030878 -176.805542
v 85.133018 -5.584498 -176.732361
v 85.042870 -5.584498 -180.409698
v 94.202339 -13.307693 -180.599365
v 84.927299 -13.307691 -176.694733
v 85.023880 -13.307691 -176.542755
v 93.919411 -5.182747 -179.970581
v 85.317543 -5.182747 -180.122772
v 85.240448 -5.182747 -177.323486
v 93.842323 -5.182747 -177.171326
v 93.850517 -5.673707 -179.839935
v 85.307587 -5.673708 -177.471130
v 93.808800 -5.673707 -177.330902
v 84.872177 -21.030880 -176.505096
v 84.927299 -13.307693 -177.616943
v 84.872177 -21.030880 -177.354279
v 85.610863 -5.714701 -177.470459
v 85.608482 -5.714701 -177.984558
v 85.307587 -5.673708 -177.984558
v 85.042870 -5.584498 -179.414825
v 94.318985 -21.030880 -179.940186
v 94.202339 -13.307693 -179.677490
v 94.287682 -21.030878 -177.354279
v 85.240448 -5.182747 -177.879608
v 93.919411 -5.182747 -179.414825
v 93.850517 -5.673707 -179.326843
v 85.597824 -5.673708 -179.326843
v 94.287682 -21.030880 -180.789001
v 85.329735 -21.030880 -180.940918
v 85.439697 -13.307693 -180.751312
v 85.571808 -5.625492 -176.732361
v 85.732872 -13.307691 -176.588165
v 93.519974 -5.673707 -179.839935
v 93.561234 -5.584497 -180.561737
v 85.551682 -5.182747 -180.122772
v 93.561234 -5.182747 -177.171326
v 93.519974 -5.673707 -177.330902
v 93.519974 -5.782786 -178.661041
v 93.519974 -5.685188 -177.470947
v 93.519974 -5.673707 -179.326843
v 85.036713 -21.030880 -176.353149
v 85.893936 -21.030880 -176.443939
v 86.487892 -31.828938 -173.238861
v 86.510292 -25.338041 -172.830811
v 86.990494 -25.338041 -172.925323
v 87.075562 -31.828938 -173.114929
v 86.936218 -25.338041 -168.716766
v 86.518372 -25.338041 -168.626099
v 86.633247 -31.828938 -168.527161
v 87.075562 -31.828938 -168.527161
v 76.999565 -31.828941 -172.114166
v 77.077614 -25.338041 -171.851501
v 77.096245 -25.338043 -172.773346
v 77.036827 -31.828941 -172.962982
v 77.551163 -18.922115 -172.154144
v 77.506195 -18.922115 -172.013947
v 77.816505 -18.922115 -172.013947
v 77.815811 -18.922115 -172.154144
v 86.935638 -18.612881 -172.445465
v 86.935638 -18.612881 -171.588837
v 87.002602 -18.847137 -171.588837
v 87.002602 -18.847137 -172.583710
v 77.383591 -18.612883 -172.597717
v 77.767822 -18.612883 -172.597717
v 77.767136 -18.847139 -172.735718
v 77.318008 -18.847139 -172.735718
v 86.839836 -18.612881 -169.044342
v 86.403503 -18.612881 -169.044342
v 86.403503 -18.847137 -168.906372
v 86.905418 -18.847137 -168.906372
v 77.287788 -18.612883 -169.196625
v 77.287788 -18.612883 -170.053619
v 77.220825 -18.847139 -170.053619
v 77.220825 -18.847139 -169.058380
v 87.094604 -25.338041 -169.006317
v 87.094604 -25.338041 -169.790924
v 87.002602 -18.938812 -170.786652
v 87.002602 -18.847137 -169.058380
v 86.403503 -18.612881 -172.597717
v 86.403503 -18.509489 -172.296783
v 86.706512 -18.509489 -172.296783
v 86.839836 -18.612881 -172.597717
v 77.287788 -18.612881 -171.588837
v 77.433815 -18.509491 -171.588837
v 77.433815 -18.509491 -172.144592
v 77.287788 -18.612883 -172.445465
v 77.790329 -18.647335 -169.044373
v 77.788826 -18.543943 -169.345306
v 77.516922 -18.509491 -169.345306
v 77.383591 -18.612883 -169.044373
v 86.935638 -18.704556 -170.786652
v 86.789612 -18.601164 -170.786652
v 86.789612 -18.509489 -169.497498
v 86.935638 -18.612881 -169.196625
v 86.359024 -18.922113 -172.154144
v 86.670372 -18.922113 -172.154144
v 77.506195 -18.922115 -171.500824
v 77.833809 -18.956568 -169.504913
v 77.551163 -18.922115 -169.504913
v 86.715347 -19.013788 -170.835022
v 86.715347 -18.922113 -169.645111
v 77.200356 -25.338043 -172.925323
v 77.147873 -31.828941 -173.114929
v 86.905418 -18.847137 -172.735718
v 87.227242 -31.828938 -168.979553
v 77.318008 -18.847139 -168.906372
v 77.220825 -18.847139 -172.583710
v 87.094604 -25.338041 -172.773346
v 77.096245 -25.338039 -168.868744
v 77.200356 -25.338039 -168.716766
v 86.789612 -18.509489 -172.144592
v 77.516922 -18.509491 -172.296783
v 77.433815 -18.509491 -169.497498
v 86.706512 -18.509489 -169.345306
v 86.715347 -18.922113 -172.013947
v 77.506195 -18.922115 -169.645111
v 86.670372 -18.922113 -169.504913
v 77.036827 -31.828938 -168.679077
v 77.096245 -25.338041 -169.790924
v 77.036827 -31.828938 -169.528259
v 77.833115 -18.956568 -169.644470
v 77.830551 -18.956568 -170.158569
v 77.506195 -18.922115 -170.158569
v 77.220825 -18.847139 -171.588837
v 87.220352 -31.828938 -172.114166
v 87.094604 -25.338041 -171.851501
v 87.186607 -31.828938 -169.528259
v 77.433815 -18.509491 -170.053619
v 86.789612 -18.509489 -171.588837
v 86.715347 -18.922113 -171.500824
v 77.819061 -18.922115 -171.500824
v 87.186607 -31.828938 -172.962982
v 77.530067 -31.828941 -173.114929
v 77.648598 -25.338043 -172.925323
v 77.791016 -18.881592 -168.906372
v 77.964638 -25.338039 -168.762146
v 86.359024 -18.922113 -172.013947
v 86.403503 -18.847137 -172.735718
v 77.769318 -18.509491 -172.296783
v 86.403503 -18.509489 -169.345306
v 86.359024 -18.922113 -169.504913
v 86.359024 -19.013788 -170.835022
v 86.359024 -18.931763 -169.644928
v 86.359024 -18.922113 -171.500824
v 77.214195 -31.828941 -168.527161
v 78.138260 -31.828941 -168.617950
v -22.618851 -21.030388 -288.323975
v -23.026894 -13.307202 -288.303192
v -22.932381 -13.307200 -287.857727
v -22.742775 -21.030388 -287.778809
v -27.140953 -13.307200 -287.908081
v -27.231590 -13.307200 -288.295685
v -27.330559 -21.030388 -288.189117
v -27.330559 -21.030388 -287.778809
v -23.743530 -21.030390 -297.125854
v -24.006203 -13.307201 -297.053467
v -23.084358 -13.307202 -297.036194
v -22.894707 -21.030390 -297.091309
v -23.703552 -5.673217 -296.614166
v -23.843758 -5.673217 -296.655884
v -23.843758 -5.673217 -296.368042
v -23.703552 -5.673217 -296.368683
v -23.412247 -5.305277 -287.908600
v -24.268875 -5.305277 -287.908600
v -24.268875 -5.584006 -287.846497
v -23.274002 -5.584006 -287.846497
v -23.259979 -5.305277 -296.769623
v -23.259987 -5.305277 -296.413208
v -23.121986 -5.584007 -296.413818
v -23.121986 -5.584007 -296.830475
v -26.813347 -5.305277 -287.997467
v -26.813347 -5.305277 -288.402252
v -26.951347 -5.584006 -288.402252
v -26.951347 -5.584006 -287.936646
v -26.661079 -5.305277 -296.858490
v -25.804100 -5.305277 -296.858490
v -25.804100 -5.584007 -296.920624
v -26.799324 -5.584007 -296.920624
v -26.851372 -13.307200 -287.761139
v -26.066772 -13.307200 -287.761139
v -25.071060 -5.693085 -287.846497
v -26.799332 -5.584006 -287.846497
v -23.259987 -5.305277 -288.402252
v -23.560936 -5.182255 -288.402252
v -23.560936 -5.182255 -288.121155
v -23.259987 -5.305277 -287.997467
v -24.268875 -5.305275 -296.858490
v -24.268875 -5.182257 -296.723022
v -23.713112 -5.182257 -296.723022
v -23.412247 -5.305277 -296.858490
v -26.813347 -5.346271 -296.392334
v -26.512398 -5.223249 -296.393707
v -26.512398 -5.182257 -296.645935
v -26.813347 -5.305277 -296.769623
v -25.071060 -5.414355 -287.908600
v -25.071060 -5.291334 -288.044067
v -26.360214 -5.182255 -288.044067
v -26.661087 -5.305277 -287.908600
v -23.703552 -5.673216 -288.443512
v -23.703552 -5.673216 -288.154694
v -24.356865 -5.673217 -296.655884
v -26.352791 -5.714211 -296.351990
v -26.352791 -5.673217 -296.614166
v -25.022675 -5.782295 -288.112976
v -26.212585 -5.673216 -288.112976
v -22.932381 -13.307202 -296.939606
v -22.742775 -21.030390 -296.988281
v -23.121986 -5.584006 -287.936646
v -26.878151 -21.030388 -287.638092
v -26.951347 -5.584007 -296.830475
v -23.274002 -5.584007 -296.920624
v -23.084358 -13.307202 -287.761139
v -26.988976 -13.307199 -297.036194
v -27.140953 -13.307199 -296.939606
v -23.713112 -5.182255 -288.044067
v -23.560936 -5.182257 -296.645935
v -26.360214 -5.182257 -296.723022
v -26.512398 -5.182255 -288.121155
v -23.843758 -5.673216 -288.112976
v -26.212585 -5.673217 -296.655884
v -26.352791 -5.673216 -288.154694
v -27.178619 -21.030388 -297.091309
v -26.066772 -13.307201 -297.036194
v -26.329445 -21.030388 -297.091309
v -26.213249 -5.714211 -296.352631
v -25.699150 -5.714211 -296.355011
v -25.699150 -5.673217 -296.655884
v -24.268875 -5.584007 -296.920624
v -23.743530 -21.030388 -287.644501
v -24.006203 -13.307202 -287.761139
v -26.329445 -21.030388 -287.675812
v -25.804100 -5.182257 -296.723022
v -24.268875 -5.182255 -288.044067
v -24.356865 -5.673216 -288.112976
v -24.356865 -5.673217 -296.365662
v -22.894714 -21.030388 -287.675812
v -22.742775 -21.030390 -296.633759
v -22.932381 -13.307202 -296.523804
v -26.951347 -5.625000 -296.391693
v -27.095551 -13.307199 -296.230621
v -23.843758 -5.673216 -288.443512
v -23.121986 -5.584006 -288.402252
v -23.560936 -5.182257 -296.411804
v -26.512398 -5.182255 -288.402252
v -26.352791 -5.673216 -288.443512
v -25.022675 -5.782295 -288.443512
v -26.212769 -5.684698 -288.443512
v -24.356865 -5.673216 -288.443512
v -27.330551 -21.030390 -296.926758
v -27.239754 -21.030390 -296.069550
v -30.444649 -31.828346 -296.161987
v -30.852688 -25.337450 -296.141205
v -30.758175 -25.337450 -295.695740
v -30.568584 -31.828346 -295.616821
v -34.966747 -25.337450 -295.746094
v -35.057400 -25.337450 -296.133698
v -35.156353 -31.828346 -296.027130
v -35.156353 -31.828346 -295.616821
v -31.569332 -31.828350 -304.963867
v -31.831997 -25.337450 -304.891479
v -30.910152 -25.337452 -304.874207
v -30.720516 -31.828350 -304.929321
v -31.529354 -18.921524 -304.452179
v -31.669567 -18.921524 -304.493896
v -31.669567 -18.921524 -304.206055
v -31.529354 -18.921524 -304.206696
v -31.238049 -18.612289 -295.746613
v -32.094677 -18.612289 -295.746613
v -32.094677 -18.846546 -295.684509
v -31.099804 -18.846546 -295.684509
v -31.085781 -18.612291 -304.607635
v -31.085781 -18.612291 -304.251221
v -30.947781 -18.846548 -304.251831
v -30.947781 -18.846548 -304.668488
v -34.639156 -18.612289 -295.835480
v -34.639156 -18.612289 -296.240265
v -34.777142 -18.846546 -296.240265
v -34.777142 -18.846546 -295.774658
v -34.486889 -18.612291 -304.696503
v -33.629894 -18.612291 -304.696503
v -33.629894 -18.846548 -304.758636
v -34.625134 -18.846548 -304.758636
v -34.677181 -25.337450 -295.599152
v -33.892574 -25.337450 -295.599152
v -32.896862 -18.938221 -295.684509
v -34.625134 -18.846546 -295.684509
v -31.085781 -18.612289 -296.240265
v -31.386745 -18.508898 -296.240265
v -31.386745 -18.508898 -295.959167
v -31.085781 -18.612289 -295.835480
v -32.094677 -18.612289 -304.696503
v -32.094677 -18.508900 -304.561035
v -31.538921 -18.508900 -304.561035
v -31.238049 -18.612291 -304.696503
v -34.639156 -18.646744 -304.230347
v -34.338192 -18.543352 -304.231720
v -34.338192 -18.508900 -304.483948
v -34.639156 -18.612291 -304.607635
v -32.896862 -18.703964 -295.746613
v -32.896862 -18.600573 -295.882080
v -34.186016 -18.508898 -295.882080
v -34.486889 -18.612289 -295.746613
v -31.529354 -18.921522 -296.281525
v -31.529354 -18.921522 -295.992706
v -32.182674 -18.921524 -304.493896
v -34.178600 -18.955976 -304.190002
v -34.178600 -18.921524 -304.452179
v -32.848476 -19.013197 -295.950989
v -34.038387 -18.921522 -295.950989
v -30.758175 -25.337452 -304.777618
v -30.568584 -31.828350 -304.826294
v -30.947781 -18.846546 -295.774658
v -34.703960 -31.828346 -295.476105
v -34.777142 -18.846548 -304.668488
v -31.099804 -18.846548 -304.758636
v -30.910152 -25.337450 -295.599152
v -34.814785 -25.337448 -304.874207
v -34.966747 -25.337448 -304.777618
v -31.538921 -18.508898 -295.882080
v -31.386745 -18.508900 -304.483948
v -34.186016 -18.508900 -304.561035
v -34.338192 -18.508898 -295.959167
v -31.669567 -18.921522 -295.950989
v -34.038387 -18.921524 -304.493896
v -34.178600 -18.921522 -295.992706
v -35.004421 -31.828346 -304.929321
v -33.892574 -25.337450 -304.874207
v -34.155239 -31.828346 -304.929321
v -34.039043 -18.955976 -304.190643
v -33.524944 -18.955976 -304.193024
v -33.524944 -18.921524 -304.493896
v -32.094677 -18.846548 -304.758636
v -31.569332 -31.828346 -295.482513
v -31.831997 -25.337450 -295.599152
v -34.155239 -31.828346 -295.513824
v -33.629894 -18.508900 -304.561035
v -32.094677 -18.508898 -295.882080
v -32.182674 -18.921522 -295.950989
v -32.182674 -18.921524 -304.203674
v -30.720516 -31.828346 -295.513824
v -30.568584 -31.828350 -304.471771
v -30.758175 -25.337452 -304.361816
v -34.777142 -18.881001 -304.229706
v -34.921352 -25.337448 -304.068634
v -31.669567 -18.921522 -296.281525
v -30.947781 -18.846546 -296.240265
v -31.386745 -18.508900 -304.249817
v -34.338192 -18.508898 -296.240265
v -34.178600 -18.921522 -296.281525
v -32.848476 -19.013197 -296.281525
v -34.038570 -18.931171 -296.281525
v -32.182674 -18.921522 -296.281525
v -35.156353 -31.828350 -304.764771
v -35.065563 -31.828350 -303.907562
v -22.618752 -21.030487 -272.987976
v -23.026787 -13.307301 -272.967194
v -22.932281 -13.307299 -272.521729
v -22.742676 -21.030487 -272.442810
v -27.140846 -13.307299 -272.572083
v -27.231491 -13.307299 -272.959686
v -27.330452 -21.030487 -272.853119
v -27.330452 -21.030487 -272.442810
v -23.743431 -21.030487 -281.789856
v -24.006104 -13.307300 -281.717468
v -23.084251 -13.307301 -281.700195
v -22.894608 -21.030487 -281.755310
v -23.703453 -5.673315 -281.278168
v -23.843658 -5.673315 -281.319885
v -23.843658 -5.673315 -281.032043
v -23.703453 -5.673315 -281.032684
v -23.412148 -5.305374 -272.572601
v -24.268776 -5.305374 -272.572601
v -24.268776 -5.584105 -272.510498
v -23.273903 -5.584105 -272.510498
v -23.259880 -5.305376 -281.433624
v -23.259880 -5.305376 -281.077209
v -23.121887 -5.584105 -281.077820
v -23.121880 -5.584105 -281.494476
v -26.813248 -5.305374 -272.661469
v -26.813248 -5.305374 -273.066254
v -26.951241 -5.584105 -273.066254
v -26.951241 -5.584105 -272.600647
v -26.660980 -5.305376 -281.522491
v -25.803993 -5.305376 -281.522491
v -25.803993 -5.584105 -281.584625
v -26.799232 -5.584105 -281.584625
v -26.851273 -13.307299 -272.425140
v -26.066673 -13.307299 -272.425140
v -25.070961 -5.693184 -272.510498
v -26.799232 -5.584105 -272.510498
v -23.259880 -5.305374 -273.066254
v -23.560837 -5.182354 -273.066254
v -23.560837 -5.182354 -272.785156
v -23.259880 -5.305374 -272.661469
v -24.268776 -5.305374 -281.522491
v -24.268776 -5.182354 -281.387024
v -23.713013 -5.182354 -281.387024
v -23.412148 -5.305376 -281.522491
v -26.813248 -5.346369 -281.056335
v -26.512291 -5.223348 -281.057709
v -26.512291 -5.182354 -281.309937
v -26.813248 -5.305376 -281.433624
v -25.070961 -5.414454 -272.572601
v -25.070961 -5.291432 -272.708069
v -26.360115 -5.182354 -272.708069
v -26.660988 -5.305374 -272.572601
v -23.703453 -5.673314 -273.107513
v -23.703453 -5.673314 -272.818695
v -24.356766 -5.673315 -281.319885
v -26.352692 -5.714308 -281.015991
v -26.352692 -5.673315 -281.278168
v -25.022575 -5.782393 -272.776978
v -26.212486 -5.673314 -272.776978
v -22.932281 -13.307301 -281.603607
v -22.742676 -21.030487 -281.652283
v -23.121887 -5.584105 -272.600647
v -26.878052 -21.030485 -272.302094
v -26.951241 -5.584105 -281.494476
v -23.273903 -5.584105 -281.584625
v -23.084251 -13.307301 -272.425140
v -26.988876 -13.307298 -281.700195
v -27.140846 -13.307298 -281.603607
v -23.713013 -5.182354 -272.708069
v -23.560837 -5.182354 -281.309937
v -26.360115 -5.182354 -281.387024
v -26.512291 -5.182354 -272.785156
v -23.843658 -5.673314 -272.776978
v -26.212486 -5.673315 -281.319885
v -26.352692 -5.673314 -272.818695
v -27.178520 -21.030487 -281.755310
v -26.066673 -13.307300 -281.700195
v -26.329346 -21.030487 -281.755310
v -26.213142 -5.714308 -281.016632
v -25.699043 -5.714308 -281.019012
v -25.699043 -5.673315 -281.319885
v -24.268776 -5.584105 -281.584625
v -23.743431 -21.030487 -272.308502
v -24.006104 -13.307301 -272.425140
v -26.329338 -21.030485 -272.339813
v -25.803993 -5.182354 -281.387024
v -24.268776 -5.182354 -272.708069
v -24.356766 -5.673314 -272.776978
v -24.356766 -5.673315 -281.029663
v -22.894615 -21.030487 -272.339813
v -22.742676 -21.030487 -281.297760
v -22.932281 -13.307301 -281.187805
v -26.951241 -5.625099 -281.055695
v -27.095451 -13.307298 -280.894623
v -23.843658 -5.673314 -273.107513
v -23.121887 -5.584105 -273.066254
v -23.560837 -5.182354 -281.075806
v -26.512291 -5.182354 -273.066254
v -26.352692 -5.673314 -273.107513
v -25.022575 -5.782393 -273.107513
v -26.212669 -5.684795 -273.107513
v -24.356766 -5.673314 -273.107513
v -27.330452 -21.030487 -281.590759
v -27.239655 -21.030487 -280.733551
v -30.444557 -31.828445 -280.825989
v -30.852596 -25.337547 -280.805206
v -30.758083 -25.337547 -280.359741
v -30.568493 -31.828445 -280.280823
v -34.966656 -25.337547 -280.410095
v -35.057308 -25.337547 -280.797699
v -35.156261 -31.828445 -280.691132
v -35.156261 -31.828445 -280.280823
v -31.569241 -31.828445 -289.627869
v -31.831905 -25.337547 -289.555481
v -30.910061 -25.337549 -289.538208
v -30.720425 -31.828445 -289.593323
v -31.529263 -18.921621 -289.116180
v -31.669476 -18.921621 -289.157898
v -31.669476 -18.921621 -288.870056
v -31.529263 -18.921621 -288.870697
v -31.237957 -18.612389 -280.410614
v -32.094585 -18.612389 -280.410614
v -32.094585 -18.846645 -280.348511
v -31.099712 -18.846645 -280.348511
v -31.085690 -18.612389 -289.271637
v -31.085690 -18.612389 -288.915222
v -30.947689 -18.846645 -288.915833
v -30.947689 -18.846645 -289.332489
v -34.639065 -18.612389 -280.499481
v -34.639065 -18.612389 -280.904266
v -34.777050 -18.846645 -280.904266
v -34.777050 -18.846645 -280.438660
v -34.486797 -18.612389 -289.360504
v -33.629803 -18.612389 -289.360504
v -33.629803 -18.846645 -289.422638
v -34.625042 -18.846645 -289.422638
v -34.677090 -25.337547 -280.263153
v -33.892483 -25.337547 -280.263153
v -32.896770 -18.938318 -280.348511
v -34.625042 -18.846645 -280.348511
v -31.085690 -18.612389 -280.904266
v -31.386654 -18.508995 -280.904266
v -31.386654 -18.508995 -280.623169
v -31.085690 -18.612389 -280.499481
v -32.094585 -18.612387 -289.360504
v -32.094585 -18.508997 -289.225037
v -31.538830 -18.508997 -289.225037
v -31.237957 -18.612389 -289.360504
v -34.639065 -18.646841 -288.894348
v -34.338100 -18.543449 -288.895721
v -34.338100 -18.508997 -289.147949
v -34.639065 -18.612389 -289.271637
v -32.896770 -18.704063 -280.410614
v -32.896770 -18.600670 -280.546082
v -34.185925 -18.508995 -280.546082
v -34.486797 -18.612389 -280.410614
v -31.529263 -18.921619 -280.945526
v -31.529263 -18.921619 -280.656708
v -32.182583 -18.921621 -289.157898
v -34.178509 -18.956074 -288.854004
v -34.178509 -18.921621 -289.116180
v -32.848385 -19.013294 -280.614990
v -34.038296 -18.921619 -280.614990
v -30.758083 -25.337549 -289.441620
v -30.568493 -31.828445 -289.490295
v -30.947689 -18.846645 -280.438660
v -34.703869 -31.828442 -280.140106
v -34.777050 -18.846645 -289.332489
v -31.099712 -18.846645 -289.422638
v -30.910061 -25.337547 -280.263153
v -34.814693 -25.337545 -289.538208
v -34.966656 -25.337545 -289.441620
v -31.538830 -18.508995 -280.546082
v -31.386654 -18.508997 -289.147949
v -34.185925 -18.508997 -289.225037
v -34.338100 -18.508995 -280.623169
v -31.669476 -18.921619 -280.614990
v -34.038296 -18.921621 -289.157898
v -34.178509 -18.921619 -280.656708
v -35.004330 -31.828445 -289.593323
v -33.892483 -25.337547 -289.538208
v -34.155148 -31.828445 -289.593323
v -34.038952 -18.956074 -288.854645
v -33.524853 -18.956074 -288.857025
v -33.524853 -18.921621 -289.157898
v -32.094585 -18.846645 -289.422638
v -31.569241 -31.828445 -280.146515
v -31.831905 -25.337547 -280.263153
v -34.155148 -31.828442 -280.177826
v -33.629803 -18.508997 -289.225037
v -32.094585 -18.508995 -280.546082
v -32.182583 -18.921619 -280.614990
v -32.182583 -18.921621 -288.867676
v -30.720425 -31.828445 -280.177826
v -30.568493 -31.828445 -289.135773
v -30.758083 -25.337549 -289.025818
v -34.777050 -18.881098 -288.893707
v -34.921261 -25.337545 -288.732635
v -31.669476 -18.921619 -280.945526
v -30.947689 -18.846645 -280.904266
v -31.386654 -18.508997 -288.913818
v -34.338100 -18.508995 -280.904266
v -34.178509 -18.921619 -280.945526
v -32.848385 -19.013294 -280.945526
v -34.038479 -18.931271 -280.945526
v -32.182583 -18.921619 -280.945526
v -35.156261 -31.828445 -289.428772
v -35.065472 -31.828445 -288.571564
v -22.618248 -21.030886 -257.911987
v -23.026283 -13.307700 -257.891205
v -22.931778 -13.307698 -257.445740
v -22.742172 -21.030886 -257.366821
v -27.140343 -13.307698 -257.496094
v -27.230988 -13.307698 -257.883698
v -27.329948 -21.030886 -257.777130
v -27.329948 -21.030886 -257.366821
v -23.742928 -21.030888 -266.713867
v -24.005600 -13.307699 -266.641479
v -23.083748 -13.307700 -266.624207
v -22.894104 -21.030888 -266.679321
v -23.702950 -5.673715 -266.202179
v -23.843155 -5.673715 -266.243896
v -23.843155 -5.673715 -265.956055
v -23.702950 -5.673715 -265.956696
v -23.411644 -5.305775 -257.496613
v -24.268272 -5.305775 -257.496613
v -24.268272 -5.584504 -257.434509
v -23.273399 -5.584504 -257.434509
v -23.259377 -5.305775 -266.357635
v -23.259377 -5.305775 -266.001221
v -23.121384 -5.584505 -266.001831
v -23.121376 -5.584505 -266.418488
v -26.812744 -5.305775 -257.585480
v -26.812744 -5.305775 -257.990265
v -26.950737 -5.584504 -257.990265
v -26.950737 -5.584504 -257.524658
v -26.660477 -5.305775 -266.446503
v -25.803490 -5.305775 -266.446503
v -25.803490 -5.584505 -266.508636
v -26.798729 -5.584505 -266.508636
v -26.850769 -13.307698 -257.349152
v -26.066170 -13.307698 -257.349152
v -25.070457 -5.693583 -257.434509
v -26.798729 -5.584504 -257.434509
v -23.259377 -5.305775 -257.990265
v -23.560333 -5.182753 -257.990265
v -23.560333 -5.182753 -257.709167
v -23.259377 -5.305775 -257.585480
v -24.268272 -5.305773 -266.446503
v -24.268272 -5.182755 -266.311035
v -23.712509 -5.182755 -266.311035
v -23.411644 -5.305775 -266.446503
v -26.812744 -5.346768 -265.980347
v -26.511787 -5.223747 -265.981720
v -26.511787 -5.182755 -266.233948
v -26.812744 -5.305775 -266.357635
v -25.070457 -5.414853 -257.496613
v -25.070457 -5.291832 -257.632080
v -26.359612 -5.182753 -257.632080
v -26.660484 -5.305775 -257.496613
v -23.702950 -5.673714 -258.031525
v -23.702950 -5.673714 -257.742706
v -24.356262 -5.673715 -266.243896
v -26.352188 -5.714708 -265.940002
v -26.352188 -5.673715 -266.202179
v -25.022072 -5.782793 -257.700989
v -26.211983 -5.673714 -257.700989
v -22.931778 -13.307700 -266.527618
v -22.742172 -21.030888 -266.576294
v -23.121384 -5.584504 -257.524658
v -26.877548 -21.030884 -257.226105
v -26.950737 -5.584505 -266.418488
v -23.273399 -5.584505 -266.508636
v -23.083748 -13.307700 -257.349152
v -26.988373 -13.307697 -266.624207
v -27.140343 -13.307697 -266.527618
v -23.712509 -5.182753 -257.632080
v -23.560333 -5.182755 -266.233948
v -26.359612 -5.182755 -266.311035
v -26.511787 -5.182753 -257.709167
v -23.843155 -5.673714 -257.700989
v -26.211983 -5.673715 -266.243896
v -26.352188 -5.673714 -257.742706
v -27.178017 -21.030886 -266.679321
v -26.066170 -13.307699 -266.624207
v -26.328842 -21.030886 -266.679321
v -26.212639 -5.714708 -265.940643
v -25.698540 -5.714708 -265.943024
v -25.698540 -5.673715 -266.243896
v -24.268272 -5.584505 -266.508636
v -23.742928 -21.030886 -257.232513
v -24.005600 -13.307700 -257.349152
v -26.328835 -21.030884 -257.263824
v -25.803490 -5.182755 -266.311035
v -24.268272 -5.182753 -257.632080
v -24.356262 -5.673714 -257.700989
v -24.356262 -5.673715 -265.953674
v -22.894112 -21.030886 -257.263824
v -22.742172 -21.030888 -266.221771
v -22.931778 -13.307700 -266.111816
v -26.950737 -5.625498 -265.979706
v -27.094948 -13.307697 -265.818634
v -23.843155 -5.673714 -258.031525
v -23.121384 -5.584504 -257.990265
v -23.560333 -5.182755 -265.999817
v -26.511787 -5.182753 -257.990265
v -26.352188 -5.673714 -258.031525
v -25.022072 -5.782793 -258.031525
v -26.212166 -5.685196 -258.031525
v -24.356262 -5.673714 -258.031525
v -27.329948 -21.030888 -266.514771
v -27.239151 -21.030888 -265.657562
v -30.444054 -31.828846 -265.750000
v -30.852093 -25.337948 -265.729218
v -30.757580 -25.337948 -265.283752
v -30.567989 -31.828846 -265.204834
v -34.966152 -25.337948 -265.334106
v -35.056805 -25.337948 -265.721710
v -35.155758 -31.828846 -265.615143
v -35.155758 -31.828846 -265.204834
v -31.568737 -31.828846 -274.551880
v -31.831417 -25.337948 -274.479492
v -30.909557 -25.337950 -274.462219
v -30.719921 -31.828846 -274.517334
v -31.528759 -18.922022 -274.040192
v -31.668972 -18.922022 -274.081909
v -31.668972 -18.922022 -273.794067
v -31.528759 -18.922022 -273.794708
v -31.237453 -18.612789 -265.334625
v -32.094082 -18.612789 -265.334625
v -32.094082 -18.847046 -265.272522
v -31.099209 -18.847046 -265.272522
v -31.085186 -18.612789 -274.195648
v -31.085186 -18.612789 -273.839233
v -30.947186 -18.847046 -273.839844
v -30.947186 -18.847046 -274.256500
v -34.638546 -18.612789 -265.423492
v -34.638546 -18.612789 -265.828278
v -34.776546 -18.847046 -265.828278
v -34.776546 -18.847046 -265.362671
v -34.486294 -18.612789 -274.284515
v -33.629299 -18.612789 -274.284515
v -33.629299 -18.847046 -274.346649
v -34.624538 -18.847046 -274.346649
v -34.676571 -25.337948 -265.187164
v -33.891979 -25.337948 -265.187164
v -32.896267 -18.938719 -265.272522
v -34.624538 -18.847046 -265.272522
v -31.085186 -18.612789 -265.828278
v -31.386135 -18.509396 -265.828278
v -31.386135 -18.509396 -265.547180
v -31.085186 -18.612789 -265.423492
v -32.094082 -18.612787 -274.284515
v -32.094082 -18.509398 -274.149048
v -31.538326 -18.509398 -274.149048
v -31.237453 -18.612789 -274.284515
v -34.638546 -18.647242 -273.818359
v -34.337597 -18.543850 -273.819733
v -34.337597 -18.509398 -274.071960
v -34.638546 -18.612789 -274.195648
v -32.896267 -18.704464 -265.334625
v -32.896267 -18.601070 -265.470093
v -34.185421 -18.509396 -265.470093
v -34.486294 -18.612789 -265.334625
v -31.528759 -18.922020 -265.869537
v -31.528759 -18.922020 -265.580719
v -32.182064 -18.922022 -274.081909
v -34.178005 -18.956474 -273.778015
v -34.178005 -18.922022 -274.040192
v -32.847881 -19.013695 -265.539001
v -34.037792 -18.922020 -265.539001
v -30.757580 -25.337950 -274.365631
v -30.567989 -31.828846 -274.414307
v -30.947186 -18.847046 -265.362671
v -34.703365 -31.828842 -265.064117
v -34.776546 -18.847046 -274.256500
v -31.099209 -18.847046 -274.346649
v -30.909557 -25.337948 -265.187164
v -34.814175 -25.337946 -274.462219
v -34.966152 -25.337946 -274.365631
v -31.538326 -18.509396 -265.470093
v -31.386135 -18.509398 -274.071960
v -34.185421 -18.509398 -274.149048
v -34.337597 -18.509396 -265.547180
v -31.668972 -18.922020 -265.539001
v -34.037792 -18.922022 -274.081909
v -34.178005 -18.922020 -265.580719
v -35.003826 -31.828846 -274.517334
v -33.891979 -25.337948 -274.462219
v -34.154659 -31.828846 -274.517334
v -34.038448 -18.956474 -273.778656
v -33.524349 -18.956474 -273.781036
v -33.524349 -18.922022 -274.081909
v -32.094082 -18.847046 -274.346649
v -31.568737 -31.828846 -265.070526
v -31.831417 -25.337948 -265.187164
v -34.154659 -31.828842 -265.101837
v -33.629299 -18.509398 -274.149048
v -32.094082 -18.509396 -265.470093
v -32.182064 -18.922020 -265.539001
v -32.182064 -18.922022 -273.791687
v -30.719921 -31.828846 -265.101837
v -30.567989 -31.828846 -274.059784
v -30.757580 -25.337950 -273.949829
v -34.776546 -18.881498 -273.817719
v -34.920757 -25.337946 -273.656647
v -31.668972 -18.922020 -265.869537
v -30.947186 -18.847046 -265.828278
v -31.386135 -18.509398 -273.837830
v -34.337597 -18.509396 -265.828278
v -34.178005 -18.922020 -265.869537
v -32.847881 -19.013695 -265.869537
v -34.037975 -18.931671 -265.869537
v -32.182064 -18.922020 -265.869537
v -35.155758 -31.828846 -274.352783
v -35.064968 -31.828846 -273.495575
v -22.618156 -21.030886 -242.575989
v -23.026192 -13.307699 -242.555206
v -22.931686 -13.307697 -242.109741
v -22.742081 -21.030886 -242.030823
v -27.140251 -13.307697 -242.160095
v -27.230896 -13.307697 -242.547699
v -27.329857 -21.030886 -242.441162
v -27.329857 -21.030886 -242.030823
v -23.742836 -21.030886 -251.377899
v -24.005508 -13.307698 -251.305481
v -23.083656 -13.307699 -251.288208
v -22.894012 -21.030886 -251.343323
v -23.702858 -5.673714 -250.866211
v -23.843063 -5.673714 -250.907928
v -23.843063 -5.673714 -250.620056
v -23.702858 -5.673714 -250.620697
v -23.411552 -5.305773 -242.160645
v -24.268181 -5.305773 -242.160645
v -24.268181 -5.584503 -242.098511
v -23.273308 -5.584503 -242.098511
v -23.259285 -5.305775 -251.021637
v -23.259285 -5.305775 -250.665222
v -23.121292 -5.584504 -250.665863
v -23.121284 -5.584504 -251.082489
v -26.812653 -5.305773 -242.249512
v -26.812653 -5.305773 -242.654266
v -26.950645 -5.584503 -242.654266
v -26.950645 -5.584503 -242.188660
v -26.660385 -5.305775 -251.110535
v -25.803398 -5.305775 -251.110535
v -25.803398 -5.584504 -251.172638
v -26.798637 -5.584504 -251.172638
v -26.850677 -13.307697 -242.013184
v -26.066078 -13.307697 -242.013184
v -25.070366 -5.693583 -242.098511
v -26.798637 -5.584503 -242.098511
v -23.259285 -5.305773 -242.654266
v -23.560242 -5.182753 -242.654266
v -23.560242 -5.182753 -242.373199
v -23.259285 -5.305773 -242.249512
v -24.268181 -5.305773 -251.110535
v -24.268181 -5.182753 -250.975067
v -23.712418 -5.182753 -250.975067
v -23.411552 -5.305775 -251.110535
v -26.812653 -5.346767 -250.644348
v -26.511696 -5.223746 -250.645721
v -26.511696 -5.182753 -250.897980
v -26.812653 -5.305775 -251.021637
v -25.070366 -5.414852 -242.160645
v -25.070366 -5.291831 -242.296082
v -26.359520 -5.182753 -242.296082
v -26.660393 -5.305773 -242.160645
v -23.702858 -5.673713 -242.695526
v -23.702858 -5.673713 -242.406708
v -24.356171 -5.673714 -250.907928
v -26.352097 -5.714706 -250.604004
v -26.352097 -5.673714 -250.866211
v -25.021980 -5.782792 -242.364990
v -26.211891 -5.673713 -242.364990
v -22.931686 -13.307699 -251.191620
v -22.742081 -21.030886 -251.240326
v -23.121292 -5.584503 -242.188660
v -26.877457 -21.030884 -241.890137
v -26.950645 -5.584504 -251.082489
v -23.273308 -5.584504 -251.172638
v -23.083656 -13.307699 -242.013184
v -26.988281 -13.307696 -251.288208
v -27.140251 -13.307696 -251.191620
v -23.712418 -5.182753 -242.296082
v -23.560242 -5.182753 -250.897980
v -26.359520 -5.182753 -250.975067
v -26.511696 -5.182753 -242.373199
v -23.843063 -5.673713 -242.364990
v -26.211891 -5.673714 -250.907928
v -26.352097 -5.673713 -242.406708
v -27.177925 -21.030884 -251.343323
v -26.066078 -13.307698 -251.288208
v -26.328751 -21.030884 -251.343323
v -26.212547 -5.714706 -250.604645
v -25.698448 -5.714706 -250.607025
v -25.698448 -5.673714 -250.907928
v -24.268181 -5.584504 -251.172638
v -23.742836 -21.030886 -241.896515
v -24.005508 -13.307699 -242.013184
v -26.328743 -21.030884 -241.927826
v -25.803398 -5.182753 -250.975067
v -24.268181 -5.182753 -242.296082
v -24.356171 -5.673713 -242.364990
v -24.356171 -5.673714 -250.617676
v -22.894020 -21.030886 -241.927826
v -22.742081 -21.030886 -250.885773
v -22.931686 -13.307699 -250.775818
v -26.950645 -5.625498 -250.643707
v -27.094856 -13.307696 -250.482635
v -23.843063 -5.673713 -242.695526
v -23.121292 -5.584503 -242.654266
v -23.560242 -5.182753 -250.663818
v -26.511696 -5.182753 -242.654266
v -26.352097 -5.673713 -242.695526
v -25.021980 -5.782792 -242.695526
v -26.212074 -5.685194 -242.695526
v -24.356171 -5.673713 -242.695526
v -27.329857 -21.030886 -251.178802
v -27.239059 -21.030886 -250.321564
v -30.443855 -31.829044 -249.727509
v -30.851894 -25.338146 -249.705139
v -30.757381 -25.338146 -249.224915
v -30.567791 -31.829044 -249.139862
v -34.965954 -25.338146 -249.279205
v -35.056606 -25.338146 -249.697052
v -35.155560 -31.829044 -249.582153
v -35.155560 -31.829044 -249.139862
v -31.568539 -31.829044 -259.215851
v -31.831203 -25.338146 -259.137787
v -30.909359 -25.338148 -259.119171
v -30.719723 -31.829044 -259.178589
v -31.528561 -18.922220 -258.664246
v -31.668774 -18.922220 -258.709229
v -31.668774 -18.922220 -258.398895
v -31.528561 -18.922220 -258.399597
v -31.237255 -18.612988 -249.279785
v -32.093884 -18.612988 -249.279785
v -32.093884 -18.847244 -249.212799
v -31.099010 -18.847244 -249.212799
v -31.084988 -18.612988 -258.831818
v -31.084988 -18.612988 -258.447601
v -30.946987 -18.847244 -258.448273
v -30.946987 -18.847244 -258.897400
v -34.638363 -18.612988 -249.375580
v -34.638363 -18.612988 -249.811920
v -34.776348 -18.847244 -249.811920
v -34.776348 -18.847244 -249.309998
v -34.486095 -18.612988 -258.927612
v -33.629101 -18.612988 -258.927612
v -33.629101 -18.847244 -258.994568
v -34.624340 -18.847244 -258.994568
v -34.676388 -25.338146 -249.120819
v -33.891781 -25.338146 -249.120819
v -32.896069 -18.938917 -249.212799
v -34.624340 -18.847244 -249.212799
v -31.084988 -18.612988 -249.811920
v -31.385952 -18.509594 -249.811920
v -31.385952 -18.509594 -249.508911
v -31.084988 -18.612988 -249.375580
v -32.093884 -18.612986 -258.927612
v -32.093884 -18.509596 -258.781586
v -31.538128 -18.509596 -258.781586
v -31.237255 -18.612988 -258.927612
v -34.638363 -18.647440 -258.425079
v -34.337399 -18.544048 -258.426575
v -34.337399 -18.509596 -258.698486
v -34.638363 -18.612988 -258.831818
v -32.896069 -18.704662 -249.279785
v -32.896069 -18.601269 -249.425812
v -34.185223 -18.509594 -249.425812
v -34.486095 -18.612988 -249.279785
v -31.528561 -18.922218 -249.856384
v -31.528561 -18.922218 -249.545044
v -32.181881 -18.922220 -258.709229
v -34.177807 -18.956673 -258.381592
v -34.177807 -18.922220 -258.664246
v -32.847683 -19.013893 -249.500061
v -34.037594 -18.922218 -249.500061
v -30.757381 -25.338148 -259.015045
v -30.567791 -31.829044 -259.067535
v -30.946987 -18.847244 -249.309998
v -34.703167 -31.829041 -248.988190
v -34.776348 -18.847244 -258.897400
v -31.099010 -18.847244 -258.994568
v -30.909359 -25.338146 -249.120819
v -34.813992 -25.338144 -259.119171
v -34.965954 -25.338144 -259.015045
v -31.538128 -18.509594 -249.425812
v -31.385952 -18.509596 -258.698486
v -34.185223 -18.509596 -258.781586
v -34.337399 -18.509594 -249.508911
v -31.668774 -18.922218 -249.500061
v -34.037594 -18.922220 -258.709229
v -34.177807 -18.922218 -249.545044
v -35.003628 -31.829044 -259.178589
v -33.891781 -25.338146 -259.119171
v -34.154446 -31.829044 -259.178589
v -34.038250 -18.956673 -258.382294
v -33.524151 -18.956673 -258.384857
v -33.524151 -18.922220 -258.709229
v -32.093884 -18.847244 -258.994568
v -31.568539 -31.829044 -248.995056
v -31.831203 -25.338146 -249.120819
v -34.154446 -31.829041 -249.028809
v -33.629101 -18.509596 -258.781586
v -32.093884 -18.509594 -249.425812
v -32.181881 -18.922218 -249.500061
v -32.181881 -18.922220 -258.396332
v -30.719723 -31.829044 -249.028809
v -30.567791 -31.829044 -258.685333
v -30.757381 -25.338148 -258.566803
v -34.776348 -18.881697 -258.424408
v -34.920559 -25.338144 -258.250763
v -31.668774 -18.922218 -249.856384
v -30.946987 -18.847244 -249.811920
v -31.385952 -18.509596 -258.446075
v -34.337399 -18.509594 -249.811920
v -34.177807 -18.922218 -249.856384
v -32.847683 -19.013893 -249.856384
v -34.037777 -18.931870 -249.856384
v -32.181881 -18.922218 -249.856384
v -35.155560 -31.829044 -259.001221
v -35.064770 -31.829044 -258.077148
v -22.618851 -21.030384 -227.455994
v -23.026894 -13.307198 -227.435211
v -22.932381 -13.307196 -226.989746
v -22.742775 -21.030384 -226.910828
v -27.140953 -13.307196 -227.040100
v -27.231590 -13.307196 -227.427704
v -27.330559 -21.030384 -227.321167
v -27.330559 -21.030384 -226.910828
v -23.743530 -21.030384 -236.257904
v -24.006203 -13.307197 -236.185486
v -23.084358 -13.307198 -236.168213
v -22.894707 -21.030384 -236.223328
v -23.703552 -5.673212 -235.746216
v -23.843758 -5.673212 -235.787933
v -23.843758 -5.673212 -235.500061
v -23.703552 -5.673212 -235.500702
v -23.412247 -5.305271 -227.040649
v -24.268875 -5.305271 -227.040649
v -24.268875 -5.584002 -226.978516
v -23.274002 -5.584002 -226.978516
v -23.259979 -5.305273 -235.901642
v -23.259987 -5.305273 -235.545227
v -23.121986 -5.584002 -235.545868
v -23.121986 -5.584002 -235.962494
v -26.813347 -5.305271 -227.129517
v -26.813347 -5.305271 -227.534271
v -26.951347 -5.584002 -227.534271
v -26.951347 -5.584002 -227.068665
v -26.661079 -5.305273 -235.990540
v -25.804100 -5.305273 -235.990540
v -25.804100 -5.584002 -236.052643
v -26.799324 -5.584002 -236.052643
v -26.851372 -13.307196 -226.893188
v -26.066772 -13.307196 -226.893188
v -25.071060 -5.693081 -226.978516
v -26.799332 -5.584002 -226.978516
v -23.259987 -5.305271 -227.534271
v -23.560936 -5.182251 -227.534271
v -23.560936 -5.182251 -227.253204
v -23.259987 -5.305271 -227.129517
v -24.268875 -5.305271 -235.990540
v -24.268875 -5.182251 -235.855072
v -23.713112 -5.182251 -235.855072
v -23.412247 -5.305273 -235.990540
v -26.813347 -5.346266 -235.524353
v -26.512398 -5.223245 -235.525726
v -26.512398 -5.182251 -235.777985
v -26.813347 -5.305273 -235.901642
v -25.071060 -5.414351 -227.040649
v -25.071060 -5.291329 -227.176086
v -26.360214 -5.182251 -227.176086
v -26.661087 -5.305271 -227.040649
v -23.703552 -5.673211 -227.575531
v -23.703552 -5.673211 -227.286713
v -24.356865 -5.673212 -235.787933
v -26.352791 -5.714205 -235.484009
v -26.352791 -5.673212 -235.746216
v -25.022675 -5.782290 -227.244995
v -26.212585 -5.673211 -227.244995
v -22.932381 -13.307198 -236.071625
v -22.742775 -21.030384 -236.120331
v -23.121986 -5.584002 -227.068665
v -26.878151 -21.030382 -226.770142
v -26.951347 -5.584002 -235.962494
v -23.274002 -5.584002 -236.052643
v -23.084358 -13.307198 -226.893188
v -26.988976 -13.307195 -236.168213
v -27.140953 -13.307195 -236.071625
v -23.713112 -5.182251 -227.176086
v -23.560936 -5.182251 -235.777985
v -26.360214 -5.182251 -235.855072
v -26.512398 -5.182251 -227.253204
v -23.843758 -5.673211 -227.244995
v -26.212585 -5.673212 -235.787933
v -26.352791 -5.673211 -227.286713
v -27.178619 -21.030384 -236.223328
v -26.066772 -13.307197 -236.168213
v -26.329445 -21.030384 -236.223328
v -26.213249 -5.714205 -235.484650
v -25.699150 -5.714205 -235.487030
v -25.699150 -5.673212 -235.787933
v -24.268875 -5.584002 -236.052643
v -23.743530 -21.030384 -226.776520
v -24.006203 -13.307198 -226.893188
v -26.329445 -21.030382 -226.807831
v -25.804100 -5.182251 -235.855072
v -24.268875 -5.182251 -227.176086
v -24.356865 -5.673211 -227.244995
v -24.356865 -5.673212 -235.497681
v -22.894714 -21.030384 -226.807831
v -22.742775 -21.030384 -235.765778
v -22.932381 -13.307198 -235.655823
v -26.951347 -5.624996 -235.523712
v -27.095551 -13.307195 -235.362640
v -23.843758 -5.673211 -227.575531
v -23.121986 -5.584002 -227.534271
v -23.560936 -5.182251 -235.543823
v -26.512398 -5.182251 -227.534271
v -26.352791 -5.673211 -227.575531
v -25.022675 -5.782290 -227.575531
v -26.212769 -5.684692 -227.575531
v -24.356865 -5.673211 -227.575531
v -27.330551 -21.030384 -236.058807
v -27.239754 -21.030384 -235.201569
v -30.444649 -31.828342 -235.293976
v -30.852688 -25.337444 -235.273224
v -30.758175 -25.337444 -234.827759
v -30.568584 -31.828342 -234.748840
v -34.966747 -25.337444 -234.878113
v -35.057400 -25.337444 -235.265717
v -35.156353 -31.828342 -235.159149
v -35.156353 -31.828342 -234.748840
v -31.569332 -31.828342 -244.095886
v -31.831997 -25.337444 -244.023499
v -30.910152 -25.337446 -244.006226
v -30.720516 -31.828342 -244.061340
v -31.529354 -18.921518 -243.584198
v -31.669567 -18.921518 -243.625916
v -31.669567 -18.921518 -243.338043
v -31.529354 -18.921518 -243.338715
v -31.238049 -18.612286 -234.878632
v -32.094677 -18.612286 -234.878632
v -32.094677 -18.846542 -234.816528
v -31.099804 -18.846542 -234.816528
v -31.085781 -18.612286 -243.739655
v -31.085781 -18.612286 -243.383209
v -30.947781 -18.846542 -243.383850
v -30.947781 -18.846542 -243.800476
v -34.639156 -18.612286 -234.967499
v -34.639156 -18.612286 -235.372284
v -34.777142 -18.846542 -235.372284
v -34.777142 -18.846542 -234.906677
v -34.486889 -18.612286 -243.828522
v -33.629894 -18.612286 -243.828522
v -33.629894 -18.846542 -243.890625
v -34.625134 -18.846542 -243.890625
v -34.677181 -25.337444 -234.731171
v -33.892574 -25.337444 -234.731171
v -32.896862 -18.938215 -234.816528
v -34.625134 -18.846542 -234.816528
v -31.085781 -18.612286 -235.372284
v -31.386745 -18.508892 -235.372284
v -31.386745 -18.508892 -235.091187
v -31.085781 -18.612286 -234.967499
v -32.094677 -18.612284 -243.828522
v -32.094677 -18.508894 -243.693054
v -31.538921 -18.508894 -243.693054
v -31.238049 -18.612286 -243.828522
v -34.639156 -18.646738 -243.362335
v -34.338192 -18.543346 -243.363739
v -34.338192 -18.508894 -243.615967
v -34.639156 -18.612286 -243.739655
v -32.896862 -18.703960 -234.878632
v -32.896862 -18.600567 -235.014099
v -34.186016 -18.508892 -235.014099
v -34.486889 -18.612286 -234.878632
v -31.529354 -18.921516 -235.413544
v -31.529354 -18.921516 -235.124725
v -32.182674 -18.921518 -243.625916
v -34.178600 -18.955971 -243.321991
v -34.178600 -18.921518 -243.584198
v -32.848476 -19.013191 -235.082977
v -34.038387 -18.921516 -235.082977
v -30.758175 -25.337446 -243.909637
v -30.568584 -31.828342 -243.958313
v -30.947781 -18.846542 -234.906677
v -34.703960 -31.828339 -234.608124
v -34.777142 -18.846542 -243.800476
v -31.099804 -18.846542 -243.890625
v -30.910152 -25.337444 -234.731171
v -34.814785 -25.337442 -244.006226
v -34.966747 -25.337442 -243.909637
v -31.538921 -18.508892 -235.014099
v -31.386745 -18.508894 -243.615967
v -34.186016 -18.508894 -243.693054
v -34.338192 -18.508892 -235.091187
v -31.669567 -18.921516 -235.082977
v -34.038387 -18.921518 -243.625916
v -34.178600 -18.921516 -235.124725
v -35.004421 -31.828342 -244.061340
v -33.892574 -25.337444 -244.006226
v -34.155239 -31.828342 -244.061340
v -34.039043 -18.955971 -243.322662
v -33.524944 -18.955971 -243.325012
v -33.524944 -18.921518 -243.625916
v -32.094677 -18.846542 -243.890625
v -31.569332 -31.828342 -234.614532
v -31.831997 -25.337444 -234.731171
v -34.155239 -31.828339 -234.645813
v -33.629894 -18.508894 -243.693054
v -32.094677 -18.508892 -235.014099
v -32.182674 -18.921516 -235.082977
v -32.182674 -18.921518 -243.335693
v -30.720516 -31.828342 -234.645813
v -30.568584 -31.828342 -243.603760
v -30.758175 -25.337446 -243.493805
v -34.777142 -18.880995 -243.361694
v -34.921352 -25.337442 -243.200653
v -31.669567 -18.921516 -235.413544
v -30.947781 -18.846542 -235.372284
v -31.386745 -18.508894 -243.381836
v -34.338192 -18.508892 -235.372284
v -34.178600 -18.921516 -235.413544
v -32.848476 -19.013191 -235.413544
v -34.038570 -18.931168 -235.413544
v -32.182674 -18.921516 -235.413544
v -35.156353 -31.828342 -243.896790
v -35.065563 -31.828342 -243.039581
v -22.618752 -21.030481 -212.120972
v -23.026787 -13.307296 -212.100220
v -22.932281 -13.307294 -211.654755
v -22.742676 -21.030481 -211.575836
v -27.140846 -13.307294 -211.705109
v -27.231491 -13.307294 -212.092712
v -27.330452 -21.030481 -211.986145
v -27.330452 -21.030481 -211.575836
v -23.743431 -21.030483 -220.922882
v -24.006104 -13.307295 -220.850494
v -23.084251 -13.307296 -220.833221
v -22.894608 -21.030483 -220.888336
v -23.703453 -5.673310 -220.411194
v -23.843658 -5.673310 -220.452911
v -23.843658 -5.673310 -220.165039
v -23.703453 -5.673310 -220.165710
v -23.412148 -5.305370 -211.705627
v -24.268776 -5.305370 -211.705627
v -24.268776 -5.584100 -211.643524
v -23.273903 -5.584100 -211.643524
v -23.259880 -5.305370 -220.566650
v -23.259880 -5.305370 -220.210205
v -23.121887 -5.584101 -220.210846
v -23.121880 -5.584101 -220.627472
v -26.813248 -5.305370 -211.794495
v -26.813248 -5.305370 -212.199280
v -26.951241 -5.584100 -212.199280
v -26.951241 -5.584100 -211.733673
v -26.660980 -5.305370 -220.655518
v -25.803993 -5.305370 -220.655518
v -25.803993 -5.584101 -220.717621
v -26.799232 -5.584101 -220.717621
v -26.851273 -13.307294 -211.558167
v -26.066673 -13.307294 -211.558167
v -25.070961 -5.693178 -211.643524
v -26.799232 -5.584100 -211.643524
v -23.259880 -5.305370 -212.199280
v -23.560837 -5.182348 -212.199280
v -23.560837 -5.182348 -211.918182
v -23.259880 -5.305370 -211.794495
v -24.268776 -5.305368 -220.655518
v -24.268776 -5.182350 -220.520050
v -23.713013 -5.182350 -220.520050
v -23.412148 -5.305370 -220.655518
v -26.813248 -5.346364 -220.189331
v -26.512291 -5.223343 -220.190735
v -26.512291 -5.182350 -220.442963
v -26.813248 -5.305370 -220.566650
v -25.070961 -5.414449 -211.705627
v -25.070961 -5.291428 -211.841095
v -26.360115 -5.182348 -211.841095
v -26.660988 -5.305370 -211.705627
v -23.703453 -5.673309 -212.240540
v -23.703453 -5.673309 -211.951721
v -24.356766 -5.673310 -220.452911
v -26.352692 -5.714304 -220.148987
v -26.352692 -5.673310 -220.411194
v -25.022575 -5.782389 -211.909973
v -26.212486 -5.673309 -211.909973
v -22.932281 -13.307296 -220.736633
v -22.742676 -21.030483 -220.785309
v -23.121887 -5.584100 -211.733673
v -26.878052 -21.030479 -211.435120
v -26.951241 -5.584101 -220.627472
v -23.273903 -5.584101 -220.717621
v -23.084251 -13.307296 -211.558167
v -26.988876 -13.307293 -220.833221
v -27.140846 -13.307293 -220.736633
v -23.713013 -5.182348 -211.841095
v -23.560837 -5.182350 -220.442963
v -26.360115 -5.182350 -220.520050
v -26.512291 -5.182348 -211.918182
v -23.843658 -5.673309 -211.909973
v -26.212486 -5.673310 -220.452911
v -26.352692 -5.673309 -211.951721
v -27.178520 -21.030481 -220.888336
v -26.066673 -13.307295 -220.833221
v -26.329346 -21.030481 -220.888336
v -26.213142 -5.714304 -220.149658
v -25.699043 -5.714304 -220.152008
v -25.699043 -5.673310 -220.452911
v -24.268776 -5.584101 -220.717621
v -23.743431 -21.030481 -211.441528
v -24.006104 -13.307296 -211.558167
v -26.329338 -21.030479 -211.472809
v -25.803993 -5.182350 -220.520050
v -24.268776 -5.182348 -211.841095
v -24.356766 -5.673309 -211.909973
v -24.356766 -5.673310 -220.162689
v -22.894615 -21.030481 -211.472809
v -22.742676 -21.030483 -220.430756
v -22.932281 -13.307296 -220.320801
v -26.951241 -5.625093 -220.188690
v -27.095451 -13.307293 -220.027649
v -23.843658 -5.673309 -212.240540
v -23.121887 -5.584100 -212.199280
v -23.560837 -5.182350 -220.208832
v -26.512291 -5.182348 -212.199280
v -26.352692 -5.673309 -212.240540
v -25.022575 -5.782389 -212.240540
v -26.212669 -5.684792 -212.240540
v -24.356766 -5.673309 -212.240540
v -27.330452 -21.030483 -220.723785
v -27.239655 -21.030483 -219.866577
v -30.444557 -31.828442 -219.958984
v -30.852596 -25.337543 -219.938202
v -30.758083 -25.337543 -219.492737
v -30.568493 -31.828442 -219.413818
v -34.966656 -25.337543 -219.543091
v -35.057308 -25.337543 -219.930695
v -35.156261 -31.828442 -219.824158
v -35.156261 -31.828442 -219.413818
v -31.569241 -31.828442 -228.760895
v -31.831905 -25.337543 -228.688477
v -30.910061 -25.337545 -228.671204
v -30.720425 -31.828442 -228.726318
v -31.529263 -18.921618 -228.249207
v -31.669476 -18.921618 -228.290924
v -31.669476 -18.921618 -228.003052
v -31.529263 -18.921618 -228.003693
v -31.237957 -18.612385 -219.543640
v -32.094585 -18.612385 -219.543640
v -32.094585 -18.846642 -219.481506
v -31.099712 -18.846642 -219.481506
v -31.085690 -18.612385 -228.404633
v -31.085690 -18.612385 -228.048218
v -30.947689 -18.846642 -228.048859
v -30.947689 -18.846642 -228.465485
v -34.639065 -18.612385 -219.632507
v -34.639065 -18.612385 -220.037262
v -34.777050 -18.846642 -220.037262
v -34.777050 -18.846642 -219.571655
v -34.486797 -18.612385 -228.493530
v -33.629803 -18.612385 -228.493530
v -33.629803 -18.846642 -228.555634
v -34.625042 -18.846642 -228.555634
v -34.677090 -25.337543 -219.396179
v -33.892483 -25.337543 -219.396179
v -32.896770 -18.938314 -219.481506
v -34.625042 -18.846642 -219.481506
v -31.085690 -18.612385 -220.037262
v -31.386654 -18.508991 -220.037262
v -31.386654 -18.508991 -219.756195
v -31.085690 -18.612385 -219.632507
v -32.094585 -18.612383 -228.493530
v -32.094585 -18.508993 -228.358063
v -31.538830 -18.508993 -228.358063
v -31.237957 -18.612385 -228.493530
v -34.639065 -18.646837 -228.027344
v -34.338100 -18.543446 -228.028717
v -34.338100 -18.508993 -228.280975
v -34.639065 -18.612385 -228.404633
v -32.896770 -18.704060 -219.543640
v -32.896770 -18.600666 -219.679077
v -34.185925 -18.508991 -219.679077
v -34.486797 -18.612385 -219.543640
v -31.529263 -18.921616 -220.078522
v -31.529263 -18.921616 -219.789703
v -32.182583 -18.921618 -228.290924
v -34.178509 -18.956070 -227.987000
v -34.178509 -18.921618 -228.249207
v -32.848385 -19.013290 -219.747986
v -34.038296 -18.921616 -219.747986
v -30.758083 -25.337545 -228.574615
v -30.568493 -31.828442 -228.623322
v -30.947689 -18.846642 -219.571655
v -34.703869 -31.828438 -219.273132
v -34.777050 -18.846642 -228.465485
v -31.099712 -18.846642 -228.555634
v -30.910061 -25.337543 -219.396179
v -34.814693 -25.337542 -228.671204
v -34.966656 -25.337542 -228.574615
v -31.538830 -18.508991 -219.679077
v -31.386654 -18.508993 -228.280975
v -34.185925 -18.508993 -228.358063
v -34.338100 -18.508991 -219.756195
v -31.669476 -18.921616 -219.747986
v -34.038296 -18.921618 -228.290924
v -34.178509 -18.921616 -219.789703
v -35.004330 -31.828442 -228.726318
v -33.892483 -25.337543 -228.671204
v -34.155148 -31.828442 -228.726318
v -34.038952 -18.956070 -227.987640
v -33.524853 -18.956070 -227.990021
v -33.524853 -18.921618 -228.290924
v -32.094585 -18.846642 -228.555634
v -31.569241 -31.828442 -219.279510
v -31.831905 -25.337543 -219.396179
v -34.155148 -31.828438 -219.310822
v -33.629803 -18.508993 -228.358063
v -32.094585 -18.508991 -219.679077
v -32.182583 -18.921616 -219.747986
v -32.182583 -18.921618 -228.000671
v -30.720425 -31.828442 -219.310822
v -30.568493 -31.828442 -228.268768
v -30.758083 -25.337545 -228.158813
v -34.777050 -18.881094 -228.026703
v -34.921261 -25.337542 -227.865631
v -31.669476 -18.921616 -220.078522
v -30.947689 -18.846642 -220.037262
v -31.386654 -18.508993 -228.046814
v -34.338100 -18.508991 -220.037262
v -34.178509 -18.921616 -220.078522
v -32.848385 -19.013290 -220.078522
v -34.038479 -18.931267 -220.078522
v -32.182583 -18.921616 -220.078522
v -35.156261 -31.828442 -228.561798
v -35.065472 -31.828442 -227.704559
v -22.618248 -21.030882 -197.043976
v -23.026283 -13.307695 -197.023224
v -22.931778 -13.307693 -196.577759
v -22.742172 -21.030882 -196.498840
v -27.140343 -13.307693 -196.628113
v -27.230988 -13.307693 -197.015717
v -27.329948 -21.030882 -196.909149
v -27.329948 -21.030882 -196.498840
v -23.742928 -21.030882 -205.845886
v -24.005600 -13.307694 -205.773499
v -23.083748 -13.307695 -205.756226
v -22.894104 -21.030882 -205.811340
v -23.702950 -5.673710 -205.334198
v -23.843155 -5.673710 -205.375916
v -23.843155 -5.673710 -205.088043
v -23.702950 -5.673710 -205.088715
v -23.411644 -5.305769 -196.628632
v -24.268272 -5.305769 -196.628632
v -24.268272 -5.584499 -196.566528
v -23.273399 -5.584499 -196.566528
v -23.259377 -5.305771 -205.489655
v -23.259377 -5.305771 -205.133209
v -23.121384 -5.584500 -205.133850
v -23.121376 -5.584500 -205.550476
v -26.812744 -5.305769 -196.717499
v -26.812744 -5.305769 -197.122284
v -26.950737 -5.584499 -197.122284
v -26.950737 -5.584499 -196.656677
v -26.660477 -5.305771 -205.578522
v -25.803490 -5.305771 -205.578522
v -25.803490 -5.584500 -205.640625
v -26.798729 -5.584500 -205.640625
v -26.850769 -13.307693 -196.481171
v -26.066170 -13.307693 -196.481171
v -25.070457 -5.693579 -196.566528
v -26.798729 -5.584499 -196.566528
v -23.259377 -5.305769 -197.122284
v -23.560333 -5.182749 -197.122284
v -23.560333 -5.182749 -196.841187
v -23.259377 -5.305769 -196.717499
v -24.268272 -5.305769 -205.578522
v -24.268272 -5.182749 -205.443054
v -23.712509 -5.182749 -205.443054
v -23.411644 -5.305771 -205.578522
v -26.812744 -5.346764 -205.112335
v -26.511787 -5.223742 -205.113739
v -26.511787 -5.182749 -205.365967
v -26.812744 -5.305771 -205.489655
v -25.070457 -5.414848 -196.628632
v -25.070457 -5.291827 -196.764099
v -26.359612 -5.182749 -196.764099
v -26.660484 -5.305769 -196.628632
v -23.702950 -5.673709 -197.163544
v -23.702950 -5.673709 -196.874725
v -24.356262 -5.673710 -205.375916
v -26.352188 -5.714703 -205.071991
v -26.352188 -5.673710 -205.334198
v -25.022072 -5.782788 -196.832977
v -26.211983 -5.673709 -196.832977
v -22.931778 -13.307695 -205.659637
v -22.742172 -21.030882 -205.708313
v -23.121384 -5.584499 -196.656677
v -26.877548 -21.030880 -196.358124
v -26.950737 -5.584500 -205.550476
v -23.273399 -5.584500 -205.640625
v -23.083748 -13.307695 -196.481171
v -26.988373 -13.307693 -205.756226
v -27.140343 -13.307693 -205.659637
v -23.712509 -5.182749 -196.764099
v -23.560333 -5.182749 -205.365967
v -26.359612 -5.182749 -205.443054
v -26.511787 -5.182749 -196.841187
v -23.843155 -5.673709 -196.832977
v -26.211983 -5.673710 -205.375916
v -26.352188 -5.673709 -196.874725
v -27.178017 -21.030880 -205.811340
v -26.066170 -13.307694 -205.756226
v -26.328842 -21.030880 -205.811340
v -26.212639 -5.714703 -205.072662
v -25.698540 -5.714703 -205.075012
v -25.698540 -5.673710 -205.375916
v -24.268272 -5.584500 -205.640625
v -23.742928 -21.030882 -196.364532
v -24.005600 -13.307695 -196.481171
v -26.328835 -21.030880 -196.395813
v -25.803490 -5.182749 -205.443054
v -24.268272 -5.182749 -196.764099
v -24.356262 -5.673709 -196.832977
v -24.356262 -5.673710 -205.085693
v -22.894112 -21.030882 -196.395813
v -22.742172 -21.030882 -205.353760
v -22.931778 -13.307695 -205.243805
v -26.950737 -5.625494 -205.111694
v -27.094948 -13.307693 -204.950653
v -23.843155 -5.673709 -197.163544
v -23.121384 -5.584499 -197.122284
v -23.560333 -5.182749 -205.131836
v -26.511787 -5.182749 -197.122284
v -26.352188 -5.673709 -197.163544
v -25.022072 -5.782788 -197.163544
v -26.212166 -5.685190 -197.163544
v -24.356262 -5.673709 -197.163544
v -27.329948 -21.030882 -205.646790
v -27.239151 -21.030882 -204.789581
v -30.444054 -31.828838 -204.881989
v -30.852093 -25.337942 -204.861206
v -30.757580 -25.337942 -204.415741
v -30.567989 -31.828838 -204.336823
v -34.966152 -25.337942 -204.466095
v -35.056805 -25.337942 -204.853699
v -35.155758 -31.828838 -204.747162
v -35.155758 -31.828838 -204.336823
v -31.568737 -31.828842 -213.683899
v -31.831417 -25.337942 -213.611481
v -30.909557 -25.337944 -213.594208
v -30.719921 -31.828842 -213.649323
v -31.528759 -18.922016 -213.172211
v -31.668972 -18.922016 -213.213928
v -31.668972 -18.922016 -212.926056
v -31.528759 -18.922016 -212.926697
v -31.237453 -18.612782 -204.466644
v -32.094082 -18.612782 -204.466644
v -32.094082 -18.847038 -204.404510
v -31.099209 -18.847038 -204.404510
v -31.085186 -18.612783 -213.327637
v -31.085186 -18.612783 -212.971222
v -30.947186 -18.847040 -212.971863
v -30.947186 -18.847040 -213.388489
v -34.638546 -18.612782 -204.555511
v -34.638546 -18.612782 -204.960266
v -34.776546 -18.847038 -204.960266
v -34.776546 -18.847038 -204.494659
v -34.486294 -18.612783 -213.416534
v -33.629299 -18.612783 -213.416534
v -33.629299 -18.847040 -213.478638
v -34.624538 -18.847040 -213.478638
v -34.676571 -25.337942 -204.319183
v -33.891979 -25.337942 -204.319183
v -32.896267 -18.938713 -204.404510
v -34.624538 -18.847038 -204.404510
v -31.085186 -18.612782 -204.960266
v -31.386135 -18.509390 -204.960266
v -31.386135 -18.509390 -204.679199
v -31.085186 -18.612782 -204.555511
v -32.094082 -18.612782 -213.416534
v -32.094082 -18.509392 -213.281067
v -31.538326 -18.509392 -213.281067
v -31.237453 -18.612783 -213.416534
v -34.638546 -18.647236 -212.950348
v -34.337597 -18.543844 -212.951721
v -34.337597 -18.509392 -213.203979
v -34.638546 -18.612783 -213.327637
v -32.896267 -18.704456 -204.466644
v -32.896267 -18.601065 -204.602081
v -34.185421 -18.509390 -204.602081
v -34.486294 -18.612782 -204.466644
v -31.528759 -18.922014 -205.001526
v -31.528759 -18.922014 -204.712708
v -32.182064 -18.922016 -213.213928
v -34.178005 -18.956469 -212.910004
v -34.178005 -18.922016 -213.172211
v -32.847881 -19.013689 -204.670990
v -34.037792 -18.922014 -204.670990
v -30.757580 -25.337944 -213.497620
v -30.567989 -31.828842 -213.546326
v -30.947186 -18.847038 -204.494659
v -34.703365 -31.828838 -204.196136
v -34.776546 -18.847040 -213.388489
v -31.099209 -18.847040 -213.478638
v -30.909557 -25.337942 -204.319183
v -34.814175 -25.337940 -213.594208
v -34.966152 -25.337940 -213.497620
v -31.538326 -18.509390 -204.602081
v -31.386135 -18.509392 -213.203979
v -34.185421 -18.509392 -213.281067
v -34.337597 -18.509390 -204.679199
v -31.668972 -18.922014 -204.670990
v -34.037792 -18.922016 -213.213928
v -34.178005 -18.922014 -204.712708
v -35.003826 -31.828838 -213.649323
v -33.891979 -25.337942 -213.594208
v -34.154659 -31.828838 -213.649323
v -34.038448 -18.956469 -212.910645
v -33.524349 -18.956469 -212.913025
v -33.524349 -18.922016 -213.213928
v -32.094082 -18.847040 -213.478638
v -31.568737 -31.828838 -204.202515
v -31.831417 -25.337942 -204.319183
v -34.154659 -31.828838 -204.233826
v -33.629299 -18.509392 -213.281067
v -32.094082 -18.509390 -204.602081
v -32.182064 -18.922014 -204.670990
v -32.182064 -18.922016 -212.923676
v -30.719921 -31.828838 -204.233826
v -30.567989 -31.828842 -213.191772
v -30.757580 -25.337944 -213.081818
v -34.776546 -18.881493 -212.949707
v -34.920757 -25.337940 -212.788635
v -31.668972 -18.922014 -205.001526
v -30.947186 -18.847038 -204.960266
v -31.386135 -18.509392 -212.969818
v -34.337597 -18.509390 -204.960266
v -34.178005 -18.922014 -205.001526
v -32.847881 -19.013689 -205.001526
v -34.037975 -18.931664 -205.001526
v -32.182064 -18.922014 -205.001526
v -35.155758 -31.828842 -213.484802
v -35.064968 -31.828842 -212.627563
v -22.618156 -21.030880 -181.707977
v -23.026192 -13.307694 -181.687225
v -22.931686 -13.307693 -181.241760
v -22.742081 -21.030880 -181.162842
v -27.140251 -13.307693 -181.292114
v -27.230896 -13.307693 -181.679718
v -27.329857 -21.030880 -181.573151
v -27.329857 -21.030880 -181.162842
v -23.742836 -21.030882 -190.509888
v -24.005508 -13.307693 -190.437500
v -23.083656 -13.307694 -190.420227
v -22.894012 -21.030882 -190.475342
v -23.702858 -5.673709 -189.998199
v -23.843063 -5.673709 -190.039917
v -23.843063 -5.673709 -189.752045
v -23.702858 -5.673709 -189.752716
v -23.411552 -5.305769 -181.292633
v -24.268181 -5.305769 -181.292633
v -24.268181 -5.584498 -181.230530
v -23.273308 -5.584498 -181.230530
v -23.259285 -5.305769 -190.153656
v -23.259285 -5.305769 -189.797211
v -23.121292 -5.584499 -189.797852
v -23.121284 -5.584499 -190.214478
v -26.812653 -5.305769 -181.381500
v -26.812653 -5.305769 -181.786285
v -26.950645 -5.584498 -181.786285
v -26.950645 -5.584498 -181.320679
v -26.660385 -5.305769 -190.242523
v -25.803398 -5.305769 -190.242523
v -25.803398 -5.584499 -190.304626
v -26.798637 -5.584499 -190.304626
v -26.850677 -13.307693 -181.145172
v -26.066078 -13.307693 -181.145172
v -25.070366 -5.693577 -181.230530
v -26.798637 -5.584498 -181.230530
v -23.259285 -5.305769 -181.786285
v -23.560242 -5.182747 -181.786285
v -23.560242 -5.182747 -181.505188
v -23.259285 -5.305769 -181.381500
v -24.268181 -5.305767 -190.242523
v -24.268181 -5.182749 -190.107056
v -23.712418 -5.182749 -190.107056
v -23.411552 -5.305769 -190.242523
v -26.812653 -5.346763 -189.776337
v -26.511696 -5.223742 -189.777740
v -26.511696 -5.182749 -190.029968
v -26.812653 -5.305769 -190.153656
v -25.070366 -5.414847 -181.292633
v -25.070366 -5.291826 -181.428101
v -26.359520 -5.182747 -181.428101
v -26.660393 -5.305769 -181.292633
v -23.702858 -5.673708 -181.827545
v -23.702858 -5.673708 -181.538727
v -24.356171 -5.673709 -190.039917
v -26.352097 -5.714703 -189.735992
v -26.352097 -5.673709 -189.998199
v -25.021980 -5.782787 -181.496979
v -26.211891 -5.673708 -181.496979
v -22.931686 -13.307694 -190.323639
v -22.742081 -21.030882 -190.372314
v -23.121292 -5.584498 -181.320679
v -26.877457 -21.030880 -181.022125
v -26.950645 -5.584499 -190.214478
v -23.273308 -5.584499 -190.304626
v -23.083656 -13.307694 -181.145172
v -26.988281 -13.307692 -190.420227
v -27.140251 -13.307692 -190.323639
v -23.712418 -5.182747 -181.428101
v -23.560242 -5.182749 -190.029968
v -26.359520 -5.182749 -190.107056
v -26.511696 -5.182747 -181.505188
v -23.843063 -5.673708 -181.496979
v -26.211891 -5.673709 -190.039917
v -26.352097 -5.673708 -181.538727
v -27.177925 -21.030880 -190.475342
v -26.066078 -13.307693 -190.420227
v -26.328751 -21.030880 -190.475342
v -26.212547 -5.714703 -189.736664
v -25.698448 -5.714703 -189.739014
v -25.698448 -5.673709 -190.039917
v -24.268181 -5.584499 -190.304626
v -23.742836 -21.030880 -181.028534
v -24.005508 -13.307694 -181.145172
v -26.328743 -21.030880 -181.059814
v -25.803398 -5.182749 -190.107056
v -24.268181 -5.182747 -181.428101
v -24.356171 -5.673708 -181.496979
v -24.356171 -5.673709 -189.749695
v -22.894020 -21.030880 -181.059814
v -22.742081 -21.030882 -190.017761
v -22.931686 -13.307694 -189.907806
v -26.950645 -5.625492 -189.775696
v -27.094856 -13.307692 -189.614655
v -23.843063 -5.673708 -181.827545
v -23.121292 -5.584498 -181.786285
v -23.560242 -5.182749 -189.795837
v -26.511696 -5.182747 -181.786285
v -26.352097 -5.673708 -181.827545
v -25.021980 -5.782787 -181.827545
v -26.212074 -5.685190 -181.827545
v -24.356171 -5.673708 -181.827545
v -27.329857 -21.030882 -190.310791
v -27.239059 -21.030882 -189.453583
v -30.443855 -31.829041 -188.859497
v -30.851894 -25.338142 -188.837128
v -30.757381 -25.338142 -188.356903
v -30.567791 -31.829041 -188.271851
v -34.965954 -25.338142 -188.411194
v -35.056606 -25.338142 -188.829041
v -35.155560 -31.829041 -188.714142
v -35.155560 -31.829041 -188.271851
v -31.568539 -31.829041 -198.347839
v -31.831203 -25.338142 -198.269806
v -30.909359 -25.338144 -198.251160
v -30.719723 -31.829041 -198.310577
v -31.528561 -18.922216 -197.796234
v -31.668774 -18.922216 -197.841217
v -31.668774 -18.922216 -197.530884
v -31.528561 -18.922216 -197.531586
v -31.237255 -18.612984 -188.411774
v -32.093884 -18.612984 -188.411774
v -32.093884 -18.847240 -188.344788
v -31.099010 -18.847240 -188.344788
v -31.084988 -18.612984 -197.963806
v -31.084988 -18.612984 -197.579590
v -30.946987 -18.847240 -197.580261
v -30.946987 -18.847240 -198.029388
v -34.638363 -18.612984 -188.507568
v -34.638363 -18.612984 -188.943909
v -34.776348 -18.847240 -188.943909
v -34.776348 -18.847240 -188.441986
v -34.486095 -18.612984 -198.059631
v -33.629101 -18.612984 -198.059631
v -33.629101 -18.847240 -198.126587
v -34.624340 -18.847240 -198.126587
v -34.676388 -25.338142 -188.252808
v -33.891781 -25.338142 -188.252808
v -32.896069 -18.938913 -188.344788
v -34.624340 -18.847240 -188.344788
v -31.084988 -18.612984 -188.943909
v -31.385952 -18.509590 -188.943909
v -31.385952 -18.509590 -188.640900
v -31.084988 -18.612984 -188.507568
v -32.093884 -18.612982 -198.059631
v -32.093884 -18.509592 -197.913574
v -31.538128 -18.509592 -197.913574
v -31.237255 -18.612984 -198.059631
v -34.638363 -18.647436 -197.557068
v -34.337399 -18.544044 -197.558563
v -34.337399 -18.509592 -197.830475
v -34.638363 -18.612984 -197.963806
v -32.896069 -18.704659 -188.411774
v -32.896069 -18.601265 -188.557800
v -34.185223 -18.509590 -188.557800
v -34.486095 -18.612984 -188.411774
v -31.528561 -18.922215 -188.988373
v -31.528561 -18.922215 -188.677032
v -32.181881 -18.922216 -197.841217
v -34.177807 -18.956669 -197.513580
v -34.177807 -18.922216 -197.796234
v -32.847683 -19.013889 -188.632050
v -34.037594 -18.922215 -188.632050
v -30.757381 -25.338144 -198.147064
v -30.567791 -31.829041 -198.199524
v -30.946987 -18.847240 -188.441986
v -34.703167 -31.829037 -188.120178
v -34.776348 -18.847240 -198.029388
v -31.099010 -18.847240 -198.126587
v -30.909359 -25.338142 -188.252808
v -34.813992 -25.338140 -198.251160
v -34.965954 -25.338140 -198.147064
v -31.538128 -18.509590 -188.557800
v -31.385952 -18.509592 -197.830475
v -34.185223 -18.509592 -197.913574
v -34.337399 -18.509590 -188.640900
v -31.668774 -18.922215 -188.632050
v -34.037594 -18.922216 -197.841217
v -34.177807 -18.922215 -188.677032
v -35.003628 -31.829041 -198.310577
v -33.891781 -25.338142 -198.251160
v -34.154446 -31.829041 -198.310577
v -34.038250 -18.956669 -197.514282
v -33.524151 -18.956669 -197.516846
v -33.524151 -18.922216 -197.841217
v -32.093884 -18.847240 -198.126587
v -31.568539 -31.829041 -188.127045
v -31.831203 -25.338142 -188.252808
v -34.154446 -31.829037 -188.160797
v -33.629101 -18.509592 -197.913574
v -32.093884 -18.509590 -188.557800
v -32.181881 -18.922215 -188.632050
v -32.181881 -18.922216 -197.528351
v -30.719723 -31.829041 -188.160797
v -30.567791 -31.829041 -197.817352
v -30.757381 -25.338144 -197.698792
v -34.776348 -18.881693 -197.556396
v -34.920559 -25.338140 -197.382751
v -31.668774 -18.922215 -188.988373
v -30.946987 -18.847240 -188.943909
v -31.385952 -18.509592 -197.578094
v -34.337399 -18.509590 -188.943909
v -34.177807 -18.922215 -188.988373
v -32.847683 -19.013889 -188.988373
v -34.037777 -18.931866 -188.988373
v -32.181881 -18.922215 -188.988373
v -35.155560 -31.829041 -198.133209
v -35.064770 -31.829041 -197.209137
v 101.528915 -31.828838 -173.238861
v 101.549698 -25.337940 -172.830811
v 101.995163 -25.337940 -172.925323
v 102.074081 -31.828838 -173.114929
v 101.944809 -25.337940 -168.716766
v 101.557190 -25.337940 -168.626099
v 101.663757 -31.828838 -168.527161
v 102.074081 -31.828838 -168.527161
v 92.727020 -31.828838 -172.114166
v 92.799416 -25.337940 -171.851501
v 92.816704 -25.337942 -172.773346
v 92.761581 -31.828838 -172.962982
v 93.238716 -18.922014 -172.154144
v 93.196991 -18.922014 -172.013947
v 93.484856 -18.922014 -172.013947
v 93.484207 -18.922014 -172.154144
v 101.944275 -18.612782 -172.445465
v 101.944275 -18.612782 -171.588837
v 102.006393 -18.847038 -171.588837
v 102.006393 -18.847038 -172.583710
v 93.083260 -18.612782 -172.597717
v 93.439697 -18.612782 -172.597717
v 93.439056 -18.847038 -172.735718
v 93.022423 -18.847038 -172.735718
v 101.855408 -18.612782 -169.044342
v 101.450638 -18.612782 -169.044342
v 101.450638 -18.847038 -168.906372
v 101.916245 -18.847038 -168.906372
v 92.994385 -18.612782 -169.196625
v 92.994385 -18.612782 -170.053619
v 92.932274 -18.847038 -170.053619
v 92.932274 -18.847038 -169.058380
v 102.091736 -25.337940 -169.006317
v 102.091736 -25.337940 -169.790924
v 102.006393 -18.938711 -170.786652
v 102.006393 -18.847038 -169.058380
v 101.450638 -18.612782 -172.597717
v 101.450638 -18.509388 -172.296783
v 101.731720 -18.509388 -172.296783
v 101.855408 -18.612782 -172.597717
v 92.994385 -18.612780 -171.588837
v 93.129852 -18.509390 -171.588837
v 93.129852 -18.509390 -172.144592
v 92.994385 -18.612782 -172.445465
v 93.460571 -18.647234 -169.044373
v 93.459183 -18.543842 -169.345306
v 93.206947 -18.509390 -169.345306
v 93.083260 -18.612782 -169.044373
v 101.944275 -18.704456 -170.786652
v 101.808807 -18.601063 -170.786652
v 101.808807 -18.509388 -169.497498
v 101.944275 -18.612782 -169.196625
v 101.409378 -18.922012 -172.154144
v 101.698196 -18.922012 -172.154144
v 93.196991 -18.922014 -171.500824
v 93.500908 -18.956467 -169.504913
v 93.238716 -18.922014 -169.504913
v 101.739914 -19.013687 -170.835022
v 101.739914 -18.922012 -169.645111
v 92.913284 -25.337942 -172.925323
v 92.864594 -31.828838 -173.114929
v 101.916245 -18.847038 -172.735718
v 102.214783 -31.828835 -168.979553
v 93.022423 -18.847038 -168.906372
v 92.932274 -18.847038 -172.583710
v 102.091736 -25.337940 -172.773346
v 92.816704 -25.337938 -168.868744
v 92.913284 -25.337938 -168.716766
v 101.808807 -18.509388 -172.144592
v 93.206947 -18.509390 -172.296783
v 93.129852 -18.509390 -169.497498
v 101.731720 -18.509388 -169.345306
v 101.739914 -18.922012 -172.013947
v 93.196991 -18.922014 -169.645111
v 101.698196 -18.922012 -169.504913
v 92.761581 -31.828838 -168.679077
v 92.816704 -25.337940 -169.790924
v 92.761581 -31.828838 -169.528259
v 93.500267 -18.956467 -169.644470
v 93.497887 -18.956467 -170.158569
v 93.196991 -18.922014 -170.158569
v 92.932274 -18.847038 -171.588837
v 102.208389 -31.828838 -172.114166
v 102.091736 -25.337940 -171.851501
v 102.177078 -31.828835 -169.528259
v 93.129852 -18.509390 -170.053619
v 101.808807 -18.509388 -171.588837
v 101.739914 -18.922012 -171.500824
v 93.487228 -18.922014 -171.500824
v 102.177078 -31.828838 -172.962982
v 93.219139 -31.828838 -173.114929
v 93.329102 -25.337942 -172.925323
v 93.461212 -18.881491 -168.906372
v 93.622276 -25.337938 -168.762146
v 101.409378 -18.922012 -172.013947
v 101.450638 -18.847038 -172.735718
v 93.441086 -18.509390 -172.296783
v 101.450638 -18.509388 -169.345306
v 101.409378 -18.922012 -169.504913
v 101.409378 -19.013687 -170.835022
v 101.409378 -18.931664 -169.644928
v 101.409378 -18.922012 -171.500824
v 92.926117 -31.828838 -168.527161
v 93.783340 -31.828838 -168.617950
vn -0.9946 0.0403 -0.0957
vn -0.9943 0.0329 0.1019
vn -0.9194 0.0359 -0.3918
vn -0.8262 0.0260 -0.5628
vn 0.7876 0.0193 -0.6158
vn 0.9943 0.0232 -0.1045
vn 0.9998 0.0185 0.0020
vn 0.8052 0.0297 -0.5923
vn -0.0134 0.0086 0.9999
vn -0.0052 0.0128 0.9999
vn -0.2872 0.0085 0.9578
vn 0.0885 0.0012 0.9961
vn 0.5572 0.6895 -0.4626
vn 0.0951 0.7297 -0.6771
vn -0.0000 1.0000 -0.0000
vn 0.6004 0.7997 -0.0000
vn -0.2489 0.4101 -0.8774
vn 0.0383 0.4678 -0.8830
vn 0.0084 0.1194 -0.9928
vn -0.1069 0.4686 -0.8769
vn -0.6871 0.6144 0.3878
vn -0.6831 0.7303 -0.0000
vn -0.9712 0.2383 -0.0015
vn -0.8455 0.2423 0.4759
vn 0.6872 0.6143 -0.3878
vn 0.8477 0.5305 0.0020
vn 0.9699 0.2436 0.0028
vn 0.8435 0.2429 -0.4790
vn 0.2489 0.4101 0.8774
vn -0.0000 0.2813 0.9596
vn 0.0004 0.1173 0.9931
vn 0.1069 0.4660 0.8783
vn 0.2374 0.0122 -0.9713
vn -0.0001 0.0131 -0.9999
vn 0.0035 0.1083 -0.9941
vn 0.1902 0.2380 -0.9525
vn -0.6813 0.7320 -0.0000
vn 0.4350 0.9004 -0.0000
vn 0.1896 0.9792 0.0725
vn -0.4981 0.7546 -0.4273
vn -0.0000 0.5180 0.8554
vn -0.0000 0.9398 -0.3418
vn 0.1644 0.9655 -0.2019
vn -0.2752 0.7100 0.6482
vn 0.6913 0.7210 -0.0490
vn -0.4353 0.8973 -0.0734
vn -0.1531 0.9792 -0.1332
vn 0.5168 0.7661 0.3822
vn -0.0475 0.4862 -0.8725
vn 0.0233 0.9320 0.3616
vn -0.2150 0.9644 0.1538
vn 0.2507 0.7038 -0.6646
vn 0.5582 0.7020 0.4422
vn -0.0000 0.7535 -0.6575
vn -0.5734 0.8171 -0.0604
vn -0.5558 0.6675 -0.4954
vn 0.0299 0.7745 0.6319
vn -0.1276 0.7101 0.6924
vn -0.8756 0.0268 0.4822
vn -0.8841 0.0246 0.4667
vn -0.8474 0.2376 -0.4748
vn 0.1325 0.0161 -0.9911
vn 0.8490 0.2483 0.4664
vn -0.2171 0.5119 0.8312
vn -0.2726 0.0175 -0.9620
vn 0.2722 0.0146 0.9621
vn 0.8903 0.0260 0.4546
vn 0.1589 0.9634 0.2161
vn 0.1792 0.9815 -0.0667
vn -0.1616 0.9637 -0.2127
vn -0.1708 0.9835 0.0599
vn 0.0827 0.7363 0.6716
vn -0.0871 0.6929 -0.7158
vn -0.5529 0.6894 0.4681
vn 0.3977 0.0129 0.9174
vn 0.0042 0.0112 0.9999
vn 0.0061 0.0079 1.0000
vn -0.0053 0.9974 -0.0717
vn 0.0162 0.9974 -0.0700
vn 0.0080 0.7104 -0.7037
vn -0.0004 0.1174 0.9931
vn -0.0139 0.0143 -0.9998
vn -0.0006 0.0122 -0.9999
vn -0.0291 0.0101 -0.9995
vn 0.0618 0.9425 0.3286
vn 0.0614 0.7378 0.6722
vn 0.0086 1.0000 -0.0048
vn -0.3061 0.0198 -0.9518
vn -0.9995 0.0312 0.0006
vn -0.9997 0.0245 -0.0057
vn 0.9729 0.2311 -0.0118
vn 0.9994 0.0225 -0.0263
vn -0.9723 0.2338 -0.0000
vn -0.4202 0.9074 0.0023
vn -0.6207 0.7840 0.0021
vn 0.0444 0.9990 -0.0052
vn -0.0784 0.9969 0.0119
vn 0.0776 0.9970 -0.0050
vn 0.9494 0.0208 0.3134
vn 0.9988 0.0181 -0.0448
vn 0.0035 0.1084 -0.9941
vn -0.0475 0.4863 -0.8725
vn 0.1792 0.9816 -0.0666
vn 0.6913 0.7209 -0.0490
vn -0.8474 0.2376 -0.4747
vn 0.1792 0.9816 -0.0667
vn 0.6871 0.6144 -0.3878
vn 0.8476 0.5306 0.0020
vn 0.9699 0.2437 0.0028
vn 0.2490 0.4101 0.8774
vn 0.1901 0.2380 -0.9525
vn 0.5168 0.7661 0.3821
vn 0.2507 0.7039 -0.6646
vn -0.0872 0.6929 -0.7158
vn 0.0957 0.0403 -0.9946
vn -0.1018 0.0329 -0.9943
vn 0.3917 0.0359 -0.9194
vn 0.5628 0.0260 -0.8262
vn 0.6158 0.0193 0.7876
vn 0.1045 0.0232 0.9943
vn -0.0020 0.0185 0.9998
vn 0.5923 0.0297 0.8052
vn -0.9999 0.0086 -0.0134
vn -0.9999 0.0128 -0.0052
vn -0.9578 0.0085 -0.2873
vn -0.9961 0.0012 0.0885
vn 0.4626 0.6895 0.5572
vn 0.6771 0.7297 0.0951
vn -0.0000 0.7997 0.6004
vn 0.8774 0.4101 -0.2489
vn 0.8830 0.4678 0.0383
vn 0.9928 0.1194 0.0084
vn 0.8769 0.4686 -0.1069
vn -0.3878 0.6144 -0.6871
vn -0.0000 0.7303 -0.6831
vn 0.0015 0.2383 -0.9712
vn -0.4759 0.2423 -0.8455
vn 0.3878 0.6143 0.6872
vn -0.0020 0.5305 0.8477
vn -0.0028 0.2436 0.9699
vn 0.4790 0.2429 0.8435
vn -0.8774 0.4101 0.2489
vn -0.9596 0.2813 -0.0000
vn -0.9931 0.1173 0.0004
vn -0.8783 0.4660 0.1069
vn 0.9713 0.0122 0.2375
vn 0.9999 0.0131 -0.0001
vn 0.9941 0.1083 0.0035
vn 0.9525 0.2380 0.1901
vn -0.0000 0.7320 -0.6813
vn -0.0000 0.9004 0.4350
vn -0.0725 0.9792 0.1896
vn 0.4273 0.7546 -0.4980
vn -0.8554 0.5180 -0.0000
vn 0.3418 0.9398 -0.0000
vn 0.2019 0.9655 0.1644
vn -0.6482 0.7100 -0.2752
vn 0.0490 0.7210 0.6913
vn 0.0734 0.8973 -0.4353
vn 0.1332 0.9792 -0.1531
vn -0.3822 0.7661 0.5168
vn 0.8725 0.4863 -0.0475
vn -0.3616 0.9320 0.0233
vn -0.1538 0.9644 -0.2150
vn 0.6646 0.7039 0.2507
vn -0.4423 0.7020 0.5582
vn 0.6575 0.7535 -0.0000
vn 0.0605 0.8171 -0.5734
vn 0.4954 0.6675 -0.5558
vn -0.6319 0.7745 0.0299
vn -0.6924 0.7101 -0.1276
vn -0.4822 0.0268 -0.8756
vn -0.4667 0.0246 -0.8841
vn 0.4748 0.2376 -0.8474
vn 0.9911 0.0161 0.1325
vn -0.4663 0.2483 0.8490
vn -0.8312 0.5119 -0.2171
vn 0.9620 0.0175 -0.2726
vn -0.9621 0.0146 0.2722
vn -0.4546 0.0260 0.8903
vn -0.2161 0.9634 0.1588
vn 0.0666 0.9816 0.1792
vn 0.2127 0.9637 -0.1616
vn -0.0599 0.9835 -0.1708
vn -0.6716 0.7363 0.0827
vn 0.7158 0.6929 -0.0872
vn -0.4681 0.6894 -0.5529
vn -0.9174 0.0129 0.3977
vn -0.9999 0.0112 0.0042
vn -1.0000 0.0079 0.0061
vn 0.0717 0.9974 -0.0053
vn 0.0700 0.9974 0.0162
vn 0.7037 0.7104 0.0080
vn -0.9931 0.1175 -0.0004
vn 0.9998 0.0143 -0.0139
vn 0.9999 0.0122 -0.0006
vn 0.9995 0.0101 -0.0291
vn -0.3286 0.9424 0.0618
vn -0.6722 0.7378 0.0614
vn 0.0048 1.0000 0.0086
vn 0.9518 0.0198 -0.3061
vn -0.0006 0.0312 -0.9995
vn 0.0057 0.0245 -0.9997
vn 0.0118 0.2311 0.9729
vn 0.0263 0.0225 0.9994
vn -0.0000 0.2338 -0.9723
vn -0.0023 0.9074 -0.4202
vn -0.0021 0.7840 -0.6207
vn 0.0052 0.9990 0.0444
vn -0.0119 0.9969 -0.0784
vn 0.0050 0.9970 0.0776
vn -0.3134 0.0208 0.9494
vn 0.0448 0.0181 0.9988
vn 0.0941 0.0481 -0.9944
vn -0.1020 0.0394 -0.9940
vn 0.3926 0.0426 -0.9187
vn 0.5625 0.0310 -0.8262
vn 0.6155 0.0230 0.7878
vn 0.1042 0.0275 0.9942
vn -0.0013 0.0220 0.9998
vn 0.5921 0.0353 0.8051
vn -0.9999 0.0102 -0.0134
vn -0.9999 0.0152 -0.0052
vn -0.9578 0.0120 -0.2870
vn -0.9961 0.0040 0.0879
vn 0.4584 0.7056 0.5403
vn 0.6665 0.7397 0.0924
vn -0.0000 0.8145 0.5802
vn 0.8567 0.4608 -0.2318
vn 0.8529 0.5209 0.0355
vn 0.9901 0.1402 0.0082
vn 0.8673 0.4901 -0.0871
vn -0.3676 0.6630 -0.6522
vn -0.0000 0.7731 -0.6343
vn 0.0017 0.2756 -0.9613
vn -0.4711 0.2765 -0.8376
vn 0.3676 0.6630 0.6522
vn -0.0018 0.5848 0.8112
vn -0.0031 0.2819 0.9595
vn 0.4749 0.2772 0.8353
vn -0.8567 0.4607 0.2318
vn -0.9405 0.3398 -0.0000
vn -0.9903 0.1386 0.0004
vn -0.8686 0.4878 0.0873
vn 0.9713 0.0149 0.2375
vn 0.9999 0.0155 -0.0001
vn 0.9916 0.1293 0.0036
vn 0.9444 0.2683 0.1899
vn -0.0000 0.7746 -0.6324
vn -0.0000 0.8989 0.4381
vn -0.0831 0.9759 0.2016
vn 0.4072 0.7908 -0.4569
vn -0.8212 0.5706 -0.0000
vn 0.3698 0.9291 -0.0000
vn 0.2282 0.9605 0.1593
vn -0.6137 0.7463 -0.2576
vn 0.0445 0.7662 0.6410
vn 0.0618 0.8993 -0.4329
vn 0.1328 0.9766 -0.1690
vn -0.3670 0.7997 0.4751
vn 0.8390 0.5420 -0.0485
vn -0.3863 0.9222 0.0189
vn -0.1805 0.9626 -0.2020
vn 0.6306 0.7396 0.2351
vn -0.4343 0.7199 0.5415
vn 0.6478 0.7618 -0.0000
vn 0.0516 0.8311 -0.5537
vn 0.4811 0.6944 -0.5351
vn -0.6261 0.7794 0.0254
vn -0.6783 0.7250 -0.1195
vn -0.4823 0.0319 -0.8754
vn -0.4664 0.0293 -0.8841
vn 0.4698 0.2711 -0.8401
vn 0.9909 0.0192 0.1333
vn -0.4620 0.2822 0.8408
vn -0.8192 0.5392 -0.1955
vn 0.9619 0.0208 -0.2726
vn -0.9621 0.0179 0.2721
vn -0.4549 0.0310 0.8900
vn -0.2447 0.9575 0.1529
vn 0.0782 0.9786 0.1905
vn 0.2407 0.9580 -0.1558
vn -0.0706 0.9809 -0.1810
vn -0.6606 0.7466 0.0787
vn 0.6987 0.7107 -0.0821
vn -0.4624 0.7084 -0.5333
vn -0.9172 0.0154 0.3982
vn -0.9999 0.0133 0.0042
vn -0.9999 0.0094 0.0060
vn 0.0604 0.9982 -0.0045
vn 0.0590 0.9982 0.0137
vn 0.6874 0.7262 0.0067
vn -0.9903 0.1388 -0.0004
vn 0.9998 0.0170 -0.0142
vn 0.9999 0.0145 -0.0008
vn 0.9995 0.0120 -0.0293
vn -0.3575 0.9325 0.0516
vn -0.6591 0.7502 0.0528
vn 0.0040 1.0000 0.0073
vn 0.9516 0.0235 -0.3064
vn 0.0001 0.0362 -0.9993
vn 0.0057 0.0291 -0.9996
vn 0.0119 0.2685 0.9632
vn 0.0267 0.0265 0.9993
vn -0.0000 0.2701 -0.9628
vn -0.0019 0.9069 -0.4214
vn -0.0018 0.8047 -0.5937
vn 0.0043 0.9993 0.0375
vn -0.0100 0.9978 -0.0659
vn 0.0042 0.9979 0.0654
vn -0.3131 0.0248 0.9494
vn 0.0445 0.0218 0.9988
vn 0.6159 0.0193 0.7876
vn -0.9578 0.0085 -0.2872
vn 0.9713 0.0122 0.2374
vn 0.9525 0.2380 0.1902
vn 0.6646 0.7038 0.2507
vn -0.4422 0.7020 0.5582
vn -0.9622 0.0146 0.2721
vn -0.4547 0.0260 0.8903
vn 0.0667 0.9816 0.1792
vn -0.4681 0.6893 -0.5529
vn 0.3925 0.0426 -0.9188
vn 0.4584 0.7057 0.5403
vn 0.8567 0.4607 -0.2318
vn 0.4748 0.2772 0.8353
vn -0.8567 0.4608 0.2318
vn -0.0832 0.9759 0.2017
vn -0.1806 0.9626 -0.2020
vn -0.4343 0.7199 0.5414
vn 0.0603 0.9982 -0.0045
vn 0.4273 0.7546 -0.4981
vn -0.4664 0.2483 0.8490
vn -0.9621 0.0146 0.2721
vn 0.7158 0.6929 -0.0871
vn -0.9579 0.0120 -0.2870
vn 0.0868 0.0482 -0.9951
vn -0.0949 0.0396 -0.9947
vn 0.3834 0.0428 -0.9226
vn 0.5416 0.0316 -0.8400
vn 0.5968 0.0235 0.8021
vn 0.0968 0.0275 0.9949
vn -0.0008 0.0220 0.9998
vn 0.5837 0.0362 0.8111
vn -0.9998 0.0110 -0.0144
vn -0.9998 0.0164 -0.0056
vn -0.9525 0.0135 -0.3041
vn -0.9975 0.0051 0.0706
vn 0.4481 0.7091 0.5445
vn 0.6627 0.7423 0.0989
vn 0.8466 0.4763 -0.2376
vn 0.8383 0.5440 0.0368
vn 0.9886 0.1505 0.0088
vn 0.8579 0.5036 -0.1022
vn -0.3510 0.6695 -0.6547
vn 0.0017 0.2757 -0.9613
vn -0.4584 0.2804 -0.8434
vn 0.3510 0.6695 0.6547
vn -0.0016 0.5850 0.8110
vn -0.0030 0.2819 0.9594
vn 0.4623 0.2809 0.8410
vn -0.8465 0.4763 0.2376
vn -0.9310 0.3650 -0.0000
vn -0.9889 0.1489 0.0005
vn -0.8591 0.5014 0.1025
vn 0.9674 0.0161 0.2526
vn 0.9999 0.0167 -0.0002
vn 0.9903 0.1389 0.0039
vn 0.9382 0.2793 0.2041
vn -0.0935 0.9739 0.2070
vn 0.3907 0.7970 -0.4606
vn -0.8052 0.5930 -0.0000
vn 0.3807 0.9247 -0.0000
vn 0.2313 0.9597 0.1598
vn -0.5969 0.7578 -0.2636
vn 0.0420 0.7668 0.6406
vn 0.0574 0.9000 -0.4320
vn 0.1392 0.9746 -0.1752
vn -0.3531 0.8042 0.4782
vn 0.8238 0.5648 -0.0480
vn -0.3972 0.9175 0.0188
vn -0.1840 0.9621 -0.2014
vn 0.6145 0.7514 0.2406
vn -0.4225 0.7238 0.5455
vn 0.6431 0.7658 -0.0000
vn 0.0479 0.8308 -0.5545
vn 0.4665 0.7010 -0.5394
vn -0.6214 0.7831 0.0254
vn -0.6733 0.7286 -0.1260
vn -0.4672 0.0324 -0.8836
vn -0.4510 0.0297 -0.8920
vn 0.4572 0.2749 -0.8458
vn 0.9897 0.0207 0.1420
vn -0.4500 0.2853 0.8462
vn -0.8072 0.5513 -0.2112
vn 0.9570 0.0222 -0.2891
vn -0.9573 0.0192 0.2885
vn -0.4416 0.0315 0.8967
vn -0.2484 0.9564 0.1537
vn 0.0892 0.9767 0.1952
vn 0.2443 0.9570 -0.1565
vn -0.0817 0.9793 -0.1854
vn -0.6565 0.7496 0.0843
vn 0.6919 0.7167 -0.0874
vn -0.4516 0.7123 -0.5372
vn -0.9096 0.0163 0.4152
vn -0.9999 0.0144 0.0045
vn -0.9999 0.0101 0.0065
vn 0.0561 0.9984 -0.0042
vn 0.0547 0.9984 0.0136
vn 0.6799 0.7332 0.0066
vn -0.9888 0.1491 -0.0005
vn 0.9997 0.0184 -0.0153
vn 0.9999 0.0156 -0.0008
vn 0.9994 0.0129 -0.0316
vn -0.3681 0.9284 0.0514
vn -0.6541 0.7546 0.0532
vn 0.9456 0.0251 -0.3244
vn 0.0004 0.0358 -0.9994
vn 0.0053 0.0291 -0.9996
vn 0.0111 0.2689 0.9631
vn 0.0249 0.0264 0.9993
vn -0.0000 0.8989 0.4382
vn -0.0018 0.9069 -0.4214
vn -0.0017 0.8047 -0.5937
vn 0.0040 0.9993 0.0372
vn -0.0091 0.9978 -0.0662
vn 0.0039 0.9978 0.0656
vn -0.2992 0.0249 0.9539
vn 0.0412 0.0219 0.9989
vn 0.9944 0.0481 0.0941
vn 0.9940 0.0394 -0.1020
vn 0.9187 0.0426 0.3925
vn 0.8262 0.0310 0.5625
vn -0.7878 0.0230 0.6155
vn -0.9942 0.0275 0.1042
vn -0.9998 0.0220 -0.0013
vn -0.8051 0.0353 0.5921
vn 0.0134 0.0102 -0.9999
vn 0.0052 0.0152 -0.9999
vn 0.2870 0.0120 -0.9578
vn -0.0880 0.0040 -0.9961
vn -0.5403 0.7057 0.4584
vn -0.0924 0.7397 0.6665
vn -0.5802 0.8145 -0.0000
vn 0.2318 0.4608 0.8567
vn -0.0355 0.5209 0.8529
vn -0.0082 0.1402 0.9901
vn 0.0871 0.4901 0.8673
vn 0.6522 0.6630 -0.3676
vn 0.6343 0.7731 -0.0000
vn 0.9613 0.2756 0.0017
vn 0.8376 0.2765 -0.4711
vn -0.6522 0.6630 0.3676
vn -0.8111 0.5848 -0.0018
vn -0.9594 0.2819 -0.0031
vn -0.8353 0.2772 0.4748
vn -0.2318 0.4607 -0.8567
vn -0.0000 0.3398 -0.9405
vn -0.0004 0.1386 -0.9903
vn -0.0873 0.4878 -0.8686
vn -0.2375 0.0149 0.9713
vn 0.0001 0.0155 0.9999
vn -0.0036 0.1293 0.9916
vn -0.1899 0.2683 0.9444
vn 0.6324 0.7746 -0.0000
vn -0.4381 0.8989 -0.0000
vn -0.2017 0.9759 -0.0832
vn 0.4569 0.7908 0.4072
vn -0.0000 0.5706 -0.8212
vn -0.0000 0.9291 0.3698
vn -0.1593 0.9605 0.2282
vn 0.2576 0.7463 -0.6137
vn -0.6410 0.7662 0.0445
vn 0.4329 0.8993 0.0618
vn 0.1690 0.9766 0.1328
vn -0.4751 0.7997 -0.3670
vn 0.0485 0.5420 0.8390
vn -0.0189 0.9222 -0.3863
vn 0.2020 0.9626 -0.1805
vn -0.2351 0.7396 0.6306
vn -0.5415 0.7199 -0.4343
vn -0.0000 0.7618 0.6478
vn 0.5537 0.8311 0.0516
vn 0.5351 0.6944 0.4811
vn -0.0254 0.7794 -0.6261
vn 0.1196 0.7250 -0.6783
vn 0.8754 0.0319 -0.4823
vn 0.8841 0.0293 -0.4664
vn 0.8401 0.2711 0.4698
vn -0.1333 0.0192 0.9909
vn -0.8408 0.2822 -0.4620
vn 0.1955 0.5392 -0.8192
vn 0.2725 0.0208 0.9619
vn -0.2721 0.0179 -0.9621
vn -0.8900 0.0310 -0.4549
vn -0.1529 0.9575 -0.2446
vn -0.1905 0.9786 0.0782
vn 0.1558 0.9580 0.2407
vn 0.1810 0.9809 -0.0707
vn -0.0787 0.7466 -0.6606
vn 0.0821 0.7107 0.6987
vn 0.5333 0.7084 -0.4624
vn -0.3982 0.0154 -0.9172
vn -0.0042 0.0133 -0.9999
vn -0.0060 0.0094 -0.9999
vn 0.0045 0.9982 0.0604
vn -0.0137 0.9982 0.0590
vn -0.0067 0.7262 0.6874
vn 0.0004 0.1388 -0.9903
vn 0.0142 0.0170 0.9998
vn 0.0008 0.0145 0.9999
vn 0.0293 0.0120 0.9995
vn -0.0516 0.9325 -0.3575
vn -0.0528 0.7501 -0.6592
vn -0.0073 1.0000 0.0040
vn 0.3064 0.0235 0.9516
vn 0.9993 0.0362 0.0001
vn 0.9996 0.0291 0.0057
vn -0.9632 0.2685 0.0119
vn -0.9993 0.0265 0.0267
vn 0.9628 0.2701 -0.0000
vn 0.4214 0.9069 -0.0019
vn 0.5937 0.8047 -0.0018
vn -0.0375 0.9993 0.0043
vn 0.0659 0.9978 -0.0100
vn -0.0654 0.9979 0.0042
vn -0.9494 0.0248 -0.3131
vn -0.9988 0.0218 0.0445
vn 0.0490 0.7209 0.6913
vn -0.9961 0.0040 0.0880
vn 0.4585 0.7056 0.5403
vn -0.0832 0.9759 0.2016
vn -0.6137 0.7464 -0.2576
vn -0.3670 0.7998 0.4751
vn 0.2408 0.9580 -0.1558
vn -0.0726 0.9792 0.1896
vn 0.2018 0.9655 0.1644
vn -0.4668 0.0246 -0.8840
vn 0.0667 0.9815 0.1792
vn 0.3417 0.9398 -0.0000
vn 0.3925 0.0426 -0.9187
vn 0.0490 0.7210 0.6912
vn 0.5416 0.0316 -0.8401
vn 0.4481 0.7091 0.5444
vn 0.8465 0.4763 -0.2376
vn -0.0030 0.2820 0.9594
vn -0.3972 0.9175 0.0187
vn -0.8071 0.5513 -0.2112
vn -0.3681 0.9284 0.0515
vn 0.9456 0.0251 -0.3245
vn 0.9946 0.0403 0.0957
vn 0.9943 0.0329 -0.1019
vn 0.9194 0.0359 0.3917
vn 0.8262 0.0260 0.5628
vn -0.7876 0.0193 0.6158
vn -0.9943 0.0232 0.1045
vn -0.9998 0.0185 -0.0020
vn -0.8052 0.0297 0.5923
vn 0.0134 0.0086 -0.9999
vn 0.0052 0.0128 -0.9999
vn 0.2872 0.0085 -0.9578
vn -0.0885 0.0012 -0.9961
vn -0.5572 0.6895 0.4626
vn -0.0951 0.7297 0.6771
vn -0.6004 0.7997 -0.0000
vn -0.0383 0.4678 0.8830
vn -0.0084 0.1194 0.9928
vn 0.1069 0.4686 0.8769
vn 0.6831 0.7303 -0.0000
vn 0.9712 0.2383 0.0015
vn 0.8455 0.2423 -0.4759
vn -0.6871 0.6143 0.3878
vn -0.8476 0.5306 -0.0020
vn -0.9699 0.2437 -0.0028
vn -0.8435 0.2429 0.4790
vn -0.2489 0.4102 -0.8774
vn -0.0000 0.2814 -0.9596
vn -0.0004 0.1174 -0.9931
vn -0.1069 0.4661 -0.8783
vn -0.2375 0.0122 0.9713
vn 0.0001 0.0131 0.9999
vn -0.0035 0.1083 0.9941
vn -0.1901 0.2380 0.9525
vn 0.6813 0.7320 -0.0000
vn -0.4350 0.9004 -0.0000
vn -0.1896 0.9792 -0.0726
vn 0.4981 0.7546 0.4273
vn -0.0000 0.5180 -0.8554
vn -0.0000 0.9398 0.3418
vn -0.1644 0.9655 0.2019
vn 0.2752 0.7100 -0.6482
vn -0.6913 0.7210 0.0490
vn 0.4353 0.8973 0.0734
vn 0.1531 0.9792 0.1332
vn -0.5168 0.7661 -0.3822
vn 0.0475 0.4862 0.8725
vn -0.0233 0.9320 -0.3616
vn 0.2150 0.9644 -0.1538
vn -0.2507 0.7038 0.6646
vn -0.5582 0.7020 -0.4422
vn -0.0000 0.7535 0.6575
vn 0.5734 0.8171 0.0605
vn 0.5558 0.6675 0.4954
vn -0.0299 0.7745 -0.6319
vn 0.1276 0.7101 -0.6924
vn 0.8756 0.0268 -0.4822
vn 0.8841 0.0246 -0.4667
vn 0.8474 0.2376 0.4748
vn -0.1324 0.0161 0.9911
vn -0.8490 0.2483 -0.4664
vn 0.2171 0.5119 -0.8312
vn 0.2726 0.0175 0.9620
vn -0.2722 0.0146 -0.9621
vn -0.8903 0.0260 -0.4546
vn -0.1589 0.9634 -0.2161
vn -0.1792 0.9815 0.0667
vn 0.1616 0.9637 0.2127
vn 0.1708 0.9835 -0.0599
vn -0.0827 0.7363 -0.6716
vn 0.0872 0.6929 0.7158
vn 0.5529 0.6894 -0.4680
vn -0.3977 0.0129 -0.9174
vn -0.0042 0.0112 -0.9999
vn -0.0061 0.0079 -1.0000
vn 0.0053 0.9974 0.0717
vn -0.0162 0.9974 0.0700
vn -0.0080 0.7104 0.7037
vn 0.0004 0.1175 -0.9931
vn 0.0139 0.0143 0.9998
vn 0.0006 0.0122 0.9999
vn 0.0291 0.0101 0.9995
vn -0.0618 0.9424 -0.3286
vn -0.0614 0.7378 -0.6722
vn -0.0086 1.0000 0.0048
vn 0.3061 0.0198 0.9518
vn 0.9995 0.0312 -0.0006
vn 0.9997 0.0245 0.0057
vn -0.9729 0.2311 0.0118
vn -0.9994 0.0225 0.0263
vn 0.9723 0.2338 -0.0000
vn 0.4202 0.9074 -0.0023
vn 0.6207 0.7840 -0.0021
vn -0.0444 0.9990 0.0052
vn 0.0784 0.9969 -0.0119
vn -0.0776 0.9970 0.0050
vn -0.9494 0.0208 -0.3133
vn -0.9988 0.0181 0.0448
vn 0.9188 0.0426 0.3925
vn 0.8262 0.0310 0.5626
vn 0.2870 0.0120 -0.9579
vn -0.0879 0.0040 -0.9961
vn -0.5403 0.7056 0.4585
vn 0.2318 0.4607 0.8567
vn 0.8376 0.2766 -0.4711
vn -0.8112 0.5848 -0.0018
vn -0.9595 0.2819 -0.0031
vn -0.2318 0.4608 -0.8567
vn -0.0000 0.3399 -0.9405
vn -0.0004 0.1387 -0.9903
vn -0.0873 0.4879 -0.8685
vn -0.4382 0.8989 -0.0000
vn 0.2576 0.7464 -0.6137
vn -0.4751 0.7998 -0.3670
vn 0.1195 0.7250 -0.6783
vn 0.8841 0.0293 -0.4663
vn 0.2726 0.0208 0.9619
vn -0.8900 0.0310 -0.4548
vn -0.1529 0.9575 -0.2447
vn -0.1906 0.9786 0.0782
vn 0.1810 0.9809 -0.0706
vn 0.0821 0.7106 0.6987
vn -0.0528 0.7502 -0.6591
vn -0.9632 0.2684 0.0119
vn 0.9943 0.0329 -0.1018
vn -0.0084 0.1193 0.9928
vn 0.9712 0.2383 0.0016
vn -0.6872 0.6143 0.3878
vn -0.1902 0.2380 0.9525
vn -0.1896 0.9792 -0.0725
vn 0.4981 0.7545 0.4273
vn -0.6913 0.7209 0.0490
vn 0.0475 0.4863 0.8725
vn -0.1325 0.0161 0.9911
vn -0.1588 0.9634 -0.2161
vn 0.0871 0.6929 0.7158
vn -0.0618 0.9425 -0.3286
vn -0.9494 0.0208 -0.3134
vn 0.9944 0.0481 0.0940
vn -0.5403 0.7056 0.4584
vn -0.6522 0.6629 0.3676
vn -0.2351 0.7396 0.6307
vn 0.1558 0.9580 0.2408
vn -0.8477 0.5306 -0.0020
vn 0.8475 0.2376 0.4748
vn -0.0082 0.1401 0.9901
vn -0.2016 0.9759 -0.0832
vn -0.5414 0.7199 -0.4343
vn 0.9194 0.0359 0.3918
vn -0.7876 0.0193 0.6159
vn -0.0000 0.2813 -0.9596
vn -0.0004 0.1173 -0.9931
vn -0.1069 0.4660 -0.8783
vn -0.2374 0.0122 0.9713
vn -0.0035 0.1084 0.9941
vn -0.5168 0.7661 -0.3821
vn -0.5583 0.7020 -0.4422
vn 0.5734 0.8171 0.0604
vn -0.8490 0.2483 -0.4663
vn -0.1792 0.9816 0.0667
vn 0.9951 0.0482 0.0868
vn 0.9947 0.0396 -0.0949
vn 0.9226 0.0428 0.3834
vn 0.8400 0.0316 0.5416
vn -0.8021 0.0235 0.5968
vn -0.9949 0.0275 0.0968
vn -0.9998 0.0220 -0.0008
vn -0.8111 0.0362 0.5837
vn 0.0144 0.0110 -0.9998
vn 0.0056 0.0164 -0.9998
vn 0.3042 0.0135 -0.9525
vn -0.0706 0.0051 -0.9975
vn -0.5445 0.7091 0.4481
vn -0.0990 0.7423 0.6627
vn 0.2376 0.4763 0.8465
vn -0.0368 0.5440 0.8383
vn -0.0088 0.1505 0.9886
vn 0.1022 0.5036 0.8579
vn 0.6547 0.6695 -0.3511
vn 0.9613 0.2757 0.0017
vn 0.8433 0.2804 -0.4584
vn -0.6547 0.6695 0.3511
vn -0.8110 0.5850 -0.0016
vn -0.9594 0.2820 -0.0030
vn -0.8410 0.2809 0.4623
vn -0.2376 0.4763 -0.8466
vn -0.0000 0.3650 -0.9310
vn -0.0005 0.1489 -0.9889
vn -0.1024 0.5014 -0.8591
vn -0.2526 0.0161 0.9674
vn 0.0002 0.0167 0.9999
vn -0.0039 0.1389 0.9903
vn -0.2041 0.2793 0.9382
vn -0.2070 0.9739 -0.0935
vn 0.4606 0.7970 0.3907
vn -0.0000 0.5930 -0.8052
vn -0.0000 0.9247 0.3807
vn -0.1598 0.9597 0.2313
vn 0.2636 0.7577 -0.5969
vn -0.6406 0.7667 0.0420
vn 0.4320 0.9000 0.0574
vn 0.1752 0.9746 0.1392
vn -0.4782 0.8041 -0.3531
vn 0.0480 0.5648 0.8238
vn -0.0188 0.9175 -0.3972
vn 0.2014 0.9621 -0.1840
vn -0.2406 0.7514 0.6145
vn -0.5455 0.7238 -0.4225
vn -0.0000 0.7657 0.6431
vn 0.5545 0.8308 0.0479
vn 0.5395 0.7010 0.4664
vn -0.0254 0.7831 -0.6214
vn 0.1260 0.7286 -0.6733
vn 0.8836 0.0324 -0.4672
vn 0.8920 0.0297 -0.4510
vn 0.8458 0.2749 0.4572
vn -0.1420 0.0207 0.9897
vn -0.8462 0.2853 -0.4500
vn 0.2112 0.5513 -0.8072
vn 0.2891 0.0222 0.9570
vn -0.2886 0.0192 -0.9573
vn -0.8967 0.0315 -0.4415
vn -0.1537 0.9564 -0.2484
vn -0.1952 0.9767 0.0892
vn 0.1565 0.9570 0.2443
vn 0.1854 0.9793 -0.0817
vn -0.0842 0.7496 -0.6565
vn 0.0874 0.7167 0.6919
vn 0.5372 0.7123 -0.4517
vn -0.4152 0.0163 -0.9096
vn -0.0045 0.0144 -0.9999
vn -0.0065 0.0101 -0.9999
vn 0.0042 0.9984 0.0561
vn -0.0136 0.9984 0.0547
vn -0.0066 0.7332 0.6799
vn 0.0005 0.1491 -0.9888
vn 0.0153 0.0184 0.9997
vn 0.0008 0.0156 0.9999
vn 0.0316 0.0129 0.9994
vn -0.0515 0.9284 -0.3681
vn -0.0532 0.7546 -0.6541
vn 0.3244 0.0251 0.9456
vn 0.9994 0.0358 0.0004
vn 0.9996 0.0291 0.0053
vn -0.9631 0.2689 0.0111
vn -0.9993 0.0264 0.0249
vn 0.4214 0.9069 -0.0018
vn 0.5937 0.8047 -0.0017
vn -0.0372 0.9993 0.0040
vn 0.0662 0.9978 -0.0091
vn -0.0656 0.9978 0.0039
vn -0.9539 0.0249 -0.2992
vn -0.9989 0.0219 0.0412
vn 0.4980 0.7546 0.4273
vn -0.2507 0.7039 0.6646
vn 0.9187 0.0426 0.3926
vn -0.8353 0.2772 0.4749
vn 0.1196 0.7249 -0.6783
vn 0.0045 0.9982 0.0603
vn 0.2873 0.0085 -0.9578
vn 0.0004 0.1174 -0.9931
vn 0.8376 0.2765 -0.4710
vn -0.0874 0.4878 -0.8686
vn -0.8408 0.2822 -0.4619
vn 0.1956 0.5392 -0.8192
vn 0.8474 0.2376 0.4747
vn -0.0874 0.4878 -0.8685
vn 0.2150 0.9644 -0.1537
vn -0.1589 0.9634 -0.2160
vn 0.3041 0.0135 -0.9525
vn -0.0989 0.7423 0.6627
vn 0.6547 0.6695 -0.3510
vn 0.8434 0.2804 -0.4584
vn -0.2376 0.4763 -0.8465
vn -0.0005 0.1488 -0.9889
vn -0.1025 0.5014 -0.8591
vn 0.2636 0.7578 -0.5969
vn -0.0187 0.9175 -0.3972
vn -0.0000 0.7658 0.6431
vn 0.5394 0.7010 0.4665
vn 0.1260 0.7285 -0.6733
vn -0.0031 0.2819 0.9594
vt 0.922990 0.978771
vt 0.925016 0.775168
vt 0.962695 0.774739
vt 0.969609 0.978244
vt 0.959825 0.221249
vt 0.926680 0.220438
vt 0.935912 0.017318
vt 0.970670 0.017655
vt 0.050561 0.024580
vt 0.071140 0.227750
vt 0.036656 0.229667
vt 0.018773 0.026360
vt 0.221362 0.541109
vt 0.218513 0.538073
vt 0.241571 0.538797
vt 0.241220 0.542453
vt 0.960680 0.559617
vt 0.963012 0.527347
vt 0.970447 0.527713
vt 0.968383 0.567285
vt 0.205371 0.563336
vt 0.236420 0.564226
vt 0.236286 0.571658
vt 0.199744 0.570578
vt 0.952959 0.431305
vt 0.917802 0.430453
vt 0.917857 0.423044
vt 0.958507 0.424139
vt 0.197564 0.435336
vt 0.195350 0.467641
vt 0.187665 0.467212
vt 0.189850 0.427443
vt 0.022073 0.692652
vt 0.051239 0.692685
vt 0.087299 0.893195
vt 0.020325 0.897148
vt 0.917341 0.565255
vt 0.917241 0.555337
vt 0.942146 0.553955
vt 0.952466 0.564544
vt 0.195100 0.525927
vt 0.205548 0.525368
vt 0.207837 0.546558
vt 0.197187 0.558264
vt 0.238623 0.429188
vt 0.238627 0.439307
vt 0.216072 0.440750
vt 0.205772 0.430336
vt 0.964395 0.496221
vt 0.953217 0.496689
vt 0.950717 0.447912
vt 0.961168 0.436415
vt 0.913209 0.543291
vt 0.936763 0.542090
vt 0.218217 0.521196
vt 0.243038 0.451607
vt 0.221730 0.452715
vt 0.940069 0.498752
vt 0.940158 0.456709
vt 0.176815 0.976571
vt 0.181691 0.772720
vt 0.191678 0.773480
vt 0.187240 0.977029
vt 0.958008 0.571831
vt 0.991311 0.018897
vt 0.976097 0.222261
vt 0.200260 0.423191
vt 0.189346 0.565924
vt 0.972694 0.773997
vt 0.968790 0.428872
vt 0.182776 0.221427
vt 0.192699 0.220395
vt 0.950212 0.547809
vt 0.215818 0.552850
vt 0.208142 0.447019
vt 0.942619 0.441697
vt 0.939728 0.539091
vt 0.218767 0.455879
vt 0.937214 0.453721
vt 0.178717 0.017504
vt 0.148220 0.223651
vt 0.147052 0.019486
vt 0.243158 0.455276
vt 0.242902 0.472906
vt 0.218387 0.472879
vt 0.972744 0.495846
vt 0.187408 0.526348
vt 0.138172 0.489161
vt 0.128220 0.692757
vt 0.041814 0.489176
vt 0.205790 0.468159
vt 0.952829 0.526795
vt 0.940358 0.522020
vt 0.241856 0.521207
vt 0.169902 0.489293
vt 0.162621 0.692747
vt 0.217442 0.977424
vt 0.227094 0.774189
vt 0.238681 0.421489
vt 0.252985 0.219954
vt 0.913078 0.539646
vt 0.917350 0.572720
vt 0.236760 0.554380
vt 0.917669 0.440301
vt 0.913586 0.452515
vt 0.913194 0.498880
vt 0.913355 0.456087
vt 0.913176 0.522137
vt 0.090973 0.430533
vt 0.051478 0.434800
vt 0.021133 0.489031
vt 0.980031 0.977810
vt 0.193794 0.016883
vt 0.150173 0.427312
vt 0.119165 0.895492
vt 0.158738 0.897556
vt 0.266783 0.016711
s 1
f 1/1/1 2/2/2 3/3/3
f 3/3/3 4/4/4 1/1/1
f 5/5/5 6/6/6 7/7/7
f 7/7/7 8/8/8 5/5/5
f 9/9/9 10/10/10 11/11/11
f 11/11/11 12/12/12 9/9/9
f 13/13/13 14/14/14 15/15/15
f 15/15/15 16/16/16 13/13/13
f 17/17/17 18/18/18 19/19/19
f 19/19/19 20/20/20 17/17/17
f 21/21/21 22/22/22 23/23/23
f 23/23/23 24/24/24 21/21/21
f 25/25/25 26/26/26 27/27/27
f 27/27/27 28/28/28 25/25/25
f 29/29/29 30/30/30 31/31/31
f 31/31/31 32/32/32 29/29/29
f 33/33/33 34/34/34 35/35/35
f 35/35/35 36/36/36 33/33/33
f 37/37/37 38/38/38 39/39/39
f 39/39/39 40/40/40 37/37/37
f 41/41/41 42/42/42 43/43/43
f 43/43/43 44/44/44 41/41/41
f 45/45/45 46/46/46 47/47/47
f 47/47/47 48/48/48 45/45/45
f 49/49/49 50/50/50 51/51/51
f 51/51/51 52/52/52 49/49/49
f 39/39/39 38/38/38 53/53/16
f 53/53/16 54/54/53 39/39/39
f 42/42/42 55/55/54 14/14/14
f 14/14/14 43/43/43 42/42/42
f 47/47/47 46/46/46 56/56/55
f 56/56/55 57/57/56 47/47/47
f 50/50/50 58/58/57 59/59/58
f 59/59/58 51/51/51 50/50/50
f 12/60/12 11/61/11 60/62/59
f 60/62/59 61/63/60 12/60/12
f 40/40/40 17/17/17 20/20/20
f 20/20/20 62/64/61 40/40/40
f 63/65/62 33/66/33 5/5/5
f 5/5/5 8/8/8 63/65/62
f 48/48/48 29/29/29 32/32/32
f 32/32/32 64/67/63 48/48/48
f 24/24/24 65/68/64 44/44/44
f 44/44/44 21/21/21 24/24/24
f 20/20/20 66/69/65 3/3/3
f 3/3/3 62/64/61 20/20/20
f 28/28/28 36/70/36 52/52/52
f 52/52/52 25/25/25 28/28/28
f 32/32/32 67/71/66 68/72/67
f 68/72/67 64/67/63 32/32/32
f 17/17/17 40/40/40 39/39/39
f 39/39/39 69/73/68 17/17/17
f 21/21/21 44/44/44 43/43/43
f 43/43/43 70/74/69 21/21/21
f 29/29/29 48/48/48 47/47/47
f 47/47/47 71/75/70 29/29/29
f 25/25/25 52/52/52 51/51/51
f 51/51/51 72/76/71 25/25/25
f 69/73/68 39/39/39 54/54/53
f 54/54/53 73/77/72 69/73/68
f 70/74/69 43/43/43 14/14/14
f 14/14/14 13/13/13 70/74/69
f 71/75/70 47/47/47 57/57/56
f 57/57/56 74/78/73 71/75/70
f 72/76/71 51/51/51 59/59/58
f 59/59/58 75/79/74 72/76/71
f 76/80/75 67/71/66 77/81/76
f 77/81/76 78/82/77 76/80/75
f 74/78/73 79/83/78 80/84/79
f 80/84/79 81/85/80 74/78/73
f 52/52/52 36/70/36 35/86/35
f 35/86/35 49/49/49 52/52/52
f 41/41/41 82/87/81 31/31/31
f 31/31/31 30/30/30 41/41/41
f 83/88/82 84/89/83 34/34/34
f 34/34/34 85/90/84 83/88/82
f 30/30/30 29/29/29 71/75/70
f 71/75/70 86/91/42 30/30/30
f 18/18/18 87/92/85 50/50/50
f 50/50/50 49/49/49 18/18/18
f 71/75/70 74/78/73 81/85/80
f 81/85/80 86/91/42 71/75/70
f 87/92/85 88/93/86 58/58/57
f 58/58/57 50/50/50 87/92/85
f 78/82/77 77/81/76 10/10/10
f 10/10/10 9/9/9 78/82/77
f 81/85/80 80/84/79 89/94/87
f 89/94/87 55/55/54 81/85/80
f 49/49/49 35/86/35 19/19/19
f 19/19/19 18/18/18 49/49/49
f 30/30/30 86/91/42 42/42/42
f 42/42/42 41/41/41 30/30/30
f 86/91/42 81/85/80 55/55/54
f 55/55/54 42/42/42 86/91/42
f 44/44/44 65/68/64 82/87/81
f 82/87/81 41/41/41 44/44/44
f 90/95/88 66/96/65 84/89/83
f 84/89/83 83/88/82 90/95/88
f 18/18/18 17/17/17 69/73/68
f 69/73/68 87/92/85 18/18/18
f 69/73/68 73/77/72 88/93/86
f 88/93/86 87/92/85 69/73/68
f 91/97/89 92/98/90 2/2/2
f 2/2/2 1/1/1 91/97/89
f 27/27/27 93/99/91 94/100/92
f 94/100/92 6/6/6 27/27/27
f 54/54/53 53/53/16 95/101/15
f 95/101/15 73/77/72 54/54/53
f 40/40/40 62/64/61 96/102/93
f 96/102/93 37/37/37 40/40/40
f 45/45/45 93/99/91 27/27/27
f 27/27/27 26/26/26 45/45/45
f 22/22/22 97/103/38 38/38/38
f 38/38/38 37/37/37 22/22/22
f 26/26/26 25/25/25 72/76/71
f 72/76/71 98/104/94 26/26/26
f 97/103/38 16/16/16 53/53/16
f 53/53/16 38/38/38 97/103/38
f 72/76/71 75/79/74 99/105/95
f 99/105/95 98/104/94 72/76/71
f 58/58/57 100/106/96 101/107/97
f 101/107/97 59/59/58 58/58/57
f 58/58/57 88/93/86 102/108/98
f 102/108/98 100/106/96 58/58/57
f 53/53/16 16/16/16 15/15/15
f 15/15/15 95/101/15 53/53/16
f 37/37/37 96/102/93 23/23/23
f 23/23/23 22/22/22 37/37/37
f 26/26/26 98/104/94 46/46/46
f 46/46/46 45/45/45 26/26/26
f 98/104/94 99/105/95 56/56/55
f 56/56/55 46/46/46 98/104/94
f 100/106/96 80/84/79 79/83/78
f 79/83/78 101/107/97 100/106/96
f 80/84/79 100/106/96 102/108/98
f 102/108/98 89/94/87 80/84/79
f 91/97/89 61/63/60 60/62/59
f 60/62/59 92/98/90 91/97/89
f 93/99/91 64/67/63 68/72/67
f 68/72/67 94/100/92 93/99/91
f 48/48/48 64/67/63 93/99/91
f 93/99/91 45/45/45 48/48/48
f 22/22/22 21/21/21 70/74/69
f 70/74/69 97/103/38 22/22/22
f 70/74/69 13/13/13 16/16/16
f 16/16/16 97/103/38 70/74/69
f 2/2/2 96/102/93 62/64/61
f 62/64/61 3/3/3 2/2/2
f 28/28/28 27/27/27 6/6/6
f 6/6/6 5/5/5 28/28/28
f 82/109/81 65/110/64 11/11/11
f 11/11/11 10/10/10 82/109/81
f 63/111/62 85/90/84 34/34/34
f 34/34/34 33/33/33 63/111/62
f 65/68/64 24/24/24 60/62/59
f 60/62/59 11/61/11 65/68/64
f 36/70/36 28/28/28 5/5/5
f 5/5/5 33/66/33 36/70/36
f 90/112/88 4/4/4 3/3/3
f 3/3/3 66/69/65 90/112/88
f 76/80/75 103/113/99 68/72/67
f 68/72/67 67/71/66 76/80/75
f 32/32/32 31/114/31 77/81/76
f 77/81/76 67/71/66 32/32/32
f 19/115/19 35/35/35 34/34/34
f 34/34/34 84/89/83 19/115/19
f 31/114/31 82/109/81 10/10/10
f 10/10/10 77/81/76 31/114/31
f 20/116/20 19/115/19 84/89/83
f 84/89/83 66/96/65 20/116/20
f 23/23/23 96/102/93 2/2/2
f 2/2/2 92/98/90 23/23/23
f 104/117/100 7/7/7 6/6/6
f 6/6/6 94/100/92 104/117/100
f 24/24/24 23/23/23 92/98/90
f 92/98/90 60/62/59 24/24/24
f 103/113/99 104/117/100 94/100/92
f 94/100/92 68/72/67 103/113/99
f 55/55/54 89/94/87 15/15/15
f 15/15/15 14/14/14 55/55/54
f 89/94/87 102/108/98 95/101/15
f 95/101/15 15/15/15 89/94/87
f 102/108/98 88/93/86 73/77/72
f 73/77/72 95/101/15 102/108/98
f 57/57/56 56/56/55 79/83/78
f 79/83/78 74/78/73 57/57/56
f 56/56/55 99/105/95 101/107/97
f 101/107/97 79/83/78 56/56/55
f 101/107/97 99/105/95 75/79/74
f 75/79/74 59/59/58 101/107/97
f 105/1/1 106/2/2 107/3/3
f 107/3/3 108/4/4 105/1/1
f 109/5/5 110/6/6 111/7/7
f 111/7/7 112/8/8 109/5/5
f 113/9/9 114/10/10 115/11/11
f 115/11/11 116/12/12 113/9/9
f 117/13/13 118/14/14 119/15/15
f 119/15/15 120/16/16 117/13/13
f 121/17/17 122/18/18 123/19/19
f 123/19/19 124/20/20 121/17/17
f 125/21/21 126/22/22 127/23/23
f 127/23/23 128/24/24 125/21/21
f 129/25/25 130/26/26 131/27/27
f 131/27/27 132/28/28 129/25/25
f 133/29/29 134/30/30 135/31/31
f 135/31/31 136/32/32 133/29/29
f 137/33/33 138/34/34 139/35/101
f 139/35/101 140/36/36 137/33/33
f 141/37/37 142/38/38 143/39/39
f 143/39/39 144/40/40 141/37/37
f 145/41/41 146/42/42 147/43/43
f 147/43/43 148/44/44 145/41/41
f 149/45/45 150/46/46 151/47/47
f 151/47/47 152/48/48 149/45/45
f 153/49/102 154/50/50 155/51/51
f 155/51/51 156/52/52 153/49/102
f 143/39/39 142/38/38 157/53/16
f 157/53/16 158/54/53 143/39/39
f 146/42/42 159/55/54 118/14/14
f 118/14/14 147/43/43 146/42/42
f 151/47/47 150/46/46 160/56/55
f 160/56/55 161/57/56 151/47/47
f 154/50/50 162/58/57 163/59/58
f 163/59/58 155/51/51 154/50/50
f 116/60/12 115/61/11 164/62/59
f 164/62/59 165/63/60 116/60/12
f 144/40/40 121/17/17 124/20/20
f 124/20/20 166/64/61 144/40/40
f 167/65/62 137/66/33 109/5/5
f 109/5/5 112/8/8 167/65/62
f 152/48/48 133/29/29 136/32/32
f 136/32/32 168/67/63 152/48/48
f 128/24/24 169/68/64 148/44/44
f 148/44/44 125/21/21 128/24/24
f 124/20/20 170/69/65 107/3/3
f 107/3/3 166/64/61 124/20/20
f 132/28/28 140/70/36 156/52/52
f 156/52/52 129/25/25 132/28/28
f 136/32/32 171/71/66 172/72/67
f 172/72/67 168/67/63 136/32/32
f 121/17/17 144/40/40 143/39/39
f 143/39/39 173/73/68 121/17/17
f 125/21/21 148/44/44 147/43/43
f 147/43/43 174/74/103 125/21/21
f 133/29/29 152/48/48 151/47/47
f 151/47/47 175/75/70 133/29/29
f 129/25/25 156/52/52 155/51/51
f 155/51/51 176/76/71 129/25/25
f 173/73/68 143/39/39 158/54/53
f 158/54/53 177/77/72 173/73/68
f 174/74/103 147/43/43 118/14/14
f 118/14/14 117/13/13 174/74/103
f 175/75/70 151/47/47 161/57/56
f 161/57/56 178/78/73 175/75/70
f 176/76/71 155/51/51 163/59/58
f 163/59/58 179/79/74 176/76/71
f 180/80/75 171/71/66 181/81/76
f 181/81/76 182/82/77 180/80/75
f 178/78/73 183/83/78 184/84/79
f 184/84/79 185/85/80 178/78/73
f 156/52/52 140/70/36 139/86/101
f 139/86/101 153/49/102 156/52/52
f 145/41/41 186/87/81 135/31/31
f 135/31/31 134/30/30 145/41/41
f 187/88/82 188/89/83 138/34/34
f 138/34/34 189/90/84 187/88/82
f 134/30/30 133/29/29 175/75/70
f 175/75/70 190/91/42 134/30/30
f 122/18/18 191/92/85 154/50/50
f 154/50/50 153/49/102 122/18/18
f 175/75/70 178/78/73 185/85/80
f 185/85/80 190/91/42 175/75/70
f 191/92/85 192/93/86 162/58/57
f 162/58/57 154/50/50 191/92/85
f 182/82/77 181/81/76 114/10/10
f 114/10/10 113/9/9 182/82/77
f 185/85/80 184/84/79 193/94/87
f 193/94/87 159/55/54 185/85/80
f 153/49/102 139/86/101 123/19/19
f 123/19/19 122/18/18 153/49/102
f 134/30/30 190/91/42 146/42/42
f 146/42/42 145/41/41 134/30/30
f 190/91/42 185/85/80 159/55/54
f 159/55/54 146/42/42 190/91/42
f 148/44/44 169/68/64 186/87/81
f 186/87/81 145/41/41 148/44/44
f 194/95/88 170/96/65 188/89/83
f 188/89/83 187/88/82 194/95/88
f 122/18/18 121/17/17 173/73/68
f 173/73/68 191/92/85 122/18/18
f 173/73/68 177/77/72 192/93/86
f 192/93/86 191/92/85 173/73/68
f 195/97/89 196/98/90 106/2/2
f 106/2/2 105/1/1 195/97/89
f 131/27/27 197/99/91 198/100/92
f 198/100/92 110/6/6 131/27/27
f 158/54/53 157/53/16 199/101/15
f 199/101/15 177/77/72 158/54/53
f 144/40/40 166/64/61 200/102/93
f 200/102/93 141/37/37 144/40/40
f 149/45/45 197/99/91 131/27/27
f 131/27/27 130/26/26 149/45/45
f 126/22/22 201/103/38 142/38/38
f 142/38/38 141/37/37 126/22/22
f 130/26/26 129/25/25 176/76/71
f 176/76/71 202/104/94 130/26/26
f 201/103/38 120/16/16 157/53/16
f 157/53/16 142/38/38 201/103/38
f 176/76/71 179/79/74 203/105/95
f 203/105/95 202/104/94 176/76/71
f 162/58/57 204/106/96 205/107/97
f 205/107/97 163/59/58 162/58/57
f 162/58/57 192/93/86 206/108/98
f 206/108/98 204/106/96 162/58/57
f 157/53/16 120/16/16 119/15/15
f 119/15/15 199/101/15 157/53/16
f 141/37/37 200/102/93 127/23/23
f 127/23/23 126/22/22 141/37/37
f 130/26/26 202/104/94 150/46/46
f 150/46/46 149/45/45 130/26/26
f 202/104/94 203/105/95 160/56/55
f 160/56/55 150/46/46 202/104/94
f 204/106/96 184/84/79 183/83/78
f 183/83/78 205/107/97 204/106/96
f 184/84/79 204/106/96 206/108/98
f 206/108/98 193/94/87 184/84/79
f 195/97/89 165/63/60 164/62/59
f 164/62/59 196/98/90 195/97/89
f 197/99/91 168/67/63 172/72/67
f 172/72/67 198/100/92 197/99/91
f 152/48/48 168/67/63 197/99/91
f 197/99/91 149/45/45 152/48/48
f 126/22/22 125/21/21 174/74/103
f 174/74/103 201/103/38 126/22/22
f 174/74/103 117/13/13 120/16/16
f 120/16/16 201/103/38 174/74/103
f 106/2/2 200/102/93 166/64/61
f 166/64/61 107/3/3 106/2/2
f 132/28/28 131/27/27 110/6/6
f 110/6/6 109/5/5 132/28/28
f 186/109/81 169/110/64 115/11/11
f 115/11/11 114/10/10 186/109/81
f 167/111/62 189/90/84 138/34/34
f 138/34/34 137/33/33 167/111/62
f 169/68/64 128/24/24 164/62/59
f 164/62/59 115/61/11 169/68/64
f 140/70/36 132/28/28 109/5/5
f 109/5/5 137/66/33 140/70/36
f 194/112/88 108/4/4 107/3/3
f 107/3/3 170/69/65 194/112/88
f 180/80/75 207/113/99 172/72/67
f 172/72/67 171/71/66 180/80/75
f 136/32/32 135/114/31 181/81/76
f 181/81/76 171/71/66 136/32/32
f 123/115/19 139/35/101 138/34/34
f 138/34/34 188/89/83 123/115/19
f 135/114/31 186/109/81 114/10/10
f 114/10/10 181/81/76 135/114/31
f 124/116/20 123/115/19 188/89/83
f 188/89/83 170/96/65 124/116/20
f 127/23/23 200/102/93 106/2/2
f 106/2/2 196/98/90 127/23/23
f 208/117/100 111/7/7 110/6/6
f 110/6/6 198/100/92 208/117/100
f 128/24/24 127/23/23 196/98/90
f 196/98/90 164/62/59 128/24/24
f 207/113/99 208/117/100 198/100/92
f 198/100/92 172/72/67 207/113/99
f 159/55/54 193/94/87 119/15/15
f 119/15/15 118/14/14 159/55/54
f 193/94/87 206/108/98 199/101/15
f 199/101/15 119/15/15 193/94/87
f 206/108/98 192/93/86 177/77/72
f 177/77/72 199/101/15 206/108/98
f 161/57/56 160/56/55 183/83/78
f 183/83/78 178/78/73 161/57/56
f 160/56/55 203/105/95 205/107/97
f 205/107/97 183/83/78 160/56/55
f 205/107/97 203/105/95 179/79/74
f 179/79/74 163/59/58 205/107/97
f 209/1/1 210/2/2 211/3/3
f 211/3/3 212/4/4 209/1/1
f 213/5/5 214/6/6 215/7/7
f 215/7/7 216/8/8 213/5/5
f 217/9/9 218/10/10 219/11/11
f 219/11/11 220/12/12 217/9/9
f 221/13/13 222/14/14 223/15/15
f 223/15/15 224/16/16 221/13/13
f 225/17/17 226/18/18 227/19/19
f 227/19/19 228/20/20 225/17/17
f 229/21/21 230/22/22 231/23/23
f 231/23/23 232/24/24 229/21/21
f 233/25/25 234/26/26 235/27/27
f 235/27/27 236/28/28 233/25/25
f 237/29/29 238/30/30 239/31/31
f 239/31/31 240/32/32 237/29/29
f 241/33/33 242/34/34 243/35/101
f 243/35/101 244/36/36 241/33/33
f 245/37/37 246/38/38 247/39/39
f 247/39/39 248/40/40 245/37/37
f 249/41/41 250/42/42 251/43/43
f 251/43/43 252/44/44 249/41/41
f 253/45/104 254/46/46 255/47/47
f 255/47/47 256/48/48 253/45/104
f 257/49/102 258/50/50 259/51/51
f 259/51/51 260/52/52 257/49/102
f 247/39/39 246/38/38 261/53/16
f 261/53/16 262/54/53 247/39/39
f 250/42/42 263/55/54 222/14/14
f 222/14/14 251/43/43 250/42/42
f 255/47/47 254/46/46 264/56/55
f 264/56/55 265/57/56 255/47/47
f 258/50/50 266/58/57 267/59/58
f 267/59/58 259/51/51 258/50/50
f 220/60/12 219/61/11 268/62/59
f 268/62/59 269/63/60 220/60/12
f 248/40/40 225/17/17 228/20/20
f 228/20/20 270/64/105 248/40/40
f 271/65/62 241/66/33 213/5/5
f 213/5/5 216/8/8 271/65/62
f 256/48/48 237/29/29 240/32/32
f 240/32/32 272/67/63 256/48/48
f 232/24/24 273/68/64 252/44/44
f 252/44/44 229/21/21 232/24/24
f 228/20/20 274/69/65 211/3/3
f 211/3/3 270/64/105 228/20/20
f 236/28/28 244/70/36 260/52/52
f 260/52/52 233/25/25 236/28/28
f 240/32/32 275/71/66 276/72/67
f 276/72/67 272/67/63 240/32/32
f 225/17/17 248/40/40 247/39/39
f 247/39/39 277/73/68 225/17/17
f 229/21/21 252/44/44 251/43/43
f 251/43/43 278/74/106 229/21/21
f 237/29/29 256/48/48 255/47/47
f 255/47/47 279/75/70 237/29/29
f 233/25/25 260/52/52 259/51/51
f 259/51/51 280/76/71 233/25/25
f 277/73/68 247/39/39 262/54/53
f 262/54/53 281/77/72 277/73/68
f 278/74/106 251/43/43 222/14/14
f 222/14/14 221/13/13 278/74/106
f 279/75/70 255/47/47 265/57/56
f 265/57/56 282/78/73 279/75/70
f 280/76/71 259/51/51 267/59/58
f 267/59/58 283/79/74 280/76/71
f 284/80/75 275/71/66 285/81/76
f 285/81/76 286/82/77 284/80/75
f 282/78/73 287/83/78 288/84/79
f 288/84/79 289/85/80 282/78/73
f 260/52/52 244/70/36 243/86/101
f 243/86/101 257/49/102 260/52/52
f 249/41/41 290/87/81 239/31/31
f 239/31/31 238/30/30 249/41/41
f 291/88/82 292/89/83 242/34/34
f 242/34/34 293/90/84 291/88/82
f 238/30/30 237/29/29 279/75/70
f 279/75/70 294/91/42 238/30/30
f 226/18/18 295/92/85 258/50/50
f 258/50/50 257/49/102 226/18/18
f 279/75/70 282/78/73 289/85/80
f 289/85/80 294/91/42 279/75/70
f 295/92/85 296/93/86 266/58/57
f 266/58/57 258/50/50 295/92/85
f 286/82/77 285/81/76 218/10/10
f 218/10/10 217/9/9 286/82/77
f 289/85/80 288/84/79 297/94/87
f 297/94/87 263/55/54 289/85/80
f 257/49/102 243/86/101 227/19/19
f 227/19/19 226/18/18 257/49/102
f 238/30/30 294/91/42 250/42/42
f 250/42/42 249/41/41 238/30/30
f 294/91/42 289/85/80 263/55/54
f 263/55/54 250/42/42 294/91/42
f 252/44/44 273/68/64 290/87/81
f 290/87/81 249/41/41 252/44/44
f 298/95/88 274/96/65 292/89/83
f 292/89/83 291/88/82 298/95/88
f 226/18/18 225/17/17 277/73/68
f 277/73/68 295/92/85 226/18/18
f 277/73/68 281/77/72 296/93/86
f 296/93/86 295/92/85 277/73/68
f 299/97/89 300/98/90 210/2/2
f 210/2/2 209/1/1 299/97/89
f 235/27/27 301/99/91 302/100/92
f 302/100/92 214/6/6 235/27/27
f 262/54/53 261/53/16 303/101/15
f 303/101/15 281/77/72 262/54/53
f 248/40/40 270/64/105 304/102/93
f 304/102/93 245/37/37 248/40/40
f 253/45/104 301/99/91 235/27/27
f 235/27/27 234/26/26 253/45/104
f 230/22/22 305/103/38 246/38/38
f 246/38/38 245/37/37 230/22/22
f 234/26/26 233/25/25 280/76/71
f 280/76/71 306/104/94 234/26/26
f 305/103/38 224/16/16 261/53/16
f 261/53/16 246/38/38 305/103/38
f 280/76/71 283/79/74 307/105/95
f 307/105/95 306/104/94 280/76/71
f 266/58/57 308/106/96 309/107/97
f 309/107/97 267/59/58 266/58/57
f 266/58/57 296/93/86 310/108/98
f 310/108/98 308/106/96 266/58/57
f 261/53/16 224/16/16 223/15/15
f 223/15/15 303/101/15 261/53/16
f 245/37/37 304/102/93 231/23/23
f 231/23/23 230/22/22 245/37/37
f 234/26/26 306/104/94 254/46/46
f 254/46/46 253/45/104 234/26/26
f 306/104/94 307/105/95 264/56/55
f 264/56/55 254/46/46 306/104/94
f 308/106/96 288/84/79 287/83/78
f 287/83/78 309/107/97 308/106/96
f 288/84/79 308/106/96 310/108/98
f 310/108/98 297/94/87 288/84/79
f 299/97/89 269/63/60 268/62/59
f 268/62/59 300/98/90 299/97/89
f 301/99/91 272/67/63 276/72/67
f 276/72/67 302/100/92 301/99/91
f 256/48/48 272/67/63 301/99/91
f 301/99/91 253/45/104 256/48/48
f 230/22/22 229/21/21 278/74/106
f 278/74/106 305/103/38 230/22/22
f 278/74/106 221/13/13 224/16/16
f 224/16/16 305/103/38 278/74/106
f 210/2/2 304/102/93 270/64/105
f 270/64/105 211/3/3 210/2/2
f 236/28/28 235/27/27 214/6/6
f 214/6/6 213/5/5 236/28/28
f 290/109/81 273/110/64 219/11/11
f 219/11/11 218/10/10 290/109/81
f 271/111/62 293/90/84 242/34/34
f 242/34/34 241/33/33 271/111/62
f 273/68/64 232/24/24 268/62/59
f 268/62/59 219/61/11 273/68/64
f 244/70/36 236/28/28 213/5/5
f 213/5/5 241/66/33 244/70/36
f 298/112/88 212/4/4 211/3/3
f 211/3/3 274/69/65 298/112/88
f 284/80/75 311/113/99 276/72/67
f 276/72/67 275/71/66 284/80/75
f 240/32/32 239/114/31 285/81/76
f 285/81/76 275/71/66 240/32/32
f 227/115/19 243/35/101 242/34/34
f 242/34/34 292/89/83 227/115/19
f 239/114/31 290/109/81 218/10/10
f 218/10/10 285/81/76 239/114/31
f 228/116/20 227/115/19 292/89/83
f 292/89/83 274/96/65 228/116/20
f 231/23/23 304/102/93 210/2/2
f 210/2/2 300/98/90 231/23/23
f 312/117/100 215/7/7 214/6/6
f 214/6/6 302/100/92 312/117/100
f 232/24/24 231/23/23 300/98/90
f 300/98/90 268/62/59 232/24/24
f 311/113/99 312/117/100 302/100/92
f 302/100/92 276/72/67 311/113/99
f 263/55/54 297/94/87 223/15/15
f 223/15/15 222/14/14 263/55/54
f 297/94/87 310/108/98 303/101/15
f 303/101/15 223/15/15 297/94/87
f 310/108/98 296/93/86 281/77/72
f 281/77/72 303/101/15 310/108/98
f 265/57/56 264/56/55 287/83/78
f 287/83/78 282/78/73 265/57/56
f 264/56/55 307/105/95 309/107/97
f 309/107/97 287/83/78 264/56/55
f 309/107/97 307/105/95 283/79/74
f 283/79/74 267/59/58 309/107/97
f 313/1/1 314/2/2 315/3/3
f 315/3/3 316/4/4 313/1/1
f 317/5/5 318/6/6 319/7/7
f 319/7/7 320/8/8 317/5/5
f 321/9/9 322/10/10 323/11/11
f 323/11/11 324/12/12 321/9/9
f 325/13/13 326/14/14 327/15/15
f 327/15/15 328/16/16 325/13/13
f 329/17/17 330/18/18 331/19/19
f 331/19/19 332/20/20 329/17/17
f 333/21/21 334/22/22 335/23/23
f 335/23/23 336/24/24 333/21/21
f 337/25/107 338/26/108 339/27/109
f 339/27/109 340/28/28 337/25/107
f 341/29/110 342/30/30 343/31/31
f 343/31/31 344/32/32 341/29/110
f 345/33/33 346/34/34 347/35/101
f 347/35/101 348/36/111 345/33/33
f 349/37/37 350/38/38 351/39/39
f 351/39/39 352/40/40 349/37/37
f 353/41/41 354/42/42 355/43/43
f 355/43/43 356/44/44 353/41/41
f 357/45/45 358/46/46 359/47/47
f 359/47/47 360/48/112 357/45/45
f 361/49/102 362/50/50 363/51/51
f 363/51/51 364/52/113 361/49/102
f 351/39/39 350/38/38 365/53/16
f 365/53/16 366/54/53 351/39/39
f 354/42/42 367/55/54 326/14/14
f 326/14/14 355/43/43 354/42/42
f 359/47/47 358/46/46 368/56/55
f 368/56/55 369/57/56 359/47/47
f 362/50/50 370/58/57 371/59/58
f 371/59/58 363/51/51 362/50/50
f 324/60/12 323/61/11 372/62/59
f 372/62/59 373/63/60 324/60/12
f 352/40/40 329/17/17 332/20/20
f 332/20/20 374/64/61 352/40/40
f 375/65/62 345/66/33 317/5/5
f 317/5/5 320/8/8 375/65/62
f 360/48/112 341/29/110 344/32/32
f 344/32/32 376/67/63 360/48/112
f 336/24/24 377/68/64 356/44/44
f 356/44/44 333/21/21 336/24/24
f 332/20/20 378/69/65 315/3/3
f 315/3/3 374/64/61 332/20/20
f 340/28/28 348/70/111 364/52/113
f 364/52/113 337/25/107 340/28/28
f 344/32/32 379/71/66 380/72/67
f 380/72/67 376/67/63 344/32/32
f 329/17/17 352/40/40 351/39/39
f 351/39/39 381/73/68 329/17/17
f 333/21/21 356/44/44 355/43/43
f 355/43/43 382/74/69 333/21/21
f 341/29/110 360/48/112 359/47/47
f 359/47/47 383/75/70 341/29/110
f 337/25/107 364/52/113 363/51/51
f 363/51/51 384/76/71 337/25/107
f 381/73/68 351/39/39 366/54/53
f 366/54/53 385/77/72 381/73/68
f 382/74/69 355/43/43 326/14/14
f 326/14/14 325/13/13 382/74/69
f 383/75/70 359/47/47 369/57/56
f 369/57/56 386/78/114 383/75/70
f 384/76/71 363/51/51 371/59/58
f 371/59/58 387/79/74 384/76/71
f 388/80/75 379/71/66 389/81/76
f 389/81/76 390/82/77 388/80/75
f 386/78/114 391/83/78 392/84/79
f 392/84/79 393/85/80 386/78/114
f 364/52/113 348/70/111 347/86/101
f 347/86/101 361/49/102 364/52/113
f 353/41/41 394/87/81 343/31/31
f 343/31/31 342/30/30 353/41/41
f 395/88/82 396/89/83 346/34/34
f 346/34/34 397/90/84 395/88/82
f 342/30/30 341/29/110 383/75/70
f 383/75/70 398/91/42 342/30/30
f 330/18/18 399/92/85 362/50/50
f 362/50/50 361/49/102 330/18/18
f 383/75/70 386/78/114 393/85/80
f 393/85/80 398/91/42 383/75/70
f 399/92/85 400/93/86 370/58/57
f 370/58/57 362/50/50 399/92/85
f 390/82/77 389/81/76 322/10/10
f 322/10/10 321/9/9 390/82/77
f 393/85/80 392/84/79 401/94/87
f 401/94/87 367/55/54 393/85/80
f 361/49/102 347/86/101 331/19/19
f 331/19/19 330/18/18 361/49/102
f 342/30/30 398/91/42 354/42/42
f 354/42/42 353/41/41 342/30/30
f 398/91/42 393/85/80 367/55/54
f 367/55/54 354/42/42 398/91/42
f 356/44/44 377/68/64 394/87/81
f 394/87/81 353/41/41 356/44/44
f 402/95/88 378/96/65 396/89/83
f 396/89/83 395/88/82 402/95/88
f 330/18/18 329/17/17 381/73/68
f 381/73/68 399/92/85 330/18/18
f 381/73/68 385/77/72 400/93/86
f 400/93/86 399/92/85 381/73/68
f 403/97/89 404/98/90 314/2/2
f 314/2/2 313/1/1 403/97/89
f 339/27/109 405/99/91 406/100/92
f 406/100/92 318/6/6 339/27/109
f 366/54/53 365/53/16 407/101/15
f 407/101/15 385/77/72 366/54/53
f 352/40/40 374/64/61 408/102/93
f 408/102/93 349/37/37 352/40/40
f 357/45/45 405/99/91 339/27/109
f 339/27/109 338/26/108 357/45/45
f 334/22/22 409/103/38 350/38/38
f 350/38/38 349/37/37 334/22/22
f 338/26/108 337/25/107 384/76/71
f 384/76/71 410/104/94 338/26/108
f 409/103/38 328/16/16 365/53/16
f 365/53/16 350/38/38 409/103/38
f 384/76/71 387/79/74 411/105/95
f 411/105/95 410/104/94 384/76/71
f 370/58/57 412/106/96 413/107/97
f 413/107/97 371/59/58 370/58/57
f 370/58/57 400/93/86 414/108/98
f 414/108/98 412/106/96 370/58/57
f 365/53/16 328/16/16 327/15/15
f 327/15/15 407/101/15 365/53/16
f 349/37/37 408/102/93 335/23/23
f 335/23/23 334/22/22 349/37/37
f 338/26/108 410/104/94 358/46/46
f 358/46/46 357/45/45 338/26/108
f 410/104/94 411/105/95 368/56/55
f 368/56/55 358/46/46 410/104/94
f 412/106/96 392/84/79 391/83/78
f 391/83/78 413/107/97 412/106/96
f 392/84/79 412/106/96 414/108/98
f 414/108/98 401/94/87 392/84/79
f 403/97/89 373/63/60 372/62/59
f 372/62/59 404/98/90 403/97/89
f 405/99/91 376/67/63 380/72/67
f 380/72/67 406/100/92 405/99/91
f 360/48/112 376/67/63 405/99/91
f 405/99/91 357/45/45 360/48/112
f 334/22/22 333/21/21 382/74/69
f 382/74/69 409/103/38 334/22/22
f 382/74/69 325/13/13 328/16/16
f 328/16/16 409/103/38 382/74/69
f 314/2/2 408/102/93 374/64/61
f 374/64/61 315/3/3 314/2/2
f 340/28/28 339/27/109 318/6/6
f 318/6/6 317/5/5 340/28/28
f 394/109/81 377/110/64 323/11/11
f 323/11/11 322/10/10 394/109/81
f 375/111/62 397/90/84 346/34/34
f 346/34/34 345/33/33 375/111/62
f 377/68/64 336/24/24 372/62/59
f 372/62/59 323/61/11 377/68/64
f 348/70/111 340/28/28 317/5/5
f 317/5/5 345/66/33 348/70/111
f 402/112/88 316/4/4 315/3/3
f 315/3/3 378/69/65 402/112/88
f 388/80/75 415/113/99 380/72/67
f 380/72/67 379/71/66 388/80/75
f 344/32/32 343/114/31 389/81/76
f 389/81/76 379/71/66 344/32/32
f 331/115/19 347/35/101 346/34/34
f 346/34/34 396/89/83 331/115/19
f 343/114/31 394/109/81 322/10/10
f 322/10/10 389/81/76 343/114/31
f 332/116/20 331/115/19 396/89/83
f 396/89/83 378/96/65 332/116/20
f 335/23/23 408/102/93 314/2/2
f 314/2/2 404/98/90 335/23/23
f 416/117/100 319/7/7 318/6/6
f 318/6/6 406/100/92 416/117/100
f 336/24/24 335/23/23 404/98/90
f 404/98/90 372/62/59 336/24/24
f 415/113/99 416/117/100 406/100/92
f 406/100/92 380/72/67 415/113/99
f 367/55/54 401/94/87 327/15/15
f 327/15/15 326/14/14 367/55/54
f 401/94/87 414/108/98 407/101/15
f 407/101/15 327/15/15 401/94/87
f 414/108/98 400/93/86 385/77/72
f 385/77/72 407/101/15 414/108/98
f 369/57/56 368/56/55 391/83/78
f 391/83/78 386/78/114 369/57/56
f 368/56/55 411/105/95 413/107/97
f 413/107/97 391/83/78 368/56/55
f 413/107/97 411/105/95 387/79/74
f 387/79/74 371/59/58 413/107/97
f 417/1/115 418/2/116 419/3/117
f 419/3/117 420/4/118 417/1/115
f 421/5/119 422/6/120 423/7/121
f 423/7/121 424/8/122 421/5/119
f 425/9/123 426/10/124 427/11/125
f 427/11/125 428/12/126 425/9/123
f 429/13/127 430/14/128 431/15/15
f 431/15/15 432/16/129 429/13/127
f 433/17/130 434/18/131 435/19/132
f 435/19/132 436/20/133 433/17/130
f 437/21/134 438/22/135 439/23/136
f 439/23/136 440/24/137 437/21/134
f 441/25/138 442/26/139 443/27/140
f 443/27/140 444/28/141 441/25/138
f 445/29/142 446/30/143 447/31/144
f 447/31/144 448/32/145 445/29/142
f 449/33/146 450/34/147 451/35/148
f 451/35/148 452/36/149 449/33/146
f 453/37/150 454/38/151 455/39/152
f 455/39/152 456/40/153 453/37/150
f 457/41/154 458/42/155 459/43/156
f 459/43/156 460/44/157 457/41/154
f 461/45/158 462/46/159 463/47/160
f 463/47/160 464/48/161 461/45/158
f 465/49/162 466/50/163 467/51/164
f 467/51/164 468/52/165 465/49/162
f 455/39/152 454/38/151 469/53/129
f 469/53/129 470/54/166 455/39/152
f 458/42/155 471/55/167 430/14/128
f 430/14/128 459/43/156 458/42/155
f 463/47/160 462/46/159 472/56/168
f 472/56/168 473/57/169 463/47/160
f 466/50/163 474/58/170 475/59/171
f 475/59/171 467/51/164 466/50/163
f 428/60/126 427/61/125 476/62/172
f 476/62/172 477/63/173 428/60/126
f 456/40/153 433/17/130 436/20/133
f 436/20/133 478/64/174 456/40/153
f 479/65/175 449/66/146 421/5/119
f 421/5/119 424/8/122 479/65/175
f 464/48/161 445/29/142 448/32/145
f 448/32/145 480/67/176 464/48/161
f 440/24/137 481/68/177 460/44/157
f 460/44/157 437/21/134 440/24/137
f 436/20/133 482/69/178 419/3/117
f 419/3/117 478/64/174 436/20/133
f 444/28/141 452/70/149 468/52/165
f 468/52/165 441/25/138 444/28/141
f 448/32/145 483/71/179 484/72/180
f 484/72/180 480/67/176 448/32/145
f 433/17/130 456/40/153 455/39/152
f 455/39/152 485/73/181 433/17/130
f 437/21/134 460/44/157 459/43/156
f 459/43/156 486/74/182 437/21/134
f 445/29/142 464/48/161 463/47/160
f 463/47/160 487/75/183 445/29/142
f 441/25/138 468/52/165 467/51/164
f 467/51/164 488/76/184 441/25/138
f 485/73/181 455/39/152 470/54/166
f 470/54/166 489/77/185 485/73/181
f 486/74/182 459/43/156 430/14/128
f 430/14/128 429/13/127 486/74/182
f 487/75/183 463/47/160 473/57/169
f 473/57/169 490/78/186 487/75/183
f 488/76/184 467/51/164 475/59/171
f 475/59/171 491/79/187 488/76/184
f 492/80/188 483/71/179 493/81/189
f 493/81/189 494/82/190 492/80/188
f 490/78/186 495/83/191 496/84/192
f 496/84/192 497/85/193 490/78/186
f 468/52/165 452/70/149 451/86/148
f 451/86/148 465/49/162 468/52/165
f 457/41/154 498/87/194 447/31/144
f 447/31/144 446/30/143 457/41/154
f 499/88/195 500/89/196 450/34/147
f 450/34/147 501/90/197 499/88/195
f 446/30/143 445/29/142 487/75/183
f 487/75/183 502/91/155 446/30/143
f 434/18/131 503/92/198 466/50/163
f 466/50/163 465/49/162 434/18/131
f 487/75/183 490/78/186 497/85/193
f 497/85/193 502/91/155 487/75/183
f 503/92/198 504/93/199 474/58/170
f 474/58/170 466/50/163 503/92/198
f 494/82/190 493/81/189 426/10/124
f 426/10/124 425/9/123 494/82/190
f 497/85/193 496/84/192 505/94/200
f 505/94/200 471/55/167 497/85/193
f 465/49/162 451/86/148 435/19/132
f 435/19/132 434/18/131 465/49/162
f 446/30/143 502/91/155 458/42/155
f 458/42/155 457/41/154 446/30/143
f 502/91/155 497/85/193 471/55/167
f 471/55/167 458/42/155 502/91/155
f 460/44/157 481/68/177 498/87/194
f 498/87/194 457/41/154 460/44/157
f 506/95/201 482/96/178 500/89/196
f 500/89/196 499/88/195 506/95/201
f 434/18/131 433/17/130 485/73/181
f 485/73/181 503/92/198 434/18/131
f 485/73/181 489/77/185 504/93/199
f 504/93/199 503/92/198 485/73/181
f 507/97/202 508/98/203 418/2/116
f 418/2/116 417/1/115 507/97/202
f 443/27/140 509/99/204 510/100/205
f 510/100/205 422/6/120 443/27/140
f 470/54/166 469/53/129 511/101/15
f 511/101/15 489/77/185 470/54/166
f 456/40/153 478/64/174 512/102/206
f 512/102/206 453/37/150 456/40/153
f 461/45/158 509/99/204 443/27/140
f 443/27/140 442/26/139 461/45/158
f 438/22/135 513/103/151 454/38/151
f 454/38/151 453/37/150 438/22/135
f 442/26/139 441/25/138 488/76/184
f 488/76/184 514/104/207 442/26/139
f 513/103/151 432/16/129 469/53/129
f 469/53/129 454/38/151 513/103/151
f 488/76/184 491/79/187 515/105/208
f 515/105/208 514/104/207 488/76/184
f 474/58/170 516/106/209 517/107/210
f 517/107/210 475/59/171 474/58/170
f 474/58/170 504/93/199 518/108/211
f 518/108/211 516/106/209 474/58/170
f 469/53/129 432/16/129 431/15/15
f 431/15/15 511/101/15 469/53/129
f 453/37/150 512/102/206 439/23/136
f 439/23/136 438/22/135 453/37/150
f 442/26/139 514/104/207 462/46/159
f 462/46/159 461/45/158 442/26/139
f 514/104/207 515/105/208 472/56/168
f 472/56/168 462/46/159 514/104/207
f 516/106/209 496/84/192 495/83/191
f 495/83/191 517/107/210 516/106/209
f 496/84/192 516/106/209 518/108/211
f 518/108/211 505/94/200 496/84/192
f 507/97/202 477/63/173 476/62/172
f 476/62/172 508/98/203 507/97/202
f 509/99/204 480/67/176 484/72/180
f 484/72/180 510/100/205 509/99/204
f 464/48/161 480/67/176 509/99/204
f 509/99/204 461/45/158 464/48/161
f 438/22/135 437/21/134 486/74/182
f 486/74/182 513/103/151 438/22/135
f 486/74/182 429/13/127 432/16/129
f 432/16/129 513/103/151 486/74/182
f 418/2/116 512/102/206 478/64/174
f 478/64/174 419/3/117 418/2/116
f 444/28/141 443/27/140 422/6/120
f 422/6/120 421/5/119 444/28/141
f 498/109/194 481/110/177 427/11/125
f 427/11/125 426/10/124 498/109/194
f 479/111/175 501/90/197 450/34/147
f 450/34/147 449/33/146 479/111/175
f 481/68/177 440/24/137 476/62/172
f 476/62/172 427/61/125 481/68/177
f 452/70/149 444/28/141 421/5/119
f 421/5/119 449/66/146 452/70/149
f 506/112/201 420/4/118 419/3/117
f 419/3/117 482/69/178 506/112/201
f 492/80/188 519/113/212 484/72/180
f 484/72/180 483/71/179 492/80/188
f 448/32/145 447/114/144 493/81/189
f 493/81/189 483/71/179 448/32/145
f 435/115/132 451/35/148 450/34/147
f 450/34/147 500/89/196 435/115/132
f 447/114/144 498/109/194 426/10/124
f 426/10/124 493/81/189 447/114/144
f 436/116/133 435/115/132 500/89/196
f 500/89/196 482/96/178 436/116/133
f 439/23/136 512/102/206 418/2/116
f 418/2/116 508/98/203 439/23/136
f 520/117/213 423/7/121 422/6/120
f 422/6/120 510/100/205 520/117/213
f 440/24/137 439/23/136 508/98/203
f 508/98/203 476/62/172 440/24/137
f 519/113/212 520/117/213 510/100/205
f 510/100/205 484/72/180 519/113/212
f 471/55/167 505/94/200 431/15/15
f 431/15/15 430/14/128 471/55/167
f 505/94/200 518/108/211 511/101/15
f 511/101/15 431/15/15 505/94/200
f 518/108/211 504/93/199 489/77/185
f 489/77/185 511/101/15 518/108/211
f 473/57/169 472/56/168 495/83/191
f 495/83/191 490/78/186 473/57/169
f 472/56/168 515/105/208 517/107/210
f 517/107/210 495/83/191 472/56/168
f 517/107/210 515/105/208 491/79/187
f 491/79/187 475/59/171 517/107/210
f 521/1/214 522/2/215 523/3/216
f 523/3/216 524/4/217 521/1/214
f 525/5/218 526/6/219 527/7/220
f 527/7/220 528/8/221 525/5/218
f 529/9/222 530/10/223 531/11/224
f 531/11/224 532/12/225 529/9/222
f 533/13/226 534/14/227 535/15/15
f 535/15/15 536/16/228 533/13/226
f 537/17/229 538/18/230 539/19/231
f 539/19/231 540/20/232 537/17/229
f 541/21/233 542/22/234 543/23/235
f 543/23/235 544/24/236 541/21/233
f 545/25/237 546/26/238 547/27/239
f 547/27/239 548/28/240 545/25/237
f 549/29/241 550/30/242 551/31/243
f 551/31/243 552/32/244 549/29/241
f 553/33/245 554/34/246 555/35/247
f 555/35/247 556/36/248 553/33/245
f 557/37/249 558/38/250 559/39/251
f 559/39/251 560/40/252 557/37/249
f 561/41/253 562/42/254 563/43/255
f 563/43/255 564/44/256 561/41/253
f 565/45/257 566/46/258 567/47/259
f 567/47/259 568/48/260 565/45/257
f 569/49/261 570/50/262 571/51/263
f 571/51/263 572/52/264 569/49/261
f 559/39/251 558/38/250 573/53/228
f 573/53/228 574/54/265 559/39/251
f 562/42/254 575/55/266 534/14/227
f 534/14/227 563/43/255 562/42/254
f 567/47/259 566/46/258 576/56/267
f 576/56/267 577/57/268 567/47/259
f 570/50/262 578/58/269 579/59/270
f 579/59/270 571/51/263 570/50/262
f 532/60/225 531/61/224 580/62/271
f 580/62/271 581/63/272 532/60/225
f 560/40/252 537/17/229 540/20/232
f 540/20/232 582/64/273 560/40/252
f 583/65/274 553/66/245 525/5/218
f 525/5/218 528/8/221 583/65/274
f 568/48/260 549/29/241 552/32/244
f 552/32/244 584/67/275 568/48/260
f 544/24/236 585/68/276 564/44/256
f 564/44/256 541/21/233 544/24/236
f 540/20/232 586/69/277 523/3/216
f 523/3/216 582/64/273 540/20/232
f 548/28/240 556/70/248 572/52/264
f 572/52/264 545/25/237 548/28/240
f 552/32/244 587/71/278 588/72/279
f 588/72/279 584/67/275 552/32/244
f 537/17/229 560/40/252 559/39/251
f 559/39/251 589/73/280 537/17/229
f 541/21/233 564/44/256 563/43/255
f 563/43/255 590/74/281 541/21/233
f 549/29/241 568/48/260 567/47/259
f 567/47/259 591/75/282 549/29/241
f 545/25/237 572/52/264 571/51/263
f 571/51/263 592/76/283 545/25/237
f 589/73/280 559/39/251 574/54/265
f 574/54/265 593/77/284 589/73/280
f 590/74/281 563/43/255 534/14/227
f 534/14/227 533/13/226 590/74/281
f 591/75/282 567/47/259 577/57/268
f 577/57/268 594/78/285 591/75/282
f 592/76/283 571/51/263 579/59/270
f 579/59/270 595/79/286 592/76/283
f 596/80/287 587/71/278 597/81/288
f 597/81/288 598/82/289 596/80/287
f 594/78/285 599/83/290 600/84/291
f 600/84/291 601/85/292 594/78/285
f 572/52/264 556/70/248 555/86/247
f 555/86/247 569/49/261 572/52/264
f 561/41/253 602/87/293 551/31/243
f 551/31/243 550/30/242 561/41/253
f 603/88/294 604/89/295 554/34/246
f 554/34/246 605/90/296 603/88/294
f 550/30/242 549/29/241 591/75/282
f 591/75/282 606/91/254 550/30/242
f 538/18/230 607/92/297 570/50/262
f 570/50/262 569/49/261 538/18/230
f 591/75/282 594/78/285 601/85/292
f 601/85/292 606/91/254 591/75/282
f 607/92/297 608/93/298 578/58/269
f 578/58/269 570/50/262 607/92/297
f 598/82/289 597/81/288 530/10/223
f 530/10/223 529/9/222 598/82/289
f 601/85/292 600/84/291 609/94/299
f 609/94/299 575/55/266 601/85/292
f 569/49/261 555/86/247 539/19/231
f 539/19/231 538/18/230 569/49/261
f 550/30/242 606/91/254 562/42/254
f 562/42/254 561/41/253 550/30/242
f 606/91/254 601/85/292 575/55/266
f 575/55/266 562/42/254 606/91/254
f 564/44/256 585/68/276 602/87/293
f 602/87/293 561/41/253 564/44/256
f 610/95/300 586/96/277 604/89/295
f 604/89/295 603/88/294 610/95/300
f 538/18/230 537/17/229 589/73/280
f 589/73/280 607/92/297 538/18/230
f 589/73/280 593/77/284 608/93/298
f 608/93/298 607/92/297 589/73/280
f 611/97/301 612/98/302 522/2/215
f 522/2/215 521/1/214 611/97/301
f 547/27/239 613/99/303 614/100/304
f 614/100/304 526/6/219 547/27/239
f 574/54/265 573/53/228 615/101/15
f 615/101/15 593/77/284 574/54/265
f 560/40/252 582/64/273 616/102/305
f 616/102/305 557/37/249 560/40/252
f 565/45/257 613/99/303 547/27/239
f 547/27/239 546/26/238 565/45/257
f 542/22/234 617/103/250 558/38/250
f 558/38/250 557/37/249 542/22/234
f 546/26/238 545/25/237 592/76/283
f 592/76/283 618/104/306 546/26/238
f 617/103/250 536/16/228 573/53/228
f 573/53/228 558/38/250 617/103/250
f 592/76/283 595/79/286 619/105/307
f 619/105/307 618/104/306 592/76/283
f 578/58/269 620/106/308 621/107/309
f 621/107/309 579/59/270 578/58/269
f 578/58/269 608/93/298 622/108/310
f 622/108/310 620/106/308 578/58/269
f 573/53/228 536/16/228 535/15/15
f 535/15/15 615/101/15 573/53/228
f 557/37/249 616/102/305 543/23/235
f 543/23/235 542/22/234 557/37/249
f 546/26/238 618/104/306 566/46/258
f 566/46/258 565/45/257 546/26/238
f 618/104/306 619/105/307 576/56/267
f 576/56/267 566/46/258 618/104/306
f 620/106/308 600/84/291 599/83/290
f 599/83/290 621/107/309 620/106/308
f 600/84/291 620/106/308 622/108/310
f 622/108/310 609/94/299 600/84/291
f 611/97/301 581/63/272 580/62/271
f 580/62/271 612/98/302 611/97/301
f 613/99/303 584/67/275 588/72/279
f 588/72/279 614/100/304 613/99/303
f 568/48/260 584/67/275 613/99/303
f 613/99/303 565/45/257 568/48/260
f 542/22/234 541/21/233 590/74/281
f 590/74/281 617/103/250 542/22/234
f 590/74/281 533/13/226 536/16/228
f 536/16/228 617/103/250 590/74/281
f 522/2/215 616/102/305 582/64/273
f 582/64/273 523/3/216 522/2/215
f 548/28/240 547/27/239 526/6/219
f 526/6/219 525/5/218 548/28/240
f 602/109/293 585/110/276 531/11/224
f 531/11/224 530/10/223 602/109/293
f 583/111/274 605/90/296 554/34/246
f 554/34/246 553/33/245 583/111/274
f 585/68/276 544/24/236 580/62/271
f 580/62/271 531/61/224 585/68/276
f 556/70/248 548/28/240 525/5/218
f 525/5/218 553/66/245 556/70/248
f 610/112/300 524/4/217 523/3/216
f 523/3/216 586/69/277 610/112/300
f 596/80/287 623/113/311 588/72/279
f 588/72/279 587/71/278 596/80/287
f 552/32/244 551/114/243 597/81/288
f 597/81/288 587/71/278 552/32/244
f 539/115/231 555/35/247 554/34/246
f 554/34/246 604/89/295 539/115/231
f 551/114/243 602/109/293 530/10/223
f 530/10/223 597/81/288 551/114/243
f 540/116/232 539/115/231 604/89/295
f 604/89/295 586/96/277 540/116/232
f 543/23/235 616/102/305 522/2/215
f 522/2/215 612/98/302 543/23/235
f 624/117/312 527/7/220 526/6/219
f 526/6/219 614/100/304 624/117/312
f 544/24/236 543/23/235 612/98/302
f 612/98/302 580/62/271 544/24/236
f 623/113/311 624/117/312 614/100/304
f 614/100/304 588/72/279 623/113/311
f 575/55/266 609/94/299 535/15/15
f 535/15/15 534/14/227 575/55/266
f 609/94/299 622/108/310 615/101/15
f 615/101/15 535/15/15 609/94/299
f 622/108/310 608/93/298 593/77/284
f 593/77/284 615/101/15 622/108/310
f 577/57/268 576/56/267 599/83/290
f 599/83/290 594/78/285 577/57/268
f 576/56/267 619/105/307 621/107/309
f 621/107/309 599/83/290 576/56/267
f 621/107/309 619/105/307 595/79/286
f 595/79/286 579/59/270 621/107/309
f 625/1/115 626/2/116 627/3/117
f 627/3/117 628/4/118 625/1/115
f 629/5/313 630/6/120 631/7/121
f 631/7/121 632/8/122 629/5/313
f 633/9/123 634/10/124 635/11/314
f 635/11/314 636/12/126 633/9/123
f 637/13/127 638/14/128 639/15/15
f 639/15/15 640/16/129 637/13/127
f 641/17/130 642/18/131 643/19/132
f 643/19/132 644/20/133 641/17/130
f 645/21/134 646/22/135 647/23/136
f 647/23/136 648/24/137 645/21/134
f 649/25/138 650/26/139 651/27/140
f 651/27/140 652/28/141 649/25/138
f 653/29/142 654/30/143 655/31/144
f 655/31/144 656/32/145 653/29/142
f 657/33/315 658/34/147 659/35/148
f 659/35/148 660/36/316 657/33/315
f 661/37/150 662/38/151 663/39/152
f 663/39/152 664/40/153 661/37/150
f 665/41/154 666/42/155 667/43/156
f 667/43/156 668/44/157 665/41/154
f 669/45/158 670/46/159 671/47/160
f 671/47/160 672/48/161 669/45/158
f 673/49/162 674/50/163 675/51/164
f 675/51/164 676/52/317 673/49/162
f 663/39/152 662/38/151 677/53/129
f 677/53/129 678/54/318 663/39/152
f 666/42/155 679/55/167 638/14/128
f 638/14/128 667/43/156 666/42/155
f 671/47/160 670/46/159 680/56/168
f 680/56/168 681/57/169 671/47/160
f 674/50/163 682/58/170 683/59/171
f 683/59/171 675/51/164 674/50/163
f 636/60/126 635/61/314 684/62/172
f 684/62/172 685/63/173 636/60/126
f 664/40/153 641/17/130 644/20/133
f 644/20/133 686/64/174 664/40/153
f 687/65/175 657/66/315 629/5/313
f 629/5/313 632/8/122 687/65/175
f 672/48/161 653/29/142 656/32/145
f 656/32/145 688/67/176 672/48/161
f 648/24/137 689/68/177 668/44/157
f 668/44/157 645/21/134 648/24/137
f 644/20/133 690/69/178 627/3/117
f 627/3/117 686/64/174 644/20/133
f 652/28/141 660/70/316 676/52/317
f 676/52/317 649/25/138 652/28/141
f 656/32/145 691/71/319 692/72/320
f 692/72/320 688/67/176 656/32/145
f 641/17/130 664/40/153 663/39/152
f 663/39/152 693/73/181 641/17/130
f 645/21/134 668/44/157 667/43/156
f 667/43/156 694/74/321 645/21/134
f 653/29/142 672/48/161 671/47/160
f 671/47/160 695/75/183 653/29/142
f 649/25/138 676/52/317 675/51/164
f 675/51/164 696/76/184 649/25/138
f 693/73/181 663/39/152 678/54/318
f 678/54/318 697/77/185 693/73/181
f 694/74/321 667/43/156 638/14/128
f 638/14/128 637/13/127 694/74/321
f 695/75/183 671/47/160 681/57/169
f 681/57/169 698/78/186 695/75/183
f 696/76/184 675/51/164 683/59/171
f 683/59/171 699/79/322 696/76/184
f 700/80/188 691/71/319 701/81/189
f 701/81/189 702/82/190 700/80/188
f 698/78/186 703/83/191 704/84/192
f 704/84/192 705/85/193 698/78/186
f 676/52/317 660/70/316 659/86/148
f 659/86/148 673/49/162 676/52/317
f 665/41/154 706/87/194 655/31/144
f 655/31/144 654/30/143 665/41/154
f 707/88/195 708/89/196 658/34/147
f 658/34/147 709/90/197 707/88/195
f 654/30/143 653/29/142 695/75/183
f 695/75/183 710/91/155 654/30/143
f 642/18/131 711/92/198 674/50/163
f 674/50/163 673/49/162 642/18/131
f 695/75/183 698/78/186 705/85/193
f 705/85/193 710/91/155 695/75/183
f 711/92/198 712/93/199 682/58/170
f 682/58/170 674/50/163 711/92/198
f 702/82/190 701/81/189 634/10/124
f 634/10/124 633/9/123 702/82/190
f 705/85/193 704/84/192 713/94/200
f 713/94/200 679/55/167 705/85/193
f 673/49/162 659/86/148 643/19/132
f 643/19/132 642/18/131 673/49/162
f 654/30/143 710/91/155 666/42/155
f 666/42/155 665/41/154 654/30/143
f 710/91/155 705/85/193 679/55/167
f 679/55/167 666/42/155 710/91/155
f 668/44/157 689/68/177 706/87/194
f 706/87/194 665/41/154 668/44/157
f 714/95/201 690/96/178 708/89/196
f 708/89/196 707/88/195 714/95/201
f 642/18/131 641/17/130 693/73/181
f 693/73/181 711/92/198 642/18/131
f 693/73/181 697/77/185 712/93/199
f 712/93/199 711/92/198 693/73/181
f 715/97/202 716/98/203 626/2/116
f 626/2/116 625/1/115 715/97/202
f 651/27/140 717/99/204 718/100/205
f 718/100/205 630/6/120 651/27/140
f 678/54/318 677/53/129 719/101/15
f 719/101/15 697/77/185 678/54/318
f 664/40/153 686/64/174 720/102/206
f 720/102/206 661/37/150 664/40/153
f 669/45/158 717/99/204 651/27/140
f 651/27/140 650/26/139 669/45/158
f 646/22/135 721/103/151 662/38/151
f 662/38/151 661/37/150 646/22/135
f 650/26/139 649/25/138 696/76/184
f 696/76/184 722/104/207 650/26/139
f 721/103/151 640/16/129 677/53/129
f 677/53/129 662/38/151 721/103/151
f 696/76/184 699/79/322 723/105/208
f 723/105/208 722/104/207 696/76/184
f 682/58/170 724/106/209 725/107/210
f 725/107/210 683/59/171 682/58/170
f 682/58/170 712/93/199 726/108/211
f 726/108/211 724/106/209 682/58/170
f 677/53/129 640/16/129 639/15/15
f 639/15/15 719/101/15 677/53/129
f 661/37/150 720/102/206 647/23/136
f 647/23/136 646/22/135 661/37/150
f 650/26/139 722/104/207 670/46/159
f 670/46/159 669/45/158 650/26/139
f 722/104/207 723/105/208 680/56/168
f 680/56/168 670/46/159 722/104/207
f 724/106/209 704/84/192 703/83/191
f 703/83/191 725/107/210 724/106/209
f 704/84/192 724/106/209 726/108/211
f 726/108/211 713/94/200 704/84/192
f 715/97/202 685/63/173 684/62/172
f 684/62/172 716/98/203 715/97/202
f 717/99/204 688/67/176 692/72/320
f 692/72/320 718/100/205 717/99/204
f 672/48/161 688/67/176 717/99/204
f 717/99/204 669/45/158 672/48/161
f 646/22/135 645/21/134 694/74/321
f 694/74/321 721/103/151 646/22/135
f 694/74/321 637/13/127 640/16/129
f 640/16/129 721/103/151 694/74/321
f 626/2/116 720/102/206 686/64/174
f 686/64/174 627/3/117 626/2/116
f 652/28/141 651/27/140 630/6/120
f 630/6/120 629/5/313 652/28/141
f 706/109/194 689/110/177 635/11/314
f 635/11/314 634/10/124 706/109/194
f 687/111/175 709/90/197 658/34/147
f 658/34/147 657/33/315 687/111/175
f 689/68/177 648/24/137 684/62/172
f 684/62/172 635/61/314 689/68/177
f 660/70/316 652/28/141 629/5/313
f 629/5/313 657/66/315 660/70/316
f 714/112/201 628/4/118 627/3/117
f 627/3/117 690/69/178 714/112/201
f 700/80/188 727/113/212 692/72/320
f 692/72/320 691/71/319 700/80/188
f 656/32/145 655/114/144 701/81/189
f 701/81/189 691/71/319 656/32/145
f 643/115/132 659/35/148 658/34/147
f 658/34/147 708/89/196 643/115/132
f 655/114/144 706/109/194 634/10/124
f 634/10/124 701/81/189 655/114/144
f 644/116/133 643/115/132 708/89/196
f 708/89/196 690/96/178 644/116/133
f 647/23/136 720/102/206 626/2/116
f 626/2/116 716/98/203 647/23/136
f 728/117/213 631/7/121 630/6/120
f 630/6/120 718/100/205 728/117/213
f 648/24/137 647/23/136 716/98/203
f 716/98/203 684/62/172 648/24/137
f 727/113/212 728/117/213 718/100/205
f 718/100/205 692/72/320 727/113/212
f 679/55/167 713/94/200 639/15/15
f 639/15/15 638/14/128 679/55/167
f 713/94/200 726/108/211 719/101/15
f 719/101/15 639/15/15 713/94/200
f 726/108/211 712/93/199 697/77/185
f 697/77/185 719/101/15 726/108/211
f 681/57/169 680/56/168 703/83/191
f 703/83/191 698/78/186 681/57/169
f 680/56/168 723/105/208 725/107/210
f 725/107/210 703/83/191 680/56/168
f 725/107/210 723/105/208 699/79/322
f 699/79/322 683/59/171 725/107/210
f 729/1/214 730/2/215 731/3/323
f 731/3/323 732/4/217 729/1/214
f 733/5/218 734/6/219 735/7/220
f 735/7/220 736/8/221 733/5/218
f 737/9/222 738/10/223 739/11/224
f 739/11/224 740/12/225 737/9/222
f 741/13/324 742/14/227 743/15/15
f 743/15/15 744/16/228 741/13/324
f 745/17/325 746/18/230 747/19/231
f 747/19/231 748/20/232 745/17/325
f 749/21/233 750/22/234 751/23/235
f 751/23/235 752/24/236 749/21/233
f 753/25/237 754/26/238 755/27/239
f 755/27/239 756/28/326 753/25/237
f 757/29/327 758/30/242 759/31/243
f 759/31/243 760/32/244 757/29/327
f 761/33/245 762/34/246 763/35/247
f 763/35/247 764/36/248 761/33/245
f 765/37/249 766/38/250 767/39/328
f 767/39/328 768/40/252 765/37/249
f 769/41/253 770/42/254 771/43/255
f 771/43/255 772/44/256 769/41/253
f 773/45/257 774/46/258 775/47/259
f 775/47/259 776/48/260 773/45/257
f 777/49/261 778/50/262 779/51/329
f 779/51/329 780/52/264 777/49/261
f 767/39/328 766/38/250 781/53/228
f 781/53/228 782/54/330 767/39/328
f 770/42/254 783/55/266 742/14/227
f 742/14/227 771/43/255 770/42/254
f 775/47/259 774/46/258 784/56/267
f 784/56/267 785/57/268 775/47/259
f 778/50/262 786/58/269 787/59/270
f 787/59/270 779/51/329 778/50/262
f 740/60/225 739/61/224 788/62/271
f 788/62/271 789/63/272 740/60/225
f 768/40/252 745/17/325 748/20/232
f 748/20/232 790/64/273 768/40/252
f 791/65/274 761/66/245 733/5/218
f 733/5/218 736/8/221 791/65/274
f 776/48/260 757/29/327 760/32/244
f 760/32/244 792/67/275 776/48/260
f 752/24/236 793/68/276 772/44/256
f 772/44/256 749/21/233 752/24/236
f 748/20/232 794/69/277 731/3/323
f 731/3/323 790/64/273 748/20/232
f 756/28/326 764/70/248 780/52/264
f 780/52/264 753/25/237 756/28/326
f 760/32/244 795/71/278 796/72/279
f 796/72/279 792/67/275 760/32/244
f 745/17/325 768/40/252 767/39/328
f 767/39/328 797/73/280 745/17/325
f 749/21/233 772/44/256 771/43/255
f 771/43/255 798/74/281 749/21/233
f 757/29/327 776/48/260 775/47/259
f 775/47/259 799/75/282 757/29/327
f 753/25/237 780/52/264 779/51/329
f 779/51/329 800/76/283 753/25/237
f 797/73/280 767/39/328 782/54/330
f 782/54/330 801/77/284 797/73/280
f 798/74/281 771/43/255 742/14/227
f 742/14/227 741/13/324 798/74/281
f 799/75/282 775/47/259 785/57/268
f 785/57/268 802/78/285 799/75/282
f 800/76/283 779/51/329 787/59/270
f 787/59/270 803/79/286 800/76/283
f 804/80/287 795/71/278 805/81/288
f 805/81/288 806/82/289 804/80/287
f 802/78/285 807/83/331 808/84/291
f 808/84/291 809/85/292 802/78/285
f 780/52/264 764/70/248 763/86/247
f 763/86/247 777/49/261 780/52/264
f 769/41/253 810/87/293 759/31/243
f 759/31/243 758/30/242 769/41/253
f 811/88/294 812/89/295 762/34/246
f 762/34/246 813/90/296 811/88/294
f 758/30/242 757/29/327 799/75/282
f 799/75/282 814/91/254 758/30/242
f 746/18/230 815/92/297 778/50/262
f 778/50/262 777/49/261 746/18/230
f 799/75/282 802/78/285 809/85/292
f 809/85/292 814/91/254 799/75/282
f 815/92/297 816/93/298 786/58/269
f 786/58/269 778/50/262 815/92/297
f 806/82/289 805/81/288 738/10/223
f 738/10/223 737/9/222 806/82/289
f 809/85/292 808/84/291 817/94/299
f 817/94/299 783/55/266 809/85/292
f 777/49/261 763/86/247 747/19/231
f 747/19/231 746/18/230 777/49/261
f 758/30/242 814/91/254 770/42/254
f 770/42/254 769/41/253 758/30/242
f 814/91/254 809/85/292 783/55/266
f 783/55/266 770/42/254 814/91/254
f 772/44/256 793/68/276 810/87/293
f 810/87/293 769/41/253 772/44/256
f 818/95/300 794/96/277 812/89/295
f 812/89/295 811/88/294 818/95/300
f 746/18/230 745/17/325 797/73/280
f 797/73/280 815/92/297 746/18/230
f 797/73/280 801/77/284 816/93/298
f 816/93/298 815/92/297 797/73/280
f 819/97/301 820/98/302 730/2/215
f 730/2/215 729/1/214 819/97/301
f 755/27/239 821/99/303 822/100/304
f 822/100/304 734/6/219 755/27/239
f 782/54/330 781/53/228 823/101/15
f 823/101/15 801/77/284 782/54/330
f 768/40/252 790/64/273 824/102/305
f 824/102/305 765/37/249 768/40/252
f 773/45/257 821/99/303 755/27/239
f 755/27/239 754/26/238 773/45/257
f 750/22/234 825/103/250 766/38/250
f 766/38/250 765/37/249 750/22/234
f 754/26/238 753/25/237 800/76/283
f 800/76/283 826/104/306 754/26/238
f 825/103/250 744/16/228 781/53/228
f 781/53/228 766/38/250 825/103/250
f 800/76/283 803/79/286 827/105/307
f 827/105/307 826/104/306 800/76/283
f 786/58/269 828/106/308 829/107/309
f 829/107/309 787/59/270 786/58/269
f 786/58/269 816/93/298 830/108/310
f 830/108/310 828/106/308 786/58/269
f 781/53/228 744/16/228 743/15/15
f 743/15/15 823/101/15 781/53/228
f 765/37/249 824/102/305 751/23/235
f 751/23/235 750/22/234 765/37/249
f 754/26/238 826/104/306 774/46/258
f 774/46/258 773/45/257 754/26/238
f 826/104/306 827/105/307 784/56/267
f 784/56/267 774/46/258 826/104/306
f 828/106/308 808/84/291 807/83/331
f 807/83/331 829/107/309 828/106/308
f 808/84/291 828/106/308 830/108/310
f 830/108/310 817/94/299 808/84/291
f 819/97/301 789/63/272 788/62/271
f 788/62/271 820/98/302 819/97/301
f 821/99/303 792/67/275 796/72/279
f 796/72/279 822/100/304 821/99/303
f 776/48/260 792/67/275 821/99/303
f 821/99/303 773/45/257 776/48/260
f 750/22/234 749/21/233 798/74/281
f 798/74/281 825/103/250 750/22/234
f 798/74/281 741/13/324 744/16/228
f 744/16/228 825/103/250 798/74/281
f 730/2/215 824/102/305 790/64/273
f 790/64/273 731/3/323 730/2/215
f 756/28/326 755/27/239 734/6/219
f 734/6/219 733/5/218 756/28/326
f 810/109/293 793/110/276 739/11/224
f 739/11/224 738/10/223 810/109/293
f 791/111/274 813/90/296 762/34/246
f 762/34/246 761/33/245 791/111/274
f 793/68/276 752/24/236 788/62/271
f 788/62/271 739/61/224 793/68/276
f 764/70/248 756/28/326 733/5/218
f 733/5/218 761/66/245 764/70/248
f 818/112/300 732/4/217 731/3/323
f 731/3/323 794/69/277 818/112/300
f 804/80/287 831/113/311 796/72/279
f 796/72/279 795/71/278 804/80/287
f 760/32/244 759/114/243 805/81/288
f 805/81/288 795/71/278 760/32/244
f 747/115/231 763/35/247 762/34/246
f 762/34/246 812/89/295 747/115/231
f 759/114/243 810/109/293 738/10/223
f 738/10/223 805/81/288 759/114/243
f 748/116/232 747/115/231 812/89/295
f 812/89/295 794/96/277 748/116/232
f 751/23/235 824/102/305 730/2/215
f 730/2/215 820/98/302 751/23/235
f 832/117/312 735/7/220 734/6/219
f 734/6/219 822/100/304 832/117/312
f 752/24/236 751/23/235 820/98/302
f 820/98/302 788/62/271 752/24/236
f 831/113/311 832/117/312 822/100/304
f 822/100/304 796/72/279 831/113/311
f 783/55/266 817/94/299 743/15/15
f 743/15/15 742/14/227 783/55/266
f 817/94/299 830/108/310 823/101/15
f 823/101/15 743/15/15 817/94/299
f 830/108/310 816/93/298 801/77/284
f 801/77/284 823/101/15 830/108/310
f 785/57/268 784/56/267 807/83/331
f 807/83/331 802/78/285 785/57/268
f 784/56/267 827/105/307 829/107/309
f 829/107/309 807/83/331 784/56/267
f 829/107/309 827/105/307 803/79/286
f 803/79/286 787/59/270 829/107/309
f 833/1/115 834/2/116 835/3/117
f 835/3/117 836/4/118 833/1/115
f 837/5/313 838/6/120 839/7/121
f 839/7/121 840/8/122 837/5/313
f 841/9/123 842/10/124 843/11/314
f 843/11/314 844/12/126 841/9/123
f 845/13/127 846/14/128 847/15/15
f 847/15/15 848/16/129 845/13/127
f 849/17/130 850/18/131 851/19/132
f 851/19/132 852/20/133 849/17/130
f 853/21/134 854/22/135 855/23/136
f 855/23/136 856/24/137 853/21/134
f 857/25/138 858/26/139 859/27/140
f 859/27/140 860/28/141 857/25/138
f 861/29/142 862/30/143 863/31/144
f 863/31/144 864/32/145 861/29/142
f 865/33/315 866/34/147 867/35/148
f 867/35/148 868/36/316 865/33/315
f 869/37/150 870/38/151 871/39/152
f 871/39/152 872/40/332 869/37/150
f 873/41/154 874/42/155 875/43/156
f 875/43/156 876/44/157 873/41/154
f 877/45/158 878/46/159 879/47/160
f 879/47/160 880/48/161 877/45/158
f 881/49/162 882/50/163 883/51/164
f 883/51/164 884/52/317 881/49/162
f 871/39/152 870/38/151 885/53/129
f 885/53/129 886/54/318 871/39/152
f 874/42/155 887/55/167 846/14/128
f 846/14/128 875/43/156 874/42/155
f 879/47/160 878/46/159 888/56/168
f 888/56/168 889/57/169 879/47/160
f 882/50/163 890/58/170 891/59/171
f 891/59/171 883/51/164 882/50/163
f 844/60/126 843/61/314 892/62/172
f 892/62/172 893/63/173 844/60/126
f 872/40/332 849/17/130 852/20/133
f 852/20/133 894/64/174 872/40/332
f 895/65/175 865/66/315 837/5/313
f 837/5/313 840/8/122 895/65/175
f 880/48/161 861/29/142 864/32/145
f 864/32/145 896/67/333 880/48/161
f 856/24/137 897/68/177 876/44/157
f 876/44/157 853/21/134 856/24/137
f 852/20/133 898/69/178 835/3/117
f 835/3/117 894/64/174 852/20/133
f 860/28/141 868/70/316 884/52/317
f 884/52/317 857/25/138 860/28/141
f 864/32/145 899/71/334 900/72/180
f 900/72/180 896/67/333 864/32/145
f 849/17/130 872/40/332 871/39/152
f 871/39/152 901/73/181 849/17/130
f 853/21/134 876/44/157 875/43/156
f 875/43/156 902/74/182 853/21/134
f 861/29/142 880/48/161 879/47/160
f 879/47/160 903/75/183 861/29/142
f 857/25/138 884/52/317 883/51/164
f 883/51/164 904/76/184 857/25/138
f 901/73/181 871/39/152 886/54/318
f 886/54/318 905/77/185 901/73/181
f 902/74/182 875/43/156 846/14/128
f 846/14/128 845/13/127 902/74/182
f 903/75/183 879/47/160 889/57/169
f 889/57/169 906/78/335 903/75/183
f 904/76/184 883/51/164 891/59/171
f 891/59/171 907/79/322 904/76/184
f 908/80/188 899/71/334 909/81/189
f 909/81/189 910/82/190 908/80/188
f 906/78/335 911/83/191 912/84/192
f 912/84/192 913/85/193 906/78/335
f 884/52/317 868/70/316 867/86/148
f 867/86/148 881/49/162 884/52/317
f 873/41/154 914/87/194 863/31/144
f 863/31/144 862/30/143 873/41/154
f 915/88/195 916/89/196 866/34/147
f 866/34/147 917/90/197 915/88/195
f 862/30/143 861/29/142 903/75/183
f 903/75/183 918/91/155 862/30/143
f 850/18/131 919/92/198 882/50/163
f 882/50/163 881/49/162 850/18/131
f 903/75/183 906/78/335 913/85/193
f 913/85/193 918/91/155 903/75/183
f 919/92/198 920/93/199 890/58/170
f 890/58/170 882/50/163 919/92/198
f 910/82/190 909/81/189 842/10/124
f 842/10/124 841/9/123 910/82/190
f 913/85/193 912/84/192 921/94/200
f 921/94/200 887/55/167 913/85/193
f 881/49/162 867/86/148 851/19/132
f 851/19/132 850/18/131 881/49/162
f 862/30/143 918/91/155 874/42/155
f 874/42/155 873/41/154 862/30/143
f 918/91/155 913/85/193 887/55/167
f 887/55/167 874/42/155 918/91/155
f 876/44/157 897/68/177 914/87/194
f 914/87/194 873/41/154 876/44/157
f 922/95/201 898/96/178 916/89/196
f 916/89/196 915/88/195 922/95/201
f 850/18/131 849/17/130 901/73/181
f 901/73/181 919/92/198 850/18/131
f 901/73/181 905/77/185 920/93/199
f 920/93/199 919/92/198 901/73/181
f 923/97/202 924/98/203 834/2/116
f 834/2/116 833/1/115 923/97/202
f 859/27/140 925/99/204 926/100/205
f 926/100/205 838/6/120 859/27/140
f 886/54/318 885/53/129 927/101/15
f 927/101/15 905/77/185 886/54/318
f 872/40/332 894/64/174 928/102/206
f 928/102/206 869/37/150 872/40/332
f 877/45/158 925/99/204 859/27/140
f 859/27/140 858/26/139 877/45/158
f 854/22/135 929/103/151 870/38/151
f 870/38/151 869/37/150 854/22/135
f 858/26/139 857/25/138 904/76/184
f 904/76/184 930/104/207 858/26/139
f 929/103/151 848/16/129 885/53/129
f 885/53/129 870/38/151 929/103/151
f 904/76/184 907/79/322 931/105/208
f 931/105/208 930/104/207 904/76/184
f 890/58/170 932/106/209 933/107/210
f 933/107/210 891/59/171 890/58/170
f 890/58/170 920/93/199 934/108/211
f 934/108/211 932/106/209 890/58/170
f 885/53/129 848/16/129 847/15/15
f 847/15/15 927/101/15 885/53/129
f 869/37/150 928/102/206 855/23/136
f 855/23/136 854/22/135 869/37/150
f 858/26/139 930/104/207 878/46/159
f 878/46/159 877/45/158 858/26/139
f 930/104/207 931/105/208 888/56/168
f 888/56/168 878/46/159 930/104/207
f 932/106/209 912/84/192 911/83/191
f 911/83/191 933/107/210 932/106/209
f 912/84/192 932/106/209 934/108/211
f 934/108/211 921/94/200 912/84/192
f 923/97/202 893/63/173 892/62/172
f 892/62/172 924/98/203 923/97/202
f 925/99/204 896/67/333 900/72/180
f 900/72/180 926/100/205 925/99/204
f 880/48/161 896/67/333 925/99/204
f 925/99/204 877/45/158 880/48/161
f 854/22/135 853/21/134 902/74/182
f 902/74/182 929/103/151 854/22/135
f 902/74/182 845/13/127 848/16/129
f 848/16/129 929/103/151 902/74/182
f 834/2/116 928/102/206 894/64/174
f 894/64/174 835/3/117 834/2/116
f 860/28/141 859/27/140 838/6/120
f 838/6/120 837/5/313 860/28/141
f 914/109/194 897/110/177 843/11/314
f 843/11/314 842/10/124 914/109/194
f 895/111/175 917/90/197 866/34/147
f 866/34/147 865/33/315 895/111/175
f 897/68/177 856/24/137 892/62/172
f 892/62/172 843/61/314 897/68/177
f 868/70/316 860/28/141 837/5/313
f 837/5/313 865/66/315 868/70/316
f 922/112/201 836/4/118 835/3/117
f 835/3/117 898/69/178 922/112/201
f 908/80/188 935/113/212 900/72/180
f 900/72/180 899/71/334 908/80/188
f 864/32/145 863/114/144 909/81/189
f 909/81/189 899/71/334 864/32/145
f 851/115/132 867/35/148 866/34/147
f 866/34/147 916/89/196 851/115/132
f 863/114/144 914/109/194 842/10/124
f 842/10/124 909/81/189 863/114/144
f 852/116/133 851/115/132 916/89/196
f 916/89/196 898/96/178 852/116/133
f 855/23/136 928/102/206 834/2/116
f 834/2/116 924/98/203 855/23/136
f 936/117/213 839/7/121 838/6/120
f 838/6/120 926/100/205 936/117/213
f 856/24/137 855/23/136 924/98/203
f 924/98/203 892/62/172 856/24/137
f 935/113/212 936/117/213 926/100/205
f 926/100/205 900/72/180 935/113/212
f 887/55/167 921/94/200 847/15/15
f 847/15/15 846/14/128 887/55/167
f 921/94/200 934/108/211 927/101/15
f 927/101/15 847/15/15 921/94/200
f 934/108/211 920/93/199 905/77/185
f 905/77/185 927/101/15 934/108/211
f 889/57/169 888/56/168 911/83/191
f 911/83/191 906/78/335 889/57/169
f 888/56/168 931/105/208 933/107/210
f 933/107/210 911/83/191 888/56/168
f 933/107/210 931/105/208 907/79/322
f 907/79/322 891/59/171 933/107/210
f 937/1/214 938/2/215 939/3/323
f 939/3/323 940/4/217 937/1/214
f 941/5/218 942/6/219 943/7/220
f 943/7/220 944/8/221 941/5/218
f 945/9/222 946/10/223 947/11/336
f 947/11/336 948/12/225 945/9/222
f 949/13/226 950/14/227 951/15/15
f 951/15/15 952/16/228 949/13/226
f 953/17/325 954/18/230 955/19/231
f 955/19/231 956/20/232 953/17/325
f 957/21/233 958/22/234 959/23/235
f 959/23/235 960/24/236 957/21/233
f 961/25/237 962/26/238 963/27/239
f 963/27/239 964/28/326 961/25/237
f 965/29/327 966/30/242 967/31/243
f 967/31/243 968/32/244 965/29/327
f 969/33/245 970/34/246 971/35/247
f 971/35/247 972/36/248 969/33/245
f 973/37/249 974/38/250 975/39/328
f 975/39/328 976/40/252 973/37/249
f 977/41/253 978/42/254 979/43/255
f 979/43/255 980/44/256 977/41/253
f 981/45/257 982/46/258 983/47/259
f 983/47/259 984/48/260 981/45/257
f 985/49/261 986/50/262 987/51/329
f 987/51/329 988/52/264 985/49/261
f 975/39/328 974/38/250 989/53/228
f 989/53/228 990/54/330 975/39/328
f 978/42/254 991/55/266 950/14/227
f 950/14/227 979/43/255 978/42/254
f 983/47/259 982/46/258 992/56/267
f 992/56/267 993/57/268 983/47/259
f 986/50/262 994/58/269 995/59/270
f 995/59/270 987/51/329 986/50/262
f 948/60/225 947/61/336 996/62/271
f 996/62/271 997/63/272 948/60/225
f 976/40/252 953/17/325 956/20/232
f 956/20/232 998/64/273 976/40/252
f 999/65/274 969/66/245 941/5/218
f 941/5/218 944/8/221 999/65/274
f 984/48/260 965/29/327 968/32/244
f 968/32/244 1000/67/275 984/48/260
f 960/24/236 1001/68/276 980/44/256
f 980/44/256 957/21/233 960/24/236
f 956/20/232 1002/69/277 939/3/323
f 939/3/323 998/64/273 956/20/232
f 964/28/326 972/70/248 988/52/264
f 988/52/264 961/25/237 964/28/326
f 968/32/244 1003/71/278 1004/72/279
f 1004/72/279 1000/67/275 968/32/244
f 953/17/325 976/40/252 975/39/328
f 975/39/328 1005/73/280 953/17/325
f 957/21/233 980/44/256 979/43/255
f 979/43/255 1006/74/281 957/21/233
f 965/29/327 984/48/260 983/47/259
f 983/47/259 1007/75/282 965/29/327
f 961/25/237 988/52/264 987/51/329
f 987/51/329 1008/76/283 961/25/237
f 1005/73/280 975/39/328 990/54/330
f 990/54/330 1009/77/284 1005/73/280
f 1006/74/281 979/43/255 950/14/227
f 950/14/227 949/13/226 1006/74/281
f 1007/75/282 983/47/259 993/57/268
f 993/57/268 1010/78/285 1007/75/282
f 1008/76/283 987/51/329 995/59/270
f 995/59/270 1011/79/286 1008/76/283
f 1012/80/287 1003/71/278 1013/81/288
f 1013/81/288 1014/82/289 1012/80/287
f 1010/78/285 1015/83/331 1016/84/291
f 1016/84/291 1017/85/292 1010/78/285
f 988/52/264 972/70/248 971/86/247
f 971/86/247 985/49/261 988/52/264
f 977/41/253 1018/87/293 967/31/243
f 967/31/243 966/30/242 977/41/253
f 1019/88/294 1020/89/295 970/34/246
f 970/34/246 1021/90/296 1019/88/294
f 966/30/242 965/29/327 1007/75/282
f 1007/75/282 1022/91/254 966/30/242
f 954/18/230 1023/92/297 986/50/262
f 986/50/262 985/49/261 954/18/230
f 1007/75/282 1010/78/285 1017/85/292
f 1017/85/292 1022/91/254 1007/75/282
f 1023/92/297 1024/93/298 994/58/269
f 994/58/269 986/50/262 1023/92/297
f 1014/82/289 1013/81/288 946/10/223
f 946/10/223 945/9/222 1014/82/289
f 1017/85/292 1016/84/291 1025/94/299
f 1025/94/299 991/55/266 1017/85/292
f 985/49/261 971/86/247 955/19/231
f 955/19/231 954/18/230 985/49/261
f 966/30/242 1022/91/254 978/42/254
f 978/42/254 977/41/253 966/30/242
f 1022/91/254 1017/85/292 991/55/266
f 991/55/266 978/42/254 1022/91/254
f 980/44/256 1001/68/276 1018/87/293
f 1018/87/293 977/41/253 980/44/256
f 1026/95/300 1002/96/277 1020/89/295
f 1020/89/295 1019/88/294 1026/95/300
f 954/18/230 953/17/325 1005/73/280
f 1005/73/280 1023/92/297 954/18/230
f 1005/73/280 1009/77/284 1024/93/298
f 1024/93/298 1023/92/297 1005/73/280
f 1027/97/301 1028/98/302 938/2/215
f 938/2/215 937/1/214 1027/97/301
f 963/27/239 1029/99/303 1030/100/304
f 1030/100/304 942/6/219 963/27/239
f 990/54/330 989/53/228 1031/101/15
f 1031/101/15 1009/77/284 990/54/330
f 976/40/252 998/64/273 1032/102/305
f 1032/102/305 973/37/249 976/40/252
f 981/45/257 1029/99/303 963/27/239
f 963/27/239 962/26/238 981/45/257
f 958/22/234 1033/103/250 974/38/250
f 974/38/250 973/37/249 958/22/234
f 962/26/238 961/25/237 1008/76/283
f 1008/76/283 1034/104/306 962/26/238
f 1033/103/250 952/16/228 989/53/228
f 989/53/228 974/38/250 1033/103/250
f 1008/76/283 1011/79/286 1035/105/307
f 1035/105/307 1034/104/306 1008/76/283
f 994/58/269 1036/106/308 1037/107/309
f 1037/107/309 995/59/270 994/58/269
f 994/58/269 1024/93/298 1038/108/310
f 1038/108/310 1036/106/308 994/58/269
f 989/53/228 952/16/228 951/15/15
f 951/15/15 1031/101/15 989/53/228
f 973/37/249 1032/102/305 959/23/235
f 959/23/235 958/22/234 973/37/249
f 962/26/238 1034/104/306 982/46/258
f 982/46/258 981/45/257 962/26/238
f 1034/104/306 1035/105/307 992/56/267
f 992/56/267 982/46/258 1034/104/306
f 1036/106/308 1016/84/291 1015/83/331
f 1015/83/331 1037/107/309 1036/106/308
f 1016/84/291 1036/106/308 1038/108/310
f 1038/108/310 1025/94/299 1016/84/291
f 1027/97/301 997/63/272 996/62/271
f 996/62/271 1028/98/302 1027/97/301
f 1029/99/303 1000/67/275 1004/72/279
f 1004/72/279 1030/100/304 1029/99/303
f 984/48/260 1000/67/275 1029/99/303
f 1029/99/303 981/45/257 984/48/260
f 958/22/234 957/21/233 1006/74/281
f 1006/74/281 1033/103/250 958/22/234
f 1006/74/281 949/13/226 952/16/228
f 952/16/228 1033/103/250 1006/74/281
f 938/2/215 1032/102/305 998/64/273
f 998/64/273 939/3/323 938/2/215
f 964/28/326 963/27/239 942/6/219
f 942/6/219 941/5/218 964/28/326
f 1018/109/293 1001/110/276 947/11/336
f 947/11/336 946/10/223 1018/109/293
f 999/111/274 1021/90/296 970/34/246
f 970/34/246 969/33/245 999/111/274
f 1001/68/276 960/24/236 996/62/271
f 996/62/271 947/61/336 1001/68/276
f 972/70/248 964/28/326 941/5/218
f 941/5/218 969/66/245 972/70/248
f 1026/112/300 940/4/217 939/3/323
f 939/3/323 1002/69/277 1026/112/300
f 1012/80/287 1039/113/311 1004/72/279
f 1004/72/279 1003/71/278 1012/80/287
f 968/32/244 967/114/243 1013/81/288
f 1013/81/288 1003/71/278 968/32/244
f 955/115/231 971/35/247 970/34/246
f 970/34/246 1020/89/295 955/115/231
f 967/114/243 1018/109/293 946/10/223
f 946/10/223 1013/81/288 967/114/243
f 956/116/232 955/115/231 1020/89/295
f 1020/89/295 1002/96/277 956/116/232
f 959/23/235 1032/102/305 938/2/215
f 938/2/215 1028/98/302 959/23/235
f 1040/117/312 943/7/220 942/6/219
f 942/6/219 1030/100/304 1040/117/312
f 960/24/236 959/23/235 1028/98/302
f 1028/98/302 996/62/271 960/24/236
f 1039/113/311 1040/117/312 1030/100/304
f 1030/100/304 1004/72/279 1039/113/311
f 991/55/266 1025/94/299 951/15/15
f 951/15/15 950/14/227 991/55/266
f 1025/94/299 1038/108/310 1031/101/15
f 1031/101/15 951/15/15 1025/94/299
f 1038/108/310 1024/93/298 1009/77/284
f 1009/77/284 1031/101/15 1038/108/310
f 993/57/268 992/56/267 1015/83/331
f 1015/83/331 1010/78/285 993/57/268
f 992/56/267 1035/105/307 1037/107/309
f 1037/107/309 1015/83/331 992/56/267
f 1037/107/309 1035/105/307 1011/79/286
f 1011/79/286 995/59/270 1037/107/309
f 1041/1/115 1042/2/116 1043/3/117
f 1043/3/117 1044/4/118 1041/1/115
f 1045/5/313 1046/6/120 1047/7/121
f 1047/7/121 1048/8/122 1045/5/313
f 1049/9/123 1050/10/124 1051/11/314
f 1051/11/314 1052/12/126 1049/9/123
f 1053/13/127 1054/14/128 1055/15/15
f 1055/15/15 1056/16/129 1053/13/127
f 1057/17/130 1058/18/131 1059/19/132
f 1059/19/132 1060/20/133 1057/17/130
f 1061/21/134 1062/22/135 1063/23/136
f 1063/23/136 1064/24/137 1061/21/134
f 1065/25/138 1066/26/139 1067/27/140
f 1067/27/140 1068/28/141 1065/25/138
f 1069/29/142 1070/30/143 1071/31/144
f 1071/31/144 1072/32/145 1069/29/142
f 1073/33/315 1074/34/147 1075/35/148
f 1075/35/148 1076/36/316 1073/33/315
f 1077/37/150 1078/38/151 1079/39/152
f 1079/39/152 1080/40/153 1077/37/150
f 1081/41/154 1082/42/155 1083/43/156
f 1083/43/156 1084/44/157 1081/41/154
f 1085/45/158 1086/46/159 1087/47/160
f 1087/47/160 1088/48/161 1085/45/158
f 1089/49/162 1090/50/163 1091/51/164
f 1091/51/164 1092/52/317 1089/49/162
f 1079/39/152 1078/38/151 1093/53/129
f 1093/53/129 1094/54/166 1079/39/152
f 1082/42/155 1095/55/167 1054/14/128
f 1054/14/128 1083/43/156 1082/42/155
f 1087/47/160 1086/46/159 1096/56/168
f 1096/56/168 1097/57/169 1087/47/160
f 1090/50/163 1098/58/170 1099/59/171
f 1099/59/171 1091/51/164 1090/50/163
f 1052/60/126 1051/61/314 1100/62/172
f 1100/62/172 1101/63/173 1052/60/126
f 1080/40/153 1057/17/130 1060/20/133
f 1060/20/133 1102/64/174 1080/40/153
f 1103/65/175 1073/66/315 1045/5/313
f 1045/5/313 1048/8/122 1103/65/175
f 1088/48/161 1069/29/142 1072/32/145
f 1072/32/145 1104/67/333 1088/48/161
f 1064/24/137 1105/68/177 1084/44/157
f 1084/44/157 1061/21/134 1064/24/137
f 1060/20/133 1106/69/178 1043/3/117
f 1043/3/117 1102/64/174 1060/20/133
f 1068/28/141 1076/70/316 1092/52/317
f 1092/52/317 1065/25/138 1068/28/141
f 1072/32/145 1107/71/319 1108/72/320
f 1108/72/320 1104/67/333 1072/32/145
f 1057/17/130 1080/40/153 1079/39/152
f 1079/39/152 1109/73/181 1057/17/130
f 1061/21/134 1084/44/157 1083/43/156
f 1083/43/156 1110/74/321 1061/21/134
f 1069/29/142 1088/48/161 1087/47/160
f 1087/47/160 1111/75/183 1069/29/142
f 1065/25/138 1092/52/317 1091/51/164
f 1091/51/164 1112/76/184 1065/25/138
f 1109/73/181 1079/39/152 1094/54/166
f 1094/54/166 1113/77/185 1109/73/181
f 1110/74/321 1083/43/156 1054/14/128
f 1054/14/128 1053/13/127 1110/74/321
f 1111/75/183 1087/47/160 1097/57/169
f 1097/57/169 1114/78/186 1111/75/183
f 1112/76/184 1091/51/164 1099/59/171
f 1099/59/171 1115/79/322 1112/76/184
f 1116/80/188 1107/71/319 1117/81/189
f 1117/81/189 1118/82/190 1116/80/188
f 1114/78/186 1119/83/191 1120/84/192
f 1120/84/192 1121/85/193 1114/78/186
f 1092/52/317 1076/70/316 1075/86/148
f 1075/86/148 1089/49/162 1092/52/317
f 1081/41/154 1122/87/194 1071/31/144
f 1071/31/144 1070/30/143 1081/41/154
f 1123/88/195 1124/89/196 1074/34/147
f 1074/34/147 1125/90/197 1123/88/195
f 1070/30/143 1069/29/142 1111/75/183
f 1111/75/183 1126/91/155 1070/30/143
f 1058/18/131 1127/92/198 1090/50/163
f 1090/50/163 1089/49/162 1058/18/131
f 1111/75/183 1114/78/186 1121/85/193
f 1121/85/193 1126/91/155 1111/75/183
f 1127/92/198 1128/93/199 1098/58/170
f 1098/58/170 1090/50/163 1127/92/198
f 1118/82/190 1117/81/189 1050/10/124
f 1050/10/124 1049/9/123 1118/82/190
f 1121/85/193 1120/84/192 1129/94/200
f 1129/94/200 1095/55/167 1121/85/193
f 1089/49/162 1075/86/148 1059/19/132
f 1059/19/132 1058/18/131 1089/49/162
f 1070/30/143 1126/91/155 1082/42/155
f 1082/42/155 1081/41/154 1070/30/143
f 1126/91/155 1121/85/193 1095/55/167
f 1095/55/167 1082/42/155 1126/91/155
f 1084/44/157 1105/68/177 1122/87/194
f 1122/87/194 1081/41/154 1084/44/157
f 1130/95/201 1106/96/178 1124/89/196
f 1124/89/196 1123/88/195 1130/95/201
f 1058/18/131 1057/17/130 1109/73/181
f 1109/73/181 1127/92/198 1058/18/131
f 1109/73/181 1113/77/185 1128/93/199
f 1128/93/199 1127/92/198 1109/73/181
f 1131/97/202 1132/98/203 1042/2/116
f 1042/2/116 1041/1/115 1131/97/202
f 1067/27/140 1133/99/204 1134/100/205
f 1134/100/205 1046/6/120 1067/27/140
f 1094/54/166 1093/53/129 1135/101/15
f 1135/101/15 1113/77/185 1094/54/166
f 1080/40/153 1102/64/174 1136/102/206
f 1136/102/206 1077/37/150 1080/40/153
f 1085/45/158 1133/99/204 1067/27/140
f 1067/27/140 1066/26/139 1085/45/158
f 1062/22/135 1137/103/151 1078/38/151
f 1078/38/151 1077/37/150 1062/22/135
f 1066/26/139 1065/25/138 1112/76/184
f 1112/76/184 1138/104/207 1066/26/139
f 1137/103/151 1056/16/129 1093/53/129
f 1093/53/129 1078/38/151 1137/103/151
f 1112/76/184 1115/79/322 1139/105/208
f 1139/105/208 1138/104/207 1112/76/184
f 1098/58/170 1140/106/209 1141/107/210
f 1141/107/210 1099/59/171 1098/58/170
f 1098/58/170 1128/93/199 1142/108/211
f 1142/108/211 1140/106/209 1098/58/170
f 1093/53/129 1056/16/129 1055/15/15
f 1055/15/15 1135/101/15 1093/53/129
f 1077/37/150 1136/102/206 1063/23/136
f 1063/23/136 1062/22/135 1077/37/150
f 1066/26/139 1138/104/207 1086/46/159
f 1086/46/159 1085/45/158 1066/26/139
f 1138/104/207 1139/105/208 1096/56/168
f 1096/56/168 1086/46/159 1138/104/207
f 1140/106/209 1120/84/192 1119/83/191
f 1119/83/191 1141/107/210 1140/106/209
f 1120/84/192 1140/106/209 1142/108/211
f 1142/108/211 1129/94/200 1120/84/192
f 1131/97/202 1101/63/173 1100/62/172
f 1100/62/172 1132/98/203 1131/97/202
f 1133/99/204 1104/67/333 1108/72/320
f 1108/72/320 1134/100/205 1133/99/204
f 1088/48/161 1104/67/333 1133/99/204
f 1133/99/204 1085/45/158 1088/48/161
f 1062/22/135 1061/21/134 1110/74/321
f 1110/74/321 1137/103/151 1062/22/135
f 1110/74/321 1053/13/127 1056/16/129
f 1056/16/129 1137/103/151 1110/74/321
f 1042/2/116 1136/102/206 1102/64/174
f 1102/64/174 1043/3/117 1042/2/116
f 1068/28/141 1067/27/140 1046/6/120
f 1046/6/120 1045/5/313 1068/28/141
f 1122/109/194 1105/110/177 1051/11/314
f 1051/11/314 1050/10/124 1122/109/194
f 1103/111/175 1125/90/197 1074/34/147
f 1074/34/147 1073/33/315 1103/111/175
f 1105/68/177 1064/24/137 1100/62/172
f 1100/62/172 1051/61/314 1105/68/177
f 1076/70/316 1068/28/141 1045/5/313
f 1045/5/313 1073/66/315 1076/70/316
f 1130/112/201 1044/4/118 1043/3/117
f 1043/3/117 1106/69/178 1130/112/201
f 1116/80/188 1143/113/212 1108/72/320
f 1108/72/320 1107/71/319 1116/80/188
f 1072/32/145 1071/114/144 1117/81/189
f 1117/81/189 1107/71/319 1072/32/145
f 1059/115/132 1075/35/148 1074/34/147
f 1074/34/147 1124/89/196 1059/115/132
f 1071/114/144 1122/109/194 1050/10/124
f 1050/10/124 1117/81/189 1071/114/144
f 1060/116/133 1059/115/132 1124/89/196
f 1124/89/196 1106/96/178 1060/116/133
f 1063/23/136 1136/102/206 1042/2/116
f 1042/2/116 1132/98/203 1063/23/136
f 1144/117/213 1047/7/121 1046/6/120
f 1046/6/120 1134/100/205 1144/117/213
f 1064/24/137 1063/23/136 1132/98/203
f 1132/98/203 1100/62/172 1064/24/137
f 1143/113/212 1144/117/213 1134/100/205
f 1134/100/205 1108/72/320 1143/113/212
f 1095/55/167 1129/94/200 1055/15/15
f 1055/15/15 1054/14/128 1095/55/167
f 1129/94/200 1142/108/211 1135/101/15
f 1135/101/15 1055/15/15 1129/94/200
f 1142/108/211 1128/93/199 1113/77/185
f 1113/77/185 1135/101/15 1142/108/211
f 1097/57/169 1096/56/168 1119/83/191
f 1119/83/191 1114/78/186 1097/57/169
f 1096/56/168 1139/105/208 1141/107/210
f 1141/107/210 1119/83/191 1096/56/168
f 1141/107/210 1139/105/208 1115/79/322
f 1115/79/322 1099/59/171 1141/107/210
f 1145/1/337 1146/2/338 1147/3/339
f 1147/3/339 1148/4/340 1145/1/337
f 1149/5/341 1150/6/342 1151/7/343
f 1151/7/343 1152/8/344 1149/5/341
f 1153/9/345 1154/10/346 1155/11/347
f 1155/11/347 1156/12/348 1153/9/345
f 1157/13/349 1158/14/350 1159/15/15
f 1159/15/15 1160/16/228 1157/13/349
f 1161/17/351 1162/18/352 1163/19/353
f 1163/19/353 1164/20/354 1161/17/351
f 1165/21/355 1166/22/234 1167/23/356
f 1167/23/356 1168/24/357 1165/21/355
f 1169/25/358 1170/26/359 1171/27/360
f 1171/27/360 1172/28/361 1169/25/358
f 1173/29/362 1174/30/363 1175/31/364
f 1175/31/364 1176/32/365 1173/29/362
f 1177/33/366 1178/34/367 1179/35/368
f 1179/35/368 1180/36/369 1177/33/366
f 1181/37/249 1182/38/250 1183/39/370
f 1183/39/370 1184/40/371 1181/37/249
f 1185/41/372 1186/42/373 1187/43/374
f 1187/43/374 1188/44/375 1185/41/372
f 1189/45/376 1190/46/377 1191/47/378
f 1191/47/378 1192/48/379 1189/45/376
f 1193/49/380 1194/50/381 1195/51/382
f 1195/51/382 1196/52/383 1193/49/380
f 1183/39/370 1182/38/250 1197/53/228
f 1197/53/228 1198/54/384 1183/39/370
f 1186/42/373 1199/55/385 1158/14/350
f 1158/14/350 1187/43/374 1186/42/373
f 1191/47/378 1190/46/377 1200/56/386
f 1200/56/386 1201/57/387 1191/47/378
f 1194/50/381 1202/58/388 1203/59/389
f 1203/59/389 1195/51/382 1194/50/381
f 1156/60/348 1155/61/347 1204/62/390
f 1204/62/390 1205/63/391 1156/60/348
f 1184/40/371 1161/17/351 1164/20/354
f 1164/20/354 1206/64/392 1184/40/371
f 1207/65/393 1177/66/366 1149/5/341
f 1149/5/341 1152/8/344 1207/65/393
f 1192/48/379 1173/29/362 1176/32/365
f 1176/32/365 1208/67/394 1192/48/379
f 1168/24/357 1209/68/395 1188/44/375
f 1188/44/375 1165/21/355 1168/24/357
f 1164/20/354 1210/69/396 1147/3/339
f 1147/3/339 1206/64/392 1164/20/354
f 1172/28/361 1180/70/369 1196/52/383
f 1196/52/383 1169/25/358 1172/28/361
f 1176/32/365 1211/71/397 1212/72/398
f 1212/72/398 1208/67/394 1176/32/365
f 1161/17/351 1184/40/371 1183/39/370
f 1183/39/370 1213/73/399 1161/17/351
f 1165/21/355 1188/44/375 1187/43/374
f 1187/43/374 1214/74/400 1165/21/355
f 1173/29/362 1192/48/379 1191/47/378
f 1191/47/378 1215/75/401 1173/29/362
f 1169/25/358 1196/52/383 1195/51/382
f 1195/51/382 1216/76/402 1169/25/358
f 1213/73/399 1183/39/370 1198/54/384
f 1198/54/384 1217/77/403 1213/73/399
f 1214/74/400 1187/43/374 1158/14/350
f 1158/14/350 1157/13/349 1214/74/400
f 1215/75/401 1191/47/378 1201/57/387
f 1201/57/387 1218/78/404 1215/75/401
f 1216/76/402 1195/51/382 1203/59/389
f 1203/59/389 1219/79/405 1216/76/402
f 1220/80/406 1211/71/397 1221/81/407
f 1221/81/407 1222/82/408 1220/80/406
f 1218/78/404 1223/83/409 1224/84/410
f 1224/84/410 1225/85/411 1218/78/404
f 1196/52/383 1180/70/369 1179/86/368
f 1179/86/368 1193/49/380 1196/52/383
f 1185/41/372 1226/87/412 1175/31/364
f 1175/31/364 1174/30/363 1185/41/372
f 1227/88/413 1228/89/414 1178/34/367
f 1178/34/367 1229/90/415 1227/88/413
f 1174/30/363 1173/29/362 1215/75/401
f 1215/75/401 1230/91/373 1174/30/363
f 1162/18/352 1231/92/416 1194/50/381
f 1194/50/381 1193/49/380 1162/18/352
f 1215/75/401 1218/78/404 1225/85/411
f 1225/85/411 1230/91/373 1215/75/401
f 1231/92/416 1232/93/417 1202/58/388
f 1202/58/388 1194/50/381 1231/92/416
f 1222/82/408 1221/81/407 1154/10/346
f 1154/10/346 1153/9/345 1222/82/408
f 1225/85/411 1224/84/410 1233/94/299
f 1233/94/299 1199/55/385 1225/85/411
f 1193/49/380 1179/86/368 1163/19/353
f 1163/19/353 1162/18/352 1193/49/380
f 1174/30/363 1230/91/373 1186/42/373
f 1186/42/373 1185/41/372 1174/30/363
f 1230/91/373 1225/85/411 1199/55/385
f 1199/55/385 1186/42/373 1230/91/373
f 1188/44/375 1209/68/395 1226/87/412
f 1226/87/412 1185/41/372 1188/44/375
f 1234/95/418 1210/96/396 1228/89/414
f 1228/89/414 1227/88/413 1234/95/418
f 1162/18/352 1161/17/351 1213/73/399
f 1213/73/399 1231/92/416 1162/18/352
f 1213/73/399 1217/77/403 1232/93/417
f 1232/93/417 1231/92/416 1213/73/399
f 1235/97/419 1236/98/420 1146/2/338
f 1146/2/338 1145/1/337 1235/97/419
f 1171/27/360 1237/99/421 1238/100/422
f 1238/100/422 1150/6/342 1171/27/360
f 1198/54/384 1197/53/228 1239/101/15
f 1239/101/15 1217/77/403 1198/54/384
f 1184/40/371 1206/64/392 1240/102/305
f 1240/102/305 1181/37/249 1184/40/371
f 1189/45/376 1237/99/421 1171/27/360
f 1171/27/360 1170/26/359 1189/45/376
f 1166/22/234 1241/103/423 1182/38/250
f 1182/38/250 1181/37/249 1166/22/234
f 1170/26/359 1169/25/358 1216/76/402
f 1216/76/402 1242/104/424 1170/26/359
f 1241/103/423 1160/16/228 1197/53/228
f 1197/53/228 1182/38/250 1241/103/423
f 1216/76/402 1219/79/405 1243/105/425
f 1243/105/425 1242/104/424 1216/76/402
f 1202/58/388 1244/106/426 1245/107/427
f 1245/107/427 1203/59/389 1202/58/388
f 1202/58/388 1232/93/417 1246/108/428
f 1246/108/428 1244/106/426 1202/58/388
f 1197/53/228 1160/16/228 1159/15/15
f 1159/15/15 1239/101/15 1197/53/228
f 1181/37/249 1240/102/305 1167/23/356
f 1167/23/356 1166/22/234 1181/37/249
f 1170/26/359 1242/104/424 1190/46/377
f 1190/46/377 1189/45/376 1170/26/359
f 1242/104/424 1243/105/425 1200/56/386
f 1200/56/386 1190/46/377 1242/104/424
f 1244/106/426 1224/84/410 1223/83/409
f 1223/83/409 1245/107/427 1244/106/426
f 1224/84/410 1244/106/426 1246/108/428
f 1246/108/428 1233/94/299 1224/84/410
f 1235/97/419 1205/63/391 1204/62/390
f 1204/62/390 1236/98/420 1235/97/419
f 1237/99/421 1208/67/394 1212/72/398
f 1212/72/398 1238/100/422 1237/99/421
f 1192/48/379 1208/67/394 1237/99/421
f 1237/99/421 1189/45/376 1192/48/379
f 1166/22/234 1165/21/355 1214/74/400
f 1214/74/400 1241/103/423 1166/22/234
f 1214/74/400 1157/13/349 1160/16/228
f 1160/16/228 1241/103/423 1214/74/400
f 1146/2/338 1240/102/305 1206/64/392
f 1206/64/392 1147/3/339 1146/2/338
f 1172/28/361 1171/27/360 1150/6/342
f 1150/6/342 1149/5/341 1172/28/361
f 1226/109/412 1209/110/395 1155/11/347
f 1155/11/347 1154/10/346 1226/109/412
f 1207/111/393 1229/90/415 1178/34/367
f 1178/34/367 1177/33/366 1207/111/393
f 1209/68/395 1168/24/357 1204/62/390
f 1204/62/390 1155/61/347 1209/68/395
f 1180/70/369 1172/28/361 1149/5/341
f 1149/5/341 1177/66/366 1180/70/369
f 1234/112/418 1148/4/340 1147/3/339
f 1147/3/339 1210/69/396 1234/112/418
f 1220/80/406 1247/113/429 1212/72/398
f 1212/72/398 1211/71/397 1220/80/406
f 1176/32/365 1175/114/364 1221/81/407
f 1221/81/407 1211/71/397 1176/32/365
f 1163/115/353 1179/35/368 1178/34/367
f 1178/34/367 1228/89/414 1163/115/353
f 1175/114/364 1226/109/412 1154/10/346
f 1154/10/346 1221/81/407 1175/114/364
f 1164/116/354 1163/115/353 1228/89/414
f 1228/89/414 1210/96/396 1164/116/354
f 1167/23/356 1240/102/305 1146/2/338
f 1146/2/338 1236/98/420 1167/23/356
f 1248/117/430 1151/7/343 1150/6/342
f 1150/6/342 1238/100/422 1248/117/430
f 1168/24/357 1167/23/356 1236/98/420
f 1236/98/420 1204/62/390 1168/24/357
f 1247/113/429 1248/117/430 1238/100/422
f 1238/100/422 1212/72/398 1247/113/429
f 1199/55/385 1233/94/299 1159/15/15
f 1159/15/15 1158/14/350 1199/55/385
f 1233/94/299 1246/108/428 1239/101/15
f 1239/101/15 1159/15/15 1233/94/299
f 1246/108/428 1232/93/417 1217/77/403
f 1217/77/403 1239/101/15 1246/108/428
f 1201/57/387 1200/56/386 1223/83/409
f 1223/83/409 1218/78/404 1201/57/387
f 1200/56/386 1243/105/425 1245/107/427
f 1245/107/427 1223/83/409 1200/56/386
f 1245/107/427 1243/105/425 1219/79/405
f 1219/79/405 1203/59/389 1245/107/427
f 1249/1/431 1250/2/432 1251/3/433
f 1251/3/433 1252/4/434 1249/1/431
f 1253/5/435 1254/6/436 1255/7/437
f 1255/7/437 1256/8/438 1253/5/435
f 1257/9/439 1258/10/440 1259/11/441
f 1259/11/441 1260/12/442 1257/9/439
f 1261/13/443 1262/14/444 1263/15/15
f 1263/15/15 1264/16/445 1261/13/443
f 1265/17/446 1266/18/447 1267/19/448
f 1267/19/448 1268/20/449 1265/17/446
f 1269/21/450 1270/22/451 1271/23/452
f 1271/23/452 1272/24/453 1269/21/450
f 1273/25/454 1274/26/455 1275/27/456
f 1275/27/456 1276/28/457 1273/25/454
f 1277/29/458 1278/30/459 1279/31/460
f 1279/31/460 1280/32/461 1277/29/458
f 1281/33/462 1282/34/463 1283/35/464
f 1283/35/464 1284/36/465 1281/33/462
f 1285/37/466 1286/38/467 1287/39/468
f 1287/39/468 1288/40/469 1285/37/466
f 1289/41/470 1290/42/471 1291/43/472
f 1291/43/472 1292/44/473 1289/41/470
f 1293/45/474 1294/46/475 1295/47/476
f 1295/47/476 1296/48/477 1293/45/474
f 1297/49/478 1298/50/479 1299/51/480
f 1299/51/480 1300/52/481 1297/49/478
f 1287/39/468 1286/38/467 1301/53/445
f 1301/53/445 1302/54/482 1287/39/468
f 1290/42/471 1303/55/483 1262/14/444
f 1262/14/444 1291/43/472 1290/42/471
f 1295/47/476 1294/46/475 1304/56/484
f 1304/56/484 1305/57/485 1295/47/476
f 1298/50/479 1306/58/486 1307/59/487
f 1307/59/487 1299/51/480 1298/50/479
f 1260/60/442 1259/61/441 1308/62/488
f 1308/62/488 1309/63/489 1260/60/442
f 1288/40/469 1265/17/446 1268/20/449
f 1268/20/449 1310/64/490 1288/40/469
f 1311/65/491 1281/66/462 1253/5/435
f 1253/5/435 1256/8/438 1311/65/491
f 1296/48/477 1277/29/458 1280/32/461
f 1280/32/461 1312/67/492 1296/48/477
f 1272/24/453 1313/68/493 1292/44/473
f 1292/44/473 1269/21/450 1272/24/453
f 1268/20/449 1314/69/494 1251/3/433
f 1251/3/433 1310/64/490 1268/20/449
f 1276/28/457 1284/70/465 1300/52/481
f 1300/52/481 1273/25/454 1276/28/457
f 1280/32/461 1315/71/495 1316/72/496
f 1316/72/496 1312/67/492 1280/32/461
f 1265/17/446 1288/40/469 1287/39/468
f 1287/39/468 1317/73/497 1265/17/446
f 1269/21/450 1292/44/473 1291/43/472
f 1291/43/472 1318/74/498 1269/21/450
f 1277/29/458 1296/48/477 1295/47/476
f 1295/47/476 1319/75/499 1277/29/458
f 1273/25/454 1300/52/481 1299/51/480
f 1299/51/480 1320/76/500 1273/25/454
f 1317/73/497 1287/39/468 1302/54/482
f 1302/54/482 1321/77/501 1317/73/497
f 1318/74/498 1291/43/472 1262/14/444
f 1262/14/444 1261/13/443 1318/74/498
f 1319/75/499 1295/47/476 1305/57/485
f 1305/57/485 1322/78/502 1319/75/499
f 1320/76/500 1299/51/480 1307/59/487
f 1307/59/487 1323/79/503 1320/76/500
f 1324/80/504 1315/71/495 1325/81/505
f 1325/81/505 1326/82/506 1324/80/504
f 1322/78/502 1327/83/507 1328/84/508
f 1328/84/508 1329/85/509 1322/78/502
f 1300/52/481 1284/70/465 1283/86/464
f 1283/86/464 1297/49/478 1300/52/481
f 1289/41/470 1330/87/510 1279/31/460
f 1279/31/460 1278/30/459 1289/41/470
f 1331/88/511 1332/89/512 1282/34/463
f 1282/34/463 1333/90/513 1331/88/511
f 1278/30/459 1277/29/458 1319/75/499
f 1319/75/499 1334/91/471 1278/30/459
f 1266/18/447 1335/92/514 1298/50/479
f 1298/50/479 1297/49/478 1266/18/447
f 1319/75/499 1322/78/502 1329/85/509
f 1329/85/509 1334/91/471 1319/75/499
f 1335/92/514 1336/93/515 1306/58/486
f 1306/58/486 1298/50/479 1335/92/514
f 1326/82/506 1325/81/505 1258/10/440
f 1258/10/440 1257/9/439 1326/82/506
f 1329/85/509 1328/84/508 1337/94/516
f 1337/94/516 1303/55/483 1329/85/509
f 1297/49/478 1283/86/464 1267/19/448
f 1267/19/448 1266/18/447 1297/49/478
f 1278/30/459 1334/91/471 1290/42/471
f 1290/42/471 1289/41/470 1278/30/459
f 1334/91/471 1329/85/509 1303/55/483
f 1303/55/483 1290/42/471 1334/91/471
f 1292/44/473 1313/68/493 1330/87/510
f 1330/87/510 1289/41/470 1292/44/473
f 1338/95/517 1314/96/494 1332/89/512
f 1332/89/512 1331/88/511 1338/95/517
f 1266/18/447 1265/17/446 1317/73/497
f 1317/73/497 1335/92/514 1266/18/447
f 1317/73/497 1321/77/501 1336/93/515
f 1336/93/515 1335/92/514 1317/73/497
f 1339/97/518 1340/98/519 1250/2/432
f 1250/2/432 1249/1/431 1339/97/518
f 1275/27/456 1341/99/520 1342/100/521
f 1342/100/521 1254/6/436 1275/27/456
f 1302/54/482 1301/53/445 1343/101/15
f 1343/101/15 1321/77/501 1302/54/482
f 1288/40/469 1310/64/490 1344/102/522
f 1344/102/522 1285/37/466 1288/40/469
f 1293/45/474 1341/99/520 1275/27/456
f 1275/27/456 1274/26/455 1293/45/474
f 1270/22/451 1345/103/467 1286/38/467
f 1286/38/467 1285/37/466 1270/22/451
f 1274/26/455 1273/25/454 1320/76/500
f 1320/76/500 1346/104/523 1274/26/455
f 1345/103/467 1264/16/445 1301/53/445
f 1301/53/445 1286/38/467 1345/103/467
f 1320/76/500 1323/79/503 1347/105/524
f 1347/105/524 1346/104/523 1320/76/500
f 1306/58/486 1348/106/525 1349/107/526
f 1349/107/526 1307/59/487 1306/58/486
f 1306/58/486 1336/93/515 1350/108/527
f 1350/108/527 1348/106/525 1306/58/486
f 1301/53/445 1264/16/445 1263/15/15
f 1263/15/15 1343/101/15 1301/53/445
f 1285/37/466 1344/102/522 1271/23/452
f 1271/23/452 1270/22/451 1285/37/466
f 1274/26/455 1346/104/523 1294/46/475
f 1294/46/475 1293/45/474 1274/26/455
f 1346/104/523 1347/105/524 1304/56/484
f 1304/56/484 1294/46/475 1346/104/523
f 1348/106/525 1328/84/508 1327/83/507
f 1327/83/507 1349/107/526 1348/106/525
f 1328/84/508 1348/106/525 1350/108/527
f 1350/108/527 1337/94/516 1328/84/508
f 1339/97/518 1309/63/489 1308/62/488
f 1308/62/488 1340/98/519 1339/97/518
f 1341/99/520 1312/67/492 1316/72/496
f 1316/72/496 1342/100/521 1341/99/520
f 1296/48/477 1312/67/492 1341/99/520
f 1341/99/520 1293/45/474 1296/48/477
f 1270/22/451 1269/21/450 1318/74/498
f 1318/74/498 1345/103/467 1270/22/451
f 1318/74/498 1261/13/443 1264/16/445
f 1264/16/445 1345/103/467 1318/74/498
f 1250/2/432 1344/102/522 1310/64/490
f 1310/64/490 1251/3/433 1250/2/432
f 1276/28/457 1275/27/456 1254/6/436
f 1254/6/436 1253/5/435 1276/28/457
f 1330/109/510 1313/110/493 1259/11/441
f 1259/11/441 1258/10/440 1330/109/510
f 1311/111/491 1333/90/513 1282/34/463
f 1282/34/463 1281/33/462 1311/111/491
f 1313/68/493 1272/24/453 1308/62/488
f 1308/62/488 1259/61/441 1313/68/493
f 1284/70/465 1276/28/457 1253/5/435
f 1253/5/435 1281/66/462 1284/70/465
f 1338/112/517 1252/4/434 1251/3/433
f 1251/3/433 1314/69/494 1338/112/517
f 1324/80/504 1351/113/528 1316/72/496
f 1316/72/496 1315/71/495 1324/80/504
f 1280/32/461 1279/114/460 1325/81/505
f 1325/81/505 1315/71/495 1280/32/461
f 1267/115/448 1283/35/464 1282/34/463
f 1282/34/463 1332/89/512 1267/115/448
f 1279/114/460 1330/109/510 1258/10/440
f 1258/10/440 1325/81/505 1279/114/460
f 1268/116/449 1267/115/448 1332/89/512
f 1332/89/512 1314/96/494 1268/116/449
f 1271/23/452 1344/102/522 1250/2/432
f 1250/2/432 1340/98/519 1271/23/452
f 1352/117/529 1255/7/437 1254/6/436
f 1254/6/436 1342/100/521 1352/117/529
f 1272/24/453 1271/23/452 1340/98/519
f 1340/98/519 1308/62/488 1272/24/453
f 1351/113/528 1352/117/529 1342/100/521
f 1342/100/521 1316/72/496 1351/113/528
f 1303/55/483 1337/94/516 1263/15/15
f 1263/15/15 1262/14/444 1303/55/483
f 1337/94/516 1350/108/527 1343/101/15
f 1343/101/15 1263/15/15 1337/94/516
f 1350/108/527 1336/93/515 1321/77/501
f 1321/77/501 1343/101/15 1350/108/527
f 1305/57/485 1304/56/484 1327/83/507
f 1327/83/507 1322/78/502 1305/57/485
f 1304/56/484 1347/105/524 1349/107/526
f 1349/107/526 1327/83/507 1304/56/484
f 1349/107/526 1347/105/524 1323/79/503
f 1323/79/503 1307/59/487 1349/107/526
f 1353/1/115 1354/2/116 1355/3/117
f 1355/3/117 1356/4/118 1353/1/115
f 1357/5/119 1358/6/120 1359/7/121
f 1359/7/121 1360/8/122 1357/5/119
f 1361/9/123 1362/10/124 1363/11/314
f 1363/11/314 1364/12/126 1361/9/123
f 1365/13/127 1366/14/128 1367/15/15
f 1367/15/15 1368/16/129 1365/13/127
f 1369/17/130 1370/18/131 1371/19/132
f 1371/19/132 1372/20/133 1369/17/130
f 1373/21/134 1374/22/135 1375/23/136
f 1375/23/136 1376/24/137 1373/21/134
f 1377/25/138 1378/26/139 1379/27/140
f 1379/27/140 1380/28/141 1377/25/138
f 1381/29/142 1382/30/143 1383/31/144
f 1383/31/144 1384/32/145 1381/29/142
f 1385/33/146 1386/34/147 1387/35/148
f 1387/35/148 1388/36/316 1385/33/146
f 1389/37/150 1390/38/151 1391/39/152
f 1391/39/152 1392/40/153 1389/37/150
f 1393/41/154 1394/42/155 1395/43/156
f 1395/43/156 1396/44/157 1393/41/154
f 1397/45/530 1398/46/159 1399/47/160
f 1399/47/160 1400/48/161 1397/45/530
f 1401/49/162 1402/50/163 1403/51/164
f 1403/51/164 1404/52/165 1401/49/162
f 1391/39/152 1390/38/151 1405/53/129
f 1405/53/129 1406/54/166 1391/39/152
f 1394/42/155 1407/55/167 1366/14/128
f 1366/14/128 1395/43/156 1394/42/155
f 1399/47/160 1398/46/159 1408/56/168
f 1408/56/168 1409/57/169 1399/47/160
f 1402/50/163 1410/58/170 1411/59/171
f 1411/59/171 1403/51/164 1402/50/163
f 1364/60/126 1363/61/314 1412/62/172
f 1412/62/172 1413/63/173 1364/60/126
f 1392/40/153 1369/17/130 1372/20/133
f 1372/20/133 1414/64/174 1392/40/153
f 1415/65/175 1385/66/146 1357/5/119
f 1357/5/119 1360/8/122 1415/65/175
f 1400/48/161 1381/29/142 1384/32/145
f 1384/32/145 1416/67/176 1400/48/161
f 1376/24/137 1417/68/177 1396/44/157
f 1396/44/157 1373/21/134 1376/24/137
f 1372/20/133 1418/69/178 1355/3/117
f 1355/3/117 1414/64/174 1372/20/133
f 1380/28/141 1388/70/316 1404/52/165
f 1404/52/165 1377/25/138 1380/28/141
f 1384/32/145 1419/71/334 1420/72/180
f 1420/72/180 1416/67/176 1384/32/145
f 1369/17/130 1392/40/153 1391/39/152
f 1391/39/152 1421/73/181 1369/17/130
f 1373/21/134 1396/44/157 1395/43/156
f 1395/43/156 1422/74/182 1373/21/134
f 1381/29/142 1400/48/161 1399/47/160
f 1399/47/160 1423/75/183 1381/29/142
f 1377/25/138 1404/52/165 1403/51/164
f 1403/51/164 1424/76/184 1377/25/138
f 1421/73/181 1391/39/152 1406/54/166
f 1406/54/166 1425/77/185 1421/73/181
f 1422/74/182 1395/43/156 1366/14/128
f 1366/14/128 1365/13/127 1422/74/182
f 1423/75/183 1399/47/160 1409/57/169
f 1409/57/169 1426/78/335 1423/75/183
f 1424/76/184 1403/51/164 1411/59/171
f 1411/59/171 1427/79/187 1424/76/184
f 1428/80/188 1419/71/334 1429/81/189
f 1429/81/189 1430/82/190 1428/80/188
f 1426/78/335 1431/83/191 1432/84/192
f 1432/84/192 1433/85/193 1426/78/335
f 1404/52/165 1388/70/316 1387/86/148
f 1387/86/148 1401/49/162 1404/52/165
f 1393/41/154 1434/87/194 1383/31/144
f 1383/31/144 1382/30/143 1393/41/154
f 1435/88/195 1436/89/196 1386/34/147
f 1386/34/147 1437/90/197 1435/88/195
f 1382/30/143 1381/29/142 1423/75/183
f 1423/75/183 1438/91/155 1382/30/143
f 1370/18/131 1439/92/198 1402/50/163
f 1402/50/163 1401/49/162 1370/18/131
f 1423/75/183 1426/78/335 1433/85/193
f 1433/85/193 1438/91/155 1423/75/183
f 1439/92/198 1440/93/199 1410/58/170
f 1410/58/170 1402/50/163 1439/92/198
f 1430/82/190 1429/81/189 1362/10/124
f 1362/10/124 1361/9/123 1430/82/190
f 1433/85/193 1432/84/192 1441/94/200
f 1441/94/200 1407/55/167 1433/85/193
f 1401/49/162 1387/86/148 1371/19/132
f 1371/19/132 1370/18/131 1401/49/162
f 1382/30/143 1438/91/155 1394/42/155
f 1394/42/155 1393/41/154 1382/30/143
f 1438/91/155 1433/85/193 1407/55/167
f 1407/55/167 1394/42/155 1438/91/155
f 1396/44/157 1417/68/177 1434/87/194
f 1434/87/194 1393/41/154 1396/44/157
f 1442/95/201 1418/96/178 1436/89/196
f 1436/89/196 1435/88/195 1442/95/201
f 1370/18/131 1369/17/130 1421/73/181
f 1421/73/181 1439/92/198 1370/18/131
f 1421/73/181 1425/77/185 1440/93/199
f 1440/93/199 1439/92/198 1421/73/181
f 1443/97/202 1444/98/203 1354/2/116
f 1354/2/116 1353/1/115 1443/97/202
f 1379/27/140 1445/99/204 1446/100/205
f 1446/100/205 1358/6/120 1379/27/140
f 1406/54/166 1405/53/129 1447/101/15
f 1447/101/15 1425/77/185 1406/54/166
f 1392/40/153 1414/64/174 1448/102/206
f 1448/102/206 1389/37/150 1392/40/153
f 1397/45/530 1445/99/204 1379/27/140
f 1379/27/140 1378/26/139 1397/45/530
f 1374/22/135 1449/103/151 1390/38/151
f 1390/38/151 1389/37/150 1374/22/135
f 1378/26/139 1377/25/138 1424/76/184
f 1424/76/184 1450/104/207 1378/26/139
f 1449/103/151 1368/16/129 1405/53/129
f 1405/53/129 1390/38/151 1449/103/151
f 1424/76/184 1427/79/187 1451/105/208
f 1451/105/208 1450/104/207 1424/76/184
f 1410/58/170 1452/106/209 1453/107/210
f 1453/107/210 1411/59/171 1410/58/170
f 1410/58/170 1440/93/199 1454/108/211
f 1454/108/211 1452/106/209 1410/58/170
f 1405/53/129 1368/16/129 1367/15/15
f 1367/15/15 1447/101/15 1405/53/129
f 1389/37/150 1448/102/206 1375/23/136
f 1375/23/136 1374/22/135 1389/37/150
f 1378/26/139 1450/104/207 1398/46/159
f 1398/46/159 1397/45/530 1378/26/139
f 1450/104/207 1451/105/208 1408/56/168
f 1408/56/168 1398/46/159 1450/104/207
f 1452/106/209 1432/84/192 1431/83/191
f 1431/83/191 1453/107/210 1452/106/209
f 1432/84/192 1452/106/209 1454/108/211
f 1454/108/211 1441/94/200 1432/84/192
f 1443/97/202 1413/63/173 1412/62/172
f 1412/62/172 1444/98/203 1443/97/202
f 1445/99/204 1416/67/176 1420/72/180
f 1420/72/180 1446/100/205 1445/99/204
f 1400/48/161 1416/67/176 1445/99/204
f 1445/99/204 1397/45/530 1400/48/161
f 1374/22/135 1373/21/134 1422/74/182
f 1422/74/182 1449/103/151 1374/22/135
f 1422/74/182 1365/13/127 1368/16/129
f 1368/16/129 1449/103/151 1422/74/182
f 1354/2/116 1448/102/206 1414/64/174
f 1414/64/174 1355/3/117 1354/2/116
f 1380/28/141 1379/27/140 1358/6/120
f 1358/6/120 1357/5/119 1380/28/141
f 1434/109/194 1417/110/177 1363/11/314
f 1363/11/314 1362/10/124 1434/109/194
f 1415/111/175 1437/90/197 1386/34/147
f 1386/34/147 1385/33/146 1415/111/175
f 1417/68/177 1376/24/137 1412/62/172
f 1412/62/172 1363/61/314 1417/68/177
f 1388/70/316 1380/28/141 1357/5/119
f 1357/5/119 1385/66/146 1388/70/316
f 1442/112/201 1356/4/118 1355/3/117
f 1355/3/117 1418/69/178 1442/112/201
f 1428/80/188 1455/113/212 1420/72/180
f 1420/72/180 1419/71/334 1428/80/188
f 1384/32/145 1383/114/144 1429/81/189
f 1429/81/189 1419/71/334 1384/32/145
f 1371/115/132 1387/35/148 1386/34/147
f 1386/34/147 1436/89/196 1371/115/132
f 1383/114/144 1434/109/194 1362/10/124
f 1362/10/124 1429/81/189 1383/114/144
f 1372/116/133 1371/115/132 1436/89/196
f 1436/89/196 1418/96/178 1372/116/133
f 1375/23/136 1448/102/206 1354/2/116
f 1354/2/116 1444/98/203 1375/23/136
f 1456/117/213 1359/7/121 1358/6/120
f 1358/6/120 1446/100/205 1456/117/213
f 1376/24/137 1375/23/136 1444/98/203
f 1444/98/203 1412/62/172 1376/24/137
f 1455/113/212 1456/117/213 1446/100/205
f 1446/100/205 1420/72/180 1455/113/212
f 1407/55/167 1441/94/200 1367/15/15
f 1367/15/15 1366/14/128 1407/55/167
f 1441/94/200 1454/108/211 1447/101/15
f 1447/101/15 1367/15/15 1441/94/200
f 1454/108/211 1440/93/199 1425/77/185
f 1425/77/185 1447/101/15 1454/108/211
f 1409/57/169 1408/56/168 1431/83/191
f 1431/83/191 1426/78/335 1409/57/169
f 1408/56/168 1451/105/208 1453/107/210
f 1453/107/210 1431/83/191 1408/56/168
f 1453/107/210 1451/105/208 1427/79/187
f 1427/79/187 1411/59/171 1453/107/210
f 1457/1/214 1458/2/215 1459/3/323
f 1459/3/323 1460/4/217 1457/1/214
f 1461/5/218 1462/6/219 1463/7/220
f 1463/7/220 1464/8/221 1461/5/218
f 1465/9/222 1466/10/223 1467/11/336
f 1467/11/336 1468/12/531 1465/9/222
f 1469/13/532 1470/14/227 1471/15/15
f 1471/15/15 1472/16/228 1469/13/532
f 1473/17/229 1474/18/230 1475/19/231
f 1475/19/231 1476/20/232 1473/17/229
f 1477/21/233 1478/22/234 1479/23/235
f 1479/23/235 1480/24/236 1477/21/233
f 1481/25/237 1482/26/238 1483/27/239
f 1483/27/239 1484/28/326 1481/25/237
f 1485/29/327 1486/30/242 1487/31/243
f 1487/31/243 1488/32/244 1485/29/327
f 1489/33/245 1490/34/246 1491/35/247
f 1491/35/247 1492/36/248 1489/33/245
f 1493/37/249 1494/38/250 1495/39/328
f 1495/39/328 1496/40/252 1493/37/249
f 1497/41/253 1498/42/254 1499/43/255
f 1499/43/255 1500/44/256 1497/41/253
f 1501/45/257 1502/46/258 1503/47/259
f 1503/47/259 1504/48/260 1501/45/257
f 1505/49/261 1506/50/262 1507/51/329
f 1507/51/329 1508/52/264 1505/49/261
f 1495/39/328 1494/38/250 1509/53/228
f 1509/53/228 1510/54/330 1495/39/328
f 1498/42/254 1511/55/266 1470/14/227
f 1470/14/227 1499/43/255 1498/42/254
f 1503/47/259 1502/46/258 1512/56/267
f 1512/56/267 1513/57/268 1503/47/259
f 1506/50/262 1514/58/269 1515/59/270
f 1515/59/270 1507/51/329 1506/50/262
f 1468/60/531 1467/61/336 1516/62/271
f 1516/62/271 1517/63/272 1468/60/531
f 1496/40/252 1473/17/229 1476/20/232
f 1476/20/232 1518/64/273 1496/40/252
f 1519/65/274 1489/66/245 1461/5/218
f 1461/5/218 1464/8/221 1519/65/274
f 1504/48/260 1485/29/327 1488/32/244
f 1488/32/244 1520/67/275 1504/48/260
f 1480/24/236 1521/68/276 1500/44/256
f 1500/44/256 1477/21/233 1480/24/236
f 1476/20/232 1522/69/277 1459/3/323
f 1459/3/323 1518/64/273 1476/20/232
f 1484/28/326 1492/70/248 1508/52/264
f 1508/52/264 1481/25/237 1484/28/326
f 1488/32/244 1523/71/278 1524/72/279
f 1524/72/279 1520/67/275 1488/32/244
f 1473/17/229 1496/40/252 1495/39/328
f 1495/39/328 1525/73/280 1473/17/229
f 1477/21/233 1500/44/256 1499/43/255
f 1499/43/255 1526/74/281 1477/21/233
f 1485/29/327 1504/48/260 1503/47/259
f 1503/47/259 1527/75/282 1485/29/327
f 1481/25/237 1508/52/264 1507/51/329
f 1507/51/329 1528/76/283 1481/25/237
f 1525/73/280 1495/39/328 1510/54/330
f 1510/54/330 1529/77/284 1525/73/280
f 1526/74/281 1499/43/255 1470/14/227
f 1470/14/227 1469/13/532 1526/74/281
f 1527/75/282 1503/47/259 1513/57/268
f 1513/57/268 1530/78/285 1527/75/282
f 1528/76/283 1507/51/329 1515/59/270
f 1515/59/270 1531/79/286 1528/76/283
f 1532/80/287 1523/71/278 1533/81/288
f 1533/81/288 1534/82/289 1532/80/287
f 1530/78/285 1535/83/331 1536/84/291
f 1536/84/291 1537/85/292 1530/78/285
f 1508/52/264 1492/70/248 1491/86/247
f 1491/86/247 1505/49/261 1508/52/264
f 1497/41/253 1538/87/293 1487/31/243
f 1487/31/243 1486/30/242 1497/41/253
f 1539/88/294 1540/89/295 1490/34/246
f 1490/34/246 1541/90/296 1539/88/294
f 1486/30/242 1485/29/327 1527/75/282
f 1527/75/282 1542/91/254 1486/30/242
f 1474/18/230 1543/92/297 1506/50/262
f 1506/50/262 1505/49/261 1474/18/230
f 1527/75/282 1530/78/285 1537/85/292
f 1537/85/292 1542/91/254 1527/75/282
f 1543/92/297 1544/93/298 1514/58/269
f 1514/58/269 1506/50/262 1543/92/297
f 1534/82/289 1533/81/288 1466/10/223
f 1466/10/223 1465/9/222 1534/82/289
f 1537/85/292 1536/84/291 1545/94/299
f 1545/94/299 1511/55/266 1537/85/292
f 1505/49/261 1491/86/247 1475/19/231
f 1475/19/231 1474/18/230 1505/49/261
f 1486/30/242 1542/91/254 1498/42/254
f 1498/42/254 1497/41/253 1486/30/242
f 1542/91/254 1537/85/292 1511/55/266
f 1511/55/266 1498/42/254 1542/91/254
f 1500/44/256 1521/68/276 1538/87/293
f 1538/87/293 1497/41/253 1500/44/256
f 1546/95/300 1522/96/277 1540/89/295
f 1540/89/295 1539/88/294 1546/95/300
f 1474/18/230 1473/17/229 1525/73/280
f 1525/73/280 1543/92/297 1474/18/230
f 1525/73/280 1529/77/284 1544/93/298
f 1544/93/298 1543/92/297 1525/73/280
f 1547/97/301 1548/98/302 1458/2/215
f 1458/2/215 1457/1/214 1547/97/301
f 1483/27/239 1549/99/303 1550/100/304
f 1550/100/304 1462/6/219 1483/27/239
f 1510/54/330 1509/53/228 1551/101/15
f 1551/101/15 1529/77/284 1510/54/330
f 1496/40/252 1518/64/273 1552/102/305
f 1552/102/305 1493/37/249 1496/40/252
f 1501/45/257 1549/99/303 1483/27/239
f 1483/27/239 1482/26/238 1501/45/257
f 1478/22/234 1553/103/250 1494/38/250
f 1494/38/250 1493/37/249 1478/22/234
f 1482/26/238 1481/25/237 1528/76/283
f 1528/76/283 1554/104/306 1482/26/238
f 1553/103/250 1472/16/228 1509/53/228
f 1509/53/228 1494/38/250 1553/103/250
f 1528/76/283 1531/79/286 1555/105/307
f 1555/105/307 1554/104/306 1528/76/283
f 1514/58/269 1556/106/308 1557/107/309
f 1557/107/309 1515/59/270 1514/58/269
f 1514/58/269 1544/93/298 1558/108/310
f 1558/108/310 1556/106/308 1514/58/269
f 1509/53/228 1472/16/228 1471/15/15
f 1471/15/15 1551/101/15 1509/53/228
f 1493/37/249 1552/102/305 1479/23/235
f 1479/23/235 1478/22/234 1493/37/249
f 1482/26/238 1554/104/306 1502/46/258
f 1502/46/258 1501/45/257 1482/26/238
f 1554/104/306 1555/105/307 1512/56/267
f 1512/56/267 1502/46/258 1554/104/306
f 1556/106/308 1536/84/291 1535/83/331
f 1535/83/331 1557/107/309 1556/106/308
f 1536/84/291 1556/106/308 1558/108/310
f 1558/108/310 1545/94/299 1536/84/291
f 1547/97/301 1517/63/272 1516/62/271
f 1516/62/271 1548/98/302 1547/97/301
f 1549/99/303 1520/67/275 1524/72/279
f 1524/72/279 1550/100/304 1549/99/303
f 1504/48/260 1520/67/275 1549/99/303
f 1549/99/303 1501/45/257 1504/48/260
f 1478/22/234 1477/21/233 1526/74/281
f 1526/74/281 1553/103/250 1478/22/234
f 1526/74/281 1469/13/532 1472/16/228
f 1472/16/228 1553/103/250 1526/74/281
f 1458/2/215 1552/102/305 1518/64/273
f 1518/64/273 1459/3/323 1458/2/215
f 1484/28/326 1483/27/239 1462/6/219
f 1462/6/219 1461/5/218 1484/28/326
f 1538/109/293 1521/110/276 1467/11/336
f 1467/11/336 1466/10/223 1538/109/293
f 1519/111/274 1541/90/296 1490/34/246
f 1490/34/246 1489/33/245 1519/111/274
f 1521/68/276 1480/24/236 1516/62/271
f 1516/62/271 1467/61/336 1521/68/276
f 1492/70/248 1484/28/326 1461/5/218
f 1461/5/218 1489/66/245 1492/70/248
f 1546/112/300 1460/4/217 1459/3/323
f 1459/3/323 1522/69/277 1546/112/300
f 1532/80/287 1559/113/311 1524/72/279
f 1524/72/279 1523/71/278 1532/80/287
f 1488/32/244 1487/114/243 1533/81/288
f 1533/81/288 1523/71/278 1488/32/244
f 1475/115/231 1491/35/247 1490/34/246
f 1490/34/246 1540/89/295 1475/115/231
f 1487/114/243 1538/109/293 1466/10/223
f 1466/10/223 1533/81/288 1487/114/243
f 1476/116/232 1475/115/231 1540/89/295
f 1540/89/295 1522/96/277 1476/116/232
f 1479/23/235 1552/102/305 1458/2/215
f 1458/2/215 1548/98/302 1479/23/235
f 1560/117/312 1463/7/220 1462/6/219
f 1462/6/219 1550/100/304 1560/117/312
f 1480/24/236 1479/23/235 1548/98/302
f 1548/98/302 1516/62/271 1480/24/236
f 1559/113/311 1560/117/312 1550/100/304
f 1550/100/304 1524/72/279 1559/113/311
f 1511/55/266 1545/94/299 1471/15/15
f 1471/15/15 1470/14/227 1511/55/266
f 1545/94/299 1558/108/310 1551/101/15
f 1551/101/15 1471/15/15 1545/94/299
f 1558/108/310 1544/93/298 1529/77/284
f 1529/77/284 1551/101/15 1558/108/310
f 1513/57/268 1512/56/267 1535/83/331
f 1535/83/331 1530/78/285 1513/57/268
f 1512/56/267 1555/105/307 1557/107/309
f 1557/107/309 1535/83/331 1512/56/267
f 1557/107/309 1555/105/307 1531/79/286
f 1531/79/286 1515/59/270 1557/107/309
f 1561/1/115 1562/2/116 1563/3/117
f 1563/3/117 1564/4/118 1561/1/115
f 1565/5/119 1566/6/120 1567/7/121
f 1567/7/121 1568/8/122 1565/5/119
f 1569/9/123 1570/10/124 1571/11/314
f 1571/11/314 1572/12/126 1569/9/123
f 1573/13/127 1574/14/128 1575/15/15
f 1575/15/15 1576/16/129 1573/13/127
f 1577/17/130 1578/18/131 1579/19/132
f 1579/19/132 1580/20/133 1577/17/130
f 1581/21/134 1582/22/135 1583/23/136
f 1583/23/136 1584/24/137 1581/21/134
f 1585/25/138 1586/26/139 1587/27/140
f 1587/27/140 1588/28/141 1585/25/138
f 1589/29/142 1590/30/143 1591/31/144
f 1591/31/144 1592/32/145 1589/29/142
f 1593/33/146 1594/34/147 1595/35/148
f 1595/35/148 1596/36/316 1593/33/146
f 1597/37/150 1598/38/151 1599/39/152
f 1599/39/152 1600/40/153 1597/37/150
f 1601/41/154 1602/42/155 1603/43/156
f 1603/43/156 1604/44/157 1601/41/154
f 1605/45/158 1606/46/159 1607/47/160
f 1607/47/160 1608/48/161 1605/45/158
f 1609/49/162 1610/50/163 1611/51/164
f 1611/51/164 1612/52/165 1609/49/162
f 1599/39/152 1598/38/151 1613/53/129
f 1613/53/129 1614/54/166 1599/39/152
f 1602/42/155 1615/55/167 1574/14/128
f 1574/14/128 1603/43/156 1602/42/155
f 1607/47/160 1606/46/159 1616/56/168
f 1616/56/168 1617/57/169 1607/47/160
f 1610/50/163 1618/58/170 1619/59/171
f 1619/59/171 1611/51/164 1610/50/163
f 1572/60/126 1571/61/314 1620/62/172
f 1620/62/172 1621/63/173 1572/60/126
f 1600/40/153 1577/17/130 1580/20/133
f 1580/20/133 1622/64/174 1600/40/153
f 1623/65/175 1593/66/146 1565/5/119
f 1565/5/119 1568/8/122 1623/65/175
f 1608/48/161 1589/29/142 1592/32/145
f 1592/32/145 1624/67/176 1608/48/161
f 1584/24/137 1625/68/177 1604/44/157
f 1604/44/157 1581/21/134 1584/24/137
f 1580/20/133 1626/69/178 1563/3/117
f 1563/3/117 1622/64/174 1580/20/133
f 1588/28/141 1596/70/316 1612/52/165
f 1612/52/165 1585/25/138 1588/28/141
f 1592/32/145 1627/71/334 1628/72/180
f 1628/72/180 1624/67/176 1592/32/145
f 1577/17/130 1600/40/153 1599/39/152
f 1599/39/152 1629/73/181 1577/17/130
f 1581/21/134 1604/44/157 1603/43/156
f 1603/43/156 1630/74/321 1581/21/134
f 1589/29/142 1608/48/161 1607/47/160
f 1607/47/160 1631/75/183 1589/29/142
f 1585/25/138 1612/52/165 1611/51/164
f 1611/51/164 1632/76/184 1585/25/138
f 1629/73/181 1599/39/152 1614/54/166
f 1614/54/166 1633/77/185 1629/73/181
f 1630/74/321 1603/43/156 1574/14/128
f 1574/14/128 1573/13/127 1630/74/321
f 1631/75/183 1607/47/160 1617/57/169
f 1617/57/169 1634/78/335 1631/75/183
f 1632/76/184 1611/51/164 1619/59/171
f 1619/59/171 1635/79/322 1632/76/184
f 1636/80/188 1627/71/334 1637/81/189
f 1637/81/189 1638/82/190 1636/80/188
f 1634/78/335 1639/83/191 1640/84/192
f 1640/84/192 1641/85/193 1634/78/335
f 1612/52/165 1596/70/316 1595/86/148
f 1595/86/148 1609/49/162 1612/52/165
f 1601/41/154 1642/87/194 1591/31/144
f 1591/31/144 1590/30/143 1601/41/154
f 1643/88/195 1644/89/196 1594/34/147
f 1594/34/147 1645/90/197 1643/88/195
f 1590/30/143 1589/29/142 1631/75/183
f 1631/75/183 1646/91/155 1590/30/143
f 1578/18/131 1647/92/198 1610/50/163
f 1610/50/163 1609/49/162 1578/18/131
f 1631/75/183 1634/78/335 1641/85/193
f 1641/85/193 1646/91/155 1631/75/183
f 1647/92/198 1648/93/199 1618/58/170
f 1618/58/170 1610/50/163 1647/92/198
f 1638/82/190 1637/81/189 1570/10/124
f 1570/10/124 1569/9/123 1638/82/190
f 1641/85/193 1640/84/192 1649/94/200
f 1649/94/200 1615/55/167 1641/85/193
f 1609/49/162 1595/86/148 1579/19/132
f 1579/19/132 1578/18/131 1609/49/162
f 1590/30/143 1646/91/155 1602/42/155
f 1602/42/155 1601/41/154 1590/30/143
f 1646/91/155 1641/85/193 1615/55/167
f 1615/55/167 1602/42/155 1646/91/155
f 1604/44/157 1625/68/177 1642/87/194
f 1642/87/194 1601/41/154 1604/44/157
f 1650/95/201 1626/96/178 1644/89/196
f 1644/89/196 1643/88/195 1650/95/201
f 1578/18/131 1577/17/130 1629/73/181
f 1629/73/181 1647/92/198 1578/18/131
f 1629/73/181 1633/77/185 1648/93/199
f 1648/93/199 1647/92/198 1629/73/181
f 1651/97/202 1652/98/203 1562/2/116
f 1562/2/116 1561/1/115 1651/97/202
f 1587/27/140 1653/99/204 1654/100/205
f 1654/100/205 1566/6/120 1587/27/140
f 1614/54/166 1613/53/129 1655/101/15
f 1655/101/15 1633/77/185 1614/54/166
f 1600/40/153 1622/64/174 1656/102/206
f 1656/102/206 1597/37/150 1600/40/153
f 1605/45/158 1653/99/204 1587/27/140
f 1587/27/140 1586/26/139 1605/45/158
f 1582/22/135 1657/103/151 1598/38/151
f 1598/38/151 1597/37/150 1582/22/135
f 1586/26/139 1585/25/138 1632/76/184
f 1632/76/184 1658/104/207 1586/26/139
f 1657/103/151 1576/16/129 1613/53/129
f 1613/53/129 1598/38/151 1657/103/151
f 1632/76/184 1635/79/322 1659/105/208
f 1659/105/208 1658/104/207 1632/76/184
f 1618/58/170 1660/106/209 1661/107/210
f 1661/107/210 1619/59/171 1618/58/170
f 1618/58/170 1648/93/199 1662/108/211
f 1662/108/211 1660/106/209 1618/58/170
f 1613/53/129 1576/16/129 1575/15/15
f 1575/15/15 1655/101/15 1613/53/129
f 1597/37/150 1656/102/206 1583/23/136
f 1583/23/136 1582/22/135 1597/37/150
f 1586/26/139 1658/104/207 1606/46/159
f 1606/46/159 1605/45/158 1586/26/139
f 1658/104/207 1659/105/208 1616/56/168
f 1616/56/168 1606/46/159 1658/104/207
f 1660/106/209 1640/84/192 1639/83/191
f 1639/83/191 1661/107/210 1660/106/209
f 1640/84/192 1660/106/209 1662/108/211
f 1662/108/211 1649/94/200 1640/84/192
f 1651/97/202 1621/63/173 1620/62/172
f 1620/62/172 1652/98/203 1651/97/202
f 1653/99/204 1624/67/176 1628/72/180
f 1628/72/180 1654/100/205 1653/99/204
f 1608/48/161 1624/67/176 1653/99/204
f 1653/99/204 1605/45/158 1608/48/161
f 1582/22/135 1581/21/134 1630/74/321
f 1630/74/321 1657/103/151 1582/22/135
f 1630/74/321 1573/13/127 1576/16/129
f 1576/16/129 1657/103/151 1630/74/321
f 1562/2/116 1656/102/206 1622/64/174
f 1622/64/174 1563/3/117 1562/2/116
f 1588/28/141 1587/27/140 1566/6/120
f 1566/6/120 1565/5/119 1588/28/141
f 1642/109/194 1625/110/177 1571/11/314
f 1571/11/314 1570/10/124 1642/109/194
f 1623/111/175 1645/90/197 1594/34/147
f 1594/34/147 1593/33/146 1623/111/175
f 1625/68/177 1584/24/137 1620/62/172
f 1620/62/172 1571/61/314 1625/68/177
f 1596/70/316 1588/28/141 1565/5/119
f 1565/5/119 1593/66/146 1596/70/316
f 1650/112/201 1564/4/118 1563/3/117
f 1563/3/117 1626/69/178 1650/112/201
f 1636/80/188 1663/113/212 1628/72/180
f 1628/72/180 1627/71/334 1636/80/188
f 1592/32/145 1591/114/144 1637/81/189
f 1637/81/189 1627/71/334 1592/32/145
f 1579/115/132 1595/35/148 1594/34/147
f 1594/34/147 1644/89/196 1579/115/132
f 1591/114/144 1642/109/194 1570/10/124
f 1570/10/124 1637/81/189 1591/114/144
f 1580/116/133 1579/115/132 1644/89/196
f 1644/89/196 1626/96/178 1580/116/133
f 1583/23/136 1656/102/206 1562/2/116
f 1562/2/116 1652/98/203 1583/23/136
f 1664/117/213 1567/7/121 1566/6/120
f 1566/6/120 1654/100/205 1664/117/213
f 1584/24/137 1583/23/136 1652/98/203
f 1652/98/203 1620/62/172 1584/24/137
f 1663/113/212 1664/117/213 1654/100/205
f 1654/100/205 1628/72/180 1663/113/212
f 1615/55/167 1649/94/200 1575/15/15
f 1575/15/15 1574/14/128 1615/55/167
f 1649/94/200 1662/108/211 1655/101/15
f 1655/101/15 1575/15/15 1649/94/200
f 1662/108/211 1648/93/199 1633/77/185
f 1633/77/185 1655/101/15 1662/108/211
f 1617/57/169 1616/56/168 1639/83/191
f 1639/83/191 1634/78/335 1617/57/169
f 1616/56/168 1659/105/208 1661/107/210
f 1661/107/210 1639/83/191 1616/56/168
f 1661/107/210 1659/105/208 1635/79/322
f 1635/79/322 1619/59/171 1661/107/210
f 1665/1/214 1666/2/215 1667/3/323
f 1667/3/323 1668/4/217 1665/1/214
f 1669/5/218 1670/6/219 1671/7/220
f 1671/7/220 1672/8/221 1669/5/218
f 1673/9/222 1674/10/223 1675/11/224
f 1675/11/224 1676/12/531 1673/9/222
f 1677/13/532 1678/14/227 1679/15/15
f 1679/15/15 1680/16/228 1677/13/532
f 1681/17/229 1682/18/230 1683/19/231
f 1683/19/231 1684/20/232 1681/17/229
f 1685/21/233 1686/22/234 1687/23/235
f 1687/23/235 1688/24/236 1685/21/233
f 1689/25/237 1690/26/238 1691/27/239
f 1691/27/239 1692/28/326 1689/25/237
f 1693/29/327 1694/30/242 1695/31/243
f 1695/31/243 1696/32/244 1693/29/327
f 1697/33/245 1698/34/246 1699/35/247
f 1699/35/247 1700/36/248 1697/33/245
f 1701/37/249 1702/38/250 1703/39/533
f 1703/39/533 1704/40/252 1701/37/249
f 1705/41/253 1706/42/254 1707/43/255
f 1707/43/255 1708/44/534 1705/41/253
f 1709/45/257 1710/46/258 1711/47/259
f 1711/47/259 1712/48/535 1709/45/257
f 1713/49/261 1714/50/262 1715/51/329
f 1715/51/329 1716/52/264 1713/49/261
f 1703/39/533 1702/38/250 1717/53/228
f 1717/53/228 1718/54/330 1703/39/533
f 1706/42/254 1719/55/266 1678/14/227
f 1678/14/227 1707/43/255 1706/42/254
f 1711/47/259 1710/46/258 1720/56/267
f 1720/56/267 1721/57/268 1711/47/259
f 1714/50/262 1722/58/269 1723/59/270
f 1723/59/270 1715/51/329 1714/50/262
f 1676/60/531 1675/61/224 1724/62/271
f 1724/62/271 1725/63/272 1676/60/531
f 1704/40/252 1681/17/229 1684/20/232
f 1684/20/232 1726/64/273 1704/40/252
f 1727/65/274 1697/66/245 1669/5/218
f 1669/5/218 1672/8/221 1727/65/274
f 1712/48/535 1693/29/327 1696/32/244
f 1696/32/244 1728/67/275 1712/48/535
f 1688/24/236 1729/68/276 1708/44/534
f 1708/44/534 1685/21/233 1688/24/236
f 1684/20/232 1730/69/277 1667/3/323
f 1667/3/323 1726/64/273 1684/20/232
f 1692/28/326 1700/70/248 1716/52/264
f 1716/52/264 1689/25/237 1692/28/326
f 1696/32/244 1731/71/278 1732/72/279
f 1732/72/279 1728/67/275 1696/32/244
f 1681/17/229 1704/40/252 1703/39/533
f 1703/39/533 1733/73/280 1681/17/229
f 1685/21/233 1708/44/534 1707/43/255
f 1707/43/255 1734/74/281 1685/21/233
f 1693/29/327 1712/48/535 1711/47/259
f 1711/47/259 1735/75/536 1693/29/327
f 1689/25/237 1716/52/264 1715/51/329
f 1715/51/329 1736/76/283 1689/25/237
f 1733/73/280 1703/39/533 1718/54/330
f 1718/54/330 1737/77/284 1733/73/280
f 1734/74/281 1707/43/255 1678/14/227
f 1678/14/227 1677/13/532 1734/74/281
f 1735/75/536 1711/47/259 1721/57/268
f 1721/57/268 1738/78/285 1735/75/536
f 1736/76/283 1715/51/329 1723/59/270
f 1723/59/270 1739/79/286 1736/76/283
f 1740/80/287 1731/71/278 1741/81/288
f 1741/81/288 1742/82/289 1740/80/287
f 1738/78/285 1743/83/290 1744/84/291
f 1744/84/291 1745/85/292 1738/78/285
f 1716/52/264 1700/70/248 1699/86/247
f 1699/86/247 1713/49/261 1716/52/264
f 1705/41/253 1746/87/293 1695/31/243
f 1695/31/243 1694/30/242 1705/41/253
f 1747/88/294 1748/89/295 1698/34/246
f 1698/34/246 1749/90/296 1747/88/294
f 1694/30/242 1693/29/327 1735/75/536
f 1735/75/536 1750/91/254 1694/30/242
f 1682/18/230 1751/92/297 1714/50/262
f 1714/50/262 1713/49/261 1682/18/230
f 1735/75/536 1738/78/285 1745/85/292
f 1745/85/292 1750/91/254 1735/75/536
f 1751/92/297 1752/93/298 1722/58/269
f 1722/58/269 1714/50/262 1751/92/297
f 1742/82/289 1741/81/288 1674/10/223
f 1674/10/223 1673/9/222 1742/82/289
f 1745/85/292 1744/84/291 1753/94/299
f 1753/94/299 1719/55/266 1745/85/292
f 1713/49/261 1699/86/247 1683/19/231
f 1683/19/231 1682/18/230 1713/49/261
f 1694/30/242 1750/91/254 1706/42/254
f 1706/42/254 1705/41/253 1694/30/242
f 1750/91/254 1745/85/292 1719/55/266
f 1719/55/266 1706/42/254 1750/91/254
f 1708/44/534 1729/68/276 1746/87/293
f 1746/87/293 1705/41/253 1708/44/534
f 1754/95/300 1730/96/277 1748/89/295
f 1748/89/295 1747/88/294 1754/95/300
f 1682/18/230 1681/17/229 1733/73/280
f 1733/73/280 1751/92/297 1682/18/230
f 1733/73/280 1737/77/284 1752/93/298
f 1752/93/298 1751/92/297 1733/73/280
f 1755/97/301 1756/98/302 1666/2/215
f 1666/2/215 1665/1/214 1755/97/301
f 1691/27/239 1757/99/303 1758/100/304
f 1758/100/304 1670/6/219 1691/27/239
f 1718/54/330 1717/53/228 1759/101/15
f 1759/101/15 1737/77/284 1718/54/330
f 1704/40/252 1726/64/273 1760/102/305
f 1760/102/305 1701/37/249 1704/40/252
f 1709/45/257 1757/99/303 1691/27/239
f 1691/27/239 1690/26/238 1709/45/257
f 1686/22/234 1761/103/250 1702/38/250
f 1702/38/250 1701/37/249 1686/22/234
f 1690/26/238 1689/25/237 1736/76/283
f 1736/76/283 1762/104/306 1690/26/238
f 1761/103/250 1680/16/228 1717/53/228
f 1717/53/228 1702/38/250 1761/103/250
f 1736/76/283 1739/79/286 1763/105/307
f 1763/105/307 1762/104/306 1736/76/283
f 1722/58/269 1764/106/308 1765/107/309
f 1765/107/309 1723/59/270 1722/58/269
f 1722/58/269 1752/93/298 1766/108/310
f 1766/108/310 1764/106/308 1722/58/269
f 1717/53/228 1680/16/228 1679/15/15
f 1679/15/15 1759/101/15 1717/53/228
f 1701/37/249 1760/102/305 1687/23/235
f 1687/23/235 1686/22/234 1701/37/249
f 1690/26/238 1762/104/306 1710/46/258
f 1710/46/258 1709/45/257 1690/26/238
f 1762/104/306 1763/105/307 1720/56/267
f 1720/56/267 1710/46/258 1762/104/306
f 1764/106/308 1744/84/291 1743/83/290
f 1743/83/290 1765/107/309 1764/106/308
f 1744/84/291 1764/106/308 1766/108/310
f 1766/108/310 1753/94/299 1744/84/291
f 1755/97/301 1725/63/272 1724/62/271
f 1724/62/271 1756/98/302 1755/97/301
f 1757/99/303 1728/67/275 1732/72/279
f 1732/72/279 1758/100/304 1757/99/303
f 1712/48/535 1728/67/275 1757/99/303
f 1757/99/303 1709/45/257 1712/48/535
f 1686/22/234 1685/21/233 1734/74/281
f 1734/74/281 1761/103/250 1686/22/234
f 1734/74/281 1677/13/532 1680/16/228
f 1680/16/228 1761/103/250 1734/74/281
f 1666/2/215 1760/102/305 1726/64/273
f 1726/64/273 1667/3/323 1666/2/215
f 1692/28/326 1691/27/239 1670/6/219
f 1670/6/219 1669/5/218 1692/28/326
f 1746/109/293 1729/110/276 1675/11/224
f 1675/11/224 1674/10/223 1746/109/293
f 1727/111/274 1749/90/296 1698/34/246
f 1698/34/246 1697/33/245 1727/111/274
f 1729/68/276 1688/24/236 1724/62/271
f 1724/62/271 1675/61/224 1729/68/276
f 1700/70/248 1692/28/326 1669/5/218
f 1669/5/218 1697/66/245 1700/70/248
f 1754/112/300 1668/4/217 1667/3/323
f 1667/3/323 1730/69/277 1754/112/300
f 1740/80/287 1767/113/311 1732/72/279
f 1732/72/279 1731/71/278 1740/80/287
f 1696/32/244 1695/114/243 1741/81/288
f 1741/81/288 1731/71/278 1696/32/244
f 1683/115/231 1699/35/247 1698/34/246
f 1698/34/246 1748/89/295 1683/115/231
f 1695/114/243 1746/109/293 1674/10/223
f 1674/10/223 1741/81/288 1695/114/243
f 1684/116/232 1683/115/231 1748/89/295
f 1748/89/295 1730/96/277 1684/116/232
f 1687/23/235 1760/102/305 1666/2/215
f 1666/2/215 1756/98/302 1687/23/235
f 1768/117/312 1671/7/220 1670/6/219
f 1670/6/219 1758/100/304 1768/117/312
f 1688/24/236 1687/23/235 1756/98/302
f 1756/98/302 1724/62/271 1688/24/236
f 1767/113/311 1768/117/312 1758/100/304
f 1758/100/304 1732/72/279 1767/113/311
f 1719/55/266 1753/94/299 1679/15/15
f 1679/15/15 1678/14/227 1719/55/266
f 1753/94/299 1766/108/310 1759/101/15
f 1759/101/15 1679/15/15 1753/94/299
f 1766/108/310 1752/93/298 1737/77/284
f 1737/77/284 1759/101/15 1766/108/310
f 1721/57/268 1720/56/267 1743/83/290
f 1743/83/290 1738/78/285 1721/57/268
f 1720/56/267 1763/105/307 1765/107/309
f 1765/107/309 1743/83/290 1720/56/267
f 1765/107/309 1763/105/307 1739/79/286
f 1739/79/286 1723/59/270 1765/107/309
f 1769/1/115 1770/2/116 1771/3/117
f 1771/3/117 1772/4/118 1769/1/115
f 1773/5/119 1774/6/120 1775/7/121
f 1775/7/121 1776/8/122 1773/5/119
f 1777/9/123 1778/10/124 1779/11/314
f 1779/11/314 1780/12/126 1777/9/123
f 1781/13/127 1782/14/128 1783/15/15
f 1783/15/15 1784/16/129 1781/13/127
f 1785/17/130 1786/18/131 1787/19/132
f 1787/19/132 1788/20/133 1785/17/130
f 1789/21/134 1790/22/135 1791/23/136
f 1791/23/136 1792/24/137 1789/21/134
f 1793/25/138 1794/26/139 1795/27/140
f 1795/27/140 1796/28/141 1793/25/138
f 1797/29/142 1798/30/143 1799/31/144
f 1799/31/144 1800/32/145 1797/29/142
f 1801/33/146 1802/34/147 1803/35/148
f 1803/35/148 1804/36/316 1801/33/146
f 1805/37/150 1806/38/151 1807/39/537
f 1807/39/537 1808/40/332 1805/37/150
f 1809/41/154 1810/42/155 1811/43/538
f 1811/43/538 1812/44/157 1809/41/154
f 1813/45/158 1814/46/159 1815/47/160
f 1815/47/160 1816/48/161 1813/45/158
f 1817/49/162 1818/50/163 1819/51/164
f 1819/51/164 1820/52/317 1817/49/162
f 1807/39/537 1806/38/151 1821/53/129
f 1821/53/129 1822/54/166 1807/39/537
f 1810/42/155 1823/55/167 1782/14/128
f 1782/14/128 1811/43/538 1810/42/155
f 1815/47/160 1814/46/159 1824/56/168
f 1824/56/168 1825/57/169 1815/47/160
f 1818/50/163 1826/58/170 1827/59/171
f 1827/59/171 1819/51/164 1818/50/163
f 1780/60/126 1779/61/314 1828/62/172
f 1828/62/172 1829/63/539 1780/60/126
f 1808/40/332 1785/17/130 1788/20/133
f 1788/20/133 1830/64/174 1808/40/332
f 1831/65/175 1801/66/146 1773/5/119
f 1773/5/119 1776/8/122 1831/65/175
f 1816/48/161 1797/29/142 1800/32/145
f 1800/32/145 1832/67/333 1816/48/161
f 1792/24/137 1833/68/177 1812/44/157
f 1812/44/157 1789/21/134 1792/24/137
f 1788/20/133 1834/69/178 1771/3/117
f 1771/3/117 1830/64/174 1788/20/133
f 1796/28/141 1804/70/316 1820/52/317
f 1820/52/317 1793/25/138 1796/28/141
f 1800/32/145 1835/71/319 1836/72/320
f 1836/72/320 1832/67/333 1800/32/145
f 1785/17/130 1808/40/332 1807/39/537
f 1807/39/537 1837/73/181 1785/17/130
f 1789/21/134 1812/44/157 1811/43/538
f 1811/43/538 1838/74/540 1789/21/134
f 1797/29/142 1816/48/161 1815/47/160
f 1815/47/160 1839/75/183 1797/29/142
f 1793/25/138 1820/52/317 1819/51/164
f 1819/51/164 1840/76/184 1793/25/138
f 1837/73/181 1807/39/537 1822/54/166
f 1822/54/166 1841/77/185 1837/73/181
f 1838/74/540 1811/43/538 1782/14/128
f 1782/14/128 1781/13/127 1838/74/540
f 1839/75/183 1815/47/160 1825/57/169
f 1825/57/169 1842/78/335 1839/75/183
f 1840/76/184 1819/51/164 1827/59/171
f 1827/59/171 1843/79/322 1840/76/184
f 1844/80/188 1835/71/319 1845/81/189
f 1845/81/189 1846/82/190 1844/80/188
f 1842/78/335 1847/83/191 1848/84/192
f 1848/84/192 1849/85/193 1842/78/335
f 1820/52/317 1804/70/316 1803/86/148
f 1803/86/148 1817/49/162 1820/52/317
f 1809/41/154 1850/87/194 1799/31/144
f 1799/31/144 1798/30/143 1809/41/154
f 1851/88/195 1852/89/196 1802/34/147
f 1802/34/147 1853/90/197 1851/88/195
f 1798/30/143 1797/29/142 1839/75/183
f 1839/75/183 1854/91/541 1798/30/143
f 1786/18/131 1855/92/198 1818/50/163
f 1818/50/163 1817/49/162 1786/18/131
f 1839/75/183 1842/78/335 1849/85/193
f 1849/85/193 1854/91/541 1839/75/183
f 1855/92/198 1856/93/199 1826/58/170
f 1826/58/170 1818/50/163 1855/92/198
f 1846/82/190 1845/81/189 1778/10/124
f 1778/10/124 1777/9/123 1846/82/190
f 1849/85/193 1848/84/192 1857/94/200
f 1857/94/200 1823/55/167 1849/85/193
f 1817/49/162 1803/86/148 1787/19/132
f 1787/19/132 1786/18/131 1817/49/162
f 1798/30/143 1854/91/541 1810/42/155
f 1810/42/155 1809/41/154 1798/30/143
f 1854/91/541 1849/85/193 1823/55/167
f 1823/55/167 1810/42/155 1854/91/541
f 1812/44/157 1833/68/177 1850/87/194
f 1850/87/194 1809/41/154 1812/44/157
f 1858/95/201 1834/96/178 1852/89/196
f 1852/89/196 1851/88/195 1858/95/201
f 1786/18/131 1785/17/130 1837/73/181
f 1837/73/181 1855/92/198 1786/18/131
f 1837/73/181 1841/77/185 1856/93/199
f 1856/93/199 1855/92/198 1837/73/181
f 1859/97/202 1860/98/203 1770/2/116
f 1770/2/116 1769/1/115 1859/97/202
f 1795/27/140 1861/99/204 1862/100/205
f 1862/100/205 1774/6/120 1795/27/140
f 1822/54/166 1821/53/129 1863/101/15
f 1863/101/15 1841/77/185 1822/54/166
f 1808/40/332 1830/64/174 1864/102/206
f 1864/102/206 1805/37/150 1808/40/332
f 1813/45/158 1861/99/204 1795/27/140
f 1795/27/140 1794/26/139 1813/45/158
f 1790/22/135 1865/103/151 1806/38/151
f 1806/38/151 1805/37/150 1790/22/135
f 1794/26/139 1793/25/138 1840/76/184
f 1840/76/184 1866/104/207 1794/26/139
f 1865/103/151 1784/16/129 1821/53/129
f 1821/53/129 1806/38/151 1865/103/151
f 1840/76/184 1843/79/322 1867/105/208
f 1867/105/208 1866/104/207 1840/76/184
f 1826/58/170 1868/106/209 1869/107/210
f 1869/107/210 1827/59/171 1826/58/170
f 1826/58/170 1856/93/199 1870/108/211
f 1870/108/211 1868/106/209 1826/58/170
f 1821/53/129 1784/16/129 1783/15/15
f 1783/15/15 1863/101/15 1821/53/129
f 1805/37/150 1864/102/206 1791/23/136
f 1791/23/136 1790/22/135 1805/37/150
f 1794/26/139 1866/104/207 1814/46/159
f 1814/46/159 1813/45/158 1794/26/139
f 1866/104/207 1867/105/208 1824/56/168
f 1824/56/168 1814/46/159 1866/104/207
f 1868/106/209 1848/84/192 1847/83/191
f 1847/83/191 1869/107/210 1868/106/209
f 1848/84/192 1868/106/209 1870/108/211
f 1870/108/211 1857/94/200 1848/84/192
f 1859/97/202 1829/63/539 1828/62/172
f 1828/62/172 1860/98/203 1859/97/202
f 1861/99/204 1832/67/333 1836/72/320
f 1836/72/320 1862/100/205 1861/99/204
f 1816/48/161 1832/67/333 1861/99/204
f 1861/99/204 1813/45/158 1816/48/161
f 1790/22/135 1789/21/134 1838/74/540
f 1838/74/540 1865/103/151 1790/22/135
f 1838/74/540 1781/13/127 1784/16/129
f 1784/16/129 1865/103/151 1838/74/540
f 1770/2/116 1864/102/206 1830/64/174
f 1830/64/174 1771/3/117 1770/2/116
f 1796/28/141 1795/27/140 1774/6/120
f 1774/6/120 1773/5/119 1796/28/141
f 1850/109/194 1833/110/177 1779/11/314
f 1779/11/314 1778/10/124 1850/109/194
f 1831/111/175 1853/90/197 1802/34/147
f 1802/34/147 1801/33/146 1831/111/175
f 1833/68/177 1792/24/137 1828/62/172
f 1828/62/172 1779/61/314 1833/68/177
f 1804/70/316 1796/28/141 1773/5/119
f 1773/5/119 1801/66/146 1804/70/316
f 1858/112/201 1772/4/118 1771/3/117
f 1771/3/117 1834/69/178 1858/112/201
f 1844/80/188 1871/113/212 1836/72/320
f 1836/72/320 1835/71/319 1844/80/188
f 1800/32/145 1799/114/144 1845/81/189
f 1845/81/189 1835/71/319 1800/32/145
f 1787/115/132 1803/35/148 1802/34/147
f 1802/34/147 1852/89/196 1787/115/132
f 1799/114/144 1850/109/194 1778/10/124
f 1778/10/124 1845/81/189 1799/114/144
f 1788/116/133 1787/115/132 1852/89/196
f 1852/89/196 1834/96/178 1788/116/133
f 1791/23/136 1864/102/206 1770/2/116
f 1770/2/116 1860/98/203 1791/23/136
f 1872/117/213 1775/7/121 1774/6/120
f 1774/6/120 1862/100/205 1872/117/213
f 1792/24/137 1791/23/136 1860/98/203
f 1860/98/203 1828/62/172 1792/24/137
f 1871/113/212 1872/117/213 1862/100/205
f 1862/100/205 1836/72/320 1871/113/212
f 1823/55/167 1857/94/200 1783/15/15
f 1783/15/15 1782/14/128 1823/55/167
f 1857/94/200 1870/108/211 1863/101/15
f 1863/101/15 1783/15/15 1857/94/200
f 1870/108/211 1856/93/199 1841/77/185
f 1841/77/185 1863/101/15 1870/108/211
f 1825/57/169 1824/56/168 1847/83/191
f 1847/83/191 1842/78/335 1825/57/169
f 1824/56/168 1867/105/208 1869/107/210
f 1869/107/210 1847/83/191 1824/56/168
f 1869/107/210 1867/105/208 1843/79/322
f 1843/79/322 1827/59/171 1869/107/210
f 1873/1/214 1874/2/215 1875/3/542
f 1875/3/542 1876/4/217 1873/1/214
f 1877/5/218 1878/6/219 1879/7/220
f 1879/7/220 1880/8/221 1877/5/218
f 1881/9/222 1882/10/223 1883/11/224
f 1883/11/224 1884/12/531 1881/9/222
f 1885/13/532 1886/14/227 1887/15/15
f 1887/15/15 1888/16/228 1885/13/532
f 1889/17/325 1890/18/230 1891/19/231
f 1891/19/231 1892/20/232 1889/17/325
f 1893/21/233 1894/22/234 1895/23/235
f 1895/23/235 1896/24/236 1893/21/233
f 1897/25/237 1898/26/238 1899/27/239
f 1899/27/239 1900/28/326 1897/25/237
f 1901/29/327 1902/30/242 1903/31/243
f 1903/31/243 1904/32/244 1901/29/327
f 1905/33/245 1906/34/246 1907/35/247
f 1907/35/247 1908/36/248 1905/33/245
f 1909/37/249 1910/38/250 1911/39/328
f 1911/39/328 1912/40/252 1909/37/249
f 1913/41/253 1914/42/254 1915/43/255
f 1915/43/255 1916/44/534 1913/41/253
f 1917/45/257 1918/46/258 1919/47/259
f 1919/47/259 1920/48/535 1917/45/257
f 1921/49/261 1922/50/262 1923/51/329
f 1923/51/329 1924/52/264 1921/49/261
f 1911/39/328 1910/38/250 1925/53/228
f 1925/53/228 1926/54/330 1911/39/328
f 1914/42/254 1927/55/266 1886/14/227
f 1886/14/227 1915/43/255 1914/42/254
f 1919/47/259 1918/46/258 1928/56/267
f 1928/56/267 1929/57/268 1919/47/259
f 1922/50/262 1930/58/269 1931/59/270
f 1931/59/270 1923/51/329 1922/50/262
f 1884/60/531 1883/61/224 1932/62/271
f 1932/62/271 1933/63/272 1884/60/531
f 1912/40/252 1889/17/325 1892/20/232
f 1892/20/232 1934/64/273 1912/40/252
f 1935/65/274 1905/66/245 1877/5/218
f 1877/5/218 1880/8/221 1935/65/274
f 1920/48/535 1901/29/327 1904/32/244
f 1904/32/244 1936/67/275 1920/48/535
f 1896/24/236 1937/68/276 1916/44/534
f 1916/44/534 1893/21/233 1896/24/236
f 1892/20/232 1938/69/277 1875/3/542
f 1875/3/542 1934/64/273 1892/20/232
f 1900/28/326 1908/70/248 1924/52/264
f 1924/52/264 1897/25/237 1900/28/326
f 1904/32/244 1939/71/278 1940/72/279
f 1940/72/279 1936/67/275 1904/32/244
f 1889/17/325 1912/40/252 1911/39/328
f 1911/39/328 1941/73/280 1889/17/325
f 1893/21/233 1916/44/534 1915/43/255
f 1915/43/255 1942/74/281 1893/21/233
f 1901/29/327 1920/48/535 1919/47/259
f 1919/47/259 1943/75/282 1901/29/327
f 1897/25/237 1924/52/264 1923/51/329
f 1923/51/329 1944/76/283 1897/25/237
f 1941/73/280 1911/39/328 1926/54/330
f 1926/54/330 1945/77/284 1941/73/280
f 1942/74/281 1915/43/255 1886/14/227
f 1886/14/227 1885/13/532 1942/74/281
f 1943/75/282 1919/47/259 1929/57/268
f 1929/57/268 1946/78/285 1943/75/282
f 1944/76/283 1923/51/329 1931/59/270
f 1931/59/270 1947/79/286 1944/76/283
f 1948/80/287 1939/71/278 1949/81/288
f 1949/81/288 1950/82/289 1948/80/287
f 1946/78/285 1951/83/290 1952/84/291
f 1952/84/291 1953/85/292 1946/78/285
f 1924/52/264 1908/70/248 1907/86/247
f 1907/86/247 1921/49/261 1924/52/264
f 1913/41/253 1954/87/293 1903/31/243
f 1903/31/243 1902/30/242 1913/41/253
f 1955/88/294 1956/89/295 1906/34/246
f 1906/34/246 1957/90/296 1955/88/294
f 1902/30/242 1901/29/327 1943/75/282
f 1943/75/282 1958/91/254 1902/30/242
f 1890/18/230 1959/92/297 1922/50/262
f 1922/50/262 1921/49/261 1890/18/230
f 1943/75/282 1946/78/285 1953/85/292
f 1953/85/292 1958/91/254 1943/75/282
f 1959/92/297 1960/93/298 1930/58/269
f 1930/58/269 1922/50/262 1959/92/297
f 1950/82/289 1949/81/288 1882/10/223
f 1882/10/223 1881/9/222 1950/82/289
f 1953/85/292 1952/84/291 1961/94/299
f 1961/94/299 1927/55/266 1953/85/292
f 1921/49/261 1907/86/247 1891/19/231
f 1891/19/231 1890/18/230 1921/49/261
f 1902/30/242 1958/91/254 1914/42/254
f 1914/42/254 1913/41/253 1902/30/242
f 1958/91/254 1953/85/292 1927/55/266
f 1927/55/266 1914/42/254 1958/91/254
f 1916/44/534 1937/68/276 1954/87/293
f 1954/87/293 1913/41/253 1916/44/534
f 1962/95/300 1938/96/277 1956/89/295
f 1956/89/295 1955/88/294 1962/95/300
f 1890/18/230 1889/17/325 1941/73/280
f 1941/73/280 1959/92/297 1890/18/230
f 1941/73/280 1945/77/284 1960/93/298
f 1960/93/298 1959/92/297 1941/73/280
f 1963/97/301 1964/98/302 1874/2/215
f 1874/2/215 1873/1/214 1963/97/301
f 1899/27/239 1965/99/303 1966/100/304
f 1966/100/304 1878/6/219 1899/27/239
f 1926/54/330 1925/53/228 1967/101/15
f 1967/101/15 1945/77/284 1926/54/330
f 1912/40/252 1934/64/273 1968/102/305
f 1968/102/305 1909/37/249 1912/40/252
f 1917/45/257 1965/99/303 1899/27/239
f 1899/27/239 1898/26/238 1917/45/257
f 1894/22/234 1969/103/250 1910/38/250
f 1910/38/250 1909/37/249 1894/22/234
f 1898/26/238 1897/25/237 1944/76/283
f 1944/76/283 1970/104/306 1898/26/238
f 1969/103/250 1888/16/228 1925/53/228
f 1925/53/228 1910/38/250 1969/103/250
f 1944/76/283 1947/79/286 1971/105/307
f 1971/105/307 1970/104/306 1944/76/283
f 1930/58/269 1972/106/308 1973/107/309
f 1973/107/309 1931/59/270 1930/58/269
f 1930/58/269 1960/93/298 1974/108/310
f 1974/108/310 1972/106/308 1930/58/269
f 1925/53/228 1888/16/228 1887/15/15
f 1887/15/15 1967/101/15 1925/53/228
f 1909/37/249 1968/102/305 1895/23/235
f 1895/23/235 1894/22/234 1909/37/249
f 1898/26/238 1970/104/306 1918/46/258
f 1918/46/258 1917/45/257 1898/26/238
f 1970/104/306 1971/105/307 1928/56/267
f 1928/56/267 1918/46/258 1970/104/306
f 1972/106/308 1952/84/291 1951/83/290
f 1951/83/290 1973/107/309 1972/106/308
f 1952/84/291 1972/106/308 1974/108/310
f 1974/108/310 1961/94/299 1952/84/291
f 1963/97/301 1933/63/272 1932/62/271
f 1932/62/271 1964/98/302 1963/97/301
f 1965/99/303 1936/67/275 1940/72/279
f 1940/72/279 1966/100/304 1965/99/303
f 1920/48/535 1936/67/275 1965/99/303
f 1965/99/303 1917/45/257 1920/48/535
f 1894/22/234 1893/21/233 1942/74/281
f 1942/74/281 1969/103/250 1894/22/234
f 1942/74/281 1885/13/532 1888/16/228
f 1888/16/228 1969/103/250 1942/74/281
f 1874/2/215 1968/102/305 1934/64/273
f 1934/64/273 1875/3/542 1874/2/215
f 1900/28/326 1899/27/239 1878/6/219
f 1878/6/219 1877/5/218 1900/28/326
f 1954/109/293 1937/110/276 1883/11/224
f 1883/11/224 1882/10/223 1954/109/293
f 1935/111/274 1957/90/296 1906/34/246
f 1906/34/246 1905/33/245 1935/111/274
f 1937/68/276 1896/24/236 1932/62/271
f 1932/62/271 1883/61/224 1937/68/276
f 1908/70/248 1900/28/326 1877/5/218
f 1877/5/218 1905/66/245 1908/70/248
f 1962/112/300 1876/4/217 1875/3/542
f 1875/3/542 1938/69/277 1962/112/300
f 1948/80/287 1975/113/311 1940/72/279
f 1940/72/279 1939/71/278 1948/80/287
f 1904/32/244 1903/114/243 1949/81/288
f 1949/81/288 1939/71/278 1904/32/244
f 1891/115/231 1907/35/247 1906/34/246
f 1906/34/246 1956/89/295 1891/115/231
f 1903/114/243 1954/109/293 1882/10/223
f 1882/10/223 1949/81/288 1903/114/243
f 1892/116/232 1891/115/231 1956/89/295
f 1956/89/295 1938/96/277 1892/116/232
f 1895/23/235 1968/102/305 1874/2/215
f 1874/2/215 1964/98/302 1895/23/235
f 1976/117/312 1879/7/220 1878/6/219
f 1878/6/219 1966/100/304 1976/117/312
f 1896/24/236 1895/23/235 1964/98/302
f 1964/98/302 1932/62/271 1896/24/236
f 1975/113/311 1976/117/312 1966/100/304
f 1966/100/304 1940/72/279 1975/113/311
f 1927/55/266 1961/94/299 1887/15/15
f 1887/15/15 1886/14/227 1927/55/266
f 1961/94/299 1974/108/310 1967/101/15
f 1967/101/15 1887/15/15 1961/94/299
f 1974/108/310 1960/93/298 1945/77/284
f 1945/77/284 1967/101/15 1974/108/310
f 1929/57/268 1928/56/267 1951/83/290
f 1951/83/290 1946/78/285 1929/57/268
f 1928/56/267 1971/105/307 1973/107/309
f 1973/107/309 1951/83/290 1928/56/267
f 1973/107/309 1971/105/307 1947/79/286
f 1947/79/286 1931/59/270 1973/107/309
f 1977/1/115 1978/2/116 1979/3/117
f 1979/3/117 1980/4/118 1977/1/115
f 1981/5/119 1982/6/120 1983/7/121
f 1983/7/121 1984/8/122 1981/5/119
f 1985/9/123 1986/10/124 1987/11/314
f 1987/11/314 1988/12/126 1985/9/123
f 1989/13/127 1990/14/128 1991/15/15
f 1991/15/15 1992/16/129 1989/13/127
f 1993/17/130 1994/18/131 1995/19/132
f 1995/19/132 1996/20/133 1993/17/130
f 1997/21/134 1998/22/135 1999/23/136
f 1999/23/136 2000/24/137 1997/21/134
f 2001/25/138 2002/26/139 2003/27/140
f 2003/27/140 2004/28/141 2001/25/138
f 2005/29/142 2006/30/143 2007/31/144
f 2007/31/144 2008/32/145 2005/29/142
f 2009/33/146 2010/34/147 2011/35/148
f 2011/35/148 2012/36/316 2009/33/146
f 2013/37/150 2014/38/151 2015/39/152
f 2015/39/152 2016/40/332 2013/37/150
f 2017/41/154 2018/42/155 2019/43/156
f 2019/43/156 2020/44/157 2017/41/154
f 2021/45/543 2022/46/159 2023/47/160
f 2023/47/160 2024/48/161 2021/45/543
f 2025/49/162 2026/50/163 2027/51/164
f 2027/51/164 2028/52/317 2025/49/162
f 2015/39/152 2014/38/151 2029/53/129
f 2029/53/129 2030/54/166 2015/39/152
f 2018/42/155 2031/55/167 1990/14/128
f 1990/14/128 2019/43/156 2018/42/155
f 2023/47/160 2022/46/159 2032/56/168
f 2032/56/168 2033/57/169 2023/47/160
f 2026/50/163 2034/58/170 2035/59/171
f 2035/59/171 2027/51/164 2026/50/163
f 1988/60/126 1987/61/314 2036/62/172
f 2036/62/172 2037/63/173 1988/60/126
f 2016/40/332 1993/17/130 1996/20/133
f 1996/20/133 2038/64/174 2016/40/332
f 2039/65/175 2009/66/146 1981/5/119
f 1981/5/119 1984/8/122 2039/65/175
f 2024/48/161 2005/29/142 2008/32/145
f 2008/32/145 2040/67/333 2024/48/161
f 2000/24/137 2041/68/177 2020/44/157
f 2020/44/157 1997/21/134 2000/24/137
f 1996/20/133 2042/69/178 1979/3/117
f 1979/3/117 2038/64/174 1996/20/133
f 2004/28/141 2012/70/316 2028/52/317
f 2028/52/317 2001/25/138 2004/28/141
f 2008/32/145 2043/71/334 2044/72/180
f 2044/72/180 2040/67/333 2008/32/145
f 1993/17/130 2016/40/332 2015/39/152
f 2015/39/152 2045/73/181 1993/17/130
f 1997/21/134 2020/44/157 2019/43/156
f 2019/43/156 2046/74/321 1997/21/134
f 2005/29/142 2024/48/161 2023/47/160
f 2023/47/160 2047/75/183 2005/29/142
f 2001/25/138 2028/52/317 2027/51/164
f 2027/51/164 2048/76/184 2001/25/138
f 2045/73/181 2015/39/152 2030/54/166
f 2030/54/166 2049/77/185 2045/73/181
f 2046/74/321 2019/43/156 1990/14/128
f 1990/14/128 1989/13/127 2046/74/321
f 2047/75/183 2023/47/160 2033/57/169
f 2033/57/169 2050/78/186 2047/75/183
f 2048/76/184 2027/51/164 2035/59/171
f 2035/59/171 2051/79/322 2048/76/184
f 2052/80/188 2043/71/334 2053/81/189
f 2053/81/189 2054/82/190 2052/80/188
f 2050/78/186 2055/83/191 2056/84/192
f 2056/84/192 2057/85/193 2050/78/186
f 2028/52/317 2012/70/316 2011/86/148
f 2011/86/148 2025/49/162 2028/52/317
f 2017/41/154 2058/87/194 2007/31/144
f 2007/31/144 2006/30/143 2017/41/154
f 2059/88/195 2060/89/196 2010/34/147
f 2010/34/147 2061/90/197 2059/88/195
f 2006/30/143 2005/29/142 2047/75/183
f 2047/75/183 2062/91/155 2006/30/143
f 1994/18/131 2063/92/198 2026/50/163
f 2026/50/163 2025/49/162 1994/18/131
f 2047/75/183 2050/78/186 2057/85/193
f 2057/85/193 2062/91/155 2047/75/183
f 2063/92/198 2064/93/199 2034/58/170
f 2034/58/170 2026/50/163 2063/92/198
f 2054/82/190 2053/81/189 1986/10/124
f 1986/10/124 1985/9/123 2054/82/190
f 2057/85/193 2056/84/192 2065/94/200
f 2065/94/200 2031/55/167 2057/85/193
f 2025/49/162 2011/86/148 1995/19/132
f 1995/19/132 1994/18/131 2025/49/162
f 2006/30/143 2062/91/155 2018/42/155
f 2018/42/155 2017/41/154 2006/30/143
f 2062/91/155 2057/85/193 2031/55/167
f 2031/55/167 2018/42/155 2062/91/155
f 2020/44/157 2041/68/177 2058/87/194
f 2058/87/194 2017/41/154 2020/44/157
f 2066/95/201 2042/96/178 2060/89/196
f 2060/89/196 2059/88/195 2066/95/201
f 1994/18/131 1993/17/130 2045/73/181
f 2045/73/181 2063/92/198 1994/18/131
f 2045/73/181 2049/77/185 2064/93/199
f 2064/93/199 2063/92/198 2045/73/181
f 2067/97/202 2068/98/203 1978/2/116
f 1978/2/116 1977/1/115 2067/97/202
f 2003/27/140 2069/99/204 2070/100/205
f 2070/100/205 1982/6/120 2003/27/140
f 2030/54/166 2029/53/129 2071/101/15
f 2071/101/15 2049/77/185 2030/54/166
f 2016/40/332 2038/64/174 2072/102/206
f 2072/102/206 2013/37/150 2016/40/332
f 2021/45/543 2069/99/204 2003/27/140
f 2003/27/140 2002/26/139 2021/45/543
f 1998/22/135 2073/103/151 2014/38/151
f 2014/38/151 2013/37/150 1998/22/135
f 2002/26/139 2001/25/138 2048/76/184
f 2048/76/184 2074/104/207 2002/26/139
f 2073/103/151 1992/16/129 2029/53/129
f 2029/53/129 2014/38/151 2073/103/151
f 2048/76/184 2051/79/322 2075/105/208
f 2075/105/208 2074/104/207 2048/76/184
f 2034/58/170 2076/106/209 2077/107/210
f 2077/107/210 2035/59/171 2034/58/170
f 2034/58/170 2064/93/199 2078/108/211
f 2078/108/211 2076/106/209 2034/58/170
f 2029/53/129 1992/16/129 1991/15/15
f 1991/15/15 2071/101/15 2029/53/129
f 2013/37/150 2072/102/206 1999/23/136
f 1999/23/136 1998/22/135 2013/37/150
f 2002/26/139 2074/104/207 2022/46/159
f 2022/46/159 2021/45/543 2002/26/139
f 2074/104/207 2075/105/208 2032/56/168
f 2032/56/168 2022/46/159 2074/104/207
f 2076/106/209 2056/84/192 2055/83/191
f 2055/83/191 2077/107/210 2076/106/209
f 2056/84/192 2076/106/209 2078/108/211
f 2078/108/211 2065/94/200 2056/84/192
f 2067/97/202 2037/63/173 2036/62/172
f 2036/62/172 2068/98/203 2067/97/202
f 2069/99/204 2040/67/333 2044/72/180
f 2044/72/180 2070/100/205 2069/99/204
f 2024/48/161 2040/67/333 2069/99/204
f 2069/99/204 2021/45/543 2024/48/161
f 1998/22/135 1997/21/134 2046/74/321
f 2046/74/321 2073/103/151 1998/22/135
f 2046/74/321 1989/13/127 1992/16/129
f 1992/16/129 2073/103/151 2046/74/321
f 1978/2/116 2072/102/206 2038/64/174
f 2038/64/174 1979/3/117 1978/2/116
f 2004/28/141 2003/27/140 1982/6/120
f 1982/6/120 1981/5/119 2004/28/141
f 2058/109/194 2041/110/177 1987/11/314
f 1987/11/314 1986/10/124 2058/109/194
f 2039/111/175 2061/90/197 2010/34/147
f 2010/34/147 2009/33/146 2039/111/175
f 2041/68/177 2000/24/137 2036/62/172
f 2036/62/172 1987/61/314 2041/68/177
f 2012/70/316 2004/28/141 1981/5/119
f 1981/5/119 2009/66/146 2012/70/316
f 2066/112/201 1980/4/118 1979/3/117
f 1979/3/117 2042/69/178 2066/112/201
f 2052/80/188 2079/113/212 2044/72/180
f 2044/72/180 2043/71/334 2052/80/188
f 2008/32/145 2007/114/144 2053/81/189
f 2053/81/189 2043/71/334 2008/32/145
f 1995/115/132 2011/35/148 2010/34/147
f 2010/34/147 2060/89/196 1995/115/132
f 2007/114/144 2058/109/194 1986/10/124
f 1986/10/124 2053/81/189 2007/114/144
f 1996/116/133 1995/115/132 2060/89/196
f 2060/89/196 2042/96/178 1996/116/133
f 1999/23/136 2072/102/206 1978/2/116
f 1978/2/116 2068/98/203 1999/23/136
f 2080/117/213 1983/7/121 1982/6/120
f 1982/6/120 2070/100/205 2080/117/213
f 2000/24/137 1999/23/136 2068/98/203
f 2068/98/203 2036/62/172 2000/24/137
f 2079/113/212 2080/117/213 2070/100/205
f 2070/100/205 2044/72/180 2079/113/212
f 2031/55/167 2065/94/200 1991/15/15
f 1991/15/15 1990/14/128 2031/55/167
f 2065/94/200 2078/108/211 2071/101/15
f 2071/101/15 1991/15/15 2065/94/200
f 2078/108/211 2064/93/199 2049/77/185
f 2049/77/185 2071/101/15 2078/108/211
f 2033/57/169 2032/56/168 2055/83/191
f 2055/83/191 2050/78/186 2033/57/169
f 2032/56/168 2075/105/208 2077/107/210
f 2077/107/210 2055/83/191 2032/56/168
f 2077/107/210 2075/105/208 2051/79/322
f 2051/79/322 2035/59/171 2077/107/210
f 2081/1/337 2082/2/338 2083/3/339
f 2083/3/339 2084/4/544 2081/1/337
f 2085/5/341 2086/6/342 2087/7/343
f 2087/7/343 2088/8/344 2085/5/341
f 2089/9/345 2090/10/346 2091/11/347
f 2091/11/347 2092/12/348 2089/9/345
f 2093/13/545 2094/14/350 2095/15/15
f 2095/15/15 2096/16/228 2093/13/545
f 2097/17/546 2098/18/352 2099/19/353
f 2099/19/353 2100/20/354 2097/17/546
f 2101/21/355 2102/22/234 2103/23/356
f 2103/23/356 2104/24/357 2101/21/355
f 2105/25/358 2106/26/359 2107/27/547
f 2107/27/547 2108/28/361 2105/25/358
f 2109/29/362 2110/30/363 2111/31/364
f 2111/31/364 2112/32/365 2109/29/362
f 2113/33/366 2114/34/367 2115/35/368
f 2115/35/368 2116/36/369 2113/33/366
f 2117/37/249 2118/38/250 2119/39/370
f 2119/39/370 2120/40/371 2117/37/249
f 2121/41/372 2122/42/373 2123/43/374
f 2123/43/374 2124/44/375 2121/41/372
f 2125/45/376 2126/46/377 2127/47/378
f 2127/47/378 2128/48/379 2125/45/376
f 2129/49/380 2130/50/548 2131/51/382
f 2131/51/382 2132/52/383 2129/49/380
f 2119/39/370 2118/38/250 2133/53/228
f 2133/53/228 2134/54/384 2119/39/370
f 2122/42/373 2135/55/385 2094/14/350
f 2094/14/350 2123/43/374 2122/42/373
f 2127/47/378 2126/46/377 2136/56/386
f 2136/56/386 2137/57/387 2127/47/378
f 2130/50/548 2138/58/388 2139/59/389
f 2139/59/389 2131/51/382 2130/50/548
f 2092/60/348 2091/61/347 2140/62/390
f 2140/62/390 2141/63/391 2092/60/348
f 2120/40/371 2097/17/546 2100/20/354
f 2100/20/354 2142/64/392 2120/40/371
f 2143/65/393 2113/66/366 2085/5/341
f 2085/5/341 2088/8/344 2143/65/393
f 2128/48/379 2109/29/362 2112/32/365
f 2112/32/365 2144/67/394 2128/48/379
f 2104/24/357 2145/68/549 2124/44/375
f 2124/44/375 2101/21/355 2104/24/357
f 2100/20/354 2146/69/396 2083/3/339
f 2083/3/339 2142/64/392 2100/20/354
f 2108/28/361 2116/70/369 2132/52/383
f 2132/52/383 2105/25/358 2108/28/361
f 2112/32/365 2147/71/397 2148/72/398
f 2148/72/398 2144/67/394 2112/32/365
f 2097/17/546 2120/40/371 2119/39/370
f 2119/39/370 2149/73/399 2097/17/546
f 2101/21/355 2124/44/375 2123/43/374
f 2123/43/374 2150/74/400 2101/21/355
f 2109/29/362 2128/48/379 2127/47/378
f 2127/47/378 2151/75/401 2109/29/362
f 2105/25/358 2132/52/383 2131/51/382
f 2131/51/382 2152/76/402 2105/25/358
f 2149/73/399 2119/39/370 2134/54/384
f 2134/54/384 2153/77/403 2149/73/399
f 2150/74/400 2123/43/374 2094/14/350
f 2094/14/350 2093/13/545 2150/74/400
f 2151/75/401 2127/47/378 2137/57/387
f 2137/57/387 2154/78/404 2151/75/401
f 2152/76/402 2131/51/382 2139/59/389
f 2139/59/389 2155/79/405 2152/76/402
f 2156/80/406 2147/71/397 2157/81/407
f 2157/81/407 2158/82/408 2156/80/406
f 2154/78/404 2159/83/409 2160/84/410
f 2160/84/410 2161/85/411 2154/78/404
f 2132/52/383 2116/70/369 2115/86/368
f 2115/86/368 2129/49/380 2132/52/383
f 2121/41/372 2162/87/412 2111/31/364
f 2111/31/364 2110/30/363 2121/41/372
f 2163/88/413 2164/89/414 2114/34/367
f 2114/34/367 2165/90/415 2163/88/413
f 2110/30/363 2109/29/362 2151/75/401
f 2151/75/401 2166/91/373 2110/30/363
f 2098/18/352 2167/92/550 2130/50/548
f 2130/50/548 2129/49/380 2098/18/352
f 2151/75/401 2154/78/404 2161/85/411
f 2161/85/411 2166/91/373 2151/75/401
f 2167/92/550 2168/93/417 2138/58/388
f 2138/58/388 2130/50/548 2167/92/550
f 2158/82/408 2157/81/407 2090/10/346
f 2090/10/346 2089/9/345 2158/82/408
f 2161/85/411 2160/84/410 2169/94/299
f 2169/94/299 2135/55/385 2161/85/411
f 2129/49/380 2115/86/368 2099/19/353
f 2099/19/353 2098/18/352 2129/49/380
f 2110/30/363 2166/91/373 2122/42/373
f 2122/42/373 2121/41/372 2110/30/363
f 2166/91/373 2161/85/411 2135/55/385
f 2135/55/385 2122/42/373 2166/91/373
f 2124/44/375 2145/68/549 2162/87/412
f 2162/87/412 2121/41/372 2124/44/375
f 2170/95/551 2146/96/396 2164/89/414
f 2164/89/414 2163/88/413 2170/95/551
f 2098/18/352 2097/17/546 2149/73/399
f 2149/73/399 2167/92/550 2098/18/352
f 2149/73/399 2153/77/403 2168/93/417
f 2168/93/417 2167/92/550 2149/73/399
f 2171/97/419 2172/98/420 2082/2/338
f 2082/2/338 2081/1/337 2171/97/419
f 2107/27/547 2173/99/421 2174/100/422
f 2174/100/422 2086/6/342 2107/27/547
f 2134/54/384 2133/53/228 2175/101/15
f 2175/101/15 2153/77/403 2134/54/384
f 2120/40/371 2142/64/392 2176/102/305
f 2176/102/305 2117/37/249 2120/40/371
f 2125/45/376 2173/99/421 2107/27/547
f 2107/27/547 2106/26/359 2125/45/376
f 2102/22/234 2177/103/423 2118/38/250
f 2118/38/250 2117/37/249 2102/22/234
f 2106/26/359 2105/25/358 2152/76/402
f 2152/76/402 2178/104/424 2106/26/359
f 2177/103/423 2096/16/228 2133/53/228
f 2133/53/228 2118/38/250 2177/103/423
f 2152/76/402 2155/79/405 2179/105/425
f 2179/105/425 2178/104/424 2152/76/402
f 2138/58/388 2180/106/426 2181/107/427
f 2181/107/427 2139/59/389 2138/58/388
f 2138/58/388 2168/93/417 2182/108/428
f 2182/108/428 2180/106/426 2138/58/388
f 2133/53/228 2096/16/228 2095/15/15
f 2095/15/15 2175/101/15 2133/53/228
f 2117/37/249 2176/102/305 2103/23/356
f 2103/23/356 2102/22/234 2117/37/249
f 2106/26/359 2178/104/424 2126/46/377
f 2126/46/377 2125/45/376 2106/26/359
f 2178/104/424 2179/105/425 2136/56/386
f 2136/56/386 2126/46/377 2178/104/424
f 2180/106/426 2160/84/410 2159/83/409
f 2159/83/409 2181/107/427 2180/106/426
f 2160/84/410 2180/106/426 2182/108/428
f 2182/108/428 2169/94/299 2160/84/410
f 2171/97/419 2141/63/391 2140/62/390
f 2140/62/390 2172/98/420 2171/97/419
f 2173/99/421 2144/67/394 2148/72/398
f 2148/72/398 2174/100/422 2173/99/421
f 2128/48/379 2144/67/394 2173/99/421
f 2173/99/421 2125/45/376 2128/48/379
f 2102/22/234 2101/21/355 2150/74/400
f 2150/74/400 2177/103/423 2102/22/234
f 2150/74/400 2093/13/545 2096/16/228
f 2096/16/228 2177/103/423 2150/74/400
f 2082/2/338 2176/102/305 2142/64/392
f 2142/64/392 2083/3/339 2082/2/338
f 2108/28/361 2107/27/547 2086/6/342
f 2086/6/342 2085/5/341 2108/28/361
f 2162/109/412 2145/110/549 2091/11/347
f 2091/11/347 2090/10/346 2162/109/412
f 2143/111/393 2165/90/415 2114/34/367
f 2114/34/367 2113/33/366 2143/111/393
f 2145/68/549 2104/24/357 2140/62/390
f 2140/62/390 2091/61/347 2145/68/549
f 2116/70/369 2108/28/361 2085/5/341
f 2085/5/341 2113/66/366 2116/70/369
f 2170/112/551 2084/4/544 2083/3/339
f 2083/3/339 2146/69/396 2170/112/551
f 2156/80/406 2183/113/429 2148/72/398
f 2148/72/398 2147/71/397 2156/80/406
f 2112/32/365 2111/114/364 2157/81/407
f 2157/81/407 2147/71/397 2112/32/365
f 2099/115/353 2115/35/368 2114/34/367
f 2114/34/367 2164/89/414 2099/115/353
f 2111/114/364 2162/109/412 2090/10/346
f 2090/10/346 2157/81/407 2111/114/364
f 2100/116/354 2099/115/353 2164/89/414
f 2164/89/414 2146/96/396 2100/116/354
f 2103/23/356 2176/102/305 2082/2/338
f 2082/2/338 2172/98/420 2103/23/356
f 2184/117/430 2087/7/343 2086/6/342
f 2086/6/342 2174/100/422 2184/117/430
f 2104/24/357 2103/23/356 2172/98/420
f 2172/98/420 2140/62/390 2104/24/357
f 2183/113/429 2184/117/430 2174/100/422
f 2174/100/422 2148/72/398 2183/113/429
f 2135/55/385 2169/94/299 2095/15/15
f 2095/15/15 2094/14/350 2135/55/385
f 2169/94/299 2182/108/428 2175/101/15
f 2175/101/15 2095/15/15 2169/94/299
f 2182/108/428 2168/93/417 2153/77/403
f 2153/77/403 2175/101/15 2182/108/428
f 2137/57/387 2136/56/386 2159/83/409
f 2159/83/409 2154/78/404 2137/57/387
f 2136/56/386 2179/105/425 2181/107/427
f 2181/107/427 2159/83/409 2136/56/386
f 2181/107/427 2179/105/425 2155/79/405
f 2155/79/405 2139/59/389 2181/107/427
f 2185/1/552 2186/2/553 2187/3/554
f 2187/3/554 2188/4/555 2185/1/552
f 2189/5/556 2190/6/557 2191/7/558
f 2191/7/558 2192/8/559 2189/5/556
f 2193/9/560 2194/10/561 2195/11/562
f 2195/11/562 2196/12/563 2193/9/560
f 2197/13/564 2198/14/565 2199/15/15
f 2199/15/15 2200/16/566 2197/13/564
f 2201/17/29 2202/18/567 2203/19/568
f 2203/19/568 2204/20/569 2201/17/29
f 2205/21/107 2206/22/570 2207/23/571
f 2207/23/571 2208/24/572 2205/21/107
f 2209/25/573 2210/26/574 2211/27/575
f 2211/27/575 2212/28/576 2209/25/573
f 2213/29/577 2214/30/578 2215/31/579
f 2215/31/579 2216/32/580 2213/29/577
f 2217/33/581 2218/34/582 2219/35/583
f 2219/35/583 2220/36/584 2217/33/581
f 2221/37/585 2222/38/586 2223/39/587
f 2223/39/587 2224/40/588 2221/37/585
f 2225/41/589 2226/42/590 2227/43/591
f 2227/43/591 2228/44/592 2225/41/589
f 2229/45/593 2230/46/594 2231/47/595
f 2231/47/595 2232/48/596 2229/45/593
f 2233/49/597 2234/50/598 2235/51/599
f 2235/51/599 2236/52/600 2233/49/597
f 2223/39/587 2222/38/586 2237/53/566
f 2237/53/566 2238/54/601 2223/39/587
f 2226/42/590 2239/55/602 2198/14/565
f 2198/14/565 2227/43/591 2226/42/590
f 2231/47/595 2230/46/594 2240/56/603
f 2240/56/603 2241/57/604 2231/47/595
f 2234/50/598 2242/58/605 2243/59/606
f 2243/59/606 2235/51/599 2234/50/598
f 2196/60/563 2195/61/562 2244/62/607
f 2244/62/607 2245/63/608 2196/60/563
f 2224/40/588 2201/17/29 2204/20/569
f 2204/20/569 2246/64/609 2224/40/588
f 2247/65/610 2217/66/581 2189/5/556
f 2189/5/556 2192/8/559 2247/65/610
f 2232/48/596 2213/29/577 2216/32/580
f 2216/32/580 2248/67/611 2232/48/596
f 2208/24/572 2249/68/612 2228/44/592
f 2228/44/592 2205/21/107 2208/24/572
f 2204/20/569 2250/69/613 2187/3/554
f 2187/3/554 2246/64/609 2204/20/569
f 2212/28/576 2220/70/584 2236/52/600
f 2236/52/600 2209/25/573 2212/28/576
f 2216/32/580 2251/71/614 2252/72/615
f 2252/72/615 2248/67/611 2216/32/580
f 2201/17/29 2224/40/588 2223/39/587
f 2223/39/587 2253/73/616 2201/17/29
f 2205/21/107 2228/44/592 2227/43/591
f 2227/43/591 2254/74/617 2205/21/107
f 2213/29/577 2232/48/596 2231/47/595
f 2231/47/595 2255/75/618 2213/29/577
f 2209/25/573 2236/52/600 2235/51/599
f 2235/51/599 2256/76/619 2209/25/573
f 2253/73/616 2223/39/587 2238/54/601
f 2238/54/601 2257/77/620 2253/73/616
f 2254/74/617 2227/43/591 2198/14/565
f 2198/14/565 2197/13/564 2254/74/617
f 2255/75/618 2231/47/595 2241/57/604
f 2241/57/604 2258/78/621 2255/75/618
f 2256/76/619 2235/51/599 2243/59/606
f 2243/59/606 2259/79/622 2256/76/619
f 2260/80/623 2251/71/614 2261/81/624
f 2261/81/624 2262/82/625 2260/80/623
f 2258/78/621 2263/83/626 2264/84/627
f 2264/84/627 2265/85/628 2258/78/621
f 2236/52/600 2220/70/584 2219/86/583
f 2219/86/583 2233/49/597 2236/52/600
f 2225/41/589 2266/87/629 2215/31/579
f 2215/31/579 2214/30/578 2225/41/589
f 2267/88/630 2268/89/631 2218/34/582
f 2218/34/582 2269/90/632 2267/88/630
f 2214/30/578 2213/29/577 2255/75/618
f 2255/75/618 2270/91/590 2214/30/578
f 2202/18/567 2271/92/633 2234/50/598
f 2234/50/598 2233/49/597 2202/18/567
f 2255/75/618 2258/78/621 2265/85/628
f 2265/85/628 2270/91/590 2255/75/618
f 2271/92/633 2272/93/634 2242/58/605
f 2242/58/605 2234/50/598 2271/92/633
f 2262/82/625 2261/81/624 2194/10/561
f 2194/10/561 2193/9/560 2262/82/625
f 2265/85/628 2264/84/627 2273/94/635
f 2273/94/635 2239/55/602 2265/85/628
f 2233/49/597 2219/86/583 2203/19/568
f 2203/19/568 2202/18/567 2233/49/597
f 2214/30/578 2270/91/590 2226/42/590
f 2226/42/590 2225/41/589 2214/30/578
f 2270/91/590 2265/85/628 2239/55/602
f 2239/55/602 2226/42/590 2270/91/590
f 2228/44/592 2249/68/612 2266/87/629
f 2266/87/629 2225/41/589 2228/44/592
f 2274/95/636 2250/96/613 2268/89/631
f 2268/89/631 2267/88/630 2274/95/636
f 2202/18/567 2201/17/29 2253/73/616
f 2253/73/616 2271/92/633 2202/18/567
f 2253/73/616 2257/77/620 2272/93/634
f 2272/93/634 2271/92/633 2253/73/616
f 2275/97/637 2276/98/638 2186/2/553
f 2186/2/553 2185/1/552 2275/97/637
f 2211/27/575 2277/99/639 2278/100/640
f 2278/100/640 2190/6/557 2211/27/575
f 2238/54/601 2237/53/566 2279/101/15
f 2279/101/15 2257/77/620 2238/54/601
f 2224/40/588 2246/64/609 2280/102/641
f 2280/102/641 2221/37/585 2224/40/588
f 2229/45/593 2277/99/639 2211/27/575
f 2211/27/575 2210/26/574 2229/45/593
f 2206/22/570 2281/103/586 2222/38/586
f 2222/38/586 2221/37/585 2206/22/570
f 2210/26/574 2209/25/573 2256/76/619
f 2256/76/619 2282/104/642 2210/26/574
f 2281/103/586 2200/16/566 2237/53/566
f 2237/53/566 2222/38/586 2281/103/586
f 2256/76/619 2259/79/622 2283/105/643
f 2283/105/643 2282/104/642 2256/76/619
f 2242/58/605 2284/106/644 2285/107/645
f 2285/107/645 2243/59/606 2242/58/605
f 2242/58/605 2272/93/634 2286/108/646
f 2286/108/646 2284/106/644 2242/58/605
f 2237/53/566 2200/16/566 2199/15/15
f 2199/15/15 2279/101/15 2237/53/566
f 2221/37/585 2280/102/641 2207/23/571
f 2207/23/571 2206/22/570 2221/37/585
f 2210/26/574 2282/104/642 2230/46/594
f 2230/46/594 2229/45/593 2210/26/574
f 2282/104/642 2283/105/643 2240/56/603
f 2240/56/603 2230/46/594 2282/104/642
f 2284/106/644 2264/84/627 2263/83/626
f 2263/83/626 2285/107/645 2284/106/644
f 2264/84/627 2284/106/644 2286/108/646
f 2286/108/646 2273/94/635 2264/84/627
f 2275/97/637 2245/63/608 2244/62/607
f 2244/62/607 2276/98/638 2275/97/637
f 2277/99/639 2248/67/611 2252/72/615
f 2252/72/615 2278/100/640 2277/99/639
f 2232/48/596 2248/67/611 2277/99/639
f 2277/99/639 2229/45/593 2232/48/596
f 2206/22/570 2205/21/107 2254/74/617
f 2254/74/617 2281/103/586 2206/22/570
f 2254/74/617 2197/13/564 2200/16/566
f 2200/16/566 2281/103/586 2254/74/617
f 2186/2/553 2280/102/641 2246/64/609
f 2246/64/609 2187/3/554 2186/2/553
f 2212/28/576 2211/27/575 2190/6/557
f 2190/6/557 2189/5/556 2212/28/576
f 2266/109/629 2249/110/612 2195/11/562
f 2195/11/562 2194/10/561 2266/109/629
f 2247/111/610 2269/90/632 2218/34/582
f 2218/34/582 2217/33/581 2247/111/610
f 2249/68/612 2208/24/572 2244/62/607
f 2244/62/607 2195/61/562 2249/68/612
f 2220/70/584 2212/28/576 2189/5/556
f 2189/5/556 2217/66/581 2220/70/584
f 2274/112/636 2188/4/555 2187/3/554
f 2187/3/554 2250/69/613 2274/112/636
f 2260/80/623 2287/113/647 2252/72/615
f 2252/72/615 2251/71/614 2260/80/623
f 2216/32/580 2215/114/579 2261/81/624
f 2261/81/624 2251/71/614 2216/32/580
f 2203/115/568 2219/35/583 2218/34/582
f 2218/34/582 2268/89/631 2203/115/568
f 2215/114/579 2266/109/629 2194/10/561
f 2194/10/561 2261/81/624 2215/114/579
f 2204/116/569 2203/115/568 2268/89/631
f 2268/89/631 2250/96/613 2204/116/569
f 2207/23/571 2280/102/641 2186/2/553
f 2186/2/553 2276/98/638 2207/23/571
f 2288/117/648 2191/7/558 2190/6/557
f 2190/6/557 2278/100/640 2288/117/648
f 2208/24/572 2207/23/571 2276/98/638
f 2276/98/638 2244/62/607 2208/24/572
f 2287/113/647 2288/117/648 2278/100/640
f 2278/100/640 2252/72/615 2287/113/647
f 2239/55/602 2273/94/635 2199/15/15
f 2199/15/15 2198/14/565 2239/55/602
f 2273/94/635 2286/108/646 2279/101/15
f 2279/101/15 2199/15/15 2273/94/635
f 2286/108/646 2272/93/634 2257/77/620
f 2257/77/620 2279/101/15 2286/108/646
f 2241/57/604 2240/56/603 2263/83/626
f 2263/83/626 2258/78/621 2241/57/604
f 2240/56/603 2283/105/643 2285/107/645
f 2285/107/645 2263/83/626 2240/56/603
f 2285/107/645 2283/105/643 2259/79/622
f 2259/79/622 2243/59/606 2285/107/645
f 2289/1/431 2290/2/432 2291/3/649
f 2291/3/649 2292/4/650 2289/1/431
f 2293/5/435 2294/6/436 2295/7/437
f 2295/7/437 2296/8/438 2293/5/435
f 2297/9/439 2298/10/440 2299/11/651
f 2299/11/651 2300/12/652 2297/9/439
f 2301/13/653 2302/14/444 2303/15/15
f 2303/15/15 2304/16/445 2301/13/653
f 2305/17/654 2306/18/447 2307/19/448
f 2307/19/448 2308/20/449 2305/17/654
f 2309/21/450 2310/22/451 2311/23/452
f 2311/23/452 2312/24/655 2309/21/450
f 2313/25/454 2314/26/656 2315/27/657
f 2315/27/657 2316/28/457 2313/25/454
f 2317/29/658 2318/30/659 2319/31/660
f 2319/31/660 2320/32/661 2317/29/658
f 2321/33/462 2322/34/463 2323/35/464
f 2323/35/464 2324/36/465 2321/33/462
f 2325/37/466 2326/38/662 2327/39/468
f 2327/39/468 2328/40/469 2325/37/466
f 2329/41/470 2330/42/471 2331/43/472
f 2331/43/472 2332/44/663 2329/41/470
f 2333/45/474 2334/46/475 2335/47/476
f 2335/47/476 2336/48/664 2333/45/474
f 2337/49/478 2338/50/479 2339/51/480
f 2339/51/480 2340/52/481 2337/49/478
f 2327/39/468 2326/38/662 2341/53/445
f 2341/53/445 2342/54/482 2327/39/468
f 2330/42/471 2343/55/483 2302/14/444
f 2302/14/444 2331/43/472 2330/42/471
f 2335/47/476 2334/46/475 2344/56/484
f 2344/56/484 2345/57/485 2335/47/476
f 2338/50/479 2346/58/486 2347/59/665
f 2347/59/665 2339/51/480 2338/50/479
f 2300/60/652 2299/61/651 2348/62/488
f 2348/62/488 2349/63/666 2300/60/652
f 2328/40/469 2305/17/654 2308/20/449
f 2308/20/449 2350/64/490 2328/40/469
f 2351/65/491 2321/66/462 2293/5/435
f 2293/5/435 2296/8/438 2351/65/491
f 2336/48/664 2317/29/658 2320/32/661
f 2320/32/661 2352/67/492 2336/48/664
f 2312/24/655 2353/68/493 2332/44/663
f 2332/44/663 2309/21/450 2312/24/655
f 2308/20/449 2354/69/667 2291/3/649
f 2291/3/649 2350/64/490 2308/20/449
f 2316/28/457 2324/70/465 2340/52/481
f 2340/52/481 2313/25/454 2316/28/457
f 2320/32/661 2355/71/495 2356/72/668
f 2356/72/668 2352/67/492 2320/32/661
f 2305/17/654 2328/40/469 2327/39/468
f 2327/39/468 2357/73/669 2305/17/654
f 2309/21/450 2332/44/663 2331/43/472
f 2331/43/472 2358/74/670 2309/21/450
f 2317/29/658 2336/48/664 2335/47/476
f 2335/47/476 2359/75/499 2317/29/658
f 2313/25/454 2340/52/481 2339/51/480
f 2339/51/480 2360/76/671 2313/25/454
f 2357/73/669 2327/39/468 2342/54/482
f 2342/54/482 2361/77/501 2357/73/669
f 2358/74/670 2331/43/472 2302/14/444
f 2302/14/444 2301/13/653 2358/74/670
f 2359/75/499 2335/47/476 2345/57/485
f 2345/57/485 2362/78/672 2359/75/499
f 2360/76/671 2339/51/480 2347/59/665
f 2347/59/665 2363/79/503 2360/76/671
f 2364/80/504 2355/71/495 2365/81/505
f 2365/81/505 2366/82/506 2364/80/504
f 2362/78/672 2367/83/507 2368/84/508
f 2368/84/508 2369/85/509 2362/78/672
f 2340/52/481 2324/70/465 2323/86/464
f 2323/86/464 2337/49/478 2340/52/481
f 2329/41/470 2370/87/510 2319/31/660
f 2319/31/660 2318/30/659 2329/41/470
f 2371/88/511 2372/89/512 2322/34/463
f 2322/34/463 2373/90/513 2371/88/511
f 2318/30/659 2317/29/658 2359/75/499
f 2359/75/499 2374/91/471 2318/30/659
f 2306/18/447 2375/92/514 2338/50/479
f 2338/50/479 2337/49/478 2306/18/447
f 2359/75/499 2362/78/672 2369/85/509
f 2369/85/509 2374/91/471 2359/75/499
f 2375/92/514 2376/93/673 2346/58/486
f 2346/58/486 2338/50/479 2375/92/514
f 2366/82/506 2365/81/505 2298/10/440
f 2298/10/440 2297/9/439 2366/82/506
f 2369/85/509 2368/84/508 2377/94/516
f 2377/94/516 2343/55/483 2369/85/509
f 2337/49/478 2323/86/464 2307/19/448
f 2307/19/448 2306/18/447 2337/49/478
f 2318/30/659 2374/91/471 2330/42/471
f 2330/42/471 2329/41/470 2318/30/659
f 2374/91/471 2369/85/509 2343/55/483
f 2343/55/483 2330/42/471 2374/91/471
f 2332/44/663 2353/68/493 2370/87/510
f 2370/87/510 2329/41/470 2332/44/663
f 2378/95/517 2354/96/667 2372/89/512
f 2372/89/512 2371/88/511 2378/95/517
f 2306/18/447 2305/17/654 2357/73/669
f 2357/73/669 2375/92/514 2306/18/447
f 2357/73/669 2361/77/501 2376/93/673
f 2376/93/673 2375/92/514 2357/73/669
f 2379/97/518 2380/98/519 2290/2/432
f 2290/2/432 2289/1/431 2379/97/518
f 2315/27/657 2381/99/674 2382/100/521
f 2382/100/521 2294/6/436 2315/27/657
f 2342/54/482 2341/53/445 2383/101/15
f 2383/101/15 2361/77/501 2342/54/482
f 2328/40/469 2350/64/490 2384/102/522
f 2384/102/522 2325/37/466 2328/40/469
f 2333/45/474 2381/99/674 2315/27/657
f 2315/27/657 2314/26/656 2333/45/474
f 2310/22/451 2385/103/662 2326/38/662
f 2326/38/662 2325/37/466 2310/22/451
f 2314/26/656 2313/25/454 2360/76/671
f 2360/76/671 2386/104/523 2314/26/656
f 2385/103/662 2304/16/445 2341/53/445
f 2341/53/445 2326/38/662 2385/103/662
f 2360/76/671 2363/79/503 2387/105/524
f 2387/105/524 2386/104/523 2360/76/671
f 2346/58/486 2388/106/525 2389/107/526
f 2389/107/526 2347/59/665 2346/58/486
f 2346/58/486 2376/93/673 2390/108/527
f 2390/108/527 2388/106/525 2346/58/486
f 2341/53/445 2304/16/445 2303/15/15
f 2303/15/15 2383/101/15 2341/53/445
f 2325/37/466 2384/102/522 2311/23/452
f 2311/23/452 2310/22/451 2325/37/466
f 2314/26/656 2386/104/523 2334/46/475
f 2334/46/475 2333/45/474 2314/26/656
f 2386/104/523 2387/105/524 2344/56/484
f 2344/56/484 2334/46/475 2386/104/523
f 2388/106/525 2368/84/508 2367/83/507
f 2367/83/507 2389/107/526 2388/106/525
f 2368/84/508 2388/106/525 2390/108/527
f 2390/108/527 2377/94/516 2368/84/508
f 2379/97/518 2349/63/666 2348/62/488
f 2348/62/488 2380/98/519 2379/97/518
f 2381/99/674 2352/67/492 2356/72/668
f 2356/72/668 2382/100/521 2381/99/674
f 2336/48/664 2352/67/492 2381/99/674
f 2381/99/674 2333/45/474 2336/48/664
f 2310/22/451 2309/21/450 2358/74/670
f 2358/74/670 2385/103/662 2310/22/451
f 2358/74/670 2301/13/653 2304/16/445
f 2304/16/445 2385/103/662 2358/74/670
f 2290/2/432 2384/102/522 2350/64/490
f 2350/64/490 2291/3/649 2290/2/432
f 2316/28/457 2315/27/657 2294/6/436
f 2294/6/436 2293/5/435 2316/28/457
f 2370/109/510 2353/110/493 2299/11/651
f 2299/11/651 2298/10/440 2370/109/510
f 2351/111/491 2373/90/513 2322/34/463
f 2322/34/463 2321/33/462 2351/111/491
f 2353/68/493 2312/24/655 2348/62/488
f 2348/62/488 2299/61/651 2353/68/493
f 2324/70/465 2316/28/457 2293/5/435
f 2293/5/435 2321/66/462 2324/70/465
f 2378/112/517 2292/4/650 2291/3/649
f 2291/3/649 2354/69/667 2378/112/517
f 2364/80/504 2391/113/528 2356/72/668
f 2356/72/668 2355/71/495 2364/80/504
f 2320/32/661 2319/114/660 2365/81/505
f 2365/81/505 2355/71/495 2320/32/661
f 2307/115/448 2323/35/464 2322/34/463
f 2322/34/463 2372/89/512 2307/115/448
f 2319/114/660 2370/109/510 2298/10/440
f 2298/10/440 2365/81/505 2319/114/660
f 2308/116/449 2307/115/448 2372/89/512
f 2372/89/512 2354/96/667 2308/116/449
f 2311/23/452 2384/102/522 2290/2/432
f 2290/2/432 2380/98/519 2311/23/452
f 2392/117/529 2295/7/437 2294/6/436
f 2294/6/436 2382/100/521 2392/117/529
f 2312/24/655 2311/23/452 2380/98/519
f 2380/98/519 2348/62/488 2312/24/655
f 2391/113/528 2392/117/529 2382/100/521
f 2382/100/521 2356/72/668 2391/113/528
f 2343/55/483 2377/94/516 2303/15/15
f 2303/15/15 2302/14/444 2343/55/483
f 2377/94/516 2390/108/527 2383/101/15
f 2383/101/15 2303/15/15 2377/94/516
f 2390/108/527 2376/93/673 2361/77/501
f 2361/77/501 2383/101/15 2390/108/527
f 2345/57/485 2344/56/484 2367/83/507
f 2367/83/507 2362/78/672 2345/57/485
f 2344/56/484 2387/105/524 2389/107/526
f 2389/107/526 2367/83/507 2344/56/484
f 2389/107/526 2387/105/524 2363/79/503
f 2363/79/503 2347/59/665 2389/107/526
f 2393/1/552 2394/2/675 2395/3/554
f 2395/3/554 2396/4/555 2393/1/552
f 2397/5/556 2398/6/557 2399/7/558
f 2399/7/558 2400/8/559 2397/5/556
f 2401/9/560 2402/10/561 2403/11/562
f 2403/11/562 2404/12/563 2401/9/560
f 2405/13/564 2406/14/565 2407/15/15
f 2407/15/15 2408/16/566 2405/13/564
f 2409/17/29 2410/18/567 2411/19/676
f 2411/19/676 2412/20/569 2409/17/29
f 2413/21/107 2414/22/570 2415/23/677
f 2415/23/677 2416/24/572 2413/21/107
f 2417/25/678 2418/26/574 2419/27/575
f 2419/27/575 2420/28/576 2417/25/678
f 2421/29/17 2422/30/578 2423/31/579
f 2423/31/579 2424/32/580 2421/29/17
f 2425/33/581 2426/34/582 2427/35/583
f 2427/35/583 2428/36/679 2425/33/581
f 2429/37/585 2430/38/586 2431/39/680
f 2431/39/680 2432/40/681 2429/37/585
f 2433/41/589 2434/42/590 2435/43/591
f 2435/43/591 2436/44/592 2433/41/589
f 2437/45/682 2438/46/594 2439/47/595
f 2439/47/595 2440/48/596 2437/45/682
f 2441/49/683 2442/50/598 2443/51/599
f 2443/51/599 2444/52/600 2441/49/683
f 2431/39/680 2430/38/586 2445/53/566
f 2445/53/566 2446/54/601 2431/39/680
f 2434/42/590 2447/55/602 2406/14/565
f 2406/14/565 2435/43/591 2434/42/590
f 2439/47/595 2438/46/594 2448/56/603
f 2448/56/603 2449/57/604 2439/47/595
f 2442/50/598 2450/58/605 2451/59/606
f 2451/59/606 2443/51/599 2442/50/598
f 2404/60/563 2403/61/562 2452/62/607
f 2452/62/607 2453/63/608 2404/60/563
f 2432/40/681 2409/17/29 2412/20/569
f 2412/20/569 2454/64/609 2432/40/681
f 2455/65/684 2425/66/581 2397/5/556
f 2397/5/556 2400/8/559 2455/65/684
f 2440/48/596 2421/29/17 2424/32/580
f 2424/32/580 2456/67/611 2440/48/596
f 2416/24/572 2457/68/612 2436/44/592
f 2436/44/592 2413/21/107 2416/24/572
f 2412/20/569 2458/69/613 2395/3/554
f 2395/3/554 2454/64/609 2412/20/569
f 2420/28/576 2428/70/679 2444/52/600
f 2444/52/600 2417/25/678 2420/28/576
f 2424/32/580 2459/71/614 2460/72/615
f 2460/72/615 2456/67/611 2424/32/580
f 2409/17/29 2432/40/681 2431/39/680
f 2431/39/680 2461/73/685 2409/17/29
f 2413/21/107 2436/44/592 2435/43/591
f 2435/43/591 2462/74/617 2413/21/107
f 2421/29/17 2440/48/596 2439/47/595
f 2439/47/595 2463/75/618 2421/29/17
f 2417/25/678 2444/52/600 2443/51/599
f 2443/51/599 2464/76/619 2417/25/678
f 2461/73/685 2431/39/680 2446/54/601
f 2446/54/601 2465/77/620 2461/73/685
f 2462/74/617 2435/43/591 2406/14/565
f 2406/14/565 2405/13/564 2462/74/617
f 2463/75/618 2439/47/595 2449/57/604
f 2449/57/604 2466/78/686 2463/75/618
f 2464/76/619 2443/51/599 2451/59/606
f 2451/59/606 2467/79/622 2464/76/619
f 2468/80/623 2459/71/614 2469/81/624
f 2469/81/624 2470/82/625 2468/80/623
f 2466/78/686 2471/83/626 2472/84/627
f 2472/84/627 2473/85/628 2466/78/686
f 2444/52/600 2428/70/679 2427/86/583
f 2427/86/583 2441/49/683 2444/52/600
f 2433/41/589 2474/87/629 2423/31/579
f 2423/31/579 2422/30/578 2433/41/589
f 2475/88/630 2476/89/631 2426/34/582
f 2426/34/582 2477/90/632 2475/88/630
f 2422/30/578 2421/29/17 2463/75/618
f 2463/75/618 2478/91/590 2422/30/578
f 2410/18/567 2479/92/687 2442/50/598
f 2442/50/598 2441/49/683 2410/18/567
f 2463/75/618 2466/78/686 2473/85/628
f 2473/85/628 2478/91/590 2463/75/618
f 2479/92/687 2480/93/634 2450/58/605
f 2450/58/605 2442/50/598 2479/92/687
f 2470/82/625 2469/81/624 2402/10/561
f 2402/10/561 2401/9/560 2470/82/625
f 2473/85/628 2472/84/627 2481/94/635
f 2481/94/635 2447/55/602 2473/85/628
f 2441/49/683 2427/86/583 2411/19/676
f 2411/19/676 2410/18/567 2441/49/683
f 2422/30/578 2478/91/590 2434/42/590
f 2434/42/590 2433/41/589 2422/30/578
f 2478/91/590 2473/85/628 2447/55/602
f 2447/55/602 2434/42/590 2478/91/590
f 2436/44/592 2457/68/612 2474/87/629
f 2474/87/629 2433/41/589 2436/44/592
f 2482/95/636 2458/96/613 2476/89/631
f 2476/89/631 2475/88/630 2482/95/636
f 2410/18/567 2409/17/29 2461/73/685
f 2461/73/685 2479/92/687 2410/18/567
f 2461/73/685 2465/77/620 2480/93/634
f 2480/93/634 2479/92/687 2461/73/685
f 2483/97/637 2484/98/638 2394/2/675
f 2394/2/675 2393/1/552 2483/97/637
f 2419/27/575 2485/99/639 2486/100/640
f 2486/100/640 2398/6/557 2419/27/575
f 2446/54/601 2445/53/566 2487/101/15
f 2487/101/15 2465/77/620 2446/54/601
f 2432/40/681 2454/64/609 2488/102/641
f 2488/102/641 2429/37/585 2432/40/681
f 2437/45/682 2485/99/639 2419/27/575
f 2419/27/575 2418/26/574 2437/45/682
f 2414/22/570 2489/103/586 2430/38/586
f 2430/38/586 2429/37/585 2414/22/570
f 2418/26/574 2417/25/678 2464/76/619
f 2464/76/619 2490/104/642 2418/26/574
f 2489/103/586 2408/16/566 2445/53/566
f 2445/53/566 2430/38/586 2489/103/586
f 2464/76/619 2467/79/622 2491/105/643
f 2491/105/643 2490/104/642 2464/76/619
f 2450/58/605 2492/106/644 2493/107/645
f 2493/107/645 2451/59/606 2450/58/605
f 2450/58/605 2480/93/634 2494/108/646
f 2494/108/646 2492/106/644 2450/58/605
f 2445/53/566 2408/16/566 2407/15/15
f 2407/15/15 2487/101/15 2445/53/566
f 2429/37/585 2488/102/641 2415/23/677
f 2415/23/677 2414/22/570 2429/37/585
f 2418/26/574 2490/104/642 2438/46/594
f 2438/46/594 2437/45/682 2418/26/574
f 2490/104/642 2491/105/643 2448/56/603
f 2448/56/603 2438/46/594 2490/104/642
f 2492/106/644 2472/84/627 2471/83/626
f 2471/83/626 2493/107/645 2492/106/644
f 2472/84/627 2492/106/644 2494/108/646
f 2494/108/646 2481/94/635 2472/84/627
f 2483/97/637 2453/63/608 2452/62/607
f 2452/62/607 2484/98/638 2483/97/637
f 2485/99/639 2456/67/611 2460/72/615
f 2460/72/615 2486/100/640 2485/99/639
f 2440/48/596 2456/67/611 2485/99/639
f 2485/99/639 2437/45/682 2440/48/596
f 2414/22/570 2413/21/107 2462/74/617
f 2462/74/617 2489/103/586 2414/22/570
f 2462/74/617 2405/13/564 2408/16/566
f 2408/16/566 2489/103/586 2462/74/617
f 2394/2/675 2488/102/641 2454/64/609
f 2454/64/609 2395/3/554 2394/2/675
f 2420/28/576 2419/27/575 2398/6/557
f 2398/6/557 2397/5/556 2420/28/576
f 2474/109/629 2457/110/612 2403/11/562
f 2403/11/562 2402/10/561 2474/109/629
f 2455/111/684 2477/90/632 2426/34/582
f 2426/34/582 2425/33/581 2455/111/684
f 2457/68/612 2416/24/572 2452/62/607
f 2452/62/607 2403/61/562 2457/68/612
f 2428/70/679 2420/28/576 2397/5/556
f 2397/5/556 2425/66/581 2428/70/679
f 2482/112/636 2396/4/555 2395/3/554
f 2395/3/554 2458/69/613 2482/112/636
f 2468/80/623 2495/113/688 2460/72/615
f 2460/72/615 2459/71/614 2468/80/623
f 2424/32/580 2423/114/579 2469/81/624
f 2469/81/624 2459/71/614 2424/32/580
f 2411/115/676 2427/35/583 2426/34/582
f 2426/34/582 2476/89/631 2411/115/676
f 2423/114/579 2474/109/629 2402/10/561
f 2402/10/561 2469/81/624 2423/114/579
f 2412/116/569 2411/115/676 2476/89/631
f 2476/89/631 2458/96/613 2412/116/569
f 2415/23/677 2488/102/641 2394/2/675
f 2394/2/675 2484/98/638 2415/23/677
f 2496/117/648 2399/7/558 2398/6/557
f 2398/6/557 2486/100/640 2496/117/648
f 2416/24/572 2415/23/677 2484/98/638
f 2484/98/638 2452/62/607 2416/24/572
f 2495/113/688 2496/117/648 2486/100/640
f 2486/100/640 2460/72/615 2495/113/688
f 2447/55/602 2481/94/635 2407/15/15
f 2407/15/15 2406/14/565 2447/55/602
f 2481/94/635 2494/108/646 2487/101/15
f 2487/101/15 2407/15/15 2481/94/635
f 2494/108/646 2480/93/634 2465/77/620
f 2465/77/620 2487/101/15 2494/108/646
f 2449/57/604 2448/56/603 2471/83/626
f 2471/83/626 2466/78/686 2449/57/604
f 2448/56/603 2491/105/643 2493/107/645
f 2493/107/645 2471/83/626 2448/56/603
f 2493/107/645 2491/105/643 2467/79/622
f 2467/79/622 2451/59/606 2493/107/645
f 2497/1/689 2498/2/432 2499/3/649
f 2499/3/649 2500/4/650 2497/1/689
f 2501/5/435 2502/6/436 2503/7/437
f 2503/7/437 2504/8/438 2501/5/435
f 2505/9/439 2506/10/440 2507/11/441
f 2507/11/441 2508/12/652 2505/9/439
f 2509/13/690 2510/14/444 2511/15/15
f 2511/15/15 2512/16/445 2509/13/690
f 2513/17/654 2514/18/447 2515/19/448
f 2515/19/448 2516/20/449 2513/17/654
f 2517/21/450 2518/22/451 2519/23/452
f 2519/23/452 2520/24/453 2517/21/450
f 2521/25/691 2522/26/656 2523/27/657
f 2523/27/657 2524/28/457 2521/25/691
f 2525/29/658 2526/30/659 2527/31/660
f 2527/31/660 2528/32/661 2525/29/658
f 2529/33/462 2530/34/463 2531/35/464
f 2531/35/464 2532/36/465 2529/33/462
f 2533/37/466 2534/38/662 2535/39/468
f 2535/39/468 2536/40/469 2533/37/466
f 2537/41/470 2538/42/471 2539/43/472
f 2539/43/472 2540/44/663 2537/41/470
f 2541/45/474 2542/46/475 2543/47/476
f 2543/47/476 2544/48/477 2541/45/474
f 2545/49/478 2546/50/479 2547/51/480
f 2547/51/480 2548/52/692 2545/49/478
f 2535/39/468 2534/38/662 2549/53/445
f 2549/53/445 2550/54/482 2535/39/468
f 2538/42/471 2551/55/483 2510/14/444
f 2510/14/444 2539/43/472 2538/42/471
f 2543/47/476 2542/46/475 2552/56/484
f 2552/56/484 2553/57/485 2543/47/476
f 2546/50/479 2554/58/486 2555/59/665
f 2555/59/665 2547/51/480 2546/50/479
f 2508/60/652 2507/61/441 2556/62/488
f 2556/62/488 2557/63/489 2508/60/652
f 2536/40/469 2513/17/654 2516/20/449
f 2516/20/449 2558/64/490 2536/40/469
f 2559/65/491 2529/66/462 2501/5/435
f 2501/5/435 2504/8/438 2559/65/491
f 2544/48/477 2525/29/658 2528/32/661
f 2528/32/661 2560/67/492 2544/48/477
f 2520/24/453 2561/68/493 2540/44/663
f 2540/44/663 2517/21/450 2520/24/453
f 2516/20/449 2562/69/667 2499/3/649
f 2499/3/649 2558/64/490 2516/20/449
f 2524/28/457 2532/70/465 2548/52/692
f 2548/52/692 2521/25/691 2524/28/457
f 2528/32/661 2563/71/495 2564/72/668
f 2564/72/668 2560/67/492 2528/32/661
f 2513/17/654 2536/40/469 2535/39/468
f 2535/39/468 2565/73/669 2513/17/654
f 2517/21/450 2540/44/663 2539/43/472
f 2539/43/472 2566/74/670 2517/21/450
f 2525/29/658 2544/48/477 2543/47/476
f 2543/47/476 2567/75/693 2525/29/658
f 2521/25/691 2548/52/692 2547/51/480
f 2547/51/480 2568/76/671 2521/25/691
f 2565/73/669 2535/39/468 2550/54/482
f 2550/54/482 2569/77/501 2565/73/669
f 2566/74/670 2539/43/472 2510/14/444
f 2510/14/444 2509/13/690 2566/74/670
f 2567/75/693 2543/47/476 2553/57/485
f 2553/57/485 2570/78/672 2567/75/693
f 2568/76/671 2547/51/480 2555/59/665
f 2555/59/665 2571/79/503 2568/76/671
f 2572/80/504 2563/71/495 2573/81/505
f 2573/81/505 2574/82/506 2572/80/504
f 2570/78/672 2575/83/507 2576/84/508
f 2576/84/508 2577/85/509 2570/78/672
f 2548/52/692 2532/70/465 2531/86/464
f 2531/86/464 2545/49/478 2548/52/692
f 2537/41/470 2578/87/510 2527/31/660
f 2527/31/660 2526/30/659 2537/41/470
f 2579/88/511 2580/89/512 2530/34/463
f 2530/34/463 2581/90/513 2579/88/511
f 2526/30/659 2525/29/658 2567/75/693
f 2567/75/693 2582/91/471 2526/30/659
f 2514/18/447 2583/92/514 2546/50/479
f 2546/50/479 2545/49/478 2514/18/447
f 2567/75/693 2570/78/672 2577/85/509
f 2577/85/509 2582/91/471 2567/75/693
f 2583/92/514 2584/93/673 2554/58/486
f 2554/58/486 2546/50/479 2583/92/514
f 2574/82/506 2573/81/505 2506/10/440
f 2506/10/440 2505/9/439 2574/82/506
f 2577/85/509 2576/84/508 2585/94/516
f 2585/94/516 2551/55/483 2577/85/509
f 2545/49/478 2531/86/464 2515/19/448
f 2515/19/448 2514/18/447 2545/49/478
f 2526/30/659 2582/91/471 2538/42/471
f 2538/42/471 2537/41/470 2526/30/659
f 2582/91/471 2577/85/509 2551/55/483
f 2551/55/483 2538/42/471 2582/91/471
f 2540/44/663 2561/68/493 2578/87/510
f 2578/87/510 2537/41/470 2540/44/663
f 2586/95/517 2562/96/667 2580/89/512
f 2580/89/512 2579/88/511 2586/95/517
f 2514/18/447 2513/17/654 2565/73/669
f 2565/73/669 2583/92/514 2514/18/447
f 2565/73/669 2569/77/501 2584/93/673
f 2584/93/673 2583/92/514 2565/73/669
f 2587/97/518 2588/98/519 2498/2/432
f 2498/2/432 2497/1/689 2587/97/518
f 2523/27/657 2589/99/674 2590/100/521
f 2590/100/521 2502/6/436 2523/27/657
f 2550/54/482 2549/53/445 2591/101/15
f 2591/101/15 2569/77/501 2550/54/482
f 2536/40/469 2558/64/490 2592/102/522
f 2592/102/522 2533/37/466 2536/40/469
f 2541/45/474 2589/99/674 2523/27/657
f 2523/27/657 2522/26/656 2541/45/474
f 2518/22/451 2593/103/662 2534/38/662
f 2534/38/662 2533/37/466 2518/22/451
f 2522/26/656 2521/25/691 2568/76/671
f 2568/76/671 2594/104/523 2522/26/656
f 2593/103/662 2512/16/445 2549/53/445
f 2549/53/445 2534/38/662 2593/103/662
f 2568/76/671 2571/79/503 2595/105/524
f 2595/105/524 2594/104/523 2568/76/671
f 2554/58/486 2596/106/525 2597/107/526
f 2597/107/526 2555/59/665 2554/58/486
f 2554/58/486 2584/93/673 2598/108/527
f 2598/108/527 2596/106/525 2554/58/486
f 2549/53/445 2512/16/445 2511/15/15
f 2511/15/15 2591/101/15 2549/53/445
f 2533/37/466 2592/102/522 2519/23/452
f 2519/23/452 2518/22/451 2533/37/466
f 2522/26/656 2594/104/523 2542/46/475
f 2542/46/475 2541/45/474 2522/26/656
f 2594/104/523 2595/105/524 2552/56/484
f 2552/56/484 2542/46/475 2594/104/523
f 2596/106/525 2576/84/508 2575/83/507
f 2575/83/507 2597/107/526 2596/106/525
f 2576/84/508 2596/106/525 2598/108/527
f 2598/108/527 2585/94/516 2576/84/508
f 2587/97/518 2557/63/489 2556/62/488
f 2556/62/488 2588/98/519 2587/97/518
f 2589/99/674 2560/67/492 2564/72/668
f 2564/72/668 2590/100/521 2589/99/674
f 2544/48/477 2560/67/492 2589/99/674
f 2589/99/674 2541/45/474 2544/48/477
f 2518/22/451 2517/21/450 2566/74/670
f 2566/74/670 2593/103/662 2518/22/451
f 2566/74/670 2509/13/690 2512/16/445
f 2512/16/445 2593/103/662 2566/74/670
f 2498/2/432 2592/102/522 2558/64/490
f 2558/64/490 2499/3/649 2498/2/432
f 2524/28/457 2523/27/657 2502/6/436
f 2502/6/436 2501/5/435 2524/28/457
f 2578/109/510 2561/110/493 2507/11/441
f 2507/11/441 2506/10/440 2578/109/510
f 2559/111/491 2581/90/513 2530/34/463
f 2530/34/463 2529/33/462 2559/111/491
f 2561/68/493 2520/24/453 2556/62/488
f 2556/62/488 2507/61/441 2561/68/493
f 2532/70/465 2524/28/457 2501/5/435
f 2501/5/435 2529/66/462 2532/70/465
f 2586/112/517 2500/4/650 2499/3/649
f 2499/3/649 2562/69/667 2586/112/517
f 2572/80/504 2599/113/528 2564/72/668
f 2564/72/668 2563/71/495 2572/80/504
f 2528/32/661 2527/114/660 2573/81/505
f 2573/81/505 2563/71/495 2528/32/661
f 2515/115/448 2531/35/464 2530/34/463
f 2530/34/463 2580/89/512 2515/115/448
f 2527/114/660 2578/109/510 2506/10/440
f 2506/10/440 2573/81/505 2527/114/660
f 2516/116/449 2515/115/448 2580/89/512
f 2580/89/512 2562/96/667 2516/116/449
f 2519/23/452 2592/102/522 2498/2/432
f 2498/2/432 2588/98/519 2519/23/452
f 2600/117/529 2503/7/437 2502/6/436
f 2502/6/436 2590/100/521 2600/117/529
f 2520/24/453 2519/23/452 2588/98/519
f 2588/98/519 2556/62/488 2520/24/453
f 2599/113/528 2600/117/529 2590/100/521
f 2590/100/521 2564/72/668 2599/113/528
f 2551/55/483 2585/94/516 2511/15/15
f 2511/15/15 2510/14/444 2551/55/483
f 2585/94/516 2598/108/527 2591/101/15
f 2591/101/15 2511/15/15 2585/94/516
f 2598/108/527 2584/93/673 2569/77/501
f 2569/77/501 2591/101/15 2598/108/527
f 2553/57/485 2552/56/484 2575/83/507
f 2575/83/507 2570/78/672 2553/57/485
f 2552/56/484 2595/105/524 2597/107/526
f 2597/107/526 2575/83/507 2552/56/484
f 2597/107/526 2595/105/524 2571/79/503
f 2571/79/503 2555/59/665 2597/107/526
f 2601/1/552 2602/2/675 2603/3/554
f 2603/3/554 2604/4/555 2601/1/552
f 2605/5/556 2606/6/557 2607/7/558
f 2607/7/558 2608/8/559 2605/5/556
f 2609/9/560 2610/10/561 2611/11/562
f 2611/11/562 2612/12/563 2609/9/560
f 2613/13/564 2614/14/565 2615/15/15
f 2615/15/15 2616/16/566 2613/13/564
f 2617/17/29 2618/18/567 2619/19/676
f 2619/19/676 2620/20/569 2617/17/29
f 2621/21/107 2622/22/570 2623/23/677
f 2623/23/677 2624/24/572 2621/21/107
f 2625/25/573 2626/26/694 2627/27/575
f 2627/27/575 2628/28/576 2625/25/573
f 2629/29/17 2630/30/578 2631/31/579
f 2631/31/579 2632/32/580 2629/29/17
f 2633/33/581 2634/34/582 2635/35/583
f 2635/35/583 2636/36/679 2633/33/581
f 2637/37/585 2638/38/586 2639/39/587
f 2639/39/587 2640/40/681 2637/37/585
f 2641/41/589 2642/42/590 2643/43/591
f 2643/43/591 2644/44/592 2641/41/589
f 2645/45/682 2646/46/594 2647/47/595
f 2647/47/595 2648/48/596 2645/45/682
f 2649/49/683 2650/50/598 2651/51/599
f 2651/51/599 2652/52/600 2649/49/683
f 2639/39/587 2638/38/586 2653/53/566
f 2653/53/566 2654/54/601 2639/39/587
f 2642/42/590 2655/55/602 2614/14/565
f 2614/14/565 2643/43/591 2642/42/590
f 2647/47/595 2646/46/594 2656/56/603
f 2656/56/603 2657/57/604 2647/47/595
f 2650/50/598 2658/58/605 2659/59/606
f 2659/59/606 2651/51/599 2650/50/598
f 2612/60/563 2611/61/562 2660/62/607
f 2660/62/607 2661/63/608 2612/60/563
f 2640/40/681 2617/17/29 2620/20/569
f 2620/20/569 2662/64/695 2640/40/681
f 2663/65/684 2633/66/581 2605/5/556
f 2605/5/556 2608/8/559 2663/65/684
f 2648/48/596 2629/29/17 2632/32/580
f 2632/32/580 2664/67/611 2648/48/596
f 2624/24/572 2665/68/612 2644/44/592
f 2644/44/592 2621/21/107 2624/24/572
f 2620/20/569 2666/69/613 2603/3/554
f 2603/3/554 2662/64/695 2620/20/569
f 2628/28/576 2636/70/679 2652/52/600
f 2652/52/600 2625/25/573 2628/28/576
f 2632/32/580 2667/71/614 2668/72/615
f 2668/72/615 2664/67/611 2632/32/580
f 2617/17/29 2640/40/681 2639/39/587
f 2639/39/587 2669/73/616 2617/17/29
f 2621/21/107 2644/44/592 2643/43/591
f 2643/43/591 2670/74/617 2621/21/107
f 2629/29/17 2648/48/596 2647/47/595
f 2647/47/595 2671/75/618 2629/29/17
f 2625/25/573 2652/52/600 2651/51/599
f 2651/51/599 2672/76/619 2625/25/573
f 2669/73/616 2639/39/587 2654/54/601
f 2654/54/601 2673/77/620 2669/73/616
f 2670/74/617 2643/43/591 2614/14/565
f 2614/14/565 2613/13/564 2670/74/617
f 2671/75/618 2647/47/595 2657/57/604
f 2657/57/604 2674/78/621 2671/75/618
f 2672/76/619 2651/51/599 2659/59/606
f 2659/59/606 2675/79/622 2672/76/619
f 2676/80/623 2667/71/614 2677/81/624
f 2677/81/624 2678/82/625 2676/80/623
f 2674/78/621 2679/83/626 2680/84/627
f 2680/84/627 2681/85/628 2674/78/621
f 2652/52/600 2636/70/679 2635/86/583
f 2635/86/583 2649/49/683 2652/52/600
f 2641/41/589 2682/87/629 2631/31/579
f 2631/31/579 2630/30/578 2641/41/589
f 2683/88/630 2684/89/631 2634/34/582
f 2634/34/582 2685/90/632 2683/88/630
f 2630/30/578 2629/29/17 2671/75/618
f 2671/75/618 2686/91/590 2630/30/578
f 2618/18/567 2687/92/633 2650/50/598
f 2650/50/598 2649/49/683 2618/18/567
f 2671/75/618 2674/78/621 2681/85/628
f 2681/85/628 2686/91/590 2671/75/618
f 2687/92/633 2688/93/634 2658/58/605
f 2658/58/605 2650/50/598 2687/92/633
f 2678/82/625 2677/81/624 2610/10/561
f 2610/10/561 2609/9/560 2678/82/625
f 2681/85/628 2680/84/627 2689/94/635
f 2689/94/635 2655/55/602 2681/85/628
f 2649/49/683 2635/86/583 2619/19/676
f 2619/19/676 2618/18/567 2649/49/683
f 2630/30/578 2686/91/590 2642/42/590
f 2642/42/590 2641/41/589 2630/30/578
f 2686/91/590 2681/85/628 2655/55/602
f 2655/55/602 2642/42/590 2686/91/590
f 2644/44/592 2665/68/612 2682/87/629
f 2682/87/629 2641/41/589 2644/44/592
f 2690/95/636 2666/96/613 2684/89/631
f 2684/89/631 2683/88/630 2690/95/636
f 2618/18/567 2617/17/29 2669/73/616
f 2669/73/616 2687/92/633 2618/18/567
f 2669/73/616 2673/77/620 2688/93/634
f 2688/93/634 2687/92/633 2669/73/616
f 2691/97/637 2692/98/638 2602/2/675
f 2602/2/675 2601/1/552 2691/97/637
f 2627/27/575 2693/99/639 2694/100/640
f 2694/100/640 2606/6/557 2627/27/575
f 2654/54/601 2653/53/566 2695/101/15
f 2695/101/15 2673/77/620 2654/54/601
f 2640/40/681 2662/64/695 2696/102/641
f 2696/102/641 2637/37/585 2640/40/681
f 2645/45/682 2693/99/639 2627/27/575
f 2627/27/575 2626/26/694 2645/45/682
f 2622/22/570 2697/103/586 2638/38/586
f 2638/38/586 2637/37/585 2622/22/570
f 2626/26/694 2625/25/573 2672/76/619
f 2672/76/619 2698/104/642 2626/26/694
f 2697/103/586 2616/16/566 2653/53/566
f 2653/53/566 2638/38/586 2697/103/586
f 2672/76/619 2675/79/622 2699/105/643
f 2699/105/643 2698/104/642 2672/76/619
f 2658/58/605 2700/106/644 2701/107/645
f 2701/107/645 2659/59/606 2658/58/605
f 2658/58/605 2688/93/634 2702/108/646
f 2702/108/646 2700/106/644 2658/58/605
f 2653/53/566 2616/16/566 2615/15/15
f 2615/15/15 2695/101/15 2653/53/566
f 2637/37/585 2696/102/641 2623/23/677
f 2623/23/677 2622/22/570 2637/37/585
f 2626/26/694 2698/104/642 2646/46/594
f 2646/46/594 2645/45/682 2626/26/694
f 2698/104/642 2699/105/643 2656/56/603
f 2656/56/603 2646/46/594 2698/104/642
f 2700/106/644 2680/84/627 2679/83/626
f 2679/83/626 2701/107/645 2700/106/644
f 2680/84/627 2700/106/644 2702/108/646
f 2702/108/646 2689/94/635 2680/84/627
f 2691/97/637 2661/63/608 2660/62/607
f 2660/62/607 2692/98/638 2691/97/637
f 2693/99/639 2664/67/611 2668/72/615
f 2668/72/615 2694/100/640 2693/99/639
f 2648/48/596 2664/67/611 2693/99/639
f 2693/99/639 2645/45/682 2648/48/596
f 2622/22/570 2621/21/107 2670/74/617
f 2670/74/617 2697/103/586 2622/22/570
f 2670/74/617 2613/13/564 2616/16/566
f 2616/16/566 2697/103/586 2670/74/617
f 2602/2/675 2696/102/641 2662/64/695
f 2662/64/695 2603/3/554 2602/2/675
f 2628/28/576 2627/27/575 2606/6/557
f 2606/6/557 2605/5/556 2628/28/576
f 2682/109/629 2665/110/612 2611/11/562
f 2611/11/562 2610/10/561 2682/109/629
f 2663/111/684 2685/90/632 2634/34/582
f 2634/34/582 2633/33/581 2663/111/684
f 2665/68/612 2624/24/572 2660/62/607
f 2660/62/607 2611/61/562 2665/68/612
f 2636/70/679 2628/28/576 2605/5/556
f 2605/5/556 2633/66/581 2636/70/679
f 2690/112/636 2604/4/555 2603/3/554
f 2603/3/554 2666/69/613 2690/112/636
f 2676/80/623 2703/113/647 2668/72/615
f 2668/72/615 2667/71/614 2676/80/623
f 2632/32/580 2631/114/579 2677/81/624
f 2677/81/624 2667/71/614 2632/32/580
f 2619/115/676 2635/35/583 2634/34/582
f 2634/34/582 2684/89/631 2619/115/676
f 2631/114/579 2682/109/629 2610/10/561
f 2610/10/561 2677/81/624 2631/114/579
f 2620/116/569 2619/115/676 2684/89/631
f 2684/89/631 2666/96/613 2620/116/569
f 2623/23/677 2696/102/641 2602/2/675
f 2602/2/675 2692/98/638 2623/23/677
f 2704/117/648 2607/7/558 2606/6/557
f 2606/6/557 2694/100/640 2704/117/648
f 2624/24/572 2623/23/677 2692/98/638
f 2692/98/638 2660/62/607 2624/24/572
f 2703/113/647 2704/117/648 2694/100/640
f 2694/100/640 2668/72/615 2703/113/647
f 2655/55/602 2689/94/635 2615/15/15
f 2615/15/15 2614/14/565 2655/55/602
f 2689/94/635 2702/108/646 2695/101/15
f 2695/101/15 2615/15/15 2689/94/635
f 2702/108/646 2688/93/634 2673/77/620
f 2673/77/620 2695/101/15 2702/108/646
f 2657/57/604 2656/56/603 2679/83/626
f 2679/83/626 2674/78/621 2657/57/604
f 2656/56/603 2699/105/643 2701/107/645
f 2701/107/645 2679/83/626 2656/56/603
f 2701/107/645 2699/105/643 2675/79/622
f 2675/79/622 2659/59/606 2701/107/645
f 2705/1/689 2706/2/432 2707/3/649
f 2707/3/649 2708/4/650 2705/1/689
f 2709/5/435 2710/6/436 2711/7/437
f 2711/7/437 2712/8/438 2709/5/435
f 2713/9/439 2714/10/440 2715/11/441
f 2715/11/441 2716/12/652 2713/9/439
f 2717/13/443 2718/14/444 2719/15/15
f 2719/15/15 2720/16/445 2717/13/443
f 2721/17/654 2722/18/447 2723/19/696
f 2723/19/696 2724/20/449 2721/17/654
f 2725/21/450 2726/22/451 2727/23/452
f 2727/23/452 2728/24/655 2725/21/450
f 2729/25/454 2730/26/455 2731/27/456
f 2731/27/456 2732/28/457 2729/25/454
f 2733/29/658 2734/30/659 2735/31/660
f 2735/31/660 2736/32/661 2733/29/658
f 2737/33/462 2738/34/463 2739/35/464
f 2739/35/464 2740/36/465 2737/33/462
f 2741/37/466 2742/38/467 2743/39/697
f 2743/39/697 2744/40/469 2741/37/466
f 2745/41/470 2746/42/471 2747/43/472
f 2747/43/472 2748/44/663 2745/41/470
f 2749/45/474 2750/46/475 2751/47/476
f 2751/47/476 2752/48/664 2749/45/474
f 2753/49/478 2754/50/479 2755/51/480
f 2755/51/480 2756/52/692 2753/49/478
f 2743/39/697 2742/38/467 2757/53/445
f 2757/53/445 2758/54/698 2743/39/697
f 2746/42/471 2759/55/483 2718/14/444
f 2718/14/444 2747/43/472 2746/42/471
f 2751/47/476 2750/46/475 2760/56/484
f 2760/56/484 2761/57/485 2751/47/476
f 2754/50/479 2762/58/486 2763/59/665
f 2763/59/665 2755/51/480 2754/50/479
f 2716/60/652 2715/61/441 2764/62/488
f 2764/62/488 2765/63/489 2716/60/652
f 2744/40/469 2721/17/654 2724/20/449
f 2724/20/449 2766/64/490 2744/40/469
f 2767/65/491 2737/66/462 2709/5/435
f 2709/5/435 2712/8/438 2767/65/491
f 2752/48/664 2733/29/658 2736/32/661
f 2736/32/661 2768/67/492 2752/48/664
f 2728/24/655 2769/68/493 2748/44/663
f 2748/44/663 2725/21/450 2728/24/655
f 2724/20/449 2770/69/667 2707/3/649
f 2707/3/649 2766/64/490 2724/20/449
f 2732/28/457 2740/70/465 2756/52/692
f 2756/52/692 2729/25/454 2732/28/457
f 2736/32/661 2771/71/495 2772/72/496
f 2772/72/496 2768/67/492 2736/32/661
f 2721/17/654 2744/40/469 2743/39/697
f 2743/39/697 2773/73/669 2721/17/654
f 2725/21/450 2748/44/663 2747/43/472
f 2747/43/472 2774/74/498 2725/21/450
f 2733/29/658 2752/48/664 2751/47/476
f 2751/47/476 2775/75/693 2733/29/658
f 2729/25/454 2756/52/692 2755/51/480
f 2755/51/480 2776/76/671 2729/25/454
f 2773/73/669 2743/39/697 2758/54/698
f 2758/54/698 2777/77/501 2773/73/669
f 2774/74/498 2747/43/472 2718/14/444
f 2718/14/444 2717/13/443 2774/74/498
f 2775/75/693 2751/47/476 2761/57/485
f 2761/57/485 2778/78/502 2775/75/693
f 2776/76/671 2755/51/480 2763/59/665
f 2763/59/665 2779/79/503 2776/76/671
f 2780/80/504 2771/71/495 2781/81/505
f 2781/81/505 2782/82/506 2780/80/504
f 2778/78/502 2783/83/507 2784/84/508
f 2784/84/508 2785/85/509 2778/78/502
f 2756/52/692 2740/70/465 2739/86/464
f 2739/86/464 2753/49/478 2756/52/692
f 2745/41/470 2786/87/510 2735/31/660
f 2735/31/660 2734/30/659 2745/41/470
f 2787/88/511 2788/89/512 2738/34/463
f 2738/34/463 2789/90/513 2787/88/511
f 2734/30/659 2733/29/658 2775/75/693
f 2775/75/693 2790/91/471 2734/30/659
f 2722/18/447 2791/92/514 2754/50/479
f 2754/50/479 2753/49/478 2722/18/447
f 2775/75/693 2778/78/502 2785/85/509
f 2785/85/509 2790/91/471 2775/75/693
f 2791/92/514 2792/93/673 2762/58/486
f 2762/58/486 2754/50/479 2791/92/514
f 2782/82/506 2781/81/505 2714/10/440
f 2714/10/440 2713/9/439 2782/82/506
f 2785/85/509 2784/84/508 2793/94/516
f 2793/94/516 2759/55/483 2785/85/509
f 2753/49/478 2739/86/464 2723/19/696
f 2723/19/696 2722/18/447 2753/49/478
f 2734/30/659 2790/91/471 2746/42/471
f 2746/42/471 2745/41/470 2734/30/659
f 2790/91/471 2785/85/509 2759/55/483
f 2759/55/483 2746/42/471 2790/91/471
f 2748/44/663 2769/68/493 2786/87/510
f 2786/87/510 2745/41/470 2748/44/663
f 2794/95/517 2770/96/667 2788/89/512
f 2788/89/512 2787/88/511 2794/95/517
f 2722/18/447 2721/17/654 2773/73/669
f 2773/73/669 2791/92/514 2722/18/447
f 2773/73/669 2777/77/501 2792/93/673
f 2792/93/673 2791/92/514 2773/73/669
f 2795/97/518 2796/98/519 2706/2/432
f 2706/2/432 2705/1/689 2795/97/518
f 2731/27/456 2797/99/520 2798/100/521
f 2798/100/521 2710/6/436 2731/27/456
f 2758/54/698 2757/53/445 2799/101/15
f 2799/101/15 2777/77/501 2758/54/698
f 2744/40/469 2766/64/490 2800/102/522
f 2800/102/522 2741/37/466 2744/40/469
f 2749/45/474 2797/99/520 2731/27/456
f 2731/27/456 2730/26/455 2749/45/474
f 2726/22/451 2801/103/467 2742/38/467
f 2742/38/467 2741/37/466 2726/22/451
f 2730/26/455 2729/25/454 2776/76/671
f 2776/76/671 2802/104/523 2730/26/455
f 2801/103/467 2720/16/445 2757/53/445
f 2757/53/445 2742/38/467 2801/103/467
f 2776/76/671 2779/79/503 2803/105/524
f 2803/105/524 2802/104/523 2776/76/671
f 2762/58/486 2804/106/525 2805/107/526
f 2805/107/526 2763/59/665 2762/58/486
f 2762/58/486 2792/93/673 2806/108/527
f 2806/108/527 2804/106/525 2762/58/486
f 2757/53/445 2720/16/445 2719/15/15
f 2719/15/15 2799/101/15 2757/53/445
f 2741/37/466 2800/102/522 2727/23/452
f 2727/23/452 2726/22/451 2741/37/466
f 2730/26/455 2802/104/523 2750/46/475
f 2750/46/475 2749/45/474 2730/26/455
f 2802/104/523 2803/105/524 2760/56/484
f 2760/56/484 2750/46/475 2802/104/523
f 2804/106/525 2784/84/508 2783/83/507
f 2783/83/507 2805/107/526 2804/106/525
f 2784/84/508 2804/106/525 2806/108/527
f 2806/108/527 2793/94/516 2784/84/508
f 2795/97/518 2765/63/489 2764/62/488
f 2764/62/488 2796/98/519 2795/97/518
f 2797/99/520 2768/67/492 2772/72/496
f 2772/72/496 2798/100/521 2797/99/520
f 2752/48/664 2768/67/492 2797/99/520
f 2797/99/520 2749/45/474 2752/48/664
f 2726/22/451 2725/21/450 2774/74/498
f 2774/74/498 2801/103/467 2726/22/451
f 2774/74/498 2717/13/443 2720/16/445
f 2720/16/445 2801/103/467 2774/74/498
f 2706/2/432 2800/102/522 2766/64/490
f 2766/64/490 2707/3/649 2706/2/432
f 2732/28/457 2731/27/456 2710/6/436
f 2710/6/436 2709/5/435 2732/28/457
f 2786/109/510 2769/110/493 2715/11/441
f 2715/11/441 2714/10/440 2786/109/510
f 2767/111/491 2789/90/513 2738/34/463
f 2738/34/463 2737/33/462 2767/111/491
f 2769/68/493 2728/24/655 2764/62/488
f 2764/62/488 2715/61/441 2769/68/493
f 2740/70/465 2732/28/457 2709/5/435
f 2709/5/435 2737/66/462 2740/70/465
f 2794/112/517 2708/4/650 2707/3/649
f 2707/3/649 2770/69/667 2794/112/517
f 2780/80/504 2807/113/528 2772/72/496
f 2772/72/496 2771/71/495 2780/80/504
f 2736/32/661 2735/114/660 2781/81/505
f 2781/81/505 2771/71/495 2736/32/661
f 2723/115/696 2739/35/464 2738/34/463
f 2738/34/463 2788/89/512 2723/115/696
f 2735/114/660 2786/109/510 2714/10/440
f 2714/10/440 2781/81/505 2735/114/660
f 2724/116/449 2723/115/696 2788/89/512
f 2788/89/512 2770/96/667 2724/116/449
f 2727/23/452 2800/102/522 2706/2/432
f 2706/2/432 2796/98/519 2727/23/452
f 2808/117/529 2711/7/437 2710/6/436
f 2710/6/436 2798/100/521 2808/117/529
f 2728/24/655 2727/23/452 2796/98/519
f 2796/98/519 2764/62/488 2728/24/655
f 2807/113/528 2808/117/529 2798/100/521
f 2798/100/521 2772/72/496 2807/113/528
f 2759/55/483 2793/94/516 2719/15/15
f 2719/15/15 2718/14/444 2759/55/483
f 2793/94/516 2806/108/527 2799/101/15
f 2799/101/15 2719/15/15 2793/94/516
f 2806/108/527 2792/93/673 2777/77/501
f 2777/77/501 2799/101/15 2806/108/527
f 2761/57/485 2760/56/484 2783/83/507
f 2783/83/507 2778/78/502 2761/57/485
f 2760/56/484 2803/105/524 2805/107/526
f 2805/107/526 2783/83/507 2760/56/484
f 2805/107/526 2803/105/524 2779/79/503
f 2779/79/503 2763/59/665 2805/107/526
f 2809/1/552 2810/2/675 2811/3/699
f 2811/3/699 2812/4/555 2809/1/552
f 2813/5/700 2814/6/557 2815/7/558
f 2815/7/558 2816/8/559 2813/5/700
f 2817/9/560 2818/10/561 2819/11/562
f 2819/11/562 2820/12/563 2817/9/560
f 2821/13/564 2822/14/565 2823/15/15
f 2823/15/15 2824/16/566 2821/13/564
f 2825/17/29 2826/18/567 2827/19/568
f 2827/19/568 2828/20/569 2825/17/29
f 2829/21/107 2830/22/570 2831/23/677
f 2831/23/677 2832/24/572 2829/21/107
f 2833/25/678 2834/26/574 2835/27/575
f 2835/27/575 2836/28/576 2833/25/678
f 2837/29/17 2838/30/701 2839/31/702
f 2839/31/702 2840/32/703 2837/29/17
f 2841/33/704 2842/34/582 2843/35/705
f 2843/35/705 2844/36/584 2841/33/704
f 2845/37/585 2846/38/586 2847/39/587
f 2847/39/587 2848/40/588 2845/37/585
f 2849/41/589 2850/42/590 2851/43/591
f 2851/43/591 2852/44/592 2849/41/589
f 2853/45/682 2854/46/594 2855/47/595
f 2855/47/595 2856/48/706 2853/45/682
f 2857/49/683 2858/50/598 2859/51/599
f 2859/51/599 2860/52/600 2857/49/683
f 2847/39/587 2846/38/586 2861/53/566
f 2861/53/566 2862/54/707 2847/39/587
f 2850/42/590 2863/55/602 2822/14/565
f 2822/14/565 2851/43/591 2850/42/590
f 2855/47/595 2854/46/594 2864/56/708
f 2864/56/708 2865/57/604 2855/47/595
f 2858/50/598 2866/58/605 2867/59/606
f 2867/59/606 2859/51/599 2858/50/598
f 2820/60/563 2819/61/562 2868/62/607
f 2868/62/607 2869/63/608 2820/60/563
f 2848/40/588 2825/17/29 2828/20/569
f 2828/20/569 2870/64/609 2848/40/588
f 2871/65/684 2841/66/704 2813/5/700
f 2813/5/700 2816/8/559 2871/65/684
f 2856/48/706 2837/29/17 2840/32/703
f 2840/32/703 2872/67/709 2856/48/706
f 2832/24/572 2873/68/612 2852/44/592
f 2852/44/592 2829/21/107 2832/24/572
f 2828/20/569 2874/69/613 2811/3/699
f 2811/3/699 2870/64/609 2828/20/569
f 2836/28/576 2844/70/584 2860/52/600
f 2860/52/600 2833/25/678 2836/28/576
f 2840/32/703 2875/71/614 2876/72/615
f 2876/72/615 2872/67/709 2840/32/703
f 2825/17/29 2848/40/588 2847/39/587
f 2847/39/587 2877/73/616 2825/17/29
f 2829/21/107 2852/44/592 2851/43/591
f 2851/43/591 2878/74/710 2829/21/107
f 2837/29/17 2856/48/706 2855/47/595
f 2855/47/595 2879/75/618 2837/29/17
f 2833/25/678 2860/52/600 2859/51/599
f 2859/51/599 2880/76/619 2833/25/678
f 2877/73/616 2847/39/587 2862/54/707
f 2862/54/707 2881/77/620 2877/73/616
f 2878/74/710 2851/43/591 2822/14/565
f 2822/14/565 2821/13/564 2878/74/710
f 2879/75/618 2855/47/595 2865/57/604
f 2865/57/604 2882/78/686 2879/75/618
f 2880/76/619 2859/51/599 2867/59/606
f 2867/59/606 2883/79/622 2880/76/619
f 2884/80/623 2875/71/614 2885/81/624
f 2885/81/624 2886/82/625 2884/80/623
f 2882/78/686 2887/83/626 2888/84/627
f 2888/84/627 2889/85/628 2882/78/686
f 2860/52/600 2844/70/584 2843/86/705
f 2843/86/705 2857/49/683 2860/52/600
f 2849/41/589 2890/87/629 2839/31/702
f 2839/31/702 2838/30/701 2849/41/589
f 2891/88/630 2892/89/631 2842/34/582
f 2842/34/582 2893/90/632 2891/88/630
f 2838/30/701 2837/29/17 2879/75/618
f 2879/75/618 2894/91/590 2838/30/701
f 2826/18/567 2895/92/687 2858/50/598
f 2858/50/598 2857/49/683 2826/18/567
f 2879/75/618 2882/78/686 2889/85/628
f 2889/85/628 2894/91/590 2879/75/618
f 2895/92/687 2896/93/634 2866/58/605
f 2866/58/605 2858/50/598 2895/92/687
f 2886/82/625 2885/81/624 2818/10/561
f 2818/10/561 2817/9/560 2886/82/625
f 2889/85/628 2888/84/627 2897/94/635
f 2897/94/635 2863/55/602 2889/85/628
f 2857/49/683 2843/86/705 2827/19/568
f 2827/19/568 2826/18/567 2857/49/683
f 2838/30/701 2894/91/590 2850/42/590
f 2850/42/590 2849/41/589 2838/30/701
f 2894/91/590 2889/85/628 2863/55/602
f 2863/55/602 2850/42/590 2894/91/590
f 2852/44/592 2873/68/612 2890/87/629
f 2890/87/629 2849/41/589 2852/44/592
f 2898/95/636 2874/96/613 2892/89/631
f 2892/89/631 2891/88/630 2898/95/636
f 2826/18/567 2825/17/29 2877/73/616
f 2877/73/616 2895/92/687 2826/18/567
f 2877/73/616 2881/77/620 2896/93/634
f 2896/93/634 2895/92/687 2877/73/616
f 2899/97/637 2900/98/638 2810/2/675
f 2810/2/675 2809/1/552 2899/97/637
f 2835/27/575 2901/99/639 2902/100/640
f 2902/100/640 2814/6/557 2835/27/575
f 2862/54/707 2861/53/566 2903/101/15
f 2903/101/15 2881/77/620 2862/54/707
f 2848/40/588 2870/64/609 2904/102/641
f 2904/102/641 2845/37/585 2848/40/588
f 2853/45/682 2901/99/639 2835/27/575
f 2835/27/575 2834/26/574 2853/45/682
f 2830/22/570 2905/103/586 2846/38/586
f 2846/38/586 2845/37/585 2830/22/570
f 2834/26/574 2833/25/678 2880/76/619
f 2880/76/619 2906/104/642 2834/26/574
f 2905/103/586 2824/16/566 2861/53/566
f 2861/53/566 2846/38/586 2905/103/586
f 2880/76/619 2883/79/622 2907/105/643
f 2907/105/643 2906/104/642 2880/76/619
f 2866/58/605 2908/106/644 2909/107/645
f 2909/107/645 2867/59/606 2866/58/605
f 2866/58/605 2896/93/634 2910/108/646
f 2910/108/646 2908/106/644 2866/58/605
f 2861/53/566 2824/16/566 2823/15/15
f 2823/15/15 2903/101/15 2861/53/566
f 2845/37/585 2904/102/641 2831/23/677
f 2831/23/677 2830/22/570 2845/37/585
f 2834/26/574 2906/104/642 2854/46/594
f 2854/46/594 2853/45/682 2834/26/574
f 2906/104/642 2907/105/643 2864/56/708
f 2864/56/708 2854/46/594 2906/104/642
f 2908/106/644 2888/84/627 2887/83/626
f 2887/83/626 2909/107/645 2908/106/644
f 2888/84/627 2908/106/644 2910/108/646
f 2910/108/646 2897/94/635 2888/84/627
f 2899/97/637 2869/63/608 2868/62/607
f 2868/62/607 2900/98/638 2899/97/637
f 2901/99/639 2872/67/709 2876/72/615
f 2876/72/615 2902/100/640 2901/99/639
f 2856/48/706 2872/67/709 2901/99/639
f 2901/99/639 2853/45/682 2856/48/706
f 2830/22/570 2829/21/107 2878/74/710
f 2878/74/710 2905/103/586 2830/22/570
f 2878/74/710 2821/13/564 2824/16/566
f 2824/16/566 2905/103/586 2878/74/710
f 2810/2/675 2904/102/641 2870/64/609
f 2870/64/609 2811/3/699 2810/2/675
f 2836/28/576 2835/27/575 2814/6/557
f 2814/6/557 2813/5/700 2836/28/576
f 2890/109/629 2873/110/612 2819/11/562
f 2819/11/562 2818/10/561 2890/109/629
f 2871/111/684 2893/90/632 2842/34/582
f 2842/34/582 2841/33/704 2871/111/684
f 2873/68/612 2832/24/572 2868/62/607
f 2868/62/607 2819/61/562 2873/68/612
f 2844/70/584 2836/28/576 2813/5/700
f 2813/5/700 2841/66/704 2844/70/584
f 2898/112/636 2812/4/555 2811/3/699
f 2811/3/699 2874/69/613 2898/112/636
f 2884/80/623 2911/113/688 2876/72/615
f 2876/72/615 2875/71/614 2884/80/623
f 2840/32/703 2839/114/702 2885/81/624
f 2885/81/624 2875/71/614 2840/32/703
f 2827/115/568 2843/35/705 2842/34/582
f 2842/34/582 2892/89/631 2827/115/568
f 2839/114/702 2890/109/629 2818/10/561
f 2818/10/561 2885/81/624 2839/114/702
f 2828/116/569 2827/115/568 2892/89/631
f 2892/89/631 2874/96/613 2828/116/569
f 2831/23/677 2904/102/641 2810/2/675
f 2810/2/675 2900/98/638 2831/23/677
f 2912/117/648 2815/7/558 2814/6/557
f 2814/6/557 2902/100/640 2912/117/648
f 2832/24/572 2831/23/677 2900/98/638
f 2900/98/638 2868/62/607 2832/24/572
f 2911/113/688 2912/117/648 2902/100/640
f 2902/100/640 2876/72/615 2911/113/688
f 2863/55/602 2897/94/635 2823/15/15
f 2823/15/15 2822/14/565 2863/55/602
f 2897/94/635 2910/108/646 2903/101/15
f 2903/101/15 2823/15/15 2897/94/635
f 2910/108/646 2896/93/634 2881/77/620
f 2881/77/620 2903/101/15 2910/108/646
f 2865/57/604 2864/56/708 2887/83/626
f 2887/83/626 2882/78/686 2865/57/604
f 2864/56/708 2907/105/643 2909/107/645
f 2909/107/645 2887/83/626 2864/56/708
f 2909/107/645 2907/105/643 2883/79/622
f 2883/79/622 2867/59/606 2909/107/645
f 2913/1/711 2914/2/712 2915/3/713
f 2915/3/713 2916/4/714 2913/1/711
f 2917/5/715 2918/6/716 2919/7/717
f 2919/7/717 2920/8/718 2917/5/715
f 2921/9/719 2922/10/720 2923/11/721
f 2923/11/721 2924/12/722 2921/9/719
f 2925/13/723 2926/14/724 2927/15/15
f 2927/15/15 2928/16/445 2925/13/723
f 2929/17/725 2930/18/726 2931/19/727
f 2931/19/727 2932/20/728 2929/17/725
f 2933/21/729 2934/22/451 2935/23/730
f 2935/23/730 2936/24/731 2933/21/729
f 2937/25/732 2938/26/733 2939/27/734
f 2939/27/734 2940/28/735 2937/25/732
f 2941/29/736 2942/30/737 2943/31/738
f 2943/31/738 2944/32/739 2941/29/736
f 2945/33/740 2946/34/741 2947/35/742
f 2947/35/742 2948/36/743 2945/33/740
f 2949/37/466 2950/38/662 2951/39/744
f 2951/39/744 2952/40/745 2949/37/466
f 2953/41/746 2954/42/747 2955/43/748
f 2955/43/748 2956/44/749 2953/41/746
f 2957/45/750 2958/46/751 2959/47/752
f 2959/47/752 2960/48/753 2957/45/750
f 2961/49/754 2962/50/755 2963/51/756
f 2963/51/756 2964/52/757 2961/49/754
f 2951/39/744 2950/38/662 2965/53/445
f 2965/53/445 2966/54/758 2951/39/744
f 2954/42/747 2967/55/759 2926/14/724
f 2926/14/724 2955/43/748 2954/42/747
f 2959/47/752 2958/46/751 2968/56/760
f 2968/56/760 2969/57/761 2959/47/752
f 2962/50/755 2970/58/762 2971/59/763
f 2971/59/763 2963/51/756 2962/50/755
f 2924/60/722 2923/61/721 2972/62/764
f 2972/62/764 2973/63/765 2924/60/722
f 2952/40/745 2929/17/725 2932/20/728
f 2932/20/728 2974/64/766 2952/40/745
f 2975/65/767 2945/66/740 2917/5/715
f 2917/5/715 2920/8/718 2975/65/767
f 2960/48/753 2941/29/736 2944/32/739
f 2944/32/739 2976/67/768 2960/48/753
f 2936/24/731 2977/68/769 2956/44/749
f 2956/44/749 2933/21/729 2936/24/731
f 2932/20/728 2978/69/770 2915/3/713
f 2915/3/713 2974/64/766 2932/20/728
f 2940/28/735 2948/70/743 2964/52/757
f 2964/52/757 2937/25/732 2940/28/735
f 2944/32/739 2979/71/771 2980/72/772
f 2980/72/772 2976/67/768 2944/32/739
f 2929/17/725 2952/40/745 2951/39/744
f 2951/39/744 2981/73/773 2929/17/725
f 2933/21/729 2956/44/749 2955/43/748
f 2955/43/748 2982/74/774 2933/21/729
f 2941/29/736 2960/48/753 2959/47/752
f 2959/47/752 2983/75/775 2941/29/736
f 2937/25/732 2964/52/757 2963/51/756
f 2963/51/756 2984/76/776 2937/25/732
f 2981/73/773 2951/39/744 2966/54/758
f 2966/54/758 2985/77/777 2981/73/773
f 2982/74/774 2955/43/748 2926/14/724
f 2926/14/724 2925/13/723 2982/74/774
f 2983/75/775 2959/47/752 2969/57/761
f 2969/57/761 2986/78/778 2983/75/775
f 2984/76/776 2963/51/756 2971/59/763
f 2971/59/763 2987/79/779 2984/76/776
f 2988/80/780 2979/71/771 2989/81/781
f 2989/81/781 2990/82/782 2988/80/780
f 2986/78/778 2991/83/783 2992/84/784
f 2992/84/784 2993/85/785 2986/78/778
f 2964/52/757 2948/70/743 2947/86/742
f 2947/86/742 2961/49/754 2964/52/757
f 2953/41/746 2994/87/786 2943/31/738
f 2943/31/738 2942/30/737 2953/41/746
f 2995/88/787 2996/89/788 2946/34/741
f 2946/34/741 2997/90/789 2995/88/787
f 2942/30/737 2941/29/736 2983/75/775
f 2983/75/775 2998/91/747 2942/30/737
f 2930/18/726 2999/92/790 2962/50/755
f 2962/50/755 2961/49/754 2930/18/726
f 2983/75/775 2986/78/778 2993/85/785
f 2993/85/785 2998/91/747 2983/75/775
f 2999/92/790 3000/93/791 2970/58/762
f 2970/58/762 2962/50/755 2999/92/790
f 2990/82/782 2989/81/781 2922/10/720
f 2922/10/720 2921/9/719 2990/82/782
f 2993/85/785 2992/84/784 3001/94/516
f 3001/94/516 2967/55/759 2993/85/785
f 2961/49/754 2947/86/742 2931/19/727
f 2931/19/727 2930/18/726 2961/49/754
f 2942/30/737 2998/91/747 2954/42/747
f 2954/42/747 2953/41/746 2942/30/737
f 2998/91/747 2993/85/785 2967/55/759
f 2967/55/759 2954/42/747 2998/91/747
f 2956/44/749 2977/68/769 2994/87/786
f 2994/87/786 2953/41/746 2956/44/749
f 3002/95/792 2978/96/770 2996/89/788
f 2996/89/788 2995/88/787 3002/95/792
f 2930/18/726 2929/17/725 2981/73/773
f 2981/73/773 2999/92/790 2930/18/726
f 2981/73/773 2985/77/777 3000/93/791
f 3000/93/791 2999/92/790 2981/73/773
f 3003/97/793 3004/98/794 2914/2/712
f 2914/2/712 2913/1/711 3003/97/793
f 2939/27/734 3005/99/795 3006/100/796
f 3006/100/796 2918/6/716 2939/27/734
f 2966/54/758 2965/53/445 3007/101/15
f 3007/101/15 2985/77/777 2966/54/758
f 2952/40/745 2974/64/766 3008/102/522
f 3008/102/522 2949/37/466 2952/40/745
f 2957/45/750 3005/99/795 2939/27/734
f 2939/27/734 2938/26/733 2957/45/750
f 2934/22/451 3009/103/662 2950/38/662
f 2950/38/662 2949/37/466 2934/22/451
f 2938/26/733 2937/25/732 2984/76/776
f 2984/76/776 3010/104/797 2938/26/733
f 3009/103/662 2928/16/445 2965/53/445
f 2965/53/445 2950/38/662 3009/103/662
f 2984/76/776 2987/79/779 3011/105/798
f 3011/105/798 3010/104/797 2984/76/776
f 2970/58/762 3012/106/799 3013/107/800
f 3013/107/800 2971/59/763 2970/58/762
f 2970/58/762 3000/93/791 3014/108/801
f 3014/108/801 3012/106/799 2970/58/762
f 2965/53/445 2928/16/445 2927/15/15
f 2927/15/15 3007/101/15 2965/53/445
f 2949/37/466 3008/102/522 2935/23/730
f 2935/23/730 2934/22/451 2949/37/466
f 2938/26/733 3010/104/797 2958/46/751
f 2958/46/751 2957/45/750 2938/26/733
f 3010/104/797 3011/105/798 2968/56/760
f 2968/56/760 2958/46/751 3010/104/797
f 3012/106/799 2992/84/784 2991/83/783
f 2991/83/783 3013/107/800 3012/106/799
f 2992/84/784 3012/106/799 3014/108/801
f 3014/108/801 3001/94/516 2992/84/784
f 3003/97/793 2973/63/765 2972/62/764
f 2972/62/764 3004/98/794 3003/97/793
f 3005/99/795 2976/67/768 2980/72/772
f 2980/72/772 3006/100/796 3005/99/795
f 2960/48/753 2976/67/768 3005/99/795
f 3005/99/795 2957/45/750 2960/48/753
f 2934/22/451 2933/21/729 2982/74/774
f 2982/74/774 3009/103/662 2934/22/451
f 2982/74/774 2925/13/723 2928/16/445
f 2928/16/445 3009/103/662 2982/74/774
f 2914/2/712 3008/102/522 2974/64/766
f 2974/64/766 2915/3/713 2914/2/712
f 2940/28/735 2939/27/734 2918/6/716
f 2918/6/716 2917/5/715 2940/28/735
f 2994/109/786 2977/110/769 2923/11/721
f 2923/11/721 2922/10/720 2994/109/786
f 2975/111/767 2997/90/789 2946/34/741
f 2946/34/741 2945/33/740 2975/111/767
f 2977/68/769 2936/24/731 2972/62/764
f 2972/62/764 2923/61/721 2977/68/769
f 2948/70/743 2940/28/735 2917/5/715
f 2917/5/715 2945/66/740 2948/70/743
f 3002/112/792 2916/4/714 2915/3/713
f 2915/3/713 2978/69/770 3002/112/792
f 2988/80/780 3015/113/802 2980/72/772
f 2980/72/772 2979/71/771 2988/80/780
f 2944/32/739 2943/114/738 2989/81/781
f 2989/81/781 2979/71/771 2944/32/739
f 2931/115/727 2947/35/742 2946/34/741
f 2946/34/741 2996/89/788 2931/115/727
f 2943/114/738 2994/109/786 2922/10/720
f 2922/10/720 2989/81/781 2943/114/738
f 2932/116/728 2931/115/727 2996/89/788
f 2996/89/788 2978/96/770 2932/116/728
f 2935/23/730 3008/102/522 2914/2/712
f 2914/2/712 3004/98/794 2935/23/730
f 3016/117/803 2919/7/717 2918/6/716
f 2918/6/716 3006/100/796 3016/117/803
f 2936/24/731 2935/23/730 3004/98/794
f 3004/98/794 2972/62/764 2936/24/731
f 3015/113/802 3016/117/803 3006/100/796
f 3006/100/796 2980/72/772 3015/113/802
f 2967/55/759 3001/94/516 2927/15/15
f 2927/15/15 2926/14/724 2967/55/759
f 3001/94/516 3014/108/801 3007/101/15
f 3007/101/15 2927/15/15 3001/94/516
f 3014/108/801 3000/93/791 2985/77/777
f 2985/77/777 3007/101/15 3014/108/801
f 2969/57/761 2968/56/760 2991/83/783
f 2991/83/783 2986/78/778 2969/57/761
f 2968/56/760 3011/105/798 3013/107/800
f 3013/107/800 2991/83/783 2968/56/760
f 3013/107/800 3011/105/798 2987/79/779
f 2987/79/779 2971/59/763 3013/107/800
f 3017/1/552 3018/2/675 3019/3/699
f 3019/3/699 3020/4/555 3017/1/552
f 3021/5/556 3022/6/557 3023/7/558
f 3023/7/558 3024/8/559 3021/5/556
f 3025/9/560 3026/10/561 3027/11/562
f 3027/11/562 3028/12/563 3025/9/560
f 3029/13/564 3030/14/565 3031/15/15
f 3031/15/15 3032/16/566 3029/13/564
f 3033/17/29 3034/18/567 3035/19/568
f 3035/19/568 3036/20/569 3033/17/29
f 3037/21/107 3038/22/570 3039/23/571
f 3039/23/571 3040/24/572 3037/21/107
f 3041/25/21 3042/26/574 3043/27/575
f 3043/27/575 3044/28/576 3041/25/21
f 3045/29/17 3046/30/701 3047/31/702
f 3047/31/702 3048/32/703 3045/29/17
f 3049/33/704 3050/34/582 3051/35/705
f 3051/35/705 3052/36/584 3049/33/704
f 3053/37/585 3054/38/586 3055/39/587
f 3055/39/587 3056/40/804 3053/37/585
f 3057/41/589 3058/42/590 3059/43/591
f 3059/43/591 3060/44/592 3057/41/589
f 3061/45/682 3062/46/594 3063/47/595
f 3063/47/595 3064/48/706 3061/45/682
f 3065/49/683 3066/50/598 3067/51/599
f 3067/51/599 3068/52/805 3065/49/683
f 3055/39/587 3054/38/586 3069/53/566
f 3069/53/566 3070/54/707 3055/39/587
f 3058/42/590 3071/55/602 3030/14/565
f 3030/14/565 3059/43/591 3058/42/590
f 3063/47/595 3062/46/594 3072/56/708
f 3072/56/708 3073/57/604 3063/47/595
f 3066/50/598 3074/58/605 3075/59/606
f 3075/59/606 3067/51/599 3066/50/598
f 3028/60/563 3027/61/562 3076/62/607
f 3076/62/607 3077/63/608 3028/60/563
f 3056/40/804 3033/17/29 3036/20/569
f 3036/20/569 3078/64/609 3056/40/804
f 3079/65/684 3049/66/704 3021/5/556
f 3021/5/556 3024/8/559 3079/65/684
f 3064/48/706 3045/29/17 3048/32/703
f 3048/32/703 3080/67/709 3064/48/706
f 3040/24/572 3081/68/612 3060/44/592
f 3060/44/592 3037/21/107 3040/24/572
f 3036/20/569 3082/69/613 3019/3/699
f 3019/3/699 3078/64/609 3036/20/569
f 3044/28/576 3052/70/584 3068/52/805
f 3068/52/805 3041/25/21 3044/28/576
f 3048/32/703 3083/71/614 3084/72/615
f 3084/72/615 3080/67/709 3048/32/703
f 3033/17/29 3056/40/804 3055/39/587
f 3055/39/587 3085/73/616 3033/17/29
f 3037/21/107 3060/44/592 3059/43/591
f 3059/43/591 3086/74/710 3037/21/107
f 3045/29/17 3064/48/706 3063/47/595
f 3063/47/595 3087/75/618 3045/29/17
f 3041/25/21 3068/52/805 3067/51/599
f 3067/51/599 3088/76/619 3041/25/21
f 3085/73/616 3055/39/587 3070/54/707
f 3070/54/707 3089/77/620 3085/73/616
f 3086/74/710 3059/43/591 3030/14/565
f 3030/14/565 3029/13/564 3086/74/710
f 3087/75/618 3063/47/595 3073/57/604
f 3073/57/604 3090/78/621 3087/75/618
f 3088/76/619 3067/51/599 3075/59/606
f 3075/59/606 3091/79/622 3088/76/619
f 3092/80/623 3083/71/614 3093/81/624
f 3093/81/624 3094/82/625 3092/80/623
f 3090/78/621 3095/83/626 3096/84/627
f 3096/84/627 3097/85/628 3090/78/621
f 3068/52/805 3052/70/584 3051/86/705
f 3051/86/705 3065/49/683 3068/52/805
f 3057/41/589 3098/87/629 3047/31/702
f 3047/31/702 3046/30/701 3057/41/589
f 3099/88/630 3100/89/631 3050/34/582
f 3050/34/582 3101/90/632 3099/88/630
f 3046/30/701 3045/29/17 3087/75/618
f 3087/75/618 3102/91/590 3046/30/701
f 3034/18/567 3103/92/687 3066/50/598
f 3066/50/598 3065/49/683 3034/18/567
f 3087/75/618 3090/78/621 3097/85/628
f 3097/85/628 3102/91/590 3087/75/618
f 3103/92/687 3104/93/634 3074/58/605
f 3074/58/605 3066/50/598 3103/92/687
f 3094/82/625 3093/81/624 3026/10/561
f 3026/10/561 3025/9/560 3094/82/625
f 3097/85/628 3096/84/627 3105/94/635
f 3105/94/635 3071/55/602 3097/85/628
f 3065/49/683 3051/86/705 3035/19/568
f 3035/19/568 3034/18/567 3065/49/683
f 3046/30/701 3102/91/590 3058/42/590
f 3058/42/590 3057/41/589 3046/30/701
f 3102/91/590 3097/85/628 3071/55/602
f 3071/55/602 3058/42/590 3102/91/590
f 3060/44/592 3081/68/612 3098/87/629
f 3098/87/629 3057/41/589 3060/44/592
f 3106/95/636 3082/96/613 3100/89/631
f 3100/89/631 3099/88/630 3106/95/636
f 3034/18/567 3033/17/29 3085/73/616
f 3085/73/616 3103/92/687 3034/18/567
f 3085/73/616 3089/77/620 3104/93/634
f 3104/93/634 3103/92/687 3085/73/616
f 3107/97/637 3108/98/638 3018/2/675
f 3018/2/675 3017/1/552 3107/97/637
f 3043/27/575 3109/99/639 3110/100/640
f 3110/100/640 3022/6/557 3043/27/575
f 3070/54/707 3069/53/566 3111/101/15
f 3111/101/15 3089/77/620 3070/54/707
f 3056/40/804 3078/64/609 3112/102/641
f 3112/102/641 3053/37/585 3056/40/804
f 3061/45/682 3109/99/639 3043/27/575
f 3043/27/575 3042/26/574 3061/45/682
f 3038/22/570 3113/103/586 3054/38/586
f 3054/38/586 3053/37/585 3038/22/570
f 3042/26/574 3041/25/21 3088/76/619
f 3088/76/619 3114/104/642 3042/26/574
f 3113/103/586 3032/16/566 3069/53/566
f 3069/53/566 3054/38/586 3113/103/586
f 3088/76/619 3091/79/622 3115/105/643
f 3115/105/643 3114/104/642 3088/76/619
f 3074/58/605 3116/106/644 3117/107/645
f 3117/107/645 3075/59/606 3074/58/605
f 3074/58/605 3104/93/634 3118/108/646
f 3118/108/646 3116/106/644 3074/58/605
f 3069/53/566 3032/16/566 3031/15/15
f 3031/15/15 3111/101/15 3069/53/566
f 3053/37/585 3112/102/641 3039/23/571
f 3039/23/571 3038/22/570 3053/37/585
f 3042/26/574 3114/104/642 3062/46/594
f 3062/46/594 3061/45/682 3042/26/574
f 3114/104/642 3115/105/643 3072/56/708
f 3072/56/708 3062/46/594 3114/104/642
f 3116/106/644 3096/84/627 3095/83/626
f 3095/83/626 3117/107/645 3116/106/644
f 3096/84/627 3116/106/644 3118/108/646
f 3118/108/646 3105/94/635 3096/84/627
f 3107/97/637 3077/63/608 3076/62/607
f 3076/62/607 3108/98/638 3107/97/637
f 3109/99/639 3080/67/709 3084/72/615
f 3084/72/615 3110/100/640 3109/99/639
f 3064/48/706 3080/67/709 3109/99/639
f 3109/99/639 3061/45/682 3064/48/706
f 3038/22/570 3037/21/107 3086/74/710
f 3086/74/710 3113/103/586 3038/22/570
f 3086/74/710 3029/13/564 3032/16/566
f 3032/16/566 3113/103/586 3086/74/710
f 3018/2/675 3112/102/641 3078/64/609
f 3078/64/609 3019/3/699 3018/2/675
f 3044/28/576 3043/27/575 3022/6/557
f 3022/6/557 3021/5/556 3044/28/576
f 3098/109/629 3081/110/612 3027/11/562
f 3027/11/562 3026/10/561 3098/109/629
f 3079/111/684 3101/90/632 3050/34/582
f 3050/34/582 3049/33/704 3079/111/684
f 3081/68/612 3040/24/572 3076/62/607
f 3076/62/607 3027/61/562 3081/68/612
f 3052/70/584 3044/28/576 3021/5/556
f 3021/5/556 3049/66/704 3052/70/584
f 3106/112/636 3020/4/555 3019/3/699
f 3019/3/699 3082/69/613 3106/112/636
f 3092/80/623 3119/113/688 3084/72/615
f 3084/72/615 3083/71/614 3092/80/623
f 3048/32/703 3047/114/702 3093/81/624
f 3093/81/624 3083/71/614 3048/32/703
f 3035/115/568 3051/35/705 3050/34/582
f 3050/34/582 3100/89/631 3035/115/568
f 3047/114/702 3098/109/629 3026/10/561
f 3026/10/561 3093/81/624 3047/114/702
f 3036/116/569 3035/115/568 3100/89/631
f 3100/89/631 3082/96/613 3036/116/569
f 3039/23/571 3112/102/641 3018/2/675
f 3018/2/675 3108/98/638 3039/23/571
f 3120/117/648 3023/7/558 3022/6/557
f 3022/6/557 3110/100/640 3120/117/648
f 3040/24/572 3039/23/571 3108/98/638
f 3108/98/638 3076/62/607 3040/24/572
f 3119/113/688 3120/117/648 3110/100/640
f 3110/100/640 3084/72/615 3119/113/688
f 3071/55/602 3105/94/635 3031/15/15
f 3031/15/15 3030/14/565 3071/55/602
f 3105/94/635 3118/108/646 3111/101/15
f 3111/101/15 3031/15/15 3105/94/635
f 3118/108/646 3104/93/634 3089/77/620
f 3089/77/620 3111/101/15 3118/108/646
f 3073/57/604 3072/56/708 3095/83/626
f 3095/83/626 3090/78/621 3073/57/604
f 3072/56/708 3115/105/643 3117/107/645
f 3117/107/645 3095/83/626 3072/56/708
f 3117/107/645 3115/105/643 3091/79/622
f 3091/79/622 3075/59/606 3117/107/645
f 3121/1/431 3122/2/432 3123/3/806
f 3123/3/806 3124/4/434 3121/1/431
f 3125/5/435 3126/6/436 3127/7/437
f 3127/7/437 3128/8/438 3125/5/435
f 3129/9/439 3130/10/440 3131/11/651
f 3131/11/651 3132/12/652 3129/9/439
f 3133/13/653 3134/14/444 3135/15/15
f 3135/15/15 3136/16/445 3133/13/653
f 3137/17/446 3138/18/447 3139/19/448
f 3139/19/448 3140/20/449 3137/17/446
f 3141/21/450 3142/22/451 3143/23/452
f 3143/23/452 3144/24/453 3141/21/450
f 3145/25/454 3146/26/656 3147/27/657
f 3147/27/657 3148/28/807 3145/25/454
f 3149/29/458 3150/30/459 3151/31/460
f 3151/31/460 3152/32/461 3149/29/458
f 3153/33/462 3154/34/463 3155/35/464
f 3155/35/464 3156/36/465 3153/33/462
f 3157/37/466 3158/38/662 3159/39/468
f 3159/39/468 3160/40/469 3157/37/466
f 3161/41/470 3162/42/471 3163/43/472
f 3163/43/472 3164/44/473 3161/41/470
f 3165/45/474 3166/46/475 3167/47/476
f 3167/47/476 3168/48/477 3165/45/474
f 3169/49/478 3170/50/479 3171/51/480
f 3171/51/480 3172/52/481 3169/49/478
f 3159/39/468 3158/38/662 3173/53/445
f 3173/53/445 3174/54/482 3159/39/468
f 3162/42/471 3175/55/483 3134/14/444
f 3134/14/444 3163/43/472 3162/42/471
f 3167/47/476 3166/46/475 3176/56/484
f 3176/56/484 3177/57/485 3167/47/476
f 3170/50/479 3178/58/486 3179/59/808
f 3179/59/808 3171/51/480 3170/50/479
f 3132/60/652 3131/61/651 3180/62/488
f 3180/62/488 3181/63/489 3132/60/652
f 3160/40/469 3137/17/446 3140/20/449
f 3140/20/449 3182/64/490 3160/40/469
f 3183/65/491 3153/66/462 3125/5/435
f 3125/5/435 3128/8/438 3183/65/491
f 3168/48/477 3149/29/458 3152/32/461
f 3152/32/461 3184/67/492 3168/48/477
f 3144/24/453 3185/68/493 3164/44/473
f 3164/44/473 3141/21/450 3144/24/453
f 3140/20/449 3186/69/494 3123/3/806
f 3123/3/806 3182/64/490 3140/20/449
f 3148/28/807 3156/70/465 3172/52/481
f 3172/52/481 3145/25/454 3148/28/807
f 3152/32/461 3187/71/495 3188/72/668
f 3188/72/668 3184/67/492 3152/32/461
f 3137/17/446 3160/40/469 3159/39/468
f 3159/39/468 3189/73/497 3137/17/446
f 3141/21/450 3164/44/473 3163/43/472
f 3163/43/472 3190/74/670 3141/21/450
f 3149/29/458 3168/48/477 3167/47/476
f 3167/47/476 3191/75/499 3149/29/458
f 3145/25/454 3172/52/481 3171/51/480
f 3171/51/480 3192/76/671 3145/25/454
f 3189/73/497 3159/39/468 3174/54/482
f 3174/54/482 3193/77/501 3189/73/497
f 3190/74/670 3163/43/472 3134/14/444
f 3134/14/444 3133/13/653 3190/74/670
f 3191/75/499 3167/47/476 3177/57/485
f 3177/57/485 3194/78/502 3191/75/499
f 3192/76/671 3171/51/480 3179/59/808
f 3179/59/808 3195/79/503 3192/76/671
f 3196/80/504 3187/71/495 3197/81/505
f 3197/81/505 3198/82/506 3196/80/504
f 3194/78/502 3199/83/809 3200/84/508
f 3200/84/508 3201/85/509 3194/78/502
f 3172/52/481 3156/70/465 3155/86/464
f 3155/86/464 3169/49/478 3172/52/481
f 3161/41/470 3202/87/510 3151/31/460
f 3151/31/460 3150/30/459 3161/41/470
f 3203/88/511 3204/89/512 3154/34/463
f 3154/34/463 3205/90/513 3203/88/511
f 3150/30/459 3149/29/458 3191/75/499
f 3191/75/499 3206/91/471 3150/30/459
f 3138/18/447 3207/92/514 3170/50/479
f 3170/50/479 3169/49/478 3138/18/447
f 3191/75/499 3194/78/502 3201/85/509
f 3201/85/509 3206/91/471 3191/75/499
f 3207/92/514 3208/93/673 3178/58/486
f 3178/58/486 3170/50/479 3207/92/514
f 3198/82/506 3197/81/505 3130/10/440
f 3130/10/440 3129/9/439 3198/82/506
f 3201/85/509 3200/84/508 3209/94/516
f 3209/94/516 3175/55/483 3201/85/509
f 3169/49/478 3155/86/464 3139/19/448
f 3139/19/448 3138/18/447 3169/49/478
f 3150/30/459 3206/91/471 3162/42/471
f 3162/42/471 3161/41/470 3150/30/459
f 3206/91/471 3201/85/509 3175/55/483
f 3175/55/483 3162/42/471 3206/91/471
f 3164/44/473 3185/68/493 3202/87/510
f 3202/87/510 3161/41/470 3164/44/473
f 3210/95/517 3186/96/494 3204/89/512
f 3204/89/512 3203/88/511 3210/95/517
f 3138/18/447 3137/17/446 3189/73/497
f 3189/73/497 3207/92/514 3138/18/447
f 3189/73/497 3193/77/501 3208/93/673
f 3208/93/673 3207/92/514 3189/73/497
f 3211/97/518 3212/98/519 3122/2/432
f 3122/2/432 3121/1/431 3211/97/518
f 3147/27/657 3213/99/674 3214/100/521
f 3214/100/521 3126/6/436 3147/27/657
f 3174/54/482 3173/53/445 3215/101/15
f 3215/101/15 3193/77/501 3174/54/482
f 3160/40/469 3182/64/490 3216/102/522
f 3216/102/522 3157/37/466 3160/40/469
f 3165/45/474 3213/99/674 3147/27/657
f 3147/27/657 3146/26/656 3165/45/474
f 3142/22/451 3217/103/662 3158/38/662
f 3158/38/662 3157/37/466 3142/22/451
f 3146/26/656 3145/25/454 3192/76/671
f 3192/76/671 3218/104/523 3146/26/656
f 3217/103/662 3136/16/445 3173/53/445
f 3173/53/445 3158/38/662 3217/103/662
f 3192/76/671 3195/79/503 3219/105/524
f 3219/105/524 3218/104/523 3192/76/671
f 3178/58/486 3220/106/525 3221/107/526
f 3221/107/526 3179/59/808 3178/58/486
f 3178/58/486 3208/93/673 3222/108/527
f 3222/108/527 3220/106/525 3178/58/486
f 3173/53/445 3136/16/445 3135/15/15
f 3135/15/15 3215/101/15 3173/53/445
f 3157/37/466 3216/102/522 3143/23/452
f 3143/23/452 3142/22/451 3157/37/466
f 3146/26/656 3218/104/523 3166/46/475
f 3166/46/475 3165/45/474 3146/26/656
f 3218/104/523 3219/105/524 3176/56/484
f 3176/56/484 3166/46/475 3218/104/523
f 3220/106/525 3200/84/508 3199/83/809
f 3199/83/809 3221/107/526 3220/106/525
f 3200/84/508 3220/106/525 3222/108/527
f 3222/108/527 3209/94/516 3200/84/508
f 3211/97/518 3181/63/489 3180/62/488
f 3180/62/488 3212/98/519 3211/97/518
f 3213/99/674 3184/67/492 3188/72/668
f 3188/72/668 3214/100/521 3213/99/674
f 3168/48/477 3184/67/492 3213/99/674
f 3213/99/674 3165/45/474 3168/48/477
f 3142/22/451 3141/21/450 3190/74/670
f 3190/74/670 3217/103/662 3142/22/451
f 3190/74/670 3133/13/653 3136/16/445
f 3136/16/445 3217/103/662 3190/74/670
f 3122/2/432 3216/102/522 3182/64/490
f 3182/64/490 3123/3/806 3122/2/432
f 3148/28/807 3147/27/657 3126/6/436
f 3126/6/436 3125/5/435 3148/28/807
f 3202/109/510 3185/110/493 3131/11/651
f 3131/11/651 3130/10/440 3202/109/510
f 3183/111/491 3205/90/513 3154/34/463
f 3154/34/463 3153/33/462 3183/111/491
f 3185/68/493 3144/24/453 3180/62/488
f 3180/62/488 3131/61/651 3185/68/493
f 3156/70/465 3148/28/807 3125/5/435
f 3125/5/435 3153/66/462 3156/70/465
f 3210/112/517 3124/4/434 3123/3/806
f 3123/3/806 3186/69/494 3210/112/517
f 3196/80/504 3223/113/528 3188/72/668
f 3188/72/668 3187/71/495 3196/80/504
f 3152/32/461 3151/114/460 3197/81/505
f 3197/81/505 3187/71/495 3152/32/461
f 3139/115/448 3155/35/464 3154/34/463
f 3154/34/463 3204/89/512 3139/115/448
f 3151/114/460 3202/109/510 3130/10/440
f 3130/10/440 3197/81/505 3151/114/460
f 3140/116/449 3139/115/448 3204/89/512
f 3204/89/512 3186/96/494 3140/116/449
f 3143/23/452 3216/102/522 3122/2/432
f 3122/2/432 3212/98/519 3143/23/452
f 3224/117/529 3127/7/437 3126/6/436
f 3126/6/436 3214/100/521 3224/117/529
f 3144/24/453 3143/23/452 3212/98/519
f 3212/98/519 3180/62/488 3144/24/453
f 3223/113/528 3224/117/529 3214/100/521
f 3214/100/521 3188/72/668 3223/113/528
f 3175/55/483 3209/94/516 3135/15/15
f 3135/15/15 3134/14/444 3175/55/483
f 3209/94/516 3222/108/527 3215/101/15
f 3215/101/15 3135/15/15 3209/94/516
f 3222/108/527 3208/93/673 3193/77/501
f 3193/77/501 3215/101/15 3222/108/527
f 3177/57/485 3176/56/484 3199/83/809
f 3199/83/809 3194/78/502 3177/57/485
f 3176/56/484 3219/105/524 3221/107/526
f 3221/107/526 3199/83/809 3176/56/484
f 3221/107/526 3219/105/524 3195/79/503
f 3195/79/503 3179/59/808 3221/107/526
f 3225/1/552 3226/2/675 3227/3/699
f 3227/3/699 3228/4/555 3225/1/552
f 3229/5/700 3230/6/557 3231/7/558
f 3231/7/558 3232/8/559 3229/5/700
f 3233/9/560 3234/10/561 3235/11/810
f 3235/11/810 3236/12/563 3233/9/560
f 3237/13/564 3238/14/565 3239/15/15
f 3239/15/15 3240/16/566 3237/13/564
f 3241/17/29 3242/18/567 3243/19/568
f 3243/19/568 3244/20/569 3241/17/29
f 3245/21/107 3246/22/570 3247/23/677
f 3247/23/677 3248/24/572 3245/21/107
f 3249/25/678 3250/26/574 3251/27/575
f 3251/27/575 3252/28/576 3249/25/678
f 3253/29/17 3254/30/701 3255/31/702
f 3255/31/702 3256/32/703 3253/29/17
f 3257/33/704 3258/34/582 3259/35/705
f 3259/35/705 3260/36/584 3257/33/704
f 3261/37/585 3262/38/586 3263/39/587
f 3263/39/587 3264/40/804 3261/37/585
f 3265/41/589 3266/42/590 3267/43/591
f 3267/43/591 3268/44/592 3265/41/589
f 3269/45/682 3270/46/594 3271/47/595
f 3271/47/595 3272/48/596 3269/45/682
f 3273/49/683 3274/50/598 3275/51/599
f 3275/51/599 3276/52/600 3273/49/683
f 3263/39/587 3262/38/586 3277/53/566
f 3277/53/566 3278/54/707 3263/39/587
f 3266/42/590 3279/55/602 3238/14/565
f 3238/14/565 3267/43/591 3266/42/590
f 3271/47/595 3270/46/594 3280/56/708
f 3280/56/708 3281/57/604 3271/47/595
f 3274/50/598 3282/58/605 3283/59/606
f 3283/59/606 3275/51/599 3274/50/598
f 3236/60/563 3235/61/810 3284/62/607
f 3284/62/607 3285/63/608 3236/60/563
f 3264/40/804 3241/17/29 3244/20/569
f 3244/20/569 3286/64/609 3264/40/804
f 3287/65/684 3257/66/704 3229/5/700
f 3229/5/700 3232/8/559 3287/65/684
f 3272/48/596 3253/29/17 3256/32/703
f 3256/32/703 3288/67/709 3272/48/596
f 3248/24/572 3289/68/612 3268/44/592
f 3268/44/592 3245/21/107 3248/24/572
f 3244/20/569 3290/69/613 3227/3/699
f 3227/3/699 3286/64/609 3244/20/569
f 3252/28/576 3260/70/584 3276/52/600
f 3276/52/600 3249/25/678 3252/28/576
f 3256/32/703 3291/71/614 3292/72/615
f 3292/72/615 3288/67/709 3256/32/703
f 3241/17/29 3264/40/804 3263/39/587
f 3263/39/587 3293/73/616 3241/17/29
f 3245/21/107 3268/44/592 3267/43/591
f 3267/43/591 3294/74/617 3245/21/107
f 3253/29/17 3272/48/596 3271/47/595
f 3271/47/595 3295/75/618 3253/29/17
f 3249/25/678 3276/52/600 3275/51/599
f 3275/51/599 3296/76/619 3249/25/678
f 3293/73/616 3263/39/587 3278/54/707
f 3278/54/707 3297/77/620 3293/73/616
f 3294/74/617 3267/43/591 3238/14/565
f 3238/14/565 3237/13/564 3294/74/617
f 3295/75/618 3271/47/595 3281/57/604
f 3281/57/604 3298/78/621 3295/75/618
f 3296/76/619 3275/51/599 3283/59/606
f 3283/59/606 3299/79/622 3296/76/619
f 3300/80/623 3291/71/614 3301/81/624
f 3301/81/624 3302/82/625 3300/80/623
f 3298/78/621 3303/83/626 3304/84/627
f 3304/84/627 3305/85/628 3298/78/621
f 3276/52/600 3260/70/584 3259/86/705
f 3259/86/705 3273/49/683 3276/52/600
f 3265/41/589 3306/87/811 3255/31/702
f 3255/31/702 3254/30/701 3265/41/589
f 3307/88/630 3308/89/631 3258/34/582
f 3258/34/582 3309/90/632 3307/88/630
f 3254/30/701 3253/29/17 3295/75/618
f 3295/75/618 3310/91/590 3254/30/701
f 3242/18/567 3311/92/687 3274/50/598
f 3274/50/598 3273/49/683 3242/18/567
f 3295/75/618 3298/78/621 3305/85/628
f 3305/85/628 3310/91/590 3295/75/618
f 3311/92/687 3312/93/634 3282/58/605
f 3282/58/605 3274/50/598 3311/92/687
f 3302/82/625 3301/81/624 3234/10/561
f 3234/10/561 3233/9/560 3302/82/625
f 3305/85/628 3304/84/627 3313/94/635
f 3313/94/635 3279/55/602 3305/85/628
f 3273/49/683 3259/86/705 3243/19/568
f 3243/19/568 3242/18/567 3273/49/683
f 3254/30/701 3310/91/590 3266/42/590
f 3266/42/590 3265/41/589 3254/30/701
f 3310/91/590 3305/85/628 3279/55/602
f 3279/55/602 3266/42/590 3310/91/590
f 3268/44/592 3289/68/612 3306/87/811
f 3306/87/811 3265/41/589 3268/44/592
f 3314/95/636 3290/96/613 3308/89/631
f 3308/89/631 3307/88/630 3314/95/636
f 3242/18/567 3241/17/29 3293/73/616
f 3293/73/616 3311/92/687 3242/18/567
f 3293/73/616 3297/77/620 3312/93/634
f 3312/93/634 3311/92/687 3293/73/616
f 3315/97/637 3316/98/638 3226/2/675
f 3226/2/675 3225/1/552 3315/97/637
f 3251/27/575 3317/99/639 3318/100/640
f 3318/100/640 3230/6/557 3251/27/575
f 3278/54/707 3277/53/566 3319/101/15
f 3319/101/15 3297/77/620 3278/54/707
f 3264/40/804 3286/64/609 3320/102/641
f 3320/102/641 3261/37/585 3264/40/804
f 3269/45/682 3317/99/639 3251/27/575
f 3251/27/575 3250/26/574 3269/45/682
f 3246/22/570 3321/103/586 3262/38/586
f 3262/38/586 3261/37/585 3246/22/570
f 3250/26/574 3249/25/678 3296/76/619
f 3296/76/619 3322/104/642 3250/26/574
f 3321/103/586 3240/16/566 3277/53/566
f 3277/53/566 3262/38/586 3321/103/586
f 3296/76/619 3299/79/622 3323/105/643
f 3323/105/643 3322/104/642 3296/76/619
f 3282/58/605 3324/106/644 3325/107/645
f 3325/107/645 3283/59/606 3282/58/605
f 3282/58/605 3312/93/634 3326/108/646
f 3326/108/646 3324/106/644 3282/58/605
f 3277/53/566 3240/16/566 3239/15/15
f 3239/15/15 3319/101/15 3277/53/566
f 3261/37/585 3320/102/641 3247/23/677
f 3247/23/677 3246/22/570 3261/37/585
f 3250/26/574 3322/104/642 3270/46/594
f 3270/46/594 3269/45/682 3250/26/574
f 3322/104/642 3323/105/643 3280/56/708
f 3280/56/708 3270/46/594 3322/104/642
f 3324/106/644 3304/84/627 3303/83/626
f 3303/83/626 3325/107/645 3324/106/644
f 3304/84/627 3324/106/644 3326/108/646
f 3326/108/646 3313/94/635 3304/84/627
f 3315/97/637 3285/63/608 3284/62/607
f 3284/62/607 3316/98/638 3315/97/637
f 3317/99/639 3288/67/709 3292/72/615
f 3292/72/615 3318/100/640 3317/99/639
f 3272/48/596 3288/67/709 3317/99/639
f 3317/99/639 3269/45/682 3272/48/596
f 3246/22/570 3245/21/107 3294/74/617
f 3294/74/617 3321/103/586 3246/22/570
f 3294/74/617 3237/13/564 3240/16/566
f 3240/16/566 3321/103/586 3294/74/617
f 3226/2/675 3320/102/641 3286/64/609
f 3286/64/609 3227/3/699 3226/2/675
f 3252/28/576 3251/27/575 3230/6/557
f 3230/6/557 3229/5/700 3252/28/576
f 3306/109/811 3289/110/612 3235/11/810
f 3235/11/810 3234/10/561 3306/109/811
f 3287/111/684 3309/90/632 3258/34/582
f 3258/34/582 3257/33/704 3287/111/684
f 3289/68/612 3248/24/572 3284/62/607
f 3284/62/607 3235/61/810 3289/68/612
f 3260/70/584 3252/28/576 3229/5/700
f 3229/5/700 3257/66/704 3260/70/584
f 3314/112/636 3228/4/555 3227/3/699
f 3227/3/699 3290/69/613 3314/112/636
f 3300/80/623 3327/113/688 3292/72/615
f 3292/72/615 3291/71/614 3300/80/623
f 3256/32/703 3255/114/702 3301/81/624
f 3301/81/624 3291/71/614 3256/32/703
f 3243/115/568 3259/35/705 3258/34/582
f 3258/34/582 3308/89/631 3243/115/568
f 3255/114/702 3306/109/811 3234/10/561
f 3234/10/561 3301/81/624 3255/114/702
f 3244/116/569 3243/115/568 3308/89/631
f 3308/89/631 3290/96/613 3244/116/569
f 3247/23/677 3320/102/641 3226/2/675
f 3226/2/675 3316/98/638 3247/23/677
f 3328/117/648 3231/7/558 3230/6/557
f 3230/6/557 3318/100/640 3328/117/648
f 3248/24/572 3247/23/677 3316/98/638
f 3316/98/638 3284/62/607 3248/24/572
f 3327/113/688 3328/117/648 3318/100/640
f 3318/100/640 3292/72/615 3327/113/688
f 3279/55/602 3313/94/635 3239/15/15
f 3239/15/15 3238/14/565 3279/55/602
f 3313/94/635 3326/108/646 3319/101/15
f 3319/101/15 3239/15/15 3313/94/635
f 3326/108/646 3312/93/634 3297/77/620
f 3297/77/620 3319/101/15 3326/108/646
f 3281/57/604 3280/56/708 3303/83/626
f 3303/83/626 3298/78/621 3281/57/604
f 3280/56/708 3323/105/643 3325/107/645
f 3325/107/645 3303/83/626 3280/56/708
f 3325/107/645 3323/105/643 3299/79/622
f 3299/79/622 3283/59/606 3325/107/645
f 3329/1/689 3330/2/432 3331/3/806
f 3331/3/806 3332/4/434 3329/1/689
f 3333/5/435 3334/6/436 3335/7/437
f 3335/7/437 3336/8/438 3333/5/435
f 3337/9/439 3338/10/440 3339/11/441
f 3339/11/441 3340/12/442 3337/9/439
f 3341/13/653 3342/14/444 3343/15/15
f 3343/15/15 3344/16/445 3341/13/653
f 3345/17/446 3346/18/447 3347/19/448
f 3347/19/448 3348/20/449 3345/17/446
f 3349/21/450 3350/22/451 3351/23/452
f 3351/23/452 3352/24/812 3349/21/450
f 3353/25/454 3354/26/656 3355/27/657
f 3355/27/657 3356/28/457 3353/25/454
f 3357/29/658 3358/30/459 3359/31/460
f 3359/31/460 3360/32/813 3357/29/658
f 3361/33/462 3362/34/463 3363/35/464
f 3363/35/464 3364/36/465 3361/33/462
f 3365/37/466 3366/38/662 3367/39/468
f 3367/39/468 3368/40/469 3365/37/466
f 3369/41/470 3370/42/471 3371/43/472
f 3371/43/472 3372/44/663 3369/41/470
f 3373/45/474 3374/46/475 3375/47/476
f 3375/47/476 3376/48/477 3373/45/474
f 3377/49/478 3378/50/479 3379/51/480
f 3379/51/480 3380/52/481 3377/49/478
f 3367/39/468 3366/38/662 3381/53/445
f 3381/53/445 3382/54/482 3367/39/468
f 3370/42/471 3383/55/483 3342/14/444
f 3342/14/444 3371/43/472 3370/42/471
f 3375/47/476 3374/46/475 3384/56/484
f 3384/56/484 3385/57/485 3375/47/476
f 3378/50/479 3386/58/486 3387/59/808
f 3387/59/808 3379/51/480 3378/50/479
f 3340/60/442 3339/61/441 3388/62/488
f 3388/62/488 3389/63/489 3340/60/442
f 3368/40/469 3345/17/446 3348/20/449
f 3348/20/449 3390/64/490 3368/40/469
f 3391/65/491 3361/66/462 3333/5/435
f 3333/5/435 3336/8/438 3391/65/491
f 3376/48/477 3357/29/658 3360/32/813
f 3360/32/813 3392/67/814 3376/48/477
f 3352/24/812 3393/68/815 3372/44/663
f 3372/44/663 3349/21/450 3352/24/812
f 3348/20/449 3394/69/494 3331/3/806
f 3331/3/806 3390/64/490 3348/20/449
f 3356/28/457 3364/70/465 3380/52/481
f 3380/52/481 3353/25/454 3356/28/457
f 3360/32/813 3395/71/495 3396/72/668
f 3396/72/668 3392/67/814 3360/32/813
f 3345/17/446 3368/40/469 3367/39/468
f 3367/39/468 3397/73/497 3345/17/446
f 3349/21/450 3372/44/663 3371/43/472
f 3371/43/472 3398/74/670 3349/21/450
f 3357/29/658 3376/48/477 3375/47/476
f 3375/47/476 3399/75/693 3357/29/658
f 3353/25/454 3380/52/481 3379/51/480
f 3379/51/480 3400/76/671 3353/25/454
f 3397/73/497 3367/39/468 3382/54/482
f 3382/54/482 3401/77/501 3397/73/497
f 3398/74/670 3371/43/472 3342/14/444
f 3342/14/444 3341/13/653 3398/74/670
f 3399/75/693 3375/47/476 3385/57/485
f 3385/57/485 3402/78/502 3399/75/693
f 3400/76/671 3379/51/480 3387/59/808
f 3387/59/808 3403/79/503 3400/76/671
f 3404/80/504 3395/71/495 3405/81/505
f 3405/81/505 3406/82/506 3404/80/504
f 3402/78/502 3407/83/809 3408/84/508
f 3408/84/508 3409/85/509 3402/78/502
f 3380/52/481 3364/70/465 3363/86/464
f 3363/86/464 3377/49/478 3380/52/481
f 3369/41/470 3410/87/510 3359/31/460
f 3359/31/460 3358/30/459 3369/41/470
f 3411/88/511 3412/89/512 3362/34/463
f 3362/34/463 3413/90/513 3411/88/511
f 3358/30/459 3357/29/658 3399/75/693
f 3399/75/693 3414/91/471 3358/30/459
f 3346/18/447 3415/92/514 3378/50/479
f 3378/50/479 3377/49/478 3346/18/447
f 3399/75/693 3402/78/502 3409/85/509
f 3409/85/509 3414/91/471 3399/75/693
f 3415/92/514 3416/93/673 3386/58/486
f 3386/58/486 3378/50/479 3415/92/514
f 3406/82/506 3405/81/505 3338/10/440
f 3338/10/440 3337/9/439 3406/82/506
f 3409/85/509 3408/84/508 3417/94/516
f 3417/94/516 3383/55/483 3409/85/509
f 3377/49/478 3363/86/464 3347/19/448
f 3347/19/448 3346/18/447 3377/49/478
f 3358/30/459 3414/91/471 3370/42/471
f 3370/42/471 3369/41/470 3358/30/459
f 3414/91/471 3409/85/509 3383/55/483
f 3383/55/483 3370/42/471 3414/91/471
f 3372/44/663 3393/68/815 3410/87/510
f 3410/87/510 3369/41/470 3372/44/663
f 3418/95/517 3394/96/494 3412/89/512
f 3412/89/512 3411/88/511 3418/95/517
f 3346/18/447 3345/17/446 3397/73/497
f 3397/73/497 3415/92/514 3346/18/447
f 3397/73/497 3401/77/501 3416/93/673
f 3416/93/673 3415/92/514 3397/73/497
f 3419/97/518 3420/98/519 3330/2/432
f 3330/2/432 3329/1/689 3419/97/518
f 3355/27/657 3421/99/674 3422/100/521
f 3422/100/521 3334/6/436 3355/27/657
f 3382/54/482 3381/53/445 3423/101/15
f 3423/101/15 3401/77/501 3382/54/482
f 3368/40/469 3390/64/490 3424/102/522
f 3424/102/522 3365/37/466 3368/40/469
f 3373/45/474 3421/99/674 3355/27/657
f 3355/27/657 3354/26/656 3373/45/474
f 3350/22/451 3425/103/662 3366/38/662
f 3366/38/662 3365/37/466 3350/22/451
f 3354/26/656 3353/25/454 3400/76/671
f 3400/76/671 3426/104/523 3354/26/656
f 3425/103/662 3344/16/445 3381/53/445
f 3381/53/445 3366/38/662 3425/103/662
f 3400/76/671 3403/79/503 3427/105/524
f 3427/105/524 3426/104/523 3400/76/671
f 3386/58/486 3428/106/525 3429/107/526
f 3429/107/526 3387/59/808 3386/58/486
f 3386/58/486 3416/93/673 3430/108/527
f 3430/108/527 3428/106/525 3386/58/486
f 3381/53/445 3344/16/445 3343/15/15
f 3343/15/15 3423/101/15 3381/53/445
f 3365/37/466 3424/102/522 3351/23/452
f 3351/23/452 3350/22/451 3365/37/466
f 3354/26/656 3426/104/523 3374/46/475
f 3374/46/475 3373/45/474 3354/26/656
f 3426/104/523 3427/105/524 3384/56/484
f 3384/56/484 3374/46/475 3426/104/523
f 3428/106/525 3408/84/508 3407/83/809
f 3407/83/809 3429/107/526 3428/106/525
f 3408/84/508 3428/106/525 3430/108/527
f 3430/108/527 3417/94/516 3408/84/508
f 3419/97/518 3389/63/489 3388/62/488
f 3388/62/488 3420/98/519 3419/97/518
f 3421/99/674 3392/67/814 3396/72/668
f 3396/72/668 3422/100/521 3421/99/674
f 3376/48/477 3392/67/814 3421/99/674
f 3421/99/674 3373/45/474 3376/48/477
f 3350/22/451 3349/21/450 3398/74/670
f 3398/74/670 3425/103/662 3350/22/451
f 3398/74/670 3341/13/653 3344/16/445
f 3344/16/445 3425/103/662 3398/74/670
f 3330/2/432 3424/102/522 3390/64/490
f 3390/64/490 3331/3/806 3330/2/432
f 3356/28/457 3355/27/657 3334/6/436
f 3334/6/436 3333/5/435 3356/28/457
f 3410/109/510 3393/110/815 3339/11/441
f 3339/11/441 3338/10/440 3410/109/510
f 3391/111/491 3413/90/513 3362/34/463
f 3362/34/463 3361/33/462 3391/111/491
f 3393/68/815 3352/24/812 3388/62/488
f 3388/62/488 3339/61/441 3393/68/815
f 3364/70/465 3356/28/457 3333/5/435
f 3333/5/435 3361/66/462 3364/70/465
f 3418/112/517 3332/4/434 3331/3/806
f 3331/3/806 3394/69/494 3418/112/517
f 3404/80/504 3431/113/528 3396/72/668
f 3396/72/668 3395/71/495 3404/80/504
f 3360/32/813 3359/114/460 3405/81/505
f 3405/81/505 3395/71/495 3360/32/813
f 3347/115/448 3363/35/464 3362/34/463
f 3362/34/463 3412/89/512 3347/115/448
f 3359/114/460 3410/109/510 3338/10/440
f 3338/10/440 3405/81/505 3359/114/460
f 3348/116/449 3347/115/448 3412/89/512
f 3412/89/512 3394/96/494 3348/116/449
f 3351/23/452 3424/102/522 3330/2/432
f 3330/2/432 3420/98/519 3351/23/452
f 3432/117/529 3335/7/437 3334/6/436
f 3334/6/436 3422/100/521 3432/117/529
f 3352/24/812 3351/23/452 3420/98/519
f 3420/98/519 3388/62/488 3352/24/812
f 3431/113/528 3432/117/529 3422/100/521
f 3422/100/521 3396/72/668 3431/113/528
f 3383/55/483 3417/94/516 3343/15/15
f 3343/15/15 3342/14/444 3383/55/483
f 3417/94/516 3430/108/527 3423/101/15
f 3423/101/15 3343/15/15 3417/94/516
f 3430/108/527 3416/93/673 3401/77/501
f 3401/77/501 3423/101/15 3430/108/527
f 3385/57/485 3384/56/484 3407/83/809
f 3407/83/809 3402/78/502 3385/57/485
f 3384/56/484 3427/105/524 3429/107/526
f 3429/107/526 3407/83/809 3384/56/484
f 3429/107/526 3427/105/524 3403/79/503
f 3403/79/503 3387/59/808 3429/107/526
f 3433/1/552 3434/2/675 3435/3/699
f 3435/3/699 3436/4/555 3433/1/552
f 3437/5/700 3438/6/557 3439/7/558
f 3439/7/558 3440/8/559 3437/5/700
f 3441/9/560 3442/10/561 3443/11/562
f 3443/11/562 3444/12/563 3441/9/560
f 3445/13/564 3446/14/565 3447/15/15
f 3447/15/15 3448/16/566 3445/13/564
f 3449/17/29 3450/18/567 3451/19/568
f 3451/19/568 3452/20/569 3449/17/29
f 3453/21/107 3454/22/570 3455/23/677
f 3455/23/677 3456/24/572 3453/21/107
f 3457/25/678 3458/26/574 3459/27/575
f 3459/27/575 3460/28/576 3457/25/678
f 3461/29/17 3462/30/701 3463/31/702
f 3463/31/702 3464/32/703 3461/29/17
f 3465/33/704 3466/34/582 3467/35/583
f 3467/35/583 3468/36/679 3465/33/704
f 3469/37/585 3470/38/586 3471/39/587
f 3471/39/587 3472/40/804 3469/37/585
f 3473/41/589 3474/42/590 3475/43/591
f 3475/43/591 3476/44/592 3473/41/589
f 3477/45/682 3478/46/594 3479/47/595
f 3479/47/595 3480/48/596 3477/45/682
f 3481/49/597 3482/50/598 3483/51/599
f 3483/51/599 3484/52/805 3481/49/597
f 3471/39/587 3470/38/586 3485/53/566
f 3485/53/566 3486/54/707 3471/39/587
f 3474/42/590 3487/55/602 3446/14/565
f 3446/14/565 3475/43/591 3474/42/590
f 3479/47/595 3478/46/594 3488/56/708
f 3488/56/708 3489/57/604 3479/47/595
f 3482/50/598 3490/58/605 3491/59/606
f 3491/59/606 3483/51/599 3482/50/598
f 3444/60/563 3443/61/562 3492/62/607
f 3492/62/607 3493/63/608 3444/60/563
f 3472/40/804 3449/17/29 3452/20/569
f 3452/20/569 3494/64/816 3472/40/804
f 3495/65/684 3465/66/704 3437/5/700
f 3437/5/700 3440/8/559 3495/65/684
f 3480/48/596 3461/29/17 3464/32/703
f 3464/32/703 3496/67/709 3480/48/596
f 3456/24/572 3497/68/612 3476/44/592
f 3476/44/592 3453/21/107 3456/24/572
f 3452/20/569 3498/69/613 3435/3/699
f 3435/3/699 3494/64/816 3452/20/569
f 3460/28/576 3468/70/679 3484/52/805
f 3484/52/805 3457/25/678 3460/28/576
f 3464/32/703 3499/71/614 3500/72/615
f 3500/72/615 3496/67/709 3464/32/703
f 3449/17/29 3472/40/804 3471/39/587
f 3471/39/587 3501/73/616 3449/17/29
f 3453/21/107 3476/44/592 3475/43/591
f 3475/43/591 3502/74/710 3453/21/107
f 3461/29/17 3480/48/596 3479/47/595
f 3479/47/595 3503/75/618 3461/29/17
f 3457/25/678 3484/52/805 3483/51/599
f 3483/51/599 3504/76/619 3457/25/678
f 3501/73/616 3471/39/587 3486/54/707
f 3486/54/707 3505/77/620 3501/73/616
f 3502/74/710 3475/43/591 3446/14/565
f 3446/14/565 3445/13/564 3502/74/710
f 3503/75/618 3479/47/595 3489/57/604
f 3489/57/604 3506/78/686 3503/75/618
f 3504/76/619 3483/51/599 3491/59/606
f 3491/59/606 3507/79/622 3504/76/619
f 3508/80/623 3499/71/614 3509/81/624
f 3509/81/624 3510/82/625 3508/80/623
f 3506/78/686 3511/83/626 3512/84/627
f 3512/84/627 3513/85/628 3506/78/686
f 3484/52/805 3468/70/679 3467/86/583
f 3467/86/583 3481/49/597 3484/52/805
f 3473/41/589 3514/87/811 3463/31/702
f 3463/31/702 3462/30/701 3473/41/589
f 3515/88/630 3516/89/631 3466/34/582
f 3466/34/582 3517/90/632 3515/88/630
f 3462/30/701 3461/29/17 3503/75/618
f 3503/75/618 3518/91/590 3462/30/701
f 3450/18/567 3519/92/687 3482/50/598
f 3482/50/598 3481/49/597 3450/18/567
f 3503/75/618 3506/78/686 3513/85/628
f 3513/85/628 3518/91/590 3503/75/618
f 3519/92/687 3520/93/634 3490/58/605
f 3490/58/605 3482/50/598 3519/92/687
f 3510/82/625 3509/81/624 3442/10/561
f 3442/10/561 3441/9/560 3510/82/625
f 3513/85/628 3512/84/627 3521/94/635
f 3521/94/635 3487/55/602 3513/85/628
f 3481/49/597 3467/86/583 3451/19/568
f 3451/19/568 3450/18/567 3481/49/597
f 3462/30/701 3518/91/590 3474/42/590
f 3474/42/590 3473/41/589 3462/30/701
f 3518/91/590 3513/85/628 3487/55/602
f 3487/55/602 3474/42/590 3518/91/590
f 3476/44/592 3497/68/612 3514/87/811
f 3514/87/811 3473/41/589 3476/44/592
f 3522/95/636 3498/96/613 3516/89/631
f 3516/89/631 3515/88/630 3522/95/636
f 3450/18/567 3449/17/29 3501/73/616
f 3501/73/616 3519/92/687 3450/18/567
f 3501/73/616 3505/77/620 3520/93/634
f 3520/93/634 3519/92/687 3501/73/616
f 3523/97/637 3524/98/638 3434/2/675
f 3434/2/675 3433/1/552 3523/97/637
f 3459/27/575 3525/99/639 3526/100/640
f 3526/100/640 3438/6/557 3459/27/575
f 3486/54/707 3485/53/566 3527/101/15
f 3527/101/15 3505/77/620 3486/54/707
f 3472/40/804 3494/64/816 3528/102/641
f 3528/102/641 3469/37/585 3472/40/804
f 3477/45/682 3525/99/639 3459/27/575
f 3459/27/575 3458/26/574 3477/45/682
f 3454/22/570 3529/103/586 3470/38/586
f 3470/38/586 3469/37/585 3454/22/570
f 3458/26/574 3457/25/678 3504/76/619
f 3504/76/619 3530/104/642 3458/26/574
f 3529/103/586 3448/16/566 3485/53/566
f 3485/53/566 3470/38/586 3529/103/586
f 3504/76/619 3507/79/622 3531/105/643
f 3531/105/643 3530/104/642 3504/76/619
f 3490/58/605 3532/106/644 3533/107/645
f 3533/107/645 3491/59/606 3490/58/605
f 3490/58/605 3520/93/634 3534/108/646
f 3534/108/646 3532/106/644 3490/58/605
f 3485/53/566 3448/16/566 3447/15/15
f 3447/15/15 3527/101/15 3485/53/566
f 3469/37/585 3528/102/641 3455/23/677
f 3455/23/677 3454/22/570 3469/37/585
f 3458/26/574 3530/104/642 3478/46/594
f 3478/46/594 3477/45/682 3458/26/574
f 3530/104/642 3531/105/643 3488/56/708
f 3488/56/708 3478/46/594 3530/104/642
f 3532/106/644 3512/84/627 3511/83/626
f 3511/83/626 3533/107/645 3532/106/644
f 3512/84/627 3532/106/644 3534/108/646
f 3534/108/646 3521/94/635 3512/84/627
f 3523/97/637 3493/63/608 3492/62/607
f 3492/62/607 3524/98/638 3523/97/637
f 3525/99/639 3496/67/709 3500/72/615
f 3500/72/615 3526/100/640 3525/99/639
f 3480/48/596 3496/67/709 3525/99/639
f 3525/99/639 3477/45/682 3480/48/596
f 3454/22/570 3453/21/107 3502/74/710
f 3502/74/710 3529/103/586 3454/22/570
f 3502/74/710 3445/13/564 3448/16/566
f 3448/16/566 3529/103/586 3502/74/710
f 3434/2/675 3528/102/641 3494/64/816
f 3494/64/816 3435/3/699 3434/2/675
f 3460/28/576 3459/27/575 3438/6/557
f 3438/6/557 3437/5/700 3460/28/576
f 3514/109/811 3497/110/612 3443/11/562
f 3443/11/562 3442/10/561 3514/109/811
f 3495/111/684 3517/90/632 3466/34/582
f 3466/34/582 3465/33/704 3495/111/684
f 3497/68/612 3456/24/572 3492/62/607
f 3492/62/607 3443/61/562 3497/68/612
f 3468/70/679 3460/28/576 3437/5/700
f 3437/5/700 3465/66/704 3468/70/679
f 3522/112/636 3436/4/555 3435/3/699
f 3435/3/699 3498/69/613 3522/112/636
f 3508/80/623 3535/113/688 3500/72/615
f 3500/72/615 3499/71/614 3508/80/623
f 3464/32/703 3463/114/702 3509/81/624
f 3509/81/624 3499/71/614 3464/32/703
f 3451/115/568 3467/35/583 3466/34/582
f 3466/34/582 3516/89/631 3451/115/568
f 3463/114/702 3514/109/811 3442/10/561
f 3442/10/561 3509/81/624 3463/114/702
f 3452/116/569 3451/115/568 3516/89/631
f 3516/89/631 3498/96/613 3452/116/569
f 3455/23/677 3528/102/641 3434/2/675
f 3434/2/675 3524/98/638 3455/23/677
f 3536/117/648 3439/7/558 3438/6/557
f 3438/6/557 3526/100/640 3536/117/648
f 3456/24/572 3455/23/677 3524/98/638
f 3524/98/638 3492/62/607 3456/24/572
f 3535/113/688 3536/117/648 3526/100/640
f 3526/100/640 3500/72/615 3535/113/688
f 3487/55/602 3521/94/635 3447/15/15
f 3447/15/15 3446/14/565 3487/55/602
f 3521/94/635 3534/108/646 3527/101/15
f 3527/101/15 3447/15/15 3521/94/635
f 3534/108/646 3520/93/634 3505/77/620
f 3505/77/620 3527/101/15 3534/108/646
f 3489/57/604 3488/56/708 3511/83/626
f 3511/83/626 3506/78/686 3489/57/604
f 3488/56/708 3531/105/643 3533/107/645
f 3533/107/645 3511/83/626 3488/56/708
f 3533/107/645 3531/105/643 3507/79/622
f 3507/79/622 3491/59/606 3533/107/645
f 3537/1/689 3538/2/432 3539/3/806
f 3539/3/806 3540/4/434 3537/1/689
f 3541/5/435 3542/6/436 3543/7/437
f 3543/7/437 3544/8/438 3541/5/435
f 3545/9/439 3546/10/440 3547/11/441
f 3547/11/441 3548/12/442 3545/9/439
f 3549/13/443 3550/14/444 3551/15/15
f 3551/15/15 3552/16/445 3549/13/443
f 3553/17/446 3554/18/447 3555/19/448
f 3555/19/448 3556/20/449 3553/17/446
f 3557/21/450 3558/22/451 3559/23/452
f 3559/23/452 3560/24/812 3557/21/450
f 3561/25/454 3562/26/455 3563/27/456
f 3563/27/456 3564/28/457 3561/25/454
f 3565/29/658 3566/30/659 3567/31/460
f 3567/31/460 3568/32/817 3565/29/658
f 3569/33/462 3570/34/463 3571/35/464
f 3571/35/464 3572/36/465 3569/33/462
f 3573/37/466 3574/38/467 3575/39/468
f 3575/39/468 3576/40/469 3573/37/466
f 3577/41/470 3578/42/471 3579/43/472
f 3579/43/472 3580/44/663 3577/41/470
f 3581/45/474 3582/46/475 3583/47/476
f 3583/47/476 3584/48/664 3581/45/474
f 3585/49/478 3586/50/479 3587/51/480
f 3587/51/480 3588/52/481 3585/49/478
f 3575/39/468 3574/38/467 3589/53/445
f 3589/53/445 3590/54/482 3575/39/468
f 3578/42/471 3591/55/483 3550/14/444
f 3550/14/444 3579/43/472 3578/42/471
f 3583/47/476 3582/46/475 3592/56/484
f 3592/56/484 3593/57/485 3583/47/476
f 3586/50/479 3594/58/486 3595/59/487
f 3595/59/487 3587/51/480 3586/50/479
f 3548/60/442 3547/61/441 3596/62/488
f 3596/62/488 3597/63/489 3548/60/442
f 3576/40/469 3553/17/446 3556/20/449
f 3556/20/449 3598/64/490 3576/40/469
f 3599/65/491 3569/66/462 3541/5/435
f 3541/5/435 3544/8/438 3599/65/491
f 3584/48/664 3565/29/658 3568/32/817
f 3568/32/817 3600/67/814 3584/48/664
f 3560/24/812 3601/68/815 3580/44/663
f 3580/44/663 3557/21/450 3560/24/812
f 3556/20/449 3602/69/494 3539/3/806
f 3539/3/806 3598/64/490 3556/20/449
f 3564/28/457 3572/70/465 3588/52/481
f 3588/52/481 3561/25/454 3564/28/457
f 3568/32/817 3603/71/495 3604/72/496
f 3604/72/496 3600/67/814 3568/32/817
f 3553/17/446 3576/40/469 3575/39/468
f 3575/39/468 3605/73/669 3553/17/446
f 3557/21/450 3580/44/663 3579/43/472
f 3579/43/472 3606/74/498 3557/21/450
f 3565/29/658 3584/48/664 3583/47/476
f 3583/47/476 3607/75/693 3565/29/658
f 3561/25/454 3588/52/481 3587/51/480
f 3587/51/480 3608/76/500 3561/25/454
f 3605/73/669 3575/39/468 3590/54/482
f 3590/54/482 3609/77/501 3605/73/669
f 3606/74/498 3579/43/472 3550/14/444
f 3550/14/444 3549/13/443 3606/74/498
f 3607/75/693 3583/47/476 3593/57/485
f 3593/57/485 3610/78/502 3607/75/693
f 3608/76/500 3587/51/480 3595/59/487
f 3595/59/487 3611/79/503 3608/76/500
f 3612/80/504 3603/71/495 3613/81/505
f 3613/81/505 3614/82/506 3612/80/504
f 3610/78/502 3615/83/809 3616/84/508
f 3616/84/508 3617/85/509 3610/78/502
f 3588/52/481 3572/70/465 3571/86/464
f 3571/86/464 3585/49/478 3588/52/481
f 3577/41/470 3618/87/510 3567/31/460
f 3567/31/460 3566/30/659 3577/41/470
f 3619/88/511 3620/89/512 3570/34/463
f 3570/34/463 3621/90/513 3619/88/511
f 3566/30/659 3565/29/658 3607/75/693
f 3607/75/693 3622/91/471 3566/30/659
f 3554/18/447 3623/92/514 3586/50/479
f 3586/50/479 3585/49/478 3554/18/447
f 3607/75/693 3610/78/502 3617/85/509
f 3617/85/509 3622/91/471 3607/75/693
f 3623/92/514 3624/93/673 3594/58/486
f 3594/58/486 3586/50/479 3623/92/514
f 3614/82/506 3613/81/505 3546/10/440
f 3546/10/440 3545/9/439 3614/82/506
f 3617/85/509 3616/84/508 3625/94/516
f 3625/94/516 3591/55/483 3617/85/509
f 3585/49/478 3571/86/464 3555/19/448
f 3555/19/448 3554/18/447 3585/49/478
f 3566/30/659 3622/91/471 3578/42/471
f 3578/42/471 3577/41/470 3566/30/659
f 3622/91/471 3617/85/509 3591/55/483
f 3591/55/483 3578/42/471 3622/91/471
f 3580/44/663 3601/68/815 3618/87/510
f 3618/87/510 3577/41/470 3580/44/663
f 3626/95/517 3602/96/494 3620/89/512
f 3620/89/512 3619/88/511 3626/95/517
f 3554/18/447 3553/17/446 3605/73/669
f 3605/73/669 3623/92/514 3554/18/447
f 3605/73/669 3609/77/501 3624/93/673
f 3624/93/673 3623/92/514 3605/73/669
f 3627/97/518 3628/98/519 3538/2/432
f 3538/2/432 3537/1/689 3627/97/518
f 3563/27/456 3629/99/520 3630/100/521
f 3630/100/521 3542/6/436 3563/27/456
f 3590/54/482 3589/53/445 3631/101/15
f 3631/101/15 3609/77/501 3590/54/482
f 3576/40/469 3598/64/490 3632/102/522
f 3632/102/522 3573/37/466 3576/40/469
f 3581/45/474 3629/99/520 3563/27/456
f 3563/27/456 3562/26/455 3581/45/474
f 3558/22/451 3633/103/467 3574/38/467
f 3574/38/467 3573/37/466 3558/22/451
f 3562/26/455 3561/25/454 3608/76/500
f 3608/76/500 3634/104/523 3562/26/455
f 3633/103/467 3552/16/445 3589/53/445
f 3589/53/445 3574/38/467 3633/103/467
f 3608/76/500 3611/79/503 3635/105/524
f 3635/105/524 3634/104/523 3608/76/500
f 3594/58/486 3636/106/525 3637/107/526
f 3637/107/526 3595/59/487 3594/58/486
f 3594/58/486 3624/93/673 3638/108/527
f 3638/108/527 3636/106/525 3594/58/486
f 3589/53/445 3552/16/445 3551/15/15
f 3551/15/15 3631/101/15 3589/53/445
f 3573/37/466 3632/102/522 3559/23/452
f 3559/23/452 3558/22/451 3573/37/466
f 3562/26/455 3634/104/523 3582/46/475
f 3582/46/475 3581/45/474 3562/26/455
f 3634/104/523 3635/105/524 3592/56/484
f 3592/56/484 3582/46/475 3634/104/523
f 3636/106/525 3616/84/508 3615/83/809
f 3615/83/809 3637/107/526 3636/106/525
f 3616/84/508 3636/106/525 3638/108/527
f 3638/108/527 3625/94/516 3616/84/508
f 3627/97/518 3597/63/489 3596/62/488
f 3596/62/488 3628/98/519 3627/97/518
f 3629/99/520 3600/67/814 3604/72/496
f 3604/72/496 3630/100/521 3629/99/520
f 3584/48/664 3600/67/814 3629/99/520
f 3629/99/520 3581/45/474 3584/48/664
f 3558/22/451 3557/21/450 3606/74/498
f 3606/74/498 3633/103/467 3558/22/451
f 3606/74/498 3549/13/443 3552/16/445
f 3552/16/445 3633/103/467 3606/74/498
f 3538/2/432 3632/102/522 3598/64/490
f 3598/64/490 3539/3/806 3538/2/432
f 3564/28/457 3563/27/456 3542/6/436
f 3542/6/436 3541/5/435 3564/28/457
f 3618/109/510 3601/110/815 3547/11/441
f 3547/11/441 3546/10/440 3618/109/510
f 3599/111/491 3621/90/513 3570/34/463
f 3570/34/463 3569/33/462 3599/111/491
f 3601/68/815 3560/24/812 3596/62/488
f 3596/62/488 3547/61/441 3601/68/815
f 3572/70/465 3564/28/457 3541/5/435
f 3541/5/435 3569/66/462 3572/70/465
f 3626/112/517 3540/4/434 3539/3/806
f 3539/3/806 3602/69/494 3626/112/517
f 3612/80/504 3639/113/528 3604/72/496
f 3604/72/496 3603/71/495 3612/80/504
f 3568/32/817 3567/114/460 3613/81/505
f 3613/81/505 3603/71/495 3568/32/817
f 3555/115/448 3571/35/464 3570/34/463
f 3570/34/463 3620/89/512 3555/115/448
f 3567/114/460 3618/109/510 3546/10/440
f 3546/10/440 3613/81/505 3567/114/460
f 3556/116/449 3555/115/448 3620/89/512
f 3620/89/512 3602/96/494 3556/116/449
f 3559/23/452 3632/102/522 3538/2/432
f 3538/2/432 3628/98/519 3559/23/452
f 3640/117/529 3543/7/437 3542/6/436
f 3542/6/436 3630/100/521 3640/117/529
f 3560/24/812 3559/23/452 3628/98/519
f 3628/98/519 3596/62/488 3560/24/812
f 3639/113/528 3640/117/529 3630/100/521
f 3630/100/521 3604/72/496 3639/113/528
f 3591/55/483 3625/94/516 3551/15/15
f 3551/15/15 3550/14/444 3591/55/483
f 3625/94/516 3638/108/527 3631/101/15
f 3631/101/15 3551/15/15 3625/94/516
f 3638/108/527 3624/93/673 3609/77/501
f 3609/77/501 3631/101/15 3638/108/527
f 3593/57/485 3592/56/484 3615/83/809
f 3615/83/809 3610/78/502 3593/57/485
f 3592/56/484 3635/105/524 3637/107/526
f 3637/107/526 3615/83/809 3592/56/484
f 3637/107/526 3635/105/524 3611/79/503
f 3611/79/503 3595/59/487 3637/107/526
f 3641/1/552 3642/2/675 3643/3/699
f 3643/3/699 3644/4/555 3641/1/552
f 3645/5/700 3646/6/557 3647/7/558
f 3647/7/558 3648/8/559 3645/5/700
f 3649/9/560 3650/10/561 3651/11/562
f 3651/11/562 3652/12/563 3649/9/560
f 3653/13/564 3654/14/565 3655/15/15
f 3655/15/15 3656/16/566 3653/13/564
f 3657/17/29 3658/18/567 3659/19/568
f 3659/19/568 3660/20/569 3657/17/29
f 3661/21/107 3662/22/570 3663/23/677
f 3663/23/677 3664/24/572 3661/21/107
f 3665/25/21 3666/26/694 3667/27/575
f 3667/27/575 3668/28/576 3665/25/21
f 3669/29/17 3670/30/701 3671/31/702
f 3671/31/702 3672/32/703 3669/29/17
f 3673/33/704 3674/34/582 3675/35/705
f 3675/35/705 3676/36/584 3673/33/704
f 3677/37/585 3678/38/586 3679/39/587
f 3679/39/587 3680/40/804 3677/37/585
f 3681/41/589 3682/42/590 3683/43/591
f 3683/43/591 3684/44/592 3681/41/589
f 3685/45/682 3686/46/594 3687/47/595
f 3687/47/595 3688/48/596 3685/45/682
f 3689/49/683 3690/50/598 3691/51/818
f 3691/51/818 3692/52/600 3689/49/683
f 3679/39/587 3678/38/586 3693/53/566
f 3693/53/566 3694/54/707 3679/39/587
f 3682/42/590 3695/55/602 3654/14/565
f 3654/14/565 3683/43/591 3682/42/590
f 3687/47/595 3686/46/594 3696/56/708
f 3696/56/708 3697/57/604 3687/47/595
f 3690/50/598 3698/58/605 3699/59/606
f 3699/59/606 3691/51/818 3690/50/598
f 3652/60/563 3651/61/562 3700/62/607
f 3700/62/607 3701/63/608 3652/60/563
f 3680/40/804 3657/17/29 3660/20/569
f 3660/20/569 3702/64/609 3680/40/804
f 3703/65/684 3673/66/704 3645/5/700
f 3645/5/700 3648/8/559 3703/65/684
f 3688/48/596 3669/29/17 3672/32/703
f 3672/32/703 3704/67/709 3688/48/596
f 3664/24/572 3705/68/612 3684/44/592
f 3684/44/592 3661/21/107 3664/24/572
f 3660/20/569 3706/69/613 3643/3/699
f 3643/3/699 3702/64/609 3660/20/569
f 3668/28/576 3676/70/584 3692/52/600
f 3692/52/600 3665/25/21 3668/28/576
f 3672/32/703 3707/71/614 3708/72/615
f 3708/72/615 3704/67/709 3672/32/703
f 3657/17/29 3680/40/804 3679/39/587
f 3679/39/587 3709/73/819 3657/17/29
f 3661/21/107 3684/44/592 3683/43/591
f 3683/43/591 3710/74/710 3661/21/107
f 3669/29/17 3688/48/596 3687/47/595
f 3687/47/595 3711/75/618 3669/29/17
f 3665/25/21 3692/52/600 3691/51/818
f 3691/51/818 3712/76/619 3665/25/21
f 3709/73/819 3679/39/587 3694/54/707
f 3694/54/707 3713/77/620 3709/73/819
f 3710/74/710 3683/43/591 3654/14/565
f 3654/14/565 3653/13/564 3710/74/710
f 3711/75/618 3687/47/595 3697/57/604
f 3697/57/604 3714/78/686 3711/75/618
f 3712/76/619 3691/51/818 3699/59/606
f 3699/59/606 3715/79/622 3712/76/619
f 3716/80/623 3707/71/614 3717/81/624
f 3717/81/624 3718/82/625 3716/80/623
f 3714/78/686 3719/83/626 3720/84/627
f 3720/84/627 3721/85/628 3714/78/686
f 3692/52/600 3676/70/584 3675/86/705
f 3675/86/705 3689/49/683 3692/52/600
f 3681/41/589 3722/87/811 3671/31/702
f 3671/31/702 3670/30/701 3681/41/589
f 3723/88/630 3724/89/631 3674/34/582
f 3674/34/582 3725/90/632 3723/88/630
f 3670/30/701 3669/29/17 3711/75/618
f 3711/75/618 3726/91/590 3670/30/701
f 3658/18/567 3727/92/687 3690/50/598
f 3690/50/598 3689/49/683 3658/18/567
f 3711/75/618 3714/78/686 3721/85/628
f 3721/85/628 3726/91/590 3711/75/618
f 3727/92/687 3728/93/634 3698/58/605
f 3698/58/605 3690/50/598 3727/92/687
f 3718/82/625 3717/81/624 3650/10/561
f 3650/10/561 3649/9/560 3718/82/625
f 3721/85/628 3720/84/627 3729/94/635
f 3729/94/635 3695/55/602 3721/85/628
f 3689/49/683 3675/86/705 3659/19/568
f 3659/19/568 3658/18/567 3689/49/683
f 3670/30/701 3726/91/590 3682/42/590
f 3682/42/590 3681/41/589 3670/30/701
f 3726/91/590 3721/85/628 3695/55/602
f 3695/55/602 3682/42/590 3726/91/590
f 3684/44/592 3705/68/612 3722/87/811
f 3722/87/811 3681/41/589 3684/44/592
f 3730/95/636 3706/96/613 3724/89/631
f 3724/89/631 3723/88/630 3730/95/636
f 3658/18/567 3657/17/29 3709/73/819
f 3709/73/819 3727/92/687 3658/18/567
f 3709/73/819 3713/77/620 3728/93/634
f 3728/93/634 3727/92/687 3709/73/819
f 3731/97/637 3732/98/638 3642/2/675
f 3642/2/675 3641/1/552 3731/97/637
f 3667/27/575 3733/99/639 3734/100/640
f 3734/100/640 3646/6/557 3667/27/575
f 3694/54/707 3693/53/566 3735/101/15
f 3735/101/15 3713/77/620 3694/54/707
f 3680/40/804 3702/64/609 3736/102/641
f 3736/102/641 3677/37/585 3680/40/804
f 3685/45/682 3733/99/639 3667/27/575
f 3667/27/575 3666/26/694 3685/45/682
f 3662/22/570 3737/103/586 3678/38/586
f 3678/38/586 3677/37/585 3662/22/570
f 3666/26/694 3665/25/21 3712/76/619
f 3712/76/619 3738/104/642 3666/26/694
f 3737/103/586 3656/16/566 3693/53/566
f 3693/53/566 3678/38/586 3737/103/586
f 3712/76/619 3715/79/622 3739/105/643
f 3739/105/643 3738/104/642 3712/76/619
f 3698/58/605 3740/106/644 3741/107/645
f 3741/107/645 3699/59/606 3698/58/605
f 3698/58/605 3728/93/634 3742/108/646
f 3742/108/646 3740/106/644 3698/58/605
f 3693/53/566 3656/16/566 3655/15/15
f 3655/15/15 3735/101/15 3693/53/566
f 3677/37/585 3736/102/641 3663/23/677
f 3663/23/677 3662/22/570 3677/37/585
f 3666/26/694 3738/104/642 3686/46/594
f 3686/46/594 3685/45/682 3666/26/694
f 3738/104/642 3739/105/643 3696/56/708
f 3696/56/708 3686/46/594 3738/104/642
f 3740/106/644 3720/84/627 3719/83/626
f 3719/83/626 3741/107/645 3740/106/644
f 3720/84/627 3740/106/644 3742/108/646
f 3742/108/646 3729/94/635 3720/84/627
f 3731/97/637 3701/63/608 3700/62/607
f 3700/62/607 3732/98/638 3731/97/637
f 3733/99/639 3704/67/709 3708/72/615
f 3708/72/615 3734/100/640 3733/99/639
f 3688/48/596 3704/67/709 3733/99/639
f 3733/99/639 3685/45/682 3688/48/596
f 3662/22/570 3661/21/107 3710/74/710
f 3710/74/710 3737/103/586 3662/22/570
f 3710/74/710 3653/13/564 3656/16/566
f 3656/16/566 3737/103/586 3710/74/710
f 3642/2/675 3736/102/641 3702/64/609
f 3702/64/609 3643/3/699 3642/2/675
f 3668/28/576 3667/27/575 3646/6/557
f 3646/6/557 3645/5/700 3668/28/576
f 3722/109/811 3705/110/612 3651/11/562
f 3651/11/562 3650/10/561 3722/109/811
f 3703/111/684 3725/90/632 3674/34/582
f 3674/34/582 3673/33/704 3703/111/684
f 3705/68/612 3664/24/572 3700/62/607
f 3700/62/607 3651/61/562 3705/68/612
f 3676/70/584 3668/28/576 3645/5/700
f 3645/5/700 3673/66/704 3676/70/584
f 3730/112/636 3644/4/555 3643/3/699
f 3643/3/699 3706/69/613 3730/112/636
f 3716/80/623 3743/113/688 3708/72/615
f 3708/72/615 3707/71/614 3716/80/623
f 3672/32/703 3671/114/702 3717/81/624
f 3717/81/624 3707/71/614 3672/32/703
f 3659/115/568 3675/35/705 3674/34/582
f 3674/34/582 3724/89/631 3659/115/568
f 3671/114/702 3722/109/811 3650/10/561
f 3650/10/561 3717/81/624 3671/114/702
f 3660/116/569 3659/115/568 3724/89/631
f 3724/89/631 3706/96/613 3660/116/569
f 3663/23/677 3736/102/641 3642/2/675
f 3642/2/675 3732/98/638 3663/23/677
f 3744/117/648 3647/7/558 3646/6/557
f 3646/6/557 3734/100/640 3744/117/648
f 3664/24/572 3663/23/677 3732/98/638
f 3732/98/638 3700/62/607 3664/24/572
f 3743/113/688 3744/117/648 3734/100/640
f 3734/100/640 3708/72/615 3743/113/688
f 3695/55/602 3729/94/635 3655/15/15
f 3655/15/15 3654/14/565 3695/55/602
f 3729/94/635 3742/108/646 3735/101/15
f 3735/101/15 3655/15/15 3729/94/635
f 3742/108/646 3728/93/634 3713/77/620
f 3713/77/620 3735/101/15 3742/108/646
f 3697/57/604 3696/56/708 3719/83/626
f 3719/83/626 3714/78/686 3697/57/604
f 3696/56/708 3739/105/643 3741/107/645
f 3741/107/645 3719/83/626 3696/56/708
f 3741/107/645 3739/105/643 3715/79/622
f 3715/79/622 3699/59/606 3741/107/645
f 3745/1/711 3746/2/712 3747/3/713
f 3747/3/713 3748/4/714 3745/1/711
f 3749/5/715 3750/6/716 3751/7/717
f 3751/7/717 3752/8/718 3749/5/715
f 3753/9/719 3754/10/720 3755/11/820
f 3755/11/820 3756/12/722 3753/9/719
f 3757/13/723 3758/14/821 3759/15/15
f 3759/15/15 3760/16/445 3757/13/723
f 3761/17/725 3762/18/726 3763/19/727
f 3763/19/727 3764/20/728 3761/17/725
f 3765/21/822 3766/22/451 3767/23/730
f 3767/23/730 3768/24/823 3765/21/822
f 3769/25/732 3770/26/733 3771/27/734
f 3771/27/734 3772/28/735 3769/25/732
f 3773/29/824 3774/30/737 3775/31/825
f 3775/31/825 3776/32/826 3773/29/824
f 3777/33/740 3778/34/741 3779/35/742
f 3779/35/742 3780/36/743 3777/33/740
f 3781/37/466 3782/38/662 3783/39/744
f 3783/39/744 3784/40/745 3781/37/466
f 3785/41/746 3786/42/747 3787/43/748
f 3787/43/748 3788/44/827 3785/41/746
f 3789/45/750 3790/46/751 3791/47/752
f 3791/47/752 3792/48/753 3789/45/750
f 3793/49/754 3794/50/828 3795/51/756
f 3795/51/756 3796/52/757 3793/49/754
f 3783/39/744 3782/38/662 3797/53/445
f 3797/53/445 3798/54/758 3783/39/744
f 3786/42/747 3799/55/829 3758/14/821
f 3758/14/821 3787/43/748 3786/42/747
f 3791/47/752 3790/46/751 3800/56/760
f 3800/56/760 3801/57/830 3791/47/752
f 3794/50/828 3802/58/762 3803/59/831
f 3803/59/831 3795/51/756 3794/50/828
f 3756/60/722 3755/61/820 3804/62/764
f 3804/62/764 3805/63/765 3756/60/722
f 3784/40/745 3761/17/725 3764/20/728
f 3764/20/728 3806/64/766 3784/40/745
f 3807/65/767 3777/66/740 3749/5/715
f 3749/5/715 3752/8/718 3807/65/767
f 3792/48/753 3773/29/824 3776/32/826
f 3776/32/826 3808/67/768 3792/48/753
f 3768/24/823 3809/68/769 3788/44/827
f 3788/44/827 3765/21/822 3768/24/823
f 3764/20/728 3810/69/770 3747/3/713
f 3747/3/713 3806/64/766 3764/20/728
f 3772/28/735 3780/70/743 3796/52/757
f 3796/52/757 3769/25/732 3772/28/735
f 3776/32/826 3811/71/771 3812/72/772
f 3812/72/772 3808/67/768 3776/32/826
f 3761/17/725 3784/40/745 3783/39/744
f 3783/39/744 3813/73/773 3761/17/725
f 3765/21/822 3788/44/827 3787/43/748
f 3787/43/748 3814/74/774 3765/21/822
f 3773/29/824 3792/48/753 3791/47/752
f 3791/47/752 3815/75/775 3773/29/824
f 3769/25/732 3796/52/757 3795/51/756
f 3795/51/756 3816/76/776 3769/25/732
f 3813/73/773 3783/39/744 3798/54/758
f 3798/54/758 3817/77/777 3813/73/773
f 3814/74/774 3787/43/748 3758/14/821
f 3758/14/821 3757/13/723 3814/74/774
f 3815/75/775 3791/47/752 3801/57/830
f 3801/57/830 3818/78/778 3815/75/775
f 3816/76/776 3795/51/756 3803/59/831
f 3803/59/831 3819/79/779 3816/76/776
f 3820/80/780 3811/71/771 3821/81/781
f 3821/81/781 3822/82/782 3820/80/780
f 3818/78/778 3823/83/783 3824/84/784
f 3824/84/784 3825/85/785 3818/78/778
f 3796/52/757 3780/70/743 3779/86/742
f 3779/86/742 3793/49/754 3796/52/757
f 3785/41/746 3826/87/786 3775/31/825
f 3775/31/825 3774/30/737 3785/41/746
f 3827/88/787 3828/89/788 3778/34/741
f 3778/34/741 3829/90/789 3827/88/787
f 3774/30/737 3773/29/824 3815/75/775
f 3815/75/775 3830/91/747 3774/30/737
f 3762/18/726 3831/92/790 3794/50/828
f 3794/50/828 3793/49/754 3762/18/726
f 3815/75/775 3818/78/778 3825/85/785
f 3825/85/785 3830/91/747 3815/75/775
f 3831/92/790 3832/93/791 3802/58/762
f 3802/58/762 3794/50/828 3831/92/790
f 3822/82/782 3821/81/781 3754/10/720
f 3754/10/720 3753/9/719 3822/82/782
f 3825/85/785 3824/84/784 3833/94/516
f 3833/94/516 3799/55/829 3825/85/785
f 3793/49/754 3779/86/742 3763/19/727
f 3763/19/727 3762/18/726 3793/49/754
f 3774/30/737 3830/91/747 3786/42/747
f 3786/42/747 3785/41/746 3774/30/737
f 3830/91/747 3825/85/785 3799/55/829
f 3799/55/829 3786/42/747 3830/91/747
f 3788/44/827 3809/68/769 3826/87/786
f 3826/87/786 3785/41/746 3788/44/827
f 3834/95/792 3810/96/770 3828/89/788
f 3828/89/788 3827/88/787 3834/95/792
f 3762/18/726 3761/17/725 3813/73/773
f 3813/73/773 3831/92/790 3762/18/726
f 3813/73/773 3817/77/777 3832/93/791
f 3832/93/791 3831/92/790 3813/73/773
f 3835/97/793 3836/98/794 3746/2/712
f 3746/2/712 3745/1/711 3835/97/793
f 3771/27/734 3837/99/795 3838/100/796
f 3838/100/796 3750/6/716 3771/27/734
f 3798/54/758 3797/53/445 3839/101/15
f 3839/101/15 3817/77/777 3798/54/758
f 3784/40/745 3806/64/766 3840/102/522
f 3840/102/522 3781/37/466 3784/40/745
f 3789/45/750 3837/99/795 3771/27/734
f 3771/27/734 3770/26/733 3789/45/750
f 3766/22/451 3841/103/662 3782/38/662
f 3782/38/662 3781/37/466 3766/22/451
f 3770/26/733 3769/25/732 3816/76/776
f 3816/76/776 3842/104/797 3770/26/733
f 3841/103/662 3760/16/445 3797/53/445
f 3797/53/445 3782/38/662 3841/103/662
f 3816/76/776 3819/79/779 3843/105/798
f 3843/105/798 3842/104/797 3816/76/776
f 3802/58/762 3844/106/799 3845/107/800
f 3845/107/800 3803/59/831 3802/58/762
f 3802/58/762 3832/93/791 3846/108/801
f 3846/108/801 3844/106/799 3802/58/762
f 3797/53/445 3760/16/445 3759/15/15
f 3759/15/15 3839/101/15 3797/53/445
f 3781/37/466 3840/102/522 3767/23/730
f 3767/23/730 3766/22/451 3781/37/466
f 3770/26/733 3842/104/797 3790/46/751
f 3790/46/751 3789/45/750 3770/26/733
f 3842/104/797 3843/105/798 3800/56/760
f 3800/56/760 3790/46/751 3842/104/797
f 3844/106/799 3824/84/784 3823/83/783
f 3823/83/783 3845/107/800 3844/106/799
f 3824/84/784 3844/106/799 3846/108/801
f 3846/108/801 3833/94/516 3824/84/784
f 3835/97/793 3805/63/765 3804/62/764
f 3804/62/764 3836/98/794 3835/97/793
f 3837/99/795 3808/67/768 3812/72/772
f 3812/72/772 3838/100/796 3837/99/795
f 3792/48/753 3808/67/768 3837/99/795
f 3837/99/795 3789/45/750 3792/48/753
f 3766/22/451 3765/21/822 3814/74/774
f 3814/74/774 3841/103/662 3766/22/451
f 3814/74/774 3757/13/723 3760/16/445
f 3760/16/445 3841/103/662 3814/74/774
f 3746/2/712 3840/102/522 3806/64/766
f 3806/64/766 3747/3/713 3746/2/712
f 3772/28/735 3771/27/734 3750/6/716
f 3750/6/716 3749/5/715 3772/28/735
f 3826/109/786 3809/110/769 3755/11/820
f 3755/11/820 3754/10/720 3826/109/786
f 3807/111/767 3829/90/789 3778/34/741
f 3778/34/741 3777/33/740 3807/111/767
f 3809/68/769 3768/24/823 3804/62/764
f 3804/62/764 3755/61/820 3809/68/769
f 3780/70/743 3772/28/735 3749/5/715
f 3749/5/715 3777/66/740 3780/70/743
f 3834/112/792 3748/4/714 3747/3/713
f 3747/3/713 3810/69/770 3834/112/792
f 3820/80/780 3847/113/802 3812/72/772
f 3812/72/772 3811/71/771 3820/80/780
f 3776/32/826 3775/114/825 3821/81/781
f 3821/81/781 3811/71/771 3776/32/826
f 3763/115/727 3779/35/742 3778/34/741
f 3778/34/741 3828/89/788 3763/115/727
f 3775/114/825 3826/109/786 3754/10/720
f 3754/10/720 3821/81/781 3775/114/825
f 3764/116/728 3763/115/727 3828/89/788
f 3828/89/788 3810/96/770 3764/116/728
f 3767/23/730 3840/102/522 3746/2/712
f 3746/2/712 3836/98/794 3767/23/730
f 3848/117/803 3751/7/717 3750/6/716
f 3750/6/716 3838/100/796 3848/117/803
f 3768/24/823 3767/23/730 3836/98/794
f 3836/98/794 3804/62/764 3768/24/823
f 3847/113/802 3848/117/803 3838/100/796
f 3838/100/796 3812/72/772 3847/113/802
f 3799/55/829 3833/94/516 3759/15/15
f 3759/15/15 3758/14/821 3799/55/829
f 3833/94/516 3846/108/801 3839/101/15
f 3839/101/15 3759/15/15 3833/94/516
f 3846/108/801 3832/93/791 3817/77/777
f 3817/77/777 3839/101/15 3846/108/801
f 3801/57/830 3800/56/760 3823/83/783
f 3823/83/783 3818/78/778 3801/57/830
f 3800/56/760 3843/105/798 3845/107/800
f 3845/107/800 3823/83/783 3800/56/760
f 3845/107/800 3843/105/798 3819/79/779
f 3819/79/779 3803/59/831 3845/107/800
f 3849/1/214 3850/2/215 3851/3/216
f 3851/3/216 3852/4/217 3849/1/214
f 3853/5/218 3854/6/219 3855/7/220
f 3855/7/220 3856/8/221 3853/5/218
f 3857/9/222 3858/10/223 3859/11/224
f 3859/11/224 3860/12/225 3857/9/222
f 3861/13/226 3862/14/227 3863/15/15
f 3863/15/15 3864/16/228 3861/13/226
f 3865/17/229 3866/18/230 3867/19/231
f 3867/19/231 3868/20/232 3865/17/229
f 3869/21/233 3870/22/234 3871/23/235
f 3871/23/235 3872/24/236 3869/21/233
f 3873/25/237 3874/26/238 3875/27/832
f 3875/27/832 3876/28/240 3873/25/237
f 3877/29/327 3878/30/242 3879/31/243
f 3879/31/243 3880/32/244 3877/29/327
f 3881/33/245 3882/34/246 3883/35/247
f 3883/35/247 3884/36/248 3881/33/245
f 3885/37/249 3886/38/250 3887/39/328
f 3887/39/328 3888/40/252 3885/37/249
f 3889/41/253 3890/42/254 3891/43/255
f 3891/43/255 3892/44/256 3889/41/253
f 3893/45/257 3894/46/258 3895/47/259
f 3895/47/259 3896/48/260 3893/45/257
f 3897/49/261 3898/50/262 3899/51/263
f 3899/51/263 3900/52/264 3897/49/261
f 3887/39/328 3886/38/250 3901/53/228
f 3901/53/228 3902/54/265 3887/39/328
f 3890/42/254 3903/55/266 3862/14/227
f 3862/14/227 3891/43/255 3890/42/254
f 3895/47/259 3894/46/258 3904/56/267
f 3904/56/267 3905/57/268 3895/47/259
f 3898/50/262 3906/58/269 3907/59/270
f 3907/59/270 3899/51/263 3898/50/262
f 3860/60/225 3859/61/224 3908/62/271
f 3908/62/271 3909/63/272 3860/60/225
f 3888/40/252 3865/17/229 3868/20/232
f 3868/20/232 3910/64/273 3888/40/252
f 3911/65/274 3881/66/245 3853/5/218
f 3853/5/218 3856/8/221 3911/65/274
f 3896/48/260 3877/29/327 3880/32/244
f 3880/32/244 3912/67/275 3896/48/260
f 3872/24/236 3913/68/276 3892/44/256
f 3892/44/256 3869/21/233 3872/24/236
f 3868/20/232 3914/69/277 3851/3/216
f 3851/3/216 3910/64/273 3868/20/232
f 3876/28/240 3884/70/248 3900/52/264
f 3900/52/264 3873/25/237 3876/28/240
f 3880/32/244 3915/71/278 3916/72/279
f 3916/72/279 3912/67/275 3880/32/244
f 3865/17/229 3888/40/252 3887/39/328
f 3887/39/328 3917/73/280 3865/17/229
f 3869/21/233 3892/44/256 3891/43/255
f 3891/43/255 3918/74/281 3869/21/233
f 3877/29/327 3896/48/260 3895/47/259
f 3895/47/259 3919/75/282 3877/29/327
f 3873/25/237 3900/52/264 3899/51/263
f 3899/51/263 3920/76/283 3873/25/237
f 3917/73/280 3887/39/328 3902/54/265
f 3902/54/265 3921/77/284 3917/73/280
f 3918/74/281 3891/43/255 3862/14/227
f 3862/14/227 3861/13/226 3918/74/281
f 3919/75/282 3895/47/259 3905/57/268
f 3905/57/268 3922/78/285 3919/75/282
f 3920/76/283 3899/51/263 3907/59/270
f 3907/59/270 3923/79/286 3920/76/283
f 3924/80/287 3915/71/278 3925/81/288
f 3925/81/288 3926/82/289 3924/80/287
f 3922/78/285 3927/83/331 3928/84/291
f 3928/84/291 3929/85/292 3922/78/285
f 3900/52/264 3884/70/248 3883/86/247
f 3883/86/247 3897/49/261 3900/52/264
f 3889/41/253 3930/87/293 3879/31/243
f 3879/31/243 3878/30/242 3889/41/253
f 3931/88/294 3932/89/295 3882/34/246
f 3882/34/246 3933/90/296 3931/88/294
f 3878/30/242 3877/29/327 3919/75/282
f 3919/75/282 3934/91/254 3878/30/242
f 3866/18/230 3935/92/297 3898/50/262
f 3898/50/262 3897/49/261 3866/18/230
f 3919/75/282 3922/78/285 3929/85/292
f 3929/85/292 3934/91/254 3919/75/282
f 3935/92/297 3936/93/298 3906/58/269
f 3906/58/269 3898/50/262 3935/92/297
f 3926/82/289 3925/81/288 3858/10/223
f 3858/10/223 3857/9/222 3926/82/289
f 3929/85/292 3928/84/291 3937/94/299
f 3937/94/299 3903/55/266 3929/85/292
f 3897/49/261 3883/86/247 3867/19/231
f 3867/19/231 3866/18/230 3897/49/261
f 3878/30/242 3934/91/254 3890/42/254
f 3890/42/254 3889/41/253 3878/30/242
f 3934/91/254 3929/85/292 3903/55/266
f 3903/55/266 3890/42/254 3934/91/254
f 3892/44/256 3913/68/276 3930/87/293
f 3930/87/293 3889/41/253 3892/44/256
f 3938/95/300 3914/96/277 3932/89/295
f 3932/89/295 3931/88/294 3938/95/300
f 3866/18/230 3865/17/229 3917/73/280
f 3917/73/280 3935/92/297 3866/18/230
f 3917/73/280 3921/77/284 3936/93/298
f 3936/93/298 3935/92/297 3917/73/280
f 3939/97/301 3940/98/302 3850/2/215
f 3850/2/215 3849/1/214 3939/97/301
f 3875/27/832 3941/99/303 3942/100/304
f 3942/100/304 3854/6/219 3875/27/832
f 3902/54/265 3901/53/228 3943/101/15
f 3943/101/15 3921/77/284 3902/54/265
f 3888/40/252 3910/64/273 3944/102/305
f 3944/102/305 3885/37/249 3888/40/252
f 3893/45/257 3941/99/303 3875/27/832
f 3875/27/832 3874/26/238 3893/45/257
f 3870/22/234 3945/103/250 3886/38/250
f 3886/38/250 3885/37/249 3870/22/234
f 3874/26/238 3873/25/237 3920/76/283
f 3920/76/283 3946/104/306 3874/26/238
f 3945/103/250 3864/16/228 3901/53/228
f 3901/53/228 3886/38/250 3945/103/250
f 3920/76/283 3923/79/286 3947/105/307
f 3947/105/307 3946/104/306 3920/76/283
f 3906/58/269 3948/106/308 3949/107/309
f 3949/107/309 3907/59/270 3906/58/269
f 3906/58/269 3936/93/298 3950/108/310
f 3950/108/310 3948/106/308 3906/58/269
f 3901/53/228 3864/16/228 3863/15/15
f 3863/15/15 3943/101/15 3901/53/228
f 3885/37/249 3944/102/305 3871/23/235
f 3871/23/235 3870/22/234 3885/37/249
f 3874/26/238 3946/104/306 3894/46/258
f 3894/46/258 3893/45/257 3874/26/238
f 3946/104/306 3947/105/307 3904/56/267
f 3904/56/267 3894/46/258 3946/104/306
f 3948/106/308 3928/84/291 3927/83/331
f 3927/83/331 3949/107/309 3948/106/308
f 3928/84/291 3948/106/308 3950/108/310
f 3950/108/310 3937/94/299 3928/84/291
f 3939/97/301 3909/63/272 3908/62/271
f 3908/62/271 3940/98/302 3939/97/301
f 3941/99/303 3912/67/275 3916/72/279
f 3916/72/279 3942/100/304 3941/99/303
f 3896/48/260 3912/67/275 3941/99/303
f 3941/99/303 3893/45/257 3896/48/260
f 3870/22/234 3869/21/233 3918/74/281
f 3918/74/281 3945/103/250 3870/22/234
f 3918/74/281 3861/13/226 3864/16/228
f 3864/16/228 3945/103/250 3918/74/281
f 3850/2/215 3944/102/305 3910/64/273
f 3910/64/273 3851/3/216 3850/2/215
f 3876/28/240 3875/27/832 3854/6/219
f 3854/6/219 3853/5/218 3876/28/240
f 3930/109/293 3913/110/276 3859/11/224
f 3859/11/224 3858/10/223 3930/109/293
f 3911/111/274 3933/90/296 3882/34/246
f 3882/34/246 3881/33/245 3911/111/274
f 3913/68/276 3872/24/236 3908/62/271
f 3908/62/271 3859/61/224 3913/68/276
f 3884/70/248 3876/28/240 3853/5/218
f 3853/5/218 3881/66/245 3884/70/248
f 3938/112/300 3852/4/217 3851/3/216
f 3851/3/216 3914/69/277 3938/112/300
f 3924/80/287 3951/113/311 3916/72/279
f 3916/72/279 3915/71/278 3924/80/287
f 3880/32/244 3879/114/243 3925/81/288
f 3925/81/288 3915/71/278 3880/32/244
f 3867/115/231 3883/35/247 3882/34/246
f 3882/34/246 3932/89/295 3867/115/231
f 3879/114/243 3930/109/293 3858/10/223
f 3858/10/223 3925/81/288 3879/114/243
f 3868/116/232 3867/115/231 3932/89/295
f 3932/89/295 3914/96/277 3868/116/232
f 3871/23/235 3944/102/305 3850/2/215
f 3850/2/215 3940/98/302 3871/23/235
f 3952/117/312 3855/7/220 3854/6/219
f 3854/6/219 3942/100/304 3952/117/312
f 3872/24/236 3871/23/235 3940/98/302
f 3940/98/302 3908/62/271 3872/24/236
f 3951/113/311 3952/117/312 3942/100/304
f 3942/100/304 3916/72/279 3951/113/311
f 3903/55/266 3937/94/299 3863/15/15
f 3863/15/15 3862/14/227 3903/55/266
f 3937/94/299 3950/108/310 3943/101/15
f 3943/101/15 3863/15/15 3937/94/299
f 3950/108/310 3936/93/298 3921/77/284
f 3921/77/284 3943/101/15 3950/108/310
f 3905/57/268 3904/56/267 3927/83/331
f 3927/83/331 3922/78/285 3905/57/268
f 3904/56/267 3947/105/307 3949/107/309
f 3949/107/309 3927/83/331 3904/56/267
f 3949/107/309 3947/105/307 3923/79/286
f 3923/79/286 3907/59/270 3949/107/309
