# Blender 4.5.0
# www.blender.org
g medium_wall.xml.113_Mesh
v -25.363953 -42.364677 -83.977921
v -24.955910 -34.641491 -83.998695
v -25.050419 -34.641487 -84.444160
v -25.240023 -42.364677 -84.523071
v -20.841852 -34.641487 -84.393814
v -20.751207 -34.641487 -84.006195
v -20.652248 -42.364677 -84.112762
v -20.652248 -42.364677 -84.523071
v -24.239271 -42.364674 -75.176018
v -23.976599 -34.641487 -75.248413
v -24.898445 -34.641487 -75.265701
v -25.088089 -42.364674 -75.210579
v -24.279249 -27.007504 -75.687714
v -24.139042 -27.007504 -75.645996
v -24.139042 -27.007504 -75.933861
v -24.279249 -27.007504 -75.933212
v -24.570557 -26.639565 -84.393280
v -23.713928 -26.639565 -84.393280
v -23.713928 -26.918293 -84.455399
v -24.708801 -26.918293 -84.455399
v -24.722818 -26.639561 -75.532257
v -24.722818 -26.639561 -75.888695
v -24.860815 -26.918293 -75.888054
v -24.860815 -26.918293 -75.471420
v -21.169455 -26.639565 -84.304405
v -21.169455 -26.639565 -83.899635
v -21.031458 -26.918293 -83.899635
v -21.031458 -26.918293 -84.365242
v -21.321716 -26.639561 -75.443390
v -22.178705 -26.639561 -75.443390
v -22.178705 -26.918293 -75.381271
v -21.183472 -26.918293 -75.381271
v -21.131430 -34.641487 -84.540741
v -21.916031 -34.641487 -84.540741
v -22.911741 -27.027370 -84.455399
v -21.183472 -26.918293 -84.455399
v -24.722820 -26.639565 -83.899635
v -24.421865 -26.516541 -83.899635
v -24.421865 -26.516541 -84.180725
v -24.722820 -26.639565 -84.304405
v -23.713926 -26.639561 -75.443390
v -23.713926 -26.516541 -75.578850
v -24.269686 -26.516541 -75.578850
v -24.570555 -26.639561 -75.443390
v -21.169455 -26.680557 -75.909569
v -21.470406 -26.557533 -75.908180
v -21.470406 -26.516541 -75.655945
v -21.169455 -26.639561 -75.532257
v -22.911741 -26.748642 -84.393280
v -22.911741 -26.625622 -84.257812
v -21.622587 -26.516541 -84.257812
v -21.321718 -26.639565 -84.393280
v -24.279249 -27.007504 -83.858376
v -24.279249 -27.007504 -84.147202
v -23.625935 -27.007504 -75.645996
v -21.630009 -27.048496 -75.949905
v -21.630009 -27.007504 -75.687714
v -22.960129 -27.116581 -84.188919
v -21.770216 -27.007504 -84.188919
v -25.050419 -34.641487 -75.362274
v -25.240023 -42.364674 -75.313591
v -24.860817 -26.918293 -84.365242
v -21.104647 -42.364674 -84.663780
v -21.031458 -26.918293 -75.471420
v -24.708801 -26.918293 -75.381271
v -24.898445 -34.641491 -84.540741
v -20.993826 -34.641487 -75.265701
v -20.841852 -34.641487 -75.362274
v -24.269688 -26.516541 -84.257812
v -24.421865 -26.516541 -75.655945
v -21.622587 -26.516541 -75.578850
v -21.470407 -26.516541 -84.180725
v -24.139042 -27.007504 -84.188919
v -21.770216 -27.007504 -75.645996
v -21.630009 -27.007504 -84.147202
v -20.804180 -42.364674 -75.210579
v -21.916031 -34.641487 -75.265701
v -21.653357 -42.364674 -75.210579
v -21.769554 -27.048496 -75.949265
v -22.283653 -27.048496 -75.946892
v -22.283653 -27.007504 -75.645996
v -23.713926 -26.918293 -75.381271
v -24.239273 -42.364677 -84.657387
v -23.976599 -34.641491 -84.540741
v -21.653358 -42.364674 -84.626083
v -22.178705 -26.516541 -75.578850
v -23.713928 -26.516541 -84.257812
v -23.625937 -27.007504 -84.188919
v -23.625935 -27.007504 -75.936226
v -25.088091 -42.364677 -84.626083
v -25.240023 -42.364674 -75.668137
v -25.050419 -34.641487 -75.778099
v -21.031458 -26.959286 -75.910210
v -20.887249 -34.641487 -76.071274
v -24.139042 -27.007504 -83.858376
v -24.860815 -26.918293 -83.899635
v -24.421865 -26.516541 -75.890083
v -21.470407 -26.516541 -83.899635
v -21.630009 -27.007504 -83.858376
v -22.960127 -27.116581 -83.858376
v -21.770031 -27.018986 -83.858376
v -23.625937 -27.007504 -83.858376
v -20.652246 -42.364674 -75.375114
v -20.743042 -42.364674 -76.232338
v -25.363953 -42.364674 -53.676018
v -24.955910 -34.641487 -53.696793
v -25.050419 -34.641483 -54.142258
v -25.240023 -42.364674 -54.221169
v -20.841852 -34.641483 -54.091904
v -20.751207 -34.641483 -53.704292
v -20.652248 -42.364674 -53.810852
v -20.652248 -42.364674 -54.221169
v -24.239271 -42.364670 -44.874115
v -23.976599 -34.641483 -44.946510
v -24.898445 -34.641483 -44.963791
v -25.088089 -42.364670 -44.908676
v -24.279249 -27.007500 -45.385811
v -24.139042 -27.007500 -45.344086
v -24.139042 -27.007500 -45.631950
v -24.279249 -27.007500 -45.631302
v -24.570557 -26.639561 -54.091377
v -23.713928 -26.639561 -54.091377
v -23.713928 -26.918289 -54.153488
v -24.708801 -26.918289 -54.153488
v -24.722818 -26.639557 -45.230354
v -24.722818 -26.639557 -45.586792
v -24.860815 -26.918289 -45.586151
v -24.860815 -26.918289 -45.169518
v -21.169455 -26.639561 -54.002502
v -21.169455 -26.639561 -53.597733
v -21.031458 -26.918289 -53.597733
v -21.031458 -26.918289 -54.063339
v -21.321716 -26.639557 -45.141479
v -22.178705 -26.639557 -45.141479
v -22.178705 -26.918289 -45.079369
v -21.183472 -26.918289 -45.079369
v -21.131430 -34.641483 -54.238838
v -21.916031 -34.641483 -54.238838
v -22.911741 -27.027367 -54.153488
v -21.183472 -26.918289 -54.153488
v -24.722820 -26.639561 -53.597733
v -24.421865 -26.516537 -53.597733
v -24.421865 -26.516537 -53.878822
v -24.722820 -26.639561 -54.002502
v -23.713926 -26.639557 -45.141479
v -23.713926 -26.516537 -45.276947
v -24.269686 -26.516537 -45.276947
v -24.570555 -26.639557 -45.141479
v -21.169455 -26.680553 -45.607666
v -21.470406 -26.557529 -45.606277
v -21.470406 -26.516537 -45.354042
v -21.169455 -26.639557 -45.230354
v -22.911741 -26.748638 -54.091377
v -22.911741 -26.625618 -53.955910
v -21.622587 -26.516537 -53.955910
v -21.321718 -26.639561 -54.091377
v -24.279249 -27.007500 -53.556473
v -24.279249 -27.007500 -53.845299
v -23.625935 -27.007500 -45.344086
v -21.630009 -27.048492 -45.648003
v -21.630009 -27.007500 -45.385811
v -22.960129 -27.116577 -53.887016
v -21.770216 -27.007500 -53.887016
v -25.050419 -34.641483 -45.060371
v -25.240023 -42.364670 -45.011688
v -24.860817 -26.918289 -54.063339
v -21.104647 -42.364670 -54.361877
v -21.031458 -26.918289 -45.169518
v -24.708801 -26.918289 -45.079369
v -24.898445 -34.641487 -54.238838
v -20.993826 -34.641483 -44.963791
v -20.841852 -34.641483 -45.060371
v -24.269688 -26.516537 -53.955910
v -24.421865 -26.516537 -45.354042
v -21.622587 -26.516537 -45.276947
v -21.470407 -26.516537 -53.878822
v -24.139042 -27.007500 -53.887016
v -21.770216 -27.007500 -45.344086
v -21.630009 -27.007500 -53.845299
v -20.804180 -42.364670 -44.908676
v -21.916031 -34.641483 -44.963791
v -21.653357 -42.364670 -44.908676
v -21.769554 -27.048492 -45.647362
v -22.283653 -27.048492 -45.644981
v -22.283653 -27.007500 -45.344086
v -23.713926 -26.918289 -45.079369
v -24.239273 -42.364674 -54.355484
v -23.976599 -34.641487 -54.238838
v -21.653358 -42.364670 -54.324181
v -22.178705 -26.516537 -45.276947
v -23.713928 -26.516537 -53.955910
v -23.625937 -27.007500 -53.887016
v -23.625935 -27.007500 -45.634323
v -25.088091 -42.364674 -54.324181
v -25.240023 -42.364670 -45.366234
v -25.050419 -34.641483 -45.476189
v -21.031458 -26.959282 -45.608307
v -20.887249 -34.641483 -45.769363
v -24.139042 -27.007500 -53.556473
v -24.860815 -26.918289 -53.597733
v -24.421865 -26.516537 -45.588181
v -21.470407 -26.516537 -53.597733
v -21.630009 -27.007500 -53.556473
v -22.960127 -27.116577 -53.556473
v -21.770031 -27.018982 -53.556473
v -23.625937 -27.007500 -53.556473
v -20.652246 -42.364670 -45.073212
v -20.743042 -42.364670 -45.930428
v -34.219826 -42.364571 -39.213440
v -34.240601 -34.641380 -39.621483
v -34.686062 -34.641380 -39.526978
v -34.764977 -42.364571 -39.337372
v -34.635712 -34.641380 -43.735542
v -34.248100 -34.641380 -43.826187
v -34.354660 -42.364571 -43.925148
v -34.764977 -42.364571 -43.925148
v -25.417919 -42.364571 -40.338127
v -25.490316 -34.641380 -40.600800
v -25.507599 -34.641380 -39.678947
v -25.452484 -42.364571 -39.489304
v -25.929613 -27.007397 -40.298149
v -25.887894 -27.007397 -40.438354
v -26.175758 -27.007397 -40.438354
v -26.175110 -27.007397 -40.298149
v -34.635181 -26.639458 -40.006844
v -34.635181 -26.639458 -40.863472
v -34.697296 -26.918186 -40.863472
v -34.697296 -26.918186 -39.868599
v -25.774160 -26.639458 -39.854576
v -26.130594 -26.639458 -39.854576
v -26.129957 -26.918186 -39.716583
v -25.713326 -26.918186 -39.716583
v -34.546310 -26.639458 -43.407944
v -34.141537 -26.639458 -43.407944
v -34.141537 -26.918186 -43.545937
v -34.607143 -26.918186 -43.545937
v -25.685287 -26.639458 -43.255684
v -25.685287 -26.639458 -42.398689
v -25.623173 -26.918186 -42.398689
v -25.623173 -26.918186 -43.393929
v -34.782642 -34.641380 -43.445969
v -34.782642 -34.641380 -42.661369
v -34.697296 -27.027264 -41.665657
v -34.697296 -26.918186 -43.393929
v -34.141537 -26.639458 -39.854576
v -34.141537 -26.516434 -40.155533
v -34.422626 -26.516434 -40.155533
v -34.546310 -26.639458 -39.854576
v -25.685287 -26.639454 -40.863472
v -25.820755 -26.516434 -40.863472
v -25.820755 -26.516434 -40.307709
v -25.685287 -26.639458 -40.006844
v -26.151470 -26.680450 -43.407944
v -26.150082 -26.557426 -43.106987
v -25.897844 -26.516434 -43.106987
v -25.774160 -26.639458 -43.407944
v -34.635181 -26.748535 -41.665657
v -34.499714 -26.625515 -41.665657
v -34.499714 -26.516434 -42.954811
v -34.635181 -26.639458 -43.255684
v -34.100277 -27.007397 -40.298149
v -34.389103 -27.007397 -40.298149
v -25.887894 -27.007397 -40.951462
v -26.191809 -27.048389 -42.947388
v -25.929613 -27.007397 -42.947388
v -34.430820 -27.116474 -41.617271
v -34.430820 -27.007397 -42.807182
v -25.604179 -34.641380 -39.526978
v -25.555492 -42.364571 -39.337372
v -34.607143 -26.918186 -39.716583
v -34.905682 -42.364567 -43.472748
v -25.713326 -26.918186 -43.545937
v -25.623173 -26.918186 -39.868599
v -34.782642 -34.641380 -39.678955
v -25.507599 -34.641380 -43.583572
v -25.604179 -34.641380 -43.735542
v -34.499718 -26.516434 -40.307709
v -25.897844 -26.516434 -40.155533
v -25.820755 -26.516434 -42.954811
v -34.422626 -26.516434 -43.106987
v -34.430820 -27.007397 -40.438354
v -25.887894 -27.007397 -42.807182
v -34.389103 -27.007397 -42.947388
v -25.452484 -42.364567 -43.773216
v -25.507599 -34.641380 -42.661369
v -25.452484 -42.364567 -42.924042
v -26.191164 -27.048389 -42.807846
v -26.188789 -27.048389 -42.293747
v -25.887894 -27.007397 -42.293747
v -25.623173 -26.918186 -40.863472
v -34.899292 -42.364571 -40.338127
v -34.782642 -34.641380 -40.600800
v -34.867985 -42.364567 -42.924034
v -25.820755 -26.516434 -42.398689
v -34.499718 -26.516434 -40.863472
v -34.430820 -27.007397 -40.951462
v -26.178129 -27.007397 -40.951462
v -34.867985 -42.364571 -39.489304
v -25.910038 -42.364571 -39.337372
v -26.019997 -34.641380 -39.526978
v -26.152109 -26.959179 -43.545937
v -26.313173 -34.641380 -43.690147
v -34.100277 -27.007397 -40.438354
v -34.141537 -26.918186 -39.716583
v -26.131987 -26.516434 -40.155533
v -34.141537 -26.516434 -43.106987
v -34.100277 -27.007397 -42.947388
v -34.100277 -27.116474 -41.617271
v -34.100277 -27.018879 -42.807365
v -34.100277 -27.007397 -40.951462
v -25.617020 -42.364571 -43.925148
v -26.474237 -42.364571 -43.834351
v -41.280674 -42.364567 -43.925148
v -41.259903 -34.641380 -43.517105
v -40.814438 -34.641380 -43.611610
v -40.735523 -42.364567 -43.801216
v -40.864788 -34.641380 -39.403046
v -41.252399 -34.641380 -39.312401
v -41.145836 -42.364567 -39.213440
v -40.735523 -42.364567 -39.213440
v -50.082581 -42.364571 -42.800468
v -50.010181 -34.641380 -42.537796
v -49.992901 -34.641384 -43.459641
v -50.048016 -42.364571 -43.649284
v -49.570889 -27.007397 -42.840446
v -49.612606 -27.007397 -42.700241
v -49.324741 -27.007397 -42.700241
v -49.325390 -27.007397 -42.840446
v -40.865318 -26.639454 -43.131752
v -40.865318 -26.639454 -42.275124
v -40.803204 -26.918186 -42.275124
v -40.803204 -26.918186 -43.269997
v -49.726341 -26.639458 -43.284012
v -49.369904 -26.639458 -43.284012
v -49.370544 -26.918186 -43.422012
v -49.787174 -26.918186 -43.422012
v -40.954193 -26.639454 -39.730652
v -41.358963 -26.639454 -39.730652
v -41.358963 -26.918186 -39.592651
v -40.893356 -26.918186 -39.592651
v -49.815212 -26.639458 -39.882912
v -49.815212 -26.639458 -40.739899
v -49.877327 -26.918186 -40.739899
v -49.877327 -26.918186 -39.744667
v -40.717857 -34.641380 -39.692627
v -40.717857 -34.641380 -40.477226
v -40.803204 -27.027264 -41.472939
v -40.803204 -26.918186 -39.744667
v -41.358963 -26.639454 -43.284012
v -41.358963 -26.516434 -42.983063
v -41.077873 -26.516434 -42.983063
v -40.954193 -26.639454 -43.284012
v -49.815212 -26.639454 -42.275124
v -49.679745 -26.516434 -42.275124
v -49.679745 -26.516434 -42.830879
v -49.815212 -26.639458 -43.131752
v -49.349030 -26.680450 -39.730652
v -49.350418 -26.557430 -40.031601
v -49.602657 -26.516434 -40.031601
v -49.726341 -26.639458 -39.730652
v -40.865318 -26.748535 -41.472939
v -41.000786 -26.625515 -41.472939
v -41.000786 -26.516434 -40.183784
v -40.865318 -26.639454 -39.882912
v -41.400223 -27.007397 -42.840446
v -41.111397 -27.007397 -42.840446
v -49.612606 -27.007397 -42.187134
v -49.308693 -27.048389 -40.191208
v -49.570889 -27.007397 -40.191208
v -41.069679 -27.116474 -41.521324
v -41.069679 -27.007397 -40.331413
v -49.896320 -34.641384 -43.611618
v -49.945007 -42.364571 -43.801216
v -40.893356 -26.918186 -43.422012
v -40.594818 -42.364567 -39.665840
v -49.787174 -26.918186 -39.592651
v -49.877327 -26.918186 -43.269997
v -40.717857 -34.641380 -43.459641
v -49.992901 -34.641380 -39.555023
v -49.896320 -34.641380 -39.403046
v -41.000786 -26.516434 -42.830879
v -49.602657 -26.516434 -42.983063
v -49.679745 -26.516434 -40.183784
v -41.077873 -26.516434 -40.031601
v -41.069679 -27.007397 -42.700241
v -49.612606 -27.007397 -40.331413
v -41.111397 -27.007397 -40.191200
v -50.048016 -42.364567 -39.365379
v -49.992901 -34.641380 -40.477226
v -50.048016 -42.364567 -40.214554
v -49.309338 -27.048389 -40.330750
v -49.311710 -27.048389 -40.844849
v -49.612606 -27.007397 -40.844849
v -49.877327 -26.918186 -42.275124
v -40.601208 -42.364567 -42.800468
v -40.717857 -34.641380 -42.537796
v -40.632515 -42.364567 -40.214554
v -49.679745 -26.516434 -40.739899
v -41.000786 -26.516434 -42.275124
v -41.069679 -27.007397 -42.187134
v -49.322372 -27.007397 -42.187134
v -40.632515 -42.364567 -43.649284
v -49.590462 -42.364571 -43.801216
v -49.480503 -34.641384 -43.611618
v -49.348392 -26.959179 -39.592651
v -49.187328 -34.641380 -39.448448
v -41.400223 -27.007397 -42.700241
v -41.358963 -26.918186 -43.422012
v -49.368515 -26.516434 -42.983063
v -41.358963 -26.516434 -40.031601
v -41.400223 -27.007397 -40.191200
v -41.400223 -27.116474 -41.521324
v -41.400223 -27.018875 -40.331223
v -41.400223 -27.007397 -42.187134
v -49.883480 -42.364571 -39.213440
v -49.026260 -42.364571 -39.304237
v -64.515427 -42.364571 -39.213440
v -64.536201 -34.641380 -39.621483
v -64.981659 -34.641380 -39.526978
v -65.060577 -42.364571 -39.337372
v -64.931313 -34.641380 -43.735542
v -64.543701 -34.641380 -43.826187
v -64.650261 -42.364571 -43.925148
v -65.060577 -42.364571 -43.925148
v -55.713520 -42.364571 -40.338127
v -55.785919 -34.641380 -40.600800
v -55.803200 -34.641380 -39.678947
v -55.748085 -42.364571 -39.489304
v -56.225212 -27.007397 -40.298149
v -56.183495 -27.007397 -40.438354
v -56.471359 -27.007397 -40.438354
v -56.470711 -27.007397 -40.298149
v -64.930779 -26.639458 -40.006844
v -64.930779 -26.639458 -40.863472
v -64.992897 -26.918186 -40.863472
v -64.992897 -26.918186 -39.868599
v -56.069763 -26.639458 -39.854576
v -56.426197 -26.639458 -39.854576
v -56.425560 -26.918186 -39.716583
v -56.008926 -26.918186 -39.716583
v -64.841911 -26.639458 -43.407944
v -64.437134 -26.639458 -43.407944
v -64.437134 -26.918186 -43.545937
v -64.902748 -26.918186 -43.545937
v -55.980888 -26.639458 -43.255684
v -55.980888 -26.639458 -42.398689
v -55.918774 -26.918186 -42.398689
v -55.918774 -26.918186 -43.393929
v -65.078239 -34.641380 -43.445969
v -65.078239 -34.641380 -42.661369
v -64.992897 -27.027264 -41.665657
v -64.992897 -26.918186 -43.393929
v -64.437134 -26.639458 -39.854576
v -64.437134 -26.516434 -40.155533
v -64.718231 -26.516434 -40.155533
v -64.841911 -26.639458 -39.854576
v -55.980888 -26.639454 -40.863472
v -56.116356 -26.516434 -40.863472
v -56.116356 -26.516434 -40.307709
v -55.980888 -26.639458 -40.006844
v -56.447071 -26.680450 -43.407944
v -56.445683 -26.557426 -43.106987
v -56.193443 -26.516434 -43.106987
v -56.069763 -26.639458 -43.407944
v -64.930779 -26.748535 -41.665657
v -64.795319 -26.625515 -41.665657
v -64.795319 -26.516434 -42.954811
v -64.930779 -26.639458 -43.255684
v -64.395882 -27.007397 -40.298149
v -64.684708 -27.007397 -40.298149
v -56.183495 -27.007397 -40.951462
v -56.487411 -27.048389 -42.947388
v -56.225212 -27.007397 -42.947388
v -64.726425 -27.116474 -41.617271
v -64.726425 -27.007397 -42.807182
v -55.899780 -34.641380 -39.526978
v -55.851093 -42.364571 -39.337372
v -64.902748 -26.918186 -39.716583
v -65.201286 -42.364567 -43.472748
v -56.008926 -26.918186 -43.545937
v -55.918774 -26.918186 -39.868599
v -65.078239 -34.641380 -39.678955
v -55.803200 -34.641380 -43.583572
v -55.899780 -34.641380 -43.735542
v -64.795319 -26.516434 -40.307709
v -56.193443 -26.516434 -40.155533
v -56.116356 -26.516434 -42.954811
v -64.718231 -26.516434 -43.106987
v -64.726425 -27.007397 -40.438354
v -56.183495 -27.007397 -42.807182
v -64.684708 -27.007397 -42.947388
v -55.748085 -42.364567 -43.773216
v -55.803200 -34.641380 -42.661369
v -55.748085 -42.364567 -42.924042
v -56.486763 -27.048389 -42.807846
v -56.484390 -27.048389 -42.293747
v -56.183495 -27.007397 -42.293747
v -55.918774 -26.918186 -40.863472
v -65.194893 -42.364571 -40.338127
v -65.078239 -34.641380 -40.600800
v -65.163589 -42.364567 -42.924034
v -56.116356 -26.516434 -42.398689
v -64.795319 -26.516434 -40.863472
v -64.726425 -27.007397 -40.951462
v -56.473728 -27.007397 -40.951462
v -65.163589 -42.364571 -39.489304
v -56.205639 -42.364571 -39.337372
v -56.315598 -34.641380 -39.526978
v -56.447708 -26.959179 -43.545937
v -56.608772 -34.641380 -43.690147
v -64.395882 -27.007397 -40.438354
v -64.437134 -26.918186 -39.716583
v -56.427586 -26.516434 -40.155533
v -64.437134 -26.516434 -43.106987
v -64.395882 -27.007397 -42.947388
v -64.395882 -27.116474 -41.617271
v -64.395882 -27.018879 -42.807365
v -64.395882 -27.007397 -40.951462
v -55.912621 -42.364571 -43.925148
v -56.769836 -42.364571 -43.834351
v -35.419849 -42.367470 -60.491379
v -35.827892 -34.644283 -60.468895
v -35.733383 -34.644283 -59.986687
v -35.543777 -42.367470 -59.901260
v -39.941948 -34.644283 -60.041191
v -40.032593 -34.644283 -60.460770
v -40.131554 -42.367470 -60.345421
v -40.131554 -42.367470 -59.901260
v -36.544529 -42.367474 -70.019249
v -36.807201 -34.644283 -69.940880
v -35.885353 -34.644287 -69.922173
v -35.695709 -42.367474 -69.981834
v -36.504551 -27.010300 -69.465347
v -36.644756 -27.010300 -69.510513
v -36.644756 -27.010300 -69.198906
v -36.504551 -27.010300 -69.199608
v -36.213245 -26.642357 -60.041763
v -37.069874 -26.642357 -60.041763
v -37.069874 -26.921089 -59.974525
v -36.075001 -26.921089 -59.974525
v -36.060982 -26.642361 -69.633621
v -36.060982 -26.642361 -69.247795
v -35.922985 -26.921089 -69.248482
v -35.922985 -26.921089 -69.699478
v -39.614346 -26.642357 -60.137970
v -39.614346 -26.642357 -60.576126
v -39.752342 -26.921089 -60.576126
v -39.752342 -26.921089 -60.072113
v -39.462082 -26.642361 -69.729828
v -38.605095 -26.642361 -69.729828
v -38.605095 -26.921089 -69.797066
v -39.600327 -26.921089 -69.797066
v -39.652370 -34.644283 -59.882141
v -38.867771 -34.644283 -59.882141
v -37.872059 -27.030167 -59.974525
v -39.600330 -26.921089 -59.974525
v -36.060982 -26.642357 -60.576126
v -36.361935 -26.519337 -60.576126
v -36.361935 -26.519337 -60.271851
v -36.060982 -26.642357 -60.137970
v -37.069874 -26.642357 -69.729828
v -37.069874 -26.519337 -69.583191
v -36.514114 -26.519337 -69.583191
v -36.213245 -26.642361 -69.729828
v -39.614346 -26.683353 -69.225197
v -39.313393 -26.560333 -69.226700
v -39.313393 -26.519337 -69.499741
v -39.614346 -26.642361 -69.633621
v -37.872059 -26.751438 -60.041763
v -37.872059 -26.628418 -60.188408
v -39.161213 -26.519337 -60.188408
v -39.462082 -26.642357 -60.041763
v -36.504551 -27.010300 -60.620789
v -36.504551 -27.010300 -60.308144
v -37.157864 -27.010300 -69.510513
v -39.153793 -27.051292 -69.181526
v -39.153793 -27.010300 -69.465347
v -37.823673 -27.119377 -60.262978
v -39.013584 -27.010300 -60.262978
v -35.733379 -34.644287 -69.817627
v -35.543777 -42.367474 -69.870331
v -35.922985 -26.921089 -60.072113
v -39.679153 -42.367470 -59.748955
v -39.752342 -26.921089 -69.699478
v -36.074997 -26.921089 -69.797066
v -35.885357 -34.644283 -59.882141
v -39.789974 -34.644283 -69.922173
v -39.941948 -34.644283 -69.817627
v -36.514114 -26.519337 -60.188408
v -36.361935 -26.519337 -69.499741
v -39.161213 -26.519337 -69.583191
v -39.313393 -26.519337 -60.271851
v -36.644760 -27.010300 -60.262978
v -39.013584 -27.010300 -69.510513
v -39.153793 -27.010300 -60.308144
v -39.979618 -42.367470 -69.981834
v -38.867767 -34.644283 -69.922173
v -39.130444 -42.367470 -69.981834
v -39.014244 -27.051292 -69.182228
v -38.500145 -27.051292 -69.184799
v -38.500145 -27.010300 -69.510513
v -37.069874 -26.921089 -69.797066
v -36.544529 -42.367470 -59.755875
v -36.807201 -34.644283 -59.882141
v -39.130444 -42.367470 -59.789757
v -38.605095 -26.519337 -69.583191
v -37.069874 -26.519337 -60.188408
v -37.157864 -27.010300 -60.262978
v -37.157864 -27.010300 -69.196335
v -35.695709 -42.367470 -59.789757
v -35.543777 -42.367474 -69.486542
v -35.733379 -34.644287 -69.367508
v -39.752342 -26.962082 -69.224503
v -39.896549 -34.644283 -69.050156
v -36.644760 -27.010300 -60.620789
v -35.922985 -26.921089 -60.576126
v -36.361935 -26.519337 -69.246284
v -39.313393 -26.519337 -60.576126
v -39.153793 -27.010300 -60.620789
v -37.823673 -27.119377 -60.620789
v -39.013771 -27.021778 -60.620789
v -37.157864 -27.010300 -60.620789
v -40.131554 -42.367474 -69.803726
v -40.040756 -42.367474 -68.875809
v -25.988876 -42.366169 -74.968147
v -25.968102 -34.642982 -74.560104
v -25.522640 -34.642982 -74.654617
v -25.443722 -42.366169 -74.844215
v -25.572987 -34.642982 -70.446045
v -25.960602 -34.642982 -70.355400
v -25.854038 -42.366169 -70.256447
v -25.443722 -42.366169 -70.256447
v -34.790779 -42.366173 -73.843468
v -34.718384 -34.642982 -73.580795
v -34.701099 -34.642986 -74.502640
v -34.756218 -42.366173 -74.692284
v -34.279087 -27.008999 -73.883446
v -34.320808 -27.008999 -73.743240
v -34.032944 -27.008999 -73.743240
v -34.033592 -27.008999 -73.883446
v -25.573521 -26.641056 -74.174751
v -25.573521 -26.641056 -73.318123
v -25.511404 -26.919788 -73.318123
v -25.511404 -26.919788 -74.312996
v -34.434540 -26.641060 -74.327019
v -34.078106 -26.641060 -74.327019
v -34.078743 -26.919788 -74.465012
v -34.495377 -26.919788 -74.465012
v -25.662392 -26.641056 -70.773651
v -26.067165 -26.641056 -70.773651
v -26.067165 -26.919788 -70.635658
v -25.601557 -26.919788 -70.635658
v -34.523415 -26.641060 -70.925911
v -34.523415 -26.641060 -71.782906
v -34.585526 -26.919788 -71.782906
v -34.585526 -26.919788 -70.787666
v -25.426060 -34.642982 -70.735626
v -25.426060 -34.642982 -71.520226
v -25.511404 -27.028866 -72.515938
v -25.511404 -26.919788 -70.787666
v -26.067165 -26.641056 -74.327019
v -26.067165 -26.518036 -74.026062
v -25.786074 -26.518036 -74.026062
v -25.662392 -26.641056 -74.327019
v -34.523415 -26.641056 -73.318123
v -34.387947 -26.518036 -73.318123
v -34.387947 -26.518036 -73.873886
v -34.523415 -26.641060 -74.174751
v -34.057228 -26.682053 -70.773651
v -34.058620 -26.559032 -71.074600
v -34.310856 -26.518036 -71.074600
v -34.434540 -26.641060 -70.773651
v -25.573521 -26.750137 -72.515938
v -25.708984 -26.627117 -72.515938
v -25.708984 -26.518036 -71.226784
v -25.573521 -26.641056 -70.925911
v -26.108423 -27.008999 -73.883446
v -25.819597 -27.008999 -73.883446
v -34.320808 -27.008999 -73.230133
v -34.016891 -27.049992 -71.234207
v -34.279087 -27.008999 -71.234207
v -25.777880 -27.118076 -72.564323
v -25.777880 -27.008999 -71.374413
v -34.604523 -34.642986 -74.654617
v -34.653206 -42.366173 -74.844215
v -25.601557 -26.919788 -74.465012
v -25.303017 -42.366169 -70.708839
v -34.495377 -26.919788 -70.635658
v -34.585526 -26.919788 -74.312996
v -25.426060 -34.642982 -74.502640
v -34.701099 -34.642982 -70.598022
v -34.604523 -34.642982 -70.446053
v -25.708984 -26.518036 -73.873886
v -34.310856 -26.518036 -74.026062
v -34.387947 -26.518036 -71.226784
v -25.786074 -26.518036 -71.074600
v -25.777880 -27.008999 -73.743240
v -34.320808 -27.008999 -71.374413
v -25.819597 -27.008999 -71.234207
v -34.756218 -42.366169 -70.408379
v -34.701099 -34.642982 -71.520226
v -34.756218 -42.366169 -71.257553
v -34.017536 -27.049992 -71.373749
v -34.019913 -27.049992 -71.887848
v -34.320808 -27.008999 -71.887848
v -34.585526 -26.919788 -73.318123
v -25.309410 -42.366169 -73.843468
v -25.426060 -34.642982 -73.580795
v -25.340714 -42.366169 -71.257553
v -34.387947 -26.518036 -71.782906
v -25.708984 -26.518036 -73.318123
v -25.777880 -27.008999 -73.230133
v -34.030571 -27.008999 -73.230133
v -25.340714 -42.366169 -74.692284
v -34.298660 -42.366173 -74.844215
v -34.188702 -34.642986 -74.654617
v -34.056591 -26.960781 -70.635658
v -33.895527 -34.642982 -70.491447
v -26.108423 -27.008999 -73.743240
v -26.067165 -26.919788 -74.465012
v -34.076714 -26.518036 -74.026062
v -26.067165 -26.518036 -71.074600
v -26.108423 -27.008999 -71.234207
v -26.108423 -27.118076 -72.564323
v -26.108423 -27.020477 -71.374229
v -26.108423 -27.008999 -73.230133
v -34.591682 -42.366173 -70.256447
v -33.734463 -42.366173 -70.347237
v -25.988876 -42.366169 -59.583847
v -25.968102 -34.642982 -59.175804
v -25.522640 -34.642982 -59.270309
v -25.443722 -42.366169 -59.459915
v -25.572987 -34.642982 -55.061745
v -25.960602 -34.642982 -54.971100
v -25.854038 -42.366169 -54.872139
v -25.443722 -42.366169 -54.872139
v -34.790779 -42.366173 -58.459167
v -34.718384 -34.642982 -58.196495
v -34.701099 -34.642986 -59.118340
v -34.756218 -42.366173 -59.307983
v -34.279087 -27.008999 -58.499146
v -34.320808 -27.008999 -58.358940
v -34.032944 -27.008999 -58.358940
v -34.033592 -27.008999 -58.499146
v -25.573521 -26.641056 -58.790451
v -25.573521 -26.641056 -57.933823
v -25.511404 -26.919788 -57.933823
v -25.511404 -26.919788 -58.928696
v -34.434540 -26.641060 -58.942711
v -34.078106 -26.641060 -58.942711
v -34.078743 -26.919788 -59.080711
v -34.495377 -26.919788 -59.080711
v -25.662392 -26.641056 -55.389351
v -26.067165 -26.641056 -55.389351
v -26.067165 -26.919788 -55.251350
v -25.601557 -26.919788 -55.251350
v -34.523415 -26.641060 -55.541611
v -34.523415 -26.641060 -56.398598
v -34.585526 -26.919788 -56.398598
v -34.585526 -26.919788 -55.403366
v -25.426060 -34.642982 -55.351326
v -25.426060 -34.642982 -56.135925
v -25.511404 -27.028866 -57.131638
v -25.511404 -26.919788 -55.403366
v -26.067165 -26.641056 -58.942711
v -26.067165 -26.518036 -58.641762
v -25.786074 -26.518036 -58.641762
v -25.662392 -26.641056 -58.942711
v -34.523415 -26.641056 -57.933823
v -34.387947 -26.518036 -57.933823
v -34.387947 -26.518036 -58.489578
v -34.523415 -26.641060 -58.790451
v -34.057228 -26.682053 -55.389351
v -34.058620 -26.559032 -55.690300
v -34.310856 -26.518036 -55.690300
v -34.434540 -26.641060 -55.389351
v -25.573521 -26.750137 -57.131638
v -25.708984 -26.627117 -57.131638
v -25.708984 -26.518036 -55.842484
v -25.573521 -26.641056 -55.541611
v -26.108423 -27.008999 -58.499146
v -25.819597 -27.008999 -58.499146
v -34.320808 -27.008999 -57.845833
v -34.016891 -27.049992 -55.849907
v -34.279087 -27.008999 -55.849907
v -25.777880 -27.118076 -57.180023
v -25.777880 -27.008999 -55.990112
v -34.604523 -34.642986 -59.270317
v -34.653206 -42.366173 -59.459915
v -25.601557 -26.919788 -59.080711
v -25.303017 -42.366169 -55.324539
v -34.495377 -26.919788 -55.251350
v -34.585526 -26.919788 -58.928696
v -25.426060 -34.642982 -59.118340
v -34.701099 -34.642982 -55.213722
v -34.604523 -34.642982 -55.061745
v -25.708984 -26.518036 -58.489578
v -34.310856 -26.518036 -58.641762
v -34.387947 -26.518036 -55.842484
v -25.786074 -26.518036 -55.690300
v -25.777880 -27.008999 -58.358940
v -34.320808 -27.008999 -55.990112
v -25.819597 -27.008999 -55.849899
v -34.756218 -42.366169 -55.024078
v -34.701099 -34.642982 -56.135925
v -34.756218 -42.366169 -55.873253
v -34.017536 -27.049992 -55.989449
v -34.019913 -27.049992 -56.503548
v -34.320808 -27.008999 -56.503548
v -34.585526 -26.919788 -57.933823
v -25.309410 -42.366169 -58.459167
v -25.426060 -34.642982 -58.196495
v -25.340714 -42.366169 -55.873253
v -34.387947 -26.518036 -56.398598
v -25.708984 -26.518036 -57.933823
v -25.777880 -27.008999 -57.845833
v -34.030571 -27.008999 -57.845833
v -25.340714 -42.366169 -59.307983
v -34.298660 -42.366173 -59.459915
v -34.188702 -34.642986 -59.270317
v -34.056591 -26.960781 -55.251350
v -33.895527 -34.642982 -55.107147
v -26.108423 -27.008999 -58.358940
v -26.067165 -26.919788 -59.080711
v -34.076714 -26.518036 -58.641762
v -26.067165 -26.518036 -55.690300
v -26.108423 -27.008999 -55.849899
v -26.108423 -27.118076 -57.180023
v -26.108423 -27.020477 -55.989922
v -26.108423 -27.008999 -57.845833
v -34.591682 -42.366173 -54.872139
v -33.734463 -42.366173 -54.962936
v -17.538153 -53.162674 -76.112915
v -17.130110 -46.671734 -76.134506
v -17.224619 -46.671730 -76.597488
v -17.414223 -53.162674 -76.679504
v -13.016052 -46.671730 -76.545158
v -12.925407 -46.671730 -76.142303
v -12.826447 -53.162674 -76.253052
v -12.826447 -53.162674 -76.679504
v -16.413471 -53.162674 -66.964859
v -16.150799 -46.671730 -67.040100
v -17.072645 -46.671734 -67.058067
v -17.262289 -53.162674 -67.000778
v -16.453449 -40.255760 -67.496674
v -16.313240 -40.255760 -67.453316
v -16.313240 -40.255760 -67.752502
v -16.453449 -40.255760 -67.751831
v -16.744755 -39.946526 -76.544609
v -15.888126 -39.946526 -76.544609
v -15.888126 -40.180786 -76.609161
v -16.882999 -40.180786 -76.609161
v -16.897018 -39.946526 -67.335114
v -16.897018 -39.946526 -67.705559
v -17.035015 -40.180782 -67.704903
v -17.035015 -40.180782 -67.271881
v -13.343653 -39.946526 -76.452240
v -13.343653 -39.946526 -76.031548
v -13.205658 -40.180786 -76.031548
v -13.205658 -40.180786 -76.515465
v -13.495914 -39.946526 -67.242744
v -14.352905 -39.946526 -67.242744
v -14.352905 -40.180782 -67.178185
v -13.357670 -40.180782 -67.178185
v -13.305630 -46.671730 -76.697868
v -14.090229 -46.671730 -76.697868
v -15.085941 -40.272461 -76.609161
v -13.357670 -40.180786 -76.609161
v -16.897018 -39.946526 -76.031548
v -16.596066 -39.843132 -76.031548
v -16.596066 -39.843132 -76.323692
v -16.897018 -39.946526 -76.452240
v -15.888126 -39.946526 -67.242744
v -15.888126 -39.843132 -67.383537
v -16.443886 -39.843132 -67.383537
v -16.744755 -39.946526 -67.242744
v -13.343655 -39.980976 -67.727257
v -13.644606 -39.877586 -67.725815
v -13.644606 -39.843132 -67.463661
v -13.343655 -39.946526 -67.335114
v -15.085941 -40.038200 -76.544609
v -15.085941 -39.934807 -76.403816
v -13.796785 -39.843132 -76.403816
v -13.495916 -39.946526 -76.544609
v -16.453449 -40.255760 -75.988670
v -16.453449 -40.255760 -76.288849
v -15.800135 -40.255760 -67.453316
v -13.804207 -40.290211 -67.769180
v -13.804207 -40.255760 -67.496674
v -15.134327 -40.347435 -76.332214
v -13.944416 -40.255760 -76.332214
v -17.224617 -46.671734 -67.158447
v -17.414221 -53.162674 -67.107841
v -17.035015 -40.180786 -76.515465
v -13.278847 -53.162674 -76.825745
v -13.205658 -40.180782 -67.271881
v -16.882999 -40.180782 -67.178185
v -17.072645 -46.671734 -76.697868
v -13.168024 -46.671730 -67.058067
v -13.016052 -46.671730 -67.158447
v -16.443886 -39.843132 -76.403816
v -16.596066 -39.843132 -67.463661
v -13.796787 -39.843132 -67.383537
v -13.644606 -39.843132 -76.323692
v -16.313242 -40.255760 -76.332214
v -13.944414 -40.255760 -67.453316
v -13.804207 -40.255760 -76.288849
v -12.978378 -53.162670 -67.000778
v -14.090229 -46.671730 -67.058067
v -13.827557 -53.162670 -67.000778
v -13.943752 -40.290211 -67.768517
v -14.457851 -40.290211 -67.766045
v -14.457851 -40.255760 -67.453316
v -15.888126 -40.180782 -67.178185
v -16.413471 -53.162674 -76.819099
v -16.150799 -46.671734 -76.697868
v -13.827557 -53.162674 -76.786568
v -14.352905 -39.843132 -67.383537
v -15.888126 -39.843132 -76.403816
v -15.800137 -40.255760 -76.332214
v -15.800135 -40.255760 -67.754967
v -17.262289 -53.162674 -76.786568
v -17.414221 -53.162674 -67.476334
v -17.224617 -46.671734 -67.590614
v -13.205658 -40.215237 -67.727921
v -13.061447 -46.671730 -67.895317
v -16.313242 -40.255760 -75.988670
v -17.035015 -40.180786 -76.031548
v -16.596066 -39.843132 -67.707008
v -13.644606 -39.843132 -76.031548
v -13.804207 -40.255760 -75.988670
v -15.134327 -40.347435 -75.988670
v -13.944229 -40.265411 -75.988670
v -15.800137 -40.255760 -75.988670
v -12.826447 -53.162674 -67.171791
v -12.917242 -53.162674 -68.062721
v -12.826447 -53.162529 -52.882004
v -13.234489 -46.671631 -52.860756
v -13.139980 -46.671631 -52.405075
v -12.950378 -53.162529 -52.324348
v -17.348549 -46.671631 -52.456573
v -17.439194 -46.671631 -52.853081
v -17.538153 -53.162529 -52.744072
v -17.538153 -53.162529 -52.324348
v -13.951128 -53.162529 -61.885773
v -14.213800 -46.671631 -61.811714
v -13.291954 -46.671631 -61.794037
v -13.102310 -53.162529 -61.850418
v -13.911150 -40.255703 -61.362343
v -14.051357 -40.255703 -61.405022
v -14.051357 -40.255703 -61.110558
v -13.911150 -40.255703 -61.111214
v -13.619844 -39.946472 -52.457123
v -14.476473 -39.946472 -52.457123
v -14.476473 -40.180729 -52.393578
v -13.481600 -40.180729 -52.393578
v -13.467581 -39.946472 -61.521362
v -13.467581 -39.946472 -61.156754
v -13.329584 -40.180729 -61.157402
v -13.329584 -40.180729 -61.583595
v -17.020947 -39.946472 -52.548035
v -17.020947 -39.946472 -52.962090
v -17.158943 -40.180729 -52.962090
v -17.158943 -40.180729 -52.485802
v -16.868683 -39.946472 -61.612274
v -16.011694 -39.946472 -61.612274
v -16.011694 -40.180729 -61.675812
v -17.006927 -40.180729 -61.675812
v -17.058971 -46.671631 -52.306282
v -16.274370 -46.671631 -52.306282
v -15.278660 -40.272404 -52.393578
v -17.006929 -40.180729 -52.393578
v -13.467583 -39.946472 -52.962090
v -13.768536 -39.843079 -52.962090
v -13.768536 -39.843079 -52.674553
v -13.467583 -39.946472 -52.548035
v -14.476473 -39.946472 -61.612274
v -14.476473 -39.843079 -61.473701
v -13.920713 -39.843079 -61.473701
v -13.619844 -39.946472 -61.612274
v -17.020945 -39.980927 -61.135399
v -16.719994 -39.877533 -61.136818
v -16.719994 -39.843079 -61.394844
v -17.020945 -39.946472 -61.521362
v -15.278660 -40.038147 -52.457123
v -15.278660 -39.934753 -52.595695
v -16.567814 -39.843079 -52.595695
v -16.868683 -39.946472 -52.457123
v -13.911152 -40.255703 -53.004288
v -13.911152 -40.255703 -52.708839
v -14.564465 -40.255703 -61.405022
v -16.560392 -40.290157 -61.094131
v -16.560392 -40.255703 -61.362343
v -15.230274 -40.347378 -52.666168
v -16.420185 -40.255703 -52.666168
v -13.139980 -46.671631 -61.695244
v -12.950378 -53.162529 -61.745041
v -13.329586 -40.180729 -52.485802
v -17.085754 -53.162525 -52.180412
v -17.158941 -40.180729 -61.583595
v -13.481598 -40.180729 -61.675812
v -13.291954 -46.671631 -52.306282
v -17.196575 -46.671631 -61.794037
v -17.348547 -46.671631 -61.695244
v -13.920715 -39.843079 -52.595695
v -13.768534 -39.843079 -61.394844
v -16.567812 -39.843079 -61.473701
v -16.719994 -39.843079 -52.674553
v -14.051357 -40.255703 -52.666168
v -16.420185 -40.255703 -61.405022
v -16.560392 -40.255703 -52.708839
v -17.386219 -53.162529 -61.850418
v -16.274368 -46.671631 -61.794037
v -16.537043 -53.162529 -61.850418
v -16.420845 -40.290157 -61.094795
v -15.906746 -40.290157 -61.097221
v -15.906746 -40.255703 -61.405022
v -14.476473 -40.180729 -61.675812
v -13.951128 -53.162529 -52.186951
v -14.213802 -46.671631 -52.306282
v -16.537043 -53.162525 -52.218979
v -16.011694 -39.843079 -61.473701
v -14.476473 -39.843079 -52.595695
v -14.564465 -40.255703 -52.666168
v -14.564465 -40.255703 -61.108131
v -13.102310 -53.162529 -52.218979
v -12.950378 -53.162529 -61.382370
v -13.139980 -46.671631 -61.269890
v -17.158941 -40.215179 -61.134743
v -17.303150 -46.671631 -60.969986
v -14.051357 -40.255703 -53.004288
v -13.329586 -40.180729 -52.962090
v -13.768534 -39.843079 -61.155327
v -16.719994 -39.843079 -52.962090
v -16.560392 -40.255703 -53.004288
v -15.230274 -40.347378 -53.004288
v -16.420370 -40.265354 -53.004288
v -14.564465 -40.255703 -53.004288
v -17.538153 -53.162529 -61.682106
v -17.447357 -53.162529 -60.805229
v -17.538153 -53.162628 -45.838013
v -17.130110 -46.671730 -45.858795
v -17.224619 -46.671730 -46.304253
v -17.414223 -53.162628 -46.383171
v -13.016052 -46.671730 -46.253906
v -12.925407 -46.671730 -45.866295
v -12.826447 -53.162628 -45.972855
v -12.826447 -53.162628 -46.383171
v -16.413471 -53.162628 -37.036110
v -16.150799 -46.671730 -37.108513
v -17.072645 -46.671730 -37.125793
v -17.262289 -53.162628 -37.070679
v -16.453449 -40.255802 -37.547806
v -16.313240 -40.255802 -37.506088
v -16.313240 -40.255802 -37.793953
v -16.453449 -40.255802 -37.793304
v -16.744755 -39.946571 -46.253372
v -15.888126 -39.946571 -46.253372
v -15.888126 -40.180828 -46.315491
v -16.882999 -40.180828 -46.315491
v -16.897018 -39.946571 -37.392357
v -16.897018 -39.946571 -37.748787
v -17.035015 -40.180828 -37.748154
v -17.035015 -40.180828 -37.331520
v -13.343653 -39.946571 -46.164505
v -13.343653 -39.946571 -45.759727
v -13.205658 -40.180828 -45.759727
v -13.205658 -40.180828 -46.225334
v -13.495916 -39.946571 -37.303482
v -14.352905 -39.946571 -37.303482
v -14.352905 -40.180828 -37.241364
v -13.357670 -40.180828 -37.241364
v -13.305630 -46.671730 -46.400833
v -14.090229 -46.671730 -46.400833
v -15.085941 -40.272503 -46.315491
v -13.357670 -40.180828 -46.315491
v -16.897018 -39.946571 -45.759727
v -16.596066 -39.843178 -45.759727
v -16.596066 -39.843178 -46.040817
v -16.897018 -39.946571 -46.164505
v -15.888126 -39.946568 -37.303482
v -15.888126 -39.843178 -37.438950
v -16.443886 -39.843178 -37.438950
v -16.744755 -39.946571 -37.303482
v -13.343655 -39.981022 -37.769661
v -13.644606 -39.877632 -37.768272
v -13.644606 -39.843178 -37.516037
v -13.343655 -39.946571 -37.392357
v -15.085941 -40.038246 -46.253372
v -15.085941 -39.934853 -46.117912
v -13.796785 -39.843178 -46.117912
v -13.495916 -39.946571 -46.253372
v -16.453449 -40.255802 -45.718475
v -16.453449 -40.255802 -46.007294
v -15.800135 -40.255802 -37.506088
v -13.804207 -40.290257 -37.810005
v -13.804207 -40.255802 -37.547806
v -15.134327 -40.347477 -46.049011
v -13.944416 -40.255802 -46.049011
v -17.224617 -46.671730 -37.222374
v -17.414221 -53.162628 -37.173683
v -17.035015 -40.180828 -46.225334
v -13.278847 -53.162628 -46.523872
v -13.205658 -40.180828 -37.331520
v -16.882999 -40.180828 -37.241364
v -17.072645 -46.671730 -46.400833
v -13.168024 -46.671726 -37.125793
v -13.016052 -46.671726 -37.222374
v -16.443886 -39.843178 -46.117912
v -16.596066 -39.843178 -37.516037
v -13.796787 -39.843178 -37.438950
v -13.644606 -39.843178 -46.040817
v -16.313242 -40.255802 -46.049011
v -13.944414 -40.255802 -37.506088
v -13.804207 -40.255802 -46.007294
v -12.978378 -53.162624 -37.070679
v -14.090229 -46.671730 -37.125793
v -13.827557 -53.162624 -37.070679
v -13.943752 -40.290257 -37.809357
v -14.457851 -40.290257 -37.806984
v -14.457851 -40.255802 -37.506088
v -15.888126 -40.180828 -37.241364
v -16.413471 -53.162628 -46.517487
v -16.150799 -46.671730 -46.400833
v -13.827557 -53.162628 -46.486176
v -14.352905 -39.843178 -37.438950
v -15.888126 -39.843178 -46.117912
v -15.800137 -40.255802 -46.049011
v -15.800135 -40.255802 -37.796326
v -17.262289 -53.162628 -46.486176
v -17.414221 -53.162628 -37.528229
v -17.224617 -46.671730 -37.638191
v -13.205658 -40.215279 -37.770302
v -13.061447 -46.671726 -37.931366
v -16.313242 -40.255802 -45.718475
v -17.035015 -40.180828 -45.759727
v -16.596066 -39.843178 -37.750183
v -13.644606 -39.843178 -45.759727
v -13.804207 -40.255802 -45.718475
v -15.134327 -40.347477 -45.718475
v -13.944229 -40.265453 -45.718475
v -15.800137 -40.255802 -45.718475
v -12.826447 -53.162628 -37.235214
v -12.917242 -53.162628 -38.092430
v -33.519573 -53.162628 -36.423248
v -33.498802 -46.671730 -36.015205
v -33.053337 -46.671730 -36.109711
v -32.974422 -53.162628 -36.299316
v -33.103687 -46.671730 -31.901148
v -33.491299 -46.671730 -31.810503
v -33.384735 -53.162628 -31.711542
v -32.974422 -53.162628 -31.711542
v -42.321480 -53.162628 -35.298569
v -42.249081 -46.671730 -35.035896
v -42.231800 -46.671730 -35.957741
v -42.286915 -53.162628 -36.147385
v -41.809788 -40.255802 -35.338547
v -41.851505 -40.255802 -35.198341
v -41.563641 -40.255802 -35.198341
v -41.564289 -40.255802 -35.338547
v -33.104218 -39.946571 -35.629852
v -33.104218 -39.946571 -34.773224
v -33.042103 -40.180828 -34.773224
v -33.042103 -40.180828 -35.768097
v -41.965240 -39.946571 -35.782112
v -41.608803 -39.946571 -35.782112
v -41.609444 -40.180828 -35.920113
v -42.026073 -40.180828 -35.920113
v -33.193092 -39.946571 -32.228752
v -33.597862 -39.946571 -32.228752
v -33.597862 -40.180828 -32.090752
v -33.132256 -40.180828 -32.090752
v -42.054111 -39.946571 -32.381012
v -42.054111 -39.946571 -33.237999
v -42.116226 -40.180828 -33.237999
v -42.116226 -40.180828 -32.242767
v -32.956757 -46.671730 -32.190727
v -32.956757 -46.671730 -32.975327
v -33.042103 -40.272503 -33.971039
v -33.042103 -40.180828 -32.242767
v -33.597862 -39.946571 -35.782112
v -33.597862 -39.843178 -35.481163
v -33.316772 -39.843178 -35.481163
v -33.193092 -39.946571 -35.782112
v -42.054111 -39.946571 -34.773224
v -41.918644 -39.843178 -34.773224
v -41.918644 -39.843178 -35.328979
v -42.054111 -39.946571 -35.629852
v -41.587929 -39.981026 -32.228752
v -41.589317 -39.877632 -32.529701
v -41.841557 -39.843178 -32.529701
v -41.965240 -39.946571 -32.228752
v -33.104218 -40.038246 -33.971039
v -33.239685 -39.934853 -33.971039
v -33.239685 -39.843178 -32.681885
v -33.104218 -39.946571 -32.381012
v -33.639122 -40.255802 -35.338547
v -33.350296 -40.255802 -35.338547
v -41.851505 -40.255802 -34.685234
v -41.547592 -40.290257 -32.689308
v -41.809788 -40.255802 -32.689308
v -33.308578 -40.347477 -34.019424
v -33.308578 -40.255802 -32.829514
v -42.135220 -46.671730 -36.109718
v -42.183907 -53.162628 -36.299316
v -33.132256 -40.180828 -35.920113
v -32.833717 -53.162624 -32.163940
v -42.026073 -40.180828 -32.090752
v -42.116226 -40.180828 -35.768097
v -32.956757 -46.671730 -35.957741
v -42.231800 -46.671730 -32.053123
v -42.135220 -46.671730 -31.901152
v -33.239685 -39.843178 -35.328979
v -41.841557 -39.843178 -35.481163
v -41.918644 -39.843178 -32.681885
v -33.316772 -39.843178 -32.529701
v -33.308578 -40.255802 -35.198341
v -41.851505 -40.255802 -32.829514
v -33.350296 -40.255802 -32.689301
v -42.286915 -53.162628 -31.863478
v -42.231800 -46.671730 -32.975327
v -42.286915 -53.162628 -32.712654
v -41.548237 -40.290257 -32.828850
v -41.550610 -40.290257 -33.342949
v -41.851505 -40.255802 -33.342949
v -42.116226 -40.180828 -34.773224
v -32.840107 -53.162628 -35.298569
v -32.956757 -46.671730 -35.035896
v -32.871414 -53.162624 -32.712654
v -41.918644 -39.843178 -33.237999
v -33.239685 -39.843178 -34.773224
v -33.308578 -40.255802 -34.685234
v -41.561272 -40.255802 -34.685234
v -32.871414 -53.162628 -36.147385
v -41.829361 -53.162628 -36.299316
v -41.719402 -46.671730 -36.109718
v -41.587292 -40.215279 -32.090752
v -41.426228 -46.671730 -31.946547
v -33.639122 -40.255802 -35.198341
v -33.597862 -40.180828 -35.920113
v -41.607414 -39.843178 -35.481163
v -33.597862 -39.843178 -32.529701
v -33.639122 -40.255802 -32.689301
v -33.639122 -40.347477 -34.019424
v -33.639122 -40.265453 -32.829323
v -33.639122 -40.255802 -34.685234
v -42.122379 -53.162628 -31.711546
v -41.265163 -53.162628 -31.802340
v -18.335077 -53.162628 -36.423248
v -18.314302 -46.671730 -36.015205
v -17.868839 -46.671730 -36.109711
v -17.789925 -53.162628 -36.299316
v -17.919188 -46.671730 -31.901148
v -18.306801 -46.671730 -31.810503
v -18.200239 -53.162628 -31.711542
v -17.789925 -53.162628 -31.711542
v -27.136982 -53.162628 -35.298569
v -27.064585 -46.671730 -35.035896
v -27.047302 -46.671730 -35.957741
v -27.102417 -53.162628 -36.147385
v -26.625290 -40.255802 -35.338547
v -26.667007 -40.255802 -35.198341
v -26.379143 -40.255802 -35.198341
v -26.379791 -40.255802 -35.338547
v -17.919722 -39.946571 -35.629852
v -17.919722 -39.946571 -34.773224
v -17.857605 -40.180828 -34.773224
v -17.857605 -40.180828 -35.768097
v -26.780741 -39.946571 -35.782112
v -26.424307 -39.946571 -35.782112
v -26.424944 -40.180828 -35.920113
v -26.841576 -40.180828 -35.920113
v -18.008593 -39.946571 -32.228752
v -18.413366 -39.946571 -32.228752
v -18.413366 -40.180828 -32.090752
v -17.947758 -40.180828 -32.090752
v -26.869614 -39.946571 -32.381012
v -26.869614 -39.946571 -33.237999
v -26.931728 -40.180828 -33.237999
v -26.931728 -40.180828 -32.242767
v -17.772261 -46.671730 -32.190727
v -17.772261 -46.671730 -32.975327
v -17.857605 -40.272503 -33.971039
v -17.857605 -40.180828 -32.242767
v -18.413366 -39.946571 -35.782112
v -18.413366 -39.843178 -35.481163
v -18.132275 -39.843178 -35.481163
v -18.008593 -39.946571 -35.782112
v -26.869614 -39.946571 -34.773224
v -26.734148 -39.843178 -34.773224
v -26.734148 -39.843178 -35.328979
v -26.869614 -39.946571 -35.629852
v -26.403431 -39.981026 -32.228752
v -26.404819 -39.877632 -32.529701
v -26.657059 -39.843178 -32.529701
v -26.780741 -39.946571 -32.228752
v -17.919722 -40.038246 -33.971039
v -18.055187 -39.934853 -33.971039
v -18.055187 -39.843178 -32.681885
v -17.919722 -39.946571 -32.381012
v -18.454624 -40.255802 -35.338547
v -18.165798 -40.255802 -35.338547
v -26.667007 -40.255802 -34.685234
v -26.363092 -40.290257 -32.689308
v -26.625290 -40.255802 -32.689308
v -18.124081 -40.347477 -34.019424
v -18.124081 -40.255802 -32.829514
v -26.950722 -46.671730 -36.109718
v -26.999409 -53.162628 -36.299316
v -17.947758 -40.180828 -35.920113
v -17.649220 -53.162624 -32.163940
v -26.841576 -40.180828 -32.090752
v -26.931728 -40.180828 -35.768097
v -17.772261 -46.671730 -35.957741
v -27.047302 -46.671730 -32.053123
v -26.950722 -46.671730 -31.901152
v -18.055185 -39.843178 -35.328979
v -26.657059 -39.843178 -35.481163
v -26.734148 -39.843178 -32.681885
v -18.132275 -39.843178 -32.529701
v -18.124081 -40.255802 -35.198341
v -26.667007 -40.255802 -32.829514
v -18.165798 -40.255802 -32.689301
v -27.102417 -53.162628 -31.863478
v -27.047302 -46.671730 -32.975327
v -27.102417 -53.162628 -32.712654
v -26.363737 -40.290257 -32.828850
v -26.366112 -40.290257 -33.342949
v -26.667007 -40.255802 -33.342949
v -26.931728 -40.180828 -34.773224
v -17.655609 -53.162628 -35.298569
v -17.772261 -46.671730 -35.035896
v -17.686914 -53.162624 -32.712654
v -26.734148 -39.843178 -33.237999
v -18.055185 -39.843178 -34.773224
v -18.124081 -40.255802 -34.685234
v -26.376772 -40.255802 -34.685234
v -17.686914 -53.162628 -36.147385
v -26.644863 -53.162628 -36.299316
v -26.534904 -46.671730 -36.109718
v -26.402794 -40.215279 -32.090752
v -26.241730 -46.671730 -31.946547
v -18.454624 -40.255802 -35.198341
v -18.413366 -40.180828 -35.920113
v -26.422916 -39.843178 -35.481163
v -18.413366 -39.843178 -32.529701
v -18.454624 -40.255802 -32.689301
v -18.454624 -40.347477 -34.019424
v -18.454624 -40.265453 -32.829323
v -18.454624 -40.255802 -34.685234
v -26.937881 -53.162628 -31.711546
v -26.080664 -53.162628 -31.802340
v -48.696476 -53.162628 -36.423248
v -48.675705 -46.671730 -36.015205
v -48.230240 -46.671730 -36.109711
v -48.151325 -53.162628 -36.299316
v -48.280590 -46.671730 -31.901148
v -48.668201 -46.671730 -31.810503
v -48.561638 -53.162628 -31.711542
v -48.151325 -53.162628 -31.711542
v -57.498383 -53.162628 -35.298569
v -57.425983 -46.671730 -35.035896
v -57.408703 -46.671730 -35.957741
v -57.463818 -53.162628 -36.147385
v -56.986691 -40.255802 -35.338547
v -57.028408 -40.255802 -35.198341
v -56.740543 -40.255802 -35.198341
v -56.741192 -40.255802 -35.338547
v -48.281120 -39.946571 -35.629852
v -48.281120 -39.946571 -34.773224
v -48.219006 -40.180828 -34.773224
v -48.219006 -40.180828 -35.768097
v -57.142143 -39.946571 -35.782112
v -56.785706 -39.946571 -35.782112
v -56.786346 -40.180828 -35.920113
v -57.202976 -40.180828 -35.920113
v -48.369995 -39.946571 -32.228752
v -48.774765 -39.946571 -32.228752
v -48.774765 -40.180828 -32.090752
v -48.309158 -40.180828 -32.090752
v -57.231014 -39.946571 -32.381012
v -57.231014 -39.946571 -33.237999
v -57.293129 -40.180828 -33.237999
v -57.293129 -40.180828 -32.242767
v -48.133659 -46.671730 -32.190727
v -48.133659 -46.671730 -32.975327
v -48.219006 -40.272503 -33.971039
v -48.219006 -40.180828 -32.242767
v -48.774765 -39.946571 -35.782112
v -48.774765 -39.843178 -35.481163
v -48.493675 -39.843178 -35.481163
v -48.369995 -39.946571 -35.782112
v -57.231014 -39.946571 -34.773224
v -57.095547 -39.843178 -34.773224
v -57.095547 -39.843178 -35.328979
v -57.231014 -39.946571 -35.629852
v -56.764832 -39.981026 -32.228752
v -56.766220 -39.877632 -32.529701
v -57.018459 -39.843178 -32.529701
v -57.142143 -39.946571 -32.228752
v -48.281120 -40.038246 -33.971039
v -48.416588 -39.934853 -33.971039
v -48.416588 -39.843178 -32.681885
v -48.281120 -39.946571 -32.381012
v -48.816025 -40.255802 -35.338547
v -48.527199 -40.255802 -35.338547
v -57.028408 -40.255802 -34.685234
v -56.724495 -40.290257 -32.689308
v -56.986691 -40.255802 -32.689308
v -48.485481 -40.347477 -34.019424
v -48.485481 -40.255802 -32.829514
v -57.312122 -46.671730 -36.109718
v -57.360809 -53.162628 -36.299316
v -48.309158 -40.180828 -35.920113
v -48.010620 -53.162624 -32.163940
v -57.202976 -40.180828 -32.090752
v -57.293129 -40.180828 -35.768097
v -48.133659 -46.671730 -35.957741
v -57.408703 -46.671730 -32.053123
v -57.312122 -46.671730 -31.901152
v -48.416588 -39.843178 -35.328979
v -57.018459 -39.843178 -35.481163
v -57.095547 -39.843178 -32.681885
v -48.493675 -39.843178 -32.529701
v -48.485481 -40.255802 -35.198341
v -57.028408 -40.255802 -32.829514
v -48.527199 -40.255802 -32.689301
v -57.463818 -53.162628 -31.863478
v -57.408703 -46.671730 -32.975327
v -57.463818 -53.162628 -32.712654
v -56.725140 -40.290257 -32.828850
v -56.727512 -40.290257 -33.342949
v -57.028408 -40.255802 -33.342949
v -57.293129 -40.180828 -34.773224
v -48.017010 -53.162628 -35.298569
v -48.133659 -46.671730 -35.035896
v -48.048317 -53.162624 -32.712654
v -57.095547 -39.843178 -33.237999
v -48.416588 -39.843178 -34.773224
v -48.485481 -40.255802 -34.685234
v -56.738174 -40.255802 -34.685234
v -48.048317 -53.162628 -36.147385
v -57.006264 -53.162628 -36.299316
v -56.896305 -46.671730 -36.109718
v -56.764194 -40.215279 -32.090752
v -56.603130 -46.671730 -31.946547
v -48.816025 -40.255802 -35.198341
v -48.774765 -40.180828 -35.920113
v -56.784317 -39.843178 -35.481163
v -48.774765 -39.843178 -32.529701
v -48.816025 -40.255802 -32.689301
v -48.816025 -40.347477 -34.019424
v -48.816025 -40.265453 -32.829323
v -48.816025 -40.255802 -34.685234
v -57.299282 -53.162628 -31.711546
v -56.442066 -53.162628 -31.802340
v -63.815174 -53.162628 -36.423248
v -63.794403 -46.671730 -36.015205
v -63.348938 -46.671730 -36.109711
v -63.270023 -53.162628 -36.299316
v -63.399288 -46.671730 -31.901148
v -63.786900 -46.671730 -31.810503
v -63.680336 -53.162628 -31.711542
v -63.270023 -53.162628 -31.711542
v -72.617081 -53.162628 -35.298569
v -72.544685 -46.671730 -35.035896
v -72.527397 -46.671730 -35.957741
v -72.582520 -53.162628 -36.147385
v -72.105385 -40.255802 -35.338547
v -72.147110 -40.255802 -35.198341
v -71.859245 -40.255802 -35.198341
v -71.859894 -40.255802 -35.338547
v -63.399818 -39.946571 -35.629852
v -63.399818 -39.946571 -34.773224
v -63.337704 -40.180828 -34.773224
v -63.337704 -40.180828 -35.768097
v -72.260841 -39.946571 -35.782112
v -71.904404 -39.946571 -35.782112
v -71.905045 -40.180828 -35.920113
v -72.321678 -40.180828 -35.920113
v -63.488693 -39.946571 -32.228752
v -63.893463 -39.946571 -32.228752
v -63.893463 -40.180828 -32.090752
v -63.427856 -40.180828 -32.090752
v -72.349716 -39.946571 -32.381012
v -72.349716 -39.946571 -33.237999
v -72.411827 -40.180828 -33.237999
v -72.411827 -40.180828 -32.242767
v -63.252357 -46.671730 -32.190727
v -63.252357 -46.671730 -32.975327
v -63.337704 -40.272503 -33.971039
v -63.337704 -40.180828 -32.242767
v -63.893463 -39.946571 -35.782112
v -63.893463 -39.843178 -35.481163
v -63.612373 -39.843178 -35.481163
v -63.488693 -39.946571 -35.782112
v -72.349716 -39.946571 -34.773224
v -72.214249 -39.843178 -34.773224
v -72.214249 -39.843178 -35.328979
v -72.349716 -39.946571 -35.629852
v -71.883530 -39.981026 -32.228752
v -71.884918 -39.877632 -32.529701
v -72.137154 -39.843178 -32.529701
v -72.260841 -39.946571 -32.228752
v -63.399818 -40.038246 -33.971039
v -63.535286 -39.934853 -33.971039
v -63.535286 -39.843178 -32.681885
v -63.399818 -39.946571 -32.381012
v -63.934723 -40.255802 -35.338547
v -63.645897 -40.255802 -35.338547
v -72.147110 -40.255802 -34.685234
v -71.843193 -40.290257 -32.689308
v -72.105385 -40.255802 -32.689308
v -63.604179 -40.347477 -34.019424
v -63.604179 -40.255802 -32.829514
v -72.430817 -46.671730 -36.109718
v -72.479507 -53.162628 -36.299316
v -63.427856 -40.180828 -35.920113
v -63.129318 -53.162624 -32.163940
v -72.321678 -40.180828 -32.090752
v -72.411827 -40.180828 -35.768097
v -63.252357 -46.671730 -35.957741
v -72.527397 -46.671730 -32.053123
v -72.430817 -46.671730 -31.901152
v -63.535286 -39.843178 -35.328979
v -72.137154 -39.843178 -35.481163
v -72.214249 -39.843178 -32.681885
v -63.612373 -39.843178 -32.529701
v -63.604179 -40.255802 -35.198341
v -72.147110 -40.255802 -32.829514
v -63.645897 -40.255802 -32.689301
v -72.582520 -53.162628 -31.863478
v -72.527397 -46.671730 -32.975327
v -72.582520 -53.162628 -32.712654
v -71.843834 -40.290257 -32.828850
v -71.846214 -40.290257 -33.342949
v -72.147110 -40.255802 -33.342949
v -72.411827 -40.180828 -34.773224
v -63.135708 -53.162628 -35.298569
v -63.252357 -46.671730 -35.035896
v -63.167015 -53.162624 -32.712654
v -72.214249 -39.843178 -33.237999
v -63.535286 -39.843178 -34.773224
v -63.604179 -40.255802 -34.685234
v -71.856873 -40.255802 -34.685234
v -63.167015 -53.162628 -36.147385
v -72.124962 -53.162628 -36.299316
v -72.014999 -46.671730 -36.109718
v -71.882889 -40.215279 -32.090752
v -71.721825 -46.671730 -31.946547
v -63.934723 -40.255802 -35.198341
v -63.893463 -40.180828 -35.920113
v -71.903015 -39.843178 -35.481163
v -63.893463 -39.843178 -32.529701
v -63.934723 -40.255802 -32.689301
v -63.934723 -40.347477 -34.019424
v -63.934723 -40.265453 -32.829323
v -63.934723 -40.255802 -34.685234
v -72.417984 -53.162628 -31.711546
v -71.560760 -53.162628 -31.802340
vn -0.9946 0.0403 -0.0957
vn -0.9943 0.0329 0.1018
vn -0.9194 0.0359 -0.3917
vn -0.8262 0.0260 -0.5628
vn 0.7876 0.0193 -0.6159
vn 0.9943 0.0232 -0.1045
vn 0.9998 0.0185 0.0020
vn 0.8052 0.0297 -0.5923
vn -0.0134 0.0086 0.9999
vn -0.0052 0.0128 0.9999
vn -0.2872 0.0085 0.9578
vn 0.0885 0.0012 0.9961
vn 0.5572 0.6895 -0.4626
vn 0.0951 0.7297 -0.6771
vn -0.0000 1.0000 -0.0000
vn 0.6004 0.7997 -0.0000
vn -0.2489 0.4101 -0.8774
vn 0.0383 0.4679 -0.8830
vn 0.0084 0.1194 -0.9928
vn -0.1069 0.4686 -0.8769
vn -0.6871 0.6144 0.3878
vn -0.6831 0.7303 -0.0000
vn -0.9712 0.2383 -0.0015
vn -0.8455 0.2423 0.4759
vn 0.6871 0.6144 -0.3878
vn 0.8476 0.5306 0.0020
vn 0.9699 0.2437 0.0028
vn 0.8435 0.2429 -0.4790
vn 0.2489 0.4101 0.8774
vn -0.0000 0.2813 0.9596
vn 0.0004 0.1173 0.9931
vn 0.1069 0.4660 0.8783
vn 0.2374 0.0122 -0.9713
vn -0.0001 0.0131 -0.9999
vn 0.0035 0.1084 -0.9941
vn 0.1902 0.2380 -0.9525
vn -0.6813 0.7320 -0.0000
vn 0.4350 0.9004 -0.0000
vn 0.1896 0.9792 0.0725
vn -0.4981 0.7546 -0.4273
vn -0.0000 0.5180 0.8554
vn -0.0000 0.9398 -0.3418
vn 0.1644 0.9655 -0.2018
vn -0.2752 0.7100 0.6482
vn 0.6913 0.7209 -0.0490
vn -0.4353 0.8973 -0.0734
vn -0.1531 0.9792 -0.1332
vn 0.5168 0.7661 0.3822
vn -0.0475 0.4863 -0.8725
vn 0.0233 0.9320 0.3616
vn -0.2150 0.9644 0.1538
vn 0.2507 0.7039 -0.6646
vn 0.5582 0.7020 0.4422
vn -0.0000 0.7535 -0.6575
vn -0.5734 0.8171 -0.0605
vn -0.5558 0.6675 -0.4954
vn 0.0299 0.7745 0.6319
vn -0.1276 0.7101 0.6924
vn -0.8756 0.0268 0.4822
vn -0.8841 0.0246 0.4667
vn -0.8475 0.2376 -0.4747
vn 0.1325 0.0161 -0.9911
vn 0.8490 0.2483 0.4664
vn -0.2171 0.5119 0.8312
vn -0.2726 0.0175 -0.9620
vn 0.2721 0.0146 0.9622
vn 0.8903 0.0260 0.4547
vn 0.1589 0.9634 0.2161
vn 0.1792 0.9815 -0.0667
vn -0.1616 0.9637 -0.2127
vn -0.1708 0.9835 0.0599
vn 0.0827 0.7363 0.6716
vn -0.0871 0.6929 -0.7158
vn -0.5529 0.6894 0.4681
vn 0.3977 0.0129 0.9174
vn 0.0042 0.0112 0.9999
vn 0.0061 0.0079 1.0000
vn -0.0053 0.9974 -0.0717
vn 0.0162 0.9974 -0.0700
vn 0.0080 0.7104 -0.7037
vn -0.0004 0.1175 0.9931
vn -0.0139 0.0143 -0.9998
vn -0.0006 0.0122 -0.9999
vn -0.0291 0.0101 -0.9995
vn -0.0000 0.9398 -0.3417
vn 0.0618 0.9424 0.3286
vn 0.0614 0.7378 0.6722
vn 0.0086 1.0000 -0.0048
vn -0.3061 0.0198 -0.9518
vn -0.9995 0.0312 0.0006
vn -0.9997 0.0245 -0.0057
vn 0.9729 0.2311 -0.0118
vn 0.9994 0.0225 -0.0263
vn -0.9723 0.2338 -0.0000
vn -0.4202 0.9074 0.0023
vn -0.6207 0.7840 0.0021
vn 0.0444 0.9990 -0.0052
vn -0.0784 0.9969 0.0119
vn 0.0776 0.9970 -0.0050
vn 0.9494 0.0208 0.3134
vn 0.9988 0.0181 -0.0448
vn 0.7876 0.0193 -0.6158
vn 0.0383 0.4678 -0.8830
vn 0.0035 0.1083 -0.9941
vn 0.1896 0.9792 0.0726
vn 0.1644 0.9655 -0.2019
vn 0.2507 0.7038 -0.6646
vn -0.8474 0.2376 -0.4747
vn 0.2721 0.0146 0.9621
vn 0.8903 0.0260 0.4546
vn -0.0872 0.6929 -0.7158
vn -0.0957 0.0403 0.9946
vn 0.1018 0.0329 0.9943
vn -0.3917 0.0359 0.9194
vn -0.5628 0.0260 0.8262
vn -0.6158 0.0193 -0.7876
vn -0.1045 0.0232 -0.9943
vn 0.0020 0.0185 -0.9998
vn -0.5923 0.0297 -0.8052
vn 0.9999 0.0086 0.0134
vn 0.9999 0.0128 0.0052
vn 0.9578 0.0085 0.2872
vn 0.9961 0.0012 -0.0885
vn -0.4626 0.6895 -0.5573
vn -0.6771 0.7297 -0.0951
vn -0.0000 0.7997 -0.6004
vn -0.8774 0.4101 0.2489
vn -0.8830 0.4678 -0.0383
vn -0.9928 0.1194 -0.0084
vn -0.8769 0.4686 0.1069
vn 0.3878 0.6144 0.6871
vn -0.0000 0.7303 0.6831
vn -0.0015 0.2383 0.9712
vn 0.4759 0.2423 0.8455
vn -0.3878 0.6144 -0.6871
vn 0.0020 0.5306 -0.8476
vn 0.0028 0.2437 -0.9699
vn -0.4790 0.2429 -0.8435
vn 0.8774 0.4101 -0.2489
vn 0.9596 0.2813 -0.0000
vn 0.9931 0.1173 -0.0004
vn 0.8783 0.4660 -0.1069
vn -0.9713 0.0122 -0.2374
vn -0.9999 0.0131 0.0001
vn -0.9941 0.1083 -0.0035
vn -0.9525 0.2380 -0.1902
vn -0.0000 0.7320 0.6813
vn -0.0000 0.9004 -0.4350
vn 0.0726 0.9792 -0.1896
vn -0.4273 0.7546 0.4981
vn 0.8554 0.5180 -0.0000
vn -0.3418 0.9398 -0.0000
vn -0.2019 0.9655 -0.1644
vn 0.6482 0.7100 0.2752
vn -0.0490 0.7209 -0.6913
vn -0.0734 0.8973 0.4353
vn -0.1332 0.9792 0.1531
vn 0.3822 0.7661 -0.5168
vn -0.8725 0.4863 0.0475
vn 0.3616 0.9320 -0.0233
vn 0.1538 0.9644 0.2150
vn -0.6646 0.7039 -0.2507
vn 0.4422 0.7020 -0.5582
vn -0.6575 0.7535 -0.0000
vn -0.0605 0.8171 0.5734
vn -0.4954 0.6675 0.5558
vn 0.6319 0.7745 -0.0299
vn 0.6924 0.7101 0.1276
vn 0.4822 0.0268 0.8756
vn 0.4667 0.0246 0.8841
vn -0.4747 0.2376 0.8474
vn -0.9911 0.0161 -0.1325
vn 0.4663 0.2483 -0.8490
vn 0.8312 0.5119 0.2171
vn -0.9620 0.0175 0.2726
vn 0.9621 0.0146 -0.2721
vn 0.4546 0.0260 -0.8903
vn 0.2161 0.9634 -0.1589
vn -0.0667 0.9815 -0.1792
vn -0.2127 0.9637 0.1616
vn 0.0599 0.9835 0.1708
vn 0.6716 0.7363 -0.0827
vn -0.7158 0.6929 0.0871
vn 0.4681 0.6894 0.5529
vn 0.9174 0.0129 -0.3977
vn 0.9999 0.0112 -0.0042
vn 1.0000 0.0079 -0.0061
vn -0.0717 0.9974 0.0053
vn -0.0700 0.9974 -0.0162
vn -0.7037 0.7104 -0.0080
vn 0.9931 0.1175 0.0004
vn -0.9998 0.0143 0.0139
vn -0.9999 0.0122 0.0006
vn -0.9995 0.0101 0.0291
vn 0.3286 0.9424 -0.0618
vn 0.6722 0.7378 -0.0614
vn -0.0048 1.0000 -0.0086
vn -0.9518 0.0198 0.3061
vn 0.0006 0.0312 0.9995
vn -0.0057 0.0245 0.9997
vn -0.0118 0.2311 -0.9729
vn -0.0263 0.0225 -0.9994
vn -0.0000 0.2338 0.9723
vn 0.0023 0.9074 0.4202
vn 0.0021 0.7840 0.6207
vn -0.0052 0.9990 -0.0444
vn 0.0119 0.9969 0.0784
vn -0.0050 0.9970 -0.0776
vn 0.3134 0.0208 -0.9494
vn -0.0448 0.0181 -0.9988
vn 0.0957 0.0403 -0.9946
vn -0.1018 0.0329 -0.9943
vn 0.3917 0.0359 -0.9194
vn 0.5628 0.0260 -0.8262
vn 0.6158 0.0193 0.7876
vn 0.1045 0.0232 0.9943
vn -0.0020 0.0185 0.9998
vn 0.5923 0.0297 0.8052
vn -0.9999 0.0086 -0.0134
vn -0.9999 0.0128 -0.0052
vn -0.9578 0.0085 -0.2872
vn -0.9961 0.0012 0.0885
vn 0.4626 0.6895 0.5572
vn 0.6771 0.7297 0.0951
vn -0.0000 0.7997 0.6004
vn 0.8830 0.4679 0.0383
vn 0.9928 0.1194 0.0084
vn 0.8769 0.4686 -0.1069
vn -0.0000 0.7303 -0.6831
vn 0.0015 0.2383 -0.9712
vn -0.4759 0.2423 -0.8455
vn -0.0020 0.5306 0.8476
vn -0.0028 0.2437 0.9699
vn 0.4790 0.2429 0.8435
vn -0.9596 0.2813 -0.0000
vn -0.9931 0.1173 0.0004
vn -0.8783 0.4660 0.1069
vn 0.9713 0.0122 0.2374
vn 0.9999 0.0131 -0.0001
vn 0.9941 0.1083 0.0035
vn 0.9525 0.2380 0.1902
vn -0.0000 0.7320 -0.6813
vn -0.0000 0.9004 0.4350
vn -0.0726 0.9792 0.1896
vn 0.4273 0.7546 -0.4981
vn -0.8554 0.5180 -0.0000
vn 0.3418 0.9398 -0.0000
vn 0.2019 0.9655 0.1644
vn -0.6482 0.7100 -0.2752
vn 0.0490 0.7209 0.6913
vn 0.0734 0.8973 -0.4353
vn 0.1332 0.9792 -0.1531
vn -0.3822 0.7661 0.5168
vn 0.8725 0.4863 -0.0475
vn -0.3616 0.9320 0.0233
vn -0.1538 0.9644 -0.2150
vn 0.6646 0.7039 0.2507
vn -0.4422 0.7020 0.5582
vn 0.6575 0.7535 -0.0000
vn 0.0605 0.8171 -0.5734
vn 0.4954 0.6675 -0.5558
vn -0.6319 0.7745 0.0299
vn -0.6924 0.7101 -0.1276
vn -0.4822 0.0268 -0.8756
vn -0.4667 0.0246 -0.8841
vn 0.4747 0.2376 -0.8474
vn 0.9911 0.0161 0.1325
vn -0.4664 0.2483 0.8490
vn -0.8312 0.5119 -0.2171
vn 0.9620 0.0175 -0.2726
vn -0.9621 0.0146 0.2721
vn -0.4546 0.0260 0.8903
vn -0.2161 0.9634 0.1589
vn 0.0667 0.9816 0.1792
vn 0.2127 0.9637 -0.1616
vn -0.0599 0.9835 -0.1708
vn -0.6716 0.7363 0.0827
vn 0.7158 0.6929 -0.0872
vn -0.4681 0.6894 -0.5529
vn -0.9174 0.0129 0.3977
vn -0.9999 0.0112 0.0042
vn -1.0000 0.0079 0.0061
vn 0.0717 0.9974 -0.0053
vn 0.0700 0.9974 0.0162
vn 0.7037 0.7104 0.0080
vn -0.9931 0.1175 -0.0004
vn 0.9998 0.0143 -0.0139
vn 0.9999 0.0122 -0.0006
vn 0.9995 0.0101 -0.0291
vn -0.3286 0.9424 0.0618
vn -0.6722 0.7378 0.0614
vn 0.0048 1.0000 0.0086
vn 0.9518 0.0198 -0.3061
vn -0.0006 0.0312 -0.9995
vn 0.0057 0.0245 -0.9997
vn 0.0118 0.2311 0.9729
vn 0.0263 0.0225 0.9994
vn -0.0000 0.2338 -0.9723
vn -0.0023 0.9074 -0.4202
vn -0.0021 0.7840 -0.6207
vn 0.0052 0.9990 0.0444
vn -0.0119 0.9969 -0.0784
vn 0.0050 0.9970 0.0776
vn -0.3134 0.0208 0.9494
vn 0.0448 0.0181 0.9988
vn -0.6159 0.0193 -0.7876
vn -0.4626 0.6895 -0.5572
vn -0.9941 0.1084 -0.0035
vn 0.0725 0.9792 -0.1896
vn -0.4273 0.7546 0.4980
vn -0.4748 0.2376 0.8474
vn -0.0667 0.9816 -0.1792
vn 0.3286 0.9425 -0.0618
vn 0.9953 0.0404 0.0880
vn 0.9950 0.0331 -0.0944
vn 0.9234 0.0361 0.3821
vn 0.8408 0.0266 0.5406
vn -0.8027 0.0197 0.5961
vn -0.9950 0.0232 0.0967
vn -0.9998 0.0185 -0.0015
vn -0.8117 0.0305 0.5833
vn 0.0145 0.0093 -0.9999
vn 0.0056 0.0138 -0.9999
vn 0.3053 0.0098 -0.9522
vn -0.0702 0.0022 -0.9975
vn -0.5617 0.6928 0.4522
vn -0.1023 0.7317 0.6739
vn -0.6004 0.7997 -0.0000
vn 0.2560 0.4266 0.8675
vn -0.0399 0.4926 0.8693
vn -0.0090 0.1288 0.9916
vn 0.1232 0.4814 0.8678
vn 0.6903 0.6213 -0.3708
vn 0.6831 0.7303 -0.0000
vn 0.9712 0.2384 0.0015
vn 0.8519 0.2460 -0.4624
vn -0.6903 0.6213 0.3709
vn -0.8475 0.5308 -0.0018
vn -0.9698 0.2437 -0.0027
vn -0.8500 0.2465 0.4656
vn -0.2560 0.4266 -0.8675
vn -0.0000 0.3077 -0.9515
vn -0.0004 0.1266 -0.9919
vn -0.1231 0.4790 -0.8691
vn -0.2533 0.0133 0.9673
vn 0.0001 0.0141 0.9999
vn -0.0038 0.1170 0.9931
vn -0.2056 0.2486 0.9465
vn 0.6813 0.7320 -0.0000
vn -0.4350 0.9004 -0.0000
vn -0.1954 0.9770 -0.0854
vn 0.5023 0.7611 0.4105
vn -0.0000 0.5421 -0.8403
vn -0.0000 0.9349 0.3550
vn -0.1644 0.9645 0.2067
vn 0.2825 0.7226 -0.6310
vn -0.6907 0.7217 0.0461
vn 0.4341 0.8983 0.0679
vn 0.1601 0.9770 0.1411
vn -0.5203 0.7704 -0.3685
vn 0.0469 0.5105 0.8586
vn -0.0231 0.9267 -0.3751
vn 0.2138 0.9639 -0.1585
vn -0.2574 0.7168 0.6480
vn -0.5626 0.7058 -0.4304
vn -0.0000 0.7571 0.6533
vn 0.5744 0.8167 0.0558
vn 0.5605 0.6747 0.4803
vn -0.0299 0.7778 -0.6278
vn 0.1348 0.7133 -0.6878
vn 0.8842 0.0273 -0.4662
vn 0.8925 0.0250 -0.4504
vn 0.8538 0.2413 0.4613
vn -0.1415 0.0174 0.9898
vn -0.8550 0.2513 -0.4536
vn 0.2337 0.5235 -0.8193
vn 0.2900 0.0187 0.9568
vn -0.2895 0.0158 -0.9570
vn -0.8973 0.0265 -0.4406
vn -0.1592 0.9621 -0.2216
vn -0.1844 0.9796 0.0802
vn 0.1619 0.9624 0.2180
vn 0.1757 0.9817 -0.0734
vn -0.0890 0.7388 -0.6681
vn 0.0931 0.6991 0.7089
vn 0.5571 0.6933 -0.4572
vn -0.4156 0.0137 -0.9094
vn -0.0045 0.0121 -0.9999
vn -0.0066 0.0085 -0.9999
vn 0.0050 0.9978 0.0664
vn -0.0161 0.9978 0.0647
vn -0.0079 0.7179 0.6961
vn 0.0004 0.1268 -0.9919
vn 0.0150 0.0154 0.9998
vn 0.0007 0.0132 0.9999
vn 0.0315 0.0109 0.9994
vn -0.0615 0.9379 -0.3414
vn -0.0618 0.7419 -0.6677
vn -0.0087 1.0000 0.0048
vn 0.3251 0.0212 0.9454
vn 0.9995 0.0309 -0.0002
vn 0.9997 0.0245 0.0053
vn -0.9727 0.2316 0.0111
vn -0.9994 0.0224 0.0245
vn 0.9723 0.2338 -0.0000
vn 0.4203 0.9074 -0.0021
vn 0.6207 0.7840 -0.0019
vn -0.0441 0.9990 0.0047
vn 0.0787 0.9968 -0.0107
vn -0.0779 0.9970 0.0047
vn -0.9541 0.0209 -0.2986
vn -0.9990 0.0182 0.0413
vn -0.1019 0.0329 -0.9943
vn 0.6159 0.0193 0.7876
vn 0.8830 0.4678 0.0383
vn -0.0020 0.5306 0.8477
vn 0.4747 0.2376 -0.8475
vn 0.0667 0.9815 0.1792
vn -0.9948 0.0481 -0.0903
vn -0.9944 0.0395 0.0983
vn -0.9207 0.0427 -0.3880
vn -0.8334 0.0313 -0.5518
vn 0.7952 0.0232 -0.6059
vn 0.9946 0.0275 -0.1003
vn 0.9998 0.0220 0.0010
vn 0.8082 0.0358 -0.5879
vn -0.0139 0.0106 0.9998
vn -0.0054 0.0158 0.9999
vn -0.2958 0.0127 0.9552
vn 0.0791 0.0046 0.9969
vn 0.5424 0.7074 -0.4532
vn 0.0957 0.7410 -0.6646
vn 0.5802 0.8145 -0.0000
vn -0.2348 0.4688 -0.8515
vn 0.0362 0.5328 -0.8455
vn 0.0085 0.1454 -0.9893
vn -0.0948 0.4970 -0.8626
vn -0.6535 0.6663 0.3591
vn -0.6343 0.7731 -0.0000
vn -0.9613 0.2756 -0.0017
vn -0.8406 0.2785 0.4646
vn 0.6535 0.6663 -0.3591
vn 0.8111 0.5849 0.0017
vn 0.9594 0.2819 0.0030
vn 0.8382 0.2791 -0.4685
vn 0.2348 0.4688 0.8515
vn -0.0000 0.3528 0.9357
vn 0.0004 0.1438 0.9896
vn 0.0950 0.4948 0.8638
vn 0.2452 0.0155 -0.9694
vn -0.0002 0.0161 -0.9999
vn 0.0037 0.1341 -0.9910
vn 0.1972 0.2740 -0.9413
vn -0.6324 0.7746 -0.0000
vn 0.4382 0.8989 -0.0000
vn 0.2044 0.9749 0.0886
vn -0.4588 0.7940 -0.3987
vn -0.0000 0.5822 0.8131
vn -0.0000 0.9268 -0.3755
vn 0.1596 0.9600 -0.2299
vn -0.2607 0.7523 0.6051
vn 0.6408 0.7665 -0.0432
vn -0.4324 0.8997 -0.0595
vn -0.1721 0.9756 -0.1362
vn 0.4767 0.8020 0.3599
vn -0.0483 0.5537 -0.8313
vn 0.0188 0.9198 0.3920
vn -0.2017 0.9623 0.1824
vn 0.2379 0.7457 -0.6224
vn 0.5435 0.7219 0.4283
vn -0.0000 0.7638 -0.6455
vn -0.5541 0.8310 -0.0497
vn -0.5373 0.6978 -0.4737
vn 0.0254 0.7812 0.6237
vn -0.1228 0.7268 0.6758
vn -0.8796 0.0321 0.4746
vn -0.8882 0.0295 0.4585
vn -0.8431 0.2730 -0.4634
vn 0.1377 0.0200 -0.9903
vn 0.8436 0.2838 0.4559
vn -0.2035 0.5454 0.8131
vn -0.2810 0.0215 -0.9595
vn 0.2805 0.0186 0.9597
vn 0.8934 0.0312 0.4481
vn 0.1534 0.9569 0.2467
vn 0.1929 0.9776 -0.0840
vn -0.1562 0.9574 -0.2427
vn -0.1832 0.9801 0.0764
vn 0.0815 0.7481 0.6585
vn -0.0848 0.7137 -0.6953
vn -0.5353 0.7104 0.4569
vn 0.4070 0.0159 0.9133
vn 0.0044 0.0138 0.9999
vn 0.0063 0.0097 0.9999
vn -0.0044 0.9983 -0.0581
vn 0.0136 0.9983 -0.0567
vn 0.0066 0.7298 -0.6836
vn -0.0004 0.1440 0.9896
vn -0.0147 0.0177 -0.9997
vn -0.0008 0.0151 -0.9999
vn -0.0304 0.0124 -0.9995
vn 0.0515 0.9303 0.3630
vn 0.0530 0.7524 0.6566
vn 0.0073 1.0000 -0.0040
vn -0.3156 0.0243 -0.9486
vn -0.9994 0.0360 -0.0003
vn -0.9996 0.0291 -0.0055
vn 0.9632 0.2687 -0.0115
vn 0.9993 0.0265 -0.0258
vn -0.9628 0.2701 -0.0000
vn -0.4214 0.9069 0.0019
vn -0.5937 0.8047 0.0017
vn 0.0373 0.9993 -0.0042
vn -0.0661 0.9978 0.0095
vn 0.0655 0.9978 -0.0041
vn 0.9517 0.0249 0.3060
vn 0.9988 0.0218 -0.0427
vn 0.9946 0.0481 0.0918
vn 0.9942 0.0395 -0.0998
vn 0.9199 0.0427 0.3899
vn 0.8304 0.0312 0.5562
vn -0.7921 0.0231 0.6099
vn -0.9944 0.0275 0.1019
vn -0.9998 0.0220 -0.0011
vn -0.8069 0.0356 0.5897
vn 0.0137 0.0105 -0.9999
vn 0.0053 0.0156 -0.9999
vn 0.2921 0.0124 -0.9563
vn -0.0828 0.0043 -0.9966
vn -0.5415 0.7067 0.4554
vn -0.0943 0.7405 0.6654
vn -0.5802 0.8145 -0.0000
vn 0.2336 0.4655 0.8537
vn -0.0359 0.5279 0.8485
vn -0.0084 0.1432 0.9897
vn 0.0916 0.4942 0.8645
vn 0.6530 0.6649 -0.3626
vn 0.6343 0.7731 -0.0000
vn 0.9613 0.2756 0.0017
vn 0.8394 0.2777 -0.4673
vn -0.6530 0.6649 0.3626
vn -0.8111 0.5849 -0.0017
vn -0.9594 0.2819 -0.0031
vn -0.8370 0.2783 0.4711
vn -0.2336 0.4655 -0.8537
vn -0.0000 0.3474 -0.9377
vn -0.0004 0.1416 -0.9899
vn -0.0919 0.4919 -0.8658
vn -0.2420 0.0153 0.9702
vn 0.0002 0.0158 0.9999
vn -0.0037 0.1321 0.9912
vn -0.1942 0.2716 0.9426
vn 0.6324 0.7746 -0.0000
vn -0.4382 0.8989 -0.0000
vn -0.2032 0.9753 -0.0864
vn 0.4581 0.7927 0.4022
vn -0.0000 0.5774 -0.8165
vn -0.0000 0.9278 0.3732
vn -0.1594 0.9602 0.2292
vn 0.2594 0.7498 -0.6087
vn -0.6409 0.7664 0.0437
vn 0.4326 0.8995 0.0605
vn 0.1708 0.9760 0.1348
vn -0.4760 0.8011 -0.3628
vn 0.0484 0.5489 0.8345
vn -0.0189 0.9208 -0.3897
vn 0.2019 0.9624 -0.1817
vn -0.2367 0.7432 0.6258
vn -0.5427 0.7210 -0.4308
vn -0.0000 0.7629 0.6465
vn 0.5539 0.8310 0.0505
vn 0.5364 0.6964 0.4767
vn -0.0254 0.7805 -0.6247
vn 0.1215 0.7260 -0.6769
vn 0.8779 0.0320 -0.4778
vn 0.8865 0.0294 -0.4618
vn 0.8418 0.2722 0.4660
vn -0.1359 0.0197 0.9905
vn -0.8424 0.2831 -0.4584
vn 0.2002 0.5428 -0.8156
vn 0.2775 0.0212 0.9605
vn -0.2770 0.0183 -0.9607
vn -0.8920 0.0311 -0.4509
vn -0.1532 0.9571 -0.2459
vn -0.1919 0.9780 0.0816
vn 0.1560 0.9577 0.2419
vn 0.1823 0.9805 -0.0741
vn -0.0804 0.7475 -0.6594
vn 0.0836 0.7125 0.6967
vn 0.5345 0.7096 -0.4592
vn -0.4034 0.0157 -0.9149
vn -0.0043 0.0136 -0.9999
vn -0.0062 0.0096 -0.9999
vn 0.0044 0.9982 0.0590
vn -0.0136 0.9982 0.0576
vn -0.0067 0.7283 0.6852
vn 0.0004 0.1418 -0.9899
vn 0.0145 0.0174 0.9997
vn 0.0008 0.0148 0.9999
vn 0.0300 0.0122 0.9995
vn -0.0516 0.9312 -0.3608
vn -0.0530 0.7515 -0.6577
vn -0.0073 1.0000 0.0040
vn 0.3118 0.0240 0.9498
vn 0.9993 0.0361 0.0002
vn 0.9996 0.0291 0.0056
vn -0.9632 0.2686 0.0116
vn -0.9993 0.0265 0.0262
vn 0.9628 0.2701 -0.0000
vn 0.4214 0.9069 -0.0019
vn 0.5937 0.8047 -0.0017
vn -0.0374 0.9993 0.0042
vn 0.0660 0.9978 -0.0097
vn -0.0655 0.9978 0.0041
vn -0.9508 0.0248 -0.3089
vn -0.9988 0.0218 0.0434
vn -0.9944 0.0481 -0.0941
vn -0.9940 0.0394 0.1020
vn -0.9187 0.0426 -0.3925
vn -0.8262 0.0310 -0.5625
vn 0.7878 0.0230 -0.6155
vn 0.9942 0.0275 -0.1042
vn 0.9998 0.0220 0.0013
vn 0.8051 0.0353 -0.5921
vn -0.0134 0.0102 0.9999
vn -0.0052 0.0152 0.9999
vn -0.2870 0.0120 0.9579
vn 0.0879 0.0040 0.9961
vn 0.5403 0.7056 -0.4584
vn 0.0924 0.7397 -0.6665
vn -0.2318 0.4608 -0.8567
vn 0.0355 0.5209 -0.8529
vn 0.0082 0.1402 -0.9901
vn -0.0871 0.4901 -0.8673
vn -0.6522 0.6630 0.3676
vn -0.8376 0.2765 0.4711
vn 0.6522 0.6630 -0.3676
vn 0.8112 0.5848 0.0018
vn 0.9594 0.2819 0.0031
vn 0.8353 0.2772 -0.4748
vn 0.2318 0.4608 0.8567
vn -0.0000 0.3398 0.9405
vn 0.0004 0.1386 0.9903
vn 0.0873 0.4878 0.8686
vn 0.2375 0.0149 -0.9713
vn -0.0001 0.0155 -0.9999
vn 0.0036 0.1293 -0.9916
vn 0.1899 0.2683 -0.9444
vn 0.2017 0.9759 0.0832
vn -0.4569 0.7908 -0.4072
vn -0.0000 0.5706 0.8212
vn -0.0000 0.9291 -0.3698
vn 0.1593 0.9605 -0.2282
vn -0.2576 0.7463 0.6137
vn 0.6410 0.7662 -0.0445
vn -0.4329 0.8993 -0.0618
vn -0.1690 0.9766 -0.1328
vn 0.4751 0.7997 0.3670
vn -0.0485 0.5420 -0.8390
vn 0.0189 0.9222 0.3863
vn -0.2020 0.9626 0.1805
vn 0.2351 0.7396 -0.6306
vn 0.5414 0.7199 0.4343
vn -0.0000 0.7618 -0.6478
vn -0.5537 0.8311 -0.0516
vn -0.5351 0.6944 -0.4811
vn 0.0254 0.7794 0.6261
vn -0.1195 0.7250 0.6783
vn -0.8754 0.0319 0.4823
vn -0.8841 0.0293 0.4664
vn -0.8401 0.2711 -0.4698
vn 0.1333 0.0192 -0.9909
vn 0.8408 0.2822 0.4620
vn -0.1955 0.5392 0.8192
vn -0.2726 0.0208 -0.9619
vn 0.2721 0.0179 0.9621
vn 0.8900 0.0310 0.4549
vn 0.1529 0.9575 0.2447
vn 0.1905 0.9786 -0.0782
vn -0.1558 0.9580 -0.2407
vn -0.1810 0.9809 0.0706
vn 0.0787 0.7466 0.6606
vn -0.0821 0.7107 -0.6987
vn -0.5333 0.7084 0.4624
vn 0.3982 0.0154 0.9172
vn 0.0042 0.0133 0.9999
vn 0.0060 0.0094 0.9999
vn -0.0045 0.9982 -0.0604
vn 0.0137 0.9982 -0.0590
vn 0.0067 0.7262 -0.6874
vn -0.0004 0.1388 0.9903
vn -0.0142 0.0170 -0.9998
vn -0.0008 0.0145 -0.9999
vn -0.0293 0.0120 -0.9995
vn 0.0516 0.9325 0.3575
vn 0.0528 0.7502 0.6591
vn -0.3064 0.0235 -0.9516
vn -0.9993 0.0362 -0.0001
vn -0.9996 0.0291 -0.0057
vn 0.9632 0.2685 -0.0119
vn 0.9993 0.0265 -0.0267
vn -0.5937 0.8047 0.0018
vn 0.0375 0.9993 -0.0043
vn -0.0659 0.9978 0.0100
vn 0.0654 0.9979 -0.0042
vn 0.9494 0.0248 0.3131
vn 0.9988 0.0218 -0.0445
vn 0.0940 0.0481 -0.9944
vn -0.1020 0.0394 -0.9940
vn 0.3925 0.0426 -0.9187
vn 0.5625 0.0310 -0.8262
vn 0.6155 0.0230 0.7878
vn 0.1042 0.0275 0.9942
vn -0.0013 0.0220 0.9998
vn 0.5921 0.0353 0.8051
vn -0.9999 0.0102 -0.0134
vn -0.9999 0.0152 -0.0052
vn -0.9579 0.0120 -0.2870
vn -0.9961 0.0040 0.0880
vn 0.4584 0.7056 0.5403
vn 0.6665 0.7397 0.0924
vn -0.0000 0.8145 0.5802
vn 0.8567 0.4608 -0.2318
vn 0.8529 0.5209 0.0355
vn 0.9901 0.1402 0.0082
vn 0.8673 0.4901 -0.0871
vn -0.3676 0.6630 -0.6522
vn -0.0000 0.7731 -0.6343
vn 0.0017 0.2756 -0.9613
vn -0.4711 0.2765 -0.8376
vn 0.3676 0.6630 0.6522
vn -0.0018 0.5848 0.8112
vn -0.0031 0.2819 0.9594
vn 0.4748 0.2772 0.8353
vn -0.8567 0.4608 0.2318
vn -0.9405 0.3398 -0.0000
vn -0.9903 0.1386 0.0004
vn -0.8686 0.4878 0.0873
vn 0.9713 0.0149 0.2375
vn 0.9999 0.0155 -0.0001
vn 0.9916 0.1293 0.0036
vn 0.9444 0.2683 0.1899
vn -0.0000 0.7746 -0.6324
vn -0.0000 0.8989 0.4382
vn -0.0832 0.9759 0.2017
vn 0.4072 0.7908 -0.4569
vn -0.8212 0.5706 -0.0000
vn 0.3698 0.9291 -0.0000
vn 0.2282 0.9605 0.1593
vn -0.6137 0.7463 -0.2576
vn 0.0445 0.7662 0.6410
vn 0.0618 0.8993 -0.4329
vn 0.1328 0.9766 -0.1690
vn -0.3670 0.7997 0.4751
vn 0.8390 0.5420 -0.0485
vn -0.3863 0.9222 0.0189
vn -0.1806 0.9626 -0.2020
vn 0.6306 0.7396 0.2351
vn -0.4343 0.7199 0.5415
vn 0.6478 0.7618 -0.0000
vn 0.0516 0.8311 -0.5537
vn 0.4811 0.6944 -0.5351
vn -0.6261 0.7794 0.0254
vn -0.6783 0.7250 -0.1195
vn -0.4823 0.0319 -0.8754
vn -0.4664 0.0293 -0.8841
vn 0.4698 0.2711 -0.8401
vn 0.9909 0.0192 0.1333
vn -0.4620 0.2822 0.8408
vn -0.8192 0.5392 -0.1955
vn 0.9619 0.0208 -0.2726
vn -0.9621 0.0179 0.2721
vn -0.4549 0.0310 0.8900
vn -0.2447 0.9575 0.1529
vn 0.0782 0.9786 0.1905
vn 0.2407 0.9580 -0.1558
vn -0.0706 0.9809 -0.1810
vn -0.6606 0.7466 0.0787
vn 0.6987 0.7107 -0.0821
vn -0.4624 0.7084 -0.5333
vn -0.9172 0.0154 0.3982
vn -0.9999 0.0133 0.0042
vn -0.9999 0.0094 0.0060
vn 0.0604 0.9982 -0.0045
vn 0.0590 0.9982 0.0137
vn 0.6874 0.7262 0.0067
vn -0.9903 0.1388 -0.0004
vn 0.9998 0.0170 -0.0142
vn 0.9999 0.0145 -0.0008
vn 0.9995 0.0120 -0.0293
vn -0.3575 0.9325 0.0516
vn -0.6591 0.7502 0.0528
vn 0.0040 1.0000 0.0073
vn 0.9516 0.0235 -0.3064
vn 0.0001 0.0362 -0.9993
vn 0.0057 0.0291 -0.9996
vn 0.0119 0.2685 0.9632
vn 0.0267 0.0265 0.9993
vn -0.0000 0.2701 -0.9628
vn -0.0019 0.9069 -0.4214
vn -0.0018 0.8047 -0.5937
vn 0.0043 0.9993 0.0375
vn -0.0100 0.9978 -0.0659
vn 0.0042 0.9979 0.0654
vn -0.3131 0.0248 0.9494
vn 0.0445 0.0218 0.9988
vn -0.9961 0.0040 0.0879
vn 0.4584 0.7057 0.5403
vn -0.8567 0.4607 0.2318
vn 0.6987 0.7106 -0.0821
vt 0.922990 0.978771
vt 0.925016 0.775168
vt 0.962695 0.774739
vt 0.969609 0.978244
vt 0.959825 0.221249
vt 0.926680 0.220438
vt 0.935912 0.017318
vt 0.970670 0.017655
vt 0.050561 0.024580
vt 0.071140 0.227750
vt 0.036656 0.229667
vt 0.018773 0.026360
vt 0.221362 0.541109
vt 0.218513 0.538073
vt 0.241571 0.538797
vt 0.241220 0.542453
vt 0.960680 0.559617
vt 0.963012 0.527347
vt 0.970447 0.527713
vt 0.968383 0.567285
vt 0.205371 0.563336
vt 0.236420 0.564226
vt 0.236286 0.571658
vt 0.199744 0.570578
vt 0.952959 0.431305
vt 0.917802 0.430453
vt 0.917857 0.423044
vt 0.958507 0.424139
vt 0.197564 0.435336
vt 0.195350 0.467641
vt 0.187665 0.467212
vt 0.189850 0.427443
vt 0.022073 0.692652
vt 0.051239 0.692685
vt 0.087299 0.893195
vt 0.020325 0.897148
vt 0.917341 0.565255
vt 0.917241 0.555337
vt 0.942146 0.553955
vt 0.952466 0.564544
vt 0.195100 0.525927
vt 0.205548 0.525368
vt 0.207837 0.546558
vt 0.197187 0.558264
vt 0.238623 0.429188
vt 0.238627 0.439307
vt 0.216072 0.440750
vt 0.205772 0.430336
vt 0.964395 0.496221
vt 0.953217 0.496689
vt 0.950717 0.447912
vt 0.961168 0.436415
vt 0.913209 0.543291
vt 0.936763 0.542090
vt 0.218217 0.521196
vt 0.243038 0.451607
vt 0.221730 0.452715
vt 0.940069 0.498752
vt 0.940158 0.456709
vt 0.176815 0.976571
vt 0.181691 0.772720
vt 0.191678 0.773480
vt 0.187240 0.977029
vt 0.958008 0.571831
vt 0.991311 0.018897
vt 0.976097 0.222261
vt 0.200260 0.423191
vt 0.189346 0.565924
vt 0.972694 0.773997
vt 0.968790 0.428872
vt 0.182776 0.221427
vt 0.192699 0.220395
vt 0.950212 0.547809
vt 0.215818 0.552850
vt 0.208142 0.447019
vt 0.942619 0.441697
vt 0.939728 0.539091
vt 0.218767 0.455879
vt 0.937214 0.453721
vt 0.178717 0.017504
vt 0.148220 0.223651
vt 0.147052 0.019486
vt 0.243158 0.455276
vt 0.242902 0.472906
vt 0.218387 0.472879
vt 0.972744 0.495846
vt 0.187408 0.526348
vt 0.138172 0.489161
vt 0.128220 0.692757
vt 0.041814 0.489176
vt 0.205790 0.468159
vt 0.952829 0.526795
vt 0.940358 0.522020
vt 0.241856 0.521207
vt 0.169902 0.489293
vt 0.162621 0.692747
vt 0.217442 0.977424
vt 0.227094 0.774189
vt 0.238681 0.421489
vt 0.252985 0.219954
vt 0.913078 0.539646
vt 0.917350 0.572720
vt 0.236760 0.554380
vt 0.917669 0.440301
vt 0.913586 0.452515
vt 0.913194 0.498880
vt 0.913355 0.456087
vt 0.913176 0.522137
vt 0.090973 0.430533
vt 0.051478 0.434800
vt 0.021133 0.489031
vt 0.980031 0.977810
vt 0.193794 0.016883
vt 0.150173 0.427312
vt 0.119165 0.895492
vt 0.158738 0.897556
vt 0.266783 0.016711
s 1
f 1/1/1 2/2/2 3/3/3
f 3/3/3 4/4/4 1/1/1
f 5/5/5 6/6/6 7/7/7
f 7/7/7 8/8/8 5/5/5
f 9/9/9 10/10/10 11/11/11
f 11/11/11 12/12/12 9/9/9
f 13/13/13 14/14/14 15/15/15
f 15/15/15 16/16/16 13/13/13
f 17/17/17 18/18/18 19/19/19
f 19/19/19 20/20/20 17/17/17
f 21/21/21 22/22/22 23/23/23
f 23/23/23 24/24/24 21/21/21
f 25/25/25 26/26/26 27/27/27
f 27/27/27 28/28/28 25/25/25
f 29/29/29 30/30/30 31/31/31
f 31/31/31 32/32/32 29/29/29
f 33/33/33 34/34/34 35/35/35
f 35/35/35 36/36/36 33/33/33
f 37/37/37 38/38/38 39/39/39
f 39/39/39 40/40/40 37/37/37
f 41/41/41 42/42/42 43/43/43
f 43/43/43 44/44/44 41/41/41
f 45/45/45 46/46/46 47/47/47
f 47/47/47 48/48/48 45/45/45
f 49/49/49 50/50/50 51/51/51
f 51/51/51 52/52/52 49/49/49
f 39/39/39 38/38/38 53/53/16
f 53/53/16 54/54/53 39/39/39
f 42/42/42 55/55/54 14/14/14
f 14/14/14 43/43/43 42/42/42
f 47/47/47 46/46/46 56/56/55
f 56/56/55 57/57/56 47/47/47
f 50/50/50 58/58/57 59/59/58
f 59/59/58 51/51/51 50/50/50
f 12/60/12 11/61/11 60/62/59
f 60/62/59 61/63/60 12/60/12
f 40/40/40 17/17/17 20/20/20
f 20/20/20 62/64/61 40/40/40
f 63/65/62 33/66/33 5/5/5
f 5/5/5 8/8/8 63/65/62
f 48/48/48 29/29/29 32/32/32
f 32/32/32 64/67/63 48/48/48
f 24/24/24 65/68/64 44/44/44
f 44/44/44 21/21/21 24/24/24
f 20/20/20 66/69/65 3/3/3
f 3/3/3 62/64/61 20/20/20
f 28/28/28 36/70/36 52/52/52
f 52/52/52 25/25/25 28/28/28
f 32/32/32 67/71/66 68/72/67
f 68/72/67 64/67/63 32/32/32
f 17/17/17 40/40/40 39/39/39
f 39/39/39 69/73/68 17/17/17
f 21/21/21 44/44/44 43/43/43
f 43/43/43 70/74/69 21/21/21
f 29/29/29 48/48/48 47/47/47
f 47/47/47 71/75/70 29/29/29
f 25/25/25 52/52/52 51/51/51
f 51/51/51 72/76/71 25/25/25
f 69/73/68 39/39/39 54/54/53
f 54/54/53 73/77/72 69/73/68
f 70/74/69 43/43/43 14/14/14
f 14/14/14 13/13/13 70/74/69
f 71/75/70 47/47/47 57/57/56
f 57/57/56 74/78/73 71/75/70
f 72/76/71 51/51/51 59/59/58
f 59/59/58 75/79/74 72/76/71
f 76/80/75 67/71/66 77/81/76
f 77/81/76 78/82/77 76/80/75
f 74/78/73 79/83/78 80/84/79
f 80/84/79 81/85/80 74/78/73
f 52/52/52 36/70/36 35/86/35
f 35/86/35 49/49/49 52/52/52
f 41/41/41 82/87/81 31/31/31
f 31/31/31 30/30/30 41/41/41
f 83/88/82 84/89/83 34/34/34
f 34/34/34 85/90/84 83/88/82
f 30/30/30 29/29/29 71/75/70
f 71/75/70 86/91/85 30/30/30
f 18/18/18 87/92/86 50/50/50
f 50/50/50 49/49/49 18/18/18
f 71/75/70 74/78/73 81/85/80
f 81/85/80 86/91/85 71/75/70
f 87/92/86 88/93/87 58/58/57
f 58/58/57 50/50/50 87/92/86
f 78/82/77 77/81/76 10/10/10
f 10/10/10 9/9/9 78/82/77
f 81/85/80 80/84/79 89/94/88
f 89/94/88 55/55/54 81/85/80
f 49/49/49 35/86/35 19/19/19
f 19/19/19 18/18/18 49/49/49
f 30/30/30 86/91/85 42/42/42
f 42/42/42 41/41/41 30/30/30
f 86/91/85 81/85/80 55/55/54
f 55/55/54 42/42/42 86/91/85
f 44/44/44 65/68/64 82/87/81
f 82/87/81 41/41/41 44/44/44
f 90/95/89 66/96/65 84/89/83
f 84/89/83 83/88/82 90/95/89
f 18/18/18 17/17/17 69/73/68
f 69/73/68 87/92/86 18/18/18
f 69/73/68 73/77/72 88/93/87
f 88/93/87 87/92/86 69/73/68
f 91/97/90 92/98/91 2/2/2
f 2/2/2 1/1/1 91/97/90
f 27/27/27 93/99/92 94/100/93
f 94/100/93 6/6/6 27/27/27
f 54/54/53 53/53/16 95/101/15
f 95/101/15 73/77/72 54/54/53
f 40/40/40 62/64/61 96/102/94
f 96/102/94 37/37/37 40/40/40
f 45/45/45 93/99/92 27/27/27
f 27/27/27 26/26/26 45/45/45
f 22/22/22 97/103/38 38/38/38
f 38/38/38 37/37/37 22/22/22
f 26/26/26 25/25/25 72/76/71
f 72/76/71 98/104/95 26/26/26
f 97/103/38 16/16/16 53/53/16
f 53/53/16 38/38/38 97/103/38
f 72/76/71 75/79/74 99/105/96
f 99/105/96 98/104/95 72/76/71
f 58/58/57 100/106/97 101/107/98
f 101/107/98 59/59/58 58/58/57
f 58/58/57 88/93/87 102/108/99
f 102/108/99 100/106/97 58/58/57
f 53/53/16 16/16/16 15/15/15
f 15/15/15 95/101/15 53/53/16
f 37/37/37 96/102/94 23/23/23
f 23/23/23 22/22/22 37/37/37
f 26/26/26 98/104/95 46/46/46
f 46/46/46 45/45/45 26/26/26
f 98/104/95 99/105/96 56/56/55
f 56/56/55 46/46/46 98/104/95
f 100/106/97 80/84/79 79/83/78
f 79/83/78 101/107/98 100/106/97
f 80/84/79 100/106/97 102/108/99
f 102/108/99 89/94/88 80/84/79
f 91/97/90 61/63/60 60/62/59
f 60/62/59 92/98/91 91/97/90
f 93/99/92 64/67/63 68/72/67
f 68/72/67 94/100/93 93/99/92
f 48/48/48 64/67/63 93/99/92
f 93/99/92 45/45/45 48/48/48
f 22/22/22 21/21/21 70/74/69
f 70/74/69 97/103/38 22/22/22
f 70/74/69 13/13/13 16/16/16
f 16/16/16 97/103/38 70/74/69
f 2/2/2 96/102/94 62/64/61
f 62/64/61 3/3/3 2/2/2
f 28/28/28 27/27/27 6/6/6
f 6/6/6 5/5/5 28/28/28
f 82/109/81 65/110/64 11/11/11
f 11/11/11 10/10/10 82/109/81
f 63/111/62 85/90/84 34/34/34
f 34/34/34 33/33/33 63/111/62
f 65/68/64 24/24/24 60/62/59
f 60/62/59 11/61/11 65/68/64
f 36/70/36 28/28/28 5/5/5
f 5/5/5 33/66/33 36/70/36
f 90/112/89 4/4/4 3/3/3
f 3/3/3 66/69/65 90/112/89
f 76/80/75 103/113/100 68/72/67
f 68/72/67 67/71/66 76/80/75
f 32/32/32 31/114/31 77/81/76
f 77/81/76 67/71/66 32/32/32
f 19/115/19 35/35/35 34/34/34
f 34/34/34 84/89/83 19/115/19
f 31/114/31 82/109/81 10/10/10
f 10/10/10 77/81/76 31/114/31
f 20/116/20 19/115/19 84/89/83
f 84/89/83 66/96/65 20/116/20
f 23/23/23 96/102/94 2/2/2
f 2/2/2 92/98/91 23/23/23
f 104/117/101 7/7/7 6/6/6
f 6/6/6 94/100/93 104/117/101
f 24/24/24 23/23/23 92/98/91
f 92/98/91 60/62/59 24/24/24
f 103/113/100 104/117/101 94/100/93
f 94/100/93 68/72/67 103/113/100
f 55/55/54 89/94/88 15/15/15
f 15/15/15 14/14/14 55/55/54
f 89/94/88 102/108/99 95/101/15
f 95/101/15 15/15/15 89/94/88
f 102/108/99 88/93/87 73/77/72
f 73/77/72 95/101/15 102/108/99
f 57/57/56 56/56/55 79/83/78
f 79/83/78 74/78/73 57/57/56
f 56/56/55 99/105/96 101/107/98
f 101/107/98 79/83/78 56/56/55
f 101/107/98 99/105/96 75/79/74
f 75/79/74 59/59/58 101/107/98
f 105/1/1 106/2/2 107/3/3
f 107/3/3 108/4/4 105/1/1
f 109/5/102 110/6/6 111/7/7
f 111/7/7 112/8/8 109/5/102
f 113/9/9 114/10/10 115/11/11
f 115/11/11 116/12/12 113/9/9
f 117/13/13 118/14/14 119/15/15
f 119/15/15 120/16/16 117/13/13
f 121/17/17 122/18/103 123/19/19
f 123/19/19 124/20/20 121/17/17
f 125/21/21 126/22/22 127/23/23
f 127/23/23 128/24/24 125/21/21
f 129/25/25 130/26/26 131/27/27
f 131/27/27 132/28/28 129/25/25
f 133/29/29 134/30/30 135/31/31
f 135/31/31 136/32/32 133/29/29
f 137/33/33 138/34/34 139/35/104
f 139/35/104 140/36/36 137/33/33
f 141/37/37 142/38/38 143/39/105
f 143/39/105 144/40/40 141/37/37
f 145/41/41 146/42/42 147/43/106
f 147/43/106 148/44/44 145/41/41
f 149/45/45 150/46/46 151/47/47
f 151/47/47 152/48/48 149/45/45
f 153/49/49 154/50/50 155/51/51
f 155/51/51 156/52/107 153/49/49
f 143/39/105 142/38/38 157/53/16
f 157/53/16 158/54/53 143/39/105
f 146/42/42 159/55/54 118/14/14
f 118/14/14 147/43/106 146/42/42
f 151/47/47 150/46/46 160/56/55
f 160/56/55 161/57/56 151/47/47
f 154/50/50 162/58/57 163/59/58
f 163/59/58 155/51/51 154/50/50
f 116/60/12 115/61/11 164/62/59
f 164/62/59 165/63/60 116/60/12
f 144/40/40 121/17/17 124/20/20
f 124/20/20 166/64/108 144/40/40
f 167/65/62 137/66/33 109/5/102
f 109/5/102 112/8/8 167/65/62
f 152/48/48 133/29/29 136/32/32
f 136/32/32 168/67/63 152/48/48
f 128/24/24 169/68/64 148/44/44
f 148/44/44 125/21/21 128/24/24
f 124/20/20 170/69/65 107/3/3
f 107/3/3 166/64/108 124/20/20
f 132/28/28 140/70/36 156/52/107
f 156/52/107 129/25/25 132/28/28
f 136/32/32 171/71/109 172/72/110
f 172/72/110 168/67/63 136/32/32
f 121/17/17 144/40/40 143/39/105
f 143/39/105 173/73/68 121/17/17
f 125/21/21 148/44/44 147/43/106
f 147/43/106 174/74/69 125/21/21
f 133/29/29 152/48/48 151/47/47
f 151/47/47 175/75/70 133/29/29
f 129/25/25 156/52/107 155/51/51
f 155/51/51 176/76/71 129/25/25
f 173/73/68 143/39/105 158/54/53
f 158/54/53 177/77/72 173/73/68
f 174/74/69 147/43/106 118/14/14
f 118/14/14 117/13/13 174/74/69
f 175/75/70 151/47/47 161/57/56
f 161/57/56 178/78/111 175/75/70
f 176/76/71 155/51/51 163/59/58
f 163/59/58 179/79/74 176/76/71
f 180/80/75 171/71/109 181/81/76
f 181/81/76 182/82/77 180/80/75
f 178/78/111 183/83/78 184/84/79
f 184/84/79 185/85/80 178/78/111
f 156/52/107 140/70/36 139/86/104
f 139/86/104 153/49/49 156/52/107
f 145/41/41 186/87/81 135/31/31
f 135/31/31 134/30/30 145/41/41
f 187/88/82 188/89/83 138/34/34
f 138/34/34 189/90/84 187/88/82
f 134/30/30 133/29/29 175/75/70
f 175/75/70 190/91/42 134/30/30
f 122/18/103 191/92/86 154/50/50
f 154/50/50 153/49/49 122/18/103
f 175/75/70 178/78/111 185/85/80
f 185/85/80 190/91/42 175/75/70
f 191/92/86 192/93/87 162/58/57
f 162/58/57 154/50/50 191/92/86
f 182/82/77 181/81/76 114/10/10
f 114/10/10 113/9/9 182/82/77
f 185/85/80 184/84/79 193/94/88
f 193/94/88 159/55/54 185/85/80
f 153/49/49 139/86/104 123/19/19
f 123/19/19 122/18/103 153/49/49
f 134/30/30 190/91/42 146/42/42
f 146/42/42 145/41/41 134/30/30
f 190/91/42 185/85/80 159/55/54
f 159/55/54 146/42/42 190/91/42
f 148/44/44 169/68/64 186/87/81
f 186/87/81 145/41/41 148/44/44
f 194/95/89 170/96/65 188/89/83
f 188/89/83 187/88/82 194/95/89
f 122/18/103 121/17/17 173/73/68
f 173/73/68 191/92/86 122/18/103
f 173/73/68 177/77/72 192/93/87
f 192/93/87 191/92/86 173/73/68
f 195/97/90 196/98/91 106/2/2
f 106/2/2 105/1/1 195/97/90
f 131/27/27 197/99/92 198/100/93
f 198/100/93 110/6/6 131/27/27
f 158/54/53 157/53/16 199/101/15
f 199/101/15 177/77/72 158/54/53
f 144/40/40 166/64/108 200/102/94
f 200/102/94 141/37/37 144/40/40
f 149/45/45 197/99/92 131/27/27
f 131/27/27 130/26/26 149/45/45
f 126/22/22 201/103/38 142/38/38
f 142/38/38 141/37/37 126/22/22
f 130/26/26 129/25/25 176/76/71
f 176/76/71 202/104/95 130/26/26
f 201/103/38 120/16/16 157/53/16
f 157/53/16 142/38/38 201/103/38
f 176/76/71 179/79/74 203/105/96
f 203/105/96 202/104/95 176/76/71
f 162/58/57 204/106/97 205/107/98
f 205/107/98 163/59/58 162/58/57
f 162/58/57 192/93/87 206/108/99
f 206/108/99 204/106/97 162/58/57
f 157/53/16 120/16/16 119/15/15
f 119/15/15 199/101/15 157/53/16
f 141/37/37 200/102/94 127/23/23
f 127/23/23 126/22/22 141/37/37
f 130/26/26 202/104/95 150/46/46
f 150/46/46 149/45/45 130/26/26
f 202/104/95 203/105/96 160/56/55
f 160/56/55 150/46/46 202/104/95
f 204/106/97 184/84/79 183/83/78
f 183/83/78 205/107/98 204/106/97
f 184/84/79 204/106/97 206/108/99
f 206/108/99 193/94/88 184/84/79
f 195/97/90 165/63/60 164/62/59
f 164/62/59 196/98/91 195/97/90
f 197/99/92 168/67/63 172/72/110
f 172/72/110 198/100/93 197/99/92
f 152/48/48 168/67/63 197/99/92
f 197/99/92 149/45/45 152/48/48
f 126/22/22 125/21/21 174/74/69
f 174/74/69 201/103/38 126/22/22
f 174/74/69 117/13/13 120/16/16
f 120/16/16 201/103/38 174/74/69
f 106/2/2 200/102/94 166/64/108
f 166/64/108 107/3/3 106/2/2
f 132/28/28 131/27/27 110/6/6
f 110/6/6 109/5/102 132/28/28
f 186/109/81 169/110/64 115/11/11
f 115/11/11 114/10/10 186/109/81
f 167/111/62 189/90/84 138/34/34
f 138/34/34 137/33/33 167/111/62
f 169/68/64 128/24/24 164/62/59
f 164/62/59 115/61/11 169/68/64
f 140/70/36 132/28/28 109/5/102
f 109/5/102 137/66/33 140/70/36
f 194/112/89 108/4/4 107/3/3
f 107/3/3 170/69/65 194/112/89
f 180/80/75 207/113/100 172/72/110
f 172/72/110 171/71/109 180/80/75
f 136/32/32 135/114/31 181/81/76
f 181/81/76 171/71/109 136/32/32
f 123/115/19 139/35/104 138/34/34
f 138/34/34 188/89/83 123/115/19
f 135/114/31 186/109/81 114/10/10
f 114/10/10 181/81/76 135/114/31
f 124/116/20 123/115/19 188/89/83
f 188/89/83 170/96/65 124/116/20
f 127/23/23 200/102/94 106/2/2
f 106/2/2 196/98/91 127/23/23
f 208/117/101 111/7/7 110/6/6
f 110/6/6 198/100/93 208/117/101
f 128/24/24 127/23/23 196/98/91
f 196/98/91 164/62/59 128/24/24
f 207/113/100 208/117/101 198/100/93
f 198/100/93 172/72/110 207/113/100
f 159/55/54 193/94/88 119/15/15
f 119/15/15 118/14/14 159/55/54
f 193/94/88 206/108/99 199/101/15
f 199/101/15 119/15/15 193/94/88
f 206/108/99 192/93/87 177/77/72
f 177/77/72 199/101/15 206/108/99
f 161/57/56 160/56/55 183/83/78
f 183/83/78 178/78/111 161/57/56
f 160/56/55 203/105/96 205/107/98
f 205/107/98 183/83/78 160/56/55
f 205/107/98 203/105/96 179/79/74
f 179/79/74 163/59/58 205/107/98
f 209/1/112 210/2/113 211/3/114
f 211/3/114 212/4/115 209/1/112
f 213/5/116 214/6/117 215/7/118
f 215/7/118 216/8/119 213/5/116
f 217/9/120 218/10/121 219/11/122
f 219/11/122 220/12/123 217/9/120
f 221/13/124 222/14/125 223/15/15
f 223/15/15 224/16/126 221/13/124
f 225/17/127 226/18/128 227/19/129
f 227/19/129 228/20/130 225/17/127
f 229/21/131 230/22/132 231/23/133
f 231/23/133 232/24/134 229/21/131
f 233/25/135 234/26/136 235/27/137
f 235/27/137 236/28/138 233/25/135
f 237/29/139 238/30/140 239/31/141
f 239/31/141 240/32/142 237/29/139
f 241/33/143 242/34/144 243/35/145
f 243/35/145 244/36/146 241/33/143
f 245/37/147 246/38/148 247/39/149
f 247/39/149 248/40/150 245/37/147
f 249/41/151 250/42/152 251/43/153
f 251/43/153 252/44/154 249/41/151
f 253/45/155 254/46/156 255/47/157
f 255/47/157 256/48/158 253/45/155
f 257/49/159 258/50/160 259/51/161
f 259/51/161 260/52/162 257/49/159
f 247/39/149 246/38/148 261/53/126
f 261/53/126 262/54/163 247/39/149
f 250/42/152 263/55/164 222/14/125
f 222/14/125 251/43/153 250/42/152
f 255/47/157 254/46/156 264/56/165
f 264/56/165 265/57/166 255/47/157
f 258/50/160 266/58/167 267/59/168
f 267/59/168 259/51/161 258/50/160
f 220/60/123 219/61/122 268/62/169
f 268/62/169 269/63/170 220/60/123
f 248/40/150 225/17/127 228/20/130
f 228/20/130 270/64/171 248/40/150
f 271/65/172 241/66/143 213/5/116
f 213/5/116 216/8/119 271/65/172
f 256/48/158 237/29/139 240/32/142
f 240/32/142 272/67/173 256/48/158
f 232/24/134 273/68/174 252/44/154
f 252/44/154 229/21/131 232/24/134
f 228/20/130 274/69/175 211/3/114
f 211/3/114 270/64/171 228/20/130
f 236/28/138 244/70/146 260/52/162
f 260/52/162 233/25/135 236/28/138
f 240/32/142 275/71/176 276/72/177
f 276/72/177 272/67/173 240/32/142
f 225/17/127 248/40/150 247/39/149
f 247/39/149 277/73/178 225/17/127
f 229/21/131 252/44/154 251/43/153
f 251/43/153 278/74/179 229/21/131
f 237/29/139 256/48/158 255/47/157
f 255/47/157 279/75/180 237/29/139
f 233/25/135 260/52/162 259/51/161
f 259/51/161 280/76/181 233/25/135
f 277/73/178 247/39/149 262/54/163
f 262/54/163 281/77/182 277/73/178
f 278/74/179 251/43/153 222/14/125
f 222/14/125 221/13/124 278/74/179
f 279/75/180 255/47/157 265/57/166
f 265/57/166 282/78/183 279/75/180
f 280/76/181 259/51/161 267/59/168
f 267/59/168 283/79/184 280/76/181
f 284/80/185 275/71/176 285/81/186
f 285/81/186 286/82/187 284/80/185
f 282/78/183 287/83/188 288/84/189
f 288/84/189 289/85/190 282/78/183
f 260/52/162 244/70/146 243/86/145
f 243/86/145 257/49/159 260/52/162
f 249/41/151 290/87/191 239/31/141
f 239/31/141 238/30/140 249/41/151
f 291/88/192 292/89/193 242/34/144
f 242/34/144 293/90/194 291/88/192
f 238/30/140 237/29/139 279/75/180
f 279/75/180 294/91/152 238/30/140
f 226/18/128 295/92/195 258/50/160
f 258/50/160 257/49/159 226/18/128
f 279/75/180 282/78/183 289/85/190
f 289/85/190 294/91/152 279/75/180
f 295/92/195 296/93/196 266/58/167
f 266/58/167 258/50/160 295/92/195
f 286/82/187 285/81/186 218/10/121
f 218/10/121 217/9/120 286/82/187
f 289/85/190 288/84/189 297/94/197
f 297/94/197 263/55/164 289/85/190
f 257/49/159 243/86/145 227/19/129
f 227/19/129 226/18/128 257/49/159
f 238/30/140 294/91/152 250/42/152
f 250/42/152 249/41/151 238/30/140
f 294/91/152 289/85/190 263/55/164
f 263/55/164 250/42/152 294/91/152
f 252/44/154 273/68/174 290/87/191
f 290/87/191 249/41/151 252/44/154
f 298/95/198 274/96/175 292/89/193
f 292/89/193 291/88/192 298/95/198
f 226/18/128 225/17/127 277/73/178
f 277/73/178 295/92/195 226/18/128
f 277/73/178 281/77/182 296/93/196
f 296/93/196 295/92/195 277/73/178
f 299/97/199 300/98/200 210/2/113
f 210/2/113 209/1/112 299/97/199
f 235/27/137 301/99/201 302/100/202
f 302/100/202 214/6/117 235/27/137
f 262/54/163 261/53/126 303/101/15
f 303/101/15 281/77/182 262/54/163
f 248/40/150 270/64/171 304/102/203
f 304/102/203 245/37/147 248/40/150
f 253/45/155 301/99/201 235/27/137
f 235/27/137 234/26/136 253/45/155
f 230/22/132 305/103/148 246/38/148
f 246/38/148 245/37/147 230/22/132
f 234/26/136 233/25/135 280/76/181
f 280/76/181 306/104/204 234/26/136
f 305/103/148 224/16/126 261/53/126
f 261/53/126 246/38/148 305/103/148
f 280/76/181 283/79/184 307/105/205
f 307/105/205 306/104/204 280/76/181
f 266/58/167 308/106/206 309/107/207
f 309/107/207 267/59/168 266/58/167
f 266/58/167 296/93/196 310/108/208
f 310/108/208 308/106/206 266/58/167
f 261/53/126 224/16/126 223/15/15
f 223/15/15 303/101/15 261/53/126
f 245/37/147 304/102/203 231/23/133
f 231/23/133 230/22/132 245/37/147
f 234/26/136 306/104/204 254/46/156
f 254/46/156 253/45/155 234/26/136
f 306/104/204 307/105/205 264/56/165
f 264/56/165 254/46/156 306/104/204
f 308/106/206 288/84/189 287/83/188
f 287/83/188 309/107/207 308/106/206
f 288/84/189 308/106/206 310/108/208
f 310/108/208 297/94/197 288/84/189
f 299/97/199 269/63/170 268/62/169
f 268/62/169 300/98/200 299/97/199
f 301/99/201 272/67/173 276/72/177
f 276/72/177 302/100/202 301/99/201
f 256/48/158 272/67/173 301/99/201
f 301/99/201 253/45/155 256/48/158
f 230/22/132 229/21/131 278/74/179
f 278/74/179 305/103/148 230/22/132
f 278/74/179 221/13/124 224/16/126
f 224/16/126 305/103/148 278/74/179
f 210/2/113 304/102/203 270/64/171
f 270/64/171 211/3/114 210/2/113
f 236/28/138 235/27/137 214/6/117
f 214/6/117 213/5/116 236/28/138
f 290/109/191 273/110/174 219/11/122
f 219/11/122 218/10/121 290/109/191
f 271/111/172 293/90/194 242/34/144
f 242/34/144 241/33/143 271/111/172
f 273/68/174 232/24/134 268/62/169
f 268/62/169 219/61/122 273/68/174
f 244/70/146 236/28/138 213/5/116
f 213/5/116 241/66/143 244/70/146
f 298/112/198 212/4/115 211/3/114
f 211/3/114 274/69/175 298/112/198
f 284/80/185 311/113/209 276/72/177
f 276/72/177 275/71/176 284/80/185
f 240/32/142 239/114/141 285/81/186
f 285/81/186 275/71/176 240/32/142
f 227/115/129 243/35/145 242/34/144
f 242/34/144 292/89/193 227/115/129
f 239/114/141 290/109/191 218/10/121
f 218/10/121 285/81/186 239/114/141
f 228/116/130 227/115/129 292/89/193
f 292/89/193 274/96/175 228/116/130
f 231/23/133 304/102/203 210/2/113
f 210/2/113 300/98/200 231/23/133
f 312/117/210 215/7/118 214/6/117
f 214/6/117 302/100/202 312/117/210
f 232/24/134 231/23/133 300/98/200
f 300/98/200 268/62/169 232/24/134
f 311/113/209 312/117/210 302/100/202
f 302/100/202 276/72/177 311/113/209
f 263/55/164 297/94/197 223/15/15
f 223/15/15 222/14/125 263/55/164
f 297/94/197 310/108/208 303/101/15
f 303/101/15 223/15/15 297/94/197
f 310/108/208 296/93/196 281/77/182
f 281/77/182 303/101/15 310/108/208
f 265/57/166 264/56/165 287/83/188
f 287/83/188 282/78/183 265/57/166
f 264/56/165 307/105/205 309/107/207
f 309/107/207 287/83/188 264/56/165
f 309/107/207 307/105/205 283/79/184
f 283/79/184 267/59/168 309/107/207
f 313/1/211 314/2/212 315/3/213
f 315/3/213 316/4/214 313/1/211
f 317/5/215 318/6/216 319/7/217
f 319/7/217 320/8/218 317/5/215
f 321/9/219 322/10/220 323/11/221
f 323/11/221 324/12/222 321/9/219
f 325/13/223 326/14/224 327/15/15
f 327/15/15 328/16/225 325/13/223
f 329/17/139 330/18/226 331/19/227
f 331/19/227 332/20/228 329/17/139
f 333/21/135 334/22/229 335/23/230
f 335/23/230 336/24/231 333/21/135
f 337/25/131 338/26/232 339/27/233
f 339/27/233 340/28/234 337/25/131
f 341/29/127 342/30/235 343/31/236
f 343/31/236 344/32/237 341/29/127
f 345/33/238 346/34/239 347/35/240
f 347/35/240 348/36/241 345/33/238
f 349/37/242 350/38/243 351/39/244
f 351/39/244 352/40/245 349/37/242
f 353/41/246 354/42/247 355/43/248
f 355/43/248 356/44/249 353/41/246
f 357/45/250 358/46/251 359/47/252
f 359/47/252 360/48/253 357/45/250
f 361/49/254 362/50/255 363/51/256
f 363/51/256 364/52/257 361/49/254
f 351/39/244 350/38/243 365/53/225
f 365/53/225 366/54/258 351/39/244
f 354/42/247 367/55/259 326/14/224
f 326/14/224 355/43/248 354/42/247
f 359/47/252 358/46/251 368/56/260
f 368/56/260 369/57/261 359/47/252
f 362/50/255 370/58/262 371/59/263
f 371/59/263 363/51/256 362/50/255
f 324/60/222 323/61/221 372/62/264
f 372/62/264 373/63/265 324/60/222
f 352/40/245 329/17/139 332/20/228
f 332/20/228 374/64/266 352/40/245
f 375/65/267 345/66/238 317/5/215
f 317/5/215 320/8/218 375/65/267
f 360/48/253 341/29/127 344/32/237
f 344/32/237 376/67/268 360/48/253
f 336/24/231 377/68/269 356/44/249
f 356/44/249 333/21/135 336/24/231
f 332/20/228 378/69/270 315/3/213
f 315/3/213 374/64/266 332/20/228
f 340/28/234 348/70/241 364/52/257
f 364/52/257 337/25/131 340/28/234
f 344/32/237 379/71/271 380/72/272
f 380/72/272 376/67/268 344/32/237
f 329/17/139 352/40/245 351/39/244
f 351/39/244 381/73/273 329/17/139
f 333/21/135 356/44/249 355/43/248
f 355/43/248 382/74/274 333/21/135
f 341/29/127 360/48/253 359/47/252
f 359/47/252 383/75/275 341/29/127
f 337/25/131 364/52/257 363/51/256
f 363/51/256 384/76/276 337/25/131
f 381/73/273 351/39/244 366/54/258
f 366/54/258 385/77/277 381/73/273
f 382/74/274 355/43/248 326/14/224
f 326/14/224 325/13/223 382/74/274
f 383/75/275 359/47/252 369/57/261
f 369/57/261 386/78/278 383/75/275
f 384/76/276 363/51/256 371/59/263
f 371/59/263 387/79/279 384/76/276
f 388/80/280 379/71/271 389/81/281
f 389/81/281 390/82/282 388/80/280
f 386/78/278 391/83/283 392/84/284
f 392/84/284 393/85/285 386/78/278
f 364/52/257 348/70/241 347/86/240
f 347/86/240 361/49/254 364/52/257
f 353/41/246 394/87/286 343/31/236
f 343/31/236 342/30/235 353/41/246
f 395/88/287 396/89/288 346/34/239
f 346/34/239 397/90/289 395/88/287
f 342/30/235 341/29/127 383/75/275
f 383/75/275 398/91/247 342/30/235
f 330/18/226 399/92/290 362/50/255
f 362/50/255 361/49/254 330/18/226
f 383/75/275 386/78/278 393/85/285
f 393/85/285 398/91/247 383/75/275
f 399/92/290 400/93/291 370/58/262
f 370/58/262 362/50/255 399/92/290
f 390/82/282 389/81/281 322/10/220
f 322/10/220 321/9/219 390/82/282
f 393/85/285 392/84/284 401/94/292
f 401/94/292 367/55/259 393/85/285
f 361/49/254 347/86/240 331/19/227
f 331/19/227 330/18/226 361/49/254
f 342/30/235 398/91/247 354/42/247
f 354/42/247 353/41/246 342/30/235
f 398/91/247 393/85/285 367/55/259
f 367/55/259 354/42/247 398/91/247
f 356/44/249 377/68/269 394/87/286
f 394/87/286 353/41/246 356/44/249
f 402/95/293 378/96/270 396/89/288
f 396/89/288 395/88/287 402/95/293
f 330/18/226 329/17/139 381/73/273
f 381/73/273 399/92/290 330/18/226
f 381/73/273 385/77/277 400/93/291
f 400/93/291 399/92/290 381/73/273
f 403/97/294 404/98/295 314/2/212
f 314/2/212 313/1/211 403/97/294
f 339/27/233 405/99/296 406/100/297
f 406/100/297 318/6/216 339/27/233
f 366/54/258 365/53/225 407/101/15
f 407/101/15 385/77/277 366/54/258
f 352/40/245 374/64/266 408/102/298
f 408/102/298 349/37/242 352/40/245
f 357/45/250 405/99/296 339/27/233
f 339/27/233 338/26/232 357/45/250
f 334/22/229 409/103/243 350/38/243
f 350/38/243 349/37/242 334/22/229
f 338/26/232 337/25/131 384/76/276
f 384/76/276 410/104/299 338/26/232
f 409/103/243 328/16/225 365/53/225
f 365/53/225 350/38/243 409/103/243
f 384/76/276 387/79/279 411/105/300
f 411/105/300 410/104/299 384/76/276
f 370/58/262 412/106/301 413/107/302
f 413/107/302 371/59/263 370/58/262
f 370/58/262 400/93/291 414/108/303
f 414/108/303 412/106/301 370/58/262
f 365/53/225 328/16/225 327/15/15
f 327/15/15 407/101/15 365/53/225
f 349/37/242 408/102/298 335/23/230
f 335/23/230 334/22/229 349/37/242
f 338/26/232 410/104/299 358/46/251
f 358/46/251 357/45/250 338/26/232
f 410/104/299 411/105/300 368/56/260
f 368/56/260 358/46/251 410/104/299
f 412/106/301 392/84/284 391/83/283
f 391/83/283 413/107/302 412/106/301
f 392/84/284 412/106/301 414/108/303
f 414/108/303 401/94/292 392/84/284
f 403/97/294 373/63/265 372/62/264
f 372/62/264 404/98/295 403/97/294
f 405/99/296 376/67/268 380/72/272
f 380/72/272 406/100/297 405/99/296
f 360/48/253 376/67/268 405/99/296
f 405/99/296 357/45/250 360/48/253
f 334/22/229 333/21/135 382/74/274
f 382/74/274 409/103/243 334/22/229
f 382/74/274 325/13/223 328/16/225
f 328/16/225 409/103/243 382/74/274
f 314/2/212 408/102/298 374/64/266
f 374/64/266 315/3/213 314/2/212
f 340/28/234 339/27/233 318/6/216
f 318/6/216 317/5/215 340/28/234
f 394/109/286 377/110/269 323/11/221
f 323/11/221 322/10/220 394/109/286
f 375/111/267 397/90/289 346/34/239
f 346/34/239 345/33/238 375/111/267
f 377/68/269 336/24/231 372/62/264
f 372/62/264 323/61/221 377/68/269
f 348/70/241 340/28/234 317/5/215
f 317/5/215 345/66/238 348/70/241
f 402/112/293 316/4/214 315/3/213
f 315/3/213 378/69/270 402/112/293
f 388/80/280 415/113/304 380/72/272
f 380/72/272 379/71/271 388/80/280
f 344/32/237 343/114/236 389/81/281
f 389/81/281 379/71/271 344/32/237
f 331/115/227 347/35/240 346/34/239
f 346/34/239 396/89/288 331/115/227
f 343/114/236 394/109/286 322/10/220
f 322/10/220 389/81/281 343/114/236
f 332/116/228 331/115/227 396/89/288
f 396/89/288 378/96/270 332/116/228
f 335/23/230 408/102/298 314/2/212
f 314/2/212 404/98/295 335/23/230
f 416/117/305 319/7/217 318/6/216
f 318/6/216 406/100/297 416/117/305
f 336/24/231 335/23/230 404/98/295
f 404/98/295 372/62/264 336/24/231
f 415/113/304 416/117/305 406/100/297
f 406/100/297 380/72/272 415/113/304
f 367/55/259 401/94/292 327/15/15
f 327/15/15 326/14/224 367/55/259
f 401/94/292 414/108/303 407/101/15
f 407/101/15 327/15/15 401/94/292
f 414/108/303 400/93/291 385/77/277
f 385/77/277 407/101/15 414/108/303
f 369/57/261 368/56/260 391/83/283
f 391/83/283 386/78/278 369/57/261
f 368/56/260 411/105/300 413/107/302
f 413/107/302 391/83/283 368/56/260
f 413/107/302 411/105/300 387/79/279
f 387/79/279 371/59/263 413/107/302
f 417/1/112 418/2/113 419/3/114
f 419/3/114 420/4/115 417/1/112
f 421/5/306 422/6/117 423/7/118
f 423/7/118 424/8/119 421/5/306
f 425/9/120 426/10/121 427/11/122
f 427/11/122 428/12/123 425/9/120
f 429/13/307 430/14/125 431/15/15
f 431/15/15 432/16/126 429/13/307
f 433/17/127 434/18/128 435/19/129
f 435/19/129 436/20/130 433/17/127
f 437/21/131 438/22/132 439/23/133
f 439/23/133 440/24/134 437/21/131
f 441/25/135 442/26/136 443/27/137
f 443/27/137 444/28/138 441/25/135
f 445/29/139 446/30/140 447/31/141
f 447/31/141 448/32/142 445/29/139
f 449/33/143 450/34/144 451/35/308
f 451/35/308 452/36/146 449/33/143
f 453/37/147 454/38/148 455/39/309
f 455/39/309 456/40/310 453/37/147
f 457/41/151 458/42/152 459/43/153
f 459/43/153 460/44/154 457/41/151
f 461/45/155 462/46/156 463/47/157
f 463/47/157 464/48/158 461/45/155
f 465/49/159 466/50/160 467/51/161
f 467/51/161 468/52/162 465/49/159
f 455/39/309 454/38/148 469/53/126
f 469/53/126 470/54/163 455/39/309
f 458/42/152 471/55/164 430/14/125
f 430/14/125 459/43/153 458/42/152
f 463/47/157 462/46/156 472/56/165
f 472/56/165 473/57/166 463/47/157
f 466/50/160 474/58/167 475/59/168
f 475/59/168 467/51/161 466/50/160
f 428/60/123 427/61/122 476/62/169
f 476/62/169 477/63/170 428/60/123
f 456/40/310 433/17/127 436/20/130
f 436/20/130 478/64/311 456/40/310
f 479/65/172 449/66/143 421/5/306
f 421/5/306 424/8/119 479/65/172
f 464/48/158 445/29/139 448/32/142
f 448/32/142 480/67/173 464/48/158
f 440/24/134 481/68/174 460/44/154
f 460/44/154 437/21/131 440/24/134
f 436/20/130 482/69/175 419/3/114
f 419/3/114 478/64/311 436/20/130
f 444/28/138 452/70/146 468/52/162
f 468/52/162 441/25/135 444/28/138
f 448/32/142 483/71/176 484/72/177
f 484/72/177 480/67/173 448/32/142
f 433/17/127 456/40/310 455/39/309
f 455/39/309 485/73/178 433/17/127
f 437/21/131 460/44/154 459/43/153
f 459/43/153 486/74/312 437/21/131
f 445/29/139 464/48/158 463/47/157
f 463/47/157 487/75/180 445/29/139
f 441/25/135 468/52/162 467/51/161
f 467/51/161 488/76/181 441/25/135
f 485/73/178 455/39/309 470/54/163
f 470/54/163 489/77/182 485/73/178
f 486/74/312 459/43/153 430/14/125
f 430/14/125 429/13/307 486/74/312
f 487/75/180 463/47/157 473/57/166
f 473/57/166 490/78/183 487/75/180
f 488/76/181 467/51/161 475/59/168
f 475/59/168 491/79/184 488/76/181
f 492/80/185 483/71/176 493/81/186
f 493/81/186 494/82/187 492/80/185
f 490/78/183 495/83/188 496/84/189
f 496/84/189 497/85/190 490/78/183
f 468/52/162 452/70/146 451/86/308
f 451/86/308 465/49/159 468/52/162
f 457/41/151 498/87/191 447/31/141
f 447/31/141 446/30/140 457/41/151
f 499/88/192 500/89/193 450/34/144
f 450/34/144 501/90/194 499/88/192
f 446/30/140 445/29/139 487/75/180
f 487/75/180 502/91/152 446/30/140
f 434/18/128 503/92/313 466/50/160
f 466/50/160 465/49/159 434/18/128
f 487/75/180 490/78/183 497/85/190
f 497/85/190 502/91/152 487/75/180
f 503/92/313 504/93/196 474/58/167
f 474/58/167 466/50/160 503/92/313
f 494/82/187 493/81/186 426/10/121
f 426/10/121 425/9/120 494/82/187
f 497/85/190 496/84/189 505/94/197
f 505/94/197 471/55/164 497/85/190
f 465/49/159 451/86/308 435/19/129
f 435/19/129 434/18/128 465/49/159
f 446/30/140 502/91/152 458/42/152
f 458/42/152 457/41/151 446/30/140
f 502/91/152 497/85/190 471/55/164
f 471/55/164 458/42/152 502/91/152
f 460/44/154 481/68/174 498/87/191
f 498/87/191 457/41/151 460/44/154
f 506/95/198 482/96/175 500/89/193
f 500/89/193 499/88/192 506/95/198
f 434/18/128 433/17/127 485/73/178
f 485/73/178 503/92/313 434/18/128
f 485/73/178 489/77/182 504/93/196
f 504/93/196 503/92/313 485/73/178
f 507/97/199 508/98/200 418/2/113
f 418/2/113 417/1/112 507/97/199
f 443/27/137 509/99/201 510/100/202
f 510/100/202 422/6/117 443/27/137
f 470/54/163 469/53/126 511/101/15
f 511/101/15 489/77/182 470/54/163
f 456/40/310 478/64/311 512/102/203
f 512/102/203 453/37/147 456/40/310
f 461/45/155 509/99/201 443/27/137
f 443/27/137 442/26/136 461/45/155
f 438/22/132 513/103/148 454/38/148
f 454/38/148 453/37/147 438/22/132
f 442/26/136 441/25/135 488/76/181
f 488/76/181 514/104/204 442/26/136
f 513/103/148 432/16/126 469/53/126
f 469/53/126 454/38/148 513/103/148
f 488/76/181 491/79/184 515/105/205
f 515/105/205 514/104/204 488/76/181
f 474/58/167 516/106/206 517/107/207
f 517/107/207 475/59/168 474/58/167
f 474/58/167 504/93/196 518/108/208
f 518/108/208 516/106/206 474/58/167
f 469/53/126 432/16/126 431/15/15
f 431/15/15 511/101/15 469/53/126
f 453/37/147 512/102/203 439/23/133
f 439/23/133 438/22/132 453/37/147
f 442/26/136 514/104/204 462/46/156
f 462/46/156 461/45/155 442/26/136
f 514/104/204 515/105/205 472/56/165
f 472/56/165 462/46/156 514/104/204
f 516/106/206 496/84/189 495/83/188
f 495/83/188 517/107/207 516/106/206
f 496/84/189 516/106/206 518/108/208
f 518/108/208 505/94/197 496/84/189
f 507/97/199 477/63/170 476/62/169
f 476/62/169 508/98/200 507/97/199
f 509/99/201 480/67/173 484/72/177
f 484/72/177 510/100/202 509/99/201
f 464/48/158 480/67/173 509/99/201
f 509/99/201 461/45/155 464/48/158
f 438/22/132 437/21/131 486/74/312
f 486/74/312 513/103/148 438/22/132
f 486/74/312 429/13/307 432/16/126
f 432/16/126 513/103/148 486/74/312
f 418/2/113 512/102/203 478/64/311
f 478/64/311 419/3/114 418/2/113
f 444/28/138 443/27/137 422/6/117
f 422/6/117 421/5/306 444/28/138
f 498/109/191 481/110/174 427/11/122
f 427/11/122 426/10/121 498/109/191
f 479/111/172 501/90/194 450/34/144
f 450/34/144 449/33/143 479/111/172
f 481/68/174 440/24/134 476/62/169
f 476/62/169 427/61/122 481/68/174
f 452/70/146 444/28/138 421/5/306
f 421/5/306 449/66/143 452/70/146
f 506/112/198 420/4/115 419/3/114
f 419/3/114 482/69/175 506/112/198
f 492/80/185 519/113/209 484/72/177
f 484/72/177 483/71/176 492/80/185
f 448/32/142 447/114/141 493/81/186
f 493/81/186 483/71/176 448/32/142
f 435/115/129 451/35/308 450/34/144
f 450/34/144 500/89/193 435/115/129
f 447/114/141 498/109/191 426/10/121
f 426/10/121 493/81/186 447/114/141
f 436/116/130 435/115/129 500/89/193
f 500/89/193 482/96/175 436/116/130
f 439/23/133 512/102/203 418/2/113
f 418/2/113 508/98/200 439/23/133
f 520/117/210 423/7/118 422/6/117
f 422/6/117 510/100/202 520/117/210
f 440/24/134 439/23/133 508/98/200
f 508/98/200 476/62/169 440/24/134
f 519/113/209 520/117/210 510/100/202
f 510/100/202 484/72/177 519/113/209
f 471/55/164 505/94/197 431/15/15
f 431/15/15 430/14/125 471/55/164
f 505/94/197 518/108/208 511/101/15
f 511/101/15 431/15/15 505/94/197
f 518/108/208 504/93/196 489/77/182
f 489/77/182 511/101/15 518/108/208
f 473/57/166 472/56/165 495/83/188
f 495/83/188 490/78/183 473/57/166
f 472/56/165 515/105/205 517/107/207
f 517/107/207 495/83/188 472/56/165
f 517/107/207 515/105/205 491/79/184
f 491/79/184 475/59/168 517/107/207
f 521/1/314 522/2/315 523/3/316
f 523/3/316 524/4/317 521/1/314
f 525/5/318 526/6/319 527/7/320
f 527/7/320 528/8/321 525/5/318
f 529/9/322 530/10/323 531/11/324
f 531/11/324 532/12/325 529/9/322
f 533/13/326 534/14/327 535/15/15
f 535/15/15 536/16/328 533/13/326
f 537/17/329 538/18/330 539/19/331
f 539/19/331 540/20/332 537/17/329
f 541/21/333 542/22/334 543/23/335
f 543/23/335 544/24/336 541/21/333
f 545/25/337 546/26/338 547/27/339
f 547/27/339 548/28/340 545/25/337
f 549/29/341 550/30/342 551/31/343
f 551/31/343 552/32/344 549/29/341
f 553/33/345 554/34/346 555/35/347
f 555/35/347 556/36/348 553/33/345
f 557/37/349 558/38/350 559/39/351
f 559/39/351 560/40/352 557/37/349
f 561/41/353 562/42/354 563/43/355
f 563/43/355 564/44/356 561/41/353
f 565/45/357 566/46/358 567/47/359
f 567/47/359 568/48/360 565/45/357
f 569/49/361 570/50/362 571/51/363
f 571/51/363 572/52/364 569/49/361
f 559/39/351 558/38/350 573/53/328
f 573/53/328 574/54/365 559/39/351
f 562/42/354 575/55/366 534/14/327
f 534/14/327 563/43/355 562/42/354
f 567/47/359 566/46/358 576/56/367
f 576/56/367 577/57/368 567/47/359
f 570/50/362 578/58/369 579/59/370
f 579/59/370 571/51/363 570/50/362
f 532/60/325 531/61/324 580/62/371
f 580/62/371 581/63/372 532/60/325
f 560/40/352 537/17/329 540/20/332
f 540/20/332 582/64/373 560/40/352
f 583/65/374 553/66/345 525/5/318
f 525/5/318 528/8/321 583/65/374
f 568/48/360 549/29/341 552/32/344
f 552/32/344 584/67/375 568/48/360
f 544/24/336 585/68/376 564/44/356
f 564/44/356 541/21/333 544/24/336
f 540/20/332 586/69/377 523/3/316
f 523/3/316 582/64/373 540/20/332
f 548/28/340 556/70/348 572/52/364
f 572/52/364 545/25/337 548/28/340
f 552/32/344 587/71/378 588/72/379
f 588/72/379 584/67/375 552/32/344
f 537/17/329 560/40/352 559/39/351
f 559/39/351 589/73/380 537/17/329
f 541/21/333 564/44/356 563/43/355
f 563/43/355 590/74/381 541/21/333
f 549/29/341 568/48/360 567/47/359
f 567/47/359 591/75/382 549/29/341
f 545/25/337 572/52/364 571/51/363
f 571/51/363 592/76/383 545/25/337
f 589/73/380 559/39/351 574/54/365
f 574/54/365 593/77/384 589/73/380
f 590/74/381 563/43/355 534/14/327
f 534/14/327 533/13/326 590/74/381
f 591/75/382 567/47/359 577/57/368
f 577/57/368 594/78/385 591/75/382
f 592/76/383 571/51/363 579/59/370
f 579/59/370 595/79/386 592/76/383
f 596/80/387 587/71/378 597/81/388
f 597/81/388 598/82/389 596/80/387
f 594/78/385 599/83/390 600/84/391
f 600/84/391 601/85/392 594/78/385
f 572/52/364 556/70/348 555/86/347
f 555/86/347 569/49/361 572/52/364
f 561/41/353 602/87/393 551/31/343
f 551/31/343 550/30/342 561/41/353
f 603/88/394 604/89/395 554/34/346
f 554/34/346 605/90/396 603/88/394
f 550/30/342 549/29/341 591/75/382
f 591/75/382 606/91/354 550/30/342
f 538/18/330 607/92/397 570/50/362
f 570/50/362 569/49/361 538/18/330
f 591/75/382 594/78/385 601/85/392
f 601/85/392 606/91/354 591/75/382
f 607/92/397 608/93/398 578/58/369
f 578/58/369 570/50/362 607/92/397
f 598/82/389 597/81/388 530/10/323
f 530/10/323 529/9/322 598/82/389
f 601/85/392 600/84/391 609/94/399
f 609/94/399 575/55/366 601/85/392
f 569/49/361 555/86/347 539/19/331
f 539/19/331 538/18/330 569/49/361
f 550/30/342 606/91/354 562/42/354
f 562/42/354 561/41/353 550/30/342
f 606/91/354 601/85/392 575/55/366
f 575/55/366 562/42/354 606/91/354
f 564/44/356 585/68/376 602/87/393
f 602/87/393 561/41/353 564/44/356
f 610/95/400 586/96/377 604/89/395
f 604/89/395 603/88/394 610/95/400
f 538/18/330 537/17/329 589/73/380
f 589/73/380 607/92/397 538/18/330
f 589/73/380 593/77/384 608/93/398
f 608/93/398 607/92/397 589/73/380
f 611/97/401 612/98/402 522/2/315
f 522/2/315 521/1/314 611/97/401
f 547/27/339 613/99/403 614/100/404
f 614/100/404 526/6/319 547/27/339
f 574/54/365 573/53/328 615/101/15
f 615/101/15 593/77/384 574/54/365
f 560/40/352 582/64/373 616/102/405
f 616/102/405 557/37/349 560/40/352
f 565/45/357 613/99/403 547/27/339
f 547/27/339 546/26/338 565/45/357
f 542/22/334 617/103/350 558/38/350
f 558/38/350 557/37/349 542/22/334
f 546/26/338 545/25/337 592/76/383
f 592/76/383 618/104/406 546/26/338
f 617/103/350 536/16/328 573/53/328
f 573/53/328 558/38/350 617/103/350
f 592/76/383 595/79/386 619/105/407
f 619/105/407 618/104/406 592/76/383
f 578/58/369 620/106/408 621/107/409
f 621/107/409 579/59/370 578/58/369
f 578/58/369 608/93/398 622/108/410
f 622/108/410 620/106/408 578/58/369
f 573/53/328 536/16/328 535/15/15
f 535/15/15 615/101/15 573/53/328
f 557/37/349 616/102/405 543/23/335
f 543/23/335 542/22/334 557/37/349
f 546/26/338 618/104/406 566/46/358
f 566/46/358 565/45/357 546/26/338
f 618/104/406 619/105/407 576/56/367
f 576/56/367 566/46/358 618/104/406
f 620/106/408 600/84/391 599/83/390
f 599/83/390 621/107/409 620/106/408
f 600/84/391 620/106/408 622/108/410
f 622/108/410 609/94/399 600/84/391
f 611/97/401 581/63/372 580/62/371
f 580/62/371 612/98/402 611/97/401
f 613/99/403 584/67/375 588/72/379
f 588/72/379 614/100/404 613/99/403
f 568/48/360 584/67/375 613/99/403
f 613/99/403 565/45/357 568/48/360
f 542/22/334 541/21/333 590/74/381
f 590/74/381 617/103/350 542/22/334
f 590/74/381 533/13/326 536/16/328
f 536/16/328 617/103/350 590/74/381
f 522/2/315 616/102/405 582/64/373
f 582/64/373 523/3/316 522/2/315
f 548/28/340 547/27/339 526/6/319
f 526/6/319 525/5/318 548/28/340
f 602/109/393 585/110/376 531/11/324
f 531/11/324 530/10/323 602/109/393
f 583/111/374 605/90/396 554/34/346
f 554/34/346 553/33/345 583/111/374
f 585/68/376 544/24/336 580/62/371
f 580/62/371 531/61/324 585/68/376
f 556/70/348 548/28/340 525/5/318
f 525/5/318 553/66/345 556/70/348
f 610/112/400 524/4/317 523/3/316
f 523/3/316 586/69/377 610/112/400
f 596/80/387 623/113/411 588/72/379
f 588/72/379 587/71/378 596/80/387
f 552/32/344 551/114/343 597/81/388
f 597/81/388 587/71/378 552/32/344
f 539/115/331 555/35/347 554/34/346
f 554/34/346 604/89/395 539/115/331
f 551/114/343 602/109/393 530/10/323
f 530/10/323 597/81/388 551/114/343
f 540/116/332 539/115/331 604/89/395
f 604/89/395 586/96/377 540/116/332
f 543/23/335 616/102/405 522/2/315
f 522/2/315 612/98/402 543/23/335
f 624/117/412 527/7/320 526/6/319
f 526/6/319 614/100/404 624/117/412
f 544/24/336 543/23/335 612/98/402
f 612/98/402 580/62/371 544/24/336
f 623/113/411 624/117/412 614/100/404
f 614/100/404 588/72/379 623/113/411
f 575/55/366 609/94/399 535/15/15
f 535/15/15 534/14/327 575/55/366
f 609/94/399 622/108/410 615/101/15
f 615/101/15 535/15/15 609/94/399
f 622/108/410 608/93/398 593/77/384
f 593/77/384 615/101/15 622/108/410
f 577/57/368 576/56/367 599/83/390
f 599/83/390 594/78/385 577/57/368
f 576/56/367 619/105/407 621/107/409
f 621/107/409 599/83/390 576/56/367
f 621/107/409 619/105/407 595/79/386
f 595/79/386 579/59/370 621/107/409
f 625/1/211 626/2/413 627/3/213
f 627/3/213 628/4/214 625/1/211
f 629/5/414 630/6/216 631/7/217
f 631/7/217 632/8/218 629/5/414
f 633/9/219 634/10/220 635/11/221
f 635/11/221 636/12/222 633/9/219
f 637/13/223 638/14/224 639/15/15
f 639/15/15 640/16/225 637/13/223
f 641/17/139 642/18/415 643/19/227
f 643/19/227 644/20/228 641/17/139
f 645/21/135 646/22/229 647/23/230
f 647/23/230 648/24/231 645/21/135
f 649/25/131 650/26/416 651/27/233
f 651/27/233 652/28/234 649/25/131
f 653/29/127 654/30/235 655/31/236
f 655/31/236 656/32/237 653/29/127
f 657/33/238 658/34/239 659/35/240
f 659/35/240 660/36/241 657/33/238
f 661/37/242 662/38/243 663/39/244
f 663/39/244 664/40/245 661/37/242
f 665/41/246 666/42/247 667/43/248
f 667/43/248 668/44/249 665/41/246
f 669/45/250 670/46/251 671/47/252
f 671/47/252 672/48/253 669/45/250
f 673/49/254 674/50/255 675/51/256
f 675/51/256 676/52/257 673/49/254
f 663/39/244 662/38/243 677/53/225
f 677/53/225 678/54/258 663/39/244
f 666/42/247 679/55/259 638/14/224
f 638/14/224 667/43/248 666/42/247
f 671/47/252 670/46/251 680/56/260
f 680/56/260 681/57/261 671/47/252
f 674/50/255 682/58/262 683/59/263
f 683/59/263 675/51/256 674/50/255
f 636/60/222 635/61/221 684/62/264
f 684/62/264 685/63/265 636/60/222
f 664/40/245 641/17/139 644/20/228
f 644/20/228 686/64/417 664/40/245
f 687/65/267 657/66/238 629/5/414
f 629/5/414 632/8/218 687/65/267
f 672/48/253 653/29/127 656/32/237
f 656/32/237 688/67/268 672/48/253
f 648/24/231 689/68/269 668/44/249
f 668/44/249 645/21/135 648/24/231
f 644/20/228 690/69/270 627/3/213
f 627/3/213 686/64/417 644/20/228
f 652/28/234 660/70/241 676/52/257
f 676/52/257 649/25/131 652/28/234
f 656/32/237 691/71/271 692/72/272
f 692/72/272 688/67/268 656/32/237
f 641/17/139 664/40/245 663/39/244
f 663/39/244 693/73/273 641/17/139
f 645/21/135 668/44/249 667/43/248
f 667/43/248 694/74/418 645/21/135
f 653/29/127 672/48/253 671/47/252
f 671/47/252 695/75/275 653/29/127
f 649/25/131 676/52/257 675/51/256
f 675/51/256 696/76/276 649/25/131
f 693/73/273 663/39/244 678/54/258
f 678/54/258 697/77/277 693/73/273
f 694/74/418 667/43/248 638/14/224
f 638/14/224 637/13/223 694/74/418
f 695/75/275 671/47/252 681/57/261
f 681/57/261 698/78/278 695/75/275
f 696/76/276 675/51/256 683/59/263
f 683/59/263 699/79/279 696/76/276
f 700/80/280 691/71/271 701/81/281
f 701/81/281 702/82/282 700/80/280
f 698/78/278 703/83/283 704/84/284
f 704/84/284 705/85/285 698/78/278
f 676/52/257 660/70/241 659/86/240
f 659/86/240 673/49/254 676/52/257
f 665/41/246 706/87/286 655/31/236
f 655/31/236 654/30/235 665/41/246
f 707/88/287 708/89/288 658/34/239
f 658/34/239 709/90/289 707/88/287
f 654/30/235 653/29/127 695/75/275
f 695/75/275 710/91/247 654/30/235
f 642/18/415 711/92/290 674/50/255
f 674/50/255 673/49/254 642/18/415
f 695/75/275 698/78/278 705/85/285
f 705/85/285 710/91/247 695/75/275
f 711/92/290 712/93/291 682/58/262
f 682/58/262 674/50/255 711/92/290
f 702/82/282 701/81/281 634/10/220
f 634/10/220 633/9/219 702/82/282
f 705/85/285 704/84/284 713/94/292
f 713/94/292 679/55/259 705/85/285
f 673/49/254 659/86/240 643/19/227
f 643/19/227 642/18/415 673/49/254
f 654/30/235 710/91/247 666/42/247
f 666/42/247 665/41/246 654/30/235
f 710/91/247 705/85/285 679/55/259
f 679/55/259 666/42/247 710/91/247
f 668/44/249 689/68/269 706/87/286
f 706/87/286 665/41/246 668/44/249
f 714/95/293 690/96/270 708/89/288
f 708/89/288 707/88/287 714/95/293
f 642/18/415 641/17/139 693/73/273
f 693/73/273 711/92/290 642/18/415
f 693/73/273 697/77/277 712/93/291
f 712/93/291 711/92/290 693/73/273
f 715/97/294 716/98/295 626/2/413
f 626/2/413 625/1/211 715/97/294
f 651/27/233 717/99/296 718/100/297
f 718/100/297 630/6/216 651/27/233
f 678/54/258 677/53/225 719/101/15
f 719/101/15 697/77/277 678/54/258
f 664/40/245 686/64/417 720/102/298
f 720/102/298 661/37/242 664/40/245
f 669/45/250 717/99/296 651/27/233
f 651/27/233 650/26/416 669/45/250
f 646/22/229 721/103/243 662/38/243
f 662/38/243 661/37/242 646/22/229
f 650/26/416 649/25/131 696/76/276
f 696/76/276 722/104/299 650/26/416
f 721/103/243 640/16/225 677/53/225
f 677/53/225 662/38/243 721/103/243
f 696/76/276 699/79/279 723/105/300
f 723/105/300 722/104/299 696/76/276
f 682/58/262 724/106/301 725/107/302
f 725/107/302 683/59/263 682/58/262
f 682/58/262 712/93/291 726/108/303
f 726/108/303 724/106/301 682/58/262
f 677/53/225 640/16/225 639/15/15
f 639/15/15 719/101/15 677/53/225
f 661/37/242 720/102/298 647/23/230
f 647/23/230 646/22/229 661/37/242
f 650/26/416 722/104/299 670/46/251
f 670/46/251 669/45/250 650/26/416
f 722/104/299 723/105/300 680/56/260
f 680/56/260 670/46/251 722/104/299
f 724/106/301 704/84/284 703/83/283
f 703/83/283 725/107/302 724/106/301
f 704/84/284 724/106/301 726/108/303
f 726/108/303 713/94/292 704/84/284
f 715/97/294 685/63/265 684/62/264
f 684/62/264 716/98/295 715/97/294
f 717/99/296 688/67/268 692/72/272
f 692/72/272 718/100/297 717/99/296
f 672/48/253 688/67/268 717/99/296
f 717/99/296 669/45/250 672/48/253
f 646/22/229 645/21/135 694/74/418
f 694/74/418 721/103/243 646/22/229
f 694/74/418 637/13/223 640/16/225
f 640/16/225 721/103/243 694/74/418
f 626/2/413 720/102/298 686/64/417
f 686/64/417 627/3/213 626/2/413
f 652/28/234 651/27/233 630/6/216
f 630/6/216 629/5/414 652/28/234
f 706/109/286 689/110/269 635/11/221
f 635/11/221 634/10/220 706/109/286
f 687/111/267 709/90/289 658/34/239
f 658/34/239 657/33/238 687/111/267
f 689/68/269 648/24/231 684/62/264
f 684/62/264 635/61/221 689/68/269
f 660/70/241 652/28/234 629/5/414
f 629/5/414 657/66/238 660/70/241
f 714/112/293 628/4/214 627/3/213
f 627/3/213 690/69/270 714/112/293
f 700/80/280 727/113/304 692/72/272
f 692/72/272 691/71/271 700/80/280
f 656/32/237 655/114/236 701/81/281
f 701/81/281 691/71/271 656/32/237
f 643/115/227 659/35/240 658/34/239
f 658/34/239 708/89/288 643/115/227
f 655/114/236 706/109/286 634/10/220
f 634/10/220 701/81/281 655/114/236
f 644/116/228 643/115/227 708/89/288
f 708/89/288 690/96/270 644/116/228
f 647/23/230 720/102/298 626/2/413
f 626/2/413 716/98/295 647/23/230
f 728/117/305 631/7/217 630/6/216
f 630/6/216 718/100/297 728/117/305
f 648/24/231 647/23/230 716/98/295
f 716/98/295 684/62/264 648/24/231
f 727/113/304 728/117/305 718/100/297
f 718/100/297 692/72/272 727/113/304
f 679/55/259 713/94/292 639/15/15
f 639/15/15 638/14/224 679/55/259
f 713/94/292 726/108/303 719/101/15
f 719/101/15 639/15/15 713/94/292
f 726/108/303 712/93/291 697/77/277
f 697/77/277 719/101/15 726/108/303
f 681/57/261 680/56/260 703/83/283
f 703/83/283 698/78/278 681/57/261
f 680/56/260 723/105/300 725/107/302
f 725/107/302 703/83/283 680/56/260
f 725/107/302 723/105/300 699/79/279
f 699/79/279 683/59/263 725/107/302
f 729/1/211 730/2/212 731/3/213
f 731/3/213 732/4/214 729/1/211
f 733/5/414 734/6/216 735/7/217
f 735/7/217 736/8/218 733/5/414
f 737/9/219 738/10/220 739/11/221
f 739/11/221 740/12/222 737/9/219
f 741/13/223 742/14/224 743/15/15
f 743/15/15 744/16/225 741/13/223
f 745/17/139 746/18/415 747/19/227
f 747/19/227 748/20/228 745/17/139
f 749/21/135 750/22/229 751/23/230
f 751/23/230 752/24/231 749/21/135
f 753/25/131 754/26/232 755/27/233
f 755/27/233 756/28/234 753/25/131
f 757/29/127 758/30/235 759/31/236
f 759/31/236 760/32/237 757/29/127
f 761/33/238 762/34/239 763/35/240
f 763/35/240 764/36/241 761/33/238
f 765/37/242 766/38/243 767/39/244
f 767/39/244 768/40/245 765/37/242
f 769/41/246 770/42/247 771/43/248
f 771/43/248 772/44/249 769/41/246
f 773/45/250 774/46/251 775/47/252
f 775/47/252 776/48/253 773/45/250
f 777/49/254 778/50/255 779/51/256
f 779/51/256 780/52/257 777/49/254
f 767/39/244 766/38/243 781/53/225
f 781/53/225 782/54/258 767/39/244
f 770/42/247 783/55/259 742/14/224
f 742/14/224 771/43/248 770/42/247
f 775/47/252 774/46/251 784/56/260
f 784/56/260 785/57/261 775/47/252
f 778/50/255 786/58/262 787/59/263
f 787/59/263 779/51/256 778/50/255
f 740/60/222 739/61/221 788/62/264
f 788/62/264 789/63/265 740/60/222
f 768/40/245 745/17/139 748/20/228
f 748/20/228 790/64/266 768/40/245
f 791/65/267 761/66/238 733/5/414
f 733/5/414 736/8/218 791/65/267
f 776/48/253 757/29/127 760/32/237
f 760/32/237 792/67/268 776/48/253
f 752/24/231 793/68/269 772/44/249
f 772/44/249 749/21/135 752/24/231
f 748/20/228 794/69/270 731/3/213
f 731/3/213 790/64/266 748/20/228
f 756/28/234 764/70/241 780/52/257
f 780/52/257 753/25/131 756/28/234
f 760/32/237 795/71/271 796/72/272
f 796/72/272 792/67/268 760/32/237
f 745/17/139 768/40/245 767/39/244
f 767/39/244 797/73/273 745/17/139
f 749/21/135 772/44/249 771/43/248
f 771/43/248 798/74/418 749/21/135
f 757/29/127 776/48/253 775/47/252
f 775/47/252 799/75/275 757/29/127
f 753/25/131 780/52/257 779/51/256
f 779/51/256 800/76/276 753/25/131
f 797/73/273 767/39/244 782/54/258
f 782/54/258 801/77/277 797/73/273
f 798/74/418 771/43/248 742/14/224
f 742/14/224 741/13/223 798/74/418
f 799/75/275 775/47/252 785/57/261
f 785/57/261 802/78/278 799/75/275
f 800/76/276 779/51/256 787/59/263
f 787/59/263 803/79/279 800/76/276
f 804/80/280 795/71/271 805/81/281
f 805/81/281 806/82/282 804/80/280
f 802/78/278 807/83/283 808/84/284
f 808/84/284 809/85/285 802/78/278
f 780/52/257 764/70/241 763/86/240
f 763/86/240 777/49/254 780/52/257
f 769/41/246 810/87/286 759/31/236
f 759/31/236 758/30/235 769/41/246
f 811/88/287 812/89/288 762/34/239
f 762/34/239 813/90/289 811/88/287
f 758/30/235 757/29/127 799/75/275
f 799/75/275 814/91/247 758/30/235
f 746/18/415 815/92/290 778/50/255
f 778/50/255 777/49/254 746/18/415
f 799/75/275 802/78/278 809/85/285
f 809/85/285 814/91/247 799/75/275
f 815/92/290 816/93/291 786/58/262
f 786/58/262 778/50/255 815/92/290
f 806/82/282 805/81/281 738/10/220
f 738/10/220 737/9/219 806/82/282
f 809/85/285 808/84/284 817/94/292
f 817/94/292 783/55/259 809/85/285
f 777/49/254 763/86/240 747/19/227
f 747/19/227 746/18/415 777/49/254
f 758/30/235 814/91/247 770/42/247
f 770/42/247 769/41/246 758/30/235
f 814/91/247 809/85/285 783/55/259
f 783/55/259 770/42/247 814/91/247
f 772/44/249 793/68/269 810/87/286
f 810/87/286 769/41/246 772/44/249
f 818/95/293 794/96/270 812/89/288
f 812/89/288 811/88/287 818/95/293
f 746/18/415 745/17/139 797/73/273
f 797/73/273 815/92/290 746/18/415
f 797/73/273 801/77/277 816/93/291
f 816/93/291 815/92/290 797/73/273
f 819/97/294 820/98/295 730/2/212
f 730/2/212 729/1/211 819/97/294
f 755/27/233 821/99/296 822/100/297
f 822/100/297 734/6/216 755/27/233
f 782/54/258 781/53/225 823/101/15
f 823/101/15 801/77/277 782/54/258
f 768/40/245 790/64/266 824/102/298
f 824/102/298 765/37/242 768/40/245
f 773/45/250 821/99/296 755/27/233
f 755/27/233 754/26/232 773/45/250
f 750/22/229 825/103/243 766/38/243
f 766/38/243 765/37/242 750/22/229
f 754/26/232 753/25/131 800/76/276
f 800/76/276 826/104/299 754/26/232
f 825/103/243 744/16/225 781/53/225
f 781/53/225 766/38/243 825/103/243
f 800/76/276 803/79/279 827/105/300
f 827/105/300 826/104/299 800/76/276
f 786/58/262 828/106/301 829/107/302
f 829/107/302 787/59/263 786/58/262
f 786/58/262 816/93/291 830/108/303
f 830/108/303 828/106/301 786/58/262
f 781/53/225 744/16/225 743/15/15
f 743/15/15 823/101/15 781/53/225
f 765/37/242 824/102/298 751/23/230
f 751/23/230 750/22/229 765/37/242
f 754/26/232 826/104/299 774/46/251
f 774/46/251 773/45/250 754/26/232
f 826/104/299 827/105/300 784/56/260
f 784/56/260 774/46/251 826/104/299
f 828/106/301 808/84/284 807/83/283
f 807/83/283 829/107/302 828/106/301
f 808/84/284 828/106/301 830/108/303
f 830/108/303 817/94/292 808/84/284
f 819/97/294 789/63/265 788/62/264
f 788/62/264 820/98/295 819/97/294
f 821/99/296 792/67/268 796/72/272
f 796/72/272 822/100/297 821/99/296
f 776/48/253 792/67/268 821/99/296
f 821/99/296 773/45/250 776/48/253
f 750/22/229 749/21/135 798/74/418
f 798/74/418 825/103/243 750/22/229
f 798/74/418 741/13/223 744/16/225
f 744/16/225 825/103/243 798/74/418
f 730/2/212 824/102/298 790/64/266
f 790/64/266 731/3/213 730/2/212
f 756/28/234 755/27/233 734/6/216
f 734/6/216 733/5/414 756/28/234
f 810/109/286 793/110/269 739/11/221
f 739/11/221 738/10/220 810/109/286
f 791/111/267 813/90/289 762/34/239
f 762/34/239 761/33/238 791/111/267
f 793/68/269 752/24/231 788/62/264
f 788/62/264 739/61/221 793/68/269
f 764/70/241 756/28/234 733/5/414
f 733/5/414 761/66/238 764/70/241
f 818/112/293 732/4/214 731/3/213
f 731/3/213 794/69/270 818/112/293
f 804/80/280 831/113/304 796/72/272
f 796/72/272 795/71/271 804/80/280
f 760/32/237 759/114/236 805/81/281
f 805/81/281 795/71/271 760/32/237
f 747/115/227 763/35/240 762/34/239
f 762/34/239 812/89/288 747/115/227
f 759/114/236 810/109/286 738/10/220
f 738/10/220 805/81/281 759/114/236
f 748/116/228 747/115/227 812/89/288
f 812/89/288 794/96/270 748/116/228
f 751/23/230 824/102/298 730/2/212
f 730/2/212 820/98/295 751/23/230
f 832/117/305 735/7/217 734/6/216
f 734/6/216 822/100/297 832/117/305
f 752/24/231 751/23/230 820/98/295
f 820/98/295 788/62/264 752/24/231
f 831/113/304 832/117/305 822/100/297
f 822/100/297 796/72/272 831/113/304
f 783/55/259 817/94/292 743/15/15
f 743/15/15 742/14/224 783/55/259
f 817/94/292 830/108/303 823/101/15
f 823/101/15 743/15/15 817/94/292
f 830/108/303 816/93/291 801/77/277
f 801/77/277 823/101/15 830/108/303
f 785/57/261 784/56/260 807/83/283
f 807/83/283 802/78/278 785/57/261
f 784/56/260 827/105/300 829/107/302
f 829/107/302 807/83/283 784/56/260
f 829/107/302 827/105/300 803/79/279
f 803/79/279 787/59/263 829/107/302
f 833/1/419 834/2/420 835/3/421
f 835/3/421 836/4/422 833/1/419
f 837/5/423 838/6/424 839/7/425
f 839/7/425 840/8/426 837/5/423
f 841/9/427 842/10/428 843/11/429
f 843/11/429 844/12/430 841/9/427
f 845/13/431 846/14/432 847/15/15
f 847/15/15 848/16/433 845/13/431
f 849/17/434 850/18/435 851/19/436
f 851/19/436 852/20/437 849/17/434
f 853/21/438 854/22/439 855/23/440
f 855/23/440 856/24/441 853/21/438
f 857/25/442 858/26/443 859/27/444
f 859/27/444 860/28/445 857/25/442
f 861/29/446 862/30/447 863/31/448
f 863/31/448 864/32/449 861/29/446
f 865/33/450 866/34/451 867/35/452
f 867/35/452 868/36/453 865/33/450
f 869/37/454 870/38/455 871/39/456
f 871/39/456 872/40/457 869/37/454
f 873/41/458 874/42/459 875/43/460
f 875/43/460 876/44/461 873/41/458
f 877/45/462 878/46/463 879/47/464
f 879/47/464 880/48/465 877/45/462
f 881/49/466 882/50/467 883/51/468
f 883/51/468 884/52/469 881/49/466
f 871/39/456 870/38/455 885/53/433
f 885/53/433 886/54/470 871/39/456
f 874/42/459 887/55/471 846/14/432
f 846/14/432 875/43/460 874/42/459
f 879/47/464 878/46/463 888/56/472
f 888/56/472 889/57/473 879/47/464
f 882/50/467 890/58/474 891/59/475
f 891/59/475 883/51/468 882/50/467
f 844/60/430 843/61/429 892/62/476
f 892/62/476 893/63/477 844/60/430
f 872/40/457 849/17/434 852/20/437
f 852/20/437 894/64/478 872/40/457
f 895/65/479 865/66/450 837/5/423
f 837/5/423 840/8/426 895/65/479
f 880/48/465 861/29/446 864/32/449
f 864/32/449 896/67/480 880/48/465
f 856/24/441 897/68/481 876/44/461
f 876/44/461 853/21/438 856/24/441
f 852/20/437 898/69/482 835/3/421
f 835/3/421 894/64/478 852/20/437
f 860/28/445 868/70/453 884/52/469
f 884/52/469 857/25/442 860/28/445
f 864/32/449 899/71/483 900/72/484
f 900/72/484 896/67/480 864/32/449
f 849/17/434 872/40/457 871/39/456
f 871/39/456 901/73/485 849/17/434
f 853/21/438 876/44/461 875/43/460
f 875/43/460 902/74/486 853/21/438
f 861/29/446 880/48/465 879/47/464
f 879/47/464 903/75/487 861/29/446
f 857/25/442 884/52/469 883/51/468
f 883/51/468 904/76/488 857/25/442
f 901/73/485 871/39/456 886/54/470
f 886/54/470 905/77/489 901/73/485
f 902/74/486 875/43/460 846/14/432
f 846/14/432 845/13/431 902/74/486
f 903/75/487 879/47/464 889/57/473
f 889/57/473 906/78/490 903/75/487
f 904/76/488 883/51/468 891/59/475
f 891/59/475 907/79/491 904/76/488
f 908/80/492 899/71/483 909/81/493
f 909/81/493 910/82/494 908/80/492
f 906/78/490 911/83/495 912/84/496
f 912/84/496 913/85/497 906/78/490
f 884/52/469 868/70/453 867/86/452
f 867/86/452 881/49/466 884/52/469
f 873/41/458 914/87/498 863/31/448
f 863/31/448 862/30/447 873/41/458
f 915/88/499 916/89/500 866/34/451
f 866/34/451 917/90/501 915/88/499
f 862/30/447 861/29/446 903/75/487
f 903/75/487 918/91/459 862/30/447
f 850/18/435 919/92/502 882/50/467
f 882/50/467 881/49/466 850/18/435
f 903/75/487 906/78/490 913/85/497
f 913/85/497 918/91/459 903/75/487
f 919/92/502 920/93/503 890/58/474
f 890/58/474 882/50/467 919/92/502
f 910/82/494 909/81/493 842/10/428
f 842/10/428 841/9/427 910/82/494
f 913/85/497 912/84/496 921/94/504
f 921/94/504 887/55/471 913/85/497
f 881/49/466 867/86/452 851/19/436
f 851/19/436 850/18/435 881/49/466
f 862/30/447 918/91/459 874/42/459
f 874/42/459 873/41/458 862/30/447
f 918/91/459 913/85/497 887/55/471
f 887/55/471 874/42/459 918/91/459
f 876/44/461 897/68/481 914/87/498
f 914/87/498 873/41/458 876/44/461
f 922/95/505 898/96/482 916/89/500
f 916/89/500 915/88/499 922/95/505
f 850/18/435 849/17/434 901/73/485
f 901/73/485 919/92/502 850/18/435
f 901/73/485 905/77/489 920/93/503
f 920/93/503 919/92/502 901/73/485
f 923/97/506 924/98/507 834/2/420
f 834/2/420 833/1/419 923/97/506
f 859/27/444 925/99/508 926/100/509
f 926/100/509 838/6/424 859/27/444
f 886/54/470 885/53/433 927/101/15
f 927/101/15 905/77/489 886/54/470
f 872/40/457 894/64/478 928/102/510
f 928/102/510 869/37/454 872/40/457
f 877/45/462 925/99/508 859/27/444
f 859/27/444 858/26/443 877/45/462
f 854/22/439 929/103/455 870/38/455
f 870/38/455 869/37/454 854/22/439
f 858/26/443 857/25/442 904/76/488
f 904/76/488 930/104/511 858/26/443
f 929/103/455 848/16/433 885/53/433
f 885/53/433 870/38/455 929/103/455
f 904/76/488 907/79/491 931/105/512
f 931/105/512 930/104/511 904/76/488
f 890/58/474 932/106/513 933/107/514
f 933/107/514 891/59/475 890/58/474
f 890/58/474 920/93/503 934/108/515
f 934/108/515 932/106/513 890/58/474
f 885/53/433 848/16/433 847/15/15
f 847/15/15 927/101/15 885/53/433
f 869/37/454 928/102/510 855/23/440
f 855/23/440 854/22/439 869/37/454
f 858/26/443 930/104/511 878/46/463
f 878/46/463 877/45/462 858/26/443
f 930/104/511 931/105/512 888/56/472
f 888/56/472 878/46/463 930/104/511
f 932/106/513 912/84/496 911/83/495
f 911/83/495 933/107/514 932/106/513
f 912/84/496 932/106/513 934/108/515
f 934/108/515 921/94/504 912/84/496
f 923/97/506 893/63/477 892/62/476
f 892/62/476 924/98/507 923/97/506
f 925/99/508 896/67/480 900/72/484
f 900/72/484 926/100/509 925/99/508
f 880/48/465 896/67/480 925/99/508
f 925/99/508 877/45/462 880/48/465
f 854/22/439 853/21/438 902/74/486
f 902/74/486 929/103/455 854/22/439
f 902/74/486 845/13/431 848/16/433
f 848/16/433 929/103/455 902/74/486
f 834/2/420 928/102/510 894/64/478
f 894/64/478 835/3/421 834/2/420
f 860/28/445 859/27/444 838/6/424
f 838/6/424 837/5/423 860/28/445
f 914/109/498 897/110/481 843/11/429
f 843/11/429 842/10/428 914/109/498
f 895/111/479 917/90/501 866/34/451
f 866/34/451 865/33/450 895/111/479
f 897/68/481 856/24/441 892/62/476
f 892/62/476 843/61/429 897/68/481
f 868/70/453 860/28/445 837/5/423
f 837/5/423 865/66/450 868/70/453
f 922/112/505 836/4/422 835/3/421
f 835/3/421 898/69/482 922/112/505
f 908/80/492 935/113/516 900/72/484
f 900/72/484 899/71/483 908/80/492
f 864/32/449 863/114/448 909/81/493
f 909/81/493 899/71/483 864/32/449
f 851/115/436 867/35/452 866/34/451
f 866/34/451 916/89/500 851/115/436
f 863/114/448 914/109/498 842/10/428
f 842/10/428 909/81/493 863/114/448
f 852/116/437 851/115/436 916/89/500
f 916/89/500 898/96/482 852/116/437
f 855/23/440 928/102/510 834/2/420
f 834/2/420 924/98/507 855/23/440
f 936/117/517 839/7/425 838/6/424
f 838/6/424 926/100/509 936/117/517
f 856/24/441 855/23/440 924/98/507
f 924/98/507 892/62/476 856/24/441
f 935/113/516 936/117/517 926/100/509
f 926/100/509 900/72/484 935/113/516
f 887/55/471 921/94/504 847/15/15
f 847/15/15 846/14/432 887/55/471
f 921/94/504 934/108/515 927/101/15
f 927/101/15 847/15/15 921/94/504
f 934/108/515 920/93/503 905/77/489
f 905/77/489 927/101/15 934/108/515
f 889/57/473 888/56/472 911/83/495
f 911/83/495 906/78/490 889/57/473
f 888/56/472 931/105/512 933/107/514
f 933/107/514 911/83/495 888/56/472
f 933/107/514 931/105/512 907/79/491
f 907/79/491 891/59/475 933/107/514
f 937/1/518 938/2/519 939/3/520
f 939/3/520 940/4/521 937/1/518
f 941/5/522 942/6/523 943/7/524
f 943/7/524 944/8/525 941/5/522
f 945/9/526 946/10/527 947/11/528
f 947/11/528 948/12/529 945/9/526
f 949/13/530 950/14/531 951/15/15
f 951/15/15 952/16/532 949/13/530
f 953/17/533 954/18/534 955/19/535
f 955/19/535 956/20/536 953/17/533
f 957/21/537 958/22/538 959/23/539
f 959/23/539 960/24/540 957/21/537
f 961/25/541 962/26/542 963/27/543
f 963/27/543 964/28/544 961/25/541
f 965/29/545 966/30/546 967/31/547
f 967/31/547 968/32/548 965/29/545
f 969/33/549 970/34/550 971/35/551
f 971/35/551 972/36/552 969/33/549
f 973/37/553 974/38/554 975/39/555
f 975/39/555 976/40/556 973/37/553
f 977/41/557 978/42/558 979/43/559
f 979/43/559 980/44/560 977/41/557
f 981/45/561 982/46/562 983/47/563
f 983/47/563 984/48/564 981/45/561
f 985/49/565 986/50/566 987/51/567
f 987/51/567 988/52/568 985/49/565
f 975/39/555 974/38/554 989/53/532
f 989/53/532 990/54/569 975/39/555
f 978/42/558 991/55/570 950/14/531
f 950/14/531 979/43/559 978/42/558
f 983/47/563 982/46/562 992/56/571
f 992/56/571 993/57/572 983/47/563
f 986/50/566 994/58/573 995/59/574
f 995/59/574 987/51/567 986/50/566
f 948/60/529 947/61/528 996/62/575
f 996/62/575 997/63/576 948/60/529
f 976/40/556 953/17/533 956/20/536
f 956/20/536 998/64/577 976/40/556
f 999/65/578 969/66/549 941/5/522
f 941/5/522 944/8/525 999/65/578
f 984/48/564 965/29/545 968/32/548
f 968/32/548 1000/67/579 984/48/564
f 960/24/540 1001/68/580 980/44/560
f 980/44/560 957/21/537 960/24/540
f 956/20/536 1002/69/581 939/3/520
f 939/3/520 998/64/577 956/20/536
f 964/28/544 972/70/552 988/52/568
f 988/52/568 961/25/541 964/28/544
f 968/32/548 1003/71/582 1004/72/583
f 1004/72/583 1000/67/579 968/32/548
f 953/17/533 976/40/556 975/39/555
f 975/39/555 1005/73/584 953/17/533
f 957/21/537 980/44/560 979/43/559
f 979/43/559 1006/74/585 957/21/537
f 965/29/545 984/48/564 983/47/563
f 983/47/563 1007/75/586 965/29/545
f 961/25/541 988/52/568 987/51/567
f 987/51/567 1008/76/587 961/25/541
f 1005/73/584 975/39/555 990/54/569
f 990/54/569 1009/77/588 1005/73/584
f 1006/74/585 979/43/559 950/14/531
f 950/14/531 949/13/530 1006/74/585
f 1007/75/586 983/47/563 993/57/572
f 993/57/572 1010/78/589 1007/75/586
f 1008/76/587 987/51/567 995/59/574
f 995/59/574 1011/79/590 1008/76/587
f 1012/80/591 1003/71/582 1013/81/592
f 1013/81/592 1014/82/593 1012/80/591
f 1010/78/589 1015/83/594 1016/84/595
f 1016/84/595 1017/85/596 1010/78/589
f 988/52/568 972/70/552 971/86/551
f 971/86/551 985/49/565 988/52/568
f 977/41/557 1018/87/597 967/31/547
f 967/31/547 966/30/546 977/41/557
f 1019/88/598 1020/89/599 970/34/550
f 970/34/550 1021/90/600 1019/88/598
f 966/30/546 965/29/545 1007/75/586
f 1007/75/586 1022/91/558 966/30/546
f 954/18/534 1023/92/601 986/50/566
f 986/50/566 985/49/565 954/18/534
f 1007/75/586 1010/78/589 1017/85/596
f 1017/85/596 1022/91/558 1007/75/586
f 1023/92/601 1024/93/602 994/58/573
f 994/58/573 986/50/566 1023/92/601
f 1014/82/593 1013/81/592 946/10/527
f 946/10/527 945/9/526 1014/82/593
f 1017/85/596 1016/84/595 1025/94/603
f 1025/94/603 991/55/570 1017/85/596
f 985/49/565 971/86/551 955/19/535
f 955/19/535 954/18/534 985/49/565
f 966/30/546 1022/91/558 978/42/558
f 978/42/558 977/41/557 966/30/546
f 1022/91/558 1017/85/596 991/55/570
f 991/55/570 978/42/558 1022/91/558
f 980/44/560 1001/68/580 1018/87/597
f 1018/87/597 977/41/557 980/44/560
f 1026/95/604 1002/96/581 1020/89/599
f 1020/89/599 1019/88/598 1026/95/604
f 954/18/534 953/17/533 1005/73/584
f 1005/73/584 1023/92/601 954/18/534
f 1005/73/584 1009/77/588 1024/93/602
f 1024/93/602 1023/92/601 1005/73/584
f 1027/97/605 1028/98/606 938/2/519
f 938/2/519 937/1/518 1027/97/605
f 963/27/543 1029/99/607 1030/100/608
f 1030/100/608 942/6/523 963/27/543
f 990/54/569 989/53/532 1031/101/15
f 1031/101/15 1009/77/588 990/54/569
f 976/40/556 998/64/577 1032/102/609
f 1032/102/609 973/37/553 976/40/556
f 981/45/561 1029/99/607 963/27/543
f 963/27/543 962/26/542 981/45/561
f 958/22/538 1033/103/554 974/38/554
f 974/38/554 973/37/553 958/22/538
f 962/26/542 961/25/541 1008/76/587
f 1008/76/587 1034/104/610 962/26/542
f 1033/103/554 952/16/532 989/53/532
f 989/53/532 974/38/554 1033/103/554
f 1008/76/587 1011/79/590 1035/105/611
f 1035/105/611 1034/104/610 1008/76/587
f 994/58/573 1036/106/612 1037/107/613
f 1037/107/613 995/59/574 994/58/573
f 994/58/573 1024/93/602 1038/108/614
f 1038/108/614 1036/106/612 994/58/573
f 989/53/532 952/16/532 951/15/15
f 951/15/15 1031/101/15 989/53/532
f 973/37/553 1032/102/609 959/23/539
f 959/23/539 958/22/538 973/37/553
f 962/26/542 1034/104/610 982/46/562
f 982/46/562 981/45/561 962/26/542
f 1034/104/610 1035/105/611 992/56/571
f 992/56/571 982/46/562 1034/104/610
f 1036/106/612 1016/84/595 1015/83/594
f 1015/83/594 1037/107/613 1036/106/612
f 1016/84/595 1036/106/612 1038/108/614
f 1038/108/614 1025/94/603 1016/84/595
f 1027/97/605 997/63/576 996/62/575
f 996/62/575 1028/98/606 1027/97/605
f 1029/99/607 1000/67/579 1004/72/583
f 1004/72/583 1030/100/608 1029/99/607
f 984/48/564 1000/67/579 1029/99/607
f 1029/99/607 981/45/561 984/48/564
f 958/22/538 957/21/537 1006/74/585
f 1006/74/585 1033/103/554 958/22/538
f 1006/74/585 949/13/530 952/16/532
f 952/16/532 1033/103/554 1006/74/585
f 938/2/519 1032/102/609 998/64/577
f 998/64/577 939/3/520 938/2/519
f 964/28/544 963/27/543 942/6/523
f 942/6/523 941/5/522 964/28/544
f 1018/109/597 1001/110/580 947/11/528
f 947/11/528 946/10/527 1018/109/597
f 999/111/578 1021/90/600 970/34/550
f 970/34/550 969/33/549 999/111/578
f 1001/68/580 960/24/540 996/62/575
f 996/62/575 947/61/528 1001/68/580
f 972/70/552 964/28/544 941/5/522
f 941/5/522 969/66/549 972/70/552
f 1026/112/604 940/4/521 939/3/520
f 939/3/520 1002/69/581 1026/112/604
f 1012/80/591 1039/113/615 1004/72/583
f 1004/72/583 1003/71/582 1012/80/591
f 968/32/548 967/114/547 1013/81/592
f 1013/81/592 1003/71/582 968/32/548
f 955/115/535 971/35/551 970/34/550
f 970/34/550 1020/89/599 955/115/535
f 967/114/547 1018/109/597 946/10/527
f 946/10/527 1013/81/592 967/114/547
f 956/116/536 955/115/535 1020/89/599
f 1020/89/599 1002/96/581 956/116/536
f 959/23/539 1032/102/609 938/2/519
f 938/2/519 1028/98/606 959/23/539
f 1040/117/616 943/7/524 942/6/523
f 942/6/523 1030/100/608 1040/117/616
f 960/24/540 959/23/539 1028/98/606
f 1028/98/606 996/62/575 960/24/540
f 1039/113/615 1040/117/616 1030/100/608
f 1030/100/608 1004/72/583 1039/113/615
f 991/55/570 1025/94/603 951/15/15
f 951/15/15 950/14/531 991/55/570
f 1025/94/603 1038/108/614 1031/101/15
f 1031/101/15 951/15/15 1025/94/603
f 1038/108/614 1024/93/602 1009/77/588
f 1009/77/588 1031/101/15 1038/108/614
f 993/57/572 992/56/571 1015/83/594
f 1015/83/594 1010/78/589 993/57/572
f 992/56/571 1035/105/611 1037/107/613
f 1037/107/613 1015/83/594 992/56/571
f 1037/107/613 1035/105/611 1011/79/590
f 1011/79/590 995/59/574 1037/107/613
f 1041/1/617 1042/2/618 1043/3/619
f 1043/3/619 1044/4/620 1041/1/617
f 1045/5/621 1046/6/622 1047/7/623
f 1047/7/623 1048/8/624 1045/5/621
f 1049/9/625 1050/10/626 1051/11/627
f 1051/11/627 1052/12/628 1049/9/625
f 1053/13/629 1054/14/630 1055/15/15
f 1055/15/15 1056/16/433 1053/13/629
f 1057/17/631 1058/18/632 1059/19/633
f 1059/19/633 1060/20/634 1057/17/631
f 1061/21/635 1062/22/439 1063/23/440
f 1063/23/440 1064/24/636 1061/21/635
f 1065/25/637 1066/26/638 1067/27/639
f 1067/27/639 1068/28/640 1065/25/637
f 1069/29/641 1070/30/642 1071/31/643
f 1071/31/643 1072/32/644 1069/29/641
f 1073/33/645 1074/34/646 1075/35/647
f 1075/35/647 1076/36/648 1073/33/645
f 1077/37/454 1078/38/455 1079/39/649
f 1079/39/649 1080/40/650 1077/37/454
f 1081/41/651 1082/42/652 1083/43/653
f 1083/43/653 1084/44/654 1081/41/651
f 1085/45/655 1086/46/656 1087/47/657
f 1087/47/657 1088/48/658 1085/45/655
f 1089/49/659 1090/50/660 1091/51/661
f 1091/51/661 1092/52/662 1089/49/659
f 1079/39/649 1078/38/455 1093/53/433
f 1093/53/433 1094/54/663 1079/39/649
f 1082/42/652 1095/55/664 1054/14/630
f 1054/14/630 1083/43/653 1082/42/652
f 1087/47/657 1086/46/656 1096/56/665
f 1096/56/665 1097/57/666 1087/47/657
f 1090/50/660 1098/58/667 1099/59/668
f 1099/59/668 1091/51/661 1090/50/660
f 1052/60/628 1051/61/627 1100/62/669
f 1100/62/669 1101/63/670 1052/60/628
f 1080/40/650 1057/17/631 1060/20/634
f 1060/20/634 1102/64/671 1080/40/650
f 1103/65/672 1073/66/645 1045/5/621
f 1045/5/621 1048/8/624 1103/65/672
f 1088/48/658 1069/29/641 1072/32/644
f 1072/32/644 1104/67/673 1088/48/658
f 1064/24/636 1105/68/674 1084/44/654
f 1084/44/654 1061/21/635 1064/24/636
f 1060/20/634 1106/69/675 1043/3/619
f 1043/3/619 1102/64/671 1060/20/634
f 1068/28/640 1076/70/648 1092/52/662
f 1092/52/662 1065/25/637 1068/28/640
f 1072/32/644 1107/71/676 1108/72/677
f 1108/72/677 1104/67/673 1072/32/644
f 1057/17/631 1080/40/650 1079/39/649
f 1079/39/649 1109/73/678 1057/17/631
f 1061/21/635 1084/44/654 1083/43/653
f 1083/43/653 1110/74/679 1061/21/635
f 1069/29/641 1088/48/658 1087/47/657
f 1087/47/657 1111/75/680 1069/29/641
f 1065/25/637 1092/52/662 1091/51/661
f 1091/51/661 1112/76/681 1065/25/637
f 1109/73/678 1079/39/649 1094/54/663
f 1094/54/663 1113/77/682 1109/73/678
f 1110/74/679 1083/43/653 1054/14/630
f 1054/14/630 1053/13/629 1110/74/679
f 1111/75/680 1087/47/657 1097/57/666
f 1097/57/666 1114/78/683 1111/75/680
f 1112/76/681 1091/51/661 1099/59/668
f 1099/59/668 1115/79/684 1112/76/681
f 1116/80/685 1107/71/676 1117/81/686
f 1117/81/686 1118/82/687 1116/80/685
f 1114/78/683 1119/83/688 1120/84/689
f 1120/84/689 1121/85/690 1114/78/683
f 1092/52/662 1076/70/648 1075/86/647
f 1075/86/647 1089/49/659 1092/52/662
f 1081/41/651 1122/87/691 1071/31/643
f 1071/31/643 1070/30/642 1081/41/651
f 1123/88/692 1124/89/693 1074/34/646
f 1074/34/646 1125/90/694 1123/88/692
f 1070/30/642 1069/29/641 1111/75/680
f 1111/75/680 1126/91/652 1070/30/642
f 1058/18/632 1127/92/695 1090/50/660
f 1090/50/660 1089/49/659 1058/18/632
f 1111/75/680 1114/78/683 1121/85/690
f 1121/85/690 1126/91/652 1111/75/680
f 1127/92/695 1128/93/696 1098/58/667
f 1098/58/667 1090/50/660 1127/92/695
f 1118/82/687 1117/81/686 1050/10/626
f 1050/10/626 1049/9/625 1118/82/687
f 1121/85/690 1120/84/689 1129/94/504
f 1129/94/504 1095/55/664 1121/85/690
f 1089/49/659 1075/86/647 1059/19/633
f 1059/19/633 1058/18/632 1089/49/659
f 1070/30/642 1126/91/652 1082/42/652
f 1082/42/652 1081/41/651 1070/30/642
f 1126/91/652 1121/85/690 1095/55/664
f 1095/55/664 1082/42/652 1126/91/652
f 1084/44/654 1105/68/674 1122/87/691
f 1122/87/691 1081/41/651 1084/44/654
f 1130/95/697 1106/96/675 1124/89/693
f 1124/89/693 1123/88/692 1130/95/697
f 1058/18/632 1057/17/631 1109/73/678
f 1109/73/678 1127/92/695 1058/18/632
f 1109/73/678 1113/77/682 1128/93/696
f 1128/93/696 1127/92/695 1109/73/678
f 1131/97/698 1132/98/699 1042/2/618
f 1042/2/618 1041/1/617 1131/97/698
f 1067/27/639 1133/99/700 1134/100/701
f 1134/100/701 1046/6/622 1067/27/639
f 1094/54/663 1093/53/433 1135/101/15
f 1135/101/15 1113/77/682 1094/54/663
f 1080/40/650 1102/64/671 1136/102/510
f 1136/102/510 1077/37/454 1080/40/650
f 1085/45/655 1133/99/700 1067/27/639
f 1067/27/639 1066/26/638 1085/45/655
f 1062/22/439 1137/103/455 1078/38/455
f 1078/38/455 1077/37/454 1062/22/439
f 1066/26/638 1065/25/637 1112/76/681
f 1112/76/681 1138/104/511 1066/26/638
f 1137/103/455 1056/16/433 1093/53/433
f 1093/53/433 1078/38/455 1137/103/455
f 1112/76/681 1115/79/684 1139/105/702
f 1139/105/702 1138/104/511 1112/76/681
f 1098/58/667 1140/106/703 1141/107/704
f 1141/107/704 1099/59/668 1098/58/667
f 1098/58/667 1128/93/696 1142/108/705
f 1142/108/705 1140/106/703 1098/58/667
f 1093/53/433 1056/16/433 1055/15/15
f 1055/15/15 1135/101/15 1093/53/433
f 1077/37/454 1136/102/510 1063/23/440
f 1063/23/440 1062/22/439 1077/37/454
f 1066/26/638 1138/104/511 1086/46/656
f 1086/46/656 1085/45/655 1066/26/638
f 1138/104/511 1139/105/702 1096/56/665
f 1096/56/665 1086/46/656 1138/104/511
f 1140/106/703 1120/84/689 1119/83/688
f 1119/83/688 1141/107/704 1140/106/703
f 1120/84/689 1140/106/703 1142/108/705
f 1142/108/705 1129/94/504 1120/84/689
f 1131/97/698 1101/63/670 1100/62/669
f 1100/62/669 1132/98/699 1131/97/698
f 1133/99/700 1104/67/673 1108/72/677
f 1108/72/677 1134/100/701 1133/99/700
f 1088/48/658 1104/67/673 1133/99/700
f 1133/99/700 1085/45/655 1088/48/658
f 1062/22/439 1061/21/635 1110/74/679
f 1110/74/679 1137/103/455 1062/22/439
f 1110/74/679 1053/13/629 1056/16/433
f 1056/16/433 1137/103/455 1110/74/679
f 1042/2/618 1136/102/510 1102/64/671
f 1102/64/671 1043/3/619 1042/2/618
f 1068/28/640 1067/27/639 1046/6/622
f 1046/6/622 1045/5/621 1068/28/640
f 1122/109/691 1105/110/674 1051/11/627
f 1051/11/627 1050/10/626 1122/109/691
f 1103/111/672 1125/90/694 1074/34/646
f 1074/34/646 1073/33/645 1103/111/672
f 1105/68/674 1064/24/636 1100/62/669
f 1100/62/669 1051/61/627 1105/68/674
f 1076/70/648 1068/28/640 1045/5/621
f 1045/5/621 1073/66/645 1076/70/648
f 1130/112/697 1044/4/620 1043/3/619
f 1043/3/619 1106/69/675 1130/112/697
f 1116/80/685 1143/113/706 1108/72/677
f 1108/72/677 1107/71/676 1116/80/685
f 1072/32/644 1071/114/643 1117/81/686
f 1117/81/686 1107/71/676 1072/32/644
f 1059/115/633 1075/35/647 1074/34/646
f 1074/34/646 1124/89/693 1059/115/633
f 1071/114/643 1122/109/691 1050/10/626
f 1050/10/626 1117/81/686 1071/114/643
f 1060/116/634 1059/115/633 1124/89/693
f 1124/89/693 1106/96/675 1060/116/634
f 1063/23/440 1136/102/510 1042/2/618
f 1042/2/618 1132/98/699 1063/23/440
f 1144/117/707 1047/7/623 1046/6/622
f 1046/6/622 1134/100/701 1144/117/707
f 1064/24/636 1063/23/440 1132/98/699
f 1132/98/699 1100/62/669 1064/24/636
f 1143/113/706 1144/117/707 1134/100/701
f 1134/100/701 1108/72/677 1143/113/706
f 1095/55/664 1129/94/504 1055/15/15
f 1055/15/15 1054/14/630 1095/55/664
f 1129/94/504 1142/108/705 1135/101/15
f 1135/101/15 1055/15/15 1129/94/504
f 1142/108/705 1128/93/696 1113/77/682
f 1113/77/682 1135/101/15 1142/108/705
f 1097/57/666 1096/56/665 1119/83/688
f 1119/83/688 1114/78/683 1097/57/666
f 1096/56/665 1139/105/702 1141/107/704
f 1141/107/704 1119/83/688 1096/56/665
f 1141/107/704 1139/105/702 1115/79/684
f 1115/79/684 1099/59/668 1141/107/704
f 1145/1/708 1146/2/709 1147/3/710
f 1147/3/710 1148/4/711 1145/1/708
f 1149/5/712 1150/6/713 1151/7/714
f 1151/7/714 1152/8/715 1149/5/712
f 1153/9/716 1154/10/717 1155/11/718
f 1155/11/718 1156/12/719 1153/9/716
f 1157/13/720 1158/14/721 1159/15/15
f 1159/15/15 1160/16/722 1157/13/720
f 1161/17/723 1162/18/724 1163/19/725
f 1163/19/725 1164/20/726 1161/17/723
f 1165/21/727 1166/22/728 1167/23/729
f 1167/23/729 1168/24/730 1165/21/727
f 1169/25/731 1170/26/732 1171/27/733
f 1171/27/733 1172/28/734 1169/25/731
f 1173/29/735 1174/30/736 1175/31/737
f 1175/31/737 1176/32/738 1173/29/735
f 1177/33/739 1178/34/740 1179/35/741
f 1179/35/741 1180/36/742 1177/33/739
f 1181/37/743 1182/38/744 1183/39/745
f 1183/39/745 1184/40/746 1181/37/743
f 1185/41/747 1186/42/748 1187/43/749
f 1187/43/749 1188/44/750 1185/41/747
f 1189/45/751 1190/46/752 1191/47/753
f 1191/47/753 1192/48/754 1189/45/751
f 1193/49/755 1194/50/756 1195/51/757
f 1195/51/757 1196/52/758 1193/49/755
f 1183/39/745 1182/38/744 1197/53/722
f 1197/53/722 1198/54/759 1183/39/745
f 1186/42/748 1199/55/760 1158/14/721
f 1158/14/721 1187/43/749 1186/42/748
f 1191/47/753 1190/46/752 1200/56/761
f 1200/56/761 1201/57/762 1191/47/753
f 1194/50/756 1202/58/763 1203/59/764
f 1203/59/764 1195/51/757 1194/50/756
f 1156/60/719 1155/61/718 1204/62/765
f 1204/62/765 1205/63/766 1156/60/719
f 1184/40/746 1161/17/723 1164/20/726
f 1164/20/726 1206/64/767 1184/40/746
f 1207/65/768 1177/66/739 1149/5/712
f 1149/5/712 1152/8/715 1207/65/768
f 1192/48/754 1173/29/735 1176/32/738
f 1176/32/738 1208/67/769 1192/48/754
f 1168/24/730 1209/68/770 1188/44/750
f 1188/44/750 1165/21/727 1168/24/730
f 1164/20/726 1210/69/771 1147/3/710
f 1147/3/710 1206/64/767 1164/20/726
f 1172/28/734 1180/70/742 1196/52/758
f 1196/52/758 1169/25/731 1172/28/734
f 1176/32/738 1211/71/772 1212/72/773
f 1212/72/773 1208/67/769 1176/32/738
f 1161/17/723 1184/40/746 1183/39/745
f 1183/39/745 1213/73/774 1161/17/723
f 1165/21/727 1188/44/750 1187/43/749
f 1187/43/749 1214/74/775 1165/21/727
f 1173/29/735 1192/48/754 1191/47/753
f 1191/47/753 1215/75/776 1173/29/735
f 1169/25/731 1196/52/758 1195/51/757
f 1195/51/757 1216/76/777 1169/25/731
f 1213/73/774 1183/39/745 1198/54/759
f 1198/54/759 1217/77/778 1213/73/774
f 1214/74/775 1187/43/749 1158/14/721
f 1158/14/721 1157/13/720 1214/74/775
f 1215/75/776 1191/47/753 1201/57/762
f 1201/57/762 1218/78/779 1215/75/776
f 1216/76/777 1195/51/757 1203/59/764
f 1203/59/764 1219/79/780 1216/76/777
f 1220/80/781 1211/71/772 1221/81/782
f 1221/81/782 1222/82/783 1220/80/781
f 1218/78/779 1223/83/784 1224/84/785
f 1224/84/785 1225/85/786 1218/78/779
f 1196/52/758 1180/70/742 1179/86/741
f 1179/86/741 1193/49/755 1196/52/758
f 1185/41/747 1226/87/787 1175/31/737
f 1175/31/737 1174/30/736 1185/41/747
f 1227/88/788 1228/89/789 1178/34/740
f 1178/34/740 1229/90/790 1227/88/788
f 1174/30/736 1173/29/735 1215/75/776
f 1215/75/776 1230/91/748 1174/30/736
f 1162/18/724 1231/92/791 1194/50/756
f 1194/50/756 1193/49/755 1162/18/724
f 1215/75/776 1218/78/779 1225/85/786
f 1225/85/786 1230/91/748 1215/75/776
f 1231/92/791 1232/93/792 1202/58/763
f 1202/58/763 1194/50/756 1231/92/791
f 1222/82/783 1221/81/782 1154/10/717
f 1154/10/717 1153/9/716 1222/82/783
f 1225/85/786 1224/84/785 1233/94/793
f 1233/94/793 1199/55/760 1225/85/786
f 1193/49/755 1179/86/741 1163/19/725
f 1163/19/725 1162/18/724 1193/49/755
f 1174/30/736 1230/91/748 1186/42/748
f 1186/42/748 1185/41/747 1174/30/736
f 1230/91/748 1225/85/786 1199/55/760
f 1199/55/760 1186/42/748 1230/91/748
f 1188/44/750 1209/68/770 1226/87/787
f 1226/87/787 1185/41/747 1188/44/750
f 1234/95/794 1210/96/771 1228/89/789
f 1228/89/789 1227/88/788 1234/95/794
f 1162/18/724 1161/17/723 1213/73/774
f 1213/73/774 1231/92/791 1162/18/724
f 1213/73/774 1217/77/778 1232/93/792
f 1232/93/792 1231/92/791 1213/73/774
f 1235/97/795 1236/98/796 1146/2/709
f 1146/2/709 1145/1/708 1235/97/795
f 1171/27/733 1237/99/797 1238/100/798
f 1238/100/798 1150/6/713 1171/27/733
f 1198/54/759 1197/53/722 1239/101/15
f 1239/101/15 1217/77/778 1198/54/759
f 1184/40/746 1206/64/767 1240/102/799
f 1240/102/799 1181/37/743 1184/40/746
f 1189/45/751 1237/99/797 1171/27/733
f 1171/27/733 1170/26/732 1189/45/751
f 1166/22/728 1241/103/744 1182/38/744
f 1182/38/744 1181/37/743 1166/22/728
f 1170/26/732 1169/25/731 1216/76/777
f 1216/76/777 1242/104/800 1170/26/732
f 1241/103/744 1160/16/722 1197/53/722
f 1197/53/722 1182/38/744 1241/103/744
f 1216/76/777 1219/79/780 1243/105/801
f 1243/105/801 1242/104/800 1216/76/777
f 1202/58/763 1244/106/802 1245/107/803
f 1245/107/803 1203/59/764 1202/58/763
f 1202/58/763 1232/93/792 1246/108/804
f 1246/108/804 1244/106/802 1202/58/763
f 1197/53/722 1160/16/722 1159/15/15
f 1159/15/15 1239/101/15 1197/53/722
f 1181/37/743 1240/102/799 1167/23/729
f 1167/23/729 1166/22/728 1181/37/743
f 1170/26/732 1242/104/800 1190/46/752
f 1190/46/752 1189/45/751 1170/26/732
f 1242/104/800 1243/105/801 1200/56/761
f 1200/56/761 1190/46/752 1242/104/800
f 1244/106/802 1224/84/785 1223/83/784
f 1223/83/784 1245/107/803 1244/106/802
f 1224/84/785 1244/106/802 1246/108/804
f 1246/108/804 1233/94/793 1224/84/785
f 1235/97/795 1205/63/766 1204/62/765
f 1204/62/765 1236/98/796 1235/97/795
f 1237/99/797 1208/67/769 1212/72/773
f 1212/72/773 1238/100/798 1237/99/797
f 1192/48/754 1208/67/769 1237/99/797
f 1237/99/797 1189/45/751 1192/48/754
f 1166/22/728 1165/21/727 1214/74/775
f 1214/74/775 1241/103/744 1166/22/728
f 1214/74/775 1157/13/720 1160/16/722
f 1160/16/722 1241/103/744 1214/74/775
f 1146/2/709 1240/102/799 1206/64/767
f 1206/64/767 1147/3/710 1146/2/709
f 1172/28/734 1171/27/733 1150/6/713
f 1150/6/713 1149/5/712 1172/28/734
f 1226/109/787 1209/110/770 1155/11/718
f 1155/11/718 1154/10/717 1226/109/787
f 1207/111/768 1229/90/790 1178/34/740
f 1178/34/740 1177/33/739 1207/111/768
f 1209/68/770 1168/24/730 1204/62/765
f 1204/62/765 1155/61/718 1209/68/770
f 1180/70/742 1172/28/734 1149/5/712
f 1149/5/712 1177/66/739 1180/70/742
f 1234/112/794 1148/4/711 1147/3/710
f 1147/3/710 1210/69/771 1234/112/794
f 1220/80/781 1247/113/805 1212/72/773
f 1212/72/773 1211/71/772 1220/80/781
f 1176/32/738 1175/114/737 1221/81/782
f 1221/81/782 1211/71/772 1176/32/738
f 1163/115/725 1179/35/741 1178/34/740
f 1178/34/740 1228/89/789 1163/115/725
f 1175/114/737 1226/109/787 1154/10/717
f 1154/10/717 1221/81/782 1175/114/737
f 1164/116/726 1163/115/725 1228/89/789
f 1228/89/789 1210/96/771 1164/116/726
f 1167/23/729 1240/102/799 1146/2/709
f 1146/2/709 1236/98/796 1167/23/729
f 1248/117/806 1151/7/714 1150/6/713
f 1150/6/713 1238/100/798 1248/117/806
f 1168/24/730 1167/23/729 1236/98/796
f 1236/98/796 1204/62/765 1168/24/730
f 1247/113/805 1248/117/806 1238/100/798
f 1238/100/798 1212/72/773 1247/113/805
f 1199/55/760 1233/94/793 1159/15/15
f 1159/15/15 1158/14/721 1199/55/760
f 1233/94/793 1246/108/804 1239/101/15
f 1239/101/15 1159/15/15 1233/94/793
f 1246/108/804 1232/93/792 1217/77/778
f 1217/77/778 1239/101/15 1246/108/804
f 1201/57/762 1200/56/761 1223/83/784
f 1223/83/784 1218/78/779 1201/57/762
f 1200/56/761 1243/105/801 1245/107/803
f 1245/107/803 1223/83/784 1200/56/761
f 1245/107/803 1243/105/801 1219/79/780
f 1219/79/780 1203/59/764 1245/107/803
f 1249/1/708 1250/2/709 1251/3/710
f 1251/3/710 1252/4/711 1249/1/708
f 1253/5/712 1254/6/713 1255/7/714
f 1255/7/714 1256/8/715 1253/5/712
f 1257/9/716 1258/10/717 1259/11/718
f 1259/11/718 1260/12/719 1257/9/716
f 1261/13/720 1262/14/721 1263/15/15
f 1263/15/15 1264/16/722 1261/13/720
f 1265/17/723 1266/18/724 1267/19/725
f 1267/19/725 1268/20/726 1265/17/723
f 1269/21/727 1270/22/728 1271/23/729
f 1271/23/729 1272/24/730 1269/21/727
f 1273/25/731 1274/26/732 1275/27/733
f 1275/27/733 1276/28/734 1273/25/731
f 1277/29/735 1278/30/736 1279/31/737
f 1279/31/737 1280/32/738 1277/29/735
f 1281/33/739 1282/34/740 1283/35/741
f 1283/35/741 1284/36/742 1281/33/739
f 1285/37/743 1286/38/744 1287/39/745
f 1287/39/745 1288/40/746 1285/37/743
f 1289/41/747 1290/42/748 1291/43/749
f 1291/43/749 1292/44/750 1289/41/747
f 1293/45/751 1294/46/752 1295/47/753
f 1295/47/753 1296/48/754 1293/45/751
f 1297/49/755 1298/50/756 1299/51/757
f 1299/51/757 1300/52/758 1297/49/755
f 1287/39/745 1286/38/744 1301/53/722
f 1301/53/722 1302/54/759 1287/39/745
f 1290/42/748 1303/55/760 1262/14/721
f 1262/14/721 1291/43/749 1290/42/748
f 1295/47/753 1294/46/752 1304/56/761
f 1304/56/761 1305/57/762 1295/47/753
f 1298/50/756 1306/58/763 1307/59/764
f 1307/59/764 1299/51/757 1298/50/756
f 1260/60/719 1259/61/718 1308/62/765
f 1308/62/765 1309/63/766 1260/60/719
f 1288/40/746 1265/17/723 1268/20/726
f 1268/20/726 1310/64/767 1288/40/746
f 1311/65/768 1281/66/739 1253/5/712
f 1253/5/712 1256/8/715 1311/65/768
f 1296/48/754 1277/29/735 1280/32/738
f 1280/32/738 1312/67/769 1296/48/754
f 1272/24/730 1313/68/770 1292/44/750
f 1292/44/750 1269/21/727 1272/24/730
f 1268/20/726 1314/69/771 1251/3/710
f 1251/3/710 1310/64/767 1268/20/726
f 1276/28/734 1284/70/742 1300/52/758
f 1300/52/758 1273/25/731 1276/28/734
f 1280/32/738 1315/71/772 1316/72/773
f 1316/72/773 1312/67/769 1280/32/738
f 1265/17/723 1288/40/746 1287/39/745
f 1287/39/745 1317/73/774 1265/17/723
f 1269/21/727 1292/44/750 1291/43/749
f 1291/43/749 1318/74/775 1269/21/727
f 1277/29/735 1296/48/754 1295/47/753
f 1295/47/753 1319/75/776 1277/29/735
f 1273/25/731 1300/52/758 1299/51/757
f 1299/51/757 1320/76/777 1273/25/731
f 1317/73/774 1287/39/745 1302/54/759
f 1302/54/759 1321/77/778 1317/73/774
f 1318/74/775 1291/43/749 1262/14/721
f 1262/14/721 1261/13/720 1318/74/775
f 1319/75/776 1295/47/753 1305/57/762
f 1305/57/762 1322/78/779 1319/75/776
f 1320/76/777 1299/51/757 1307/59/764
f 1307/59/764 1323/79/780 1320/76/777
f 1324/80/781 1315/71/772 1325/81/782
f 1325/81/782 1326/82/783 1324/80/781
f 1322/78/779 1327/83/784 1328/84/785
f 1328/84/785 1329/85/786 1322/78/779
f 1300/52/758 1284/70/742 1283/86/741
f 1283/86/741 1297/49/755 1300/52/758
f 1289/41/747 1330/87/787 1279/31/737
f 1279/31/737 1278/30/736 1289/41/747
f 1331/88/788 1332/89/789 1282/34/740
f 1282/34/740 1333/90/790 1331/88/788
f 1278/30/736 1277/29/735 1319/75/776
f 1319/75/776 1334/91/748 1278/30/736
f 1266/18/724 1335/92/791 1298/50/756
f 1298/50/756 1297/49/755 1266/18/724
f 1319/75/776 1322/78/779 1329/85/786
f 1329/85/786 1334/91/748 1319/75/776
f 1335/92/791 1336/93/792 1306/58/763
f 1306/58/763 1298/50/756 1335/92/791
f 1326/82/783 1325/81/782 1258/10/717
f 1258/10/717 1257/9/716 1326/82/783
f 1329/85/786 1328/84/785 1337/94/793
f 1337/94/793 1303/55/760 1329/85/786
f 1297/49/755 1283/86/741 1267/19/725
f 1267/19/725 1266/18/724 1297/49/755
f 1278/30/736 1334/91/748 1290/42/748
f 1290/42/748 1289/41/747 1278/30/736
f 1334/91/748 1329/85/786 1303/55/760
f 1303/55/760 1290/42/748 1334/91/748
f 1292/44/750 1313/68/770 1330/87/787
f 1330/87/787 1289/41/747 1292/44/750
f 1338/95/794 1314/96/771 1332/89/789
f 1332/89/789 1331/88/788 1338/95/794
f 1266/18/724 1265/17/723 1317/73/774
f 1317/73/774 1335/92/791 1266/18/724
f 1317/73/774 1321/77/778 1336/93/792
f 1336/93/792 1335/92/791 1317/73/774
f 1339/97/795 1340/98/796 1250/2/709
f 1250/2/709 1249/1/708 1339/97/795
f 1275/27/733 1341/99/797 1342/100/798
f 1342/100/798 1254/6/713 1275/27/733
f 1302/54/759 1301/53/722 1343/101/15
f 1343/101/15 1321/77/778 1302/54/759
f 1288/40/746 1310/64/767 1344/102/799
f 1344/102/799 1285/37/743 1288/40/746
f 1293/45/751 1341/99/797 1275/27/733
f 1275/27/733 1274/26/732 1293/45/751
f 1270/22/728 1345/103/744 1286/38/744
f 1286/38/744 1285/37/743 1270/22/728
f 1274/26/732 1273/25/731 1320/76/777
f 1320/76/777 1346/104/800 1274/26/732
f 1345/103/744 1264/16/722 1301/53/722
f 1301/53/722 1286/38/744 1345/103/744
f 1320/76/777 1323/79/780 1347/105/801
f 1347/105/801 1346/104/800 1320/76/777
f 1306/58/763 1348/106/802 1349/107/803
f 1349/107/803 1307/59/764 1306/58/763
f 1306/58/763 1336/93/792 1350/108/804
f 1350/108/804 1348/106/802 1306/58/763
f 1301/53/722 1264/16/722 1263/15/15
f 1263/15/15 1343/101/15 1301/53/722
f 1285/37/743 1344/102/799 1271/23/729
f 1271/23/729 1270/22/728 1285/37/743
f 1274/26/732 1346/104/800 1294/46/752
f 1294/46/752 1293/45/751 1274/26/732
f 1346/104/800 1347/105/801 1304/56/761
f 1304/56/761 1294/46/752 1346/104/800
f 1348/106/802 1328/84/785 1327/83/784
f 1327/83/784 1349/107/803 1348/106/802
f 1328/84/785 1348/106/802 1350/108/804
f 1350/108/804 1337/94/793 1328/84/785
f 1339/97/795 1309/63/766 1308/62/765
f 1308/62/765 1340/98/796 1339/97/795
f 1341/99/797 1312/67/769 1316/72/773
f 1316/72/773 1342/100/798 1341/99/797
f 1296/48/754 1312/67/769 1341/99/797
f 1341/99/797 1293/45/751 1296/48/754
f 1270/22/728 1269/21/727 1318/74/775
f 1318/74/775 1345/103/744 1270/22/728
f 1318/74/775 1261/13/720 1264/16/722
f 1264/16/722 1345/103/744 1318/74/775
f 1250/2/709 1344/102/799 1310/64/767
f 1310/64/767 1251/3/710 1250/2/709
f 1276/28/734 1275/27/733 1254/6/713
f 1254/6/713 1253/5/712 1276/28/734
f 1330/109/787 1313/110/770 1259/11/718
f 1259/11/718 1258/10/717 1330/109/787
f 1311/111/768 1333/90/790 1282/34/740
f 1282/34/740 1281/33/739 1311/111/768
f 1313/68/770 1272/24/730 1308/62/765
f 1308/62/765 1259/61/718 1313/68/770
f 1284/70/742 1276/28/734 1253/5/712
f 1253/5/712 1281/66/739 1284/70/742
f 1338/112/794 1252/4/711 1251/3/710
f 1251/3/710 1314/69/771 1338/112/794
f 1324/80/781 1351/113/805 1316/72/773
f 1316/72/773 1315/71/772 1324/80/781
f 1280/32/738 1279/114/737 1325/81/782
f 1325/81/782 1315/71/772 1280/32/738
f 1267/115/725 1283/35/741 1282/34/740
f 1282/34/740 1332/89/789 1267/115/725
f 1279/114/737 1330/109/787 1258/10/717
f 1258/10/717 1325/81/782 1279/114/737
f 1268/116/726 1267/115/725 1332/89/789
f 1332/89/789 1314/96/771 1268/116/726
f 1271/23/729 1344/102/799 1250/2/709
f 1250/2/709 1340/98/796 1271/23/729
f 1352/117/806 1255/7/714 1254/6/713
f 1254/6/713 1342/100/798 1352/117/806
f 1272/24/730 1271/23/729 1340/98/796
f 1340/98/796 1308/62/765 1272/24/730
f 1351/113/805 1352/117/806 1342/100/798
f 1342/100/798 1316/72/773 1351/113/805
f 1303/55/760 1337/94/793 1263/15/15
f 1263/15/15 1262/14/721 1303/55/760
f 1337/94/793 1350/108/804 1343/101/15
f 1343/101/15 1263/15/15 1337/94/793
f 1350/108/804 1336/93/792 1321/77/778
f 1321/77/778 1343/101/15 1350/108/804
f 1305/57/762 1304/56/761 1327/83/784
f 1327/83/784 1322/78/779 1305/57/762
f 1304/56/761 1347/105/801 1349/107/803
f 1349/107/803 1327/83/784 1304/56/761
f 1349/107/803 1347/105/801 1323/79/780
f 1323/79/780 1307/59/764 1349/107/803
f 1353/1/708 1354/2/709 1355/3/710
f 1355/3/710 1356/4/711 1353/1/708
f 1357/5/712 1358/6/713 1359/7/714
f 1359/7/714 1360/8/715 1357/5/712
f 1361/9/716 1362/10/717 1363/11/718
f 1363/11/718 1364/12/807 1361/9/716
f 1365/13/720 1366/14/721 1367/15/15
f 1367/15/15 1368/16/722 1365/13/720
f 1369/17/723 1370/18/724 1371/19/725
f 1371/19/725 1372/20/726 1369/17/723
f 1373/21/727 1374/22/728 1375/23/729
f 1375/23/729 1376/24/730 1373/21/727
f 1377/25/731 1378/26/732 1379/27/733
f 1379/27/733 1380/28/734 1377/25/731
f 1381/29/735 1382/30/736 1383/31/737
f 1383/31/737 1384/32/738 1381/29/735
f 1385/33/739 1386/34/740 1387/35/741
f 1387/35/741 1388/36/742 1385/33/739
f 1389/37/743 1390/38/744 1391/39/745
f 1391/39/745 1392/40/746 1389/37/743
f 1393/41/747 1394/42/748 1395/43/749
f 1395/43/749 1396/44/750 1393/41/747
f 1397/45/751 1398/46/752 1399/47/753
f 1399/47/753 1400/48/754 1397/45/751
f 1401/49/755 1402/50/756 1403/51/757
f 1403/51/757 1404/52/758 1401/49/755
f 1391/39/745 1390/38/744 1405/53/722
f 1405/53/722 1406/54/759 1391/39/745
f 1394/42/748 1407/55/760 1366/14/721
f 1366/14/721 1395/43/749 1394/42/748
f 1399/47/753 1398/46/752 1408/56/761
f 1408/56/761 1409/57/762 1399/47/753
f 1402/50/756 1410/58/763 1411/59/764
f 1411/59/764 1403/51/757 1402/50/756
f 1364/60/807 1363/61/718 1412/62/765
f 1412/62/765 1413/63/766 1364/60/807
f 1392/40/746 1369/17/723 1372/20/726
f 1372/20/726 1414/64/767 1392/40/746
f 1415/65/768 1385/66/739 1357/5/712
f 1357/5/712 1360/8/715 1415/65/768
f 1400/48/754 1381/29/735 1384/32/738
f 1384/32/738 1416/67/769 1400/48/754
f 1376/24/730 1417/68/770 1396/44/750
f 1396/44/750 1373/21/727 1376/24/730
f 1372/20/726 1418/69/771 1355/3/710
f 1355/3/710 1414/64/767 1372/20/726
f 1380/28/734 1388/70/742 1404/52/758
f 1404/52/758 1377/25/731 1380/28/734
f 1384/32/738 1419/71/772 1420/72/773
f 1420/72/773 1416/67/769 1384/32/738
f 1369/17/723 1392/40/746 1391/39/745
f 1391/39/745 1421/73/774 1369/17/723
f 1373/21/727 1396/44/750 1395/43/749
f 1395/43/749 1422/74/775 1373/21/727
f 1381/29/735 1400/48/754 1399/47/753
f 1399/47/753 1423/75/776 1381/29/735
f 1377/25/731 1404/52/758 1403/51/757
f 1403/51/757 1424/76/777 1377/25/731
f 1421/73/774 1391/39/745 1406/54/759
f 1406/54/759 1425/77/778 1421/73/774
f 1422/74/775 1395/43/749 1366/14/721
f 1366/14/721 1365/13/720 1422/74/775
f 1423/75/776 1399/47/753 1409/57/762
f 1409/57/762 1426/78/779 1423/75/776
f 1424/76/777 1403/51/757 1411/59/764
f 1411/59/764 1427/79/780 1424/76/777
f 1428/80/781 1419/71/772 1429/81/782
f 1429/81/782 1430/82/783 1428/80/781
f 1426/78/779 1431/83/784 1432/84/785
f 1432/84/785 1433/85/786 1426/78/779
f 1404/52/758 1388/70/742 1387/86/741
f 1387/86/741 1401/49/755 1404/52/758
f 1393/41/747 1434/87/787 1383/31/737
f 1383/31/737 1382/30/736 1393/41/747
f 1435/88/788 1436/89/789 1386/34/740
f 1386/34/740 1437/90/790 1435/88/788
f 1382/30/736 1381/29/735 1423/75/776
f 1423/75/776 1438/91/748 1382/30/736
f 1370/18/724 1439/92/791 1402/50/756
f 1402/50/756 1401/49/755 1370/18/724
f 1423/75/776 1426/78/779 1433/85/786
f 1433/85/786 1438/91/748 1423/75/776
f 1439/92/791 1440/93/792 1410/58/763
f 1410/58/763 1402/50/756 1439/92/791
f 1430/82/783 1429/81/782 1362/10/717
f 1362/10/717 1361/9/716 1430/82/783
f 1433/85/786 1432/84/785 1441/94/793
f 1441/94/793 1407/55/760 1433/85/786
f 1401/49/755 1387/86/741 1371/19/725
f 1371/19/725 1370/18/724 1401/49/755
f 1382/30/736 1438/91/748 1394/42/748
f 1394/42/748 1393/41/747 1382/30/736
f 1438/91/748 1433/85/786 1407/55/760
f 1407/55/760 1394/42/748 1438/91/748
f 1396/44/750 1417/68/770 1434/87/787
f 1434/87/787 1393/41/747 1396/44/750
f 1442/95/794 1418/96/771 1436/89/789
f 1436/89/789 1435/88/788 1442/95/794
f 1370/18/724 1369/17/723 1421/73/774
f 1421/73/774 1439/92/791 1370/18/724
f 1421/73/774 1425/77/778 1440/93/792
f 1440/93/792 1439/92/791 1421/73/774
f 1443/97/795 1444/98/796 1354/2/709
f 1354/2/709 1353/1/708 1443/97/795
f 1379/27/733 1445/99/797 1446/100/798
f 1446/100/798 1358/6/713 1379/27/733
f 1406/54/759 1405/53/722 1447/101/15
f 1447/101/15 1425/77/778 1406/54/759
f 1392/40/746 1414/64/767 1448/102/799
f 1448/102/799 1389/37/743 1392/40/746
f 1397/45/751 1445/99/797 1379/27/733
f 1379/27/733 1378/26/732 1397/45/751
f 1374/22/728 1449/103/744 1390/38/744
f 1390/38/744 1389/37/743 1374/22/728
f 1378/26/732 1377/25/731 1424/76/777
f 1424/76/777 1450/104/800 1378/26/732
f 1449/103/744 1368/16/722 1405/53/722
f 1405/53/722 1390/38/744 1449/103/744
f 1424/76/777 1427/79/780 1451/105/801
f 1451/105/801 1450/104/800 1424/76/777
f 1410/58/763 1452/106/802 1453/107/803
f 1453/107/803 1411/59/764 1410/58/763
f 1410/58/763 1440/93/792 1454/108/804
f 1454/108/804 1452/106/802 1410/58/763
f 1405/53/722 1368/16/722 1367/15/15
f 1367/15/15 1447/101/15 1405/53/722
f 1389/37/743 1448/102/799 1375/23/729
f 1375/23/729 1374/22/728 1389/37/743
f 1378/26/732 1450/104/800 1398/46/752
f 1398/46/752 1397/45/751 1378/26/732
f 1450/104/800 1451/105/801 1408/56/761
f 1408/56/761 1398/46/752 1450/104/800
f 1452/106/802 1432/84/785 1431/83/784
f 1431/83/784 1453/107/803 1452/106/802
f 1432/84/785 1452/106/802 1454/108/804
f 1454/108/804 1441/94/793 1432/84/785
f 1443/97/795 1413/63/766 1412/62/765
f 1412/62/765 1444/98/796 1443/97/795
f 1445/99/797 1416/67/769 1420/72/773
f 1420/72/773 1446/100/798 1445/99/797
f 1400/48/754 1416/67/769 1445/99/797
f 1445/99/797 1397/45/751 1400/48/754
f 1374/22/728 1373/21/727 1422/74/775
f 1422/74/775 1449/103/744 1374/22/728
f 1422/74/775 1365/13/720 1368/16/722
f 1368/16/722 1449/103/744 1422/74/775
f 1354/2/709 1448/102/799 1414/64/767
f 1414/64/767 1355/3/710 1354/2/709
f 1380/28/734 1379/27/733 1358/6/713
f 1358/6/713 1357/5/712 1380/28/734
f 1434/109/787 1417/110/770 1363/11/718
f 1363/11/718 1362/10/717 1434/109/787
f 1415/111/768 1437/90/790 1386/34/740
f 1386/34/740 1385/33/739 1415/111/768
f 1417/68/770 1376/24/730 1412/62/765
f 1412/62/765 1363/61/718 1417/68/770
f 1388/70/742 1380/28/734 1357/5/712
f 1357/5/712 1385/66/739 1388/70/742
f 1442/112/794 1356/4/711 1355/3/710
f 1355/3/710 1418/69/771 1442/112/794
f 1428/80/781 1455/113/805 1420/72/773
f 1420/72/773 1419/71/772 1428/80/781
f 1384/32/738 1383/114/737 1429/81/782
f 1429/81/782 1419/71/772 1384/32/738
f 1371/115/725 1387/35/741 1386/34/740
f 1386/34/740 1436/89/789 1371/115/725
f 1383/114/737 1434/109/787 1362/10/717
f 1362/10/717 1429/81/782 1383/114/737
f 1372/116/726 1371/115/725 1436/89/789
f 1436/89/789 1418/96/771 1372/116/726
f 1375/23/729 1448/102/799 1354/2/709
f 1354/2/709 1444/98/796 1375/23/729
f 1456/117/806 1359/7/714 1358/6/713
f 1358/6/713 1446/100/798 1456/117/806
f 1376/24/730 1375/23/729 1444/98/796
f 1444/98/796 1412/62/765 1376/24/730
f 1455/113/805 1456/117/806 1446/100/798
f 1446/100/798 1420/72/773 1455/113/805
f 1407/55/760 1441/94/793 1367/15/15
f 1367/15/15 1366/14/721 1407/55/760
f 1441/94/793 1454/108/804 1447/101/15
f 1447/101/15 1367/15/15 1441/94/793
f 1454/108/804 1440/93/792 1425/77/778
f 1425/77/778 1447/101/15 1454/108/804
f 1409/57/762 1408/56/761 1431/83/784
f 1431/83/784 1426/78/779 1409/57/762
f 1408/56/761 1451/105/801 1453/107/803
f 1453/107/803 1431/83/784 1408/56/761
f 1453/107/803 1451/105/801 1427/79/780
f 1427/79/780 1411/59/764 1453/107/803
f 1457/1/708 1458/2/709 1459/3/710
f 1459/3/710 1460/4/711 1457/1/708
f 1461/5/712 1462/6/713 1463/7/714
f 1463/7/714 1464/8/715 1461/5/712
f 1465/9/716 1466/10/717 1467/11/718
f 1467/11/718 1468/12/807 1465/9/716
f 1469/13/808 1470/14/721 1471/15/15
f 1471/15/15 1472/16/722 1469/13/808
f 1473/17/723 1474/18/724 1475/19/725
f 1475/19/725 1476/20/726 1473/17/723
f 1477/21/727 1478/22/728 1479/23/729
f 1479/23/729 1480/24/730 1477/21/727
f 1481/25/731 1482/26/732 1483/27/733
f 1483/27/733 1484/28/734 1481/25/731
f 1485/29/809 1486/30/736 1487/31/737
f 1487/31/737 1488/32/738 1485/29/809
f 1489/33/739 1490/34/740 1491/35/741
f 1491/35/741 1492/36/742 1489/33/739
f 1493/37/743 1494/38/744 1495/39/745
f 1495/39/745 1496/40/746 1493/37/743
f 1497/41/747 1498/42/748 1499/43/749
f 1499/43/749 1500/44/750 1497/41/747
f 1501/45/751 1502/46/752 1503/47/753
f 1503/47/753 1504/48/754 1501/45/751
f 1505/49/755 1506/50/756 1507/51/757
f 1507/51/757 1508/52/758 1505/49/755
f 1495/39/745 1494/38/744 1509/53/722
f 1509/53/722 1510/54/759 1495/39/745
f 1498/42/748 1511/55/760 1470/14/721
f 1470/14/721 1499/43/749 1498/42/748
f 1503/47/753 1502/46/752 1512/56/761
f 1512/56/761 1513/57/762 1503/47/753
f 1506/50/756 1514/58/763 1515/59/764
f 1515/59/764 1507/51/757 1506/50/756
f 1468/60/807 1467/61/718 1516/62/765
f 1516/62/765 1517/63/766 1468/60/807
f 1496/40/746 1473/17/723 1476/20/726
f 1476/20/726 1518/64/767 1496/40/746
f 1519/65/768 1489/66/739 1461/5/712
f 1461/5/712 1464/8/715 1519/65/768
f 1504/48/754 1485/29/809 1488/32/738
f 1488/32/738 1520/67/769 1504/48/754
f 1480/24/730 1521/68/770 1500/44/750
f 1500/44/750 1477/21/727 1480/24/730
f 1476/20/726 1522/69/771 1459/3/710
f 1459/3/710 1518/64/767 1476/20/726
f 1484/28/734 1492/70/742 1508/52/758
f 1508/52/758 1481/25/731 1484/28/734
f 1488/32/738 1523/71/772 1524/72/773
f 1524/72/773 1520/67/769 1488/32/738
f 1473/17/723 1496/40/746 1495/39/745
f 1495/39/745 1525/73/774 1473/17/723
f 1477/21/727 1500/44/750 1499/43/749
f 1499/43/749 1526/74/775 1477/21/727
f 1485/29/809 1504/48/754 1503/47/753
f 1503/47/753 1527/75/776 1485/29/809
f 1481/25/731 1508/52/758 1507/51/757
f 1507/51/757 1528/76/777 1481/25/731
f 1525/73/774 1495/39/745 1510/54/759
f 1510/54/759 1529/77/778 1525/73/774
f 1526/74/775 1499/43/749 1470/14/721
f 1470/14/721 1469/13/808 1526/74/775
f 1527/75/776 1503/47/753 1513/57/762
f 1513/57/762 1530/78/810 1527/75/776
f 1528/76/777 1507/51/757 1515/59/764
f 1515/59/764 1531/79/780 1528/76/777
f 1532/80/781 1523/71/772 1533/81/782
f 1533/81/782 1534/82/783 1532/80/781
f 1530/78/810 1535/83/784 1536/84/785
f 1536/84/785 1537/85/786 1530/78/810
f 1508/52/758 1492/70/742 1491/86/741
f 1491/86/741 1505/49/755 1508/52/758
f 1497/41/747 1538/87/787 1487/31/737
f 1487/31/737 1486/30/736 1497/41/747
f 1539/88/788 1540/89/789 1490/34/740
f 1490/34/740 1541/90/790 1539/88/788
f 1486/30/736 1485/29/809 1527/75/776
f 1527/75/776 1542/91/748 1486/30/736
f 1474/18/724 1543/92/791 1506/50/756
f 1506/50/756 1505/49/755 1474/18/724
f 1527/75/776 1530/78/810 1537/85/786
f 1537/85/786 1542/91/748 1527/75/776
f 1543/92/791 1544/93/792 1514/58/763
f 1514/58/763 1506/50/756 1543/92/791
f 1534/82/783 1533/81/782 1466/10/717
f 1466/10/717 1465/9/716 1534/82/783
f 1537/85/786 1536/84/785 1545/94/793
f 1545/94/793 1511/55/760 1537/85/786
f 1505/49/755 1491/86/741 1475/19/725
f 1475/19/725 1474/18/724 1505/49/755
f 1486/30/736 1542/91/748 1498/42/748
f 1498/42/748 1497/41/747 1486/30/736
f 1542/91/748 1537/85/786 1511/55/760
f 1511/55/760 1498/42/748 1542/91/748
f 1500/44/750 1521/68/770 1538/87/787
f 1538/87/787 1497/41/747 1500/44/750
f 1546/95/794 1522/96/771 1540/89/789
f 1540/89/789 1539/88/788 1546/95/794
f 1474/18/724 1473/17/723 1525/73/774
f 1525/73/774 1543/92/791 1474/18/724
f 1525/73/774 1529/77/778 1544/93/792
f 1544/93/792 1543/92/791 1525/73/774
f 1547/97/795 1548/98/796 1458/2/709
f 1458/2/709 1457/1/708 1547/97/795
f 1483/27/733 1549/99/797 1550/100/798
f 1550/100/798 1462/6/713 1483/27/733
f 1510/54/759 1509/53/722 1551/101/15
f 1551/101/15 1529/77/778 1510/54/759
f 1496/40/746 1518/64/767 1552/102/799
f 1552/102/799 1493/37/743 1496/40/746
f 1501/45/751 1549/99/797 1483/27/733
f 1483/27/733 1482/26/732 1501/45/751
f 1478/22/728 1553/103/744 1494/38/744
f 1494/38/744 1493/37/743 1478/22/728
f 1482/26/732 1481/25/731 1528/76/777
f 1528/76/777 1554/104/800 1482/26/732
f 1553/103/744 1472/16/722 1509/53/722
f 1509/53/722 1494/38/744 1553/103/744
f 1528/76/777 1531/79/780 1555/105/801
f 1555/105/801 1554/104/800 1528/76/777
f 1514/58/763 1556/106/802 1557/107/803
f 1557/107/803 1515/59/764 1514/58/763
f 1514/58/763 1544/93/792 1558/108/804
f 1558/108/804 1556/106/802 1514/58/763
f 1509/53/722 1472/16/722 1471/15/15
f 1471/15/15 1551/101/15 1509/53/722
f 1493/37/743 1552/102/799 1479/23/729
f 1479/23/729 1478/22/728 1493/37/743
f 1482/26/732 1554/104/800 1502/46/752
f 1502/46/752 1501/45/751 1482/26/732
f 1554/104/800 1555/105/801 1512/56/761
f 1512/56/761 1502/46/752 1554/104/800
f 1556/106/802 1536/84/785 1535/83/784
f 1535/83/784 1557/107/803 1556/106/802
f 1536/84/785 1556/106/802 1558/108/804
f 1558/108/804 1545/94/793 1536/84/785
f 1547/97/795 1517/63/766 1516/62/765
f 1516/62/765 1548/98/796 1547/97/795
f 1549/99/797 1520/67/769 1524/72/773
f 1524/72/773 1550/100/798 1549/99/797
f 1504/48/754 1520/67/769 1549/99/797
f 1549/99/797 1501/45/751 1504/48/754
f 1478/22/728 1477/21/727 1526/74/775
f 1526/74/775 1553/103/744 1478/22/728
f 1526/74/775 1469/13/808 1472/16/722
f 1472/16/722 1553/103/744 1526/74/775
f 1458/2/709 1552/102/799 1518/64/767
f 1518/64/767 1459/3/710 1458/2/709
f 1484/28/734 1483/27/733 1462/6/713
f 1462/6/713 1461/5/712 1484/28/734
f 1538/109/787 1521/110/770 1467/11/718
f 1467/11/718 1466/10/717 1538/109/787
f 1519/111/768 1541/90/790 1490/34/740
f 1490/34/740 1489/33/739 1519/111/768
f 1521/68/770 1480/24/730 1516/62/765
f 1516/62/765 1467/61/718 1521/68/770
f 1492/70/742 1484/28/734 1461/5/712
f 1461/5/712 1489/66/739 1492/70/742
f 1546/112/794 1460/4/711 1459/3/710
f 1459/3/710 1522/69/771 1546/112/794
f 1532/80/781 1559/113/805 1524/72/773
f 1524/72/773 1523/71/772 1532/80/781
f 1488/32/738 1487/114/737 1533/81/782
f 1533/81/782 1523/71/772 1488/32/738
f 1475/115/725 1491/35/741 1490/34/740
f 1490/34/740 1540/89/789 1475/115/725
f 1487/114/737 1538/109/787 1466/10/717
f 1466/10/717 1533/81/782 1487/114/737
f 1476/116/726 1475/115/725 1540/89/789
f 1540/89/789 1522/96/771 1476/116/726
f 1479/23/729 1552/102/799 1458/2/709
f 1458/2/709 1548/98/796 1479/23/729
f 1560/117/806 1463/7/714 1462/6/713
f 1462/6/713 1550/100/798 1560/117/806
f 1480/24/730 1479/23/729 1548/98/796
f 1548/98/796 1516/62/765 1480/24/730
f 1559/113/805 1560/117/806 1550/100/798
f 1550/100/798 1524/72/773 1559/113/805
f 1511/55/760 1545/94/793 1471/15/15
f 1471/15/15 1470/14/721 1511/55/760
f 1545/94/793 1558/108/804 1551/101/15
f 1551/101/15 1471/15/15 1545/94/793
f 1558/108/804 1544/93/792 1529/77/778
f 1529/77/778 1551/101/15 1558/108/804
f 1513/57/762 1512/56/761 1535/83/784
f 1535/83/784 1530/78/810 1513/57/762
f 1512/56/761 1555/105/801 1557/107/803
f 1557/107/803 1535/83/784 1512/56/761
f 1557/107/803 1555/105/801 1531/79/780
f 1531/79/780 1515/59/764 1557/107/803
