# Blender 4.5.0
# www.blender.org
g medium_wall.xml.320_Mesh
v -184.547379 -60.066803 68.434875
v -184.573486 -56.466156 68.248169
v -185.133148 -56.466148 68.291412
v -185.232300 -60.066803 68.378174
v -185.069901 -56.466148 66.365700
v -184.582916 -56.466148 66.324226
v -184.716797 -60.066803 66.278946
v -185.232300 -60.066803 66.278946
v -173.488937 -60.066803 67.920258
v -173.579895 -56.466148 67.800064
v -173.601608 -56.466156 68.221878
v -173.532364 -60.066803 68.308655
v -174.131805 -52.907082 67.938553
v -174.079391 -52.907082 67.874397
v -174.441055 -52.907082 67.874397
v -174.440247 -52.907082 67.938553
v -185.069229 -52.735550 68.071846
v -185.069229 -52.735550 67.679878
v -185.147263 -52.865494 67.679878
v -185.147263 -52.865494 68.135101
v -173.936508 -52.735550 68.141510
v -174.384323 -52.735550 68.141510
v -174.383514 -52.865494 68.204659
v -173.860077 -52.865494 68.204659
v -184.957565 -52.735550 66.515602
v -184.449020 -52.735550 66.515602
v -184.449020 -52.865494 66.452461
v -185.033997 -52.865494 66.452461
v -173.824844 -52.735550 66.585274
v -173.824844 -52.735550 66.977402
v -173.746811 -52.865494 66.977402
v -173.746811 -52.865494 66.522018
v -185.254486 -56.466148 66.498199
v -185.254486 -56.466148 66.857216
v -185.147263 -52.916351 67.312820
v -185.147263 -52.865494 66.522018
v -184.449020 -52.735550 68.141510
v -184.449020 -52.678192 68.003807
v -184.802185 -52.678192 68.003807
v -184.957565 -52.735550 68.141510
v -173.824844 -52.735542 67.679878
v -173.995041 -52.678192 67.679878
v -173.995041 -52.678192 67.934174
v -173.824844 -52.735550 68.071846
v -174.410553 -52.754662 66.515602
v -174.408798 -52.697304 66.653305
v -174.091904 -52.678192 66.653305
v -173.936508 -52.735550 66.515602
v -185.069229 -52.786400 67.312820
v -184.899033 -52.729050 67.312820
v -184.899033 -52.678192 66.722939
v -185.069229 -52.735550 66.585274
v -184.397186 -52.907082 67.938553
v -184.760056 -52.907082 67.938553
v -174.079391 -52.907082 67.639610
v -174.461227 -52.926193 66.726334
v -174.131805 -52.907082 66.726334
v -184.812469 -52.957939 67.334961
v -184.812469 -52.907082 66.790489
v -173.722946 -56.466156 68.291412
v -173.661774 -60.066803 68.378174
v -185.033997 -52.865494 68.204659
v -185.409073 -60.066803 66.485947
v -173.860077 -52.865494 66.452461
v -173.746811 -52.865494 68.135101
v -185.254486 -56.466156 68.221878
v -173.601608 -56.466148 66.435242
v -173.722946 -56.466148 66.365700
v -184.899033 -52.678192 67.934174
v -174.091904 -52.678192 68.003807
v -173.995041 -52.678192 66.722939
v -184.802185 -52.678192 66.653305
v -184.812469 -52.907082 67.874397
v -174.079391 -52.907082 66.790489
v -184.760056 -52.907082 66.726334
v -173.532364 -60.066803 66.348465
v -173.601608 -56.466148 66.857216
v -173.532364 -60.066803 66.737022
v -174.460419 -52.926193 66.790192
v -174.457428 -52.926193 67.025421
v -174.079391 -52.907082 67.025421
v -173.746811 -52.865494 67.679878
v -185.401047 -60.066803 67.920258
v -185.254486 -56.466156 67.800064
v -185.361725 -60.066803 66.737022
v -173.995041 -52.678192 66.977402
v -184.899033 -52.678192 67.679878
v -184.812469 -52.907082 67.639610
v -174.444031 -52.907082 67.639610
v -185.361725 -60.066803 68.308655
v -174.107224 -60.066803 68.378174
v -174.245361 -56.466156 68.291412
v -174.411346 -52.884605 66.452461
v -174.613708 -56.466148 66.386475
v -184.397186 -52.907082 67.874397
v -184.449020 -52.865494 68.204659
v -174.386063 -52.678192 68.003807
v -184.449020 -52.678192 66.653305
v -184.397186 -52.907082 66.726334
v -184.397186 -52.957939 67.334961
v -184.397186 -52.912437 66.790405
v -184.397186 -52.907082 67.639610
v -173.739075 -60.066803 66.278946
v -174.816055 -60.066803 66.320488
v -184.445374 -65.455048 70.123169
v -184.471481 -61.970535 69.936462
v -185.031143 -61.970528 69.979706
v -185.130295 -65.455048 70.066467
v -184.967896 -61.970535 68.053993
v -184.480911 -61.970535 68.012520
v -184.614792 -65.455048 67.967239
v -185.130295 -65.455048 67.967239
v -173.386932 -65.455048 69.608551
v -173.477890 -61.970528 69.488358
v -173.499603 -61.970535 69.910172
v -173.430359 -65.455048 69.996948
v -174.029800 -58.526260 69.626846
v -173.977386 -58.526260 69.562691
v -174.339050 -58.526260 69.562691
v -174.338242 -58.526260 69.626846
v -184.967224 -58.360252 69.760139
v -184.967224 -58.360252 69.368172
v -185.045258 -58.486015 69.368172
v -185.045258 -58.486015 69.823395
v -173.834503 -58.360252 69.829811
v -174.282318 -58.360252 69.829811
v -174.281509 -58.486015 69.892952
v -173.758072 -58.486015 69.892952
v -184.855560 -58.360252 68.203896
v -184.347015 -58.360252 68.203896
v -184.347015 -58.486015 68.140755
v -184.931992 -58.486015 68.140755
v -173.722839 -58.360252 68.273567
v -173.722839 -58.360252 68.665695
v -173.644806 -58.486015 68.665695
v -173.644806 -58.486015 68.210312
v -185.152481 -61.970535 68.186493
v -185.152481 -61.970535 68.545509
v -185.045258 -58.535225 69.001114
v -185.045258 -58.486015 68.210312
v -184.347015 -58.360252 69.829811
v -184.347015 -58.304749 69.692101
v -184.700180 -58.304749 69.692101
v -184.855560 -58.360252 69.829811
v -173.722839 -58.360252 69.368172
v -173.893036 -58.304749 69.368172
v -173.893036 -58.304749 69.622467
v -173.722839 -58.360252 69.760139
v -174.308533 -58.378754 68.203896
v -174.306793 -58.323250 68.341599
v -173.989899 -58.304749 68.341599
v -173.834503 -58.360252 68.203896
v -184.967224 -58.409470 69.001114
v -184.797028 -58.353966 69.001114
v -184.797028 -58.304749 68.411232
v -184.967224 -58.360252 68.273567
v -184.295181 -58.526260 69.626846
v -184.658051 -58.526260 69.626846
v -173.977386 -58.526260 69.327904
v -174.359222 -58.544754 68.414627
v -174.029800 -58.526260 68.414627
v -184.710464 -58.575478 69.023254
v -184.710464 -58.526260 68.478783
v -173.620941 -61.970535 69.979706
v -173.559769 -65.455048 70.066467
v -184.931992 -58.486015 69.892952
v -185.307068 -65.455048 68.174240
v -173.758072 -58.486015 68.140755
v -173.644806 -58.486015 69.823395
v -185.152481 -61.970535 69.910172
v -173.499603 -61.970528 68.123535
v -173.620941 -61.970528 68.053993
v -184.797028 -58.304749 69.622467
v -173.989899 -58.304749 69.692101
v -173.893036 -58.304749 68.411232
v -184.700180 -58.304749 68.341599
v -184.710464 -58.526260 69.562691
v -173.977386 -58.526260 68.478783
v -184.658051 -58.526260 68.414627
v -173.430359 -65.455048 68.036758
v -173.499603 -61.970535 68.545509
v -173.430359 -65.455048 68.425316
v -174.358414 -58.544754 68.478485
v -174.355423 -58.544754 68.713715
v -173.977386 -58.526260 68.713715
v -173.644806 -58.486015 69.368172
v -185.299042 -65.455048 69.608551
v -185.152481 -61.970535 69.488358
v -185.259705 -65.455048 68.425316
v -173.893036 -58.304749 68.665695
v -184.797028 -58.304749 69.368172
v -184.710464 -58.526260 69.327904
v -174.342041 -58.526260 69.327904
v -185.259705 -65.455048 69.996948
v -174.005219 -65.455048 70.066467
v -174.143356 -61.970535 69.979706
v -174.309341 -58.504509 68.140755
v -174.511703 -61.970528 68.074768
v -184.295181 -58.526260 69.562691
v -184.347015 -58.486015 69.892952
v -174.284058 -58.304749 69.692101
v -184.347015 -58.304749 68.341599
v -184.295181 -58.526260 68.414627
v -184.295181 -58.575478 69.023254
v -184.295181 -58.531441 68.478699
v -184.295181 -58.526260 69.327904
v -173.637070 -65.455048 67.967239
v -174.714050 -65.455048 68.008781
v -197.696381 -60.066803 68.434875
v -197.722488 -56.466156 68.248169
v -198.282150 -56.466148 68.291412
v -198.381302 -60.066803 68.378174
v -198.218903 -56.466148 66.365700
v -197.731918 -56.466148 66.324226
v -197.865799 -60.066803 66.278946
v -198.381302 -60.066803 66.278946
v -186.637939 -60.066803 67.920258
v -186.728897 -56.466148 67.800064
v -186.750610 -56.466156 68.221878
v -186.681366 -60.066803 68.308655
v -187.280807 -52.907082 67.938553
v -187.228394 -52.907082 67.874397
v -187.590057 -52.907082 67.874397
v -187.589249 -52.907082 67.938553
v -198.218231 -52.735550 68.071846
v -198.218231 -52.735550 67.679878
v -198.296265 -52.865494 67.679878
v -198.296265 -52.865494 68.135101
v -187.085510 -52.735550 68.141510
v -187.533325 -52.735550 68.141510
v -187.532516 -52.865494 68.204659
v -187.009079 -52.865494 68.204659
v -198.106567 -52.735550 66.515602
v -197.598022 -52.735550 66.515602
v -197.598022 -52.865494 66.452461
v -198.182999 -52.865494 66.452461
v -186.973846 -52.735550 66.585274
v -186.973846 -52.735550 66.977402
v -186.895813 -52.865494 66.977402
v -186.895813 -52.865494 66.522018
v -198.403488 -56.466148 66.498199
v -198.403488 -56.466148 66.857216
v -198.296265 -52.916351 67.312820
v -198.296265 -52.865494 66.522018
v -197.598022 -52.735550 68.141510
v -197.598022 -52.678192 68.003807
v -197.951187 -52.678192 68.003807
v -198.106567 -52.735550 68.141510
v -186.973846 -52.735542 67.679878
v -187.144043 -52.678192 67.679878
v -187.144043 -52.678192 67.934174
v -186.973846 -52.735550 68.071846
v -187.559540 -52.754662 66.515602
v -187.557800 -52.697304 66.653305
v -187.240906 -52.678192 66.653305
v -187.085510 -52.735550 66.515602
v -198.218231 -52.786400 67.312820
v -198.048035 -52.729050 67.312820
v -198.048035 -52.678192 66.722939
v -198.218231 -52.735550 66.585274
v -197.546188 -52.907082 67.938553
v -197.909058 -52.907082 67.938553
v -187.228394 -52.907082 67.639610
v -187.610229 -52.926193 66.726334
v -187.280807 -52.907082 66.726334
v -197.961472 -52.957939 67.334961
v -197.961472 -52.907082 66.790489
v -186.871948 -56.466156 68.291412
v -186.810776 -60.066803 68.378174
v -198.182999 -52.865494 68.204659
v -198.558075 -60.066803 66.485947
v -187.009079 -52.865494 66.452461
v -186.895813 -52.865494 68.135101
v -198.403488 -56.466156 68.221878
v -186.750610 -56.466148 66.435242
v -186.871948 -56.466148 66.365700
v -198.048035 -52.678192 67.934174
v -187.240906 -52.678192 68.003807
v -187.144043 -52.678192 66.722939
v -197.951187 -52.678192 66.653305
v -197.961472 -52.907082 67.874397
v -187.228394 -52.907082 66.790489
v -197.909058 -52.907082 66.726334
v -186.681366 -60.066803 66.348465
v -186.750610 -56.466148 66.857216
v -186.681366 -60.066803 66.737022
v -187.609421 -52.926193 66.790192
v -187.606430 -52.926193 67.025421
v -187.228394 -52.907082 67.025421
v -186.895813 -52.865494 67.679878
v -198.550049 -60.066803 67.920258
v -198.403488 -56.466156 67.800064
v -198.510712 -60.066803 66.737022
v -187.144043 -52.678192 66.977402
v -198.048035 -52.678192 67.679878
v -197.961472 -52.907082 67.639610
v -187.593048 -52.907082 67.639610
v -198.510712 -60.066803 68.308655
v -187.256226 -60.066803 68.378174
v -187.394363 -56.466156 68.291412
v -187.560349 -52.884605 66.452461
v -187.762711 -56.466148 66.386475
v -197.546188 -52.907082 67.874397
v -197.598022 -52.865494 68.204659
v -187.535065 -52.678192 68.003807
v -197.598022 -52.678192 66.653305
v -197.546188 -52.907082 66.726334
v -197.546188 -52.957939 67.334961
v -197.546188 -52.912437 66.790405
v -197.546188 -52.907082 67.639610
v -186.888077 -60.066803 66.278946
v -187.965057 -60.066803 66.320488
v -197.594376 -65.455048 70.123169
v -197.620483 -61.970535 69.936462
v -198.180145 -61.970528 69.979706
v -198.279297 -65.455048 70.066467
v -198.116898 -61.970535 68.053993
v -197.629913 -61.970535 68.012520
v -197.763794 -65.455048 67.967239
v -198.279297 -65.455048 67.967239
v -186.535934 -65.455048 69.608551
v -186.626892 -61.970528 69.488358
v -186.648605 -61.970535 69.910172
v -186.579361 -65.455048 69.996948
v -187.178802 -58.526260 69.626846
v -187.126389 -58.526260 69.562691
v -187.488052 -58.526260 69.562691
v -187.487244 -58.526260 69.626846
v -198.116226 -58.360252 69.760139
v -198.116226 -58.360252 69.368172
v -198.194260 -58.486015 69.368172
v -198.194260 -58.486015 69.823395
v -186.983505 -58.360252 69.829811
v -187.431320 -58.360252 69.829811
v -187.430511 -58.486015 69.892952
v -186.907074 -58.486015 69.892952
v -198.004562 -58.360252 68.203896
v -197.496017 -58.360252 68.203896
v -197.496017 -58.486015 68.140755
v -198.080994 -58.486015 68.140755
v -186.871841 -58.360252 68.273567
v -186.871841 -58.360252 68.665695
v -186.793808 -58.486015 68.665695
v -186.793808 -58.486015 68.210312
v -198.301483 -61.970535 68.186493
v -198.301483 -61.970535 68.545509
v -198.194260 -58.535225 69.001114
v -198.194260 -58.486015 68.210312
v -197.496017 -58.360252 69.829811
v -197.496017 -58.304749 69.692101
v -197.849182 -58.304749 69.692101
v -198.004562 -58.360252 69.829811
v -186.871841 -58.360252 69.368172
v -187.042038 -58.304749 69.368172
v -187.042038 -58.304749 69.622467
v -186.871841 -58.360252 69.760139
v -187.457550 -58.378754 68.203896
v -187.455795 -58.323250 68.341599
v -187.138901 -58.304749 68.341599
v -186.983505 -58.360252 68.203896
v -198.116226 -58.409470 69.001114
v -197.946030 -58.353966 69.001114
v -197.946030 -58.304749 68.411232
v -198.116226 -58.360252 68.273567
v -197.444183 -58.526260 69.626846
v -197.807053 -58.526260 69.626846
v -187.126389 -58.526260 69.327904
v -187.508224 -58.544754 68.414627
v -187.178802 -58.526260 68.414627
v -197.859467 -58.575478 69.023254
v -197.859467 -58.526260 68.478783
v -186.769943 -61.970535 69.979706
v -186.708771 -65.455048 70.066467
v -198.080994 -58.486015 69.892952
v -198.456070 -65.455048 68.174240
v -186.907074 -58.486015 68.140755
v -186.793808 -58.486015 69.823395
v -198.301483 -61.970535 69.910172
v -186.648605 -61.970528 68.123535
v -186.769943 -61.970528 68.053993
v -197.946030 -58.304749 69.622467
v -187.138901 -58.304749 69.692101
v -187.042038 -58.304749 68.411232
v -197.849182 -58.304749 68.341599
v -197.859467 -58.526260 69.562691
v -187.126389 -58.526260 68.478783
v -197.807053 -58.526260 68.414627
v -186.579361 -65.455048 68.036758
v -186.648605 -61.970535 68.545509
v -186.579361 -65.455048 68.425316
v -187.507416 -58.544754 68.478485
v -187.504425 -58.544754 68.713715
v -187.126389 -58.526260 68.713715
v -186.793808 -58.486015 69.368172
v -198.448044 -65.455048 69.608551
v -198.301483 -61.970535 69.488358
v -198.408722 -65.455048 68.425316
v -187.042038 -58.304749 68.665695
v -197.946030 -58.304749 69.368172
v -197.859467 -58.526260 69.327904
v -187.491028 -58.526260 69.327904
v -198.408722 -65.455048 69.996948
v -187.154221 -65.455048 70.066467
v -187.292358 -61.970535 69.979706
v -187.458344 -58.504509 68.140755
v -187.660706 -61.970528 68.074768
v -197.444183 -58.526260 69.562691
v -197.496017 -58.486015 69.892952
v -187.433060 -58.304749 69.692101
v -197.496017 -58.304749 68.341599
v -197.444183 -58.526260 68.414627
v -197.444183 -58.575478 69.023254
v -197.444183 -58.531441 68.478699
v -197.444183 -58.526260 69.327904
v -186.786072 -65.455048 67.967239
v -187.863052 -65.455048 68.008781
v -263.346375 -60.066803 68.434875
v -263.372467 -56.466156 68.248169
v -263.932129 -56.466148 68.291412
v -264.031281 -60.066803 68.378174
v -263.868866 -56.466148 66.365700
v -263.381897 -56.466148 66.324226
v -263.515778 -60.066803 66.278946
v -264.031281 -60.066803 66.278946
v -252.287918 -60.066803 67.920258
v -252.378876 -56.466148 67.800064
v -252.400589 -56.466156 68.221878
v -252.331345 -60.066803 68.308655
v -252.930786 -52.907082 67.938553
v -252.878372 -52.907082 67.874397
v -253.240036 -52.907082 67.874397
v -253.239227 -52.907082 67.938553
v -263.868195 -52.735550 68.071846
v -263.868195 -52.735550 67.679878
v -263.946259 -52.865494 67.679878
v -263.946259 -52.865494 68.135101
v -252.735489 -52.735550 68.141510
v -253.183304 -52.735550 68.141510
v -253.182495 -52.865494 68.204659
v -252.659058 -52.865494 68.204659
v -263.756561 -52.735550 66.515602
v -263.248016 -52.735550 66.515602
v -263.248016 -52.865494 66.452461
v -263.832977 -52.865494 66.452461
v -252.623825 -52.735550 66.585274
v -252.623825 -52.735550 66.977402
v -252.545792 -52.865494 66.977402
v -252.545792 -52.865494 66.522018
v -264.053467 -56.466148 66.498199
v -264.053467 -56.466148 66.857216
v -263.946259 -52.916351 67.312820
v -263.946259 -52.865494 66.522018
v -263.248016 -52.735550 68.141510
v -263.248016 -52.678192 68.003807
v -263.601166 -52.678192 68.003807
v -263.756561 -52.735550 68.141510
v -252.623825 -52.735542 67.679878
v -252.794022 -52.678192 67.679878
v -252.794022 -52.678192 67.934174
v -252.623825 -52.735550 68.071846
v -253.209534 -52.754662 66.515602
v -253.207779 -52.697304 66.653305
v -252.890884 -52.678192 66.653305
v -252.735489 -52.735550 66.515602
v -263.868195 -52.786400 67.312820
v -263.697998 -52.729050 67.312820
v -263.697998 -52.678192 66.722939
v -263.868195 -52.735550 66.585274
v -263.196167 -52.907082 67.938553
v -263.559052 -52.907082 67.938553
v -252.878372 -52.907082 67.639610
v -253.260208 -52.926193 66.726334
v -252.930786 -52.907082 66.726334
v -263.611450 -52.957939 67.334961
v -263.611450 -52.907082 66.790489
v -252.521927 -56.466156 68.291412
v -252.460754 -60.066803 68.378174
v -263.832977 -52.865494 68.204659
v -264.208069 -60.066803 66.485947
v -252.659058 -52.865494 66.452461
v -252.545792 -52.865494 68.135101
v -264.053467 -56.466156 68.221878
v -252.400589 -56.466148 66.435242
v -252.521927 -56.466148 66.365700
v -263.698029 -52.678192 67.934174
v -252.890884 -52.678192 68.003807
v -252.794022 -52.678192 66.722939
v -263.601166 -52.678192 66.653305
v -263.611450 -52.907082 67.874397
v -252.878372 -52.907082 66.790489
v -263.559052 -52.907082 66.726334
v -252.331345 -60.066803 66.348465
v -252.400589 -56.466148 66.857216
v -252.331345 -60.066803 66.737022
v -253.259399 -52.926193 66.790192
v -253.256409 -52.926193 67.025421
v -252.878372 -52.907082 67.025421
v -252.545792 -52.865494 67.679878
v -264.200043 -60.066803 67.920258
v -264.053467 -56.466156 67.800064
v -264.160706 -60.066803 66.737022
v -252.794022 -52.678192 66.977402
v -263.698029 -52.678192 67.679878
v -263.611450 -52.907082 67.639610
v -253.243011 -52.907082 67.639610
v -264.160706 -60.066803 68.308655
v -252.906204 -60.066803 68.378174
v -253.044342 -56.466156 68.291412
v -253.210327 -52.884605 66.452461
v -253.412689 -56.466148 66.386475
v -263.196167 -52.907082 67.874397
v -263.248016 -52.865494 68.204659
v -253.185043 -52.678192 68.003807
v -263.248016 -52.678192 66.653305
v -263.196167 -52.907082 66.726334
v -263.196167 -52.957939 67.334961
v -263.196167 -52.912437 66.790405
v -263.196167 -52.907082 67.639610
v -252.538055 -60.066803 66.278946
v -253.615036 -60.066803 66.320488
v -263.244385 -65.455048 70.123169
v -263.270477 -61.970535 69.936462
v -263.830139 -61.970528 69.979706
v -263.929291 -65.455048 70.066467
v -263.766876 -61.970535 68.053993
v -263.279907 -61.970535 68.012520
v -263.413788 -65.455048 67.967239
v -263.929291 -65.455048 67.967239
v -252.185928 -65.455048 69.608551
v -252.276886 -61.970528 69.488358
v -252.298599 -61.970535 69.910172
v -252.229355 -65.455048 69.996948
v -252.828796 -58.526260 69.626846
v -252.776382 -58.526260 69.562691
v -253.138046 -58.526260 69.562691
v -253.137238 -58.526260 69.626846
v -263.766205 -58.360252 69.760139
v -263.766205 -58.360252 69.368172
v -263.844269 -58.486015 69.368172
v -263.844269 -58.486015 69.823395
v -252.633499 -58.360252 69.829811
v -253.081314 -58.360252 69.829811
v -253.080505 -58.486015 69.892952
v -252.557068 -58.486015 69.892952
v -263.654572 -58.360252 68.203896
v -263.146027 -58.360252 68.203896
v -263.146027 -58.486015 68.140755
v -263.730988 -58.486015 68.140755
v -252.521835 -58.360252 68.273567
v -252.521835 -58.360252 68.665695
v -252.443802 -58.486015 68.665695
v -252.443802 -58.486015 68.210312
v -263.951477 -61.970535 68.186493
v -263.951477 -61.970535 68.545509
v -263.844269 -58.535225 69.001114
v -263.844269 -58.486015 68.210312
v -263.146027 -58.360252 69.829811
v -263.146027 -58.304749 69.692101
v -263.499176 -58.304749 69.692101
v -263.654572 -58.360252 69.829811
v -252.521835 -58.360252 69.368172
v -252.692032 -58.304749 69.368172
v -252.692032 -58.304749 69.622467
v -252.521835 -58.360252 69.760139
v -253.107544 -58.378754 68.203896
v -253.105789 -58.323250 68.341599
v -252.788895 -58.304749 68.341599
v -252.633499 -58.360252 68.203896
v -263.766205 -58.409470 69.001114
v -263.596008 -58.353966 69.001114
v -263.596008 -58.304749 68.411232
v -263.766205 -58.360252 68.273567
v -263.094177 -58.526260 69.626846
v -263.457062 -58.526260 69.626846
v -252.776382 -58.526260 69.327904
v -253.158218 -58.544754 68.414627
v -252.828796 -58.526260 68.414627
v -263.509460 -58.575478 69.023254
v -263.509460 -58.526260 68.478783
v -252.419937 -61.970535 69.979706
v -252.358765 -65.455048 70.066467
v -263.730988 -58.486015 69.892952
v -264.106079 -65.455048 68.174240
v -252.557068 -58.486015 68.140755
v -252.443802 -58.486015 69.823395
v -263.951477 -61.970535 69.910172
v -252.298599 -61.970528 68.123535
v -252.419937 -61.970528 68.053993
v -263.596039 -58.304749 69.622467
v -252.788895 -58.304749 69.692101
v -252.692032 -58.304749 68.411232
v -263.499176 -58.304749 68.341599
v -263.509460 -58.526260 69.562691
v -252.776382 -58.526260 68.478783
v -263.457062 -58.526260 68.414627
v -252.229355 -65.455048 68.036758
v -252.298599 -61.970535 68.545509
v -252.229355 -65.455048 68.425316
v -253.157410 -58.544754 68.478485
v -253.154419 -58.544754 68.713715
v -252.776382 -58.526260 68.713715
v -252.443802 -58.486015 69.368172
v -264.098053 -65.455048 69.608551
v -263.951477 -61.970535 69.488358
v -264.058716 -65.455048 68.425316
v -252.692032 -58.304749 68.665695
v -263.596039 -58.304749 69.368172
v -263.509460 -58.526260 69.327904
v -253.141022 -58.526260 69.327904
v -264.058716 -65.455048 69.996948
v -252.804214 -65.455048 70.066467
v -252.942352 -61.970535 69.979706
v -253.108337 -58.504509 68.140755
v -253.310699 -61.970528 68.074768
v -263.094177 -58.526260 69.562691
v -263.146027 -58.486015 69.892952
v -253.083054 -58.304749 69.692101
v -263.146027 -58.304749 68.341599
v -263.094177 -58.526260 68.414627
v -263.094177 -58.575478 69.023254
v -263.094177 -58.531441 68.478699
v -263.094177 -58.526260 69.327904
v -252.436066 -65.455048 67.967239
v -253.513046 -65.455048 68.008781
v -210.922379 -60.066803 68.434875
v -210.948486 -56.466156 68.248169
v -211.508148 -56.466148 68.291412
v -211.607300 -60.066803 68.378174
v -211.444901 -56.466148 66.365700
v -210.957916 -56.466148 66.324226
v -211.091797 -60.066803 66.278946
v -211.607300 -60.066803 66.278946
v -199.863937 -60.066803 67.920258
v -199.954895 -56.466148 67.800064
v -199.976608 -56.466156 68.221878
v -199.907364 -60.066803 68.308655
v -200.506805 -52.907082 67.938553
v -200.454391 -52.907082 67.874397
v -200.816055 -52.907082 67.874397
v -200.815247 -52.907082 67.938553
v -211.444229 -52.735550 68.071846
v -211.444229 -52.735550 67.679878
v -211.522263 -52.865494 67.679878
v -211.522263 -52.865494 68.135101
v -200.311508 -52.735550 68.141510
v -200.759323 -52.735550 68.141510
v -200.758514 -52.865494 68.204659
v -200.235077 -52.865494 68.204659
v -211.332565 -52.735550 66.515602
v -210.824020 -52.735550 66.515602
v -210.824020 -52.865494 66.452461
v -211.408997 -52.865494 66.452461
v -200.199844 -52.735550 66.585274
v -200.199844 -52.735550 66.977402
v -200.121811 -52.865494 66.977402
v -200.121811 -52.865494 66.522018
v -211.629486 -56.466148 66.498199
v -211.629486 -56.466148 66.857216
v -211.522263 -52.916351 67.312820
v -211.522263 -52.865494 66.522018
v -210.824020 -52.735550 68.141510
v -210.824020 -52.678192 68.003807
v -211.177185 -52.678192 68.003807
v -211.332565 -52.735550 68.141510
v -200.199844 -52.735542 67.679878
v -200.370041 -52.678192 67.679878
v -200.370041 -52.678192 67.934174
v -200.199844 -52.735550 68.071846
v -200.785553 -52.754662 66.515602
v -200.783798 -52.697304 66.653305
v -200.466904 -52.678192 66.653305
v -200.311508 -52.735550 66.515602
v -211.444229 -52.786400 67.312820
v -211.274033 -52.729050 67.312820
v -211.274033 -52.678192 66.722939
v -211.444229 -52.735550 66.585274
v -210.772186 -52.907082 67.938553
v -211.135056 -52.907082 67.938553
v -200.454391 -52.907082 67.639610
v -200.836227 -52.926193 66.726334
v -200.506805 -52.907082 66.726334
v -211.187469 -52.957939 67.334961
v -211.187469 -52.907082 66.790489
v -200.097946 -56.466156 68.291412
v -200.036774 -60.066803 68.378174
v -211.408997 -52.865494 68.204659
v -211.784073 -60.066803 66.485947
v -200.235077 -52.865494 66.452461
v -200.121811 -52.865494 68.135101
v -211.629486 -56.466156 68.221878
v -199.976608 -56.466148 66.435242
v -200.097946 -56.466148 66.365700
v -211.274033 -52.678192 67.934174
v -200.466904 -52.678192 68.003807
v -200.370041 -52.678192 66.722939
v -211.177185 -52.678192 66.653305
v -211.187469 -52.907082 67.874397
v -200.454391 -52.907082 66.790489
v -211.135056 -52.907082 66.726334
v -199.907364 -60.066803 66.348465
v -199.976608 -56.466148 66.857216
v -199.907364 -60.066803 66.737022
v -200.835419 -52.926193 66.790192
v -200.832428 -52.926193 67.025421
v -200.454391 -52.907082 67.025421
v -200.121811 -52.865494 67.679878
v -211.776047 -60.066803 67.920258
v -211.629486 -56.466156 67.800064
v -211.736725 -60.066803 66.737022
v -200.370041 -52.678192 66.977402
v -211.274033 -52.678192 67.679878
v -211.187469 -52.907082 67.639610
v -200.819031 -52.907082 67.639610
v -211.736725 -60.066803 68.308655
v -200.482224 -60.066803 68.378174
v -200.620361 -56.466156 68.291412
v -200.786346 -52.884605 66.452461
v -200.988708 -56.466148 66.386475
v -210.772186 -52.907082 67.874397
v -210.824020 -52.865494 68.204659
v -200.761063 -52.678192 68.003807
v -210.824020 -52.678192 66.653305
v -210.772186 -52.907082 66.726334
v -210.772186 -52.957939 67.334961
v -210.772186 -52.912437 66.790405
v -210.772186 -52.907082 67.639610
v -200.114075 -60.066803 66.278946
v -201.191055 -60.066803 66.320488
v -210.820374 -65.455048 70.123169
v -210.846481 -61.970535 69.936462
v -211.406143 -61.970528 69.979706
v -211.505295 -65.455048 70.066467
v -211.342896 -61.970535 68.053993
v -210.855911 -61.970535 68.012520
v -210.989792 -65.455048 67.967239
v -211.505295 -65.455048 67.967239
v -199.761932 -65.455048 69.608551
v -199.852890 -61.970528 69.488358
v -199.874603 -61.970535 69.910172
v -199.805359 -65.455048 69.996948
v -200.404800 -58.526260 69.626846
v -200.352386 -58.526260 69.562691
v -200.714050 -58.526260 69.562691
v -200.713242 -58.526260 69.626846
v -211.342224 -58.360252 69.760139
v -211.342224 -58.360252 69.368172
v -211.420258 -58.486015 69.368172
v -211.420258 -58.486015 69.823395
v -200.209503 -58.360252 69.829811
v -200.657318 -58.360252 69.829811
v -200.656509 -58.486015 69.892952
v -200.133072 -58.486015 69.892952
v -211.230560 -58.360252 68.203896
v -210.722015 -58.360252 68.203896
v -210.722015 -58.486015 68.140755
v -211.306992 -58.486015 68.140755
v -200.097839 -58.360252 68.273567
v -200.097839 -58.360252 68.665695
v -200.019806 -58.486015 68.665695
v -200.019806 -58.486015 68.210312
v -211.527481 -61.970535 68.186493
v -211.527481 -61.970535 68.545509
v -211.420258 -58.535225 69.001114
v -211.420258 -58.486015 68.210312
v -210.722015 -58.360252 69.829811
v -210.722015 -58.304749 69.692101
v -211.075180 -58.304749 69.692101
v -211.230560 -58.360252 69.829811
v -200.097839 -58.360252 69.368172
v -200.268036 -58.304749 69.368172
v -200.268036 -58.304749 69.622467
v -200.097839 -58.360252 69.760139
v -200.683533 -58.378754 68.203896
v -200.681793 -58.323250 68.341599
v -200.364899 -58.304749 68.341599
v -200.209503 -58.360252 68.203896
v -211.342224 -58.409470 69.001114
v -211.172028 -58.353966 69.001114
v -211.172028 -58.304749 68.411232
v -211.342224 -58.360252 68.273567
v -210.670181 -58.526260 69.626846
v -211.033051 -58.526260 69.626846
v -200.352386 -58.526260 69.327904
v -200.734222 -58.544754 68.414627
v -200.404800 -58.526260 68.414627
v -211.085464 -58.575478 69.023254
v -211.085464 -58.526260 68.478783
v -199.995941 -61.970535 69.979706
v -199.934769 -65.455048 70.066467
v -211.306992 -58.486015 69.892952
v -211.682068 -65.455048 68.174240
v -200.133072 -58.486015 68.140755
v -200.019806 -58.486015 69.823395
v -211.527481 -61.970535 69.910172
v -199.874603 -61.970528 68.123535
v -199.995941 -61.970528 68.053993
v -211.172028 -58.304749 69.622467
v -200.364899 -58.304749 69.692101
v -200.268036 -58.304749 68.411232
v -211.075180 -58.304749 68.341599
v -211.085464 -58.526260 69.562691
v -200.352386 -58.526260 68.478783
v -211.033051 -58.526260 68.414627
v -199.805359 -65.455048 68.036758
v -199.874603 -61.970535 68.545509
v -199.805359 -65.455048 68.425316
v -200.733414 -58.544754 68.478485
v -200.730423 -58.544754 68.713715
v -200.352386 -58.526260 68.713715
v -200.019806 -58.486015 69.368172
v -211.674042 -65.455048 69.608551
v -211.527481 -61.970535 69.488358
v -211.634705 -65.455048 68.425316
v -200.268036 -58.304749 68.665695
v -211.172028 -58.304749 69.368172
v -211.085464 -58.526260 69.327904
v -200.717041 -58.526260 69.327904
v -211.634705 -65.455048 69.996948
v -200.380219 -65.455048 70.066467
v -200.518356 -61.970535 69.979706
v -200.684341 -58.504509 68.140755
v -200.886703 -61.970528 68.074768
v -210.670181 -58.526260 69.562691
v -210.722015 -58.486015 69.892952
v -200.659058 -58.304749 69.692101
v -210.722015 -58.304749 68.341599
v -210.670181 -58.526260 68.414627
v -210.670181 -58.575478 69.023254
v -210.670181 -58.531441 68.478699
v -210.670181 -58.526260 69.327904
v -200.012070 -65.455048 67.967239
v -201.089050 -65.455048 68.008781
v -224.071381 -60.066803 68.434875
v -224.097488 -56.466156 68.248169
v -224.657150 -56.466148 68.291412
v -224.756302 -60.066803 68.378174
v -224.593903 -56.466148 66.365700
v -224.106918 -56.466148 66.324226
v -224.240799 -60.066803 66.278946
v -224.756302 -60.066803 66.278946
v -213.012939 -60.066803 67.920258
v -213.103897 -56.466148 67.800064
v -213.125610 -56.466156 68.221878
v -213.056366 -60.066803 68.308655
v -213.655807 -52.907082 67.938553
v -213.603394 -52.907082 67.874397
v -213.965057 -52.907082 67.874397
v -213.964249 -52.907082 67.938553
v -224.593231 -52.735550 68.071846
v -224.593231 -52.735550 67.679878
v -224.671265 -52.865494 67.679878
v -224.671265 -52.865494 68.135101
v -213.460510 -52.735550 68.141510
v -213.908325 -52.735550 68.141510
v -213.907516 -52.865494 68.204659
v -213.384079 -52.865494 68.204659
v -224.481567 -52.735550 66.515602
v -223.973022 -52.735550 66.515602
v -223.973022 -52.865494 66.452461
v -224.557999 -52.865494 66.452461
v -213.348846 -52.735550 66.585274
v -213.348846 -52.735550 66.977402
v -213.270813 -52.865494 66.977402
v -213.270813 -52.865494 66.522018
v -224.778488 -56.466148 66.498199
v -224.778488 -56.466148 66.857216
v -224.671265 -52.916351 67.312820
v -224.671265 -52.865494 66.522018
v -223.973022 -52.735550 68.141510
v -223.973022 -52.678192 68.003807
v -224.326187 -52.678192 68.003807
v -224.481567 -52.735550 68.141510
v -213.348846 -52.735542 67.679878
v -213.519043 -52.678192 67.679878
v -213.519043 -52.678192 67.934174
v -213.348846 -52.735550 68.071846
v -213.934540 -52.754662 66.515602
v -213.932800 -52.697304 66.653305
v -213.615906 -52.678192 66.653305
v -213.460510 -52.735550 66.515602
v -224.593231 -52.786400 67.312820
v -224.423035 -52.729050 67.312820
v -224.423035 -52.678192 66.722939
v -224.593231 -52.735550 66.585274
v -223.921188 -52.907082 67.938553
v -224.284058 -52.907082 67.938553
v -213.603394 -52.907082 67.639610
v -213.985229 -52.926193 66.726334
v -213.655807 -52.907082 66.726334
v -224.336472 -52.957939 67.334961
v -224.336472 -52.907082 66.790489
v -213.246948 -56.466156 68.291412
v -213.185776 -60.066803 68.378174
v -224.557999 -52.865494 68.204659
v -224.933075 -60.066803 66.485947
v -213.384079 -52.865494 66.452461
v -213.270813 -52.865494 68.135101
v -224.778488 -56.466156 68.221878
v -213.125610 -56.466148 66.435242
v -213.246948 -56.466148 66.365700
v -224.423035 -52.678192 67.934174
v -213.615906 -52.678192 68.003807
v -213.519043 -52.678192 66.722939
v -224.326187 -52.678192 66.653305
v -224.336472 -52.907082 67.874397
v -213.603394 -52.907082 66.790489
v -224.284058 -52.907082 66.726334
v -213.056366 -60.066803 66.348465
v -213.125610 -56.466148 66.857216
v -213.056366 -60.066803 66.737022
v -213.984421 -52.926193 66.790192
v -213.981430 -52.926193 67.025421
v -213.603394 -52.907082 67.025421
v -213.270813 -52.865494 67.679878
v -224.925049 -60.066803 67.920258
v -224.778488 -56.466156 67.800064
v -224.885712 -60.066803 66.737022
v -213.519043 -52.678192 66.977402
v -224.423035 -52.678192 67.679878
v -224.336472 -52.907082 67.639610
v -213.968048 -52.907082 67.639610
v -224.885712 -60.066803 68.308655
v -213.631226 -60.066803 68.378174
v -213.769363 -56.466156 68.291412
v -213.935349 -52.884605 66.452461
v -214.137711 -56.466148 66.386475
v -223.921188 -52.907082 67.874397
v -223.973022 -52.865494 68.204659
v -213.910065 -52.678192 68.003807
v -223.973022 -52.678192 66.653305
v -223.921188 -52.907082 66.726334
v -223.921188 -52.957939 67.334961
v -223.921188 -52.912437 66.790405
v -223.921188 -52.907082 67.639610
v -213.263077 -60.066803 66.278946
v -214.340057 -60.066803 66.320488
v -223.969376 -65.455048 70.123169
v -223.995483 -61.970535 69.936462
v -224.555145 -61.970528 69.979706
v -224.654297 -65.455048 70.066467
v -224.491898 -61.970535 68.053993
v -224.004913 -61.970535 68.012520
v -224.138794 -65.455048 67.967239
v -224.654297 -65.455048 67.967239
v -212.910934 -65.455048 69.608551
v -213.001892 -61.970528 69.488358
v -213.023605 -61.970535 69.910172
v -212.954361 -65.455048 69.996948
v -213.553802 -58.526260 69.626846
v -213.501389 -58.526260 69.562691
v -213.863052 -58.526260 69.562691
v -213.862244 -58.526260 69.626846
v -224.491226 -58.360252 69.760139
v -224.491226 -58.360252 69.368172
v -224.569260 -58.486015 69.368172
v -224.569260 -58.486015 69.823395
v -213.358505 -58.360252 69.829811
v -213.806320 -58.360252 69.829811
v -213.805511 -58.486015 69.892952
v -213.282074 -58.486015 69.892952
v -224.379562 -58.360252 68.203896
v -223.871017 -58.360252 68.203896
v -223.871017 -58.486015 68.140755
v -224.455994 -58.486015 68.140755
v -213.246841 -58.360252 68.273567
v -213.246841 -58.360252 68.665695
v -213.168808 -58.486015 68.665695
v -213.168808 -58.486015 68.210312
v -224.676483 -61.970535 68.186493
v -224.676483 -61.970535 68.545509
v -224.569260 -58.535225 69.001114
v -224.569260 -58.486015 68.210312
v -223.871017 -58.360252 69.829811
v -223.871017 -58.304749 69.692101
v -224.224182 -58.304749 69.692101
v -224.379562 -58.360252 69.829811
v -213.246841 -58.360252 69.368172
v -213.417038 -58.304749 69.368172
v -213.417038 -58.304749 69.622467
v -213.246841 -58.360252 69.760139
v -213.832550 -58.378754 68.203896
v -213.830795 -58.323250 68.341599
v -213.513901 -58.304749 68.341599
v -213.358505 -58.360252 68.203896
v -224.491226 -58.409470 69.001114
v -224.321030 -58.353966 69.001114
v -224.321030 -58.304749 68.411232
v -224.491226 -58.360252 68.273567
v -223.819183 -58.526260 69.626846
v -224.182053 -58.526260 69.626846
v -213.501389 -58.526260 69.327904
v -213.883224 -58.544754 68.414627
v -213.553802 -58.526260 68.414627
v -224.234467 -58.575478 69.023254
v -224.234467 -58.526260 68.478783
v -213.144943 -61.970535 69.979706
v -213.083771 -65.455048 70.066467
v -224.455994 -58.486015 69.892952
v -224.831070 -65.455048 68.174240
v -213.282074 -58.486015 68.140755
v -213.168808 -58.486015 69.823395
v -224.676483 -61.970535 69.910172
v -213.023605 -61.970528 68.123535
v -213.144943 -61.970528 68.053993
v -224.321030 -58.304749 69.622467
v -213.513901 -58.304749 69.692101
v -213.417038 -58.304749 68.411232
v -224.224182 -58.304749 68.341599
v -224.234467 -58.526260 69.562691
v -213.501389 -58.526260 68.478783
v -224.182053 -58.526260 68.414627
v -212.954361 -65.455048 68.036758
v -213.023605 -61.970535 68.545509
v -212.954361 -65.455048 68.425316
v -213.882416 -58.544754 68.478485
v -213.879425 -58.544754 68.713715
v -213.501389 -58.526260 68.713715
v -213.168808 -58.486015 69.368172
v -224.823044 -65.455048 69.608551
v -224.676483 -61.970535 69.488358
v -224.783722 -65.455048 68.425316
v -213.417038 -58.304749 68.665695
v -224.321030 -58.304749 69.368172
v -224.234467 -58.526260 69.327904
v -213.866028 -58.526260 69.327904
v -224.783722 -65.455048 69.996948
v -213.529221 -65.455048 70.066467
v -213.667358 -61.970535 69.979706
v -213.833344 -58.504509 68.140755
v -214.035706 -61.970528 68.074768
v -223.819183 -58.526260 69.562691
v -223.871017 -58.486015 69.892952
v -213.808060 -58.304749 69.692101
v -223.871017 -58.304749 68.341599
v -223.819183 -58.526260 68.414627
v -223.819183 -58.575478 69.023254
v -223.819183 -58.531441 68.478699
v -223.819183 -58.526260 69.327904
v -213.161072 -65.455048 67.967239
v -214.238052 -65.455048 68.008781
v -237.154373 -60.066803 68.434875
v -237.180481 -56.466156 68.248169
v -237.740143 -56.466148 68.291412
v -237.839294 -60.066803 68.378174
v -237.676895 -56.466148 66.365700
v -237.189911 -56.466148 66.324226
v -237.323792 -60.066803 66.278946
v -237.839294 -60.066803 66.278946
v -226.095932 -60.066803 67.920258
v -226.186890 -56.466148 67.800064
v -226.208603 -56.466156 68.221878
v -226.139359 -60.066803 68.308655
v -226.738800 -52.907082 67.938553
v -226.686386 -52.907082 67.874397
v -227.048050 -52.907082 67.874397
v -227.047241 -52.907082 67.938553
v -237.676224 -52.735550 68.071846
v -237.676224 -52.735550 67.679878
v -237.754257 -52.865494 67.679878
v -237.754257 -52.865494 68.135101
v -226.543503 -52.735550 68.141510
v -226.991318 -52.735550 68.141510
v -226.990509 -52.865494 68.204659
v -226.467072 -52.865494 68.204659
v -237.564560 -52.735550 66.515602
v -237.056015 -52.735550 66.515602
v -237.056015 -52.865494 66.452461
v -237.640991 -52.865494 66.452461
v -226.431839 -52.735550 66.585274
v -226.431839 -52.735550 66.977402
v -226.353806 -52.865494 66.977402
v -226.353806 -52.865494 66.522018
v -237.861481 -56.466148 66.498199
v -237.861481 -56.466148 66.857216
v -237.754257 -52.916351 67.312820
v -237.754257 -52.865494 66.522018
v -237.056015 -52.735550 68.141510
v -237.056015 -52.678192 68.003807
v -237.409180 -52.678192 68.003807
v -237.564560 -52.735550 68.141510
v -226.431839 -52.735542 67.679878
v -226.602036 -52.678192 67.679878
v -226.602036 -52.678192 67.934174
v -226.431839 -52.735550 68.071846
v -227.017548 -52.754662 66.515602
v -227.015793 -52.697304 66.653305
v -226.698898 -52.678192 66.653305
v -226.543503 -52.735550 66.515602
v -237.676224 -52.786400 67.312820
v -237.506027 -52.729050 67.312820
v -237.506027 -52.678192 66.722939
v -237.676224 -52.735550 66.585274
v -237.004181 -52.907082 67.938553
v -237.367050 -52.907082 67.938553
v -226.686386 -52.907082 67.639610
v -227.068222 -52.926193 66.726334
v -226.738800 -52.907082 66.726334
v -237.419464 -52.957939 67.334961
v -237.419464 -52.907082 66.790489
v -226.329941 -56.466156 68.291412
v -226.268768 -60.066803 68.378174
v -237.640991 -52.865494 68.204659
v -238.016068 -60.066803 66.485947
v -226.467072 -52.865494 66.452461
v -226.353806 -52.865494 68.135101
v -237.861481 -56.466156 68.221878
v -226.208603 -56.466148 66.435242
v -226.329941 -56.466148 66.365700
v -237.506027 -52.678192 67.934174
v -226.698898 -52.678192 68.003807
v -226.602036 -52.678192 66.722939
v -237.409180 -52.678192 66.653305
v -237.419464 -52.907082 67.874397
v -226.686386 -52.907082 66.790489
v -237.367050 -52.907082 66.726334
v -226.139359 -60.066803 66.348465
v -226.208603 -56.466148 66.857216
v -226.139359 -60.066803 66.737022
v -227.067413 -52.926193 66.790192
v -227.064423 -52.926193 67.025421
v -226.686386 -52.907082 67.025421
v -226.353806 -52.865494 67.679878
v -238.008041 -60.066803 67.920258
v -237.861481 -56.466156 67.800064
v -237.968719 -60.066803 66.737022
v -226.602036 -52.678192 66.977402
v -237.506027 -52.678192 67.679878
v -237.419464 -52.907082 67.639610
v -227.051025 -52.907082 67.639610
v -237.968719 -60.066803 68.308655
v -226.714218 -60.066803 68.378174
v -226.852356 -56.466156 68.291412
v -227.018341 -52.884605 66.452461
v -227.220703 -56.466148 66.386475
v -237.004181 -52.907082 67.874397
v -237.056015 -52.865494 68.204659
v -226.993057 -52.678192 68.003807
v -237.056015 -52.678192 66.653305
v -237.004181 -52.907082 66.726334
v -237.004181 -52.957939 67.334961
v -237.004181 -52.912437 66.790405
v -237.004181 -52.907082 67.639610
v -226.346069 -60.066803 66.278946
v -227.423050 -60.066803 66.320488
v -237.052368 -65.455048 70.123169
v -237.078476 -61.970535 69.936462
v -237.638138 -61.970528 69.979706
v -237.737289 -65.455048 70.066467
v -237.574890 -61.970535 68.053993
v -237.087906 -61.970535 68.012520
v -237.221786 -65.455048 67.967239
v -237.737289 -65.455048 67.967239
v -225.993927 -65.455048 69.608551
v -226.084885 -61.970528 69.488358
v -226.106598 -61.970535 69.910172
v -226.037354 -65.455048 69.996948
v -226.636795 -58.526260 69.626846
v -226.584381 -58.526260 69.562691
v -226.946045 -58.526260 69.562691
v -226.945236 -58.526260 69.626846
v -237.574219 -58.360252 69.760139
v -237.574219 -58.360252 69.368172
v -237.652252 -58.486015 69.368172
v -237.652252 -58.486015 69.823395
v -226.441498 -58.360252 69.829811
v -226.889313 -58.360252 69.829811
v -226.888504 -58.486015 69.892952
v -226.365067 -58.486015 69.892952
v -237.462555 -58.360252 68.203896
v -236.954010 -58.360252 68.203896
v -236.954010 -58.486015 68.140755
v -237.538986 -58.486015 68.140755
v -226.329834 -58.360252 68.273567
v -226.329834 -58.360252 68.665695
v -226.251801 -58.486015 68.665695
v -226.251801 -58.486015 68.210312
v -237.759476 -61.970535 68.186493
v -237.759476 -61.970535 68.545509
v -237.652252 -58.535225 69.001114
v -237.652252 -58.486015 68.210312
v -236.954010 -58.360252 69.829811
v -236.954010 -58.304749 69.692101
v -237.307175 -58.304749 69.692101
v -237.462555 -58.360252 69.829811
v -226.329834 -58.360252 69.368172
v -226.500031 -58.304749 69.368172
v -226.500031 -58.304749 69.622467
v -226.329834 -58.360252 69.760139
v -226.915527 -58.378754 68.203896
v -226.913788 -58.323250 68.341599
v -226.596893 -58.304749 68.341599
v -226.441498 -58.360252 68.203896
v -237.574219 -58.409470 69.001114
v -237.404022 -58.353966 69.001114
v -237.404022 -58.304749 68.411232
v -237.574219 -58.360252 68.273567
v -236.902176 -58.526260 69.626846
v -237.265045 -58.526260 69.626846
v -226.584381 -58.526260 69.327904
v -226.966217 -58.544754 68.414627
v -226.636795 -58.526260 68.414627
v -237.317459 -58.575478 69.023254
v -237.317459 -58.526260 68.478783
v -226.227936 -61.970535 69.979706
v -226.166763 -65.455048 70.066467
v -237.538986 -58.486015 69.892952
v -237.914062 -65.455048 68.174240
v -226.365067 -58.486015 68.140755
v -226.251801 -58.486015 69.823395
v -237.759476 -61.970535 69.910172
v -226.106598 -61.970528 68.123535
v -226.227936 -61.970528 68.053993
v -237.404022 -58.304749 69.622467
v -226.596893 -58.304749 69.692101
v -226.500031 -58.304749 68.411232
v -237.307175 -58.304749 68.341599
v -237.317459 -58.526260 69.562691
v -226.584381 -58.526260 68.478783
v -237.265045 -58.526260 68.414627
v -226.037354 -65.455048 68.036758
v -226.106598 -61.970535 68.545509
v -226.037354 -65.455048 68.425316
v -226.965408 -58.544754 68.478485
v -226.962418 -58.544754 68.713715
v -226.584381 -58.526260 68.713715
v -226.251801 -58.486015 69.368172
v -237.906036 -65.455048 69.608551
v -237.759476 -61.970535 69.488358
v -237.866699 -65.455048 68.425316
v -226.500031 -58.304749 68.665695
v -237.404022 -58.304749 69.368172
v -237.317459 -58.526260 69.327904
v -226.949036 -58.526260 69.327904
v -237.866699 -65.455048 69.996948
v -226.612213 -65.455048 70.066467
v -226.750351 -61.970535 69.979706
v -226.916336 -58.504509 68.140755
v -227.118698 -61.970528 68.074768
v -236.902176 -58.526260 69.562691
v -236.954010 -58.486015 69.892952
v -226.891052 -58.304749 69.692101
v -236.954010 -58.304749 68.341599
v -236.902176 -58.526260 68.414627
v -236.902176 -58.575478 69.023254
v -236.902176 -58.531441 68.478699
v -236.902176 -58.526260 69.327904
v -226.244064 -65.455048 67.967239
v -227.321045 -65.455048 68.008781
v -250.303375 -60.066803 68.434875
v -250.329483 -56.466156 68.248169
v -250.889145 -56.466148 68.291412
v -250.988297 -60.066803 68.378174
v -250.825897 -56.466148 66.365700
v -250.338913 -56.466148 66.324226
v -250.472794 -60.066803 66.278946
v -250.988297 -60.066803 66.278946
v -239.244934 -60.066803 67.920258
v -239.335892 -56.466148 67.800064
v -239.357605 -56.466156 68.221878
v -239.288361 -60.066803 68.308655
v -239.887802 -52.907082 67.938553
v -239.835388 -52.907082 67.874397
v -240.197052 -52.907082 67.874397
v -240.196243 -52.907082 67.938553
v -250.825226 -52.735550 68.071846
v -250.825226 -52.735550 67.679878
v -250.903259 -52.865494 67.679878
v -250.903259 -52.865494 68.135101
v -239.692505 -52.735550 68.141510
v -240.140320 -52.735550 68.141510
v -240.139511 -52.865494 68.204659
v -239.616074 -52.865494 68.204659
v -250.713562 -52.735550 66.515602
v -250.205017 -52.735550 66.515602
v -250.205017 -52.865494 66.452461
v -250.789993 -52.865494 66.452461
v -239.580841 -52.735550 66.585274
v -239.580841 -52.735550 66.977402
v -239.502808 -52.865494 66.977402
v -239.502808 -52.865494 66.522018
v -251.010483 -56.466148 66.498199
v -251.010483 -56.466148 66.857216
v -250.903259 -52.916351 67.312820
v -250.903259 -52.865494 66.522018
v -250.205017 -52.735550 68.141510
v -250.205017 -52.678192 68.003807
v -250.558182 -52.678192 68.003807
v -250.713562 -52.735550 68.141510
v -239.580841 -52.735542 67.679878
v -239.751038 -52.678192 67.679878
v -239.751038 -52.678192 67.934174
v -239.580841 -52.735550 68.071846
v -240.166534 -52.754662 66.515602
v -240.164795 -52.697304 66.653305
v -239.847900 -52.678192 66.653305
v -239.692505 -52.735550 66.515602
v -250.825226 -52.786400 67.312820
v -250.655029 -52.729050 67.312820
v -250.655029 -52.678192 66.722939
v -250.825226 -52.735550 66.585274
v -250.153183 -52.907082 67.938553
v -250.516052 -52.907082 67.938553
v -239.835388 -52.907082 67.639610
v -240.217224 -52.926193 66.726334
v -239.887802 -52.907082 66.726334
v -250.568466 -52.957939 67.334961
v -250.568466 -52.907082 66.790489
v -239.478943 -56.466156 68.291412
v -239.417770 -60.066803 68.378174
v -250.789993 -52.865494 68.204659
v -251.165070 -60.066803 66.485947
v -239.616074 -52.865494 66.452461
v -239.502808 -52.865494 68.135101
v -251.010483 -56.466156 68.221878
v -239.357605 -56.466148 66.435242
v -239.478943 -56.466148 66.365700
v -250.655029 -52.678192 67.934174
v -239.847900 -52.678192 68.003807
v -239.751038 -52.678192 66.722939
v -250.558182 -52.678192 66.653305
v -250.568466 -52.907082 67.874397
v -239.835388 -52.907082 66.790489
v -250.516052 -52.907082 66.726334
v -239.288361 -60.066803 66.348465
v -239.357605 -56.466148 66.857216
v -239.288361 -60.066803 66.737022
v -240.216415 -52.926193 66.790192
v -240.213425 -52.926193 67.025421
v -239.835388 -52.907082 67.025421
v -239.502808 -52.865494 67.679878
v -251.157043 -60.066803 67.920258
v -251.010483 -56.466156 67.800064
v -251.117706 -60.066803 66.737022
v -239.751038 -52.678192 66.977402
v -250.655029 -52.678192 67.679878
v -250.568466 -52.907082 67.639610
v -240.200043 -52.907082 67.639610
v -251.117706 -60.066803 68.308655
v -239.863220 -60.066803 68.378174
v -240.001358 -56.466156 68.291412
v -240.167343 -52.884605 66.452461
v -240.369705 -56.466148 66.386475
v -250.153183 -52.907082 67.874397
v -250.205017 -52.865494 68.204659
v -240.142059 -52.678192 68.003807
v -250.205017 -52.678192 66.653305
v -250.153183 -52.907082 66.726334
v -250.153183 -52.957939 67.334961
v -250.153183 -52.912437 66.790405
v -250.153183 -52.907082 67.639610
v -239.495071 -60.066803 66.278946
v -240.572052 -60.066803 66.320488
v -250.201370 -65.455048 70.123169
v -250.227478 -61.970535 69.936462
v -250.787140 -61.970528 69.979706
v -250.886292 -65.455048 70.066467
v -250.723892 -61.970535 68.053993
v -250.236908 -61.970535 68.012520
v -250.370789 -65.455048 67.967239
v -250.886292 -65.455048 67.967239
v -239.142929 -65.455048 69.608551
v -239.233887 -61.970528 69.488358
v -239.255600 -61.970535 69.910172
v -239.186356 -65.455048 69.996948
v -239.785797 -58.526260 69.626846
v -239.733383 -58.526260 69.562691
v -240.095047 -58.526260 69.562691
v -240.094238 -58.526260 69.626846
v -250.723221 -58.360252 69.760139
v -250.723221 -58.360252 69.368172
v -250.801254 -58.486015 69.368172
v -250.801254 -58.486015 69.823395
v -239.590500 -58.360252 69.829811
v -240.038315 -58.360252 69.829811
v -240.037506 -58.486015 69.892952
v -239.514069 -58.486015 69.892952
v -250.611557 -58.360252 68.203896
v -250.103012 -58.360252 68.203896
v -250.103012 -58.486015 68.140755
v -250.687988 -58.486015 68.140755
v -239.478836 -58.360252 68.273567
v -239.478836 -58.360252 68.665695
v -239.400803 -58.486015 68.665695
v -239.400803 -58.486015 68.210312
v -250.908478 -61.970535 68.186493
v -250.908478 -61.970535 68.545509
v -250.801254 -58.535225 69.001114
v -250.801254 -58.486015 68.210312
v -250.103012 -58.360252 69.829811
v -250.103012 -58.304749 69.692101
v -250.456177 -58.304749 69.692101
v -250.611557 -58.360252 69.829811
v -239.478836 -58.360252 69.368172
v -239.649033 -58.304749 69.368172
v -239.649033 -58.304749 69.622467
v -239.478836 -58.360252 69.760139
v -240.064545 -58.378754 68.203896
v -240.062790 -58.323250 68.341599
v -239.745895 -58.304749 68.341599
v -239.590500 -58.360252 68.203896
v -250.723221 -58.409470 69.001114
v -250.553024 -58.353966 69.001114
v -250.553024 -58.304749 68.411232
v -250.723221 -58.360252 68.273567
v -250.051178 -58.526260 69.626846
v -250.414047 -58.526260 69.626846
v -239.733383 -58.526260 69.327904
v -240.115219 -58.544754 68.414627
v -239.785797 -58.526260 68.414627
v -250.466461 -58.575478 69.023254
v -250.466461 -58.526260 68.478783
v -239.376938 -61.970535 69.979706
v -239.315765 -65.455048 70.066467
v -250.687988 -58.486015 69.892952
v -251.063065 -65.455048 68.174240
v -239.514069 -58.486015 68.140755
v -239.400803 -58.486015 69.823395
v -250.908478 -61.970535 69.910172
v -239.255600 -61.970528 68.123535
v -239.376938 -61.970528 68.053993
v -250.553024 -58.304749 69.622467
v -239.745895 -58.304749 69.692101
v -239.649033 -58.304749 68.411232
v -250.456177 -58.304749 68.341599
v -250.466461 -58.526260 69.562691
v -239.733383 -58.526260 68.478783
v -250.414047 -58.526260 68.414627
v -239.186356 -65.455048 68.036758
v -239.255600 -61.970535 68.545509
v -239.186356 -65.455048 68.425316
v -240.114410 -58.544754 68.478485
v -240.111420 -58.544754 68.713715
v -239.733383 -58.526260 68.713715
v -239.400803 -58.486015 69.368172
v -251.055038 -65.455048 69.608551
v -250.908478 -61.970535 69.488358
v -251.015717 -65.455048 68.425316
v -239.649033 -58.304749 68.665695
v -250.553024 -58.304749 69.368172
v -250.466461 -58.526260 69.327904
v -240.098022 -58.526260 69.327904
v -251.015717 -65.455048 69.996948
v -239.761215 -65.455048 70.066467
v -239.899353 -61.970535 69.979706
v -240.065338 -58.504509 68.140755
v -240.267700 -61.970528 68.074768
v -250.051178 -58.526260 69.562691
v -250.103012 -58.486015 69.892952
v -240.040054 -58.304749 69.692101
v -250.103012 -58.304749 68.341599
v -250.051178 -58.526260 68.414627
v -250.051178 -58.575478 69.023254
v -250.051178 -58.531441 68.478699
v -250.051178 -58.526260 69.327904
v -239.393066 -65.455048 67.967239
v -240.470047 -65.455048 68.008781
v -276.495392 -60.066803 68.434875
v -276.521484 -56.466156 68.248169
v -277.081146 -56.466148 68.291412
v -277.180298 -60.066803 68.378174
v -277.017883 -56.466148 66.365700
v -276.530914 -56.466148 66.324226
v -276.664795 -60.066803 66.278946
v -277.180298 -60.066803 66.278946
v -265.436920 -60.066803 67.920258
v -265.527893 -56.466148 67.800064
v -265.549591 -56.466156 68.221878
v -265.480347 -60.066803 68.308655
v -266.079803 -52.907082 67.938553
v -266.027405 -52.907082 67.874397
v -266.389069 -52.907082 67.874397
v -266.388245 -52.907082 67.938553
v -277.017212 -52.735550 68.071846
v -277.017212 -52.735550 67.679878
v -277.095276 -52.865494 67.679878
v -277.095276 -52.865494 68.135101
v -265.884491 -52.735550 68.141510
v -266.332306 -52.735550 68.141510
v -266.331512 -52.865494 68.204659
v -265.808075 -52.865494 68.204659
v -276.905579 -52.735550 66.515602
v -276.397034 -52.735550 66.515602
v -276.397034 -52.865494 66.452461
v -276.981995 -52.865494 66.452461
v -265.772858 -52.735550 66.585274
v -265.772858 -52.735550 66.977402
v -265.694794 -52.865494 66.977402
v -265.694794 -52.865494 66.522018
v -277.202484 -56.466148 66.498199
v -277.202484 -56.466148 66.857216
v -277.095276 -52.916351 67.312820
v -277.095276 -52.865494 66.522018
v -276.397034 -52.735550 68.141510
v -276.397034 -52.678192 68.003807
v -276.750183 -52.678192 68.003807
v -276.905579 -52.735550 68.141510
v -265.772858 -52.735542 67.679878
v -265.943054 -52.678192 67.679878
v -265.943054 -52.678192 67.934174
v -265.772858 -52.735550 68.071846
v -266.358551 -52.754662 66.515602
v -266.356812 -52.697304 66.653305
v -266.039886 -52.678192 66.653305
v -265.884491 -52.735550 66.515602
v -277.017212 -52.786400 67.312820
v -276.847046 -52.729050 67.312820
v -276.847046 -52.678192 66.722939
v -277.017212 -52.735550 66.585274
v -276.345184 -52.907082 67.938553
v -276.708069 -52.907082 67.938553
v -266.027405 -52.907082 67.639610
v -266.409210 -52.926193 66.726334
v -266.079803 -52.907082 66.726334
v -276.760468 -52.957939 67.334961
v -276.760468 -52.907082 66.790489
v -265.670929 -56.466156 68.291412
v -265.609772 -60.066803 68.378174
v -276.981995 -52.865494 68.204659
v -277.357086 -60.066803 66.485947
v -265.808075 -52.865494 66.452461
v -265.694794 -52.865494 68.135101
v -277.202484 -56.466156 68.221878
v -265.549591 -56.466148 66.435242
v -265.670929 -56.466148 66.365700
v -276.847046 -52.678192 67.934174
v -266.039886 -52.678192 68.003807
v -265.943054 -52.678192 66.722939
v -276.750183 -52.678192 66.653305
v -276.760468 -52.907082 67.874397
v -266.027405 -52.907082 66.790489
v -276.708069 -52.907082 66.726334
v -265.480347 -60.066803 66.348465
v -265.549591 -56.466148 66.857216
v -265.480347 -60.066803 66.737022
v -266.408417 -52.926193 66.790192
v -266.405426 -52.926193 67.025421
v -266.027405 -52.907082 67.025421
v -265.694794 -52.865494 67.679878
v -277.349060 -60.066803 67.920258
v -277.202484 -56.466156 67.800064
v -277.309723 -60.066803 66.737022
v -265.943054 -52.678192 66.977402
v -276.847046 -52.678192 67.679878
v -276.760468 -52.907082 67.639610
v -266.392029 -52.907082 67.639610
v -277.309723 -60.066803 68.308655
v -266.055206 -60.066803 68.378174
v -266.193359 -56.466156 68.291412
v -266.359344 -52.884605 66.452461
v -266.561707 -56.466148 66.386475
v -276.345184 -52.907082 67.874397
v -276.397034 -52.865494 68.204659
v -266.334076 -52.678192 68.003807
v -276.397034 -52.678192 66.653305
v -276.345184 -52.907082 66.726334
v -276.345184 -52.957939 67.334961
v -276.345184 -52.912437 66.790405
v -276.345184 -52.907082 67.639610
v -265.687073 -60.066803 66.278946
v -266.764069 -60.066803 66.320488
v -279.710815 -65.455048 70.123169
v -279.743652 -61.970535 69.936462
v -280.448059 -61.970528 69.979706
v -280.572845 -65.455048 70.066467
v -280.368439 -61.970535 68.053993
v -279.755524 -61.970535 68.012520
v -279.924011 -65.455048 67.967239
v -280.572845 -65.455048 67.967239
v -265.792694 -65.455048 69.608551
v -265.907166 -61.970528 69.488358
v -265.934479 -61.970535 69.910172
v -265.847351 -65.455048 69.996948
v -266.601807 -58.526260 69.626846
v -266.535828 -58.526260 69.562691
v -266.991028 -58.526260 69.562691
v -266.989990 -58.526260 69.626846
v -280.367584 -58.360252 69.760139
v -280.367584 -58.360252 69.368172
v -280.465820 -58.486015 69.368172
v -280.465820 -58.486015 69.823395
v -266.355988 -58.360252 69.829811
v -266.919617 -58.360252 69.829811
v -266.918610 -58.486015 69.892952
v -266.259796 -58.486015 69.892952
v -280.227051 -58.360252 68.203896
v -279.587006 -58.360252 68.203896
v -279.587006 -58.486015 68.140755
v -280.323273 -58.486015 68.140755
v -266.215454 -58.360252 68.273567
v -266.215454 -58.360252 68.665695
v -266.117249 -58.486015 68.665695
v -266.117249 -58.486015 68.210312
v -280.600769 -61.970535 68.186493
v -280.600769 -61.970535 68.545509
v -280.465820 -58.535225 69.001114
v -280.465820 -58.486015 68.210312
v -279.587006 -58.360252 69.829811
v -279.587006 -58.304749 69.692101
v -280.031494 -58.304749 69.692101
v -280.227081 -58.360252 69.829811
v -266.215454 -58.360252 69.368172
v -266.429657 -58.304749 69.368172
v -266.429657 -58.304749 69.622467
v -266.215454 -58.360252 69.760139
v -266.952606 -58.378754 68.203896
v -266.950409 -58.323250 68.341599
v -266.551575 -58.304749 68.341599
v -266.355988 -58.360252 68.203896
v -280.367584 -58.409470 69.001114
v -280.153381 -58.353966 69.001114
v -280.153381 -58.304749 68.411232
v -280.367584 -58.360252 68.273567
v -279.521790 -58.526260 69.626846
v -279.978485 -58.526260 69.626846
v -266.535828 -58.526260 69.327904
v -267.016418 -58.544754 68.414627
v -266.601807 -58.526260 68.414627
v -280.044464 -58.575478 69.023254
v -280.044464 -58.526260 68.478783
v -266.087219 -61.970535 69.979706
v -266.010223 -65.455048 70.066467
v -280.323273 -58.486015 69.892952
v -280.795319 -65.455048 68.174240
v -266.259796 -58.486015 68.140755
v -266.117249 -58.486015 69.823395
v -280.600769 -61.970535 69.910172
v -265.934479 -61.970528 68.123535
v -266.087219 -61.970528 68.053993
v -280.153381 -58.304749 69.622467
v -266.551575 -58.304749 69.692101
v -266.429657 -58.304749 68.411232
v -280.031494 -58.304749 68.341599
v -280.044464 -58.526260 69.562691
v -266.535828 -58.526260 68.478783
v -279.978485 -58.526260 68.414627
v -265.847351 -65.455048 68.036758
v -265.934479 -61.970535 68.545509
v -265.847351 -65.455048 68.425316
v -267.015381 -58.544754 68.478485
v -267.011627 -58.544754 68.713715
v -266.535828 -58.526260 68.713715
v -266.117249 -58.486015 69.368172
v -280.785217 -65.455048 69.608551
v -280.600769 -61.970535 69.488358
v -280.735718 -65.455048 68.425316
v -266.429657 -58.304749 68.665695
v -280.153381 -58.304749 69.368172
v -280.044464 -58.526260 69.327904
v -266.994781 -58.526260 69.327904
v -280.735718 -65.455048 69.996948
v -266.570862 -65.455048 70.066467
v -266.744720 -61.970535 69.979706
v -266.953644 -58.504509 68.140755
v -267.208313 -61.970528 68.074768
v -279.521790 -58.526260 69.562691
v -279.587006 -58.486015 69.892952
v -266.921814 -58.304749 69.692101
v -279.587006 -58.304749 68.341599
v -279.521790 -58.526260 68.414627
v -279.521790 -58.575478 69.023254
v -279.521790 -58.531441 68.478699
v -279.521790 -58.526260 69.327904
v -266.107513 -65.455048 67.967239
v -267.463013 -65.455048 68.008781
v -279.122986 -60.066811 55.698624
v -278.936279 -56.466156 55.672523
v -278.979523 -56.466148 55.112858
v -279.066284 -60.066811 55.013710
v -277.053802 -56.466148 55.176113
v -277.012329 -56.466148 55.663101
v -276.967041 -60.066811 55.529217
v -276.967041 -60.066811 55.013710
v -278.608368 -60.066803 66.757080
v -278.488159 -56.466148 66.666115
v -278.909973 -56.466148 66.644402
v -278.996765 -60.066803 66.713654
v -278.626648 -52.907082 66.114197
v -278.562500 -52.907082 66.166611
v -278.562500 -52.907082 65.804947
v -278.626648 -52.907082 65.805763
v -278.759949 -52.735550 55.176781
v -278.367981 -52.735550 55.176781
v -278.367981 -52.865494 55.098740
v -278.823212 -52.865494 55.098740
v -278.829620 -52.735542 66.309502
v -278.829620 -52.735542 65.861694
v -278.892761 -52.865494 65.862488
v -278.892761 -52.865494 66.385941
v -277.203705 -52.735550 55.288437
v -277.203705 -52.735550 55.796982
v -277.140564 -52.865494 55.796982
v -277.140564 -52.865494 55.212006
v -277.273376 -52.735542 66.421158
v -277.665497 -52.735542 66.421158
v -277.665497 -52.865494 66.499199
v -277.210114 -52.865494 66.499199
v -277.186310 -56.466148 54.991516
v -277.545319 -56.466148 54.991516
v -278.000916 -52.916351 55.098740
v -277.210114 -52.865494 55.098740
v -278.829620 -52.735550 55.796982
v -278.691925 -52.678192 55.796982
v -278.691925 -52.678192 55.443829
v -278.829620 -52.735550 55.288437
v -278.367981 -52.735542 66.421158
v -278.367981 -52.678192 66.250969
v -278.622284 -52.678192 66.250969
v -278.759949 -52.735542 66.421158
v -277.203705 -52.754654 65.835464
v -277.341400 -52.697304 65.837212
v -277.341400 -52.678192 66.154114
v -277.203705 -52.735542 66.309502
v -278.000916 -52.786400 55.176781
v -278.000916 -52.729050 55.346977
v -277.411041 -52.678192 55.346977
v -277.273376 -52.735550 55.176781
v -278.626648 -52.907082 55.848816
v -278.626648 -52.907082 55.485947
v -278.327728 -52.907082 66.166611
v -277.414429 -52.926193 65.784782
v -277.414429 -52.907082 66.114197
v -278.023071 -52.957939 55.433533
v -277.478607 -52.907082 55.433533
v -278.979523 -56.466148 66.523064
v -279.066284 -60.066803 66.584236
v -278.892761 -52.865494 55.212006
v -277.174042 -60.066803 54.836933
v -277.140564 -52.865494 66.385941
v -278.823212 -52.865494 66.499199
v -278.909973 -56.466156 54.991516
v -277.123352 -56.466148 66.644402
v -277.053802 -56.466148 66.523064
v -278.622284 -52.678192 55.346977
v -278.691895 -52.678192 66.154114
v -277.411041 -52.678192 66.250969
v -277.341400 -52.678192 55.443829
v -278.562500 -52.907082 55.433533
v -277.478607 -52.907082 66.166611
v -277.414429 -52.907082 55.485947
v -277.036560 -60.066803 66.713654
v -277.545319 -56.466148 66.644402
v -277.425110 -60.066803 66.713654
v -277.478302 -52.926193 65.785591
v -277.713531 -52.926193 65.788574
v -277.713531 -52.907082 66.166611
v -278.367981 -52.865494 66.499199
v -278.608368 -60.066811 54.844963
v -278.488159 -56.466156 54.991516
v -277.425110 -60.066803 54.884293
v -277.665497 -52.678192 66.250969
v -278.367981 -52.678192 55.346977
v -278.327728 -52.907082 55.433533
v -278.327728 -52.907082 65.801971
v -278.996765 -60.066811 54.884293
v -279.066284 -60.066803 66.138794
v -278.979523 -56.466148 66.000641
v -277.140564 -52.884605 65.834663
v -277.074585 -56.466148 65.632309
v -278.562500 -52.907082 55.848816
v -278.892761 -52.865494 55.796982
v -278.691895 -52.678192 65.859947
v -277.341400 -52.678192 55.796982
v -277.414429 -52.907082 55.848816
v -278.023071 -52.957939 55.848816
v -277.478516 -52.912437 55.848816
v -278.327728 -52.907082 55.848816
v -276.967041 -60.066803 66.506935
v -277.008606 -60.066803 65.429947
v -280.811981 -65.455048 55.800621
v -280.625275 -61.970535 55.774521
v -280.668518 -61.970535 55.214855
v -280.755280 -65.455048 55.115707
v -278.742798 -61.970535 55.278111
v -278.701324 -61.970535 55.765099
v -278.656036 -65.455048 55.631214
v -278.656036 -65.455048 55.115707
v -280.297363 -65.455048 66.859077
v -280.177155 -61.970528 66.768112
v -280.598969 -61.970535 66.746399
v -280.685760 -65.455048 66.815651
v -280.315643 -58.526260 66.216194
v -280.251495 -58.526260 66.268608
v -280.251495 -58.526260 65.906944
v -280.315643 -58.526260 65.907761
v -280.448944 -58.360260 55.278778
v -280.056976 -58.360260 55.278778
v -280.056976 -58.486015 55.200737
v -280.512207 -58.486015 55.200737
v -280.518616 -58.360252 66.411499
v -280.518616 -58.360252 65.963692
v -280.581757 -58.486015 65.964493
v -280.581757 -58.486015 66.487938
v -278.892700 -58.360260 55.390434
v -278.892700 -58.360260 55.898979
v -278.829559 -58.486015 55.898979
v -278.829559 -58.486015 55.314003
v -278.962372 -58.360252 66.523163
v -279.354492 -58.360252 66.523163
v -279.354492 -58.486015 66.601196
v -278.899109 -58.486015 66.601196
v -278.875305 -61.970535 55.093513
v -279.234314 -61.970535 55.093513
v -279.689911 -58.535225 55.200737
v -278.899109 -58.486015 55.200737
v -280.518616 -58.360260 55.898979
v -280.380920 -58.304756 55.898979
v -280.380920 -58.304756 55.545826
v -280.518616 -58.360260 55.390434
v -280.056976 -58.360252 66.523163
v -280.056976 -58.304749 66.352966
v -280.311279 -58.304749 66.352966
v -280.448944 -58.360252 66.523163
v -278.892700 -58.378754 65.937462
v -279.030396 -58.323250 65.939209
v -279.030396 -58.304749 66.256111
v -278.892700 -58.360252 66.411499
v -279.689911 -58.409470 55.278778
v -279.689911 -58.353966 55.448975
v -279.100037 -58.304756 55.448975
v -278.962372 -58.360260 55.278778
v -280.315643 -58.526260 55.950813
v -280.315643 -58.526260 55.587944
v -280.016724 -58.526260 66.268608
v -279.103424 -58.544754 65.886780
v -279.103424 -58.526260 66.216194
v -279.712067 -58.575478 55.535530
v -279.167603 -58.526260 55.535530
v -280.668518 -61.970535 66.625061
v -280.755280 -65.455048 66.686234
v -280.581757 -58.486015 55.314003
v -278.863037 -65.455048 54.938931
v -278.829559 -58.486015 66.487938
v -280.512207 -58.486015 66.601196
v -280.598969 -61.970535 55.093513
v -278.812347 -61.970528 66.746399
v -278.742798 -61.970528 66.625061
v -280.311279 -58.304756 55.448975
v -280.380890 -58.304749 66.256111
v -279.100037 -58.304749 66.352966
v -279.030396 -58.304756 55.545826
v -280.251495 -58.526260 55.535530
v -279.167603 -58.526260 66.268608
v -279.103424 -58.526260 55.587944
v -278.725555 -65.455048 66.815651
v -279.234314 -61.970528 66.746399
v -279.114105 -65.455048 66.815651
v -279.167297 -58.544754 65.887589
v -279.402527 -58.544754 65.890572
v -279.402527 -58.526260 66.268608
v -280.056976 -58.486015 66.601196
v -280.297363 -65.455048 54.946960
v -280.177155 -61.970535 55.093513
v -279.114105 -65.455048 54.986290
v -279.354492 -58.304749 66.352966
v -280.056976 -58.304756 55.448975
v -280.016724 -58.526260 55.535530
v -280.016724 -58.526260 65.903969
v -280.685760 -65.455048 54.986290
v -280.755280 -65.455048 66.240791
v -280.668518 -61.970535 66.102638
v -278.829559 -58.504509 65.936661
v -278.763580 -61.970528 65.734306
v -280.251495 -58.526260 55.950813
v -280.581757 -58.486015 55.898979
v -280.380890 -58.304749 65.961945
v -279.030396 -58.304756 55.898979
v -279.103424 -58.526260 55.950813
v -279.712067 -58.575478 55.950813
v -279.167511 -58.531441 55.950813
v -280.016724 -58.526260 55.950813
v -278.656036 -65.455048 66.608932
v -278.697601 -65.455048 65.531952
v -279.122986 -60.066811 42.656525
v -278.936279 -56.466156 42.630424
v -278.979523 -56.466148 42.070759
v -279.066284 -60.066811 41.971611
v -277.053802 -56.466148 42.134014
v -277.012329 -56.466148 42.621002
v -276.967041 -60.066811 42.487118
v -276.967041 -60.066811 41.971611
v -278.608368 -60.066803 53.714977
v -278.488159 -56.466148 53.624020
v -278.909973 -56.466148 53.602306
v -278.996765 -60.066803 53.671551
v -278.626648 -52.907082 53.072102
v -278.562500 -52.907082 53.124516
v -278.562500 -52.907082 52.762852
v -278.626648 -52.907082 52.763664
v -278.759949 -52.735550 42.134682
v -278.367981 -52.735550 42.134682
v -278.367981 -52.865494 42.056641
v -278.823212 -52.865494 42.056641
v -278.829620 -52.735542 53.267406
v -278.829620 -52.735542 52.819592
v -278.892761 -52.865494 52.820393
v -278.892761 -52.865494 53.343838
v -277.203705 -52.735550 42.246338
v -277.203705 -52.735550 42.754883
v -277.140564 -52.865494 42.754883
v -277.140564 -52.865494 42.169907
v -277.273376 -52.735542 53.379063
v -277.665497 -52.735542 53.379063
v -277.665497 -52.865494 53.457104
v -277.210114 -52.865494 53.457104
v -277.186310 -56.466148 41.949417
v -277.545319 -56.466148 41.949417
v -278.000916 -52.916351 42.056641
v -277.210114 -52.865494 42.056641
v -278.829620 -52.735550 42.754883
v -278.691925 -52.678192 42.754883
v -278.691925 -52.678192 42.401730
v -278.829620 -52.735550 42.246338
v -278.367981 -52.735542 53.379063
v -278.367981 -52.678192 53.208866
v -278.622284 -52.678192 53.208866
v -278.759949 -52.735542 53.379063
v -277.203705 -52.754654 52.793365
v -277.341400 -52.697304 52.795113
v -277.341400 -52.678192 53.112015
v -277.203705 -52.735542 53.267406
v -278.000916 -52.786400 42.134682
v -278.000916 -52.729050 42.304878
v -277.411041 -52.678192 42.304878
v -277.273376 -52.735550 42.134682
v -278.626648 -52.907082 42.806717
v -278.626648 -52.907082 42.443848
v -278.327728 -52.907082 53.124516
v -277.414429 -52.926193 52.742683
v -277.414429 -52.907082 53.072102
v -278.023071 -52.957939 42.391434
v -277.478607 -52.907082 42.391434
v -278.979523 -56.466148 53.480965
v -279.066284 -60.066803 53.542137
v -278.892761 -52.865494 42.169907
v -277.174042 -60.066803 41.794834
v -277.140564 -52.865494 53.343838
v -278.823212 -52.865494 53.457104
v -278.909973 -56.466156 41.949417
v -277.123352 -56.466148 53.602306
v -277.053802 -56.466148 53.480965
v -278.622284 -52.678192 42.304878
v -278.691895 -52.678192 53.112015
v -277.411041 -52.678192 53.208866
v -277.341400 -52.678192 42.401730
v -278.562500 -52.907082 42.391434
v -277.478607 -52.907082 53.124516
v -277.414429 -52.907082 42.443848
v -277.036560 -60.066803 53.671551
v -277.545319 -56.466148 53.602306
v -277.425110 -60.066803 53.671551
v -277.478302 -52.926193 52.743496
v -277.713531 -52.926193 52.746479
v -277.713531 -52.907082 53.124516
v -278.367981 -52.865494 53.457104
v -278.608368 -60.066811 41.802864
v -278.488159 -56.466156 41.949417
v -277.425110 -60.066803 41.842194
v -277.665497 -52.678192 53.208866
v -278.367981 -52.678192 42.304878
v -278.327728 -52.907082 42.391434
v -278.327728 -52.907082 52.759872
v -278.996765 -60.066811 41.842194
v -279.066284 -60.066803 53.096695
v -278.979523 -56.466148 52.958546
v -277.140564 -52.884605 52.792564
v -277.074585 -56.466148 52.590206
v -278.562500 -52.907082 42.806717
v -278.892761 -52.865494 42.754883
v -278.691895 -52.678192 52.817844
v -277.341400 -52.678192 42.754883
v -277.414429 -52.907082 42.806717
v -278.023071 -52.957939 42.806717
v -277.478516 -52.912437 42.806717
v -278.327728 -52.907082 42.806717
v -276.967041 -60.066803 53.464836
v -277.008606 -60.066803 52.387852
v -280.811981 -65.455048 42.758522
v -280.625275 -61.970535 42.732422
v -280.668518 -61.970535 42.172756
v -280.755280 -65.455048 42.073608
v -278.742798 -61.970535 42.236012
v -278.701324 -61.970535 42.723000
v -278.656036 -65.455048 42.589115
v -278.656036 -65.455048 42.073608
v -280.297363 -65.455048 53.816975
v -280.177155 -61.970528 53.726017
v -280.598969 -61.970535 53.704304
v -280.685760 -65.455048 53.773548
v -280.315643 -58.526260 53.174099
v -280.251495 -58.526260 53.226513
v -280.251495 -58.526260 52.864849
v -280.315643 -58.526260 52.865662
v -280.448944 -58.360260 42.236679
v -280.056976 -58.360260 42.236679
v -280.056976 -58.486015 42.158638
v -280.512207 -58.486015 42.158638
v -280.518616 -58.360252 53.369404
v -280.518616 -58.360252 52.921589
v -280.581757 -58.486015 52.922390
v -280.581757 -58.486015 53.445835
v -278.892700 -58.360260 42.348335
v -278.892700 -58.360260 42.856880
v -278.829559 -58.486015 42.856880
v -278.829559 -58.486015 42.271904
v -278.962372 -58.360252 53.481060
v -279.354492 -58.360252 53.481060
v -279.354492 -58.486015 53.559101
v -278.899109 -58.486015 53.559101
v -278.875305 -61.970535 42.051414
v -279.234314 -61.970535 42.051414
v -279.689911 -58.535225 42.158638
v -278.899109 -58.486015 42.158638
v -280.518616 -58.360260 42.856880
v -280.380920 -58.304756 42.856880
v -280.380920 -58.304756 42.503727
v -280.518616 -58.360260 42.348335
v -280.056976 -58.360252 53.481060
v -280.056976 -58.304749 53.310863
v -280.311279 -58.304749 53.310863
v -280.448944 -58.360252 53.481060
v -278.892700 -58.378754 52.895363
v -279.030396 -58.323250 52.897110
v -279.030396 -58.304749 53.214012
v -278.892700 -58.360252 53.369404
v -279.689911 -58.409470 42.236679
v -279.689911 -58.353966 42.406876
v -279.100037 -58.304756 42.406876
v -278.962372 -58.360260 42.236679
v -280.315643 -58.526260 42.908714
v -280.315643 -58.526260 42.545845
v -280.016724 -58.526260 53.226513
v -279.103424 -58.544754 52.844681
v -279.103424 -58.526260 53.174099
v -279.712067 -58.575478 42.493431
v -279.167603 -58.526260 42.493431
v -280.668518 -61.970535 53.582962
v -280.755280 -65.455048 53.644135
v -280.581757 -58.486015 42.271904
v -278.863037 -65.455048 41.896832
v -278.829559 -58.486015 53.445835
v -280.512207 -58.486015 53.559101
v -280.598969 -61.970535 42.051414
v -278.812347 -61.970528 53.704304
v -278.742798 -61.970528 53.582962
v -280.311279 -58.304756 42.406876
v -280.380890 -58.304749 53.214012
v -279.100037 -58.304749 53.310863
v -279.030396 -58.304756 42.503727
v -280.251495 -58.526260 42.493431
v -279.167603 -58.526260 53.226513
v -279.103424 -58.526260 42.545845
v -278.725555 -65.455048 53.773548
v -279.234314 -61.970528 53.704304
v -279.114105 -65.455048 53.773548
v -279.167297 -58.544754 52.845493
v -279.402527 -58.544754 52.848476
v -279.402527 -58.526260 53.226513
v -280.056976 -58.486015 53.559101
v -280.297363 -65.455048 41.904861
v -280.177155 -61.970535 42.051414
v -279.114105 -65.455048 41.944191
v -279.354492 -58.304749 53.310863
v -280.056976 -58.304756 42.406876
v -280.016724 -58.526260 42.493431
v -280.016724 -58.526260 52.861870
v -280.685760 -65.455048 41.944191
v -280.755280 -65.455048 53.198692
v -280.668518 -61.970535 53.060543
v -278.829559 -58.504509 52.894562
v -278.763580 -61.970528 52.692204
v -280.251495 -58.526260 42.908714
v -280.581757 -58.486015 42.856880
v -280.380890 -58.304749 52.919842
v -279.030396 -58.304756 42.856880
v -279.103424 -58.526260 42.908714
v -279.712067 -58.575478 42.908714
v -279.167511 -58.531441 42.908714
v -280.016724 -58.526260 42.908714
v -278.656036 -65.455048 53.566833
v -278.697601 -65.455048 52.489849
v -279.122986 -60.066811 29.532822
v -278.936279 -56.466156 29.506721
v -278.979523 -56.466148 28.947056
v -279.066284 -60.066811 28.847908
v -277.053802 -56.466148 29.010311
v -277.012329 -56.466148 29.497299
v -276.967041 -60.066811 29.363419
v -276.967041 -60.066811 28.847908
v -278.608368 -60.066803 40.591274
v -278.488159 -56.466148 40.500317
v -278.909973 -56.466148 40.478603
v -278.996765 -60.066803 40.547848
v -278.626648 -52.907082 39.948399
v -278.562500 -52.907082 40.000813
v -278.562500 -52.907082 39.639149
v -278.626648 -52.907082 39.639961
v -278.759949 -52.735550 29.010979
v -278.367981 -52.735550 29.010979
v -278.367981 -52.865494 28.932938
v -278.823212 -52.865494 28.932938
v -278.829620 -52.735542 40.143703
v -278.829620 -52.735542 39.695889
v -278.892761 -52.865494 39.696690
v -278.892761 -52.865494 40.220135
v -277.203705 -52.735550 29.122635
v -277.203705 -52.735550 29.631180
v -277.140564 -52.865494 29.631180
v -277.140564 -52.865494 29.046204
v -277.273376 -52.735542 40.255360
v -277.665497 -52.735542 40.255360
v -277.665497 -52.865494 40.333401
v -277.210114 -52.865494 40.333401
v -277.186310 -56.466148 28.825714
v -277.545319 -56.466148 28.825714
v -278.000916 -52.916351 28.932938
v -277.210114 -52.865494 28.932938
v -278.829620 -52.735550 29.631180
v -278.691925 -52.678192 29.631180
v -278.691925 -52.678192 29.278027
v -278.829620 -52.735550 29.122635
v -278.367981 -52.735542 40.255360
v -278.367981 -52.678192 40.085163
v -278.622284 -52.678192 40.085163
v -278.759949 -52.735542 40.255360
v -277.203705 -52.754654 39.669662
v -277.341400 -52.697304 39.671410
v -277.341400 -52.678192 39.988312
v -277.203705 -52.735542 40.143703
v -278.000916 -52.786400 29.010979
v -278.000916 -52.729050 29.181175
v -277.411041 -52.678192 29.181175
v -277.273376 -52.735550 29.010979
v -278.626648 -52.907082 29.683014
v -278.626648 -52.907082 29.320145
v -278.327728 -52.907082 40.000813
v -277.414429 -52.926193 39.618980
v -277.414429 -52.907082 39.948399
v -278.023071 -52.957939 29.267731
v -277.478607 -52.907082 29.267731
v -278.979523 -56.466148 40.357262
v -279.066284 -60.066803 40.418434
v -278.892761 -52.865494 29.046204
v -277.174042 -60.066803 28.671131
v -277.140564 -52.865494 40.220135
v -278.823212 -52.865494 40.333401
v -278.909973 -56.466156 28.825714
v -277.123352 -56.466148 40.478603
v -277.053802 -56.466148 40.357262
v -278.622284 -52.678192 29.181175
v -278.691895 -52.678192 39.988312
v -277.411041 -52.678192 40.085163
v -277.341400 -52.678192 29.278027
v -278.562500 -52.907082 29.267731
v -277.478607 -52.907082 40.000813
v -277.414429 -52.907082 29.320145
v -277.036560 -60.066803 40.547848
v -277.545319 -56.466148 40.478603
v -277.425110 -60.066803 40.547848
v -277.478302 -52.926193 39.619793
v -277.713531 -52.926193 39.622776
v -277.713531 -52.907082 40.000813
v -278.367981 -52.865494 40.333401
v -278.608368 -60.066811 28.679161
v -278.488159 -56.466156 28.825714
v -277.425110 -60.066803 28.718491
v -277.665497 -52.678192 40.085163
v -278.367981 -52.678192 29.181175
v -278.327728 -52.907082 29.267731
v -278.327728 -52.907082 39.636169
v -278.996765 -60.066811 28.718491
v -279.066284 -60.066803 39.972992
v -278.979523 -56.466148 39.834843
v -277.140564 -52.884605 39.668861
v -277.074585 -56.466148 39.466503
v -278.562500 -52.907082 29.683014
v -278.892761 -52.865494 29.631180
v -278.691895 -52.678192 39.694141
v -277.341400 -52.678192 29.631180
v -277.414429 -52.907082 29.683014
v -278.023071 -52.957939 29.683014
v -277.478516 -52.912437 29.683014
v -278.327728 -52.907082 29.683014
v -276.967041 -60.066803 40.341133
v -277.008606 -60.066803 39.264149
v -280.811981 -65.455048 29.634823
v -280.625275 -61.970535 29.608723
v -280.668518 -61.970535 29.049057
v -280.755280 -65.455048 28.949909
v -278.742798 -61.970535 29.112312
v -278.701324 -61.970535 29.599297
v -278.656036 -65.455048 29.465416
v -278.656036 -65.455048 28.949909
v -280.297363 -65.455048 40.693275
v -280.177155 -61.970528 40.602318
v -280.598969 -61.970535 40.580605
v -280.685760 -65.455048 40.649849
v -280.315643 -58.526260 40.050400
v -280.251495 -58.526260 40.102814
v -280.251495 -58.526260 39.741150
v -280.315643 -58.526260 39.741962
v -280.448944 -58.360260 29.112980
v -280.056976 -58.360260 29.112980
v -280.056976 -58.486015 29.034943
v -280.512207 -58.486015 29.034943
v -280.518616 -58.360252 40.245705
v -280.518616 -58.360252 39.797890
v -280.581757 -58.486015 39.798691
v -280.581757 -58.486015 40.322136
v -278.892700 -58.360260 29.224640
v -278.892700 -58.360260 29.733181
v -278.829559 -58.486015 29.733181
v -278.829559 -58.486015 29.148205
v -278.962372 -58.360252 40.357361
v -279.354492 -58.360252 40.357361
v -279.354492 -58.486015 40.435402
v -278.899109 -58.486015 40.435402
v -278.875305 -61.970535 28.927715
v -279.234314 -61.970535 28.927715
v -279.689911 -58.535225 29.034943
v -278.899109 -58.486015 29.034943
v -280.518616 -58.360260 29.733181
v -280.380920 -58.304756 29.733181
v -280.380920 -58.304756 29.380028
v -280.518616 -58.360260 29.224636
v -280.056976 -58.360252 40.357361
v -280.056976 -58.304749 40.187164
v -280.311279 -58.304749 40.187164
v -280.448944 -58.360252 40.357361
v -278.892700 -58.378754 39.771664
v -279.030396 -58.323250 39.773407
v -279.030396 -58.304749 40.090313
v -278.892700 -58.360252 40.245705
v -279.689911 -58.409470 29.112980
v -279.689911 -58.353966 29.283176
v -279.100037 -58.304756 29.283176
v -278.962372 -58.360260 29.112980
v -280.315643 -58.526260 29.785015
v -280.315643 -58.526260 29.422146
v -280.016724 -58.526260 40.102814
v -279.103424 -58.544754 39.720982
v -279.103424 -58.526260 40.050400
v -279.712067 -58.575478 29.369732
v -279.167603 -58.526260 29.369732
v -280.668518 -61.970535 40.459263
v -280.755280 -65.455048 40.520435
v -280.581757 -58.486015 29.148205
v -278.863037 -65.455048 28.773132
v -278.829559 -58.486015 40.322136
v -280.512207 -58.486015 40.435402
v -280.598969 -61.970535 28.927715
v -278.812347 -61.970528 40.580605
v -278.742798 -61.970528 40.459263
v -280.311279 -58.304756 29.283173
v -280.380890 -58.304749 40.090313
v -279.100037 -58.304749 40.187164
v -279.030396 -58.304756 29.380028
v -280.251495 -58.526260 29.369732
v -279.167603 -58.526260 40.102814
v -279.103424 -58.526260 29.422146
v -278.725555 -65.455048 40.649849
v -279.234314 -61.970528 40.580605
v -279.114105 -65.455048 40.649849
v -279.167297 -58.544754 39.721794
v -279.402527 -58.544754 39.724777
v -279.402527 -58.526260 40.102814
v -280.056976 -58.486015 40.435402
v -280.297363 -65.455048 28.781162
v -280.177155 -61.970535 28.927715
v -279.114105 -65.455048 28.820492
v -279.354492 -58.304749 40.187164
v -280.056976 -58.304756 29.283173
v -280.016724 -58.526260 29.369732
v -280.016724 -58.526260 39.738171
v -280.685760 -65.455048 28.820492
v -280.755280 -65.455048 40.074993
v -280.668518 -61.970535 39.936844
v -278.829559 -58.504509 39.770863
v -278.763580 -61.970528 39.568504
v -280.251495 -58.526260 29.785015
v -280.581757 -58.486015 29.733181
v -280.380890 -58.304749 39.796143
v -279.030396 -58.304756 29.733181
v -279.103424 -58.526260 29.785015
v -279.712067 -58.575478 29.785015
v -279.167511 -58.531441 29.785015
v -280.016724 -58.526260 29.785015
v -278.656036 -65.455048 40.443134
v -278.697601 -65.455048 39.366150
v -279.122986 -60.066811 16.427925
v -278.936279 -56.466156 16.401825
v -278.979523 -56.466156 15.842155
v -279.066284 -60.066811 15.743011
v -277.053802 -56.466156 15.905411
v -277.012329 -56.466156 16.392399
v -276.967041 -60.066811 16.258518
v -276.967041 -60.066811 15.743011
v -278.608368 -60.066811 27.486378
v -278.488159 -56.466156 27.395416
v -278.909973 -56.466156 27.373703
v -278.996765 -60.066811 27.442951
v -278.626648 -52.907089 26.843498
v -278.562500 -52.907089 26.895912
v -278.562500 -52.907089 26.534248
v -278.626648 -52.907089 26.535065
v -278.759949 -52.735550 15.906082
v -278.367981 -52.735550 15.906082
v -278.367981 -52.865501 15.828041
v -278.823212 -52.865501 15.828041
v -278.829620 -52.735550 27.038803
v -278.829620 -52.735550 26.590992
v -278.892761 -52.865494 26.591789
v -278.892761 -52.865494 27.115234
v -277.203705 -52.735550 16.017738
v -277.203705 -52.735550 16.526283
v -277.140564 -52.865501 16.526283
v -277.140564 -52.865501 15.941307
v -277.273376 -52.735550 27.150459
v -277.665497 -52.735550 27.150459
v -277.665497 -52.865494 27.228500
v -277.210114 -52.865494 27.228500
v -277.186310 -56.466156 15.720818
v -277.545319 -56.466156 15.720818
v -278.000916 -52.916351 15.828041
v -277.210114 -52.865501 15.828041
v -278.829620 -52.735550 16.526283
v -278.691925 -52.678200 16.526283
v -278.691925 -52.678200 16.173126
v -278.829620 -52.735550 16.017738
v -278.367981 -52.735550 27.150459
v -278.367981 -52.678192 26.980267
v -278.622284 -52.678192 26.980267
v -278.759949 -52.735550 27.150459
v -277.203705 -52.754662 26.564766
v -277.341400 -52.697304 26.566509
v -277.341400 -52.678192 26.883411
v -277.203705 -52.735550 27.038803
v -278.000916 -52.786407 15.906082
v -278.000916 -52.729050 16.076279
v -277.411041 -52.678200 16.076279
v -277.273376 -52.735550 15.906082
v -278.626648 -52.907089 16.578117
v -278.626648 -52.907089 16.215248
v -278.327728 -52.907089 26.895912
v -277.414429 -52.926201 26.514084
v -277.414429 -52.907089 26.843498
v -278.023071 -52.957947 16.162834
v -277.478607 -52.907089 16.162834
v -278.979523 -56.466156 27.252365
v -279.066284 -60.066811 27.313534
v -278.892761 -52.865501 15.941307
v -277.174042 -60.066811 15.566231
v -277.140564 -52.865494 27.115234
v -278.823212 -52.865494 27.228500
v -278.909973 -56.466156 15.720818
v -277.123352 -56.466156 27.373703
v -277.053802 -56.466156 27.252365
v -278.622284 -52.678200 16.076275
v -278.691895 -52.678192 26.883411
v -277.411041 -52.678192 26.980267
v -277.341400 -52.678200 16.173126
v -278.562500 -52.907089 16.162834
v -277.478607 -52.907089 26.895912
v -277.414429 -52.907089 16.215248
v -277.036560 -60.066811 27.442951
v -277.545319 -56.466156 27.373703
v -277.425110 -60.066811 27.442951
v -277.478302 -52.926201 26.514893
v -277.713531 -52.926201 26.517876
v -277.713531 -52.907089 26.895912
v -278.367981 -52.865494 27.228500
v -278.608368 -60.066811 15.574265
v -278.488159 -56.466156 15.720818
v -277.425110 -60.066811 15.613594
v -277.665497 -52.678192 26.980267
v -278.367981 -52.678200 16.076275
v -278.327728 -52.907089 16.162834
v -278.327728 -52.907089 26.531273
v -278.996765 -60.066811 15.613594
v -279.066284 -60.066811 26.868095
v -278.979523 -56.466156 26.729942
v -277.140564 -52.884605 26.563961
v -277.074585 -56.466156 26.361607
v -278.562500 -52.907089 16.578117
v -278.892761 -52.865501 16.526283
v -278.691895 -52.678192 26.589241
v -277.341400 -52.678200 16.526283
v -277.414429 -52.907089 16.578117
v -278.023071 -52.957947 16.578117
v -277.478516 -52.912445 16.578117
v -278.327728 -52.907089 16.578117
v -276.967041 -60.066811 27.236233
v -277.008606 -60.066811 26.159248
v -280.811981 -65.455048 16.529922
v -280.625275 -61.970535 16.503822
v -280.668518 -61.970535 15.944157
v -280.755280 -65.455048 15.845009
v -278.742798 -61.970535 16.007412
v -278.701324 -61.970535 16.494400
v -278.656036 -65.455048 16.360519
v -278.656036 -65.455048 15.845009
v -280.297363 -65.455048 27.588379
v -280.177155 -61.970535 27.497417
v -280.598969 -61.970535 27.475704
v -280.685760 -65.455048 27.544952
v -280.315643 -58.526268 26.945499
v -280.251495 -58.526268 26.997910
v -280.251495 -58.526268 26.636246
v -280.315643 -58.526268 26.637062
v -280.448944 -58.360260 16.008080
v -280.056976 -58.360260 16.008080
v -280.056976 -58.486015 15.930038
v -280.512207 -58.486015 15.930038
v -280.518616 -58.360260 27.140804
v -280.518616 -58.360260 26.692989
v -280.581757 -58.486015 26.693790
v -280.581757 -58.486015 27.217236
v -278.892700 -58.360260 16.119736
v -278.892700 -58.360260 16.628281
v -278.829559 -58.486015 16.628281
v -278.829559 -58.486015 16.043304
v -278.962372 -58.360260 27.252460
v -279.354492 -58.360260 27.252460
v -279.354492 -58.486015 27.330498
v -278.899109 -58.486015 27.330498
v -278.875305 -61.970535 15.822815
v -279.234314 -61.970535 15.822815
v -279.689911 -58.535233 15.930038
v -278.899109 -58.486015 15.930038
v -280.518616 -58.360260 16.628281
v -280.380920 -58.304756 16.628281
v -280.380920 -58.304756 16.275127
v -280.518616 -58.360260 16.119736
v -280.056976 -58.360260 27.252460
v -280.056976 -58.304756 27.082264
v -280.311279 -58.304756 27.082264
v -280.448944 -58.360260 27.252460
v -278.892700 -58.378754 26.666763
v -279.030396 -58.323250 26.668510
v -279.030396 -58.304756 26.985413
v -278.892700 -58.360260 27.140804
v -279.689911 -58.409477 16.008080
v -279.689911 -58.353973 16.178276
v -279.100037 -58.304756 16.178276
v -278.962372 -58.360260 16.008080
v -280.315643 -58.526268 16.680115
v -280.315643 -58.526268 16.317245
v -280.016724 -58.526268 26.997910
v -279.103424 -58.544762 26.616081
v -279.103424 -58.526268 26.945499
v -279.712067 -58.575478 16.264832
v -279.167603 -58.526268 16.264832
v -280.668518 -61.970535 27.354362
v -280.755280 -65.455048 27.415535
v -280.581757 -58.486015 16.043304
v -278.863037 -65.455048 15.668232
v -278.829559 -58.486015 27.217236
v -280.512207 -58.486015 27.330498
v -280.598969 -61.970535 15.822815
v -278.812347 -61.970535 27.475704
v -278.742798 -61.970535 27.354362
v -280.311279 -58.304756 16.178276
v -280.380890 -58.304756 26.985413
v -279.100037 -58.304756 27.082264
v -279.030396 -58.304756 16.275127
v -280.251495 -58.526268 16.264832
v -279.167603 -58.526268 26.997910
v -279.103424 -58.526268 16.317245
v -278.725555 -65.455048 27.544952
v -279.234314 -61.970535 27.475704
v -279.114105 -65.455048 27.544952
v -279.167297 -58.544762 26.616894
v -279.402527 -58.544762 26.619877
v -279.402527 -58.526268 26.997910
v -280.056976 -58.486015 27.330498
v -280.297363 -65.455048 15.676262
v -280.177155 -61.970535 15.822815
v -279.114105 -65.455048 15.715591
v -279.354492 -58.304756 27.082264
v -280.056976 -58.304756 16.178276
v -280.016724 -58.526268 16.264832
v -280.016724 -58.526268 26.633270
v -280.685760 -65.455048 15.715591
v -280.755280 -65.455048 26.970093
v -280.668518 -61.970535 26.831940
v -278.829559 -58.504509 26.665962
v -278.763580 -61.970535 26.463608
v -280.251495 -58.526268 16.680115
v -280.581757 -58.486015 16.628281
v -280.380890 -58.304756 26.691242
v -279.030396 -58.304756 16.628281
v -279.103424 -58.526268 16.680115
v -279.712067 -58.575478 16.680115
v -279.167511 -58.531448 16.680115
v -280.016724 -58.526268 16.680115
v -278.656036 -65.455048 27.338234
v -278.697601 -65.455048 26.261250
vn -0.0305 0.0404 0.9987
vn 0.0377 0.0335 0.9987
vn -0.2243 0.0373 0.9738
vn -0.2861 0.0310 0.9577
vn -0.3442 0.0241 -0.9386
vn -0.0376 0.0226 -0.9990
vn -0.0016 0.0180 -0.9998
vn -0.4257 0.0410 -0.9040
vn 0.9991 0.0231 0.0366
vn 0.9993 0.0344 0.0142
vn 0.8530 0.0304 0.5210
vn 0.9869 0.0182 0.1603
vn -0.2825 0.7386 -0.6121
vn -0.5971 0.7709 -0.2220
vn -0.0000 1.0000 -0.0000
vn -0.0000 0.7982 -0.6024
vn -0.7166 0.6106 0.3370
vn -0.6585 0.7504 -0.0575
vn -0.9563 0.2916 -0.0207
vn -0.7020 0.6364 0.3196
vn 0.1818 0.6836 0.7068
vn -0.0000 0.7255 0.6882
vn -0.0009 0.2353 0.9719
vn 0.2795 0.2888 0.9157
vn -0.1818 0.6836 -0.7068
vn 0.0007 0.5275 -0.8496
vn 0.0015 0.2407 -0.9706
vn -0.2840 0.2878 -0.9146
vn 0.7166 0.6106 -0.3370
vn 0.7984 0.6022 -0.0000
vn 0.9577 0.2877 -0.0010
vn 0.7028 0.6359 -0.3191
vn -0.8864 0.0324 -0.4619
vn -0.9994 0.0352 0.0003
vn -0.9639 0.2662 -0.0090
vn -0.8517 0.3752 -0.3658
vn -0.0000 0.7272 0.6864
vn -0.0000 0.9008 -0.4343
vn 0.1416 0.9476 -0.2864
vn -0.2214 0.8156 0.5346
vn 0.6123 0.7906 -0.0000
vn -0.4317 0.9020 -0.0000
vn -0.2039 0.9701 -0.1318
vn 0.4028 0.8389 0.3662
vn -0.0238 0.7227 -0.6908
vn -0.0278 0.9048 0.4249
vn -0.1638 0.9525 0.2569
vn 0.2023 0.8117 -0.5479
vn -0.6385 0.7686 0.0381
vn 0.4481 0.8937 -0.0214
vn 0.1676 0.9712 0.1694
vn -0.4274 0.8405 -0.3331
vn 0.2481 0.7539 -0.6084
vn -0.5719 0.8203 -0.0000
vn -0.0220 0.8113 0.5842
vn -0.2723 0.7445 0.6096
vn 0.5479 0.8360 -0.0312
vn 0.5966 0.7614 0.2536
vn 0.2587 0.0310 0.9655
vn 0.2455 0.0275 0.9690
vn -0.2783 0.2837 0.9176
vn -0.9599 0.0404 -0.2773
vn 0.2761 0.2890 -0.9166
vn 0.6253 0.6480 0.4348
vn -0.8683 0.0377 0.4946
vn 0.8694 0.0345 -0.4929
vn 0.2481 0.0300 -0.9683
vn 0.2195 0.9667 -0.1313
vn -0.1459 0.9525 -0.2675
vn -0.2159 0.9672 0.1335
vn 0.1405 0.9565 0.2557
vn 0.5887 0.7851 -0.1924
vn -0.6060 0.7719 0.1924
vn 0.2826 0.7445 0.6049
vn 0.8154 0.0249 -0.5783
vn 0.9995 0.0301 -0.0115
vn 0.9996 0.0212 -0.0168
vn -0.0272 0.9996 0.0023
vn -0.0260 0.9995 -0.0157
vn -0.5890 0.8081 -0.0059
vn 0.9576 0.2881 0.0010
vn -0.9985 0.0383 0.0378
vn -0.9995 0.0328 0.0017
vn -0.9965 0.0270 0.0790
vn 0.4158 0.9074 -0.0612
vn 0.5798 0.8117 -0.0703
vn -0.0045 0.9999 -0.0103
vn -0.8362 0.0437 0.5466
vn -0.0010 0.0270 0.9996
vn -0.0021 0.0240 0.9997
vn -0.0052 0.2318 -0.9728
vn -0.0105 0.0209 -0.9997
vn -0.0000 0.2301 0.9732
vn 0.0008 0.9075 0.4200
vn 0.0008 0.7820 0.6232
vn -0.0018 0.9991 -0.0425
vn 0.0031 0.9966 0.0826
vn -0.0020 0.9967 -0.0813
vn 0.1427 0.0216 -0.9895
vn -0.0156 0.0186 -0.9997
vn -0.0302 0.0418 0.9987
vn 0.0376 0.0346 0.9987
vn -0.2245 0.0386 0.9737
vn -0.2862 0.0320 0.9576
vn -0.3441 0.0249 -0.9386
vn -0.0375 0.0234 -0.9990
vn -0.0017 0.0186 -0.9998
vn -0.4259 0.0424 -0.9038
vn 0.9990 0.0239 0.0366
vn 0.9993 0.0355 0.0142
vn 0.8530 0.0318 0.5209
vn 0.9869 0.0193 0.1604
vn -0.2807 0.7421 -0.6087
vn -0.5926 0.7747 -0.2205
vn -0.0000 0.8008 -0.5989
vn -0.7104 0.6206 0.3321
vn -0.6497 0.7581 -0.0562
vn -0.9541 0.2989 -0.0205
vn -0.6980 0.6425 0.3161
vn 0.1785 0.6919 0.6995
vn -0.0000 0.7339 0.6792
vn -0.0009 0.2420 0.9703
vn 0.2790 0.2960 0.9135
vn -0.1785 0.6920 -0.6995
vn 0.0007 0.5379 -0.8430
vn 0.0015 0.2476 -0.9689
vn -0.2836 0.2950 -0.9124
vn 0.7104 0.6206 -0.3321
vn 0.7909 0.6120 -0.0000
vn 0.9554 0.2954 -0.0010
vn 0.6987 0.6421 -0.3156
vn -0.8863 0.0335 -0.4619
vn -0.9993 0.0363 0.0003
vn -0.9617 0.2738 -0.0090
vn -0.8493 0.3819 -0.3645
vn -0.0000 0.7355 0.6775
vn -0.0000 0.9002 -0.4355
vn 0.1409 0.9472 -0.2881
vn -0.2181 0.8219 0.5262
vn 0.6027 0.7980 -0.0000
vn -0.4313 0.9022 -0.0000
vn -0.2045 0.9700 -0.1315
vn 0.3949 0.8448 0.3612
vn -0.0234 0.7312 -0.6817
vn -0.0270 0.9046 0.4255
vn -0.1621 0.9522 0.2589
vn 0.1992 0.8180 -0.5396
vn -0.6285 0.7769 0.0385
vn 0.4466 0.8945 -0.0206
vn 0.1689 0.9713 0.1677
vn -0.4194 0.8462 -0.3287
vn 0.2455 0.7574 -0.6050
vn -0.5675 0.8234 -0.0000
vn -0.0213 0.8139 0.5805
vn -0.2691 0.7490 0.6054
vn 0.5442 0.8384 -0.0303
vn 0.5916 0.7662 0.2510
vn 0.2587 0.0320 0.9654
vn 0.2455 0.0284 0.9690
vn -0.2778 0.2908 0.9155
vn -0.9598 0.0418 -0.2775
vn 0.2757 0.2962 -0.9145
vn 0.6210 0.6544 0.4315
vn -0.8683 0.0390 0.4946
vn 0.8694 0.0357 -0.4929
vn 0.2482 0.0310 -0.9682
vn 0.2203 0.9666 -0.1309
vn -0.1454 0.9522 -0.2688
vn -0.2167 0.9671 0.1331
vn 0.1398 0.9563 0.2568
vn 0.5840 0.7891 -0.1904
vn -0.6009 0.7764 0.1901
vn 0.2805 0.7483 0.6011
vn 0.8154 0.0257 -0.5783
vn 0.9994 0.0312 -0.0115
vn 0.9996 0.0219 -0.0168
vn -0.0263 0.9997 0.0022
vn -0.0251 0.9996 -0.0152
vn -0.5841 0.8117 -0.0057
vn 0.9553 0.2958 0.0010
vn -0.9985 0.0396 0.0380
vn -0.9994 0.0339 0.0018
vn -0.9965 0.0279 0.0791
vn -0.4312 0.9022 -0.0000
vn 0.4157 0.9076 -0.0593
vn 0.5746 0.8156 -0.0685
vn -0.0043 0.9999 -0.0100
vn -0.8362 0.0451 0.5465
vn -0.0011 0.0278 0.9996
vn -0.0021 0.0248 0.9997
vn -0.0052 0.2384 -0.9711
vn -0.0105 0.0216 -0.9997
vn -0.0000 0.2366 0.9716
vn 0.0008 0.9071 0.4209
vn 0.0008 0.7859 0.6184
vn -0.0017 0.9991 -0.0412
vn 0.0030 0.9968 0.0799
vn -0.0019 0.9969 -0.0787
vn 0.1427 0.0223 -0.9895
vn -0.0156 0.0192 -0.9997
vn 0.9869 0.0182 0.1604
vn -0.1818 0.6837 -0.7068
vn -0.9599 0.0404 -0.2772
vn -0.9985 0.0383 0.0379
vn 0.1785 0.6920 0.6995
vn -0.2837 0.2950 -0.9124
vn -0.9617 0.2738 -0.0089
vn -0.0270 0.9045 0.4255
vn 0.1689 0.9713 0.1678
vn 0.5916 0.7662 0.2509
vn 0.2806 0.7483 0.6011
vn -0.9985 0.0397 0.0380
vn -0.9965 0.0279 0.0790
vn -0.2244 0.0373 0.9738
vn -0.4256 0.0410 -0.9040
vn -0.7166 0.6107 0.3369
vn -0.9563 0.2917 -0.0207
vn -0.7020 0.6365 0.3196
vn -0.1819 0.6836 -0.7068
vn 0.1416 0.9476 -0.2865
vn -0.2215 0.8156 0.5346
vn -0.6385 0.7687 0.0381
vn -0.4273 0.8405 -0.3331
vn 0.5886 0.7852 -0.1924
vn 0.2827 0.7444 0.6049
vn 0.5797 0.8118 -0.0703
vn -0.8362 0.0437 0.5467
vn -0.2861 0.0320 0.9577
vn -0.7103 0.6206 0.3320
vn -0.6496 0.7582 -0.0562
vn -0.9540 0.2990 -0.0205
vn -0.6980 0.6426 0.3161
vn -0.1786 0.6920 -0.6995
vn -0.9617 0.2739 -0.0090
vn -0.6284 0.7769 0.0385
vn 0.1689 0.9712 0.1678
vn -0.0213 0.8139 0.5806
vn 0.5917 0.7661 0.2509
vn -0.2778 0.2908 0.9156
vn 0.5840 0.7891 -0.1903
vn 0.2806 0.7483 0.6010
vn 0.5745 0.8156 -0.0685
vn 0.0008 0.9071 0.4208
vn -0.2784 0.2837 0.9176
vn 0.2762 0.2890 -0.9166
vn -0.2825 0.7386 -0.6120
vn 0.1819 0.6836 0.7068
vn 0.7166 0.6107 -0.3369
vn 0.7983 0.6023 -0.0000
vn 0.9577 0.2878 -0.0010
vn 0.7027 0.6359 -0.3191
vn 0.6123 0.7907 -0.0000
vn 0.4027 0.8389 0.3662
vn -0.1638 0.9525 0.2568
vn 0.4480 0.8938 -0.0214
vn 0.2761 0.2890 -0.9167
vn 0.6252 0.6481 0.4348
vn -0.1460 0.9525 -0.2674
vn -0.2160 0.9672 0.1335
vn -0.6060 0.7719 0.1923
vn 0.9996 0.0213 -0.0168
vn 0.9576 0.2882 0.0010
vn -0.0224 0.0422 0.9989
vn 0.0297 0.0347 0.9990
vn -0.1867 0.0387 0.9817
vn -0.2353 0.0326 0.9714
vn -0.2863 0.0257 -0.9578
vn -0.0294 0.0234 -0.9993
vn -0.0022 0.0186 -0.9998
vn -0.3753 0.0451 -0.9258
vn 0.9985 0.0301 0.0458
vn 0.9988 0.0447 0.0178
vn 0.8243 0.0394 0.5648
vn 0.9767 0.0248 0.2130
vn -0.2315 0.7543 -0.6143
vn -0.5553 0.7911 -0.2566
vn -0.6587 0.6669 0.3484
vn -0.5842 0.8095 -0.0593
vn -0.9345 0.3551 -0.0243
vn -0.6414 0.6782 0.3587
vn 0.1438 0.7020 0.6975
vn -0.0007 0.2421 0.9703
vn 0.2364 0.3069 0.9219
vn -0.1437 0.7020 -0.6975
vn 0.0006 0.5384 -0.8427
vn 0.0013 0.2477 -0.9688
vn -0.2412 0.3057 -0.9211
vn 0.6587 0.6668 -0.3485
vn 0.7359 0.6770 -0.0000
vn 0.9361 0.3517 -0.0013
vn 0.6416 0.6784 -0.3579
vn -0.8605 0.0412 -0.5079
vn -0.9990 0.0457 0.0004
vn -0.9451 0.3265 -0.0107
vn -0.8226 0.4155 -0.3881
vn 0.1341 0.9414 -0.3093
vn -0.1830 0.8294 0.5279
vn 0.5331 0.8461 -0.0000
vn -0.4216 0.9068 -0.0000
vn -0.1917 0.9750 -0.1120
vn 0.3285 0.8656 0.3780
vn -0.0202 0.7321 -0.6809
vn -0.0216 0.9052 0.4244
vn -0.1511 0.9479 0.2803
vn 0.1670 0.8244 -0.5409
vn -0.5586 0.8287 0.0363
vn 0.4343 0.9005 -0.0205
vn 0.1608 0.9760 0.1468
vn -0.3540 0.8697 -0.3439
vn 0.1966 0.7681 -0.6094
vn -0.5328 0.8462 -0.0000
vn -0.0168 0.8133 0.5816
vn -0.2164 0.7620 0.6103
vn 0.5106 0.8593 -0.0306
vn 0.5512 0.7837 0.2864
vn 0.2136 0.0326 0.9764
vn 0.2023 0.0288 0.9789
vn -0.2351 0.3017 0.9240
vn -0.9493 0.0509 -0.3102
vn 0.2338 0.3065 -0.9227
vn 0.5611 0.6776 0.4754
vn -0.8441 0.0459 0.5342
vn 0.8457 0.0425 -0.5320
vn 0.2053 0.0316 -0.9782
vn 0.2055 0.9722 -0.1123
vn -0.1409 0.9471 -0.2884
vn -0.2025 0.9726 0.1145
vn 0.1359 0.9516 0.2755
vn 0.5469 0.8074 -0.2214
vn -0.5610 0.7981 0.2198
vn 0.2307 0.7612 0.6061
vn 0.7975 0.0299 -0.6025
vn 0.9991 0.0392 -0.0145
vn 0.9994 0.0276 -0.0211
vn -0.0210 0.9998 0.0019
vn -0.0199 0.9997 -0.0151
vn -0.5458 0.8379 -0.0050
vn 0.9359 0.3522 0.0013
vn -0.9976 0.0498 0.0476
vn -0.9991 0.0426 0.0022
vn -0.9945 0.0351 0.0987
vn -0.4215 0.9068 -0.0000
vn 0.4063 0.9118 -0.0596
vn 0.5373 0.8404 -0.0709
vn -0.0041 0.9999 -0.0105
vn -0.8049 0.0534 0.5911
vn -0.0010 0.0272 0.9996
vn -0.0017 0.0248 0.9997
vn -0.0043 0.2390 -0.9710
vn -0.0086 0.0213 -0.9997
vn 0.0006 0.9071 0.4209
vn 0.0006 0.7859 0.6183
vn -0.0014 0.9992 -0.0409
vn 0.0021 0.9968 0.0802
vn -0.0015 0.9969 -0.0790
vn 0.1154 0.0225 -0.9931
vn -0.0122 0.0193 -0.9997
vn -0.9987 0.0404 -0.0305
vn -0.9987 0.0335 0.0377
vn -0.9738 0.0373 -0.2244
vn -0.9577 0.0310 -0.2861
vn 0.9386 0.0241 -0.3442
vn 0.9990 0.0226 -0.0376
vn 0.9998 0.0180 -0.0016
vn 0.9040 0.0410 -0.4256
vn -0.0366 0.0231 0.9991
vn -0.0142 0.0344 0.9993
vn -0.5210 0.0304 0.8530
vn -0.1603 0.0182 0.9869
vn 0.6121 0.7386 -0.2825
vn 0.2221 0.7709 -0.5971
vn 0.6024 0.7982 -0.0000
vn -0.3369 0.6107 -0.7166
vn 0.0575 0.7504 -0.6585
vn 0.0207 0.2916 -0.9563
vn -0.3196 0.6364 -0.7020
vn -0.7068 0.6836 0.1819
vn -0.6882 0.7256 -0.0000
vn -0.9719 0.2353 -0.0009
vn -0.9157 0.2888 0.2795
vn 0.7068 0.6836 -0.1819
vn 0.8496 0.5275 0.0007
vn 0.9706 0.2407 0.0015
vn 0.9146 0.2878 -0.2840
vn 0.3369 0.6107 0.7166
vn -0.0000 0.6022 0.7984
vn 0.0010 0.2878 0.9577
vn 0.3191 0.6359 0.7027
vn 0.4619 0.0324 -0.8864
vn -0.0003 0.0352 -0.9994
vn 0.0090 0.2662 -0.9639
vn 0.3658 0.3752 -0.8517
vn -0.6864 0.7272 -0.0000
vn 0.4342 0.9008 -0.0000
vn 0.2864 0.9476 0.1416
vn -0.5346 0.8156 -0.2214
vn -0.0000 0.7906 0.6123
vn -0.0000 0.9020 -0.4317
vn 0.1318 0.9701 -0.2039
vn -0.3662 0.8389 0.4028
vn 0.6908 0.7227 -0.0238
vn -0.4249 0.9048 -0.0278
vn -0.2568 0.9525 -0.1638
vn 0.5479 0.8117 0.2023
vn -0.0381 0.7687 -0.6385
vn 0.0214 0.8937 0.4481
vn -0.1694 0.9712 0.1676
vn 0.3331 0.8405 -0.4273
vn 0.6084 0.7539 0.2481
vn -0.0000 0.8203 -0.5719
vn -0.5842 0.8113 -0.0220
vn -0.6096 0.7445 -0.2723
vn 0.0312 0.8360 0.5479
vn -0.2536 0.7614 0.5966
vn -0.9654 0.0310 0.2588
vn -0.9690 0.0275 0.2455
vn -0.9176 0.2837 -0.2783
vn 0.2773 0.0404 -0.9599
vn 0.9166 0.2890 0.2761
vn -0.4348 0.6481 0.6253
vn -0.4945 0.0377 -0.8683
vn 0.4929 0.0345 0.8694
vn 0.9683 0.0300 0.2482
vn 0.1313 0.9667 0.2195
vn 0.2675 0.9524 -0.1459
vn -0.1335 0.9672 -0.2159
vn -0.2556 0.9565 0.1405
vn 0.1925 0.7851 0.5887
vn -0.1923 0.7719 -0.6059
vn -0.6049 0.7444 0.2827
vn 0.5783 0.0249 0.8154
vn 0.0115 0.0301 0.9995
vn 0.0168 0.0213 0.9996
vn -0.0023 0.9996 -0.0272
vn 0.0157 0.9995 -0.0260
vn 0.0059 0.8081 -0.5890
vn -0.0010 0.2881 0.9576
vn -0.0378 0.0383 -0.9985
vn -0.0017 0.0328 -0.9995
vn -0.0790 0.0270 -0.9965
vn -0.0000 0.9020 -0.4316
vn 0.0612 0.9074 0.4159
vn 0.0703 0.8117 0.5798
vn 0.0103 0.9999 -0.0045
vn -0.5466 0.0437 -0.8362
vn -0.9996 0.0270 -0.0010
vn -0.9997 0.0240 -0.0021
vn 0.9728 0.2318 -0.0052
vn 0.9997 0.0209 -0.0105
vn -0.9732 0.2301 -0.0000
vn 0.4343 0.9008 -0.0000
vn -0.4200 0.9075 0.0008
vn -0.6232 0.7821 0.0008
vn 0.0425 0.9991 -0.0018
vn -0.0826 0.9966 0.0031
vn 0.0813 0.9967 -0.0020
vn 0.9895 0.0216 0.1427
vn 0.9997 0.0186 -0.0156
vn -0.9987 0.0418 -0.0302
vn -0.9987 0.0346 0.0376
vn -0.9737 0.0386 -0.2245
vn -0.9577 0.0320 -0.2861
vn 0.9386 0.0249 -0.3441
vn 0.9990 0.0234 -0.0375
vn 0.9998 0.0186 -0.0017
vn 0.9038 0.0424 -0.4259
vn -0.0366 0.0239 0.9990
vn -0.0142 0.0355 0.9993
vn -0.5209 0.0318 0.8530
vn -0.1604 0.0193 0.9869
vn 0.6087 0.7421 -0.2807
vn 0.2205 0.7747 -0.5926
vn 0.5989 0.8008 -0.0000
vn -0.3321 0.6206 -0.7103
vn 0.0562 0.7582 -0.6496
vn 0.0205 0.2990 -0.9540
vn -0.3161 0.6426 -0.6980
vn -0.6995 0.6920 0.1785
vn -0.6792 0.7339 -0.0000
vn -0.9703 0.2420 -0.0009
vn -0.9135 0.2960 0.2790
vn 0.6995 0.6920 -0.1785
vn 0.8430 0.5379 0.0007
vn 0.9689 0.2476 0.0015
vn 0.9124 0.2950 -0.2836
vn 0.3321 0.6206 0.7104
vn -0.0000 0.6120 0.7909
vn 0.0010 0.2954 0.9554
vn 0.3156 0.6421 0.6987
vn 0.4619 0.0335 -0.8863
vn -0.0003 0.0363 -0.9993
vn 0.0090 0.2738 -0.9617
vn 0.3645 0.3819 -0.8493
vn -0.6775 0.7355 -0.0000
vn 0.4354 0.9002 -0.0000
vn 0.2881 0.9472 0.1409
vn -0.5262 0.8219 -0.2181
vn -0.0000 0.7980 0.6027
vn -0.0000 0.9022 -0.4312
vn 0.1315 0.9700 -0.2045
vn -0.3612 0.8448 0.3949
vn 0.6817 0.7312 -0.0234
vn -0.4255 0.9046 -0.0270
vn -0.2588 0.9522 -0.1621
vn 0.5396 0.8180 0.1992
vn -0.0385 0.7769 -0.6284
vn 0.0206 0.8945 0.4466
vn -0.1678 0.9713 0.1689
vn 0.3287 0.8462 -0.4194
vn 0.6050 0.7575 0.2455
vn -0.0000 0.8234 -0.5675
vn -0.5806 0.8139 -0.0213
vn -0.6054 0.7490 -0.2692
vn 0.0303 0.8384 0.5442
vn -0.2509 0.7662 0.5917
vn -0.9654 0.0320 0.2588
vn -0.9690 0.0284 0.2455
vn -0.9155 0.2908 -0.2778
vn 0.2775 0.0418 -0.9598
vn 0.9145 0.2962 0.2757
vn -0.4315 0.6544 0.6210
vn -0.4945 0.0390 -0.8683
vn 0.4928 0.0357 0.8694
vn 0.9682 0.0310 0.2482
vn 0.1309 0.9666 0.2203
vn 0.2689 0.9521 -0.1454
vn -0.1331 0.9671 -0.2167
vn -0.2567 0.9563 0.1398
vn 0.1904 0.7891 0.5840
vn -0.1900 0.7764 -0.6009
vn -0.6010 0.7483 0.2806
vn 0.5783 0.0257 0.8154
vn 0.0115 0.0312 0.9994
vn 0.0168 0.0219 0.9996
vn -0.0022 0.9997 -0.0263
vn 0.0152 0.9996 -0.0251
vn 0.0057 0.8117 -0.5841
vn -0.0010 0.2957 0.9553
vn -0.0380 0.0396 -0.9985
vn -0.0018 0.0339 -0.9994
vn -0.0791 0.0279 -0.9965
vn -0.0000 0.9023 -0.4312
vn 0.0593 0.9076 0.4157
vn 0.0685 0.8156 0.5746
vn 0.0100 0.9999 -0.0043
vn -0.5465 0.0451 -0.8362
vn -0.9996 0.0278 -0.0011
vn -0.9997 0.0248 -0.0021
vn 0.9711 0.2384 -0.0052
vn 0.9997 0.0216 -0.0105
vn -0.9716 0.2366 -0.0000
vn 0.4355 0.9002 -0.0000
vn -0.4208 0.9071 0.0008
vn -0.6184 0.7859 0.0008
vn 0.0412 0.9991 -0.0017
vn -0.0799 0.9968 0.0030
vn 0.0787 0.9969 -0.0019
vn 0.9895 0.0223 0.1427
vn 0.9997 0.0192 -0.0156
vn 0.2221 0.7708 -0.5971
vn 0.7068 0.6837 -0.1819
vn -0.0000 0.6022 0.7983
vn 0.5480 0.8117 0.2023
vn -0.9654 0.0310 0.2587
vn 0.9167 0.2890 0.2761
vn 0.9683 0.0300 0.2481
vn 0.2675 0.9524 -0.1460
vn -0.1335 0.9672 -0.2160
vn 0.0168 0.0212 0.9996
vn -0.6995 0.6919 0.1785
vn 0.3321 0.6206 0.7103
vn -0.0000 0.6120 0.7908
vn -0.0000 0.7980 0.6026
vn -0.0000 0.9022 -0.4313
vn -0.3612 0.8448 0.3948
vn -0.1900 0.7764 -0.6010
vn -0.0010 0.2958 0.9553
vn 0.0593 0.9075 0.4157
vn -0.2568 0.9525 -0.1639
vn 0.0562 0.7581 -0.6497
vn 0.0205 0.2989 -0.9541
vn -0.3161 0.6425 -0.6980
vn 0.9124 0.2950 -0.2837
vn -0.0385 0.7769 -0.6285
vn -0.3196 0.6365 -0.7020
vn 0.0612 0.9074 0.4158
vn -0.9576 0.0320 -0.2862
vt 0.922990 0.978771
vt 0.925016 0.775168
vt 0.962695 0.774739
vt 0.969609 0.978244
vt 0.959825 0.221249
vt 0.926680 0.220438
vt 0.935912 0.017318
vt 0.970670 0.017655
vt 0.050561 0.024580
vt 0.071140 0.227750
vt 0.036656 0.229667
vt 0.018773 0.026360
vt 0.221362 0.541109
vt 0.218513 0.538073
vt 0.241571 0.538797
vt 0.241220 0.542453
vt 0.960680 0.559617
vt 0.963012 0.527347
vt 0.970447 0.527713
vt 0.968383 0.567285
vt 0.205371 0.563336
vt 0.236420 0.564226
vt 0.236286 0.571658
vt 0.199744 0.570578
vt 0.952959 0.431305
vt 0.917802 0.430453
vt 0.917857 0.423044
vt 0.958507 0.424139
vt 0.197564 0.435336
vt 0.195350 0.467641
vt 0.187665 0.467212
vt 0.189850 0.427443
vt 0.022073 0.692652
vt 0.051239 0.692685
vt 0.087299 0.893195
vt 0.020325 0.897148
vt 0.917341 0.565255
vt 0.917241 0.555337
vt 0.942146 0.553955
vt 0.952466 0.564544
vt 0.195100 0.525927
vt 0.205548 0.525368
vt 0.207837 0.546558
vt 0.197187 0.558264
vt 0.238623 0.429188
vt 0.238627 0.439307
vt 0.216072 0.440750
vt 0.205772 0.430336
vt 0.964395 0.496221
vt 0.953217 0.496689
vt 0.950717 0.447912
vt 0.961168 0.436415
vt 0.913209 0.543291
vt 0.936763 0.542090
vt 0.218217 0.521196
vt 0.243038 0.451607
vt 0.221730 0.452715
vt 0.940069 0.498752
vt 0.940158 0.456709
vt 0.176815 0.976571
vt 0.181691 0.772720
vt 0.191678 0.773480
vt 0.187240 0.977029
vt 0.958008 0.571831
vt 0.991311 0.018897
vt 0.976097 0.222261
vt 0.200260 0.423191
vt 0.189346 0.565924
vt 0.972694 0.773997
vt 0.968790 0.428872
vt 0.182776 0.221427
vt 0.192699 0.220395
vt 0.950212 0.547809
vt 0.215818 0.552850
vt 0.208142 0.447019
vt 0.942619 0.441697
vt 0.939728 0.539091
vt 0.218767 0.455879
vt 0.937214 0.453721
vt 0.178717 0.017504
vt 0.148220 0.223651
vt 0.147052 0.019486
vt 0.243158 0.455276
vt 0.242902 0.472906
vt 0.218387 0.472879
vt 0.972744 0.495846
vt 0.187408 0.526348
vt 0.138172 0.489161
vt 0.128220 0.692757
vt 0.041814 0.489176
vt 0.205790 0.468159
vt 0.952829 0.526795
vt 0.940358 0.522020
vt 0.241856 0.521207
vt 0.169902 0.489293
vt 0.162621 0.692747
vt 0.217442 0.977424
vt 0.227094 0.774189
vt 0.238681 0.421489
vt 0.252985 0.219954
vt 0.913078 0.539646
vt 0.917350 0.572720
vt 0.236760 0.554380
vt 0.917669 0.440301
vt 0.913586 0.452515
vt 0.913194 0.498880
vt 0.913355 0.456087
vt 0.913176 0.522137
vt 0.090973 0.430533
vt 0.051478 0.434800
vt 0.021133 0.489031
vt 0.980031 0.977810
vt 0.193794 0.016883
vt 0.150173 0.427312
vt 0.119165 0.895492
vt 0.158738 0.897556
vt 0.266783 0.016711
s 1
f 1/1/1 2/2/2 3/3/3
f 3/3/3 4/4/4 1/1/1
f 5/5/5 6/6/6 7/7/7
f 7/7/7 8/8/8 5/5/5
f 9/9/9 10/10/10 11/11/11
f 11/11/11 12/12/12 9/9/9
f 13/13/13 14/14/14 15/15/15
f 15/15/15 16/16/16 13/13/13
f 17/17/17 18/18/18 19/19/19
f 19/19/19 20/20/20 17/17/17
f 21/21/21 22/22/22 23/23/23
f 23/23/23 24/24/24 21/21/21
f 25/25/25 26/26/26 27/27/27
f 27/27/27 28/28/28 25/25/25
f 29/29/29 30/30/30 31/31/31
f 31/31/31 32/32/32 29/29/29
f 33/33/33 34/34/34 35/35/35
f 35/35/35 36/36/36 33/33/33
f 37/37/37 38/38/38 39/39/39
f 39/39/39 40/40/40 37/37/37
f 41/41/41 42/42/42 43/43/43
f 43/43/43 44/44/44 41/41/41
f 45/45/45 46/46/46 47/47/47
f 47/47/47 48/48/48 45/45/45
f 49/49/49 50/50/50 51/51/51
f 51/51/51 52/52/52 49/49/49
f 39/39/39 38/38/38 53/53/16
f 53/53/16 54/54/53 39/39/39
f 42/42/42 55/55/54 14/14/14
f 14/14/14 43/43/43 42/42/42
f 47/47/47 46/46/46 56/56/55
f 56/56/55 57/57/56 47/47/47
f 50/50/50 58/58/57 59/59/58
f 59/59/58 51/51/51 50/50/50
f 12/60/12 11/61/11 60/62/59
f 60/62/59 61/63/60 12/60/12
f 40/40/40 17/17/17 20/20/20
f 20/20/20 62/64/61 40/40/40
f 63/65/62 33/66/33 5/5/5
f 5/5/5 8/8/8 63/65/62
f 48/48/48 29/29/29 32/32/32
f 32/32/32 64/67/63 48/48/48
f 24/24/24 65/68/64 44/44/44
f 44/44/44 21/21/21 24/24/24
f 20/20/20 66/69/65 3/3/3
f 3/3/3 62/64/61 20/20/20
f 28/28/28 36/70/36 52/52/52
f 52/52/52 25/25/25 28/28/28
f 32/32/32 67/71/66 68/72/67
f 68/72/67 64/67/63 32/32/32
f 17/17/17 40/40/40 39/39/39
f 39/39/39 69/73/68 17/17/17
f 21/21/21 44/44/44 43/43/43
f 43/43/43 70/74/69 21/21/21
f 29/29/29 48/48/48 47/47/47
f 47/47/47 71/75/70 29/29/29
f 25/25/25 52/52/52 51/51/51
f 51/51/51 72/76/71 25/25/25
f 69/73/68 39/39/39 54/54/53
f 54/54/53 73/77/72 69/73/68
f 70/74/69 43/43/43 14/14/14
f 14/14/14 13/13/13 70/74/69
f 71/75/70 47/47/47 57/57/56
f 57/57/56 74/78/73 71/75/70
f 72/76/71 51/51/51 59/59/58
f 59/59/58 75/79/74 72/76/71
f 76/80/75 67/71/66 77/81/76
f 77/81/76 78/82/77 76/80/75
f 74/78/73 79/83/78 80/84/79
f 80/84/79 81/85/80 74/78/73
f 52/52/52 36/70/36 35/86/35
f 35/86/35 49/49/49 52/52/52
f 41/41/41 82/87/81 31/31/31
f 31/31/31 30/30/30 41/41/41
f 83/88/82 84/89/83 34/34/34
f 34/34/34 85/90/84 83/88/82
f 30/30/30 29/29/29 71/75/70
f 71/75/70 86/91/42 30/30/30
f 18/18/18 87/92/85 50/50/50
f 50/50/50 49/49/49 18/18/18
f 71/75/70 74/78/73 81/85/80
f 81/85/80 86/91/42 71/75/70
f 87/92/85 88/93/86 58/58/57
f 58/58/57 50/50/50 87/92/85
f 78/82/77 77/81/76 10/10/10
f 10/10/10 9/9/9 78/82/77
f 81/85/80 80/84/79 89/94/87
f 89/94/87 55/55/54 81/85/80
f 49/49/49 35/86/35 19/19/19
f 19/19/19 18/18/18 49/49/49
f 30/30/30 86/91/42 42/42/42
f 42/42/42 41/41/41 30/30/30
f 86/91/42 81/85/80 55/55/54
f 55/55/54 42/42/42 86/91/42
f 44/44/44 65/68/64 82/87/81
f 82/87/81 41/41/41 44/44/44
f 90/95/88 66/96/65 84/89/83
f 84/89/83 83/88/82 90/95/88
f 18/18/18 17/17/17 69/73/68
f 69/73/68 87/92/85 18/18/18
f 69/73/68 73/77/72 88/93/86
f 88/93/86 87/92/85 69/73/68
f 91/97/89 92/98/90 2/2/2
f 2/2/2 1/1/1 91/97/89
f 27/27/27 93/99/91 94/100/92
f 94/100/92 6/6/6 27/27/27
f 54/54/53 53/53/16 95/101/15
f 95/101/15 73/77/72 54/54/53
f 40/40/40 62/64/61 96/102/93
f 96/102/93 37/37/37 40/40/40
f 45/45/45 93/99/91 27/27/27
f 27/27/27 26/26/26 45/45/45
f 22/22/22 97/103/38 38/38/38
f 38/38/38 37/37/37 22/22/22
f 26/26/26 25/25/25 72/76/71
f 72/76/71 98/104/94 26/26/26
f 97/103/38 16/16/16 53/53/16
f 53/53/16 38/38/38 97/103/38
f 72/76/71 75/79/74 99/105/95
f 99/105/95 98/104/94 72/76/71
f 58/58/57 100/106/96 101/107/97
f 101/107/97 59/59/58 58/58/57
f 58/58/57 88/93/86 102/108/98
f 102/108/98 100/106/96 58/58/57
f 53/53/16 16/16/16 15/15/15
f 15/15/15 95/101/15 53/53/16
f 37/37/37 96/102/93 23/23/23
f 23/23/23 22/22/22 37/37/37
f 26/26/26 98/104/94 46/46/46
f 46/46/46 45/45/45 26/26/26
f 98/104/94 99/105/95 56/56/55
f 56/56/55 46/46/46 98/104/94
f 100/106/96 80/84/79 79/83/78
f 79/83/78 101/107/97 100/106/96
f 80/84/79 100/106/96 102/108/98
f 102/108/98 89/94/87 80/84/79
f 91/97/89 61/63/60 60/62/59
f 60/62/59 92/98/90 91/97/89
f 93/99/91 64/67/63 68/72/67
f 68/72/67 94/100/92 93/99/91
f 48/48/48 64/67/63 93/99/91
f 93/99/91 45/45/45 48/48/48
f 22/22/22 21/21/21 70/74/69
f 70/74/69 97/103/38 22/22/22
f 70/74/69 13/13/13 16/16/16
f 16/16/16 97/103/38 70/74/69
f 2/2/2 96/102/93 62/64/61
f 62/64/61 3/3/3 2/2/2
f 28/28/28 27/27/27 6/6/6
f 6/6/6 5/5/5 28/28/28
f 82/109/81 65/110/64 11/11/11
f 11/11/11 10/10/10 82/109/81
f 63/111/62 85/90/84 34/34/34
f 34/34/34 33/33/33 63/111/62
f 65/68/64 24/24/24 60/62/59
f 60/62/59 11/61/11 65/68/64
f 36/70/36 28/28/28 5/5/5
f 5/5/5 33/66/33 36/70/36
f 90/112/88 4/4/4 3/3/3
f 3/3/3 66/69/65 90/112/88
f 76/80/75 103/113/99 68/72/67
f 68/72/67 67/71/66 76/80/75
f 32/32/32 31/114/31 77/81/76
f 77/81/76 67/71/66 32/32/32
f 19/115/19 35/35/35 34/34/34
f 34/34/34 84/89/83 19/115/19
f 31/114/31 82/109/81 10/10/10
f 10/10/10 77/81/76 31/114/31
f 20/116/20 19/115/19 84/89/83
f 84/89/83 66/96/65 20/116/20
f 23/23/23 96/102/93 2/2/2
f 2/2/2 92/98/90 23/23/23
f 104/117/100 7/7/7 6/6/6
f 6/6/6 94/100/92 104/117/100
f 24/24/24 23/23/23 92/98/90
f 92/98/90 60/62/59 24/24/24
f 103/113/99 104/117/100 94/100/92
f 94/100/92 68/72/67 103/113/99
f 55/55/54 89/94/87 15/15/15
f 15/15/15 14/14/14 55/55/54
f 89/94/87 102/108/98 95/101/15
f 95/101/15 15/15/15 89/94/87
f 102/108/98 88/93/86 73/77/72
f 73/77/72 95/101/15 102/108/98
f 57/57/56 56/56/55 79/83/78
f 79/83/78 74/78/73 57/57/56
f 56/56/55 99/105/95 101/107/97
f 101/107/97 79/83/78 56/56/55
f 101/107/97 99/105/95 75/79/74
f 75/79/74 59/59/58 101/107/97
f 105/1/101 106/2/102 107/3/103
f 107/3/103 108/4/104 105/1/101
f 109/5/105 110/6/106 111/7/107
f 111/7/107 112/8/108 109/5/105
f 113/9/109 114/10/110 115/11/111
f 115/11/111 116/12/112 113/9/109
f 117/13/113 118/14/114 119/15/15
f 119/15/15 120/16/115 117/13/113
f 121/17/116 122/18/117 123/19/118
f 123/19/118 124/20/119 121/17/116
f 125/21/120 126/22/121 127/23/122
f 127/23/122 128/24/123 125/21/120
f 129/25/124 130/26/125 131/27/126
f 131/27/126 132/28/127 129/25/124
f 133/29/128 134/30/129 135/31/130
f 135/31/130 136/32/131 133/29/128
f 137/33/132 138/34/133 139/35/134
f 139/35/134 140/36/135 137/33/132
f 141/37/136 142/38/137 143/39/138
f 143/39/138 144/40/139 141/37/136
f 145/41/140 146/42/141 147/43/142
f 147/43/142 148/44/143 145/41/140
f 149/45/144 150/46/145 151/47/146
f 151/47/146 152/48/147 149/45/144
f 153/49/148 154/50/149 155/51/150
f 155/51/150 156/52/151 153/49/148
f 143/39/138 142/38/137 157/53/115
f 157/53/115 158/54/152 143/39/138
f 146/42/141 159/55/153 118/14/114
f 118/14/114 147/43/142 146/42/141
f 151/47/146 150/46/145 160/56/154
f 160/56/154 161/57/155 151/47/146
f 154/50/149 162/58/156 163/59/157
f 163/59/157 155/51/150 154/50/149
f 116/60/112 115/61/111 164/62/158
f 164/62/158 165/63/159 116/60/112
f 144/40/139 121/17/116 124/20/119
f 124/20/119 166/64/160 144/40/139
f 167/65/161 137/66/132 109/5/105
f 109/5/105 112/8/108 167/65/161
f 152/48/147 133/29/128 136/32/131
f 136/32/131 168/67/162 152/48/147
f 128/24/123 169/68/163 148/44/143
f 148/44/143 125/21/120 128/24/123
f 124/20/119 170/69/164 107/3/103
f 107/3/103 166/64/160 124/20/119
f 132/28/127 140/70/135 156/52/151
f 156/52/151 129/25/124 132/28/127
f 136/32/131 171/71/165 172/72/166
f 172/72/166 168/67/162 136/32/131
f 121/17/116 144/40/139 143/39/138
f 143/39/138 173/73/167 121/17/116
f 125/21/120 148/44/143 147/43/142
f 147/43/142 174/74/168 125/21/120
f 133/29/128 152/48/147 151/47/146
f 151/47/146 175/75/169 133/29/128
f 129/25/124 156/52/151 155/51/150
f 155/51/150 176/76/170 129/25/124
f 173/73/167 143/39/138 158/54/152
f 158/54/152 177/77/171 173/73/167
f 174/74/168 147/43/142 118/14/114
f 118/14/114 117/13/113 174/74/168
f 175/75/169 151/47/146 161/57/155
f 161/57/155 178/78/172 175/75/169
f 176/76/170 155/51/150 163/59/157
f 163/59/157 179/79/173 176/76/170
f 180/80/174 171/71/165 181/81/175
f 181/81/175 182/82/176 180/80/174
f 178/78/172 183/83/177 184/84/178
f 184/84/178 185/85/179 178/78/172
f 156/52/151 140/70/135 139/86/134
f 139/86/134 153/49/148 156/52/151
f 145/41/140 186/87/180 135/31/130
f 135/31/130 134/30/129 145/41/140
f 187/88/181 188/89/182 138/34/133
f 138/34/133 189/90/183 187/88/181
f 134/30/129 133/29/128 175/75/169
f 175/75/169 190/91/184 134/30/129
f 122/18/117 191/92/185 154/50/149
f 154/50/149 153/49/148 122/18/117
f 175/75/169 178/78/172 185/85/179
f 185/85/179 190/91/184 175/75/169
f 191/92/185 192/93/186 162/58/156
f 162/58/156 154/50/149 191/92/185
f 182/82/176 181/81/175 114/10/110
f 114/10/110 113/9/109 182/82/176
f 185/85/179 184/84/178 193/94/187
f 193/94/187 159/55/153 185/85/179
f 153/49/148 139/86/134 123/19/118
f 123/19/118 122/18/117 153/49/148
f 134/30/129 190/91/184 146/42/141
f 146/42/141 145/41/140 134/30/129
f 190/91/184 185/85/179 159/55/153
f 159/55/153 146/42/141 190/91/184
f 148/44/143 169/68/163 186/87/180
f 186/87/180 145/41/140 148/44/143
f 194/95/188 170/96/164 188/89/182
f 188/89/182 187/88/181 194/95/188
f 122/18/117 121/17/116 173/73/167
f 173/73/167 191/92/185 122/18/117
f 173/73/167 177/77/171 192/93/186
f 192/93/186 191/92/185 173/73/167
f 195/97/189 196/98/190 106/2/102
f 106/2/102 105/1/101 195/97/189
f 131/27/126 197/99/191 198/100/192
f 198/100/192 110/6/106 131/27/126
f 158/54/152 157/53/115 199/101/15
f 199/101/15 177/77/171 158/54/152
f 144/40/139 166/64/160 200/102/193
f 200/102/193 141/37/136 144/40/139
f 149/45/144 197/99/191 131/27/126
f 131/27/126 130/26/125 149/45/144
f 126/22/121 201/103/137 142/38/137
f 142/38/137 141/37/136 126/22/121
f 130/26/125 129/25/124 176/76/170
f 176/76/170 202/104/194 130/26/125
f 201/103/137 120/16/115 157/53/115
f 157/53/115 142/38/137 201/103/137
f 176/76/170 179/79/173 203/105/195
f 203/105/195 202/104/194 176/76/170
f 162/58/156 204/106/196 205/107/197
f 205/107/197 163/59/157 162/58/156
f 162/58/156 192/93/186 206/108/198
f 206/108/198 204/106/196 162/58/156
f 157/53/115 120/16/115 119/15/15
f 119/15/15 199/101/15 157/53/115
f 141/37/136 200/102/193 127/23/122
f 127/23/122 126/22/121 141/37/136
f 130/26/125 202/104/194 150/46/145
f 150/46/145 149/45/144 130/26/125
f 202/104/194 203/105/195 160/56/154
f 160/56/154 150/46/145 202/104/194
f 204/106/196 184/84/178 183/83/177
f 183/83/177 205/107/197 204/106/196
f 184/84/178 204/106/196 206/108/198
f 206/108/198 193/94/187 184/84/178
f 195/97/189 165/63/159 164/62/158
f 164/62/158 196/98/190 195/97/189
f 197/99/191 168/67/162 172/72/166
f 172/72/166 198/100/192 197/99/191
f 152/48/147 168/67/162 197/99/191
f 197/99/191 149/45/144 152/48/147
f 126/22/121 125/21/120 174/74/168
f 174/74/168 201/103/137 126/22/121
f 174/74/168 117/13/113 120/16/115
f 120/16/115 201/103/137 174/74/168
f 106/2/102 200/102/193 166/64/160
f 166/64/160 107/3/103 106/2/102
f 132/28/127 131/27/126 110/6/106
f 110/6/106 109/5/105 132/28/127
f 186/109/180 169/110/163 115/11/111
f 115/11/111 114/10/110 186/109/180
f 167/111/161 189/90/183 138/34/133
f 138/34/133 137/33/132 167/111/161
f 169/68/163 128/24/123 164/62/158
f 164/62/158 115/61/111 169/68/163
f 140/70/135 132/28/127 109/5/105
f 109/5/105 137/66/132 140/70/135
f 194/112/188 108/4/104 107/3/103
f 107/3/103 170/69/164 194/112/188
f 180/80/174 207/113/199 172/72/166
f 172/72/166 171/71/165 180/80/174
f 136/32/131 135/114/130 181/81/175
f 181/81/175 171/71/165 136/32/131
f 123/115/118 139/35/134 138/34/133
f 138/34/133 188/89/182 123/115/118
f 135/114/130 186/109/180 114/10/110
f 114/10/110 181/81/175 135/114/130
f 124/116/119 123/115/118 188/89/182
f 188/89/182 170/96/164 124/116/119
f 127/23/122 200/102/193 106/2/102
f 106/2/102 196/98/190 127/23/122
f 208/117/200 111/7/107 110/6/106
f 110/6/106 198/100/192 208/117/200
f 128/24/123 127/23/122 196/98/190
f 196/98/190 164/62/158 128/24/123
f 207/113/199 208/117/200 198/100/192
f 198/100/192 172/72/166 207/113/199
f 159/55/153 193/94/187 119/15/15
f 119/15/15 118/14/114 159/55/153
f 193/94/187 206/108/198 199/101/15
f 199/101/15 119/15/15 193/94/187
f 206/108/198 192/93/186 177/77/171
f 177/77/171 199/101/15 206/108/198
f 161/57/155 160/56/154 183/83/177
f 183/83/177 178/78/172 161/57/155
f 160/56/154 203/105/195 205/107/197
f 205/107/197 183/83/177 160/56/154
f 205/107/197 203/105/195 179/79/173
f 179/79/173 163/59/157 205/107/197
f 209/1/1 210/2/2 211/3/3
f 211/3/3 212/4/4 209/1/1
f 213/5/5 214/6/6 215/7/7
f 215/7/7 216/8/8 213/5/5
f 217/9/9 218/10/10 219/11/11
f 219/11/11 220/12/201 217/9/9
f 221/13/13 222/14/14 223/15/15
f 223/15/15 224/16/16 221/13/13
f 225/17/17 226/18/18 227/19/19
f 227/19/19 228/20/20 225/17/17
f 229/21/21 230/22/22 231/23/23
f 231/23/23 232/24/24 229/21/21
f 233/25/202 234/26/26 235/27/27
f 235/27/27 236/28/28 233/25/202
f 237/29/29 238/30/30 239/31/31
f 239/31/31 240/32/32 237/29/29
f 241/33/33 242/34/34 243/35/35
f 243/35/35 244/36/36 241/33/33
f 245/37/37 246/38/38 247/39/39
f 247/39/39 248/40/40 245/37/37
f 249/41/41 250/42/42 251/43/43
f 251/43/43 252/44/44 249/41/41
f 253/45/45 254/46/46 255/47/47
f 255/47/47 256/48/48 253/45/45
f 257/49/49 258/50/50 259/51/51
f 259/51/51 260/52/52 257/49/49
f 247/39/39 246/38/38 261/53/16
f 261/53/16 262/54/53 247/39/39
f 250/42/42 263/55/54 222/14/14
f 222/14/14 251/43/43 250/42/42
f 255/47/47 254/46/46 264/56/55
f 264/56/55 265/57/56 255/47/47
f 258/50/50 266/58/57 267/59/58
f 267/59/58 259/51/51 258/50/50
f 220/60/201 219/61/11 268/62/59
f 268/62/59 269/63/60 220/60/201
f 248/40/40 225/17/17 228/20/20
f 228/20/20 270/64/61 248/40/40
f 271/65/203 241/66/33 213/5/5
f 213/5/5 216/8/8 271/65/203
f 256/48/48 237/29/29 240/32/32
f 240/32/32 272/67/63 256/48/48
f 232/24/24 273/68/64 252/44/44
f 252/44/44 229/21/21 232/24/24
f 228/20/20 274/69/65 211/3/3
f 211/3/3 270/64/61 228/20/20
f 236/28/28 244/70/36 260/52/52
f 260/52/52 233/25/202 236/28/28
f 240/32/32 275/71/66 276/72/67
f 276/72/67 272/67/63 240/32/32
f 225/17/17 248/40/40 247/39/39
f 247/39/39 277/73/68 225/17/17
f 229/21/21 252/44/44 251/43/43
f 251/43/43 278/74/69 229/21/21
f 237/29/29 256/48/48 255/47/47
f 255/47/47 279/75/70 237/29/29
f 233/25/202 260/52/52 259/51/51
f 259/51/51 280/76/71 233/25/202
f 277/73/68 247/39/39 262/54/53
f 262/54/53 281/77/72 277/73/68
f 278/74/69 251/43/43 222/14/14
f 222/14/14 221/13/13 278/74/69
f 279/75/70 255/47/47 265/57/56
f 265/57/56 282/78/73 279/75/70
f 280/76/71 259/51/51 267/59/58
f 267/59/58 283/79/74 280/76/71
f 284/80/75 275/71/66 285/81/76
f 285/81/76 286/82/77 284/80/75
f 282/78/73 287/83/78 288/84/79
f 288/84/79 289/85/80 282/78/73
f 260/52/52 244/70/36 243/86/35
f 243/86/35 257/49/49 260/52/52
f 249/41/41 290/87/81 239/31/31
f 239/31/31 238/30/30 249/41/41
f 291/88/204 292/89/83 242/34/34
f 242/34/34 293/90/84 291/88/204
f 238/30/30 237/29/29 279/75/70
f 279/75/70 294/91/42 238/30/30
f 226/18/18 295/92/85 258/50/50
f 258/50/50 257/49/49 226/18/18
f 279/75/70 282/78/73 289/85/80
f 289/85/80 294/91/42 279/75/70
f 295/92/85 296/93/86 266/58/57
f 266/58/57 258/50/50 295/92/85
f 286/82/77 285/81/76 218/10/10
f 218/10/10 217/9/9 286/82/77
f 289/85/80 288/84/79 297/94/87
f 297/94/87 263/55/54 289/85/80
f 257/49/49 243/86/35 227/19/19
f 227/19/19 226/18/18 257/49/49
f 238/30/30 294/91/42 250/42/42
f 250/42/42 249/41/41 238/30/30
f 294/91/42 289/85/80 263/55/54
f 263/55/54 250/42/42 294/91/42
f 252/44/44 273/68/64 290/87/81
f 290/87/81 249/41/41 252/44/44
f 298/95/88 274/96/65 292/89/83
f 292/89/83 291/88/204 298/95/88
f 226/18/18 225/17/17 277/73/68
f 277/73/68 295/92/85 226/18/18
f 277/73/68 281/77/72 296/93/86
f 296/93/86 295/92/85 277/73/68
f 299/97/89 300/98/90 210/2/2
f 210/2/2 209/1/1 299/97/89
f 235/27/27 301/99/91 302/100/92
f 302/100/92 214/6/6 235/27/27
f 262/54/53 261/53/16 303/101/15
f 303/101/15 281/77/72 262/54/53
f 248/40/40 270/64/61 304/102/93
f 304/102/93 245/37/37 248/40/40
f 253/45/45 301/99/91 235/27/27
f 235/27/27 234/26/26 253/45/45
f 230/22/22 305/103/38 246/38/38
f 246/38/38 245/37/37 230/22/22
f 234/26/26 233/25/202 280/76/71
f 280/76/71 306/104/94 234/26/26
f 305/103/38 224/16/16 261/53/16
f 261/53/16 246/38/38 305/103/38
f 280/76/71 283/79/74 307/105/95
f 307/105/95 306/104/94 280/76/71
f 266/58/57 308/106/96 309/107/97
f 309/107/97 267/59/58 266/58/57
f 266/58/57 296/93/86 310/108/98
f 310/108/98 308/106/96 266/58/57
f 261/53/16 224/16/16 223/15/15
f 223/15/15 303/101/15 261/53/16
f 245/37/37 304/102/93 231/23/23
f 231/23/23 230/22/22 245/37/37
f 234/26/26 306/104/94 254/46/46
f 254/46/46 253/45/45 234/26/26
f 306/104/94 307/105/95 264/56/55
f 264/56/55 254/46/46 306/104/94
f 308/106/96 288/84/79 287/83/78
f 287/83/78 309/107/97 308/106/96
f 288/84/79 308/106/96 310/108/98
f 310/108/98 297/94/87 288/84/79
f 299/97/89 269/63/60 268/62/59
f 268/62/59 300/98/90 299/97/89
f 301/99/91 272/67/63 276/72/67
f 276/72/67 302/100/92 301/99/91
f 256/48/48 272/67/63 301/99/91
f 301/99/91 253/45/45 256/48/48
f 230/22/22 229/21/21 278/74/69
f 278/74/69 305/103/38 230/22/22
f 278/74/69 221/13/13 224/16/16
f 224/16/16 305/103/38 278/74/69
f 210/2/2 304/102/93 270/64/61
f 270/64/61 211/3/3 210/2/2
f 236/28/28 235/27/27 214/6/6
f 214/6/6 213/5/5 236/28/28
f 290/109/81 273/110/64 219/11/11
f 219/11/11 218/10/10 290/109/81
f 271/111/203 293/90/84 242/34/34
f 242/34/34 241/33/33 271/111/203
f 273/68/64 232/24/24 268/62/59
f 268/62/59 219/61/11 273/68/64
f 244/70/36 236/28/28 213/5/5
f 213/5/5 241/66/33 244/70/36
f 298/112/88 212/4/4 211/3/3
f 211/3/3 274/69/65 298/112/88
f 284/80/75 311/113/99 276/72/67
f 276/72/67 275/71/66 284/80/75
f 240/32/32 239/114/31 285/81/76
f 285/81/76 275/71/66 240/32/32
f 227/115/19 243/35/35 242/34/34
f 242/34/34 292/89/83 227/115/19
f 239/114/31 290/109/81 218/10/10
f 218/10/10 285/81/76 239/114/31
f 228/116/20 227/115/19 292/89/83
f 292/89/83 274/96/65 228/116/20
f 231/23/23 304/102/93 210/2/2
f 210/2/2 300/98/90 231/23/23
f 312/117/100 215/7/7 214/6/6
f 214/6/6 302/100/92 312/117/100
f 232/24/24 231/23/23 300/98/90
f 300/98/90 268/62/59 232/24/24
f 311/113/99 312/117/100 302/100/92
f 302/100/92 276/72/67 311/113/99
f 263/55/54 297/94/87 223/15/15
f 223/15/15 222/14/14 263/55/54
f 297/94/87 310/108/98 303/101/15
f 303/101/15 223/15/15 297/94/87
f 310/108/98 296/93/86 281/77/72
f 281/77/72 303/101/15 310/108/98
f 265/57/56 264/56/55 287/83/78
f 287/83/78 282/78/73 265/57/56
f 264/56/55 307/105/95 309/107/97
f 309/107/97 287/83/78 264/56/55
f 309/107/97 307/105/95 283/79/74
f 283/79/74 267/59/58 309/107/97
f 313/1/101 314/2/102 315/3/103
f 315/3/103 316/4/104 313/1/101
f 317/5/105 318/6/106 319/7/107
f 319/7/107 320/8/108 317/5/105
f 321/9/109 322/10/110 323/11/111
f 323/11/111 324/12/112 321/9/109
f 325/13/113 326/14/114 327/15/15
f 327/15/15 328/16/115 325/13/113
f 329/17/116 330/18/117 331/19/118
f 331/19/118 332/20/119 329/17/116
f 333/21/205 334/22/121 335/23/122
f 335/23/122 336/24/123 333/21/205
f 337/25/124 338/26/125 339/27/126
f 339/27/126 340/28/206 337/25/124
f 341/29/128 342/30/129 343/31/130
f 343/31/130 344/32/131 341/29/128
f 345/33/132 346/34/133 347/35/207
f 347/35/207 348/36/135 345/33/132
f 349/37/136 350/38/137 351/39/138
f 351/39/138 352/40/139 349/37/136
f 353/41/140 354/42/141 355/43/142
f 355/43/142 356/44/143 353/41/140
f 357/45/144 358/46/208 359/47/146
f 359/47/146 360/48/147 357/45/144
f 361/49/148 362/50/149 363/51/209
f 363/51/209 364/52/151 361/49/148
f 351/39/138 350/38/137 365/53/115
f 365/53/115 366/54/152 351/39/138
f 354/42/141 367/55/153 326/14/114
f 326/14/114 355/43/142 354/42/141
f 359/47/146 358/46/208 368/56/154
f 368/56/154 369/57/155 359/47/146
f 362/50/149 370/58/156 371/59/210
f 371/59/210 363/51/209 362/50/149
f 324/60/112 323/61/111 372/62/158
f 372/62/158 373/63/159 324/60/112
f 352/40/139 329/17/116 332/20/119
f 332/20/119 374/64/160 352/40/139
f 375/65/161 345/66/132 317/5/105
f 317/5/105 320/8/108 375/65/161
f 360/48/147 341/29/128 344/32/131
f 344/32/131 376/67/162 360/48/147
f 336/24/123 377/68/163 356/44/143
f 356/44/143 333/21/205 336/24/123
f 332/20/119 378/69/164 315/3/103
f 315/3/103 374/64/160 332/20/119
f 340/28/206 348/70/135 364/52/151
f 364/52/151 337/25/124 340/28/206
f 344/32/131 379/71/165 380/72/166
f 380/72/166 376/67/162 344/32/131
f 329/17/116 352/40/139 351/39/138
f 351/39/138 381/73/167 329/17/116
f 333/21/205 356/44/143 355/43/142
f 355/43/142 382/74/168 333/21/205
f 341/29/128 360/48/147 359/47/146
f 359/47/146 383/75/169 341/29/128
f 337/25/124 364/52/151 363/51/209
f 363/51/209 384/76/170 337/25/124
f 381/73/167 351/39/138 366/54/152
f 366/54/152 385/77/171 381/73/167
f 382/74/168 355/43/142 326/14/114
f 326/14/114 325/13/113 382/74/168
f 383/75/169 359/47/146 369/57/155
f 369/57/155 386/78/172 383/75/169
f 384/76/170 363/51/209 371/59/210
f 371/59/210 387/79/211 384/76/170
f 388/80/174 379/71/165 389/81/175
f 389/81/175 390/82/176 388/80/174
f 386/78/172 391/83/177 392/84/178
f 392/84/178 393/85/179 386/78/172
f 364/52/151 348/70/135 347/86/207
f 347/86/207 361/49/148 364/52/151
f 353/41/140 394/87/180 343/31/130
f 343/31/130 342/30/129 353/41/140
f 395/88/212 396/89/182 346/34/133
f 346/34/133 397/90/213 395/88/212
f 342/30/129 341/29/128 383/75/169
f 383/75/169 398/91/184 342/30/129
f 330/18/117 399/92/185 362/50/149
f 362/50/149 361/49/148 330/18/117
f 383/75/169 386/78/172 393/85/179
f 393/85/179 398/91/184 383/75/169
f 399/92/185 400/93/186 370/58/156
f 370/58/156 362/50/149 399/92/185
f 390/82/176 389/81/175 322/10/110
f 322/10/110 321/9/109 390/82/176
f 393/85/179 392/84/178 401/94/187
f 401/94/187 367/55/153 393/85/179
f 361/49/148 347/86/207 331/19/118
f 331/19/118 330/18/117 361/49/148
f 342/30/129 398/91/184 354/42/141
f 354/42/141 353/41/140 342/30/129
f 398/91/184 393/85/179 367/55/153
f 367/55/153 354/42/141 398/91/184
f 356/44/143 377/68/163 394/87/180
f 394/87/180 353/41/140 356/44/143
f 402/95/188 378/96/164 396/89/182
f 396/89/182 395/88/212 402/95/188
f 330/18/117 329/17/116 381/73/167
f 381/73/167 399/92/185 330/18/117
f 381/73/167 385/77/171 400/93/186
f 400/93/186 399/92/185 381/73/167
f 403/97/189 404/98/190 314/2/102
f 314/2/102 313/1/101 403/97/189
f 339/27/126 405/99/191 406/100/192
f 406/100/192 318/6/106 339/27/126
f 366/54/152 365/53/115 407/101/15
f 407/101/15 385/77/171 366/54/152
f 352/40/139 374/64/160 408/102/193
f 408/102/193 349/37/136 352/40/139
f 357/45/144 405/99/191 339/27/126
f 339/27/126 338/26/125 357/45/144
f 334/22/121 409/103/137 350/38/137
f 350/38/137 349/37/136 334/22/121
f 338/26/125 337/25/124 384/76/170
f 384/76/170 410/104/194 338/26/125
f 409/103/137 328/16/115 365/53/115
f 365/53/115 350/38/137 409/103/137
f 384/76/170 387/79/211 411/105/195
f 411/105/195 410/104/194 384/76/170
f 370/58/156 412/106/196 413/107/197
f 413/107/197 371/59/210 370/58/156
f 370/58/156 400/93/186 414/108/198
f 414/108/198 412/106/196 370/58/156
f 365/53/115 328/16/115 327/15/15
f 327/15/15 407/101/15 365/53/115
f 349/37/136 408/102/193 335/23/122
f 335/23/122 334/22/121 349/37/136
f 338/26/125 410/104/194 358/46/208
f 358/46/208 357/45/144 338/26/125
f 410/104/194 411/105/195 368/56/154
f 368/56/154 358/46/208 410/104/194
f 412/106/196 392/84/178 391/83/177
f 391/83/177 413/107/197 412/106/196
f 392/84/178 412/106/196 414/108/198
f 414/108/198 401/94/187 392/84/178
f 403/97/189 373/63/159 372/62/158
f 372/62/158 404/98/190 403/97/189
f 405/99/191 376/67/162 380/72/166
f 380/72/166 406/100/192 405/99/191
f 360/48/147 376/67/162 405/99/191
f 405/99/191 357/45/144 360/48/147
f 334/22/121 333/21/205 382/74/168
f 382/74/168 409/103/137 334/22/121
f 382/74/168 325/13/113 328/16/115
f 328/16/115 409/103/137 382/74/168
f 314/2/102 408/102/193 374/64/160
f 374/64/160 315/3/103 314/2/102
f 340/28/206 339/27/126 318/6/106
f 318/6/106 317/5/105 340/28/206
f 394/109/180 377/110/163 323/11/111
f 323/11/111 322/10/110 394/109/180
f 375/111/161 397/90/213 346/34/133
f 346/34/133 345/33/132 375/111/161
f 377/68/163 336/24/123 372/62/158
f 372/62/158 323/61/111 377/68/163
f 348/70/135 340/28/206 317/5/105
f 317/5/105 345/66/132 348/70/135
f 402/112/188 316/4/104 315/3/103
f 315/3/103 378/69/164 402/112/188
f 388/80/174 415/113/199 380/72/166
f 380/72/166 379/71/165 388/80/174
f 344/32/131 343/114/130 389/81/175
f 389/81/175 379/71/165 344/32/131
f 331/115/118 347/35/207 346/34/133
f 346/34/133 396/89/182 331/115/118
f 343/114/130 394/109/180 322/10/110
f 322/10/110 389/81/175 343/114/130
f 332/116/119 331/115/118 396/89/182
f 396/89/182 378/96/164 332/116/119
f 335/23/122 408/102/193 314/2/102
f 314/2/102 404/98/190 335/23/122
f 416/117/200 319/7/107 318/6/106
f 318/6/106 406/100/192 416/117/200
f 336/24/123 335/23/122 404/98/190
f 404/98/190 372/62/158 336/24/123
f 415/113/199 416/117/200 406/100/192
f 406/100/192 380/72/166 415/113/199
f 367/55/153 401/94/187 327/15/15
f 327/15/15 326/14/114 367/55/153
f 401/94/187 414/108/198 407/101/15
f 407/101/15 327/15/15 401/94/187
f 414/108/198 400/93/186 385/77/171
f 385/77/171 407/101/15 414/108/198
f 369/57/155 368/56/154 391/83/177
f 391/83/177 386/78/172 369/57/155
f 368/56/154 411/105/195 413/107/197
f 413/107/197 391/83/177 368/56/154
f 413/107/197 411/105/195 387/79/211
f 387/79/211 371/59/210 413/107/197
f 417/1/1 418/2/2 419/3/214
f 419/3/214 420/4/4 417/1/1
f 421/5/5 422/6/6 423/7/7
f 423/7/7 424/8/215 421/5/5
f 425/9/9 426/10/10 427/11/11
f 427/11/11 428/12/12 425/9/9
f 429/13/13 430/14/14 431/15/15
f 431/15/15 432/16/16 429/13/13
f 433/17/216 434/18/18 435/19/217
f 435/19/217 436/20/218 433/17/216
f 437/21/21 438/22/22 439/23/23
f 439/23/23 440/24/24 437/21/21
f 441/25/219 442/26/26 443/27/27
f 443/27/27 444/28/28 441/25/219
f 445/29/29 446/30/30 447/31/31
f 447/31/31 448/32/32 445/29/29
f 449/33/33 450/34/34 451/35/35
f 451/35/35 452/36/36 449/33/33
f 453/37/37 454/38/38 455/39/220
f 455/39/220 456/40/221 453/37/37
f 457/41/41 458/42/42 459/43/43
f 459/43/43 460/44/44 457/41/41
f 461/45/45 462/46/46 463/47/47
f 463/47/47 464/48/48 461/45/45
f 465/49/222 466/50/50 467/51/51
f 467/51/51 468/52/223 465/49/222
f 455/39/220 454/38/38 469/53/16
f 469/53/16 470/54/53 455/39/220
f 458/42/42 471/55/54 430/14/14
f 430/14/14 459/43/43 458/42/42
f 463/47/47 462/46/46 472/56/55
f 472/56/55 473/57/56 463/47/47
f 466/50/50 474/58/57 475/59/58
f 475/59/58 467/51/51 466/50/50
f 428/60/12 427/61/11 476/62/59
f 476/62/59 477/63/60 428/60/12
f 456/40/221 433/17/216 436/20/218
f 436/20/218 478/64/61 456/40/221
f 479/65/62 449/66/33 421/5/5
f 421/5/5 424/8/215 479/65/62
f 464/48/48 445/29/29 448/32/32
f 448/32/32 480/67/63 464/48/48
f 440/24/24 481/68/64 460/44/44
f 460/44/44 437/21/21 440/24/24
f 436/20/218 482/69/65 419/3/214
f 419/3/214 478/64/61 436/20/218
f 444/28/28 452/70/36 468/52/223
f 468/52/223 441/25/219 444/28/28
f 448/32/32 483/71/66 484/72/67
f 484/72/67 480/67/63 448/32/32
f 433/17/216 456/40/221 455/39/220
f 455/39/220 485/73/68 433/17/216
f 437/21/21 460/44/44 459/43/43
f 459/43/43 486/74/69 437/21/21
f 445/29/29 464/48/48 463/47/47
f 463/47/47 487/75/70 445/29/29
f 441/25/219 468/52/223 467/51/51
f 467/51/51 488/76/71 441/25/219
f 485/73/68 455/39/220 470/54/53
f 470/54/53 489/77/224 485/73/68
f 486/74/69 459/43/43 430/14/14
f 430/14/14 429/13/13 486/74/69
f 487/75/70 463/47/47 473/57/56
f 473/57/56 490/78/73 487/75/70
f 488/76/71 467/51/51 475/59/58
f 475/59/58 491/79/225 488/76/71
f 492/80/75 483/71/66 493/81/76
f 493/81/76 494/82/77 492/80/75
f 490/78/73 495/83/78 496/84/79
f 496/84/79 497/85/80 490/78/73
f 468/52/223 452/70/36 451/86/35
f 451/86/35 465/49/222 468/52/223
f 457/41/41 498/87/81 447/31/31
f 447/31/31 446/30/30 457/41/41
f 499/88/82 500/89/83 450/34/34
f 450/34/34 501/90/84 499/88/82
f 446/30/30 445/29/29 487/75/70
f 487/75/70 502/91/42 446/30/30
f 434/18/18 503/92/85 466/50/50
f 466/50/50 465/49/222 434/18/18
f 487/75/70 490/78/73 497/85/80
f 497/85/80 502/91/42 487/75/70
f 503/92/85 504/93/226 474/58/57
f 474/58/57 466/50/50 503/92/85
f 494/82/77 493/81/76 426/10/10
f 426/10/10 425/9/9 494/82/77
f 497/85/80 496/84/79 505/94/87
f 505/94/87 471/55/54 497/85/80
f 465/49/222 451/86/35 435/19/217
f 435/19/217 434/18/18 465/49/222
f 446/30/30 502/91/42 458/42/42
f 458/42/42 457/41/41 446/30/30
f 502/91/42 497/85/80 471/55/54
f 471/55/54 458/42/42 502/91/42
f 460/44/44 481/68/64 498/87/81
f 498/87/81 457/41/41 460/44/44
f 506/95/227 482/96/65 500/89/83
f 500/89/83 499/88/82 506/95/227
f 434/18/18 433/17/216 485/73/68
f 485/73/68 503/92/85 434/18/18
f 485/73/68 489/77/224 504/93/226
f 504/93/226 503/92/85 485/73/68
f 507/97/89 508/98/90 418/2/2
f 418/2/2 417/1/1 507/97/89
f 443/27/27 509/99/91 510/100/92
f 510/100/92 422/6/6 443/27/27
f 470/54/53 469/53/16 511/101/15
f 511/101/15 489/77/224 470/54/53
f 456/40/221 478/64/61 512/102/93
f 512/102/93 453/37/37 456/40/221
f 461/45/45 509/99/91 443/27/27
f 443/27/27 442/26/26 461/45/45
f 438/22/22 513/103/38 454/38/38
f 454/38/38 453/37/37 438/22/22
f 442/26/26 441/25/219 488/76/71
f 488/76/71 514/104/94 442/26/26
f 513/103/38 432/16/16 469/53/16
f 469/53/16 454/38/38 513/103/38
f 488/76/71 491/79/225 515/105/95
f 515/105/95 514/104/94 488/76/71
f 474/58/57 516/106/96 517/107/97
f 517/107/97 475/59/58 474/58/57
f 474/58/57 504/93/226 518/108/98
f 518/108/98 516/106/96 474/58/57
f 469/53/16 432/16/16 431/15/15
f 431/15/15 511/101/15 469/53/16
f 453/37/37 512/102/93 439/23/23
f 439/23/23 438/22/22 453/37/37
f 442/26/26 514/104/94 462/46/46
f 462/46/46 461/45/45 442/26/26
f 514/104/94 515/105/95 472/56/55
f 472/56/55 462/46/46 514/104/94
f 516/106/96 496/84/79 495/83/78
f 495/83/78 517/107/97 516/106/96
f 496/84/79 516/106/96 518/108/98
f 518/108/98 505/94/87 496/84/79
f 507/97/89 477/63/60 476/62/59
f 476/62/59 508/98/90 507/97/89
f 509/99/91 480/67/63 484/72/67
f 484/72/67 510/100/92 509/99/91
f 464/48/48 480/67/63 509/99/91
f 509/99/91 461/45/45 464/48/48
f 438/22/22 437/21/21 486/74/69
f 486/74/69 513/103/38 438/22/22
f 486/74/69 429/13/13 432/16/16
f 432/16/16 513/103/38 486/74/69
f 418/2/2 512/102/93 478/64/61
f 478/64/61 419/3/214 418/2/2
f 444/28/28 443/27/27 422/6/6
f 422/6/6 421/5/5 444/28/28
f 498/109/81 481/110/64 427/11/11
f 427/11/11 426/10/10 498/109/81
f 479/111/62 501/90/84 450/34/34
f 450/34/34 449/33/33 479/111/62
f 481/68/64 440/24/24 476/62/59
f 476/62/59 427/61/11 481/68/64
f 452/70/36 444/28/28 421/5/5
f 421/5/5 449/66/33 452/70/36
f 506/112/227 420/4/4 419/3/214
f 419/3/214 482/69/65 506/112/227
f 492/80/75 519/113/99 484/72/67
f 484/72/67 483/71/66 492/80/75
f 448/32/32 447/114/31 493/81/76
f 493/81/76 483/71/66 448/32/32
f 435/115/217 451/35/35 450/34/34
f 450/34/34 500/89/83 435/115/217
f 447/114/31 498/109/81 426/10/10
f 426/10/10 493/81/76 447/114/31
f 436/116/218 435/115/217 500/89/83
f 500/89/83 482/96/65 436/116/218
f 439/23/23 512/102/93 418/2/2
f 418/2/2 508/98/90 439/23/23
f 520/117/100 423/7/7 422/6/6
f 422/6/6 510/100/92 520/117/100
f 440/24/24 439/23/23 508/98/90
f 508/98/90 476/62/59 440/24/24
f 519/113/99 520/117/100 510/100/92
f 510/100/92 484/72/67 519/113/99
f 471/55/54 505/94/87 431/15/15
f 431/15/15 430/14/14 471/55/54
f 505/94/87 518/108/98 511/101/15
f 511/101/15 431/15/15 505/94/87
f 518/108/98 504/93/226 489/77/224
f 489/77/224 511/101/15 518/108/98
f 473/57/56 472/56/55 495/83/78
f 495/83/78 490/78/73 473/57/56
f 472/56/55 515/105/95 517/107/97
f 517/107/97 495/83/78 472/56/55
f 517/107/97 515/105/95 491/79/225
f 491/79/225 475/59/58 517/107/97
f 521/1/101 522/2/102 523/3/103
f 523/3/103 524/4/228 521/1/101
f 525/5/105 526/6/106 527/7/107
f 527/7/107 528/8/108 525/5/105
f 529/9/109 530/10/110 531/11/111
f 531/11/111 532/12/112 529/9/109
f 533/13/113 534/14/114 535/15/15
f 535/15/15 536/16/115 533/13/113
f 537/17/229 538/18/230 539/19/231
f 539/19/231 540/20/232 537/17/229
f 541/21/120 542/22/121 543/23/122
f 543/23/122 544/24/123 541/21/120
f 545/25/233 546/26/125 547/27/126
f 547/27/126 548/28/127 545/25/233
f 549/29/128 550/30/129 551/31/130
f 551/31/130 552/32/131 549/29/128
f 553/33/132 554/34/133 555/35/234
f 555/35/234 556/36/135 553/33/132
f 557/37/136 558/38/137 559/39/138
f 559/39/138 560/40/139 557/37/136
f 561/41/140 562/42/141 563/43/142
f 563/43/142 564/44/143 561/41/140
f 565/45/144 566/46/208 567/47/146
f 567/47/146 568/48/147 565/45/144
f 569/49/235 570/50/149 571/51/236
f 571/51/236 572/52/151 569/49/235
f 559/39/138 558/38/137 573/53/115
f 573/53/115 574/54/152 559/39/138
f 562/42/141 575/55/153 534/14/114
f 534/14/114 563/43/142 562/42/141
f 567/47/146 566/46/208 576/56/237
f 576/56/237 577/57/155 567/47/146
f 570/50/149 578/58/156 579/59/238
f 579/59/238 571/51/236 570/50/149
f 532/60/112 531/61/111 580/62/158
f 580/62/158 581/63/159 532/60/112
f 560/40/139 537/17/229 540/20/232
f 540/20/232 582/64/239 560/40/139
f 583/65/161 553/66/132 525/5/105
f 525/5/105 528/8/108 583/65/161
f 568/48/147 549/29/128 552/32/131
f 552/32/131 584/67/162 568/48/147
f 544/24/123 585/68/163 564/44/143
f 564/44/143 541/21/120 544/24/123
f 540/20/232 586/69/164 523/3/103
f 523/3/103 582/64/239 540/20/232
f 548/28/127 556/70/135 572/52/151
f 572/52/151 545/25/233 548/28/127
f 552/32/131 587/71/165 588/72/166
f 588/72/166 584/67/162 552/32/131
f 537/17/229 560/40/139 559/39/138
f 559/39/138 589/73/167 537/17/229
f 541/21/120 564/44/143 563/43/142
f 563/43/142 590/74/168 541/21/120
f 549/29/128 568/48/147 567/47/146
f 567/47/146 591/75/169 549/29/128
f 545/25/233 572/52/151 571/51/236
f 571/51/236 592/76/170 545/25/233
f 589/73/167 559/39/138 574/54/152
f 574/54/152 593/77/240 589/73/167
f 590/74/168 563/43/142 534/14/114
f 534/14/114 533/13/113 590/74/168
f 591/75/169 567/47/146 577/57/155
f 577/57/155 594/78/172 591/75/169
f 592/76/170 571/51/236 579/59/238
f 579/59/238 595/79/241 592/76/170
f 596/80/174 587/71/165 597/81/175
f 597/81/175 598/82/176 596/80/174
f 594/78/172 599/83/177 600/84/178
f 600/84/178 601/85/179 594/78/172
f 572/52/151 556/70/135 555/86/234
f 555/86/234 569/49/235 572/52/151
f 561/41/140 602/87/180 551/31/130
f 551/31/130 550/30/129 561/41/140
f 603/88/212 604/89/182 554/34/133
f 554/34/133 605/90/183 603/88/212
f 550/30/129 549/29/128 591/75/169
f 591/75/169 606/91/184 550/30/129
f 538/18/230 607/92/185 570/50/149
f 570/50/149 569/49/235 538/18/230
f 591/75/169 594/78/172 601/85/179
f 601/85/179 606/91/184 591/75/169
f 607/92/185 608/93/242 578/58/156
f 578/58/156 570/50/149 607/92/185
f 598/82/176 597/81/175 530/10/110
f 530/10/110 529/9/109 598/82/176
f 601/85/179 600/84/178 609/94/187
f 609/94/187 575/55/153 601/85/179
f 569/49/235 555/86/234 539/19/231
f 539/19/231 538/18/230 569/49/235
f 550/30/129 606/91/184 562/42/141
f 562/42/141 561/41/140 550/30/129
f 606/91/184 601/85/179 575/55/153
f 575/55/153 562/42/141 606/91/184
f 564/44/143 585/68/163 602/87/180
f 602/87/180 561/41/140 564/44/143
f 610/95/188 586/96/164 604/89/182
f 604/89/182 603/88/212 610/95/188
f 538/18/230 537/17/229 589/73/167
f 589/73/167 607/92/185 538/18/230
f 589/73/167 593/77/240 608/93/242
f 608/93/242 607/92/185 589/73/167
f 611/97/189 612/98/190 522/2/102
f 522/2/102 521/1/101 611/97/189
f 547/27/126 613/99/191 614/100/192
f 614/100/192 526/6/106 547/27/126
f 574/54/152 573/53/115 615/101/15
f 615/101/15 593/77/240 574/54/152
f 560/40/139 582/64/239 616/102/193
f 616/102/193 557/37/136 560/40/139
f 565/45/144 613/99/191 547/27/126
f 547/27/126 546/26/125 565/45/144
f 542/22/121 617/103/137 558/38/137
f 558/38/137 557/37/136 542/22/121
f 546/26/125 545/25/233 592/76/170
f 592/76/170 618/104/243 546/26/125
f 617/103/137 536/16/115 573/53/115
f 573/53/115 558/38/137 617/103/137
f 592/76/170 595/79/241 619/105/195
f 619/105/195 618/104/243 592/76/170
f 578/58/156 620/106/196 621/107/197
f 621/107/197 579/59/238 578/58/156
f 578/58/156 608/93/242 622/108/198
f 622/108/198 620/106/196 578/58/156
f 573/53/115 536/16/115 535/15/15
f 535/15/15 615/101/15 573/53/115
f 557/37/136 616/102/193 543/23/122
f 543/23/122 542/22/121 557/37/136
f 546/26/125 618/104/243 566/46/208
f 566/46/208 565/45/144 546/26/125
f 618/104/243 619/105/195 576/56/237
f 576/56/237 566/46/208 618/104/243
f 620/106/196 600/84/178 599/83/177
f 599/83/177 621/107/197 620/106/196
f 600/84/178 620/106/196 622/108/198
f 622/108/198 609/94/187 600/84/178
f 611/97/189 581/63/159 580/62/158
f 580/62/158 612/98/190 611/97/189
f 613/99/191 584/67/162 588/72/166
f 588/72/166 614/100/192 613/99/191
f 568/48/147 584/67/162 613/99/191
f 613/99/191 565/45/144 568/48/147
f 542/22/121 541/21/120 590/74/168
f 590/74/168 617/103/137 542/22/121
f 590/74/168 533/13/113 536/16/115
f 536/16/115 617/103/137 590/74/168
f 522/2/102 616/102/193 582/64/239
f 582/64/239 523/3/103 522/2/102
f 548/28/127 547/27/126 526/6/106
f 526/6/106 525/5/105 548/28/127
f 602/109/180 585/110/163 531/11/111
f 531/11/111 530/10/110 602/109/180
f 583/111/161 605/90/183 554/34/133
f 554/34/133 553/33/132 583/111/161
f 585/68/163 544/24/123 580/62/158
f 580/62/158 531/61/111 585/68/163
f 556/70/135 548/28/127 525/5/105
f 525/5/105 553/66/132 556/70/135
f 610/112/188 524/4/228 523/3/103
f 523/3/103 586/69/164 610/112/188
f 596/80/174 623/113/199 588/72/166
f 588/72/166 587/71/165 596/80/174
f 552/32/131 551/114/130 597/81/175
f 597/81/175 587/71/165 552/32/131
f 539/115/231 555/35/234 554/34/133
f 554/34/133 604/89/182 539/115/231
f 551/114/130 602/109/180 530/10/110
f 530/10/110 597/81/175 551/114/130
f 540/116/232 539/115/231 604/89/182
f 604/89/182 586/96/164 540/116/232
f 543/23/122 616/102/193 522/2/102
f 522/2/102 612/98/190 543/23/122
f 624/117/200 527/7/107 526/6/106
f 526/6/106 614/100/192 624/117/200
f 544/24/123 543/23/122 612/98/190
f 612/98/190 580/62/158 544/24/123
f 623/113/199 624/117/200 614/100/192
f 614/100/192 588/72/166 623/113/199
f 575/55/153 609/94/187 535/15/15
f 535/15/15 534/14/114 575/55/153
f 609/94/187 622/108/198 615/101/15
f 615/101/15 535/15/15 609/94/187
f 622/108/198 608/93/242 593/77/240
f 593/77/240 615/101/15 622/108/198
f 577/57/155 576/56/237 599/83/177
f 599/83/177 594/78/172 577/57/155
f 576/56/237 619/105/195 621/107/197
f 621/107/197 599/83/177 576/56/237
f 621/107/197 619/105/195 595/79/241
f 595/79/241 579/59/238 621/107/197
f 625/1/1 626/2/2 627/3/3
f 627/3/3 628/4/4 625/1/1
f 629/5/5 630/6/6 631/7/7
f 631/7/7 632/8/8 629/5/5
f 633/9/9 634/10/10 635/11/11
f 635/11/11 636/12/201 633/9/9
f 637/13/13 638/14/14 639/15/15
f 639/15/15 640/16/16 637/13/13
f 641/17/17 642/18/18 643/19/19
f 643/19/19 644/20/20 641/17/17
f 645/21/21 646/22/22 647/23/23
f 647/23/23 648/24/24 645/21/21
f 649/25/202 650/26/26 651/27/27
f 651/27/27 652/28/28 649/25/202
f 653/29/29 654/30/30 655/31/31
f 655/31/31 656/32/32 653/29/29
f 657/33/33 658/34/34 659/35/35
f 659/35/35 660/36/36 657/33/33
f 661/37/37 662/38/38 663/39/39
f 663/39/39 664/40/40 661/37/37
f 665/41/41 666/42/42 667/43/43
f 667/43/43 668/44/44 665/41/41
f 669/45/45 670/46/46 671/47/47
f 671/47/47 672/48/48 669/45/45
f 673/49/49 674/50/50 675/51/51
f 675/51/51 676/52/52 673/49/49
f 663/39/39 662/38/38 677/53/16
f 677/53/16 678/54/53 663/39/39
f 666/42/42 679/55/54 638/14/14
f 638/14/14 667/43/43 666/42/42
f 671/47/47 670/46/46 680/56/55
f 680/56/55 681/57/56 671/47/47
f 674/50/50 682/58/57 683/59/58
f 683/59/58 675/51/51 674/50/50
f 636/60/201 635/61/11 684/62/59
f 684/62/59 685/63/60 636/60/201
f 664/40/40 641/17/17 644/20/20
f 644/20/20 686/64/244 664/40/40
f 687/65/62 657/66/33 629/5/5
f 629/5/5 632/8/8 687/65/62
f 672/48/48 653/29/29 656/32/32
f 656/32/32 688/67/63 672/48/48
f 648/24/24 689/68/64 668/44/44
f 668/44/44 645/21/21 648/24/24
f 644/20/20 690/69/65 627/3/3
f 627/3/3 686/64/244 644/20/20
f 652/28/28 660/70/36 676/52/52
f 676/52/52 649/25/202 652/28/28
f 656/32/32 691/71/66 692/72/67
f 692/72/67 688/67/63 656/32/32
f 641/17/17 664/40/40 663/39/39
f 663/39/39 693/73/68 641/17/17
f 645/21/21 668/44/44 667/43/43
f 667/43/43 694/74/69 645/21/21
f 653/29/29 672/48/48 671/47/47
f 671/47/47 695/75/70 653/29/29
f 649/25/202 676/52/52 675/51/51
f 675/51/51 696/76/71 649/25/202
f 693/73/68 663/39/39 678/54/53
f 678/54/53 697/77/72 693/73/68
f 694/74/69 667/43/43 638/14/14
f 638/14/14 637/13/13 694/74/69
f 695/75/70 671/47/47 681/57/56
f 681/57/56 698/78/73 695/75/70
f 696/76/71 675/51/51 683/59/58
f 683/59/58 699/79/74 696/76/71
f 700/80/75 691/71/66 701/81/76
f 701/81/76 702/82/77 700/80/75
f 698/78/73 703/83/78 704/84/79
f 704/84/79 705/85/80 698/78/73
f 676/52/52 660/70/36 659/86/35
f 659/86/35 673/49/49 676/52/52
f 665/41/41 706/87/81 655/31/31
f 655/31/31 654/30/30 665/41/41
f 707/88/82 708/89/83 658/34/34
f 658/34/34 709/90/84 707/88/82
f 654/30/30 653/29/29 695/75/70
f 695/75/70 710/91/42 654/30/30
f 642/18/18 711/92/85 674/50/50
f 674/50/50 673/49/49 642/18/18
f 695/75/70 698/78/73 705/85/80
f 705/85/80 710/91/42 695/75/70
f 711/92/85 712/93/86 682/58/57
f 682/58/57 674/50/50 711/92/85
f 702/82/77 701/81/76 634/10/10
f 634/10/10 633/9/9 702/82/77
f 705/85/80 704/84/79 713/94/87
f 713/94/87 679/55/54 705/85/80
f 673/49/49 659/86/35 643/19/19
f 643/19/19 642/18/18 673/49/49
f 654/30/30 710/91/42 666/42/42
f 666/42/42 665/41/41 654/30/30
f 710/91/42 705/85/80 679/55/54
f 679/55/54 666/42/42 710/91/42
f 668/44/44 689/68/64 706/87/81
f 706/87/81 665/41/41 668/44/44
f 714/95/88 690/96/65 708/89/83
f 708/89/83 707/88/82 714/95/88
f 642/18/18 641/17/17 693/73/68
f 693/73/68 711/92/85 642/18/18
f 693/73/68 697/77/72 712/93/86
f 712/93/86 711/92/85 693/73/68
f 715/97/89 716/98/90 626/2/2
f 626/2/2 625/1/1 715/97/89
f 651/27/27 717/99/91 718/100/92
f 718/100/92 630/6/6 651/27/27
f 678/54/53 677/53/16 719/101/15
f 719/101/15 697/77/72 678/54/53
f 664/40/40 686/64/244 720/102/93
f 720/102/93 661/37/37 664/40/40
f 669/45/45 717/99/91 651/27/27
f 651/27/27 650/26/26 669/45/45
f 646/22/22 721/103/38 662/38/38
f 662/38/38 661/37/37 646/22/22
f 650/26/26 649/25/202 696/76/71
f 696/76/71 722/104/94 650/26/26
f 721/103/38 640/16/16 677/53/16
f 677/53/16 662/38/38 721/103/38
f 696/76/71 699/79/74 723/105/95
f 723/105/95 722/104/94 696/76/71
f 682/58/57 724/106/96 725/107/97
f 725/107/97 683/59/58 682/58/57
f 682/58/57 712/93/86 726/108/98
f 726/108/98 724/106/96 682/58/57
f 677/53/16 640/16/16 639/15/15
f 639/15/15 719/101/15 677/53/16
f 661/37/37 720/102/93 647/23/23
f 647/23/23 646/22/22 661/37/37
f 650/26/26 722/104/94 670/46/46
f 670/46/46 669/45/45 650/26/26
f 722/104/94 723/105/95 680/56/55
f 680/56/55 670/46/46 722/104/94
f 724/106/96 704/84/79 703/83/78
f 703/83/78 725/107/97 724/106/96
f 704/84/79 724/106/96 726/108/98
f 726/108/98 713/94/87 704/84/79
f 715/97/89 685/63/60 684/62/59
f 684/62/59 716/98/90 715/97/89
f 717/99/91 688/67/63 692/72/67
f 692/72/67 718/100/92 717/99/91
f 672/48/48 688/67/63 717/99/91
f 717/99/91 669/45/45 672/48/48
f 646/22/22 645/21/21 694/74/69
f 694/74/69 721/103/38 646/22/22
f 694/74/69 637/13/13 640/16/16
f 640/16/16 721/103/38 694/74/69
f 626/2/2 720/102/93 686/64/244
f 686/64/244 627/3/3 626/2/2
f 652/28/28 651/27/27 630/6/6
f 630/6/6 629/5/5 652/28/28
f 706/109/81 689/110/64 635/11/11
f 635/11/11 634/10/10 706/109/81
f 687/111/62 709/90/84 658/34/34
f 658/34/34 657/33/33 687/111/62
f 689/68/64 648/24/24 684/62/59
f 684/62/59 635/61/11 689/68/64
f 660/70/36 652/28/28 629/5/5
f 629/5/5 657/66/33 660/70/36
f 714/112/88 628/4/4 627/3/3
f 627/3/3 690/69/65 714/112/88
f 700/80/75 727/113/99 692/72/67
f 692/72/67 691/71/66 700/80/75
f 656/32/32 655/114/31 701/81/76
f 701/81/76 691/71/66 656/32/32
f 643/115/19 659/35/35 658/34/34
f 658/34/34 708/89/83 643/115/19
f 655/114/31 706/109/81 634/10/10
f 634/10/10 701/81/76 655/114/31
f 644/116/20 643/115/19 708/89/83
f 708/89/83 690/96/65 644/116/20
f 647/23/23 720/102/93 626/2/2
f 626/2/2 716/98/90 647/23/23
f 728/117/100 631/7/7 630/6/6
f 630/6/6 718/100/92 728/117/100
f 648/24/24 647/23/23 716/98/90
f 716/98/90 684/62/59 648/24/24
f 727/113/99 728/117/100 718/100/92
f 718/100/92 692/72/67 727/113/99
f 679/55/54 713/94/87 639/15/15
f 639/15/15 638/14/14 679/55/54
f 713/94/87 726/108/98 719/101/15
f 719/101/15 639/15/15 713/94/87
f 726/108/98 712/93/86 697/77/72
f 697/77/72 719/101/15 726/108/98
f 681/57/56 680/56/55 703/83/78
f 703/83/78 698/78/73 681/57/56
f 680/56/55 723/105/95 725/107/97
f 725/107/97 703/83/78 680/56/55
f 725/107/97 723/105/95 699/79/74
f 699/79/74 683/59/58 725/107/97
f 729/1/101 730/2/102 731/3/103
f 731/3/103 732/4/104 729/1/101
f 733/5/105 734/6/106 735/7/107
f 735/7/107 736/8/108 733/5/105
f 737/9/109 738/10/110 739/11/111
f 739/11/111 740/12/112 737/9/109
f 741/13/113 742/14/114 743/15/15
f 743/15/15 744/16/115 741/13/113
f 745/17/116 746/18/117 747/19/118
f 747/19/118 748/20/119 745/17/116
f 749/21/205 750/22/121 751/23/122
f 751/23/122 752/24/123 749/21/205
f 753/25/124 754/26/125 755/27/126
f 755/27/126 756/28/206 753/25/124
f 757/29/128 758/30/129 759/31/130
f 759/31/130 760/32/131 757/29/128
f 761/33/132 762/34/133 763/35/134
f 763/35/134 764/36/135 761/33/132
f 765/37/136 766/38/137 767/39/138
f 767/39/138 768/40/139 765/37/136
f 769/41/140 770/42/141 771/43/142
f 771/43/142 772/44/143 769/41/140
f 773/45/144 774/46/145 775/47/146
f 775/47/146 776/48/147 773/45/144
f 777/49/148 778/50/149 779/51/209
f 779/51/209 780/52/151 777/49/148
f 767/39/138 766/38/137 781/53/115
f 781/53/115 782/54/152 767/39/138
f 770/42/141 783/55/153 742/14/114
f 742/14/114 771/43/142 770/42/141
f 775/47/146 774/46/145 784/56/154
f 784/56/154 785/57/155 775/47/146
f 778/50/149 786/58/156 787/59/210
f 787/59/210 779/51/209 778/50/149
f 740/60/112 739/61/111 788/62/158
f 788/62/158 789/63/159 740/60/112
f 768/40/139 745/17/116 748/20/119
f 748/20/119 790/64/160 768/40/139
f 791/65/161 761/66/132 733/5/105
f 733/5/105 736/8/108 791/65/161
f 776/48/147 757/29/128 760/32/131
f 760/32/131 792/67/162 776/48/147
f 752/24/123 793/68/163 772/44/143
f 772/44/143 749/21/205 752/24/123
f 748/20/119 794/69/164 731/3/103
f 731/3/103 790/64/160 748/20/119
f 756/28/206 764/70/135 780/52/151
f 780/52/151 753/25/124 756/28/206
f 760/32/131 795/71/165 796/72/166
f 796/72/166 792/67/162 760/32/131
f 745/17/116 768/40/139 767/39/138
f 767/39/138 797/73/167 745/17/116
f 749/21/205 772/44/143 771/43/142
f 771/43/142 798/74/168 749/21/205
f 757/29/128 776/48/147 775/47/146
f 775/47/146 799/75/169 757/29/128
f 753/25/124 780/52/151 779/51/209
f 779/51/209 800/76/170 753/25/124
f 797/73/167 767/39/138 782/54/152
f 782/54/152 801/77/171 797/73/167
f 798/74/168 771/43/142 742/14/114
f 742/14/114 741/13/113 798/74/168
f 799/75/169 775/47/146 785/57/155
f 785/57/155 802/78/172 799/75/169
f 800/76/170 779/51/209 787/59/210
f 787/59/210 803/79/211 800/76/170
f 804/80/174 795/71/165 805/81/175
f 805/81/175 806/82/176 804/80/174
f 802/78/172 807/83/177 808/84/178
f 808/84/178 809/85/179 802/78/172
f 780/52/151 764/70/135 763/86/134
f 763/86/134 777/49/148 780/52/151
f 769/41/140 810/87/180 759/31/130
f 759/31/130 758/30/129 769/41/140
f 811/88/181 812/89/182 762/34/133
f 762/34/133 813/90/183 811/88/181
f 758/30/129 757/29/128 799/75/169
f 799/75/169 814/91/184 758/30/129
f 746/18/117 815/92/185 778/50/149
f 778/50/149 777/49/148 746/18/117
f 799/75/169 802/78/172 809/85/179
f 809/85/179 814/91/184 799/75/169
f 815/92/185 816/93/186 786/58/156
f 786/58/156 778/50/149 815/92/185
f 806/82/176 805/81/175 738/10/110
f 738/10/110 737/9/109 806/82/176
f 809/85/179 808/84/178 817/94/187
f 817/94/187 783/55/153 809/85/179
f 777/49/148 763/86/134 747/19/118
f 747/19/118 746/18/117 777/49/148
f 758/30/129 814/91/184 770/42/141
f 770/42/141 769/41/140 758/30/129
f 814/91/184 809/85/179 783/55/153
f 783/55/153 770/42/141 814/91/184
f 772/44/143 793/68/163 810/87/180
f 810/87/180 769/41/140 772/44/143
f 818/95/188 794/96/164 812/89/182
f 812/89/182 811/88/181 818/95/188
f 746/18/117 745/17/116 797/73/167
f 797/73/167 815/92/185 746/18/117
f 797/73/167 801/77/171 816/93/186
f 816/93/186 815/92/185 797/73/167
f 819/97/189 820/98/190 730/2/102
f 730/2/102 729/1/101 819/97/189
f 755/27/126 821/99/191 822/100/192
f 822/100/192 734/6/106 755/27/126
f 782/54/152 781/53/115 823/101/15
f 823/101/15 801/77/171 782/54/152
f 768/40/139 790/64/160 824/102/193
f 824/102/193 765/37/136 768/40/139
f 773/45/144 821/99/191 755/27/126
f 755/27/126 754/26/125 773/45/144
f 750/22/121 825/103/137 766/38/137
f 766/38/137 765/37/136 750/22/121
f 754/26/125 753/25/124 800/76/170
f 800/76/170 826/104/194 754/26/125
f 825/103/137 744/16/115 781/53/115
f 781/53/115 766/38/137 825/103/137
f 800/76/170 803/79/211 827/105/195
f 827/105/195 826/104/194 800/76/170
f 786/58/156 828/106/196 829/107/197
f 829/107/197 787/59/210 786/58/156
f 786/58/156 816/93/186 830/108/198
f 830/108/198 828/106/196 786/58/156
f 781/53/115 744/16/115 743/15/15
f 743/15/15 823/101/15 781/53/115
f 765/37/136 824/102/193 751/23/122
f 751/23/122 750/22/121 765/37/136
f 754/26/125 826/104/194 774/46/145
f 774/46/145 773/45/144 754/26/125
f 826/104/194 827/105/195 784/56/154
f 784/56/154 774/46/145 826/104/194
f 828/106/196 808/84/178 807/83/177
f 807/83/177 829/107/197 828/106/196
f 808/84/178 828/106/196 830/108/198
f 830/108/198 817/94/187 808/84/178
f 819/97/189 789/63/159 788/62/158
f 788/62/158 820/98/190 819/97/189
f 821/99/191 792/67/162 796/72/166
f 796/72/166 822/100/192 821/99/191
f 776/48/147 792/67/162 821/99/191
f 821/99/191 773/45/144 776/48/147
f 750/22/121 749/21/205 798/74/168
f 798/74/168 825/103/137 750/22/121
f 798/74/168 741/13/113 744/16/115
f 744/16/115 825/103/137 798/74/168
f 730/2/102 824/102/193 790/64/160
f 790/64/160 731/3/103 730/2/102
f 756/28/206 755/27/126 734/6/106
f 734/6/106 733/5/105 756/28/206
f 810/109/180 793/110/163 739/11/111
f 739/11/111 738/10/110 810/109/180
f 791/111/161 813/90/183 762/34/133
f 762/34/133 761/33/132 791/111/161
f 793/68/163 752/24/123 788/62/158
f 788/62/158 739/61/111 793/68/163
f 764/70/135 756/28/206 733/5/105
f 733/5/105 761/66/132 764/70/135
f 818/112/188 732/4/104 731/3/103
f 731/3/103 794/69/164 818/112/188
f 804/80/174 831/113/199 796/72/166
f 796/72/166 795/71/165 804/80/174
f 760/32/131 759/114/130 805/81/175
f 805/81/175 795/71/165 760/32/131
f 747/115/118 763/35/134 762/34/133
f 762/34/133 812/89/182 747/115/118
f 759/114/130 810/109/180 738/10/110
f 738/10/110 805/81/175 759/114/130
f 748/116/119 747/115/118 812/89/182
f 812/89/182 794/96/164 748/116/119
f 751/23/122 824/102/193 730/2/102
f 730/2/102 820/98/190 751/23/122
f 832/117/200 735/7/107 734/6/106
f 734/6/106 822/100/192 832/117/200
f 752/24/123 751/23/122 820/98/190
f 820/98/190 788/62/158 752/24/123
f 831/113/199 832/117/200 822/100/192
f 822/100/192 796/72/166 831/113/199
f 783/55/153 817/94/187 743/15/15
f 743/15/15 742/14/114 783/55/153
f 817/94/187 830/108/198 823/101/15
f 823/101/15 743/15/15 817/94/187
f 830/108/198 816/93/186 801/77/171
f 801/77/171 823/101/15 830/108/198
f 785/57/155 784/56/154 807/83/177
f 807/83/177 802/78/172 785/57/155
f 784/56/154 827/105/195 829/107/197
f 829/107/197 807/83/177 784/56/154
f 829/107/197 827/105/195 803/79/211
f 803/79/211 787/59/210 829/107/197
f 833/1/1 834/2/2 835/3/214
f 835/3/214 836/4/4 833/1/1
f 837/5/5 838/6/6 839/7/7
f 839/7/7 840/8/8 837/5/5
f 841/9/9 842/10/10 843/11/11
f 843/11/11 844/12/201 841/9/9
f 845/13/13 846/14/14 847/15/15
f 847/15/15 848/16/16 845/13/13
f 849/17/17 850/18/18 851/19/19
f 851/19/19 852/20/20 849/17/17
f 853/21/21 854/22/22 855/23/23
f 855/23/23 856/24/24 853/21/21
f 857/25/25 858/26/26 859/27/27
f 859/27/27 860/28/28 857/25/25
f 861/29/29 862/30/30 863/31/31
f 863/31/31 864/32/32 861/29/29
f 865/33/33 866/34/34 867/35/35
f 867/35/35 868/36/36 865/33/33
f 869/37/37 870/38/38 871/39/39
f 871/39/39 872/40/40 869/37/37
f 873/41/41 874/42/42 875/43/43
f 875/43/43 876/44/44 873/41/41
f 877/45/45 878/46/46 879/47/47
f 879/47/47 880/48/48 877/45/45
f 881/49/49 882/50/50 883/51/51
f 883/51/51 884/52/52 881/49/49
f 871/39/39 870/38/38 885/53/16
f 885/53/16 886/54/53 871/39/39
f 874/42/42 887/55/54 846/14/14
f 846/14/14 875/43/43 874/42/42
f 879/47/47 878/46/46 888/56/55
f 888/56/55 889/57/56 879/47/47
f 882/50/50 890/58/57 891/59/58
f 891/59/58 883/51/51 882/50/50
f 844/60/201 843/61/11 892/62/59
f 892/62/59 893/63/60 844/60/201
f 872/40/40 849/17/17 852/20/20
f 852/20/20 894/64/244 872/40/40
f 895/65/203 865/66/33 837/5/5
f 837/5/5 840/8/8 895/65/203
f 880/48/48 861/29/29 864/32/32
f 864/32/32 896/67/245 880/48/48
f 856/24/24 897/68/64 876/44/44
f 876/44/44 853/21/21 856/24/24
f 852/20/20 898/69/65 835/3/214
f 835/3/214 894/64/244 852/20/20
f 860/28/28 868/70/36 884/52/52
f 884/52/52 857/25/25 860/28/28
f 864/32/32 899/71/66 900/72/67
f 900/72/67 896/67/245 864/32/32
f 849/17/17 872/40/40 871/39/39
f 871/39/39 901/73/68 849/17/17
f 853/21/21 876/44/44 875/43/43
f 875/43/43 902/74/69 853/21/21
f 861/29/29 880/48/48 879/47/47
f 879/47/47 903/75/70 861/29/29
f 857/25/25 884/52/52 883/51/51
f 883/51/51 904/76/71 857/25/25
f 901/73/68 871/39/39 886/54/53
f 886/54/53 905/77/72 901/73/68
f 902/74/69 875/43/43 846/14/14
f 846/14/14 845/13/13 902/74/69
f 903/75/70 879/47/47 889/57/56
f 889/57/56 906/78/73 903/75/70
f 904/76/71 883/51/51 891/59/58
f 891/59/58 907/79/74 904/76/71
f 908/80/75 899/71/66 909/81/76
f 909/81/76 910/82/77 908/80/75
f 906/78/73 911/83/78 912/84/79
f 912/84/79 913/85/80 906/78/73
f 884/52/52 868/70/36 867/86/35
f 867/86/35 881/49/49 884/52/52
f 873/41/41 914/87/81 863/31/31
f 863/31/31 862/30/30 873/41/41
f 915/88/204 916/89/83 866/34/34
f 866/34/34 917/90/84 915/88/204
f 862/30/30 861/29/29 903/75/70
f 903/75/70 918/91/42 862/30/30
f 850/18/18 919/92/85 882/50/50
f 882/50/50 881/49/49 850/18/18
f 903/75/70 906/78/73 913/85/80
f 913/85/80 918/91/42 903/75/70
f 919/92/85 920/93/86 890/58/57
f 890/58/57 882/50/50 919/92/85
f 910/82/77 909/81/76 842/10/10
f 842/10/10 841/9/9 910/82/77
f 913/85/80 912/84/79 921/94/87
f 921/94/87 887/55/54 913/85/80
f 881/49/49 867/86/35 851/19/19
f 851/19/19 850/18/18 881/49/49
f 862/30/30 918/91/42 874/42/42
f 874/42/42 873/41/41 862/30/30
f 918/91/42 913/85/80 887/55/54
f 887/55/54 874/42/42 918/91/42
f 876/44/44 897/68/64 914/87/81
f 914/87/81 873/41/41 876/44/44
f 922/95/88 898/96/65 916/89/83
f 916/89/83 915/88/204 922/95/88
f 850/18/18 849/17/17 901/73/68
f 901/73/68 919/92/85 850/18/18
f 901/73/68 905/77/72 920/93/86
f 920/93/86 919/92/85 901/73/68
f 923/97/89 924/98/90 834/2/2
f 834/2/2 833/1/1 923/97/89
f 859/27/27 925/99/91 926/100/92
f 926/100/92 838/6/6 859/27/27
f 886/54/53 885/53/16 927/101/15
f 927/101/15 905/77/72 886/54/53
f 872/40/40 894/64/244 928/102/93
f 928/102/93 869/37/37 872/40/40
f 877/45/45 925/99/91 859/27/27
f 859/27/27 858/26/26 877/45/45
f 854/22/22 929/103/38 870/38/38
f 870/38/38 869/37/37 854/22/22
f 858/26/26 857/25/25 904/76/71
f 904/76/71 930/104/94 858/26/26
f 929/103/38 848/16/16 885/53/16
f 885/53/16 870/38/38 929/103/38
f 904/76/71 907/79/74 931/105/95
f 931/105/95 930/104/94 904/76/71
f 890/58/57 932/106/96 933/107/97
f 933/107/97 891/59/58 890/58/57
f 890/58/57 920/93/86 934/108/98
f 934/108/98 932/106/96 890/58/57
f 885/53/16 848/16/16 847/15/15
f 847/15/15 927/101/15 885/53/16
f 869/37/37 928/102/93 855/23/23
f 855/23/23 854/22/22 869/37/37
f 858/26/26 930/104/94 878/46/46
f 878/46/46 877/45/45 858/26/26
f 930/104/94 931/105/95 888/56/55
f 888/56/55 878/46/46 930/104/94
f 932/106/96 912/84/79 911/83/78
f 911/83/78 933/107/97 932/106/96
f 912/84/79 932/106/96 934/108/98
f 934/108/98 921/94/87 912/84/79
f 923/97/89 893/63/60 892/62/59
f 892/62/59 924/98/90 923/97/89
f 925/99/91 896/67/245 900/72/67
f 900/72/67 926/100/92 925/99/91
f 880/48/48 896/67/245 925/99/91
f 925/99/91 877/45/45 880/48/48
f 854/22/22 853/21/21 902/74/69
f 902/74/69 929/103/38 854/22/22
f 902/74/69 845/13/13 848/16/16
f 848/16/16 929/103/38 902/74/69
f 834/2/2 928/102/93 894/64/244
f 894/64/244 835/3/214 834/2/2
f 860/28/28 859/27/27 838/6/6
f 838/6/6 837/5/5 860/28/28
f 914/109/81 897/110/64 843/11/11
f 843/11/11 842/10/10 914/109/81
f 895/111/203 917/90/84 866/34/34
f 866/34/34 865/33/33 895/111/203
f 897/68/64 856/24/24 892/62/59
f 892/62/59 843/61/11 897/68/64
f 868/70/36 860/28/28 837/5/5
f 837/5/5 865/66/33 868/70/36
f 922/112/88 836/4/4 835/3/214
f 835/3/214 898/69/65 922/112/88
f 908/80/75 935/113/99 900/72/67
f 900/72/67 899/71/66 908/80/75
f 864/32/32 863/114/31 909/81/76
f 909/81/76 899/71/66 864/32/32
f 851/115/19 867/35/35 866/34/34
f 866/34/34 916/89/83 851/115/19
f 863/114/31 914/109/81 842/10/10
f 842/10/10 909/81/76 863/114/31
f 852/116/20 851/115/19 916/89/83
f 916/89/83 898/96/65 852/116/20
f 855/23/23 928/102/93 834/2/2
f 834/2/2 924/98/90 855/23/23
f 936/117/100 839/7/7 838/6/6
f 838/6/6 926/100/92 936/117/100
f 856/24/24 855/23/23 924/98/90
f 924/98/90 892/62/59 856/24/24
f 935/113/99 936/117/100 926/100/92
f 926/100/92 900/72/67 935/113/99
f 887/55/54 921/94/87 847/15/15
f 847/15/15 846/14/14 887/55/54
f 921/94/87 934/108/98 927/101/15
f 927/101/15 847/15/15 921/94/87
f 934/108/98 920/93/86 905/77/72
f 905/77/72 927/101/15 934/108/98
f 889/57/56 888/56/55 911/83/78
f 911/83/78 906/78/73 889/57/56
f 888/56/55 931/105/95 933/107/97
f 933/107/97 911/83/78 888/56/55
f 933/107/97 931/105/95 907/79/74
f 907/79/74 891/59/58 933/107/97
f 937/1/101 938/2/102 939/3/103
f 939/3/103 940/4/228 937/1/101
f 941/5/105 942/6/106 943/7/107
f 943/7/107 944/8/108 941/5/105
f 945/9/109 946/10/110 947/11/111
f 947/11/111 948/12/112 945/9/109
f 949/13/113 950/14/114 951/15/15
f 951/15/15 952/16/115 949/13/113
f 953/17/116 954/18/117 955/19/118
f 955/19/118 956/20/119 953/17/116
f 957/21/205 958/22/121 959/23/122
f 959/23/122 960/24/123 957/21/205
f 961/25/124 962/26/125 963/27/126
f 963/27/126 964/28/127 961/25/124
f 965/29/128 966/30/129 967/31/130
f 967/31/130 968/32/131 965/29/128
f 969/33/132 970/34/133 971/35/207
f 971/35/207 972/36/135 969/33/132
f 973/37/136 974/38/137 975/39/138
f 975/39/138 976/40/139 973/37/136
f 977/41/140 978/42/141 979/43/142
f 979/43/142 980/44/143 977/41/140
f 981/45/144 982/46/145 983/47/146
f 983/47/146 984/48/147 981/45/144
f 985/49/148 986/50/149 987/51/209
f 987/51/209 988/52/151 985/49/148
f 975/39/138 974/38/137 989/53/115
f 989/53/115 990/54/152 975/39/138
f 978/42/141 991/55/153 950/14/114
f 950/14/114 979/43/142 978/42/141
f 983/47/146 982/46/145 992/56/154
f 992/56/154 993/57/155 983/47/146
f 986/50/149 994/58/156 995/59/210
f 995/59/210 987/51/209 986/50/149
f 948/60/112 947/61/111 996/62/158
f 996/62/158 997/63/159 948/60/112
f 976/40/139 953/17/116 956/20/119
f 956/20/119 998/64/160 976/40/139
f 999/65/161 969/66/132 941/5/105
f 941/5/105 944/8/108 999/65/161
f 984/48/147 965/29/128 968/32/131
f 968/32/131 1000/67/162 984/48/147
f 960/24/123 1001/68/163 980/44/143
f 980/44/143 957/21/205 960/24/123
f 956/20/119 1002/69/164 939/3/103
f 939/3/103 998/64/160 956/20/119
f 964/28/127 972/70/135 988/52/151
f 988/52/151 961/25/124 964/28/127
f 968/32/131 1003/71/165 1004/72/166
f 1004/72/166 1000/67/162 968/32/131
f 953/17/116 976/40/139 975/39/138
f 975/39/138 1005/73/167 953/17/116
f 957/21/205 980/44/143 979/43/142
f 979/43/142 1006/74/168 957/21/205
f 965/29/128 984/48/147 983/47/146
f 983/47/146 1007/75/169 965/29/128
f 961/25/124 988/52/151 987/51/209
f 987/51/209 1008/76/170 961/25/124
f 1005/73/167 975/39/138 990/54/152
f 990/54/152 1009/77/171 1005/73/167
f 1006/74/168 979/43/142 950/14/114
f 950/14/114 949/13/113 1006/74/168
f 1007/75/169 983/47/146 993/57/155
f 993/57/155 1010/78/172 1007/75/169
f 1008/76/170 987/51/209 995/59/210
f 995/59/210 1011/79/211 1008/76/170
f 1012/80/174 1003/71/165 1013/81/175
f 1013/81/175 1014/82/176 1012/80/174
f 1010/78/172 1015/83/177 1016/84/178
f 1016/84/178 1017/85/179 1010/78/172
f 988/52/151 972/70/135 971/86/207
f 971/86/207 985/49/148 988/52/151
f 977/41/140 1018/87/180 967/31/130
f 967/31/130 966/30/129 977/41/140
f 1019/88/212 1020/89/182 970/34/133
f 970/34/133 1021/90/213 1019/88/212
f 966/30/129 965/29/128 1007/75/169
f 1007/75/169 1022/91/184 966/30/129
f 954/18/117 1023/92/185 986/50/149
f 986/50/149 985/49/148 954/18/117
f 1007/75/169 1010/78/172 1017/85/179
f 1017/85/179 1022/91/184 1007/75/169
f 1023/92/185 1024/93/186 994/58/156
f 994/58/156 986/50/149 1023/92/185
f 1014/82/176 1013/81/175 946/10/110
f 946/10/110 945/9/109 1014/82/176
f 1017/85/179 1016/84/178 1025/94/187
f 1025/94/187 991/55/153 1017/85/179
f 985/49/148 971/86/207 955/19/118
f 955/19/118 954/18/117 985/49/148
f 966/30/129 1022/91/184 978/42/141
f 978/42/141 977/41/140 966/30/129
f 1022/91/184 1017/85/179 991/55/153
f 991/55/153 978/42/141 1022/91/184
f 980/44/143 1001/68/163 1018/87/180
f 1018/87/180 977/41/140 980/44/143
f 1026/95/188 1002/96/164 1020/89/182
f 1020/89/182 1019/88/212 1026/95/188
f 954/18/117 953/17/116 1005/73/167
f 1005/73/167 1023/92/185 954/18/117
f 1005/73/167 1009/77/171 1024/93/186
f 1024/93/186 1023/92/185 1005/73/167
f 1027/97/189 1028/98/190 938/2/102
f 938/2/102 937/1/101 1027/97/189
f 963/27/126 1029/99/191 1030/100/192
f 1030/100/192 942/6/106 963/27/126
f 990/54/152 989/53/115 1031/101/15
f 1031/101/15 1009/77/171 990/54/152
f 976/40/139 998/64/160 1032/102/193
f 1032/102/193 973/37/136 976/40/139
f 981/45/144 1029/99/191 963/27/126
f 963/27/126 962/26/125 981/45/144
f 958/22/121 1033/103/137 974/38/137
f 974/38/137 973/37/136 958/22/121
f 962/26/125 961/25/124 1008/76/170
f 1008/76/170 1034/104/194 962/26/125
f 1033/103/137 952/16/115 989/53/115
f 989/53/115 974/38/137 1033/103/137
f 1008/76/170 1011/79/211 1035/105/195
f 1035/105/195 1034/104/194 1008/76/170
f 994/58/156 1036/106/196 1037/107/197
f 1037/107/197 995/59/210 994/58/156
f 994/58/156 1024/93/186 1038/108/198
f 1038/108/198 1036/106/196 994/58/156
f 989/53/115 952/16/115 951/15/15
f 951/15/15 1031/101/15 989/53/115
f 973/37/136 1032/102/193 959/23/122
f 959/23/122 958/22/121 973/37/136
f 962/26/125 1034/104/194 982/46/145
f 982/46/145 981/45/144 962/26/125
f 1034/104/194 1035/105/195 992/56/154
f 992/56/154 982/46/145 1034/104/194
f 1036/106/196 1016/84/178 1015/83/177
f 1015/83/177 1037/107/197 1036/106/196
f 1016/84/178 1036/106/196 1038/108/198
f 1038/108/198 1025/94/187 1016/84/178
f 1027/97/189 997/63/159 996/62/158
f 996/62/158 1028/98/190 1027/97/189
f 1029/99/191 1000/67/162 1004/72/166
f 1004/72/166 1030/100/192 1029/99/191
f 984/48/147 1000/67/162 1029/99/191
f 1029/99/191 981/45/144 984/48/147
f 958/22/121 957/21/205 1006/74/168
f 1006/74/168 1033/103/137 958/22/121
f 1006/74/168 949/13/113 952/16/115
f 952/16/115 1033/103/137 1006/74/168
f 938/2/102 1032/102/193 998/64/160
f 998/64/160 939/3/103 938/2/102
f 964/28/127 963/27/126 942/6/106
f 942/6/106 941/5/105 964/28/127
f 1018/109/180 1001/110/163 947/11/111
f 947/11/111 946/10/110 1018/109/180
f 999/111/161 1021/90/213 970/34/133
f 970/34/133 969/33/132 999/111/161
f 1001/68/163 960/24/123 996/62/158
f 996/62/158 947/61/111 1001/68/163
f 972/70/135 964/28/127 941/5/105
f 941/5/105 969/66/132 972/70/135
f 1026/112/188 940/4/228 939/3/103
f 939/3/103 1002/69/164 1026/112/188
f 1012/80/174 1039/113/199 1004/72/166
f 1004/72/166 1003/71/165 1012/80/174
f 968/32/131 967/114/130 1013/81/175
f 1013/81/175 1003/71/165 968/32/131
f 955/115/118 971/35/207 970/34/133
f 970/34/133 1020/89/182 955/115/118
f 967/114/130 1018/109/180 946/10/110
f 946/10/110 1013/81/175 967/114/130
f 956/116/119 955/115/118 1020/89/182
f 1020/89/182 1002/96/164 956/116/119
f 959/23/122 1032/102/193 938/2/102
f 938/2/102 1028/98/190 959/23/122
f 1040/117/200 943/7/107 942/6/106
f 942/6/106 1030/100/192 1040/117/200
f 960/24/123 959/23/122 1028/98/190
f 1028/98/190 996/62/158 960/24/123
f 1039/113/199 1040/117/200 1030/100/192
f 1030/100/192 1004/72/166 1039/113/199
f 991/55/153 1025/94/187 951/15/15
f 951/15/15 950/14/114 991/55/153
f 1025/94/187 1038/108/198 1031/101/15
f 1031/101/15 951/15/15 1025/94/187
f 1038/108/198 1024/93/186 1009/77/171
f 1009/77/171 1031/101/15 1038/108/198
f 993/57/155 992/56/154 1015/83/177
f 1015/83/177 1010/78/172 993/57/155
f 992/56/154 1035/105/195 1037/107/197
f 1037/107/197 1015/83/177 992/56/154
f 1037/107/197 1035/105/195 1011/79/211
f 1011/79/211 995/59/210 1037/107/197
f 1041/1/1 1042/2/2 1043/3/3
f 1043/3/3 1044/4/4 1041/1/1
f 1045/5/5 1046/6/6 1047/7/7
f 1047/7/7 1048/8/8 1045/5/5
f 1049/9/9 1050/10/10 1051/11/11
f 1051/11/11 1052/12/12 1049/9/9
f 1053/13/13 1054/14/14 1055/15/15
f 1055/15/15 1056/16/16 1053/13/13
f 1057/17/17 1058/18/18 1059/19/19
f 1059/19/19 1060/20/20 1057/17/17
f 1061/21/21 1062/22/22 1063/23/23
f 1063/23/23 1064/24/24 1061/21/21
f 1065/25/25 1066/26/26 1067/27/27
f 1067/27/27 1068/28/28 1065/25/25
f 1069/29/29 1070/30/30 1071/31/31
f 1071/31/31 1072/32/32 1069/29/29
f 1073/33/33 1074/34/34 1075/35/35
f 1075/35/35 1076/36/36 1073/33/33
f 1077/37/37 1078/38/38 1079/39/39
f 1079/39/39 1080/40/40 1077/37/37
f 1081/41/41 1082/42/42 1083/43/43
f 1083/43/43 1084/44/44 1081/41/41
f 1085/45/45 1086/46/46 1087/47/47
f 1087/47/47 1088/48/48 1085/45/45
f 1089/49/49 1090/50/50 1091/51/51
f 1091/51/51 1092/52/52 1089/49/49
f 1079/39/39 1078/38/38 1093/53/16
f 1093/53/16 1094/54/53 1079/39/39
f 1082/42/42 1095/55/54 1054/14/14
f 1054/14/14 1083/43/43 1082/42/42
f 1087/47/47 1086/46/46 1096/56/55
f 1096/56/55 1097/57/56 1087/47/47
f 1090/50/50 1098/58/57 1099/59/58
f 1099/59/58 1091/51/51 1090/50/50
f 1052/60/12 1051/61/11 1100/62/59
f 1100/62/59 1101/63/60 1052/60/12
f 1080/40/40 1057/17/17 1060/20/20
f 1060/20/20 1102/64/244 1080/40/40
f 1103/65/62 1073/66/33 1045/5/5
f 1045/5/5 1048/8/8 1103/65/62
f 1088/48/48 1069/29/29 1072/32/32
f 1072/32/32 1104/67/63 1088/48/48
f 1064/24/24 1105/68/64 1084/44/44
f 1084/44/44 1061/21/21 1064/24/24
f 1060/20/20 1106/69/65 1043/3/3
f 1043/3/3 1102/64/244 1060/20/20
f 1068/28/28 1076/70/36 1092/52/52
f 1092/52/52 1065/25/25 1068/28/28
f 1072/32/32 1107/71/66 1108/72/67
f 1108/72/67 1104/67/63 1072/32/32
f 1057/17/17 1080/40/40 1079/39/39
f 1079/39/39 1109/73/68 1057/17/17
f 1061/21/21 1084/44/44 1083/43/43
f 1083/43/43 1110/74/69 1061/21/21
f 1069/29/29 1088/48/48 1087/47/47
f 1087/47/47 1111/75/70 1069/29/29
f 1065/25/25 1092/52/52 1091/51/51
f 1091/51/51 1112/76/71 1065/25/25
f 1109/73/68 1079/39/39 1094/54/53
f 1094/54/53 1113/77/72 1109/73/68
f 1110/74/69 1083/43/43 1054/14/14
f 1054/14/14 1053/13/13 1110/74/69
f 1111/75/70 1087/47/47 1097/57/56
f 1097/57/56 1114/78/73 1111/75/70
f 1112/76/71 1091/51/51 1099/59/58
f 1099/59/58 1115/79/74 1112/76/71
f 1116/80/75 1107/71/66 1117/81/76
f 1117/81/76 1118/82/77 1116/80/75
f 1114/78/73 1119/83/78 1120/84/79
f 1120/84/79 1121/85/80 1114/78/73
f 1092/52/52 1076/70/36 1075/86/35
f 1075/86/35 1089/49/49 1092/52/52
f 1081/41/41 1122/87/81 1071/31/31
f 1071/31/31 1070/30/30 1081/41/41
f 1123/88/82 1124/89/83 1074/34/34
f 1074/34/34 1125/90/84 1123/88/82
f 1070/30/30 1069/29/29 1111/75/70
f 1111/75/70 1126/91/42 1070/30/30
f 1058/18/18 1127/92/85 1090/50/50
f 1090/50/50 1089/49/49 1058/18/18
f 1111/75/70 1114/78/73 1121/85/80
f 1121/85/80 1126/91/42 1111/75/70
f 1127/92/85 1128/93/86 1098/58/57
f 1098/58/57 1090/50/50 1127/92/85
f 1118/82/77 1117/81/76 1050/10/10
f 1050/10/10 1049/9/9 1118/82/77
f 1121/85/80 1120/84/79 1129/94/87
f 1129/94/87 1095/55/54 1121/85/80
f 1089/49/49 1075/86/35 1059/19/19
f 1059/19/19 1058/18/18 1089/49/49
f 1070/30/30 1126/91/42 1082/42/42
f 1082/42/42 1081/41/41 1070/30/30
f 1126/91/42 1121/85/80 1095/55/54
f 1095/55/54 1082/42/42 1126/91/42
f 1084/44/44 1105/68/64 1122/87/81
f 1122/87/81 1081/41/41 1084/44/44
f 1130/95/88 1106/96/65 1124/89/83
f 1124/89/83 1123/88/82 1130/95/88
f 1058/18/18 1057/17/17 1109/73/68
f 1109/73/68 1127/92/85 1058/18/18
f 1109/73/68 1113/77/72 1128/93/86
f 1128/93/86 1127/92/85 1109/73/68
f 1131/97/89 1132/98/90 1042/2/2
f 1042/2/2 1041/1/1 1131/97/89
f 1067/27/27 1133/99/91 1134/100/92
f 1134/100/92 1046/6/6 1067/27/27
f 1094/54/53 1093/53/16 1135/101/15
f 1135/101/15 1113/77/72 1094/54/53
f 1080/40/40 1102/64/244 1136/102/93
f 1136/102/93 1077/37/37 1080/40/40
f 1085/45/45 1133/99/91 1067/27/27
f 1067/27/27 1066/26/26 1085/45/45
f 1062/22/22 1137/103/38 1078/38/38
f 1078/38/38 1077/37/37 1062/22/22
f 1066/26/26 1065/25/25 1112/76/71
f 1112/76/71 1138/104/94 1066/26/26
f 1137/103/38 1056/16/16 1093/53/16
f 1093/53/16 1078/38/38 1137/103/38
f 1112/76/71 1115/79/74 1139/105/95
f 1139/105/95 1138/104/94 1112/76/71
f 1098/58/57 1140/106/96 1141/107/97
f 1141/107/97 1099/59/58 1098/58/57
f 1098/58/57 1128/93/86 1142/108/98
f 1142/108/98 1140/106/96 1098/58/57
f 1093/53/16 1056/16/16 1055/15/15
f 1055/15/15 1135/101/15 1093/53/16
f 1077/37/37 1136/102/93 1063/23/23
f 1063/23/23 1062/22/22 1077/37/37
f 1066/26/26 1138/104/94 1086/46/46
f 1086/46/46 1085/45/45 1066/26/26
f 1138/104/94 1139/105/95 1096/56/55
f 1096/56/55 1086/46/46 1138/104/94
f 1140/106/96 1120/84/79 1119/83/78
f 1119/83/78 1141/107/97 1140/106/96
f 1120/84/79 1140/106/96 1142/108/98
f 1142/108/98 1129/94/87 1120/84/79
f 1131/97/89 1101/63/60 1100/62/59
f 1100/62/59 1132/98/90 1131/97/89
f 1133/99/91 1104/67/63 1108/72/67
f 1108/72/67 1134/100/92 1133/99/91
f 1088/48/48 1104/67/63 1133/99/91
f 1133/99/91 1085/45/45 1088/48/48
f 1062/22/22 1061/21/21 1110/74/69
f 1110/74/69 1137/103/38 1062/22/22
f 1110/74/69 1053/13/13 1056/16/16
f 1056/16/16 1137/103/38 1110/74/69
f 1042/2/2 1136/102/93 1102/64/244
f 1102/64/244 1043/3/3 1042/2/2
f 1068/28/28 1067/27/27 1046/6/6
f 1046/6/6 1045/5/5 1068/28/28
f 1122/109/81 1105/110/64 1051/11/11
f 1051/11/11 1050/10/10 1122/109/81
f 1103/111/62 1125/90/84 1074/34/34
f 1074/34/34 1073/33/33 1103/111/62
f 1105/68/64 1064/24/24 1100/62/59
f 1100/62/59 1051/61/11 1105/68/64
f 1076/70/36 1068/28/28 1045/5/5
f 1045/5/5 1073/66/33 1076/70/36
f 1130/112/88 1044/4/4 1043/3/3
f 1043/3/3 1106/69/65 1130/112/88
f 1116/80/75 1143/113/99 1108/72/67
f 1108/72/67 1107/71/66 1116/80/75
f 1072/32/32 1071/114/31 1117/81/76
f 1117/81/76 1107/71/66 1072/32/32
f 1059/115/19 1075/35/35 1074/34/34
f 1074/34/34 1124/89/83 1059/115/19
f 1071/114/31 1122/109/81 1050/10/10
f 1050/10/10 1117/81/76 1071/114/31
f 1060/116/20 1059/115/19 1124/89/83
f 1124/89/83 1106/96/65 1060/116/20
f 1063/23/23 1136/102/93 1042/2/2
f 1042/2/2 1132/98/90 1063/23/23
f 1144/117/100 1047/7/7 1046/6/6
f 1046/6/6 1134/100/92 1144/117/100
f 1064/24/24 1063/23/23 1132/98/90
f 1132/98/90 1100/62/59 1064/24/24
f 1143/113/99 1144/117/100 1134/100/92
f 1134/100/92 1108/72/67 1143/113/99
f 1095/55/54 1129/94/87 1055/15/15
f 1055/15/15 1054/14/14 1095/55/54
f 1129/94/87 1142/108/98 1135/101/15
f 1135/101/15 1055/15/15 1129/94/87
f 1142/108/98 1128/93/86 1113/77/72
f 1113/77/72 1135/101/15 1142/108/98
f 1097/57/56 1096/56/55 1119/83/78
f 1119/83/78 1114/78/73 1097/57/56
f 1096/56/55 1139/105/95 1141/107/97
f 1141/107/97 1119/83/78 1096/56/55
f 1141/107/97 1139/105/95 1115/79/74
f 1115/79/74 1099/59/58 1141/107/97
f 1145/1/101 1146/2/102 1147/3/103
f 1147/3/103 1148/4/104 1145/1/101
f 1149/5/105 1150/6/106 1151/7/107
f 1151/7/107 1152/8/108 1149/5/105
f 1153/9/109 1154/10/110 1155/11/111
f 1155/11/111 1156/12/112 1153/9/109
f 1157/13/113 1158/14/114 1159/15/15
f 1159/15/15 1160/16/115 1157/13/113
f 1161/17/116 1162/18/117 1163/19/118
f 1163/19/118 1164/20/119 1161/17/116
f 1165/21/205 1166/22/121 1167/23/122
f 1167/23/122 1168/24/123 1165/21/205
f 1169/25/124 1170/26/125 1171/27/126
f 1171/27/126 1172/28/206 1169/25/124
f 1173/29/128 1174/30/129 1175/31/130
f 1175/31/130 1176/32/131 1173/29/128
f 1177/33/132 1178/34/133 1179/35/207
f 1179/35/207 1180/36/135 1177/33/132
f 1181/37/136 1182/38/137 1183/39/138
f 1183/39/138 1184/40/139 1181/37/136
f 1185/41/140 1186/42/141 1187/43/142
f 1187/43/142 1188/44/143 1185/41/140
f 1189/45/144 1190/46/145 1191/47/146
f 1191/47/146 1192/48/147 1189/45/144
f 1193/49/148 1194/50/149 1195/51/209
f 1195/51/209 1196/52/151 1193/49/148
f 1183/39/138 1182/38/137 1197/53/115
f 1197/53/115 1198/54/152 1183/39/138
f 1186/42/141 1199/55/153 1158/14/114
f 1158/14/114 1187/43/142 1186/42/141
f 1191/47/146 1190/46/145 1200/56/154
f 1200/56/154 1201/57/155 1191/47/146
f 1194/50/149 1202/58/156 1203/59/210
f 1203/59/210 1195/51/209 1194/50/149
f 1156/60/112 1155/61/111 1204/62/158
f 1204/62/158 1205/63/159 1156/60/112
f 1184/40/139 1161/17/116 1164/20/119
f 1164/20/119 1206/64/160 1184/40/139
f 1207/65/161 1177/66/132 1149/5/105
f 1149/5/105 1152/8/108 1207/65/161
f 1192/48/147 1173/29/128 1176/32/131
f 1176/32/131 1208/67/162 1192/48/147
f 1168/24/123 1209/68/163 1188/44/143
f 1188/44/143 1165/21/205 1168/24/123
f 1164/20/119 1210/69/164 1147/3/103
f 1147/3/103 1206/64/160 1164/20/119
f 1172/28/206 1180/70/135 1196/52/151
f 1196/52/151 1169/25/124 1172/28/206
f 1176/32/131 1211/71/165 1212/72/166
f 1212/72/166 1208/67/162 1176/32/131
f 1161/17/116 1184/40/139 1183/39/138
f 1183/39/138 1213/73/167 1161/17/116
f 1165/21/205 1188/44/143 1187/43/142
f 1187/43/142 1214/74/168 1165/21/205
f 1173/29/128 1192/48/147 1191/47/146
f 1191/47/146 1215/75/169 1173/29/128
f 1169/25/124 1196/52/151 1195/51/209
f 1195/51/209 1216/76/170 1169/25/124
f 1213/73/167 1183/39/138 1198/54/152
f 1198/54/152 1217/77/171 1213/73/167
f 1214/74/168 1187/43/142 1158/14/114
f 1158/14/114 1157/13/113 1214/74/168
f 1215/75/169 1191/47/146 1201/57/155
f 1201/57/155 1218/78/172 1215/75/169
f 1216/76/170 1195/51/209 1203/59/210
f 1203/59/210 1219/79/211 1216/76/170
f 1220/80/174 1211/71/165 1221/81/175
f 1221/81/175 1222/82/176 1220/80/174
f 1218/78/172 1223/83/177 1224/84/178
f 1224/84/178 1225/85/179 1218/78/172
f 1196/52/151 1180/70/135 1179/86/207
f 1179/86/207 1193/49/148 1196/52/151
f 1185/41/140 1226/87/180 1175/31/130
f 1175/31/130 1174/30/129 1185/41/140
f 1227/88/181 1228/89/182 1178/34/133
f 1178/34/133 1229/90/183 1227/88/181
f 1174/30/129 1173/29/128 1215/75/169
f 1215/75/169 1230/91/184 1174/30/129
f 1162/18/117 1231/92/185 1194/50/149
f 1194/50/149 1193/49/148 1162/18/117
f 1215/75/169 1218/78/172 1225/85/179
f 1225/85/179 1230/91/184 1215/75/169
f 1231/92/185 1232/93/186 1202/58/156
f 1202/58/156 1194/50/149 1231/92/185
f 1222/82/176 1221/81/175 1154/10/110
f 1154/10/110 1153/9/109 1222/82/176
f 1225/85/179 1224/84/178 1233/94/187
f 1233/94/187 1199/55/153 1225/85/179
f 1193/49/148 1179/86/207 1163/19/118
f 1163/19/118 1162/18/117 1193/49/148
f 1174/30/129 1230/91/184 1186/42/141
f 1186/42/141 1185/41/140 1174/30/129
f 1230/91/184 1225/85/179 1199/55/153
f 1199/55/153 1186/42/141 1230/91/184
f 1188/44/143 1209/68/163 1226/87/180
f 1226/87/180 1185/41/140 1188/44/143
f 1234/95/188 1210/96/164 1228/89/182
f 1228/89/182 1227/88/181 1234/95/188
f 1162/18/117 1161/17/116 1213/73/167
f 1213/73/167 1231/92/185 1162/18/117
f 1213/73/167 1217/77/171 1232/93/186
f 1232/93/186 1231/92/185 1213/73/167
f 1235/97/189 1236/98/190 1146/2/102
f 1146/2/102 1145/1/101 1235/97/189
f 1171/27/126 1237/99/191 1238/100/192
f 1238/100/192 1150/6/106 1171/27/126
f 1198/54/152 1197/53/115 1239/101/15
f 1239/101/15 1217/77/171 1198/54/152
f 1184/40/139 1206/64/160 1240/102/193
f 1240/102/193 1181/37/136 1184/40/139
f 1189/45/144 1237/99/191 1171/27/126
f 1171/27/126 1170/26/125 1189/45/144
f 1166/22/121 1241/103/137 1182/38/137
f 1182/38/137 1181/37/136 1166/22/121
f 1170/26/125 1169/25/124 1216/76/170
f 1216/76/170 1242/104/194 1170/26/125
f 1241/103/137 1160/16/115 1197/53/115
f 1197/53/115 1182/38/137 1241/103/137
f 1216/76/170 1219/79/211 1243/105/195
f 1243/105/195 1242/104/194 1216/76/170
f 1202/58/156 1244/106/196 1245/107/197
f 1245/107/197 1203/59/210 1202/58/156
f 1202/58/156 1232/93/186 1246/108/198
f 1246/108/198 1244/106/196 1202/58/156
f 1197/53/115 1160/16/115 1159/15/15
f 1159/15/15 1239/101/15 1197/53/115
f 1181/37/136 1240/102/193 1167/23/122
f 1167/23/122 1166/22/121 1181/37/136
f 1170/26/125 1242/104/194 1190/46/145
f 1190/46/145 1189/45/144 1170/26/125
f 1242/104/194 1243/105/195 1200/56/154
f 1200/56/154 1190/46/145 1242/104/194
f 1244/106/196 1224/84/178 1223/83/177
f 1223/83/177 1245/107/197 1244/106/196
f 1224/84/178 1244/106/196 1246/108/198
f 1246/108/198 1233/94/187 1224/84/178
f 1235/97/189 1205/63/159 1204/62/158
f 1204/62/158 1236/98/190 1235/97/189
f 1237/99/191 1208/67/162 1212/72/166
f 1212/72/166 1238/100/192 1237/99/191
f 1192/48/147 1208/67/162 1237/99/191
f 1237/99/191 1189/45/144 1192/48/147
f 1166/22/121 1165/21/205 1214/74/168
f 1214/74/168 1241/103/137 1166/22/121
f 1214/74/168 1157/13/113 1160/16/115
f 1160/16/115 1241/103/137 1214/74/168
f 1146/2/102 1240/102/193 1206/64/160
f 1206/64/160 1147/3/103 1146/2/102
f 1172/28/206 1171/27/126 1150/6/106
f 1150/6/106 1149/5/105 1172/28/206
f 1226/109/180 1209/110/163 1155/11/111
f 1155/11/111 1154/10/110 1226/109/180
f 1207/111/161 1229/90/183 1178/34/133
f 1178/34/133 1177/33/132 1207/111/161
f 1209/68/163 1168/24/123 1204/62/158
f 1204/62/158 1155/61/111 1209/68/163
f 1180/70/135 1172/28/206 1149/5/105
f 1149/5/105 1177/66/132 1180/70/135
f 1234/112/188 1148/4/104 1147/3/103
f 1147/3/103 1210/69/164 1234/112/188
f 1220/80/174 1247/113/199 1212/72/166
f 1212/72/166 1211/71/165 1220/80/174
f 1176/32/131 1175/114/130 1221/81/175
f 1221/81/175 1211/71/165 1176/32/131
f 1163/115/118 1179/35/207 1178/34/133
f 1178/34/133 1228/89/182 1163/115/118
f 1175/114/130 1226/109/180 1154/10/110
f 1154/10/110 1221/81/175 1175/114/130
f 1164/116/119 1163/115/118 1228/89/182
f 1228/89/182 1210/96/164 1164/116/119
f 1167/23/122 1240/102/193 1146/2/102
f 1146/2/102 1236/98/190 1167/23/122
f 1248/117/200 1151/7/107 1150/6/106
f 1150/6/106 1238/100/192 1248/117/200
f 1168/24/123 1167/23/122 1236/98/190
f 1236/98/190 1204/62/158 1168/24/123
f 1247/113/199 1248/117/200 1238/100/192
f 1238/100/192 1212/72/166 1247/113/199
f 1199/55/153 1233/94/187 1159/15/15
f 1159/15/15 1158/14/114 1199/55/153
f 1233/94/187 1246/108/198 1239/101/15
f 1239/101/15 1159/15/15 1233/94/187
f 1246/108/198 1232/93/186 1217/77/171
f 1217/77/171 1239/101/15 1246/108/198
f 1201/57/155 1200/56/154 1223/83/177
f 1223/83/177 1218/78/172 1201/57/155
f 1200/56/154 1243/105/195 1245/107/197
f 1245/107/197 1223/83/177 1200/56/154
f 1245/107/197 1243/105/195 1219/79/211
f 1219/79/211 1203/59/210 1245/107/197
f 1249/1/1 1250/2/2 1251/3/214
f 1251/3/214 1252/4/4 1249/1/1
f 1253/5/5 1254/6/6 1255/7/7
f 1255/7/7 1256/8/8 1253/5/5
f 1257/9/9 1258/10/10 1259/11/11
f 1259/11/11 1260/12/201 1257/9/9
f 1261/13/13 1262/14/14 1263/15/15
f 1263/15/15 1264/16/16 1261/13/13
f 1265/17/17 1266/18/18 1267/19/19
f 1267/19/19 1268/20/20 1265/17/17
f 1269/21/21 1270/22/22 1271/23/23
f 1271/23/23 1272/24/24 1269/21/21
f 1273/25/25 1274/26/26 1275/27/27
f 1275/27/27 1276/28/28 1273/25/25
f 1277/29/29 1278/30/30 1279/31/31
f 1279/31/31 1280/32/32 1277/29/29
f 1281/33/33 1282/34/34 1283/35/35
f 1283/35/35 1284/36/36 1281/33/33
f 1285/37/37 1286/38/38 1287/39/39
f 1287/39/39 1288/40/40 1285/37/37
f 1289/41/41 1290/42/42 1291/43/43
f 1291/43/43 1292/44/44 1289/41/41
f 1293/45/45 1294/46/46 1295/47/47
f 1295/47/47 1296/48/48 1293/45/45
f 1297/49/49 1298/50/50 1299/51/51
f 1299/51/51 1300/52/52 1297/49/49
f 1287/39/39 1286/38/38 1301/53/16
f 1301/53/16 1302/54/53 1287/39/39
f 1290/42/42 1303/55/54 1262/14/14
f 1262/14/14 1291/43/43 1290/42/42
f 1295/47/47 1294/46/46 1304/56/55
f 1304/56/55 1305/57/56 1295/47/47
f 1298/50/50 1306/58/57 1307/59/58
f 1307/59/58 1299/51/51 1298/50/50
f 1260/60/201 1259/61/11 1308/62/59
f 1308/62/59 1309/63/60 1260/60/201
f 1288/40/40 1265/17/17 1268/20/20
f 1268/20/20 1310/64/61 1288/40/40
f 1311/65/203 1281/66/33 1253/5/5
f 1253/5/5 1256/8/8 1311/65/203
f 1296/48/48 1277/29/29 1280/32/32
f 1280/32/32 1312/67/63 1296/48/48
f 1272/24/24 1313/68/64 1292/44/44
f 1292/44/44 1269/21/21 1272/24/24
f 1268/20/20 1314/69/65 1251/3/214
f 1251/3/214 1310/64/61 1268/20/20
f 1276/28/28 1284/70/36 1300/52/52
f 1300/52/52 1273/25/25 1276/28/28
f 1280/32/32 1315/71/66 1316/72/67
f 1316/72/67 1312/67/63 1280/32/32
f 1265/17/17 1288/40/40 1287/39/39
f 1287/39/39 1317/73/68 1265/17/17
f 1269/21/21 1292/44/44 1291/43/43
f 1291/43/43 1318/74/69 1269/21/21
f 1277/29/29 1296/48/48 1295/47/47
f 1295/47/47 1319/75/70 1277/29/29
f 1273/25/25 1300/52/52 1299/51/51
f 1299/51/51 1320/76/71 1273/25/25
f 1317/73/68 1287/39/39 1302/54/53
f 1302/54/53 1321/77/72 1317/73/68
f 1318/74/69 1291/43/43 1262/14/14
f 1262/14/14 1261/13/13 1318/74/69
f 1319/75/70 1295/47/47 1305/57/56
f 1305/57/56 1322/78/73 1319/75/70
f 1320/76/71 1299/51/51 1307/59/58
f 1307/59/58 1323/79/74 1320/76/71
f 1324/80/75 1315/71/66 1325/81/76
f 1325/81/76 1326/82/77 1324/80/75
f 1322/78/73 1327/83/78 1328/84/79
f 1328/84/79 1329/85/80 1322/78/73
f 1300/52/52 1284/70/36 1283/86/35
f 1283/86/35 1297/49/49 1300/52/52
f 1289/41/41 1330/87/81 1279/31/31
f 1279/31/31 1278/30/30 1289/41/41
f 1331/88/82 1332/89/83 1282/34/34
f 1282/34/34 1333/90/84 1331/88/82
f 1278/30/30 1277/29/29 1319/75/70
f 1319/75/70 1334/91/42 1278/30/30
f 1266/18/18 1335/92/85 1298/50/50
f 1298/50/50 1297/49/49 1266/18/18
f 1319/75/70 1322/78/73 1329/85/80
f 1329/85/80 1334/91/42 1319/75/70
f 1335/92/85 1336/93/86 1306/58/57
f 1306/58/57 1298/50/50 1335/92/85
f 1326/82/77 1325/81/76 1258/10/10
f 1258/10/10 1257/9/9 1326/82/77
f 1329/85/80 1328/84/79 1337/94/87
f 1337/94/87 1303/55/54 1329/85/80
f 1297/49/49 1283/86/35 1267/19/19
f 1267/19/19 1266/18/18 1297/49/49
f 1278/30/30 1334/91/42 1290/42/42
f 1290/42/42 1289/41/41 1278/30/30
f 1334/91/42 1329/85/80 1303/55/54
f 1303/55/54 1290/42/42 1334/91/42
f 1292/44/44 1313/68/64 1330/87/81
f 1330/87/81 1289/41/41 1292/44/44
f 1338/95/88 1314/96/65 1332/89/83
f 1332/89/83 1331/88/82 1338/95/88
f 1266/18/18 1265/17/17 1317/73/68
f 1317/73/68 1335/92/85 1266/18/18
f 1317/73/68 1321/77/72 1336/93/86
f 1336/93/86 1335/92/85 1317/73/68
f 1339/97/89 1340/98/90 1250/2/2
f 1250/2/2 1249/1/1 1339/97/89
f 1275/27/27 1341/99/91 1342/100/92
f 1342/100/92 1254/6/6 1275/27/27
f 1302/54/53 1301/53/16 1343/101/15
f 1343/101/15 1321/77/72 1302/54/53
f 1288/40/40 1310/64/61 1344/102/93
f 1344/102/93 1285/37/37 1288/40/40
f 1293/45/45 1341/99/91 1275/27/27
f 1275/27/27 1274/26/26 1293/45/45
f 1270/22/22 1345/103/38 1286/38/38
f 1286/38/38 1285/37/37 1270/22/22
f 1274/26/26 1273/25/25 1320/76/71
f 1320/76/71 1346/104/94 1274/26/26
f 1345/103/38 1264/16/16 1301/53/16
f 1301/53/16 1286/38/38 1345/103/38
f 1320/76/71 1323/79/74 1347/105/95
f 1347/105/95 1346/104/94 1320/76/71
f 1306/58/57 1348/106/96 1349/107/97
f 1349/107/97 1307/59/58 1306/58/57
f 1306/58/57 1336/93/86 1350/108/98
f 1350/108/98 1348/106/96 1306/58/57
f 1301/53/16 1264/16/16 1263/15/15
f 1263/15/15 1343/101/15 1301/53/16
f 1285/37/37 1344/102/93 1271/23/23
f 1271/23/23 1270/22/22 1285/37/37
f 1274/26/26 1346/104/94 1294/46/46
f 1294/46/46 1293/45/45 1274/26/26
f 1346/104/94 1347/105/95 1304/56/55
f 1304/56/55 1294/46/46 1346/104/94
f 1348/106/96 1328/84/79 1327/83/78
f 1327/83/78 1349/107/97 1348/106/96
f 1328/84/79 1348/106/96 1350/108/98
f 1350/108/98 1337/94/87 1328/84/79
f 1339/97/89 1309/63/60 1308/62/59
f 1308/62/59 1340/98/90 1339/97/89
f 1341/99/91 1312/67/63 1316/72/67
f 1316/72/67 1342/100/92 1341/99/91
f 1296/48/48 1312/67/63 1341/99/91
f 1341/99/91 1293/45/45 1296/48/48
f 1270/22/22 1269/21/21 1318/74/69
f 1318/74/69 1345/103/38 1270/22/22
f 1318/74/69 1261/13/13 1264/16/16
f 1264/16/16 1345/103/38 1318/74/69
f 1250/2/2 1344/102/93 1310/64/61
f 1310/64/61 1251/3/214 1250/2/2
f 1276/28/28 1275/27/27 1254/6/6
f 1254/6/6 1253/5/5 1276/28/28
f 1330/109/81 1313/110/64 1259/11/11
f 1259/11/11 1258/10/10 1330/109/81
f 1311/111/203 1333/90/84 1282/34/34
f 1282/34/34 1281/33/33 1311/111/203
f 1313/68/64 1272/24/24 1308/62/59
f 1308/62/59 1259/61/11 1313/68/64
f 1284/70/36 1276/28/28 1253/5/5
f 1253/5/5 1281/66/33 1284/70/36
f 1338/112/88 1252/4/4 1251/3/214
f 1251/3/214 1314/69/65 1338/112/88
f 1324/80/75 1351/113/99 1316/72/67
f 1316/72/67 1315/71/66 1324/80/75
f 1280/32/32 1279/114/31 1325/81/76
f 1325/81/76 1315/71/66 1280/32/32
f 1267/115/19 1283/35/35 1282/34/34
f 1282/34/34 1332/89/83 1267/115/19
f 1279/114/31 1330/109/81 1258/10/10
f 1258/10/10 1325/81/76 1279/114/31
f 1268/116/20 1267/115/19 1332/89/83
f 1332/89/83 1314/96/65 1268/116/20
f 1271/23/23 1344/102/93 1250/2/2
f 1250/2/2 1340/98/90 1271/23/23
f 1352/117/100 1255/7/7 1254/6/6
f 1254/6/6 1342/100/92 1352/117/100
f 1272/24/24 1271/23/23 1340/98/90
f 1340/98/90 1308/62/59 1272/24/24
f 1351/113/99 1352/117/100 1342/100/92
f 1342/100/92 1316/72/67 1351/113/99
f 1303/55/54 1337/94/87 1263/15/15
f 1263/15/15 1262/14/14 1303/55/54
f 1337/94/87 1350/108/98 1343/101/15
f 1343/101/15 1263/15/15 1337/94/87
f 1350/108/98 1336/93/86 1321/77/72
f 1321/77/72 1343/101/15 1350/108/98
f 1305/57/56 1304/56/55 1327/83/78
f 1327/83/78 1322/78/73 1305/57/56
f 1304/56/55 1347/105/95 1349/107/97
f 1349/107/97 1327/83/78 1304/56/55
f 1349/107/97 1347/105/95 1323/79/74
f 1323/79/74 1307/59/58 1349/107/97
f 1353/1/101 1354/2/102 1355/3/103
f 1355/3/103 1356/4/228 1353/1/101
f 1357/5/105 1358/6/106 1359/7/107
f 1359/7/107 1360/8/108 1357/5/105
f 1361/9/109 1362/10/110 1363/11/111
f 1363/11/111 1364/12/112 1361/9/109
f 1365/13/113 1366/14/114 1367/15/15
f 1367/15/15 1368/16/115 1365/13/113
f 1369/17/116 1370/18/117 1371/19/118
f 1371/19/118 1372/20/119 1369/17/116
f 1373/21/205 1374/22/121 1375/23/122
f 1375/23/122 1376/24/123 1373/21/205
f 1377/25/124 1378/26/125 1379/27/126
f 1379/27/126 1380/28/127 1377/25/124
f 1381/29/128 1382/30/129 1383/31/130
f 1383/31/130 1384/32/131 1381/29/128
f 1385/33/132 1386/34/133 1387/35/134
f 1387/35/134 1388/36/135 1385/33/132
f 1389/37/136 1390/38/137 1391/39/138
f 1391/39/138 1392/40/139 1389/37/136
f 1393/41/140 1394/42/141 1395/43/142
f 1395/43/142 1396/44/143 1393/41/140
f 1397/45/144 1398/46/145 1399/47/146
f 1399/47/146 1400/48/147 1397/45/144
f 1401/49/148 1402/50/149 1403/51/209
f 1403/51/209 1404/52/151 1401/49/148
f 1391/39/138 1390/38/137 1405/53/115
f 1405/53/115 1406/54/152 1391/39/138
f 1394/42/141 1407/55/153 1366/14/114
f 1366/14/114 1395/43/142 1394/42/141
f 1399/47/146 1398/46/145 1408/56/154
f 1408/56/154 1409/57/155 1399/47/146
f 1402/50/149 1410/58/156 1411/59/210
f 1411/59/210 1403/51/209 1402/50/149
f 1364/60/112 1363/61/111 1412/62/158
f 1412/62/158 1413/63/159 1364/60/112
f 1392/40/139 1369/17/116 1372/20/119
f 1372/20/119 1414/64/160 1392/40/139
f 1415/65/161 1385/66/132 1357/5/105
f 1357/5/105 1360/8/108 1415/65/161
f 1400/48/147 1381/29/128 1384/32/131
f 1384/32/131 1416/67/162 1400/48/147
f 1376/24/123 1417/68/163 1396/44/143
f 1396/44/143 1373/21/205 1376/24/123
f 1372/20/119 1418/69/164 1355/3/103
f 1355/3/103 1414/64/160 1372/20/119
f 1380/28/127 1388/70/135 1404/52/151
f 1404/52/151 1377/25/124 1380/28/127
f 1384/32/131 1419/71/165 1420/72/166
f 1420/72/166 1416/67/162 1384/32/131
f 1369/17/116 1392/40/139 1391/39/138
f 1391/39/138 1421/73/167 1369/17/116
f 1373/21/205 1396/44/143 1395/43/142
f 1395/43/142 1422/74/168 1373/21/205
f 1381/29/128 1400/48/147 1399/47/146
f 1399/47/146 1423/75/169 1381/29/128
f 1377/25/124 1404/52/151 1403/51/209
f 1403/51/209 1424/76/170 1377/25/124
f 1421/73/167 1391/39/138 1406/54/152
f 1406/54/152 1425/77/171 1421/73/167
f 1422/74/168 1395/43/142 1366/14/114
f 1366/14/114 1365/13/113 1422/74/168
f 1423/75/169 1399/47/146 1409/57/155
f 1409/57/155 1426/78/172 1423/75/169
f 1424/76/170 1403/51/209 1411/59/210
f 1411/59/210 1427/79/211 1424/76/170
f 1428/80/174 1419/71/165 1429/81/175
f 1429/81/175 1430/82/176 1428/80/174
f 1426/78/172 1431/83/177 1432/84/178
f 1432/84/178 1433/85/179 1426/78/172
f 1404/52/151 1388/70/135 1387/86/134
f 1387/86/134 1401/49/148 1404/52/151
f 1393/41/140 1434/87/180 1383/31/130
f 1383/31/130 1382/30/129 1393/41/140
f 1435/88/212 1436/89/182 1386/34/133
f 1386/34/133 1437/90/213 1435/88/212
f 1382/30/129 1381/29/128 1423/75/169
f 1423/75/169 1438/91/184 1382/30/129
f 1370/18/117 1439/92/185 1402/50/149
f 1402/50/149 1401/49/148 1370/18/117
f 1423/75/169 1426/78/172 1433/85/179
f 1433/85/179 1438/91/184 1423/75/169
f 1439/92/185 1440/93/186 1410/58/156
f 1410/58/156 1402/50/149 1439/92/185
f 1430/82/176 1429/81/175 1362/10/110
f 1362/10/110 1361/9/109 1430/82/176
f 1433/85/179 1432/84/178 1441/94/187
f 1441/94/187 1407/55/153 1433/85/179
f 1401/49/148 1387/86/134 1371/19/118
f 1371/19/118 1370/18/117 1401/49/148
f 1382/30/129 1438/91/184 1394/42/141
f 1394/42/141 1393/41/140 1382/30/129
f 1438/91/184 1433/85/179 1407/55/153
f 1407/55/153 1394/42/141 1438/91/184
f 1396/44/143 1417/68/163 1434/87/180
f 1434/87/180 1393/41/140 1396/44/143
f 1442/95/188 1418/96/164 1436/89/182
f 1436/89/182 1435/88/212 1442/95/188
f 1370/18/117 1369/17/116 1421/73/167
f 1421/73/167 1439/92/185 1370/18/117
f 1421/73/167 1425/77/171 1440/93/186
f 1440/93/186 1439/92/185 1421/73/167
f 1443/97/189 1444/98/190 1354/2/102
f 1354/2/102 1353/1/101 1443/97/189
f 1379/27/126 1445/99/191 1446/100/192
f 1446/100/192 1358/6/106 1379/27/126
f 1406/54/152 1405/53/115 1447/101/15
f 1447/101/15 1425/77/171 1406/54/152
f 1392/40/139 1414/64/160 1448/102/193
f 1448/102/193 1389/37/136 1392/40/139
f 1397/45/144 1445/99/191 1379/27/126
f 1379/27/126 1378/26/125 1397/45/144
f 1374/22/121 1449/103/137 1390/38/137
f 1390/38/137 1389/37/136 1374/22/121
f 1378/26/125 1377/25/124 1424/76/170
f 1424/76/170 1450/104/194 1378/26/125
f 1449/103/137 1368/16/115 1405/53/115
f 1405/53/115 1390/38/137 1449/103/137
f 1424/76/170 1427/79/211 1451/105/195
f 1451/105/195 1450/104/194 1424/76/170
f 1410/58/156 1452/106/196 1453/107/197
f 1453/107/197 1411/59/210 1410/58/156
f 1410/58/156 1440/93/186 1454/108/198
f 1454/108/198 1452/106/196 1410/58/156
f 1405/53/115 1368/16/115 1367/15/15
f 1367/15/15 1447/101/15 1405/53/115
f 1389/37/136 1448/102/193 1375/23/122
f 1375/23/122 1374/22/121 1389/37/136
f 1378/26/125 1450/104/194 1398/46/145
f 1398/46/145 1397/45/144 1378/26/125
f 1450/104/194 1451/105/195 1408/56/154
f 1408/56/154 1398/46/145 1450/104/194
f 1452/106/196 1432/84/178 1431/83/177
f 1431/83/177 1453/107/197 1452/106/196
f 1432/84/178 1452/106/196 1454/108/198
f 1454/108/198 1441/94/187 1432/84/178
f 1443/97/189 1413/63/159 1412/62/158
f 1412/62/158 1444/98/190 1443/97/189
f 1445/99/191 1416/67/162 1420/72/166
f 1420/72/166 1446/100/192 1445/99/191
f 1400/48/147 1416/67/162 1445/99/191
f 1445/99/191 1397/45/144 1400/48/147
f 1374/22/121 1373/21/205 1422/74/168
f 1422/74/168 1449/103/137 1374/22/121
f 1422/74/168 1365/13/113 1368/16/115
f 1368/16/115 1449/103/137 1422/74/168
f 1354/2/102 1448/102/193 1414/64/160
f 1414/64/160 1355/3/103 1354/2/102
f 1380/28/127 1379/27/126 1358/6/106
f 1358/6/106 1357/5/105 1380/28/127
f 1434/109/180 1417/110/163 1363/11/111
f 1363/11/111 1362/10/110 1434/109/180
f 1415/111/161 1437/90/213 1386/34/133
f 1386/34/133 1385/33/132 1415/111/161
f 1417/68/163 1376/24/123 1412/62/158
f 1412/62/158 1363/61/111 1417/68/163
f 1388/70/135 1380/28/127 1357/5/105
f 1357/5/105 1385/66/132 1388/70/135
f 1442/112/188 1356/4/228 1355/3/103
f 1355/3/103 1418/69/164 1442/112/188
f 1428/80/174 1455/113/199 1420/72/166
f 1420/72/166 1419/71/165 1428/80/174
f 1384/32/131 1383/114/130 1429/81/175
f 1429/81/175 1419/71/165 1384/32/131
f 1371/115/118 1387/35/134 1386/34/133
f 1386/34/133 1436/89/182 1371/115/118
f 1383/114/130 1434/109/180 1362/10/110
f 1362/10/110 1429/81/175 1383/114/130
f 1372/116/119 1371/115/118 1436/89/182
f 1436/89/182 1418/96/164 1372/116/119
f 1375/23/122 1448/102/193 1354/2/102
f 1354/2/102 1444/98/190 1375/23/122
f 1456/117/200 1359/7/107 1358/6/106
f 1358/6/106 1446/100/192 1456/117/200
f 1376/24/123 1375/23/122 1444/98/190
f 1444/98/190 1412/62/158 1376/24/123
f 1455/113/199 1456/117/200 1446/100/192
f 1446/100/192 1420/72/166 1455/113/199
f 1407/55/153 1441/94/187 1367/15/15
f 1367/15/15 1366/14/114 1407/55/153
f 1441/94/187 1454/108/198 1447/101/15
f 1447/101/15 1367/15/15 1441/94/187
f 1454/108/198 1440/93/186 1425/77/171
f 1425/77/171 1447/101/15 1454/108/198
f 1409/57/155 1408/56/154 1431/83/177
f 1431/83/177 1426/78/172 1409/57/155
f 1408/56/154 1451/105/195 1453/107/197
f 1453/107/197 1431/83/177 1408/56/154
f 1453/107/197 1451/105/195 1427/79/211
f 1427/79/211 1411/59/210 1453/107/197
f 1457/1/1 1458/2/2 1459/3/3
f 1459/3/3 1460/4/4 1457/1/1
f 1461/5/5 1462/6/6 1463/7/7
f 1463/7/7 1464/8/215 1461/5/5
f 1465/9/9 1466/10/10 1467/11/11
f 1467/11/11 1468/12/201 1465/9/9
f 1469/13/246 1470/14/14 1471/15/15
f 1471/15/15 1472/16/16 1469/13/246
f 1473/17/216 1474/18/18 1475/19/217
f 1475/19/217 1476/20/218 1473/17/216
f 1477/21/247 1478/22/22 1479/23/23
f 1479/23/23 1480/24/24 1477/21/247
f 1481/25/219 1482/26/26 1483/27/27
f 1483/27/27 1484/28/28 1481/25/219
f 1485/29/248 1486/30/249 1487/31/250
f 1487/31/250 1488/32/251 1485/29/248
f 1489/33/33 1490/34/34 1491/35/35
f 1491/35/35 1492/36/36 1489/33/33
f 1493/37/37 1494/38/38 1495/39/220
f 1495/39/220 1496/40/40 1493/37/37
f 1497/41/252 1498/42/42 1499/43/43
f 1499/43/43 1500/44/253 1497/41/252
f 1501/45/45 1502/46/46 1503/47/254
f 1503/47/254 1504/48/48 1501/45/45
f 1505/49/222 1506/50/255 1507/51/51
f 1507/51/51 1508/52/223 1505/49/222
f 1495/39/220 1494/38/38 1509/53/16
f 1509/53/16 1510/54/53 1495/39/220
f 1498/42/42 1511/55/54 1470/14/14
f 1470/14/14 1499/43/43 1498/42/42
f 1503/47/254 1502/46/46 1512/56/55
f 1512/56/55 1513/57/56 1503/47/254
f 1506/50/255 1514/58/57 1515/59/58
f 1515/59/58 1507/51/51 1506/50/255
f 1468/60/201 1467/61/11 1516/62/59
f 1516/62/59 1517/63/60 1468/60/201
f 1496/40/40 1473/17/216 1476/20/218
f 1476/20/218 1518/64/61 1496/40/40
f 1519/65/203 1489/66/33 1461/5/5
f 1461/5/5 1464/8/215 1519/65/203
f 1504/48/48 1485/29/248 1488/32/251
f 1488/32/251 1520/67/256 1504/48/48
f 1480/24/24 1521/68/257 1500/44/253
f 1500/44/253 1477/21/247 1480/24/24
f 1476/20/218 1522/69/65 1459/3/3
f 1459/3/3 1518/64/61 1476/20/218
f 1484/28/28 1492/70/36 1508/52/223
f 1508/52/223 1481/25/219 1484/28/28
f 1488/32/251 1523/71/66 1524/72/67
f 1524/72/67 1520/67/256 1488/32/251
f 1473/17/216 1496/40/40 1495/39/220
f 1495/39/220 1525/73/68 1473/17/216
f 1477/21/247 1500/44/253 1499/43/43
f 1499/43/43 1526/74/258 1477/21/247
f 1485/29/248 1504/48/48 1503/47/254
f 1503/47/254 1527/75/259 1485/29/248
f 1481/25/219 1508/52/223 1507/51/51
f 1507/51/51 1528/76/71 1481/25/219
f 1525/73/68 1495/39/220 1510/54/53
f 1510/54/53 1529/77/224 1525/73/68
f 1526/74/258 1499/43/43 1470/14/14
f 1470/14/14 1469/13/246 1526/74/258
f 1527/75/259 1503/47/254 1513/57/56
f 1513/57/56 1530/78/260 1527/75/259
f 1528/76/71 1507/51/51 1515/59/58
f 1515/59/58 1531/79/225 1528/76/71
f 1532/80/75 1523/71/66 1533/81/76
f 1533/81/76 1534/82/261 1532/80/75
f 1530/78/260 1535/83/78 1536/84/79
f 1536/84/79 1537/85/80 1530/78/260
f 1508/52/223 1492/70/36 1491/86/35
f 1491/86/35 1505/49/222 1508/52/223
f 1497/41/252 1538/87/262 1487/31/250
f 1487/31/250 1486/30/249 1497/41/252
f 1539/88/82 1540/89/83 1490/34/34
f 1490/34/34 1541/90/84 1539/88/82
f 1486/30/249 1485/29/248 1527/75/259
f 1527/75/259 1542/91/42 1486/30/249
f 1474/18/18 1543/92/85 1506/50/255
f 1506/50/255 1505/49/222 1474/18/18
f 1527/75/259 1530/78/260 1537/85/80
f 1537/85/80 1542/91/42 1527/75/259
f 1543/92/85 1544/93/226 1514/58/57
f 1514/58/57 1506/50/255 1543/92/85
f 1534/82/261 1533/81/76 1466/10/10
f 1466/10/10 1465/9/9 1534/82/261
f 1537/85/80 1536/84/79 1545/94/87
f 1545/94/87 1511/55/54 1537/85/80
f 1505/49/222 1491/86/35 1475/19/217
f 1475/19/217 1474/18/18 1505/49/222
f 1486/30/249 1542/91/42 1498/42/42
f 1498/42/42 1497/41/252 1486/30/249
f 1542/91/42 1537/85/80 1511/55/54
f 1511/55/54 1498/42/42 1542/91/42
f 1500/44/253 1521/68/257 1538/87/262
f 1538/87/262 1497/41/252 1500/44/253
f 1546/95/227 1522/96/65 1540/89/83
f 1540/89/83 1539/88/82 1546/95/227
f 1474/18/18 1473/17/216 1525/73/68
f 1525/73/68 1543/92/85 1474/18/18
f 1525/73/68 1529/77/224 1544/93/226
f 1544/93/226 1543/92/85 1525/73/68
f 1547/97/89 1548/98/90 1458/2/2
f 1458/2/2 1457/1/1 1547/97/89
f 1483/27/27 1549/99/91 1550/100/92
f 1550/100/92 1462/6/6 1483/27/27
f 1510/54/53 1509/53/16 1551/101/15
f 1551/101/15 1529/77/224 1510/54/53
f 1496/40/40 1518/64/61 1552/102/93
f 1552/102/93 1493/37/37 1496/40/40
f 1501/45/45 1549/99/91 1483/27/27
f 1483/27/27 1482/26/26 1501/45/45
f 1478/22/22 1553/103/38 1494/38/38
f 1494/38/38 1493/37/37 1478/22/22
f 1482/26/26 1481/25/219 1528/76/71
f 1528/76/71 1554/104/94 1482/26/26
f 1553/103/38 1472/16/16 1509/53/16
f 1509/53/16 1494/38/38 1553/103/38
f 1528/76/71 1531/79/225 1555/105/95
f 1555/105/95 1554/104/94 1528/76/71
f 1514/58/57 1556/106/96 1557/107/97
f 1557/107/97 1515/59/58 1514/58/57
f 1514/58/57 1544/93/226 1558/108/98
f 1558/108/98 1556/106/96 1514/58/57
f 1509/53/16 1472/16/16 1471/15/15
f 1471/15/15 1551/101/15 1509/53/16
f 1493/37/37 1552/102/93 1479/23/23
f 1479/23/23 1478/22/22 1493/37/37
f 1482/26/26 1554/104/94 1502/46/46
f 1502/46/46 1501/45/45 1482/26/26
f 1554/104/94 1555/105/95 1512/56/55
f 1512/56/55 1502/46/46 1554/104/94
f 1556/106/96 1536/84/79 1535/83/78
f 1535/83/78 1557/107/97 1556/106/96
f 1536/84/79 1556/106/96 1558/108/98
f 1558/108/98 1545/94/87 1536/84/79
f 1547/97/89 1517/63/60 1516/62/59
f 1516/62/59 1548/98/90 1547/97/89
f 1549/99/91 1520/67/256 1524/72/67
f 1524/72/67 1550/100/92 1549/99/91
f 1504/48/48 1520/67/256 1549/99/91
f 1549/99/91 1501/45/45 1504/48/48
f 1478/22/22 1477/21/247 1526/74/258
f 1526/74/258 1553/103/38 1478/22/22
f 1526/74/258 1469/13/246 1472/16/16
f 1472/16/16 1553/103/38 1526/74/258
f 1458/2/2 1552/102/93 1518/64/61
f 1518/64/61 1459/3/3 1458/2/2
f 1484/28/28 1483/27/27 1462/6/6
f 1462/6/6 1461/5/5 1484/28/28
f 1538/109/262 1521/110/257 1467/11/11
f 1467/11/11 1466/10/10 1538/109/262
f 1519/111/203 1541/90/84 1490/34/34
f 1490/34/34 1489/33/33 1519/111/203
f 1521/68/257 1480/24/24 1516/62/59
f 1516/62/59 1467/61/11 1521/68/257
f 1492/70/36 1484/28/28 1461/5/5
f 1461/5/5 1489/66/33 1492/70/36
f 1546/112/227 1460/4/4 1459/3/3
f 1459/3/3 1522/69/65 1546/112/227
f 1532/80/75 1559/113/99 1524/72/67
f 1524/72/67 1523/71/66 1532/80/75
f 1488/32/251 1487/114/250 1533/81/76
f 1533/81/76 1523/71/66 1488/32/251
f 1475/115/217 1491/35/35 1490/34/34
f 1490/34/34 1540/89/83 1475/115/217
f 1487/114/250 1538/109/262 1466/10/10
f 1466/10/10 1533/81/76 1487/114/250
f 1476/116/218 1475/115/217 1540/89/83
f 1540/89/83 1522/96/65 1476/116/218
f 1479/23/23 1552/102/93 1458/2/2
f 1458/2/2 1548/98/90 1479/23/23
f 1560/117/100 1463/7/7 1462/6/6
f 1462/6/6 1550/100/92 1560/117/100
f 1480/24/24 1479/23/23 1548/98/90
f 1548/98/90 1516/62/59 1480/24/24
f 1559/113/99 1560/117/100 1550/100/92
f 1550/100/92 1524/72/67 1559/113/99
f 1511/55/54 1545/94/87 1471/15/15
f 1471/15/15 1470/14/14 1511/55/54
f 1545/94/87 1558/108/98 1551/101/15
f 1551/101/15 1471/15/15 1545/94/87
f 1558/108/98 1544/93/226 1529/77/224
f 1529/77/224 1551/101/15 1558/108/98
f 1513/57/56 1512/56/55 1535/83/78
f 1535/83/78 1530/78/260 1513/57/56
f 1512/56/55 1555/105/95 1557/107/97
f 1557/107/97 1535/83/78 1512/56/55
f 1557/107/97 1555/105/95 1531/79/225
f 1531/79/225 1515/59/58 1557/107/97
f 1561/1/263 1562/2/264 1563/3/265
f 1563/3/265 1564/4/266 1561/1/263
f 1565/5/267 1566/6/268 1567/7/269
f 1567/7/269 1568/8/270 1565/5/267
f 1569/9/271 1570/10/272 1571/11/273
f 1571/11/273 1572/12/274 1569/9/271
f 1573/13/275 1574/14/276 1575/15/15
f 1575/15/15 1576/16/115 1573/13/275
f 1577/17/277 1578/18/278 1579/19/279
f 1579/19/279 1580/20/280 1577/17/277
f 1581/21/281 1582/22/121 1583/23/282
f 1583/23/282 1584/24/283 1581/21/281
f 1585/25/284 1586/26/285 1587/27/286
f 1587/27/286 1588/28/287 1585/25/284
f 1589/29/288 1590/30/289 1591/31/290
f 1591/31/290 1592/32/291 1589/29/288
f 1593/33/292 1594/34/293 1595/35/294
f 1595/35/294 1596/36/295 1593/33/292
f 1597/37/136 1598/38/137 1599/39/296
f 1599/39/296 1600/40/297 1597/37/136
f 1601/41/298 1602/42/299 1603/43/300
f 1603/43/300 1604/44/301 1601/41/298
f 1605/45/302 1606/46/303 1607/47/304
f 1607/47/304 1608/48/305 1605/45/302
f 1609/49/306 1610/50/307 1611/51/308
f 1611/51/308 1612/52/309 1609/49/306
f 1599/39/296 1598/38/137 1613/53/115
f 1613/53/115 1614/54/310 1599/39/296
f 1602/42/299 1615/55/311 1574/14/276
f 1574/14/276 1603/43/300 1602/42/299
f 1607/47/304 1606/46/303 1616/56/312
f 1616/56/312 1617/57/313 1607/47/304
f 1610/50/307 1618/58/314 1619/59/315
f 1619/59/315 1611/51/308 1610/50/307
f 1572/60/274 1571/61/273 1620/62/316
f 1620/62/316 1621/63/317 1572/60/274
f 1600/40/297 1577/17/277 1580/20/280
f 1580/20/280 1622/64/318 1600/40/297
f 1623/65/319 1593/66/292 1565/5/267
f 1565/5/267 1568/8/270 1623/65/319
f 1608/48/305 1589/29/288 1592/32/291
f 1592/32/291 1624/67/320 1608/48/305
f 1584/24/283 1625/68/321 1604/44/301
f 1604/44/301 1581/21/281 1584/24/283
f 1580/20/280 1626/69/322 1563/3/265
f 1563/3/265 1622/64/318 1580/20/280
f 1588/28/287 1596/70/295 1612/52/309
f 1612/52/309 1585/25/284 1588/28/287
f 1592/32/291 1627/71/323 1628/72/324
f 1628/72/324 1624/67/320 1592/32/291
f 1577/17/277 1600/40/297 1599/39/296
f 1599/39/296 1629/73/325 1577/17/277
f 1581/21/281 1604/44/301 1603/43/300
f 1603/43/300 1630/74/326 1581/21/281
f 1589/29/288 1608/48/305 1607/47/304
f 1607/47/304 1631/75/327 1589/29/288
f 1585/25/284 1612/52/309 1611/51/308
f 1611/51/308 1632/76/328 1585/25/284
f 1629/73/325 1599/39/296 1614/54/310
f 1614/54/310 1633/77/329 1629/73/325
f 1630/74/326 1603/43/300 1574/14/276
f 1574/14/276 1573/13/275 1630/74/326
f 1631/75/327 1607/47/304 1617/57/313
f 1617/57/313 1634/78/330 1631/75/327
f 1632/76/328 1611/51/308 1619/59/315
f 1619/59/315 1635/79/331 1632/76/328
f 1636/80/332 1627/71/323 1637/81/333
f 1637/81/333 1638/82/334 1636/80/332
f 1634/78/330 1639/83/335 1640/84/336
f 1640/84/336 1641/85/337 1634/78/330
f 1612/52/309 1596/70/295 1595/86/294
f 1595/86/294 1609/49/306 1612/52/309
f 1601/41/298 1642/87/338 1591/31/290
f 1591/31/290 1590/30/289 1601/41/298
f 1643/88/339 1644/89/340 1594/34/293
f 1594/34/293 1645/90/341 1643/88/339
f 1590/30/289 1589/29/288 1631/75/327
f 1631/75/327 1646/91/342 1590/30/289
f 1578/18/278 1647/92/343 1610/50/307
f 1610/50/307 1609/49/306 1578/18/278
f 1631/75/327 1634/78/330 1641/85/337
f 1641/85/337 1646/91/342 1631/75/327
f 1647/92/343 1648/93/344 1618/58/314
f 1618/58/314 1610/50/307 1647/92/343
f 1638/82/334 1637/81/333 1570/10/272
f 1570/10/272 1569/9/271 1638/82/334
f 1641/85/337 1640/84/336 1649/94/345
f 1649/94/345 1615/55/311 1641/85/337
f 1609/49/306 1595/86/294 1579/19/279
f 1579/19/279 1578/18/278 1609/49/306
f 1590/30/289 1646/91/342 1602/42/299
f 1602/42/299 1601/41/298 1590/30/289
f 1646/91/342 1641/85/337 1615/55/311
f 1615/55/311 1602/42/299 1646/91/342
f 1604/44/301 1625/68/321 1642/87/338
f 1642/87/338 1601/41/298 1604/44/301
f 1650/95/346 1626/96/322 1644/89/340
f 1644/89/340 1643/88/339 1650/95/346
f 1578/18/278 1577/17/277 1629/73/325
f 1629/73/325 1647/92/343 1578/18/278
f 1629/73/325 1633/77/329 1648/93/344
f 1648/93/344 1647/92/343 1629/73/325
f 1651/97/347 1652/98/348 1562/2/264
f 1562/2/264 1561/1/263 1651/97/347
f 1587/27/286 1653/99/349 1654/100/350
f 1654/100/350 1566/6/268 1587/27/286
f 1614/54/310 1613/53/115 1655/101/15
f 1655/101/15 1633/77/329 1614/54/310
f 1600/40/297 1622/64/318 1656/102/193
f 1656/102/193 1597/37/136 1600/40/297
f 1605/45/302 1653/99/349 1587/27/286
f 1587/27/286 1586/26/285 1605/45/302
f 1582/22/121 1657/103/137 1598/38/137
f 1598/38/137 1597/37/136 1582/22/121
f 1586/26/285 1585/25/284 1632/76/328
f 1632/76/328 1658/104/351 1586/26/285
f 1657/103/137 1576/16/115 1613/53/115
f 1613/53/115 1598/38/137 1657/103/137
f 1632/76/328 1635/79/331 1659/105/352
f 1659/105/352 1658/104/351 1632/76/328
f 1618/58/314 1660/106/353 1661/107/354
f 1661/107/354 1619/59/315 1618/58/314
f 1618/58/314 1648/93/344 1662/108/355
f 1662/108/355 1660/106/353 1618/58/314
f 1613/53/115 1576/16/115 1575/15/15
f 1575/15/15 1655/101/15 1613/53/115
f 1597/37/136 1656/102/193 1583/23/282
f 1583/23/282 1582/22/121 1597/37/136
f 1586/26/285 1658/104/351 1606/46/303
f 1606/46/303 1605/45/302 1586/26/285
f 1658/104/351 1659/105/352 1616/56/312
f 1616/56/312 1606/46/303 1658/104/351
f 1660/106/353 1640/84/336 1639/83/335
f 1639/83/335 1661/107/354 1660/106/353
f 1640/84/336 1660/106/353 1662/108/355
f 1662/108/355 1649/94/345 1640/84/336
f 1651/97/347 1621/63/317 1620/62/316
f 1620/62/316 1652/98/348 1651/97/347
f 1653/99/349 1624/67/320 1628/72/324
f 1628/72/324 1654/100/350 1653/99/349
f 1608/48/305 1624/67/320 1653/99/349
f 1653/99/349 1605/45/302 1608/48/305
f 1582/22/121 1581/21/281 1630/74/326
f 1630/74/326 1657/103/137 1582/22/121
f 1630/74/326 1573/13/275 1576/16/115
f 1576/16/115 1657/103/137 1630/74/326
f 1562/2/264 1656/102/193 1622/64/318
f 1622/64/318 1563/3/265 1562/2/264
f 1588/28/287 1587/27/286 1566/6/268
f 1566/6/268 1565/5/267 1588/28/287
f 1642/109/338 1625/110/321 1571/11/273
f 1571/11/273 1570/10/272 1642/109/338
f 1623/111/319 1645/90/341 1594/34/293
f 1594/34/293 1593/33/292 1623/111/319
f 1625/68/321 1584/24/283 1620/62/316
f 1620/62/316 1571/61/273 1625/68/321
f 1596/70/295 1588/28/287 1565/5/267
f 1565/5/267 1593/66/292 1596/70/295
f 1650/112/346 1564/4/266 1563/3/265
f 1563/3/265 1626/69/322 1650/112/346
f 1636/80/332 1663/113/356 1628/72/324
f 1628/72/324 1627/71/323 1636/80/332
f 1592/32/291 1591/114/290 1637/81/333
f 1637/81/333 1627/71/323 1592/32/291
f 1579/115/279 1595/35/294 1594/34/293
f 1594/34/293 1644/89/340 1579/115/279
f 1591/114/290 1642/109/338 1570/10/272
f 1570/10/272 1637/81/333 1591/114/290
f 1580/116/280 1579/115/279 1644/89/340
f 1644/89/340 1626/96/322 1580/116/280
f 1583/23/282 1656/102/193 1562/2/264
f 1562/2/264 1652/98/348 1583/23/282
f 1664/117/357 1567/7/269 1566/6/268
f 1566/6/268 1654/100/350 1664/117/357
f 1584/24/283 1583/23/282 1652/98/348
f 1652/98/348 1620/62/316 1584/24/283
f 1663/113/356 1664/117/357 1654/100/350
f 1654/100/350 1628/72/324 1663/113/356
f 1615/55/311 1649/94/345 1575/15/15
f 1575/15/15 1574/14/276 1615/55/311
f 1649/94/345 1662/108/355 1655/101/15
f 1655/101/15 1575/15/15 1649/94/345
f 1662/108/355 1648/93/344 1633/77/329
f 1633/77/329 1655/101/15 1662/108/355
f 1617/57/313 1616/56/312 1639/83/335
f 1639/83/335 1634/78/330 1617/57/313
f 1616/56/312 1659/105/352 1661/107/354
f 1661/107/354 1639/83/335 1616/56/312
f 1661/107/354 1659/105/352 1635/79/331
f 1635/79/331 1619/59/315 1661/107/354
f 1665/1/358 1666/2/359 1667/3/360
f 1667/3/360 1668/4/361 1665/1/358
f 1669/5/362 1670/6/363 1671/7/364
f 1671/7/364 1672/8/365 1669/5/362
f 1673/9/366 1674/10/367 1675/11/368
f 1675/11/368 1676/12/369 1673/9/366
f 1677/13/370 1678/14/371 1679/15/15
f 1679/15/15 1680/16/372 1677/13/370
f 1681/17/373 1682/18/374 1683/19/375
f 1683/19/375 1684/20/376 1681/17/373
f 1685/21/377 1686/22/378 1687/23/379
f 1687/23/379 1688/24/380 1685/21/377
f 1689/25/381 1690/26/382 1691/27/383
f 1691/27/383 1692/28/384 1689/25/381
f 1693/29/385 1694/30/386 1695/31/387
f 1695/31/387 1696/32/388 1693/29/385
f 1697/33/389 1698/34/390 1699/35/391
f 1699/35/391 1700/36/392 1697/33/389
f 1701/37/393 1702/38/394 1703/39/395
f 1703/39/395 1704/40/396 1701/37/393
f 1705/41/397 1706/42/398 1707/43/399
f 1707/43/399 1708/44/400 1705/41/397
f 1709/45/401 1710/46/402 1711/47/403
f 1711/47/403 1712/48/404 1709/45/401
f 1713/49/405 1714/50/406 1715/51/407
f 1715/51/407 1716/52/408 1713/49/405
f 1703/39/395 1702/38/394 1717/53/372
f 1717/53/372 1718/54/409 1703/39/395
f 1706/42/398 1719/55/410 1678/14/371
f 1678/14/371 1707/43/399 1706/42/398
f 1711/47/403 1710/46/402 1720/56/411
f 1720/56/411 1721/57/412 1711/47/403
f 1714/50/406 1722/58/413 1723/59/414
f 1723/59/414 1715/51/407 1714/50/406
f 1676/60/369 1675/61/368 1724/62/415
f 1724/62/415 1725/63/416 1676/60/369
f 1704/40/396 1681/17/373 1684/20/376
f 1684/20/376 1726/64/417 1704/40/396
f 1727/65/418 1697/66/389 1669/5/362
f 1669/5/362 1672/8/365 1727/65/418
f 1712/48/404 1693/29/385 1696/32/388
f 1696/32/388 1728/67/419 1712/48/404
f 1688/24/380 1729/68/420 1708/44/400
f 1708/44/400 1685/21/377 1688/24/380
f 1684/20/376 1730/69/421 1667/3/360
f 1667/3/360 1726/64/417 1684/20/376
f 1692/28/384 1700/70/392 1716/52/408
f 1716/52/408 1689/25/381 1692/28/384
f 1696/32/388 1731/71/422 1732/72/423
f 1732/72/423 1728/67/419 1696/32/388
f 1681/17/373 1704/40/396 1703/39/395
f 1703/39/395 1733/73/424 1681/17/373
f 1685/21/377 1708/44/400 1707/43/399
f 1707/43/399 1734/74/425 1685/21/377
f 1693/29/385 1712/48/404 1711/47/403
f 1711/47/403 1735/75/426 1693/29/385
f 1689/25/381 1716/52/408 1715/51/407
f 1715/51/407 1736/76/427 1689/25/381
f 1733/73/424 1703/39/395 1718/54/409
f 1718/54/409 1737/77/428 1733/73/424
f 1734/74/425 1707/43/399 1678/14/371
f 1678/14/371 1677/13/370 1734/74/425
f 1735/75/426 1711/47/403 1721/57/412
f 1721/57/412 1738/78/429 1735/75/426
f 1736/76/427 1715/51/407 1723/59/414
f 1723/59/414 1739/79/430 1736/76/427
f 1740/80/431 1731/71/422 1741/81/432
f 1741/81/432 1742/82/433 1740/80/431
f 1738/78/429 1743/83/434 1744/84/435
f 1744/84/435 1745/85/436 1738/78/429
f 1716/52/408 1700/70/392 1699/86/391
f 1699/86/391 1713/49/405 1716/52/408
f 1705/41/397 1746/87/437 1695/31/387
f 1695/31/387 1694/30/386 1705/41/397
f 1747/88/438 1748/89/439 1698/34/390
f 1698/34/390 1749/90/440 1747/88/438
f 1694/30/386 1693/29/385 1735/75/426
f 1735/75/426 1750/91/441 1694/30/386
f 1682/18/374 1751/92/442 1714/50/406
f 1714/50/406 1713/49/405 1682/18/374
f 1735/75/426 1738/78/429 1745/85/436
f 1745/85/436 1750/91/441 1735/75/426
f 1751/92/442 1752/93/443 1722/58/413
f 1722/58/413 1714/50/406 1751/92/442
f 1742/82/433 1741/81/432 1674/10/367
f 1674/10/367 1673/9/366 1742/82/433
f 1745/85/436 1744/84/435 1753/94/444
f 1753/94/444 1719/55/410 1745/85/436
f 1713/49/405 1699/86/391 1683/19/375
f 1683/19/375 1682/18/374 1713/49/405
f 1694/30/386 1750/91/441 1706/42/398
f 1706/42/398 1705/41/397 1694/30/386
f 1750/91/441 1745/85/436 1719/55/410
f 1719/55/410 1706/42/398 1750/91/441
f 1708/44/400 1729/68/420 1746/87/437
f 1746/87/437 1705/41/397 1708/44/400
f 1754/95/445 1730/96/421 1748/89/439
f 1748/89/439 1747/88/438 1754/95/445
f 1682/18/374 1681/17/373 1733/73/424
f 1733/73/424 1751/92/442 1682/18/374
f 1733/73/424 1737/77/428 1752/93/443
f 1752/93/443 1751/92/442 1733/73/424
f 1755/97/446 1756/98/447 1666/2/359
f 1666/2/359 1665/1/358 1755/97/446
f 1691/27/383 1757/99/448 1758/100/449
f 1758/100/449 1670/6/363 1691/27/383
f 1718/54/409 1717/53/372 1759/101/15
f 1759/101/15 1737/77/428 1718/54/409
f 1704/40/396 1726/64/417 1760/102/450
f 1760/102/450 1701/37/393 1704/40/396
f 1709/45/401 1757/99/448 1691/27/383
f 1691/27/383 1690/26/382 1709/45/401
f 1686/22/378 1761/103/451 1702/38/394
f 1702/38/394 1701/37/393 1686/22/378
f 1690/26/382 1689/25/381 1736/76/427
f 1736/76/427 1762/104/452 1690/26/382
f 1761/103/451 1680/16/372 1717/53/372
f 1717/53/372 1702/38/394 1761/103/451
f 1736/76/427 1739/79/430 1763/105/453
f 1763/105/453 1762/104/452 1736/76/427
f 1722/58/413 1764/106/454 1765/107/455
f 1765/107/455 1723/59/414 1722/58/413
f 1722/58/413 1752/93/443 1766/108/456
f 1766/108/456 1764/106/454 1722/58/413
f 1717/53/372 1680/16/372 1679/15/15
f 1679/15/15 1759/101/15 1717/53/372
f 1701/37/393 1760/102/450 1687/23/379
f 1687/23/379 1686/22/378 1701/37/393
f 1690/26/382 1762/104/452 1710/46/402
f 1710/46/402 1709/45/401 1690/26/382
f 1762/104/452 1763/105/453 1720/56/411
f 1720/56/411 1710/46/402 1762/104/452
f 1764/106/454 1744/84/435 1743/83/434
f 1743/83/434 1765/107/455 1764/106/454
f 1744/84/435 1764/106/454 1766/108/456
f 1766/108/456 1753/94/444 1744/84/435
f 1755/97/446 1725/63/416 1724/62/415
f 1724/62/415 1756/98/447 1755/97/446
f 1757/99/448 1728/67/419 1732/72/423
f 1732/72/423 1758/100/449 1757/99/448
f 1712/48/404 1728/67/419 1757/99/448
f 1757/99/448 1709/45/401 1712/48/404
f 1686/22/378 1685/21/377 1734/74/425
f 1734/74/425 1761/103/451 1686/22/378
f 1734/74/425 1677/13/370 1680/16/372
f 1680/16/372 1761/103/451 1734/74/425
f 1666/2/359 1760/102/450 1726/64/417
f 1726/64/417 1667/3/360 1666/2/359
f 1692/28/384 1691/27/383 1670/6/363
f 1670/6/363 1669/5/362 1692/28/384
f 1746/109/437 1729/110/420 1675/11/368
f 1675/11/368 1674/10/367 1746/109/437
f 1727/111/418 1749/90/440 1698/34/390
f 1698/34/390 1697/33/389 1727/111/418
f 1729/68/420 1688/24/380 1724/62/415
f 1724/62/415 1675/61/368 1729/68/420
f 1700/70/392 1692/28/384 1669/5/362
f 1669/5/362 1697/66/389 1700/70/392
f 1754/112/445 1668/4/361 1667/3/360
f 1667/3/360 1730/69/421 1754/112/445
f 1740/80/431 1767/113/457 1732/72/423
f 1732/72/423 1731/71/422 1740/80/431
f 1696/32/388 1695/114/387 1741/81/432
f 1741/81/432 1731/71/422 1696/32/388
f 1683/115/375 1699/35/391 1698/34/390
f 1698/34/390 1748/89/439 1683/115/375
f 1695/114/387 1746/109/437 1674/10/367
f 1674/10/367 1741/81/432 1695/114/387
f 1684/116/376 1683/115/375 1748/89/439
f 1748/89/439 1730/96/421 1684/116/376
f 1687/23/379 1760/102/450 1666/2/359
f 1666/2/359 1756/98/447 1687/23/379
f 1768/117/458 1671/7/364 1670/6/363
f 1670/6/363 1758/100/449 1768/117/458
f 1688/24/380 1687/23/379 1756/98/447
f 1756/98/447 1724/62/415 1688/24/380
f 1767/113/457 1768/117/458 1758/100/449
f 1758/100/449 1732/72/423 1767/113/457
f 1719/55/410 1753/94/444 1679/15/15
f 1679/15/15 1678/14/371 1719/55/410
f 1753/94/444 1766/108/456 1759/101/15
f 1759/101/15 1679/15/15 1753/94/444
f 1766/108/456 1752/93/443 1737/77/428
f 1737/77/428 1759/101/15 1766/108/456
f 1721/57/412 1720/56/411 1743/83/434
f 1743/83/434 1738/78/429 1721/57/412
f 1720/56/411 1763/105/453 1765/107/455
f 1765/107/455 1743/83/434 1720/56/411
f 1765/107/455 1763/105/453 1739/79/430
f 1739/79/430 1723/59/414 1765/107/455
f 1769/1/459 1770/2/460 1771/3/461
f 1771/3/461 1772/4/462 1769/1/459
f 1773/5/463 1774/6/464 1775/7/465
f 1775/7/465 1776/8/466 1773/5/463
f 1777/9/467 1778/10/468 1779/11/469
f 1779/11/469 1780/12/470 1777/9/467
f 1781/13/471 1782/14/472 1783/15/15
f 1783/15/15 1784/16/473 1781/13/471
f 1785/17/474 1786/18/475 1787/19/476
f 1787/19/476 1788/20/477 1785/17/474
f 1789/21/478 1790/22/479 1791/23/480
f 1791/23/480 1792/24/481 1789/21/478
f 1793/25/482 1794/26/483 1795/27/484
f 1795/27/484 1796/28/485 1793/25/482
f 1797/29/486 1798/30/487 1799/31/488
f 1799/31/488 1800/32/489 1797/29/486
f 1801/33/490 1802/34/491 1803/35/492
f 1803/35/492 1804/36/493 1801/33/490
f 1805/37/494 1806/38/495 1807/39/496
f 1807/39/496 1808/40/497 1805/37/494
f 1809/41/498 1810/42/499 1811/43/500
f 1811/43/500 1812/44/501 1809/41/498
f 1813/45/502 1814/46/503 1815/47/504
f 1815/47/504 1816/48/505 1813/45/502
f 1817/49/506 1818/50/507 1819/51/508
f 1819/51/508 1820/52/509 1817/49/506
f 1807/39/496 1806/38/495 1821/53/473
f 1821/53/473 1822/54/510 1807/39/496
f 1810/42/499 1823/55/511 1782/14/472
f 1782/14/472 1811/43/500 1810/42/499
f 1815/47/504 1814/46/503 1824/56/512
f 1824/56/512 1825/57/513 1815/47/504
f 1818/50/507 1826/58/514 1827/59/515
f 1827/59/515 1819/51/508 1818/50/507
f 1780/60/470 1779/61/469 1828/62/516
f 1828/62/516 1829/63/517 1780/60/470
f 1808/40/497 1785/17/474 1788/20/477
f 1788/20/477 1830/64/518 1808/40/497
f 1831/65/519 1801/66/490 1773/5/463
f 1773/5/463 1776/8/466 1831/65/519
f 1816/48/505 1797/29/486 1800/32/489
f 1800/32/489 1832/67/520 1816/48/505
f 1792/24/481 1833/68/521 1812/44/501
f 1812/44/501 1789/21/478 1792/24/481
f 1788/20/477 1834/69/522 1771/3/461
f 1771/3/461 1830/64/518 1788/20/477
f 1796/28/485 1804/70/493 1820/52/509
f 1820/52/509 1793/25/482 1796/28/485
f 1800/32/489 1835/71/523 1836/72/524
f 1836/72/524 1832/67/520 1800/32/489
f 1785/17/474 1808/40/497 1807/39/496
f 1807/39/496 1837/73/525 1785/17/474
f 1789/21/478 1812/44/501 1811/43/500
f 1811/43/500 1838/74/526 1789/21/478
f 1797/29/486 1816/48/505 1815/47/504
f 1815/47/504 1839/75/527 1797/29/486
f 1793/25/482 1820/52/509 1819/51/508
f 1819/51/508 1840/76/528 1793/25/482
f 1837/73/525 1807/39/496 1822/54/510
f 1822/54/510 1841/77/529 1837/73/525
f 1838/74/526 1811/43/500 1782/14/472
f 1782/14/472 1781/13/471 1838/74/526
f 1839/75/527 1815/47/504 1825/57/513
f 1825/57/513 1842/78/530 1839/75/527
f 1840/76/528 1819/51/508 1827/59/515
f 1827/59/515 1843/79/531 1840/76/528
f 1844/80/532 1835/71/523 1845/81/533
f 1845/81/533 1846/82/534 1844/80/532
f 1842/78/530 1847/83/535 1848/84/536
f 1848/84/536 1849/85/537 1842/78/530
f 1820/52/509 1804/70/493 1803/86/492
f 1803/86/492 1817/49/506 1820/52/509
f 1809/41/498 1850/87/538 1799/31/488
f 1799/31/488 1798/30/487 1809/41/498
f 1851/88/539 1852/89/540 1802/34/491
f 1802/34/491 1853/90/541 1851/88/539
f 1798/30/487 1797/29/486 1839/75/527
f 1839/75/527 1854/91/542 1798/30/487
f 1786/18/475 1855/92/543 1818/50/507
f 1818/50/507 1817/49/506 1786/18/475
f 1839/75/527 1842/78/530 1849/85/537
f 1849/85/537 1854/91/542 1839/75/527
f 1855/92/543 1856/93/544 1826/58/514
f 1826/58/514 1818/50/507 1855/92/543
f 1846/82/534 1845/81/533 1778/10/468
f 1778/10/468 1777/9/467 1846/82/534
f 1849/85/537 1848/84/536 1857/94/545
f 1857/94/545 1823/55/511 1849/85/537
f 1817/49/506 1803/86/492 1787/19/476
f 1787/19/476 1786/18/475 1817/49/506
f 1798/30/487 1854/91/542 1810/42/499
f 1810/42/499 1809/41/498 1798/30/487
f 1854/91/542 1849/85/537 1823/55/511
f 1823/55/511 1810/42/499 1854/91/542
f 1812/44/501 1833/68/521 1850/87/538
f 1850/87/538 1809/41/498 1812/44/501
f 1858/95/546 1834/96/522 1852/89/540
f 1852/89/540 1851/88/539 1858/95/546
f 1786/18/475 1785/17/474 1837/73/525
f 1837/73/525 1855/92/543 1786/18/475
f 1837/73/525 1841/77/529 1856/93/544
f 1856/93/544 1855/92/543 1837/73/525
f 1859/97/547 1860/98/548 1770/2/460
f 1770/2/460 1769/1/459 1859/97/547
f 1795/27/484 1861/99/549 1862/100/550
f 1862/100/550 1774/6/464 1795/27/484
f 1822/54/510 1821/53/473 1863/101/15
f 1863/101/15 1841/77/529 1822/54/510
f 1808/40/497 1830/64/518 1864/102/551
f 1864/102/551 1805/37/494 1808/40/497
f 1813/45/502 1861/99/549 1795/27/484
f 1795/27/484 1794/26/483 1813/45/502
f 1790/22/479 1865/103/552 1806/38/495
f 1806/38/495 1805/37/494 1790/22/479
f 1794/26/483 1793/25/482 1840/76/528
f 1840/76/528 1866/104/553 1794/26/483
f 1865/103/552 1784/16/473 1821/53/473
f 1821/53/473 1806/38/495 1865/103/552
f 1840/76/528 1843/79/531 1867/105/554
f 1867/105/554 1866/104/553 1840/76/528
f 1826/58/514 1868/106/555 1869/107/556
f 1869/107/556 1827/59/515 1826/58/514
f 1826/58/514 1856/93/544 1870/108/557
f 1870/108/557 1868/106/555 1826/58/514
f 1821/53/473 1784/16/473 1783/15/15
f 1783/15/15 1863/101/15 1821/53/473
f 1805/37/494 1864/102/551 1791/23/480
f 1791/23/480 1790/22/479 1805/37/494
f 1794/26/483 1866/104/553 1814/46/503
f 1814/46/503 1813/45/502 1794/26/483
f 1866/104/553 1867/105/554 1824/56/512
f 1824/56/512 1814/46/503 1866/104/553
f 1868/106/555 1848/84/536 1847/83/535
f 1847/83/535 1869/107/556 1868/106/555
f 1848/84/536 1868/106/555 1870/108/557
f 1870/108/557 1857/94/545 1848/84/536
f 1859/97/547 1829/63/517 1828/62/516
f 1828/62/516 1860/98/548 1859/97/547
f 1861/99/549 1832/67/520 1836/72/524
f 1836/72/524 1862/100/550 1861/99/549
f 1816/48/505 1832/67/520 1861/99/549
f 1861/99/549 1813/45/502 1816/48/505
f 1790/22/479 1789/21/478 1838/74/526
f 1838/74/526 1865/103/552 1790/22/479
f 1838/74/526 1781/13/471 1784/16/473
f 1784/16/473 1865/103/552 1838/74/526
f 1770/2/460 1864/102/551 1830/64/518
f 1830/64/518 1771/3/461 1770/2/460
f 1796/28/485 1795/27/484 1774/6/464
f 1774/6/464 1773/5/463 1796/28/485
f 1850/109/538 1833/110/521 1779/11/469
f 1779/11/469 1778/10/468 1850/109/538
f 1831/111/519 1853/90/541 1802/34/491
f 1802/34/491 1801/33/490 1831/111/519
f 1833/68/521 1792/24/481 1828/62/516
f 1828/62/516 1779/61/469 1833/68/521
f 1804/70/493 1796/28/485 1773/5/463
f 1773/5/463 1801/66/490 1804/70/493
f 1858/112/546 1772/4/462 1771/3/461
f 1771/3/461 1834/69/522 1858/112/546
f 1844/80/532 1871/113/558 1836/72/524
f 1836/72/524 1835/71/523 1844/80/532
f 1800/32/489 1799/114/488 1845/81/533
f 1845/81/533 1835/71/523 1800/32/489
f 1787/115/476 1803/35/492 1802/34/491
f 1802/34/491 1852/89/540 1787/115/476
f 1799/114/488 1850/109/538 1778/10/468
f 1778/10/468 1845/81/533 1799/114/488
f 1788/116/477 1787/115/476 1852/89/540
f 1852/89/540 1834/96/522 1788/116/477
f 1791/23/480 1864/102/551 1770/2/460
f 1770/2/460 1860/98/548 1791/23/480
f 1872/117/559 1775/7/465 1774/6/464
f 1774/6/464 1862/100/550 1872/117/559
f 1792/24/481 1791/23/480 1860/98/548
f 1860/98/548 1828/62/516 1792/24/481
f 1871/113/558 1872/117/559 1862/100/550
f 1862/100/550 1836/72/524 1871/113/558
f 1823/55/511 1857/94/545 1783/15/15
f 1783/15/15 1782/14/472 1823/55/511
f 1857/94/545 1870/108/557 1863/101/15
f 1863/101/15 1783/15/15 1857/94/545
f 1870/108/557 1856/93/544 1841/77/529
f 1841/77/529 1863/101/15 1870/108/557
f 1825/57/513 1824/56/512 1847/83/535
f 1847/83/535 1842/78/530 1825/57/513
f 1824/56/512 1867/105/554 1869/107/556
f 1869/107/556 1847/83/535 1824/56/512
f 1869/107/556 1867/105/554 1843/79/531
f 1843/79/531 1827/59/515 1869/107/556
f 1873/1/358 1874/2/359 1875/3/360
f 1875/3/360 1876/4/361 1873/1/358
f 1877/5/362 1878/6/363 1879/7/364
f 1879/7/364 1880/8/365 1877/5/362
f 1881/9/366 1882/10/367 1883/11/368
f 1883/11/368 1884/12/369 1881/9/366
f 1885/13/370 1886/14/560 1887/15/15
f 1887/15/15 1888/16/372 1885/13/370
f 1889/17/373 1890/18/374 1891/19/375
f 1891/19/375 1892/20/376 1889/17/373
f 1893/21/377 1894/22/378 1895/23/379
f 1895/23/379 1896/24/380 1893/21/377
f 1897/25/561 1898/26/382 1899/27/383
f 1899/27/383 1900/28/384 1897/25/561
f 1901/29/385 1902/30/562 1903/31/387
f 1903/31/387 1904/32/388 1901/29/385
f 1905/33/389 1906/34/390 1907/35/391
f 1907/35/391 1908/36/392 1905/33/389
f 1909/37/393 1910/38/394 1911/39/395
f 1911/39/395 1912/40/396 1909/37/393
f 1913/41/397 1914/42/398 1915/43/399
f 1915/43/399 1916/44/400 1913/41/397
f 1917/45/401 1918/46/402 1919/47/403
f 1919/47/403 1920/48/563 1917/45/401
f 1921/49/405 1922/50/406 1923/51/407
f 1923/51/407 1924/52/408 1921/49/405
f 1911/39/395 1910/38/394 1925/53/372
f 1925/53/372 1926/54/409 1911/39/395
f 1914/42/398 1927/55/410 1886/14/560
f 1886/14/560 1915/43/399 1914/42/398
f 1919/47/403 1918/46/402 1928/56/411
f 1928/56/411 1929/57/412 1919/47/403
f 1922/50/406 1930/58/413 1931/59/414
f 1931/59/414 1923/51/407 1922/50/406
f 1884/60/369 1883/61/368 1932/62/564
f 1932/62/564 1933/63/416 1884/60/369
f 1912/40/396 1889/17/373 1892/20/376
f 1892/20/376 1934/64/417 1912/40/396
f 1935/65/418 1905/66/389 1877/5/362
f 1877/5/362 1880/8/365 1935/65/418
f 1920/48/563 1901/29/385 1904/32/388
f 1904/32/388 1936/67/565 1920/48/563
f 1896/24/380 1937/68/420 1916/44/400
f 1916/44/400 1893/21/377 1896/24/380
f 1892/20/376 1938/69/421 1875/3/360
f 1875/3/360 1934/64/417 1892/20/376
f 1900/28/384 1908/70/392 1924/52/408
f 1924/52/408 1897/25/561 1900/28/384
f 1904/32/388 1939/71/422 1940/72/566
f 1940/72/566 1936/67/565 1904/32/388
f 1889/17/373 1912/40/396 1911/39/395
f 1911/39/395 1941/73/424 1889/17/373
f 1893/21/377 1916/44/400 1915/43/399
f 1915/43/399 1942/74/567 1893/21/377
f 1901/29/385 1920/48/563 1919/47/403
f 1919/47/403 1943/75/568 1901/29/385
f 1897/25/561 1924/52/408 1923/51/407
f 1923/51/407 1944/76/427 1897/25/561
f 1941/73/424 1911/39/395 1926/54/409
f 1926/54/409 1945/77/428 1941/73/424
f 1942/74/567 1915/43/399 1886/14/560
f 1886/14/560 1885/13/370 1942/74/567
f 1943/75/568 1919/47/403 1929/57/412
f 1929/57/412 1946/78/429 1943/75/568
f 1944/76/427 1923/51/407 1931/59/414
f 1931/59/414 1947/79/430 1944/76/427
f 1948/80/431 1939/71/422 1949/81/432
f 1949/81/432 1950/82/569 1948/80/431
f 1946/78/429 1951/83/434 1952/84/435
f 1952/84/435 1953/85/436 1946/78/429
f 1924/52/408 1908/70/392 1907/86/391
f 1907/86/391 1921/49/405 1924/52/408
f 1913/41/397 1954/87/437 1903/31/387
f 1903/31/387 1902/30/562 1913/41/397
f 1955/88/438 1956/89/439 1906/34/390
f 1906/34/390 1957/90/440 1955/88/438
f 1902/30/562 1901/29/385 1943/75/568
f 1943/75/568 1958/91/398 1902/30/562
f 1890/18/374 1959/92/442 1922/50/406
f 1922/50/406 1921/49/405 1890/18/374
f 1943/75/568 1946/78/429 1953/85/436
f 1953/85/436 1958/91/398 1943/75/568
f 1959/92/442 1960/93/443 1930/58/413
f 1930/58/413 1922/50/406 1959/92/442
f 1950/82/569 1949/81/432 1882/10/367
f 1882/10/367 1881/9/366 1950/82/569
f 1953/85/436 1952/84/435 1961/94/444
f 1961/94/444 1927/55/410 1953/85/436
f 1921/49/405 1907/86/391 1891/19/375
f 1891/19/375 1890/18/374 1921/49/405
f 1902/30/562 1958/91/398 1914/42/398
f 1914/42/398 1913/41/397 1902/30/562
f 1958/91/398 1953/85/436 1927/55/410
f 1927/55/410 1914/42/398 1958/91/398
f 1916/44/400 1937/68/420 1954/87/437
f 1954/87/437 1913/41/397 1916/44/400
f 1962/95/445 1938/96/421 1956/89/439
f 1956/89/439 1955/88/438 1962/95/445
f 1890/18/374 1889/17/373 1941/73/424
f 1941/73/424 1959/92/442 1890/18/374
f 1941/73/424 1945/77/428 1960/93/443
f 1960/93/443 1959/92/442 1941/73/424
f 1963/97/446 1964/98/447 1874/2/359
f 1874/2/359 1873/1/358 1963/97/446
f 1899/27/383 1965/99/448 1966/100/449
f 1966/100/449 1878/6/363 1899/27/383
f 1926/54/409 1925/53/372 1967/101/15
f 1967/101/15 1945/77/428 1926/54/409
f 1912/40/396 1934/64/417 1968/102/450
f 1968/102/450 1909/37/393 1912/40/396
f 1917/45/401 1965/99/448 1899/27/383
f 1899/27/383 1898/26/382 1917/45/401
f 1894/22/378 1969/103/451 1910/38/394
f 1910/38/394 1909/37/393 1894/22/378
f 1898/26/382 1897/25/561 1944/76/427
f 1944/76/427 1970/104/452 1898/26/382
f 1969/103/451 1888/16/372 1925/53/372
f 1925/53/372 1910/38/394 1969/103/451
f 1944/76/427 1947/79/430 1971/105/453
f 1971/105/453 1970/104/452 1944/76/427
f 1930/58/413 1972/106/454 1973/107/455
f 1973/107/455 1931/59/414 1930/58/413
f 1930/58/413 1960/93/443 1974/108/456
f 1974/108/456 1972/106/454 1930/58/413
f 1925/53/372 1888/16/372 1887/15/15
f 1887/15/15 1967/101/15 1925/53/372
f 1909/37/393 1968/102/450 1895/23/379
f 1895/23/379 1894/22/378 1909/37/393
f 1898/26/382 1970/104/452 1918/46/402
f 1918/46/402 1917/45/401 1898/26/382
f 1970/104/452 1971/105/453 1928/56/411
f 1928/56/411 1918/46/402 1970/104/452
f 1972/106/454 1952/84/435 1951/83/434
f 1951/83/434 1973/107/455 1972/106/454
f 1952/84/435 1972/106/454 1974/108/456
f 1974/108/456 1961/94/444 1952/84/435
f 1963/97/446 1933/63/416 1932/62/564
f 1932/62/564 1964/98/447 1963/97/446
f 1965/99/448 1936/67/565 1940/72/566
f 1940/72/566 1966/100/449 1965/99/448
f 1920/48/563 1936/67/565 1965/99/448
f 1965/99/448 1917/45/401 1920/48/563
f 1894/22/378 1893/21/377 1942/74/567
f 1942/74/567 1969/103/451 1894/22/378
f 1942/74/567 1885/13/370 1888/16/372
f 1888/16/372 1969/103/451 1942/74/567
f 1874/2/359 1968/102/450 1934/64/417
f 1934/64/417 1875/3/360 1874/2/359
f 1900/28/384 1899/27/383 1878/6/363
f 1878/6/363 1877/5/362 1900/28/384
f 1954/109/437 1937/110/420 1883/11/368
f 1883/11/368 1882/10/367 1954/109/437
f 1935/111/418 1957/90/440 1906/34/390
f 1906/34/390 1905/33/389 1935/111/418
f 1937/68/420 1896/24/380 1932/62/564
f 1932/62/564 1883/61/368 1937/68/420
f 1908/70/392 1900/28/384 1877/5/362
f 1877/5/362 1905/66/389 1908/70/392
f 1962/112/445 1876/4/361 1875/3/360
f 1875/3/360 1938/69/421 1962/112/445
f 1948/80/431 1975/113/457 1940/72/566
f 1940/72/566 1939/71/422 1948/80/431
f 1904/32/388 1903/114/387 1949/81/432
f 1949/81/432 1939/71/422 1904/32/388
f 1891/115/375 1907/35/391 1906/34/390
f 1906/34/390 1956/89/439 1891/115/375
f 1903/114/387 1954/109/437 1882/10/367
f 1882/10/367 1949/81/432 1903/114/387
f 1892/116/376 1891/115/375 1956/89/439
f 1956/89/439 1938/96/421 1892/116/376
f 1895/23/379 1968/102/450 1874/2/359
f 1874/2/359 1964/98/447 1895/23/379
f 1976/117/458 1879/7/364 1878/6/363
f 1878/6/363 1966/100/449 1976/117/458
f 1896/24/380 1895/23/379 1964/98/447
f 1964/98/447 1932/62/564 1896/24/380
f 1975/113/457 1976/117/458 1966/100/449
f 1966/100/449 1940/72/566 1975/113/457
f 1927/55/410 1961/94/444 1887/15/15
f 1887/15/15 1886/14/560 1927/55/410
f 1961/94/444 1974/108/456 1967/101/15
f 1967/101/15 1887/15/15 1961/94/444
f 1974/108/456 1960/93/443 1945/77/428
f 1945/77/428 1967/101/15 1974/108/456
f 1929/57/412 1928/56/411 1951/83/434
f 1951/83/434 1946/78/429 1929/57/412
f 1928/56/411 1971/105/453 1973/107/455
f 1973/107/455 1951/83/434 1928/56/411
f 1973/107/455 1971/105/453 1947/79/430
f 1947/79/430 1931/59/414 1973/107/455
f 1977/1/459 1978/2/460 1979/3/461
f 1979/3/461 1980/4/462 1977/1/459
f 1981/5/463 1982/6/464 1983/7/465
f 1983/7/465 1984/8/466 1981/5/463
f 1985/9/467 1986/10/468 1987/11/469
f 1987/11/469 1988/12/470 1985/9/467
f 1989/13/471 1990/14/472 1991/15/15
f 1991/15/15 1992/16/473 1989/13/471
f 1993/17/474 1994/18/475 1995/19/476
f 1995/19/476 1996/20/477 1993/17/474
f 1997/21/570 1998/22/479 1999/23/480
f 1999/23/480 2000/24/481 1997/21/570
f 2001/25/482 2002/26/483 2003/27/484
f 2003/27/484 2004/28/485 2001/25/482
f 2005/29/571 2006/30/572 2007/31/488
f 2007/31/488 2008/32/489 2005/29/571
f 2009/33/490 2010/34/491 2011/35/492
f 2011/35/492 2012/36/493 2009/33/490
f 2013/37/494 2014/38/495 2015/39/496
f 2015/39/496 2016/40/497 2013/37/494
f 2017/41/573 2018/42/574 2019/43/500
f 2019/43/500 2020/44/575 2017/41/573
f 2021/45/502 2022/46/503 2023/47/504
f 2023/47/504 2024/48/505 2021/45/502
f 2025/49/506 2026/50/507 2027/51/508
f 2027/51/508 2028/52/509 2025/49/506
f 2015/39/496 2014/38/495 2029/53/473
f 2029/53/473 2030/54/510 2015/39/496
f 2018/42/574 2031/55/511 1990/14/472
f 1990/14/472 2019/43/500 2018/42/574
f 2023/47/504 2022/46/503 2032/56/512
f 2032/56/512 2033/57/513 2023/47/504
f 2026/50/507 2034/58/514 2035/59/515
f 2035/59/515 2027/51/508 2026/50/507
f 1988/60/470 1987/61/469 2036/62/516
f 2036/62/516 2037/63/517 1988/60/470
f 2016/40/497 1993/17/474 1996/20/477
f 1996/20/477 2038/64/518 2016/40/497
f 2039/65/519 2009/66/490 1981/5/463
f 1981/5/463 1984/8/466 2039/65/519
f 2024/48/505 2005/29/571 2008/32/489
f 2008/32/489 2040/67/520 2024/48/505
f 2000/24/481 2041/68/521 2020/44/575
f 2020/44/575 1997/21/570 2000/24/481
f 1996/20/477 2042/69/522 1979/3/461
f 1979/3/461 2038/64/518 1996/20/477
f 2004/28/485 2012/70/493 2028/52/509
f 2028/52/509 2001/25/482 2004/28/485
f 2008/32/489 2043/71/523 2044/72/524
f 2044/72/524 2040/67/520 2008/32/489
f 1993/17/474 2016/40/497 2015/39/496
f 2015/39/496 2045/73/525 1993/17/474
f 1997/21/570 2020/44/575 2019/43/500
f 2019/43/500 2046/74/526 1997/21/570
f 2005/29/571 2024/48/505 2023/47/504
f 2023/47/504 2047/75/527 2005/29/571
f 2001/25/482 2028/52/509 2027/51/508
f 2027/51/508 2048/76/528 2001/25/482
f 2045/73/525 2015/39/496 2030/54/510
f 2030/54/510 2049/77/529 2045/73/525
f 2046/74/526 2019/43/500 1990/14/472
f 1990/14/472 1989/13/471 2046/74/526
f 2047/75/527 2023/47/504 2033/57/513
f 2033/57/513 2050/78/576 2047/75/527
f 2048/76/528 2027/51/508 2035/59/515
f 2035/59/515 2051/79/531 2048/76/528
f 2052/80/532 2043/71/523 2053/81/533
f 2053/81/533 2054/82/534 2052/80/532
f 2050/78/576 2055/83/535 2056/84/536
f 2056/84/536 2057/85/537 2050/78/576
f 2028/52/509 2012/70/493 2011/86/492
f 2011/86/492 2025/49/506 2028/52/509
f 2017/41/573 2058/87/577 2007/31/488
f 2007/31/488 2006/30/572 2017/41/573
f 2059/88/539 2060/89/540 2010/34/491
f 2010/34/491 2061/90/541 2059/88/539
f 2006/30/572 2005/29/571 2047/75/527
f 2047/75/527 2062/91/499 2006/30/572
f 1994/18/475 2063/92/578 2026/50/507
f 2026/50/507 2025/49/506 1994/18/475
f 2047/75/527 2050/78/576 2057/85/537
f 2057/85/537 2062/91/499 2047/75/527
f 2063/92/578 2064/93/544 2034/58/514
f 2034/58/514 2026/50/507 2063/92/578
f 2054/82/534 2053/81/533 1986/10/468
f 1986/10/468 1985/9/467 2054/82/534
f 2057/85/537 2056/84/536 2065/94/545
f 2065/94/545 2031/55/511 2057/85/537
f 2025/49/506 2011/86/492 1995/19/476
f 1995/19/476 1994/18/475 2025/49/506
f 2006/30/572 2062/91/499 2018/42/574
f 2018/42/574 2017/41/573 2006/30/572
f 2062/91/499 2057/85/537 2031/55/511
f 2031/55/511 2018/42/574 2062/91/499
f 2020/44/575 2041/68/521 2058/87/577
f 2058/87/577 2017/41/573 2020/44/575
f 2066/95/546 2042/96/522 2060/89/540
f 2060/89/540 2059/88/539 2066/95/546
f 1994/18/475 1993/17/474 2045/73/525
f 2045/73/525 2063/92/578 1994/18/475
f 2045/73/525 2049/77/529 2064/93/544
f 2064/93/544 2063/92/578 2045/73/525
f 2067/97/547 2068/98/548 1978/2/460
f 1978/2/460 1977/1/459 2067/97/547
f 2003/27/484 2069/99/549 2070/100/550
f 2070/100/550 1982/6/464 2003/27/484
f 2030/54/510 2029/53/473 2071/101/15
f 2071/101/15 2049/77/529 2030/54/510
f 2016/40/497 2038/64/518 2072/102/551
f 2072/102/551 2013/37/494 2016/40/497
f 2021/45/502 2069/99/549 2003/27/484
f 2003/27/484 2002/26/483 2021/45/502
f 1998/22/479 2073/103/552 2014/38/495
f 2014/38/495 2013/37/494 1998/22/479
f 2002/26/483 2001/25/482 2048/76/528
f 2048/76/528 2074/104/553 2002/26/483
f 2073/103/552 1992/16/473 2029/53/473
f 2029/53/473 2014/38/495 2073/103/552
f 2048/76/528 2051/79/531 2075/105/554
f 2075/105/554 2074/104/553 2048/76/528
f 2034/58/514 2076/106/555 2077/107/556
f 2077/107/556 2035/59/515 2034/58/514
f 2034/58/514 2064/93/544 2078/108/557
f 2078/108/557 2076/106/555 2034/58/514
f 2029/53/473 1992/16/473 1991/15/15
f 1991/15/15 2071/101/15 2029/53/473
f 2013/37/494 2072/102/551 1999/23/480
f 1999/23/480 1998/22/479 2013/37/494
f 2002/26/483 2074/104/553 2022/46/503
f 2022/46/503 2021/45/502 2002/26/483
f 2074/104/553 2075/105/554 2032/56/512
f 2032/56/512 2022/46/503 2074/104/553
f 2076/106/555 2056/84/536 2055/83/535
f 2055/83/535 2077/107/556 2076/106/555
f 2056/84/536 2076/106/555 2078/108/557
f 2078/108/557 2065/94/545 2056/84/536
f 2067/97/547 2037/63/517 2036/62/516
f 2036/62/516 2068/98/548 2067/97/547
f 2069/99/549 2040/67/520 2044/72/524
f 2044/72/524 2070/100/550 2069/99/549
f 2024/48/505 2040/67/520 2069/99/549
f 2069/99/549 2021/45/502 2024/48/505
f 1998/22/479 1997/21/570 2046/74/526
f 2046/74/526 2073/103/552 1998/22/479
f 2046/74/526 1989/13/471 1992/16/473
f 1992/16/473 2073/103/552 2046/74/526
f 1978/2/460 2072/102/551 2038/64/518
f 2038/64/518 1979/3/461 1978/2/460
f 2004/28/485 2003/27/484 1982/6/464
f 1982/6/464 1981/5/463 2004/28/485
f 2058/109/577 2041/110/521 1987/11/469
f 1987/11/469 1986/10/468 2058/109/577
f 2039/111/519 2061/90/541 2010/34/491
f 2010/34/491 2009/33/490 2039/111/519
f 2041/68/521 2000/24/481 2036/62/516
f 2036/62/516 1987/61/469 2041/68/521
f 2012/70/493 2004/28/485 1981/5/463
f 1981/5/463 2009/66/490 2012/70/493
f 2066/112/546 1980/4/462 1979/3/461
f 1979/3/461 2042/69/522 2066/112/546
f 2052/80/532 2079/113/558 2044/72/524
f 2044/72/524 2043/71/523 2052/80/532
f 2008/32/489 2007/114/488 2053/81/533
f 2053/81/533 2043/71/523 2008/32/489
f 1995/115/476 2011/35/492 2010/34/491
f 2010/34/491 2060/89/540 1995/115/476
f 2007/114/488 2058/109/577 1986/10/468
f 1986/10/468 2053/81/533 2007/114/488
f 1996/116/477 1995/115/476 2060/89/540
f 2060/89/540 2042/96/522 1996/116/477
f 1999/23/480 2072/102/551 1978/2/460
f 1978/2/460 2068/98/548 1999/23/480
f 2080/117/559 1983/7/465 1982/6/464
f 1982/6/464 2070/100/550 2080/117/559
f 2000/24/481 1999/23/480 2068/98/548
f 2068/98/548 2036/62/516 2000/24/481
f 2079/113/558 2080/117/559 2070/100/550
f 2070/100/550 2044/72/524 2079/113/558
f 2031/55/511 2065/94/545 1991/15/15
f 1991/15/15 1990/14/472 2031/55/511
f 2065/94/545 2078/108/557 2071/101/15
f 2071/101/15 1991/15/15 2065/94/545
f 2078/108/557 2064/93/544 2049/77/529
f 2049/77/529 2071/101/15 2078/108/557
f 2033/57/513 2032/56/512 2055/83/535
f 2055/83/535 2050/78/576 2033/57/513
f 2032/56/512 2075/105/554 2077/107/556
f 2077/107/556 2055/83/535 2032/56/512
f 2077/107/556 2075/105/554 2051/79/531
f 2051/79/531 2035/59/515 2077/107/556
f 2081/1/358 2082/2/359 2083/3/360
f 2083/3/360 2084/4/361 2081/1/358
f 2085/5/362 2086/6/363 2087/7/364
f 2087/7/364 2088/8/365 2085/5/362
f 2089/9/366 2090/10/367 2091/11/368
f 2091/11/368 2092/12/369 2089/9/366
f 2093/13/370 2094/14/560 2095/15/15
f 2095/15/15 2096/16/372 2093/13/370
f 2097/17/373 2098/18/374 2099/19/375
f 2099/19/375 2100/20/376 2097/17/373
f 2101/21/377 2102/22/378 2103/23/379
f 2103/23/379 2104/24/380 2101/21/377
f 2105/25/381 2106/26/382 2107/27/383
f 2107/27/383 2108/28/384 2105/25/381
f 2109/29/385 2110/30/562 2111/31/387
f 2111/31/387 2112/32/388 2109/29/385
f 2113/33/389 2114/34/390 2115/35/391
f 2115/35/391 2116/36/392 2113/33/389
f 2117/37/393 2118/38/394 2119/39/395
f 2119/39/395 2120/40/396 2117/37/393
f 2121/41/397 2122/42/398 2123/43/399
f 2123/43/399 2124/44/400 2121/41/397
f 2125/45/401 2126/46/402 2127/47/579
f 2127/47/579 2128/48/563 2125/45/401
f 2129/49/405 2130/50/406 2131/51/407
f 2131/51/407 2132/52/408 2129/49/405
f 2119/39/395 2118/38/394 2133/53/372
f 2133/53/372 2134/54/409 2119/39/395
f 2122/42/398 2135/55/410 2094/14/560
f 2094/14/560 2123/43/399 2122/42/398
f 2127/47/579 2126/46/402 2136/56/411
f 2136/56/411 2137/57/412 2127/47/579
f 2130/50/406 2138/58/413 2139/59/414
f 2139/59/414 2131/51/407 2130/50/406
f 2092/60/369 2091/61/368 2140/62/564
f 2140/62/564 2141/63/416 2092/60/369
f 2120/40/396 2097/17/373 2100/20/376
f 2100/20/376 2142/64/417 2120/40/396
f 2143/65/418 2113/66/389 2085/5/362
f 2085/5/362 2088/8/365 2143/65/418
f 2128/48/563 2109/29/385 2112/32/388
f 2112/32/388 2144/67/419 2128/48/563
f 2104/24/380 2145/68/420 2124/44/400
f 2124/44/400 2101/21/377 2104/24/380
f 2100/20/376 2146/69/421 2083/3/360
f 2083/3/360 2142/64/417 2100/20/376
f 2108/28/384 2116/70/392 2132/52/408
f 2132/52/408 2105/25/381 2108/28/384
f 2112/32/388 2147/71/422 2148/72/566
f 2148/72/566 2144/67/419 2112/32/388
f 2097/17/373 2120/40/396 2119/39/395
f 2119/39/395 2149/73/424 2097/17/373
f 2101/21/377 2124/44/400 2123/43/399
f 2123/43/399 2150/74/567 2101/21/377
f 2109/29/385 2128/48/563 2127/47/579
f 2127/47/579 2151/75/568 2109/29/385
f 2105/25/381 2132/52/408 2131/51/407
f 2131/51/407 2152/76/427 2105/25/381
f 2149/73/424 2119/39/395 2134/54/409
f 2134/54/409 2153/77/428 2149/73/424
f 2150/74/567 2123/43/399 2094/14/560
f 2094/14/560 2093/13/370 2150/74/567
f 2151/75/568 2127/47/579 2137/57/412
f 2137/57/412 2154/78/429 2151/75/568
f 2152/76/427 2131/51/407 2139/59/414
f 2139/59/414 2155/79/430 2152/76/427
f 2156/80/431 2147/71/422 2157/81/432
f 2157/81/432 2158/82/569 2156/80/431
f 2154/78/429 2159/83/434 2160/84/435
f 2160/84/435 2161/85/436 2154/78/429
f 2132/52/408 2116/70/392 2115/86/391
f 2115/86/391 2129/49/405 2132/52/408
f 2121/41/397 2162/87/437 2111/31/387
f 2111/31/387 2110/30/562 2121/41/397
f 2163/88/438 2164/89/439 2114/34/390
f 2114/34/390 2165/90/440 2163/88/438
f 2110/30/562 2109/29/385 2151/75/568
f 2151/75/568 2166/91/398 2110/30/562
f 2098/18/374 2167/92/442 2130/50/406
f 2130/50/406 2129/49/405 2098/18/374
f 2151/75/568 2154/78/429 2161/85/436
f 2161/85/436 2166/91/398 2151/75/568
f 2167/92/442 2168/93/443 2138/58/413
f 2138/58/413 2130/50/406 2167/92/442
f 2158/82/569 2157/81/432 2090/10/367
f 2090/10/367 2089/9/366 2158/82/569
f 2161/85/436 2160/84/435 2169/94/444
f 2169/94/444 2135/55/410 2161/85/436
f 2129/49/405 2115/86/391 2099/19/375
f 2099/19/375 2098/18/374 2129/49/405
f 2110/30/562 2166/91/398 2122/42/398
f 2122/42/398 2121/41/397 2110/30/562
f 2166/91/398 2161/85/436 2135/55/410
f 2135/55/410 2122/42/398 2166/91/398
f 2124/44/400 2145/68/420 2162/87/437
f 2162/87/437 2121/41/397 2124/44/400
f 2170/95/445 2146/96/421 2164/89/439
f 2164/89/439 2163/88/438 2170/95/445
f 2098/18/374 2097/17/373 2149/73/424
f 2149/73/424 2167/92/442 2098/18/374
f 2149/73/424 2153/77/428 2168/93/443
f 2168/93/443 2167/92/442 2149/73/424
f 2171/97/446 2172/98/447 2082/2/359
f 2082/2/359 2081/1/358 2171/97/446
f 2107/27/383 2173/99/448 2174/100/449
f 2174/100/449 2086/6/363 2107/27/383
f 2134/54/409 2133/53/372 2175/101/15
f 2175/101/15 2153/77/428 2134/54/409
f 2120/40/396 2142/64/417 2176/102/450
f 2176/102/450 2117/37/393 2120/40/396
f 2125/45/401 2173/99/448 2107/27/383
f 2107/27/383 2106/26/382 2125/45/401
f 2102/22/378 2177/103/451 2118/38/394
f 2118/38/394 2117/37/393 2102/22/378
f 2106/26/382 2105/25/381 2152/76/427
f 2152/76/427 2178/104/452 2106/26/382
f 2177/103/451 2096/16/372 2133/53/372
f 2133/53/372 2118/38/394 2177/103/451
f 2152/76/427 2155/79/430 2179/105/453
f 2179/105/453 2178/104/452 2152/76/427
f 2138/58/413 2180/106/454 2181/107/455
f 2181/107/455 2139/59/414 2138/58/413
f 2138/58/413 2168/93/443 2182/108/456
f 2182/108/456 2180/106/454 2138/58/413
f 2133/53/372 2096/16/372 2095/15/15
f 2095/15/15 2175/101/15 2133/53/372
f 2117/37/393 2176/102/450 2103/23/379
f 2103/23/379 2102/22/378 2117/37/393
f 2106/26/382 2178/104/452 2126/46/402
f 2126/46/402 2125/45/401 2106/26/382
f 2178/104/452 2179/105/453 2136/56/411
f 2136/56/411 2126/46/402 2178/104/452
f 2180/106/454 2160/84/435 2159/83/434
f 2159/83/434 2181/107/455 2180/106/454
f 2160/84/435 2180/106/454 2182/108/456
f 2182/108/456 2169/94/444 2160/84/435
f 2171/97/446 2141/63/416 2140/62/564
f 2140/62/564 2172/98/447 2171/97/446
f 2173/99/448 2144/67/419 2148/72/566
f 2148/72/566 2174/100/449 2173/99/448
f 2128/48/563 2144/67/419 2173/99/448
f 2173/99/448 2125/45/401 2128/48/563
f 2102/22/378 2101/21/377 2150/74/567
f 2150/74/567 2177/103/451 2102/22/378
f 2150/74/567 2093/13/370 2096/16/372
f 2096/16/372 2177/103/451 2150/74/567
f 2082/2/359 2176/102/450 2142/64/417
f 2142/64/417 2083/3/360 2082/2/359
f 2108/28/384 2107/27/383 2086/6/363
f 2086/6/363 2085/5/362 2108/28/384
f 2162/109/437 2145/110/420 2091/11/368
f 2091/11/368 2090/10/367 2162/109/437
f 2143/111/418 2165/90/440 2114/34/390
f 2114/34/390 2113/33/389 2143/111/418
f 2145/68/420 2104/24/380 2140/62/564
f 2140/62/564 2091/61/368 2145/68/420
f 2116/70/392 2108/28/384 2085/5/362
f 2085/5/362 2113/66/389 2116/70/392
f 2170/112/445 2084/4/361 2083/3/360
f 2083/3/360 2146/69/421 2170/112/445
f 2156/80/431 2183/113/457 2148/72/566
f 2148/72/566 2147/71/422 2156/80/431
f 2112/32/388 2111/114/387 2157/81/432
f 2157/81/432 2147/71/422 2112/32/388
f 2099/115/375 2115/35/391 2114/34/390
f 2114/34/390 2164/89/439 2099/115/375
f 2111/114/387 2162/109/437 2090/10/367
f 2090/10/367 2157/81/432 2111/114/387
f 2100/116/376 2099/115/375 2164/89/439
f 2164/89/439 2146/96/421 2100/116/376
f 2103/23/379 2176/102/450 2082/2/359
f 2082/2/359 2172/98/447 2103/23/379
f 2184/117/458 2087/7/364 2086/6/363
f 2086/6/363 2174/100/449 2184/117/458
f 2104/24/380 2103/23/379 2172/98/447
f 2172/98/447 2140/62/564 2104/24/380
f 2183/113/457 2184/117/458 2174/100/449
f 2174/100/449 2148/72/566 2183/113/457
f 2135/55/410 2169/94/444 2095/15/15
f 2095/15/15 2094/14/560 2135/55/410
f 2169/94/444 2182/108/456 2175/101/15
f 2175/101/15 2095/15/15 2169/94/444
f 2182/108/456 2168/93/443 2153/77/428
f 2153/77/428 2175/101/15 2182/108/456
f 2137/57/412 2136/56/411 2159/83/434
f 2159/83/434 2154/78/429 2137/57/412
f 2136/56/411 2179/105/453 2181/107/455
f 2181/107/455 2159/83/434 2136/56/411
f 2181/107/455 2179/105/453 2155/79/430
f 2155/79/430 2139/59/414 2181/107/455
f 2185/1/459 2186/2/460 2187/3/461
f 2187/3/461 2188/4/462 2185/1/459
f 2189/5/463 2190/6/464 2191/7/465
f 2191/7/465 2192/8/466 2189/5/463
f 2193/9/467 2194/10/468 2195/11/469
f 2195/11/469 2196/12/470 2193/9/467
f 2197/13/471 2198/14/472 2199/15/15
f 2199/15/15 2200/16/473 2197/13/471
f 2201/17/474 2202/18/580 2203/19/581
f 2203/19/581 2204/20/582 2201/17/474
f 2205/21/570 2206/22/479 2207/23/480
f 2207/23/480 2208/24/481 2205/21/570
f 2209/25/482 2210/26/483 2211/27/484
f 2211/27/484 2212/28/583 2209/25/482
f 2213/29/571 2214/30/572 2215/31/488
f 2215/31/488 2216/32/489 2213/29/571
f 2217/33/490 2218/34/491 2219/35/492
f 2219/35/492 2220/36/493 2217/33/490
f 2221/37/494 2222/38/495 2223/39/496
f 2223/39/496 2224/40/497 2221/37/494
f 2225/41/573 2226/42/574 2227/43/500
f 2227/43/500 2228/44/575 2225/41/573
f 2229/45/502 2230/46/503 2231/47/504
f 2231/47/504 2232/48/505 2229/45/502
f 2233/49/584 2234/50/507 2235/51/508
f 2235/51/508 2236/52/509 2233/49/584
f 2223/39/496 2222/38/495 2237/53/473
f 2237/53/473 2238/54/510 2223/39/496
f 2226/42/574 2239/55/511 2198/14/472
f 2198/14/472 2227/43/500 2226/42/574
f 2231/47/504 2230/46/503 2240/56/512
f 2240/56/512 2241/57/513 2231/47/504
f 2234/50/507 2242/58/514 2243/59/515
f 2243/59/515 2235/51/508 2234/50/507
f 2196/60/470 2195/61/469 2244/62/516
f 2244/62/516 2245/63/517 2196/60/470
f 2224/40/497 2201/17/474 2204/20/582
f 2204/20/582 2246/64/518 2224/40/497
f 2247/65/519 2217/66/490 2189/5/463
f 2189/5/463 2192/8/466 2247/65/519
f 2232/48/505 2213/29/571 2216/32/489
f 2216/32/489 2248/67/520 2232/48/505
f 2208/24/481 2249/68/521 2228/44/575
f 2228/44/575 2205/21/570 2208/24/481
f 2204/20/582 2250/69/522 2187/3/461
f 2187/3/461 2246/64/518 2204/20/582
f 2212/28/583 2220/70/493 2236/52/509
f 2236/52/509 2209/25/482 2212/28/583
f 2216/32/489 2251/71/523 2252/72/524
f 2252/72/524 2248/67/520 2216/32/489
f 2201/17/474 2224/40/497 2223/39/496
f 2223/39/496 2253/73/525 2201/17/474
f 2205/21/570 2228/44/575 2227/43/500
f 2227/43/500 2254/74/526 2205/21/570
f 2213/29/571 2232/48/505 2231/47/504
f 2231/47/504 2255/75/527 2213/29/571
f 2209/25/482 2236/52/509 2235/51/508
f 2235/51/508 2256/76/528 2209/25/482
f 2253/73/525 2223/39/496 2238/54/510
f 2238/54/510 2257/77/529 2253/73/525
f 2254/74/526 2227/43/500 2198/14/472
f 2198/14/472 2197/13/471 2254/74/526
f 2255/75/527 2231/47/504 2241/57/513
f 2241/57/513 2258/78/576 2255/75/527
f 2256/76/528 2235/51/508 2243/59/515
f 2243/59/515 2259/79/531 2256/76/528
f 2260/80/532 2251/71/523 2261/81/533
f 2261/81/533 2262/82/534 2260/80/532
f 2258/78/576 2263/83/535 2264/84/536
f 2264/84/536 2265/85/537 2258/78/576
f 2236/52/509 2220/70/493 2219/86/492
f 2219/86/492 2233/49/584 2236/52/509
f 2225/41/573 2266/87/577 2215/31/488
f 2215/31/488 2214/30/572 2225/41/573
f 2267/88/539 2268/89/540 2218/34/491
f 2218/34/491 2269/90/541 2267/88/539
f 2214/30/572 2213/29/571 2255/75/527
f 2255/75/527 2270/91/499 2214/30/572
f 2202/18/580 2271/92/543 2234/50/507
f 2234/50/507 2233/49/584 2202/18/580
f 2255/75/527 2258/78/576 2265/85/537
f 2265/85/537 2270/91/499 2255/75/527
f 2271/92/543 2272/93/544 2242/58/514
f 2242/58/514 2234/50/507 2271/92/543
f 2262/82/534 2261/81/533 2194/10/468
f 2194/10/468 2193/9/467 2262/82/534
f 2265/85/537 2264/84/536 2273/94/545
f 2273/94/545 2239/55/511 2265/85/537
f 2233/49/584 2219/86/492 2203/19/581
f 2203/19/581 2202/18/580 2233/49/584
f 2214/30/572 2270/91/499 2226/42/574
f 2226/42/574 2225/41/573 2214/30/572
f 2270/91/499 2265/85/537 2239/55/511
f 2239/55/511 2226/42/574 2270/91/499
f 2228/44/575 2249/68/521 2266/87/577
f 2266/87/577 2225/41/573 2228/44/575
f 2274/95/546 2250/96/522 2268/89/540
f 2268/89/540 2267/88/539 2274/95/546
f 2202/18/580 2201/17/474 2253/73/525
f 2253/73/525 2271/92/543 2202/18/580
f 2253/73/525 2257/77/529 2272/93/544
f 2272/93/544 2271/92/543 2253/73/525
f 2275/97/547 2276/98/548 2186/2/460
f 2186/2/460 2185/1/459 2275/97/547
f 2211/27/484 2277/99/549 2278/100/550
f 2278/100/550 2190/6/464 2211/27/484
f 2238/54/510 2237/53/473 2279/101/15
f 2279/101/15 2257/77/529 2238/54/510
f 2224/40/497 2246/64/518 2280/102/551
f 2280/102/551 2221/37/494 2224/40/497
f 2229/45/502 2277/99/549 2211/27/484
f 2211/27/484 2210/26/483 2229/45/502
f 2206/22/479 2281/103/552 2222/38/495
f 2222/38/495 2221/37/494 2206/22/479
f 2210/26/483 2209/25/482 2256/76/528
f 2256/76/528 2282/104/553 2210/26/483
f 2281/103/552 2200/16/473 2237/53/473
f 2237/53/473 2222/38/495 2281/103/552
f 2256/76/528 2259/79/531 2283/105/554
f 2283/105/554 2282/104/553 2256/76/528
f 2242/58/514 2284/106/555 2285/107/556
f 2285/107/556 2243/59/515 2242/58/514
f 2242/58/514 2272/93/544 2286/108/557
f 2286/108/557 2284/106/555 2242/58/514
f 2237/53/473 2200/16/473 2199/15/15
f 2199/15/15 2279/101/15 2237/53/473
f 2221/37/494 2280/102/551 2207/23/480
f 2207/23/480 2206/22/479 2221/37/494
f 2210/26/483 2282/104/553 2230/46/503
f 2230/46/503 2229/45/502 2210/26/483
f 2282/104/553 2283/105/554 2240/56/512
f 2240/56/512 2230/46/503 2282/104/553
f 2284/106/555 2264/84/536 2263/83/535
f 2263/83/535 2285/107/556 2284/106/555
f 2264/84/536 2284/106/555 2286/108/557
f 2286/108/557 2273/94/545 2264/84/536
f 2275/97/547 2245/63/517 2244/62/516
f 2244/62/516 2276/98/548 2275/97/547
f 2277/99/549 2248/67/520 2252/72/524
f 2252/72/524 2278/100/550 2277/99/549
f 2232/48/505 2248/67/520 2277/99/549
f 2277/99/549 2229/45/502 2232/48/505
f 2206/22/479 2205/21/570 2254/74/526
f 2254/74/526 2281/103/552 2206/22/479
f 2254/74/526 2197/13/471 2200/16/473
f 2200/16/473 2281/103/552 2254/74/526
f 2186/2/460 2280/102/551 2246/64/518
f 2246/64/518 2187/3/461 2186/2/460
f 2212/28/583 2211/27/484 2190/6/464
f 2190/6/464 2189/5/463 2212/28/583
f 2266/109/577 2249/110/521 2195/11/469
f 2195/11/469 2194/10/468 2266/109/577
f 2247/111/519 2269/90/541 2218/34/491
f 2218/34/491 2217/33/490 2247/111/519
f 2249/68/521 2208/24/481 2244/62/516
f 2244/62/516 2195/61/469 2249/68/521
f 2220/70/493 2212/28/583 2189/5/463
f 2189/5/463 2217/66/490 2220/70/493
f 2274/112/546 2188/4/462 2187/3/461
f 2187/3/461 2250/69/522 2274/112/546
f 2260/80/532 2287/113/558 2252/72/524
f 2252/72/524 2251/71/523 2260/80/532
f 2216/32/489 2215/114/488 2261/81/533
f 2261/81/533 2251/71/523 2216/32/489
f 2203/115/581 2219/35/492 2218/34/491
f 2218/34/491 2268/89/540 2203/115/581
f 2215/114/488 2266/109/577 2194/10/468
f 2194/10/468 2261/81/533 2215/114/488
f 2204/116/582 2203/115/581 2268/89/540
f 2268/89/540 2250/96/522 2204/116/582
f 2207/23/480 2280/102/551 2186/2/460
f 2186/2/460 2276/98/548 2207/23/480
f 2288/117/559 2191/7/465 2190/6/464
f 2190/6/464 2278/100/550 2288/117/559
f 2208/24/481 2207/23/480 2276/98/548
f 2276/98/548 2244/62/516 2208/24/481
f 2287/113/558 2288/117/559 2278/100/550
f 2278/100/550 2252/72/524 2287/113/558
f 2239/55/511 2273/94/545 2199/15/15
f 2199/15/15 2198/14/472 2239/55/511
f 2273/94/545 2286/108/557 2279/101/15
f 2279/101/15 2199/15/15 2273/94/545
f 2286/108/557 2272/93/544 2257/77/529
f 2257/77/529 2279/101/15 2286/108/557
f 2241/57/513 2240/56/512 2263/83/535
f 2263/83/535 2258/78/576 2241/57/513
f 2240/56/512 2283/105/554 2285/107/556
f 2285/107/556 2263/83/535 2240/56/512
f 2285/107/556 2283/105/554 2259/79/531
f 2259/79/531 2243/59/515 2285/107/556
f 2289/1/358 2290/2/359 2291/3/360
f 2291/3/360 2292/4/361 2289/1/358
f 2293/5/362 2294/6/363 2295/7/364
f 2295/7/364 2296/8/365 2293/5/362
f 2297/9/366 2298/10/367 2299/11/368
f 2299/11/368 2300/12/369 2297/9/366
f 2301/13/370 2302/14/560 2303/15/15
f 2303/15/15 2304/16/372 2301/13/370
f 2305/17/373 2306/18/374 2307/19/375
f 2307/19/375 2308/20/585 2305/17/373
f 2309/21/377 2310/22/378 2311/23/379
f 2311/23/379 2312/24/380 2309/21/377
f 2313/25/561 2314/26/382 2315/27/383
f 2315/27/383 2316/28/384 2313/25/561
f 2317/29/385 2318/30/562 2319/31/387
f 2319/31/387 2320/32/388 2317/29/385
f 2321/33/389 2322/34/390 2323/35/391
f 2323/35/391 2324/36/392 2321/33/389
f 2325/37/393 2326/38/394 2327/39/395
f 2327/39/395 2328/40/396 2325/37/393
f 2329/41/397 2330/42/398 2331/43/399
f 2331/43/399 2332/44/400 2329/41/397
f 2333/45/401 2334/46/402 2335/47/403
f 2335/47/403 2336/48/563 2333/45/401
f 2337/49/405 2338/50/406 2339/51/407
f 2339/51/407 2340/52/408 2337/49/405
f 2327/39/395 2326/38/394 2341/53/372
f 2341/53/372 2342/54/409 2327/39/395
f 2330/42/398 2343/55/410 2302/14/560
f 2302/14/560 2331/43/399 2330/42/398
f 2335/47/403 2334/46/402 2344/56/411
f 2344/56/411 2345/57/412 2335/47/403
f 2338/50/406 2346/58/413 2347/59/414
f 2347/59/414 2339/51/407 2338/50/406
f 2300/60/369 2299/61/368 2348/62/415
f 2348/62/415 2349/63/416 2300/60/369
f 2328/40/396 2305/17/373 2308/20/585
f 2308/20/585 2350/64/417 2328/40/396
f 2351/65/418 2321/66/389 2293/5/362
f 2293/5/362 2296/8/365 2351/65/418
f 2336/48/563 2317/29/385 2320/32/388
f 2320/32/388 2352/67/565 2336/48/563
f 2312/24/380 2353/68/420 2332/44/400
f 2332/44/400 2309/21/377 2312/24/380
f 2308/20/585 2354/69/421 2291/3/360
f 2291/3/360 2350/64/417 2308/20/585
f 2316/28/384 2324/70/392 2340/52/408
f 2340/52/408 2313/25/561 2316/28/384
f 2320/32/388 2355/71/422 2356/72/423
f 2356/72/423 2352/67/565 2320/32/388
f 2305/17/373 2328/40/396 2327/39/395
f 2327/39/395 2357/73/424 2305/17/373
f 2309/21/377 2332/44/400 2331/43/399
f 2331/43/399 2358/74/567 2309/21/377
f 2317/29/385 2336/48/563 2335/47/403
f 2335/47/403 2359/75/568 2317/29/385
f 2313/25/561 2340/52/408 2339/51/407
f 2339/51/407 2360/76/427 2313/25/561
f 2357/73/424 2327/39/395 2342/54/409
f 2342/54/409 2361/77/428 2357/73/424
f 2358/74/567 2331/43/399 2302/14/560
f 2302/14/560 2301/13/370 2358/74/567
f 2359/75/568 2335/47/403 2345/57/412
f 2345/57/412 2362/78/429 2359/75/568
f 2360/76/427 2339/51/407 2347/59/414
f 2347/59/414 2363/79/430 2360/76/427
f 2364/80/431 2355/71/422 2365/81/432
f 2365/81/432 2366/82/569 2364/80/431
f 2362/78/429 2367/83/434 2368/84/435
f 2368/84/435 2369/85/436 2362/78/429
f 2340/52/408 2324/70/392 2323/86/391
f 2323/86/391 2337/49/405 2340/52/408
f 2329/41/397 2370/87/437 2319/31/387
f 2319/31/387 2318/30/562 2329/41/397
f 2371/88/438 2372/89/439 2322/34/390
f 2322/34/390 2373/90/440 2371/88/438
f 2318/30/562 2317/29/385 2359/75/568
f 2359/75/568 2374/91/441 2318/30/562
f 2306/18/374 2375/92/586 2338/50/406
f 2338/50/406 2337/49/405 2306/18/374
f 2359/75/568 2362/78/429 2369/85/436
f 2369/85/436 2374/91/441 2359/75/568
f 2375/92/586 2376/93/443 2346/58/413
f 2346/58/413 2338/50/406 2375/92/586
f 2366/82/569 2365/81/432 2298/10/367
f 2298/10/367 2297/9/366 2366/82/569
f 2369/85/436 2368/84/435 2377/94/444
f 2377/94/444 2343/55/410 2369/85/436
f 2337/49/405 2323/86/391 2307/19/375
f 2307/19/375 2306/18/374 2337/49/405
f 2318/30/562 2374/91/441 2330/42/398
f 2330/42/398 2329/41/397 2318/30/562
f 2374/91/441 2369/85/436 2343/55/410
f 2343/55/410 2330/42/398 2374/91/441
f 2332/44/400 2353/68/420 2370/87/437
f 2370/87/437 2329/41/397 2332/44/400
f 2378/95/445 2354/96/421 2372/89/439
f 2372/89/439 2371/88/438 2378/95/445
f 2306/18/374 2305/17/373 2357/73/424
f 2357/73/424 2375/92/586 2306/18/374
f 2357/73/424 2361/77/428 2376/93/443
f 2376/93/443 2375/92/586 2357/73/424
f 2379/97/446 2380/98/447 2290/2/359
f 2290/2/359 2289/1/358 2379/97/446
f 2315/27/383 2381/99/448 2382/100/449
f 2382/100/449 2294/6/363 2315/27/383
f 2342/54/409 2341/53/372 2383/101/15
f 2383/101/15 2361/77/428 2342/54/409
f 2328/40/396 2350/64/417 2384/102/450
f 2384/102/450 2325/37/393 2328/40/396
f 2333/45/401 2381/99/448 2315/27/383
f 2315/27/383 2314/26/382 2333/45/401
f 2310/22/378 2385/103/451 2326/38/394
f 2326/38/394 2325/37/393 2310/22/378
f 2314/26/382 2313/25/561 2360/76/427
f 2360/76/427 2386/104/452 2314/26/382
f 2385/103/451 2304/16/372 2341/53/372
f 2341/53/372 2326/38/394 2385/103/451
f 2360/76/427 2363/79/430 2387/105/453
f 2387/105/453 2386/104/452 2360/76/427
f 2346/58/413 2388/106/454 2389/107/455
f 2389/107/455 2347/59/414 2346/58/413
f 2346/58/413 2376/93/443 2390/108/456
f 2390/108/456 2388/106/454 2346/58/413
f 2341/53/372 2304/16/372 2303/15/15
f 2303/15/15 2383/101/15 2341/53/372
f 2325/37/393 2384/102/450 2311/23/379
f 2311/23/379 2310/22/378 2325/37/393
f 2314/26/382 2386/104/452 2334/46/402
f 2334/46/402 2333/45/401 2314/26/382
f 2386/104/452 2387/105/453 2344/56/411
f 2344/56/411 2334/46/402 2386/104/452
f 2388/106/454 2368/84/435 2367/83/434
f 2367/83/434 2389/107/455 2388/106/454
f 2368/84/435 2388/106/454 2390/108/456
f 2390/108/456 2377/94/444 2368/84/435
f 2379/97/446 2349/63/416 2348/62/415
f 2348/62/415 2380/98/447 2379/97/446
f 2381/99/448 2352/67/565 2356/72/423
f 2356/72/423 2382/100/449 2381/99/448
f 2336/48/563 2352/67/565 2381/99/448
f 2381/99/448 2333/45/401 2336/48/563
f 2310/22/378 2309/21/377 2358/74/567
f 2358/74/567 2385/103/451 2310/22/378
f 2358/74/567 2301/13/370 2304/16/372
f 2304/16/372 2385/103/451 2358/74/567
f 2290/2/359 2384/102/450 2350/64/417
f 2350/64/417 2291/3/360 2290/2/359
f 2316/28/384 2315/27/383 2294/6/363
f 2294/6/363 2293/5/362 2316/28/384
f 2370/109/437 2353/110/420 2299/11/368
f 2299/11/368 2298/10/367 2370/109/437
f 2351/111/418 2373/90/440 2322/34/390
f 2322/34/390 2321/33/389 2351/111/418
f 2353/68/420 2312/24/380 2348/62/415
f 2348/62/415 2299/61/368 2353/68/420
f 2324/70/392 2316/28/384 2293/5/362
f 2293/5/362 2321/66/389 2324/70/392
f 2378/112/445 2292/4/361 2291/3/360
f 2291/3/360 2354/69/421 2378/112/445
f 2364/80/431 2391/113/457 2356/72/423
f 2356/72/423 2355/71/422 2364/80/431
f 2320/32/388 2319/114/387 2365/81/432
f 2365/81/432 2355/71/422 2320/32/388
f 2307/115/375 2323/35/391 2322/34/390
f 2322/34/390 2372/89/439 2307/115/375
f 2319/114/387 2370/109/437 2298/10/367
f 2298/10/367 2365/81/432 2319/114/387
f 2308/116/585 2307/115/375 2372/89/439
f 2372/89/439 2354/96/421 2308/116/585
f 2311/23/379 2384/102/450 2290/2/359
f 2290/2/359 2380/98/447 2311/23/379
f 2392/117/458 2295/7/364 2294/6/363
f 2294/6/363 2382/100/449 2392/117/458
f 2312/24/380 2311/23/379 2380/98/447
f 2380/98/447 2348/62/415 2312/24/380
f 2391/113/457 2392/117/458 2382/100/449
f 2382/100/449 2356/72/423 2391/113/457
f 2343/55/410 2377/94/444 2303/15/15
f 2303/15/15 2302/14/560 2343/55/410
f 2377/94/444 2390/108/456 2383/101/15
f 2383/101/15 2303/15/15 2377/94/444
f 2390/108/456 2376/93/443 2361/77/428
f 2361/77/428 2383/101/15 2390/108/456
f 2345/57/412 2344/56/411 2367/83/434
f 2367/83/434 2362/78/429 2345/57/412
f 2344/56/411 2387/105/453 2389/107/455
f 2389/107/455 2367/83/434 2344/56/411
f 2389/107/455 2387/105/453 2363/79/430
f 2363/79/430 2347/59/414 2389/107/455
f 2393/1/459 2394/2/460 2395/3/461
f 2395/3/461 2396/4/587 2393/1/459
f 2397/5/463 2398/6/464 2399/7/465
f 2399/7/465 2400/8/466 2397/5/463
f 2401/9/467 2402/10/468 2403/11/469
f 2403/11/469 2404/12/470 2401/9/467
f 2405/13/471 2406/14/472 2407/15/15
f 2407/15/15 2408/16/473 2405/13/471
f 2409/17/474 2410/18/475 2411/19/476
f 2411/19/476 2412/20/477 2409/17/474
f 2413/21/570 2414/22/479 2415/23/480
f 2415/23/480 2416/24/481 2413/21/570
f 2417/25/482 2418/26/483 2419/27/484
f 2419/27/484 2420/28/485 2417/25/482
f 2421/29/486 2422/30/487 2423/31/488
f 2423/31/488 2424/32/489 2421/29/486
f 2425/33/490 2426/34/491 2427/35/492
f 2427/35/492 2428/36/493 2425/33/490
f 2429/37/494 2430/38/495 2431/39/496
f 2431/39/496 2432/40/497 2429/37/494
f 2433/41/498 2434/42/499 2435/43/500
f 2435/43/500 2436/44/501 2433/41/498
f 2437/45/502 2438/46/503 2439/47/504
f 2439/47/504 2440/48/505 2437/45/502
f 2441/49/506 2442/50/507 2443/51/508
f 2443/51/508 2444/52/509 2441/49/506
f 2431/39/496 2430/38/495 2445/53/473
f 2445/53/473 2446/54/510 2431/39/496
f 2434/42/499 2447/55/511 2406/14/472
f 2406/14/472 2435/43/500 2434/42/499
f 2439/47/504 2438/46/503 2448/56/512
f 2448/56/512 2449/57/513 2439/47/504
f 2442/50/507 2450/58/514 2451/59/515
f 2451/59/515 2443/51/508 2442/50/507
f 2404/60/470 2403/61/469 2452/62/516
f 2452/62/516 2453/63/517 2404/60/470
f 2432/40/497 2409/17/474 2412/20/477
f 2412/20/477 2454/64/518 2432/40/497
f 2455/65/519 2425/66/490 2397/5/463
f 2397/5/463 2400/8/466 2455/65/519
f 2440/48/505 2421/29/486 2424/32/489
f 2424/32/489 2456/67/520 2440/48/505
f 2416/24/481 2457/68/521 2436/44/501
f 2436/44/501 2413/21/570 2416/24/481
f 2412/20/477 2458/69/522 2395/3/461
f 2395/3/461 2454/64/518 2412/20/477
f 2420/28/485 2428/70/493 2444/52/509
f 2444/52/509 2417/25/482 2420/28/485
f 2424/32/489 2459/71/523 2460/72/524
f 2460/72/524 2456/67/520 2424/32/489
f 2409/17/474 2432/40/497 2431/39/496
f 2431/39/496 2461/73/525 2409/17/474
f 2413/21/570 2436/44/501 2435/43/500
f 2435/43/500 2462/74/526 2413/21/570
f 2421/29/486 2440/48/505 2439/47/504
f 2439/47/504 2463/75/527 2421/29/486
f 2417/25/482 2444/52/509 2443/51/508
f 2443/51/508 2464/76/528 2417/25/482
f 2461/73/525 2431/39/496 2446/54/510
f 2446/54/510 2465/77/529 2461/73/525
f 2462/74/526 2435/43/500 2406/14/472
f 2406/14/472 2405/13/471 2462/74/526
f 2463/75/527 2439/47/504 2449/57/513
f 2449/57/513 2466/78/576 2463/75/527
f 2464/76/528 2443/51/508 2451/59/515
f 2451/59/515 2467/79/531 2464/76/528
f 2468/80/532 2459/71/523 2469/81/533
f 2469/81/533 2470/82/534 2468/80/532
f 2466/78/576 2471/83/535 2472/84/536
f 2472/84/536 2473/85/537 2466/78/576
f 2444/52/509 2428/70/493 2427/86/492
f 2427/86/492 2441/49/506 2444/52/509
f 2433/41/498 2474/87/577 2423/31/488
f 2423/31/488 2422/30/487 2433/41/498
f 2475/88/539 2476/89/540 2426/34/491
f 2426/34/491 2477/90/541 2475/88/539
f 2422/30/487 2421/29/486 2463/75/527
f 2463/75/527 2478/91/542 2422/30/487
f 2410/18/475 2479/92/578 2442/50/507
f 2442/50/507 2441/49/506 2410/18/475
f 2463/75/527 2466/78/576 2473/85/537
f 2473/85/537 2478/91/542 2463/75/527
f 2479/92/578 2480/93/544 2450/58/514
f 2450/58/514 2442/50/507 2479/92/578
f 2470/82/534 2469/81/533 2402/10/468
f 2402/10/468 2401/9/467 2470/82/534
f 2473/85/537 2472/84/536 2481/94/545
f 2481/94/545 2447/55/511 2473/85/537
f 2441/49/506 2427/86/492 2411/19/476
f 2411/19/476 2410/18/475 2441/49/506
f 2422/30/487 2478/91/542 2434/42/499
f 2434/42/499 2433/41/498 2422/30/487
f 2478/91/542 2473/85/537 2447/55/511
f 2447/55/511 2434/42/499 2478/91/542
f 2436/44/501 2457/68/521 2474/87/577
f 2474/87/577 2433/41/498 2436/44/501
f 2482/95/546 2458/96/522 2476/89/540
f 2476/89/540 2475/88/539 2482/95/546
f 2410/18/475 2409/17/474 2461/73/525
f 2461/73/525 2479/92/578 2410/18/475
f 2461/73/525 2465/77/529 2480/93/544
f 2480/93/544 2479/92/578 2461/73/525
f 2483/97/547 2484/98/548 2394/2/460
f 2394/2/460 2393/1/459 2483/97/547
f 2419/27/484 2485/99/549 2486/100/550
f 2486/100/550 2398/6/464 2419/27/484
f 2446/54/510 2445/53/473 2487/101/15
f 2487/101/15 2465/77/529 2446/54/510
f 2432/40/497 2454/64/518 2488/102/551
f 2488/102/551 2429/37/494 2432/40/497
f 2437/45/502 2485/99/549 2419/27/484
f 2419/27/484 2418/26/483 2437/45/502
f 2414/22/479 2489/103/552 2430/38/495
f 2430/38/495 2429/37/494 2414/22/479
f 2418/26/483 2417/25/482 2464/76/528
f 2464/76/528 2490/104/553 2418/26/483
f 2489/103/552 2408/16/473 2445/53/473
f 2445/53/473 2430/38/495 2489/103/552
f 2464/76/528 2467/79/531 2491/105/554
f 2491/105/554 2490/104/553 2464/76/528
f 2450/58/514 2492/106/555 2493/107/556
f 2493/107/556 2451/59/515 2450/58/514
f 2450/58/514 2480/93/544 2494/108/557
f 2494/108/557 2492/106/555 2450/58/514
f 2445/53/473 2408/16/473 2407/15/15
f 2407/15/15 2487/101/15 2445/53/473
f 2429/37/494 2488/102/551 2415/23/480
f 2415/23/480 2414/22/479 2429/37/494
f 2418/26/483 2490/104/553 2438/46/503
f 2438/46/503 2437/45/502 2418/26/483
f 2490/104/553 2491/105/554 2448/56/512
f 2448/56/512 2438/46/503 2490/104/553
f 2492/106/555 2472/84/536 2471/83/535
f 2471/83/535 2493/107/556 2492/106/555
f 2472/84/536 2492/106/555 2494/108/557
f 2494/108/557 2481/94/545 2472/84/536
f 2483/97/547 2453/63/517 2452/62/516
f 2452/62/516 2484/98/548 2483/97/547
f 2485/99/549 2456/67/520 2460/72/524
f 2460/72/524 2486/100/550 2485/99/549
f 2440/48/505 2456/67/520 2485/99/549
f 2485/99/549 2437/45/502 2440/48/505
f 2414/22/479 2413/21/570 2462/74/526
f 2462/74/526 2489/103/552 2414/22/479
f 2462/74/526 2405/13/471 2408/16/473
f 2408/16/473 2489/103/552 2462/74/526
f 2394/2/460 2488/102/551 2454/64/518
f 2454/64/518 2395/3/461 2394/2/460
f 2420/28/485 2419/27/484 2398/6/464
f 2398/6/464 2397/5/463 2420/28/485
f 2474/109/577 2457/110/521 2403/11/469
f 2403/11/469 2402/10/468 2474/109/577
f 2455/111/519 2477/90/541 2426/34/491
f 2426/34/491 2425/33/490 2455/111/519
f 2457/68/521 2416/24/481 2452/62/516
f 2452/62/516 2403/61/469 2457/68/521
f 2428/70/493 2420/28/485 2397/5/463
f 2397/5/463 2425/66/490 2428/70/493
f 2482/112/546 2396/4/587 2395/3/461
f 2395/3/461 2458/69/522 2482/112/546
f 2468/80/532 2495/113/558 2460/72/524
f 2460/72/524 2459/71/523 2468/80/532
f 2424/32/489 2423/114/488 2469/81/533
f 2469/81/533 2459/71/523 2424/32/489
f 2411/115/476 2427/35/492 2426/34/491
f 2426/34/491 2476/89/540 2411/115/476
f 2423/114/488 2474/109/577 2402/10/468
f 2402/10/468 2469/81/533 2423/114/488
f 2412/116/477 2411/115/476 2476/89/540
f 2476/89/540 2458/96/522 2412/116/477
f 2415/23/480 2488/102/551 2394/2/460
f 2394/2/460 2484/98/548 2415/23/480
f 2496/117/559 2399/7/465 2398/6/464
f 2398/6/464 2486/100/550 2496/117/559
f 2416/24/481 2415/23/480 2484/98/548
f 2484/98/548 2452/62/516 2416/24/481
f 2495/113/558 2496/117/559 2486/100/550
f 2486/100/550 2460/72/524 2495/113/558
f 2447/55/511 2481/94/545 2407/15/15
f 2407/15/15 2406/14/472 2447/55/511
f 2481/94/545 2494/108/557 2487/101/15
f 2487/101/15 2407/15/15 2481/94/545
f 2494/108/557 2480/93/544 2465/77/529
f 2465/77/529 2487/101/15 2494/108/557
f 2449/57/513 2448/56/512 2471/83/535
f 2471/83/535 2466/78/576 2449/57/513
f 2448/56/512 2491/105/554 2493/107/556
f 2493/107/556 2471/83/535 2448/56/512
f 2493/107/556 2491/105/554 2467/79/531
f 2467/79/531 2451/59/515 2493/107/556
