# Blender 4.5.0
# www.blender.org
g medium_wall.xml.288_Mesh
v -186.570831 -53.162628 -30.786819
v -186.162811 -46.671730 -30.807594
v -186.257294 -46.671730 -31.253056
v -186.446899 -53.162628 -31.331972
v -182.048737 -46.671730 -31.202709
v -181.958099 -46.671730 -30.815094
v -181.859131 -53.162628 -30.921658
v -181.859131 -53.162628 -31.331972
v -185.446167 -53.162628 -21.984913
v -185.183502 -46.671730 -22.057312
v -186.105347 -46.671730 -22.074596
v -186.294983 -53.162628 -22.019478
v -185.486145 -40.255802 -22.496609
v -185.345917 -40.255802 -22.454891
v -185.345917 -40.255802 -22.742754
v -185.486145 -40.255802 -22.742107
v -185.777435 -39.946571 -31.202177
v -184.920807 -39.946571 -31.202177
v -184.920807 -40.180828 -31.264292
v -185.915680 -40.180828 -31.264292
v -185.929718 -39.946571 -22.341156
v -185.929718 -39.946571 -22.697590
v -186.067719 -40.180828 -22.696953
v -186.067719 -40.180828 -22.280321
v -182.376343 -39.946571 -31.113304
v -182.376343 -39.946571 -30.708532
v -182.238342 -40.180828 -30.708532
v -182.238342 -40.180828 -31.174141
v -182.528595 -39.946571 -22.252285
v -183.385590 -39.946571 -22.252285
v -183.385590 -40.180828 -22.190170
v -182.390350 -40.180828 -22.190170
v -182.338318 -46.671730 -31.349636
v -183.122925 -46.671730 -31.349636
v -184.118622 -40.272503 -31.264292
v -182.390350 -40.180828 -31.264292
v -185.929718 -39.946571 -30.708532
v -185.628754 -39.843178 -30.708532
v -185.628754 -39.843178 -30.989622
v -185.929718 -39.946571 -31.113304
v -184.920807 -39.946568 -22.252285
v -184.920807 -39.843178 -22.387751
v -185.476562 -39.843178 -22.387751
v -185.777435 -39.946571 -22.252285
v -182.376343 -39.981022 -22.718468
v -182.677307 -39.877632 -22.717077
v -182.677307 -39.843178 -22.464840
v -182.376343 -39.946571 -22.341156
v -184.118622 -40.038246 -31.202177
v -184.118622 -39.934853 -31.066711
v -182.829468 -39.843178 -31.066711
v -182.528595 -39.946571 -31.202177
v -185.486145 -40.255802 -30.667274
v -185.486145 -40.255802 -30.956099
v -184.832825 -40.255802 -22.454891
v -182.836884 -40.290257 -22.758804
v -182.836884 -40.255802 -22.496609
v -184.167023 -40.347477 -30.997818
v -182.977112 -40.255802 -30.997818
v -186.257294 -46.671730 -22.171175
v -186.446899 -53.162628 -22.122486
v -186.067719 -40.180828 -31.174141
v -182.311523 -53.162628 -31.472677
v -182.238342 -40.180828 -22.280321
v -185.915680 -40.180828 -22.190170
v -186.105347 -46.671730 -31.349636
v -182.200714 -46.671726 -22.074596
v -182.048737 -46.671726 -22.171175
v -185.476562 -39.843178 -31.066711
v -185.628754 -39.843178 -22.464840
v -182.829468 -39.843178 -22.387751
v -182.677307 -39.843178 -30.989622
v -185.345917 -40.255802 -30.997818
v -182.977112 -40.255802 -22.454891
v -182.836884 -40.255802 -30.956099
v -182.011078 -53.162624 -22.019478
v -183.122925 -46.671730 -22.074596
v -182.860260 -53.162624 -22.019478
v -182.976440 -40.290257 -22.758160
v -183.490540 -40.290257 -22.755785
v -183.490540 -40.255802 -22.454891
v -184.920807 -40.180828 -22.190170
v -185.446167 -53.162628 -31.466286
v -185.183502 -46.671730 -31.349636
v -182.860260 -53.162628 -31.434982
v -183.385590 -39.843178 -22.387751
v -184.920807 -39.843178 -31.066711
v -184.832825 -40.255802 -30.997818
v -184.832825 -40.255802 -22.745125
v -186.294983 -53.162628 -31.434982
v -186.446899 -53.162628 -22.477034
v -186.257294 -46.671730 -22.586994
v -182.238342 -40.215279 -22.719105
v -182.094147 -46.671726 -22.880169
v -185.345917 -40.255802 -30.667274
v -186.067719 -40.180828 -30.708532
v -185.628754 -39.843178 -22.698982
v -182.677307 -39.843178 -30.708532
v -182.836884 -40.255802 -30.667274
v -184.167023 -40.347477 -30.667274
v -182.976929 -40.265453 -30.667274
v -184.832825 -40.255802 -30.667274
v -181.859131 -53.162628 -22.184013
v -181.949921 -53.162628 -23.041233
v -186.570831 -53.162724 -15.651520
v -186.162811 -46.671825 -15.672295
v -186.257294 -46.671825 -16.117756
v -186.446899 -53.162724 -16.196672
v -182.048737 -46.671825 -16.067410
v -181.958099 -46.671825 -15.679794
v -181.859131 -53.162724 -15.786358
v -181.859131 -53.162724 -16.196672
v -185.446167 -53.162724 -6.849613
v -185.183502 -46.671825 -6.922012
v -186.105347 -46.671825 -6.939297
v -186.294983 -53.162724 -6.884178
v -185.486145 -40.255898 -7.361309
v -185.345917 -40.255898 -7.319592
v -185.345917 -40.255898 -7.607456
v -185.486145 -40.255898 -7.606808
v -185.777435 -39.946667 -16.066877
v -184.920807 -39.946667 -16.066877
v -184.920807 -40.180923 -16.128992
v -185.915680 -40.180923 -16.128992
v -185.929718 -39.946667 -7.205856
v -185.929718 -39.946667 -7.562290
v -186.067719 -40.180923 -7.561653
v -186.067719 -40.180923 -7.145020
v -182.376343 -39.946667 -15.978004
v -182.376343 -39.946667 -15.573233
v -182.238342 -40.180923 -15.573233
v -182.238342 -40.180923 -16.038841
v -182.528595 -39.946667 -7.116985
v -183.385590 -39.946667 -7.116985
v -183.385590 -40.180923 -7.054871
v -182.390350 -40.180923 -7.054871
v -182.338318 -46.671825 -16.214336
v -183.122925 -46.671825 -16.214336
v -184.118622 -40.272598 -16.128992
v -182.390350 -40.180923 -16.128992
v -185.929718 -39.946667 -15.573231
v -185.628754 -39.843273 -15.573233
v -185.628754 -39.843273 -15.854322
v -185.929718 -39.946667 -15.978004
v -184.920807 -39.946663 -7.116985
v -184.920807 -39.843273 -7.252449
v -185.476562 -39.843273 -7.252449
v -185.777435 -39.946667 -7.116985
v -182.376343 -39.981117 -7.583168
v -182.677307 -39.877728 -7.581779
v -182.677307 -39.843273 -7.329540
v -182.376343 -39.946667 -7.205856
v -184.118622 -40.038342 -16.066877
v -184.118622 -39.934948 -15.931412
v -182.829468 -39.843273 -15.931412
v -182.528595 -39.946667 -16.066877
v -185.486145 -40.255898 -15.531975
v -185.486145 -40.255898 -15.820799
v -184.832825 -40.255898 -7.319592
v -182.836884 -40.290352 -7.623505
v -182.836884 -40.255898 -7.361309
v -184.167023 -40.347572 -15.862518
v -182.977112 -40.255898 -15.862518
v -186.257294 -46.671825 -7.035873
v -186.446899 -53.162724 -6.987186
v -186.067719 -40.180923 -16.038841
v -182.311523 -53.162720 -16.337378
v -182.238342 -40.180923 -7.145020
v -185.915680 -40.180923 -7.054871
v -186.105347 -46.671825 -16.214336
v -182.200714 -46.671822 -6.939297
v -182.048737 -46.671822 -7.035873
v -185.476562 -39.843273 -15.931412
v -185.628754 -39.843273 -7.329540
v -182.829468 -39.843273 -7.252449
v -182.677307 -39.843273 -15.854322
v -185.345917 -40.255898 -15.862518
v -182.977112 -40.255898 -7.319592
v -182.836884 -40.255898 -15.820799
v -182.011078 -53.162720 -6.884178
v -183.122925 -46.671825 -6.939297
v -182.860260 -53.162720 -6.884178
v -182.976440 -40.290352 -7.622860
v -183.490540 -40.290352 -7.620487
v -183.490540 -40.255898 -7.319592
v -184.920807 -40.180923 -7.054871
v -185.446167 -53.162724 -16.330986
v -185.183502 -46.671825 -16.214336
v -182.860260 -53.162720 -16.299683
v -183.385590 -39.843273 -7.252449
v -184.920807 -39.843273 -15.931412
v -184.832825 -40.255898 -15.862518
v -184.832825 -40.255898 -7.609825
v -186.294983 -53.162724 -16.299683
v -186.446899 -53.162724 -7.341736
v -186.257294 -46.671825 -7.451694
v -182.238342 -40.215374 -7.583805
v -182.094147 -46.671822 -7.744869
v -185.345917 -40.255898 -15.531975
v -186.067719 -40.180923 -15.573231
v -185.628754 -39.843273 -7.563683
v -182.677307 -39.843273 -15.573233
v -182.836884 -40.255898 -15.531975
v -184.167023 -40.347572 -15.531975
v -182.976929 -40.265549 -15.531975
v -184.832825 -40.255898 -15.531975
v -181.859131 -53.162724 -7.048714
v -181.949921 -53.162724 -7.905933
v -186.570831 -53.162724 -0.545738
v -186.162811 -46.671825 -0.566513
v -186.257294 -46.671825 -1.011978
v -186.446899 -53.162724 -1.090893
v -182.048737 -46.671825 -0.961632
v -181.958099 -46.671825 -0.574017
v -181.859131 -53.162724 -0.680580
v -181.859131 -53.162724 -1.090893
v -185.446167 -53.162724 8.256165
v -185.183502 -46.671825 8.183765
v -186.105347 -46.671825 8.166485
v -186.294983 -53.162724 8.221600
v -185.486145 -40.255898 7.744469
v -185.345917 -40.255898 7.786190
v -185.345917 -40.255898 7.498325
v -185.486145 -40.255898 7.498974
v -185.777435 -39.946667 -0.961098
v -184.920807 -39.946667 -0.961098
v -184.920807 -40.180923 -1.023212
v -185.915680 -40.180923 -1.023212
v -185.929718 -39.946667 7.899921
v -185.929718 -39.946667 7.543488
v -186.067719 -40.180923 7.544125
v -186.067719 -40.180923 7.960758
v -182.376343 -39.946667 -0.872227
v -182.376343 -39.946667 -0.467453
v -182.238342 -40.180923 -0.467453
v -182.238342 -40.180923 -0.933060
v -182.528595 -39.946667 7.988796
v -183.385590 -39.946667 7.988796
v -183.385590 -40.180923 8.050911
v -182.390350 -40.180923 8.050911
v -182.338318 -46.671825 -1.108559
v -183.122925 -46.671825 -1.108559
v -184.118622 -40.272598 -1.023212
v -182.390350 -40.180923 -1.023212
v -185.929718 -39.946667 -0.467453
v -185.628754 -39.843273 -0.467453
v -185.628754 -39.843273 -0.748543
v -185.929718 -39.946667 -0.872227
v -184.920807 -39.946663 7.988796
v -184.920807 -39.843273 7.853329
v -185.476562 -39.843273 7.853329
v -185.777435 -39.946667 7.988796
v -182.376343 -39.981117 7.522614
v -182.677307 -39.877728 7.524002
v -182.677307 -39.843273 7.776237
v -182.376343 -39.946667 7.899921
v -184.118622 -40.038342 -0.961098
v -184.118622 -39.934948 -0.825630
v -182.829468 -39.843273 -0.825630
v -182.528595 -39.946667 -0.961098
v -185.486145 -40.255898 -0.426193
v -185.486145 -40.255898 -0.715019
v -184.832825 -40.255898 7.786190
v -182.836884 -40.290352 7.482273
v -182.836884 -40.255898 7.744469
v -184.167023 -40.347572 -0.756737
v -182.977112 -40.255898 -0.756737
v -186.257294 -46.671825 8.069904
v -186.446899 -53.162724 8.118591
v -186.067719 -40.180923 -0.933060
v -182.311523 -53.162720 -1.231598
v -182.238342 -40.180923 7.960758
v -185.915680 -40.180923 8.050911
v -186.105347 -46.671825 -1.108559
v -182.200714 -46.671822 8.166485
v -182.048737 -46.671822 8.069904
v -185.476562 -39.843273 -0.825634
v -185.628754 -39.843273 7.776237
v -182.829468 -39.843273 7.853329
v -182.677307 -39.843273 -0.748543
v -185.345917 -40.255898 -0.756737
v -182.977112 -40.255898 7.786190
v -182.836884 -40.255898 -0.715019
v -182.011078 -53.162720 8.221600
v -183.122925 -46.671825 8.166485
v -182.860260 -53.162720 8.221600
v -182.976440 -40.290352 7.482918
v -183.490540 -40.290352 7.485294
v -183.490540 -40.255898 7.786190
v -184.920807 -40.180923 8.050911
v -185.446167 -53.162724 -1.225204
v -185.183502 -46.671825 -1.108559
v -182.860260 -53.162720 -1.193901
v -183.385590 -39.843273 7.853329
v -184.920807 -39.843273 -0.825634
v -184.832825 -40.255898 -0.756737
v -184.832825 -40.255898 7.495953
v -186.294983 -53.162724 -1.193901
v -186.446899 -53.162724 7.764046
v -186.257294 -46.671825 7.654087
v -182.238342 -40.215374 7.521973
v -182.094147 -46.671822 7.360912
v -185.345917 -40.255898 -0.426193
v -186.067719 -40.180923 -0.467453
v -185.628754 -39.843273 7.542095
v -182.677307 -39.843273 -0.467453
v -182.836884 -40.255898 -0.426193
v -184.167023 -40.347572 -0.426193
v -182.976929 -40.265549 -0.426193
v -184.832825 -40.255898 -0.426193
v -181.859131 -53.162724 8.057064
v -181.949921 -53.162724 7.199848
v -187.214966 -53.162827 8.674152
v -187.194183 -46.671928 9.082191
v -186.748718 -46.671928 8.987682
v -186.669800 -53.162827 8.798080
v -186.799072 -46.671928 13.196251
v -187.186676 -46.671928 13.286896
v -187.080139 -53.162827 13.385853
v -186.669800 -53.162827 13.385853
v -196.016876 -53.162827 9.798832
v -195.944458 -46.671928 10.061504
v -195.927185 -46.671928 9.139656
v -195.982300 -53.162827 8.950012
v -195.505188 -40.256001 9.758854
v -195.546906 -40.256001 9.899059
v -195.259033 -40.256001 9.899059
v -195.259674 -40.256001 9.758854
v -186.799622 -39.946770 9.467548
v -186.799622 -39.946770 10.324177
v -186.737488 -40.181026 10.324177
v -186.737488 -40.181026 9.329304
v -195.660614 -39.946770 9.315281
v -195.304199 -39.946770 9.315281
v -195.304840 -40.181026 9.177288
v -195.721466 -40.181026 9.177288
v -186.888489 -39.946770 12.868649
v -187.293243 -39.946770 12.868649
v -187.293243 -40.181026 13.006645
v -186.827637 -40.181026 13.006645
v -195.749512 -39.946770 12.716385
v -195.749512 -39.946770 11.859394
v -195.811615 -40.181026 11.859394
v -195.811615 -40.181026 12.854630
v -186.652161 -46.671928 12.906673
v -186.652161 -46.671928 12.122074
v -186.737488 -40.272701 11.126362
v -186.737488 -40.181026 12.854633
v -187.293243 -39.946770 9.315281
v -187.293243 -39.843376 9.616238
v -187.012177 -39.843376 9.616238
v -186.888489 -39.946770 9.315281
v -195.749512 -39.946770 10.324173
v -195.614044 -39.843376 10.324173
v -195.614044 -39.843376 9.768414
v -195.749512 -39.946770 9.467548
v -195.283325 -39.981224 12.868649
v -195.284698 -39.877831 12.567696
v -195.536957 -39.843376 12.567696
v -195.660614 -39.946770 12.868649
v -186.799622 -40.038445 11.126362
v -186.935059 -39.935051 11.126362
v -186.935059 -39.843376 12.415516
v -186.799622 -39.946770 12.716385
v -187.334503 -40.256001 9.758854
v -187.045685 -40.256001 9.758854
v -195.546906 -40.256001 10.412167
v -195.242981 -40.290455 12.408092
v -195.505188 -40.256001 12.408092
v -187.003967 -40.347675 11.077976
v -187.003967 -40.256001 12.267887
v -195.830597 -46.671928 8.987682
v -195.879303 -53.162827 8.798080
v -186.827637 -40.181026 9.177288
v -186.529114 -53.162823 12.933456
v -195.721466 -40.181026 13.006641
v -195.811615 -40.181026 9.329300
v -186.652161 -46.671928 9.139656
v -195.927185 -46.671928 13.044277
v -195.830597 -46.671928 13.196247
v -186.935059 -39.843376 9.768417
v -195.536957 -39.843376 9.616238
v -195.614044 -39.843376 12.415516
v -187.012177 -39.843376 12.567696
v -187.003967 -40.256001 9.899059
v -195.546906 -40.256001 12.267887
v -187.045685 -40.256001 12.408092
v -195.982300 -53.162827 13.233921
v -195.927185 -46.671928 12.122070
v -195.982300 -53.162827 12.384747
v -195.243622 -40.290455 12.268547
v -195.246002 -40.290455 11.754448
v -195.546906 -40.256001 11.754448
v -195.811615 -40.181026 10.324173
v -186.535492 -53.162827 9.798832
v -186.652161 -46.671928 10.061504
v -186.566803 -53.162823 12.384747
v -195.614044 -39.843376 11.859394
v -186.935059 -39.843376 10.324177
v -187.003967 -40.256001 10.412167
v -195.256653 -40.256001 10.412167
v -186.566803 -53.162827 8.950012
v -195.524750 -53.162827 8.798080
v -195.414795 -46.671928 8.987682
v -195.282684 -40.215477 13.006641
v -195.121613 -46.671928 13.150852
v -187.334503 -40.256001 9.899059
v -187.293243 -40.181026 9.177288
v -195.302795 -39.843376 9.616238
v -187.293243 -39.843376 12.567696
v -187.334503 -40.256001 12.408092
v -187.334503 -40.347675 11.077976
v -187.334503 -40.265652 12.268070
v -187.334503 -40.256001 10.412167
v -195.817780 -53.162827 13.385853
v -194.960541 -53.162827 13.295059
v -147.407135 -53.164330 -52.412472
v -147.815186 -46.673431 -52.391701
v -147.720673 -46.673431 -51.946236
v -147.531067 -53.164330 -51.867321
v -151.929230 -46.673431 -51.996586
v -152.019897 -46.673431 -52.384197
v -152.118835 -53.164330 -52.277634
v -152.118835 -53.164330 -51.867321
v -148.531830 -53.164330 -61.214378
v -148.794495 -46.673431 -61.141979
v -147.872650 -46.673431 -61.124699
v -147.683014 -53.164330 -61.179813
v -148.491852 -40.257504 -60.702686
v -148.632050 -40.257504 -60.744404
v -148.632050 -40.257504 -60.456539
v -148.491852 -40.257504 -60.457188
v -148.200531 -39.948273 -51.997116
v -149.057159 -39.948273 -51.997116
v -149.057159 -40.182529 -51.935001
v -148.062286 -40.182529 -51.935001
v -148.048279 -39.948273 -60.858139
v -148.048279 -39.948273 -60.501701
v -147.910278 -40.182529 -60.502342
v -147.910278 -40.182529 -60.918972
v -151.601654 -39.948273 -52.085991
v -151.601654 -39.948273 -52.490761
v -151.739624 -40.182529 -52.490761
v -151.739624 -40.182529 -52.025154
v -151.449371 -39.948273 -60.947010
v -150.592377 -39.948273 -60.947010
v -150.592377 -40.182529 -61.009125
v -151.587616 -40.182529 -61.009125
v -151.639679 -46.673431 -51.849655
v -150.855072 -46.673431 -51.849655
v -149.859344 -40.274204 -51.935001
v -151.587616 -40.182529 -51.935001
v -148.048279 -39.948273 -52.490761
v -148.349213 -39.844879 -52.490761
v -148.349213 -39.844879 -52.209671
v -148.048279 -39.948273 -52.085991
v -149.057159 -39.948273 -60.947010
v -149.057159 -39.844879 -60.811543
v -148.501404 -39.844879 -60.811543
v -148.200531 -39.948273 -60.947010
v -151.601624 -39.982727 -60.480827
v -151.300690 -39.879333 -60.482216
v -151.300690 -39.844879 -60.734455
v -151.601624 -39.948273 -60.858139
v -149.859344 -40.039948 -51.997116
v -149.859344 -39.936554 -52.132584
v -151.148499 -39.844879 -52.132584
v -151.449371 -39.948273 -51.997116
v -148.491852 -40.257504 -52.532021
v -148.491852 -40.257504 -52.243195
v -149.145172 -40.257504 -60.744404
v -151.141083 -40.291958 -60.440491
v -151.141083 -40.257504 -60.702686
v -149.810974 -40.349178 -52.201477
v -151.000885 -40.257504 -52.201477
v -147.720673 -46.673431 -61.028118
v -147.531067 -53.164330 -61.076805
v -147.910278 -40.182529 -52.025154
v -151.666443 -53.164326 -51.726616
v -151.739624 -40.182529 -60.918972
v -148.062286 -40.182529 -61.009125
v -147.872650 -46.673431 -51.849655
v -151.777283 -46.673431 -61.124699
v -151.929230 -46.673431 -61.028118
v -148.501404 -39.844879 -52.132584
v -148.349213 -39.844879 -60.734455
v -151.148499 -39.844879 -60.811543
v -151.300690 -39.844879 -52.209671
v -148.632050 -40.257504 -52.201477
v -151.000885 -40.257504 -60.744404
v -151.141083 -40.257504 -52.243195
v -151.966919 -53.164330 -61.179813
v -150.855072 -46.673431 -61.124699
v -151.117737 -53.164330 -61.179813
v -151.001526 -40.291958 -60.441135
v -150.487427 -40.291958 -60.443508
v -150.487427 -40.257504 -60.744404
v -149.057159 -40.182529 -61.009125
v -148.531830 -53.164330 -51.733006
v -148.794495 -46.673431 -51.849655
v -151.117737 -53.164326 -51.764313
v -150.592377 -39.844879 -60.811543
v -149.057159 -39.844879 -52.132584
v -149.145172 -40.257504 -52.201477
v -149.145172 -40.257504 -60.454170
v -147.683014 -53.164330 -51.764313
v -147.531067 -53.164330 -60.722260
v -147.720673 -46.673431 -60.612301
v -151.739624 -40.216980 -60.480190
v -151.883850 -46.673431 -60.319126
v -148.632050 -40.257504 -52.532021
v -147.910278 -40.182529 -52.490761
v -148.349213 -39.844879 -60.500313
v -151.300690 -39.844879 -52.490761
v -151.141083 -40.257504 -52.532021
v -149.810974 -40.349178 -52.532021
v -151.001068 -40.267155 -52.532021
v -149.145172 -40.257504 -52.532021
v -152.118835 -53.164330 -61.015278
v -152.028046 -53.164330 -60.158062
v -147.407135 -53.164631 -67.540276
v -147.815186 -46.673733 -67.519501
v -147.720673 -46.673733 -67.074036
v -147.531067 -53.164631 -66.995117
v -151.929230 -46.673733 -67.124382
v -152.019897 -46.673733 -67.512001
v -152.118835 -53.164631 -67.405434
v -152.118835 -53.164631 -66.995117
v -148.531830 -53.164631 -76.342178
v -148.794495 -46.673733 -76.269783
v -147.872650 -46.673733 -76.252495
v -147.683014 -53.164631 -76.307617
v -148.491852 -40.257805 -75.830482
v -148.632050 -40.257805 -75.872208
v -148.632050 -40.257805 -75.584343
v -148.491852 -40.257805 -75.584991
v -148.200531 -39.948574 -67.124916
v -149.057159 -39.948574 -67.124916
v -149.057159 -40.182831 -67.062805
v -148.062286 -40.182831 -67.062805
v -148.048279 -39.948574 -75.985939
v -148.048279 -39.948574 -75.629501
v -147.910278 -40.182831 -75.630142
v -147.910278 -40.182831 -76.046776
v -151.601654 -39.948574 -67.213791
v -151.601654 -39.948574 -67.618561
v -151.739624 -40.182831 -67.618561
v -151.739624 -40.182831 -67.152954
v -151.449371 -39.948574 -76.074814
v -150.592377 -39.948574 -76.074814
v -150.592377 -40.182831 -76.136925
v -151.587616 -40.182831 -76.136925
v -151.639679 -46.673733 -66.977455
v -150.855072 -46.673733 -66.977455
v -149.859344 -40.274506 -67.062805
v -151.587616 -40.182831 -67.062805
v -148.048279 -39.948574 -67.618561
v -148.349213 -39.845181 -67.618561
v -148.349213 -39.845181 -67.337471
v -148.048279 -39.948574 -67.213791
v -149.057159 -39.948574 -76.074814
v -149.057159 -39.845181 -75.939346
v -148.501404 -39.845181 -75.939346
v -148.200531 -39.948574 -76.074814
v -151.601624 -39.983025 -75.608627
v -151.300690 -39.879635 -75.610016
v -151.300690 -39.845181 -75.862251
v -151.601624 -39.948574 -75.985939
v -149.859344 -40.040249 -67.124916
v -149.859344 -39.936855 -67.260384
v -151.148499 -39.845181 -67.260384
v -151.449371 -39.948574 -67.124916
v -148.491852 -40.257805 -67.659821
v -148.491852 -40.257805 -67.370995
v -149.145172 -40.257805 -75.872208
v -151.141083 -40.292259 -75.568291
v -151.141083 -40.257805 -75.830482
v -149.810974 -40.349480 -67.329277
v -151.000885 -40.257805 -67.329277
v -147.720673 -46.673733 -76.155914
v -147.531067 -53.164631 -76.204605
v -147.910278 -40.182831 -67.152954
v -151.666443 -53.164627 -66.854416
v -151.739624 -40.182831 -76.046776
v -148.062286 -40.182831 -76.136925
v -147.872650 -46.673733 -66.977455
v -151.777283 -46.673733 -76.252495
v -151.929230 -46.673733 -76.155914
v -148.501404 -39.845181 -67.260384
v -148.349213 -39.845181 -75.862251
v -151.148499 -39.845181 -75.939346
v -151.300690 -39.845181 -67.337471
v -148.632050 -40.257805 -67.329277
v -151.000885 -40.257805 -75.872208
v -151.141083 -40.257805 -67.370995
v -151.966919 -53.164627 -76.307617
v -150.855072 -46.673733 -76.252495
v -151.117737 -53.164627 -76.307617
v -151.001526 -40.292259 -75.568932
v -150.487427 -40.292259 -75.571312
v -150.487427 -40.257805 -75.872208
v -149.057159 -40.182831 -76.136925
v -148.531830 -53.164631 -66.860809
v -148.794495 -46.673733 -66.977455
v -151.117737 -53.164627 -66.892113
v -150.592377 -39.845181 -75.939346
v -149.057159 -39.845181 -67.260384
v -149.145172 -40.257805 -67.329277
v -149.145172 -40.257805 -75.581970
v -147.683014 -53.164631 -66.892113
v -147.531067 -53.164631 -75.850060
v -147.720673 -46.673733 -75.740097
v -151.739624 -40.217285 -75.607986
v -151.883850 -46.673733 -75.446922
v -148.632050 -40.257805 -67.659821
v -147.910278 -40.182831 -67.618561
v -148.349213 -39.845181 -75.628113
v -151.300690 -39.845181 -67.618561
v -151.141083 -40.257805 -67.659821
v -149.810974 -40.349480 -67.659821
v -151.001068 -40.267456 -67.659821
v -149.145172 -40.257805 -67.659821
v -152.118835 -53.164631 -76.143082
v -152.028046 -53.164631 -75.285858
v -186.570831 -53.162628 -45.959919
v -186.162811 -46.671730 -45.980698
v -186.257294 -46.671730 -46.426159
v -186.446899 -53.162628 -46.505074
v -182.048737 -46.671730 -46.375809
v -181.958099 -46.671730 -45.988197
v -181.859131 -53.162628 -46.094757
v -181.859131 -53.162628 -46.505074
v -185.446167 -53.162628 -37.158016
v -185.183502 -46.671730 -37.230415
v -186.105347 -46.671730 -37.247696
v -186.294983 -53.162628 -37.192581
v -185.486145 -40.255802 -37.669708
v -185.345917 -40.255802 -37.627991
v -185.345917 -40.255802 -37.915855
v -185.486145 -40.255802 -37.915207
v -185.777435 -39.946571 -46.375278
v -184.920807 -39.946571 -46.375278
v -184.920807 -40.180828 -46.437393
v -185.915680 -40.180828 -46.437393
v -185.929718 -39.946571 -37.514259
v -185.929718 -39.946571 -37.870693
v -186.067719 -40.180828 -37.870056
v -186.067719 -40.180828 -37.453423
v -182.376343 -39.946571 -46.286407
v -182.376343 -39.946571 -45.881634
v -182.238342 -40.180828 -45.881634
v -182.238342 -40.180828 -46.347240
v -182.528595 -39.946571 -37.425385
v -183.385590 -39.946571 -37.425385
v -183.385590 -40.180828 -37.363270
v -182.390350 -40.180828 -37.363270
v -182.338318 -46.671730 -46.522739
v -183.122925 -46.671730 -46.522739
v -184.118622 -40.272503 -46.437393
v -182.390350 -40.180828 -46.437393
v -185.929718 -39.946571 -45.881634
v -185.628754 -39.843178 -45.881634
v -185.628754 -39.843178 -46.162724
v -185.929718 -39.946571 -46.286407
v -184.920807 -39.946568 -37.425385
v -184.920807 -39.843178 -37.560852
v -185.476562 -39.843178 -37.560852
v -185.777435 -39.946571 -37.425385
v -182.376343 -39.981022 -37.891567
v -182.677307 -39.877632 -37.890179
v -182.677307 -39.843178 -37.637939
v -182.376343 -39.946571 -37.514259
v -184.118622 -40.038246 -46.375278
v -184.118622 -39.934853 -46.239815
v -182.829468 -39.843178 -46.239815
v -182.528595 -39.946571 -46.375278
v -185.486145 -40.255802 -45.840378
v -185.486145 -40.255802 -46.129200
v -184.832825 -40.255802 -37.627991
v -182.836884 -40.290257 -37.931908
v -182.836884 -40.255802 -37.669708
v -184.167023 -40.347477 -46.170918
v -182.977112 -40.255802 -46.170918
v -186.257294 -46.671730 -37.344276
v -186.446899 -53.162628 -37.295589
v -186.067719 -40.180828 -46.347240
v -182.311523 -53.162628 -46.645779
v -182.238342 -40.180828 -37.453423
v -185.915680 -40.180828 -37.363270
v -186.105347 -46.671730 -46.522739
v -182.200714 -46.671726 -37.247696
v -182.048737 -46.671726 -37.344276
v -185.476562 -39.843178 -46.239815
v -185.628754 -39.843178 -37.637939
v -182.829468 -39.843178 -37.560852
v -182.677307 -39.843178 -46.162724
v -185.345917 -40.255802 -46.170918
v -182.977112 -40.255802 -37.627991
v -182.836884 -40.255802 -46.129200
v -182.011078 -53.162624 -37.192581
v -183.122925 -46.671730 -37.247696
v -182.860260 -53.162624 -37.192581
v -182.976440 -40.290257 -37.931263
v -183.490540 -40.290257 -37.928886
v -183.490540 -40.255802 -37.627991
v -184.920807 -40.180828 -37.363270
v -185.446167 -53.162628 -46.639389
v -185.183502 -46.671730 -46.522739
v -182.860260 -53.162628 -46.608082
v -183.385590 -39.843178 -37.560852
v -184.920807 -39.843178 -46.239815
v -184.832825 -40.255802 -46.170918
v -184.832825 -40.255802 -37.918228
v -186.294983 -53.162628 -46.608082
v -186.446899 -53.162628 -37.650135
v -186.257294 -46.671730 -37.760094
v -182.238342 -40.215279 -37.892204
v -182.094147 -46.671726 -38.053268
v -185.345917 -40.255802 -45.840378
v -186.067719 -40.180828 -45.881634
v -185.628754 -39.843178 -37.872086
v -182.677307 -39.843178 -45.881634
v -182.836884 -40.255802 -45.840378
v -184.167023 -40.347477 -45.840378
v -182.976929 -40.265453 -45.840378
v -184.832825 -40.255802 -45.840378
v -181.859131 -53.162628 -37.357117
v -181.949921 -53.162628 -38.214333
v -186.570831 -53.162628 -61.127716
v -186.162811 -46.671730 -61.148491
v -186.257294 -46.671730 -61.593956
v -186.446899 -53.162628 -61.672871
v -182.048737 -46.671730 -61.543606
v -181.958099 -46.671730 -61.155994
v -181.859131 -53.162628 -61.262554
v -181.859131 -53.162628 -61.672871
v -185.446167 -53.162628 -52.325813
v -185.183502 -46.671730 -52.398212
v -186.105347 -46.671730 -52.415493
v -186.294983 -53.162628 -52.360378
v -185.486145 -40.255802 -52.837509
v -185.345917 -40.255802 -52.795788
v -185.345917 -40.255802 -53.083652
v -185.486145 -40.255802 -53.083004
v -185.777435 -39.946571 -61.543076
v -184.920807 -39.946571 -61.543076
v -184.920807 -40.180828 -61.605190
v -185.915680 -40.180828 -61.605190
v -185.929718 -39.946571 -52.682056
v -185.929718 -39.946571 -53.038490
v -186.067719 -40.180828 -53.037853
v -186.067719 -40.180828 -52.621220
v -182.376343 -39.946571 -61.454205
v -182.376343 -39.946571 -61.049431
v -182.238342 -40.180828 -61.049431
v -182.238342 -40.180828 -61.515038
v -182.528595 -39.946571 -52.593182
v -183.385590 -39.946571 -52.593182
v -183.385590 -40.180828 -52.531067
v -182.390350 -40.180828 -52.531067
v -182.338318 -46.671730 -61.690536
v -183.122925 -46.671730 -61.690536
v -184.118622 -40.272503 -61.605190
v -182.390350 -40.180828 -61.605190
v -185.929718 -39.946571 -61.049431
v -185.628754 -39.843178 -61.049431
v -185.628754 -39.843178 -61.330521
v -185.929718 -39.946571 -61.454205
v -184.920807 -39.946568 -52.593182
v -184.920807 -39.843178 -52.728649
v -185.476562 -39.843178 -52.728649
v -185.777435 -39.946571 -52.593182
v -182.376343 -39.981022 -53.059364
v -182.677307 -39.877632 -53.057976
v -182.677307 -39.843178 -52.805740
v -182.376343 -39.946571 -52.682056
v -184.118622 -40.038246 -61.543076
v -184.118622 -39.934853 -61.407608
v -182.829468 -39.843178 -61.407608
v -182.528595 -39.946571 -61.543076
v -185.486145 -40.255802 -61.008171
v -185.486145 -40.255802 -61.296997
v -184.832825 -40.255802 -52.795788
v -182.836884 -40.290257 -53.099705
v -182.836884 -40.255802 -52.837509
v -184.167023 -40.347477 -61.338715
v -182.977112 -40.255802 -61.338715
v -186.257294 -46.671730 -52.512074
v -186.446899 -53.162628 -52.463387
v -186.067719 -40.180828 -61.515038
v -182.311523 -53.162628 -61.813576
v -182.238342 -40.180828 -52.621220
v -185.915680 -40.180828 -52.531067
v -186.105347 -46.671730 -61.690536
v -182.200714 -46.671726 -52.415493
v -182.048737 -46.671726 -52.512074
v -185.476562 -39.843178 -61.407612
v -185.628754 -39.843178 -52.805740
v -182.829468 -39.843178 -52.728649
v -182.677307 -39.843178 -61.330521
v -185.345917 -40.255802 -61.338715
v -182.977112 -40.255802 -52.795788
v -182.836884 -40.255802 -61.296997
v -182.011078 -53.162624 -52.360378
v -183.122925 -46.671730 -52.415493
v -182.860260 -53.162624 -52.360378
v -182.976440 -40.290257 -53.099060
v -183.490540 -40.290257 -53.096684
v -183.490540 -40.255802 -52.795788
v -184.920807 -40.180828 -52.531067
v -185.446167 -53.162628 -61.807182
v -185.183502 -46.671730 -61.690536
v -182.860260 -53.162628 -61.775879
v -183.385590 -39.843178 -52.728649
v -184.920807 -39.843178 -61.407612
v -184.832825 -40.255802 -61.338715
v -184.832825 -40.255802 -53.086025
v -186.294983 -53.162628 -61.775879
v -186.446899 -53.162628 -52.817932
v -186.257294 -46.671730 -52.927891
v -182.238342 -40.215279 -53.060005
v -182.094147 -46.671726 -53.221066
v -185.345917 -40.255802 -61.008171
v -186.067719 -40.180828 -61.049431
v -185.628754 -39.843178 -53.039879
v -182.677307 -39.843178 -61.049431
v -182.836884 -40.255802 -61.008171
v -184.167023 -40.347477 -61.008171
v -182.976929 -40.265453 -61.008171
v -184.832825 -40.255802 -61.008171
v -181.859131 -53.162628 -52.524914
v -181.949921 -53.162628 -53.382130
v -186.570831 -53.162628 -76.333221
v -186.162811 -46.671730 -76.353996
v -186.257294 -46.671730 -76.799461
v -186.446899 -53.162628 -76.878372
v -182.048737 -46.671730 -76.749115
v -181.958099 -46.671730 -76.361496
v -181.859131 -53.162628 -76.468063
v -181.859131 -53.162628 -76.878372
v -185.446167 -53.162628 -67.531319
v -185.183502 -46.671730 -67.603714
v -186.105347 -46.671730 -67.621002
v -186.294983 -53.162628 -67.565880
v -185.486145 -40.255802 -68.043015
v -185.345917 -40.255802 -68.001297
v -185.345917 -40.255802 -68.289162
v -185.486145 -40.255802 -68.288513
v -185.777435 -39.946571 -76.748581
v -184.920807 -39.946571 -76.748581
v -184.920807 -40.180828 -76.810699
v -185.915680 -40.180828 -76.810699
v -185.929718 -39.946571 -67.887558
v -185.929718 -39.946571 -68.243996
v -186.067719 -40.180828 -68.243355
v -186.067719 -40.180828 -67.826721
v -182.376343 -39.946571 -76.659706
v -182.376343 -39.946571 -76.254936
v -182.238342 -40.180828 -76.254936
v -182.238342 -40.180828 -76.720543
v -182.528595 -39.946571 -67.798691
v -183.385590 -39.946571 -67.798691
v -183.385590 -40.180828 -67.736572
v -182.390350 -40.180828 -67.736572
v -182.338318 -46.671730 -76.896042
v -183.122925 -46.671730 -76.896042
v -184.118622 -40.272503 -76.810699
v -182.390350 -40.180828 -76.810699
v -185.929718 -39.946571 -76.254936
v -185.628754 -39.843178 -76.254936
v -185.628754 -39.843178 -76.536026
v -185.929718 -39.946571 -76.659706
v -184.920807 -39.946568 -67.798691
v -184.920807 -39.843178 -67.934151
v -185.476562 -39.843178 -67.934151
v -185.777435 -39.946571 -67.798691
v -182.376343 -39.981022 -68.264870
v -182.677307 -39.877632 -68.263481
v -182.677307 -39.843178 -68.011246
v -182.376343 -39.946571 -67.887558
v -184.118622 -40.038246 -76.748581
v -184.118622 -39.934853 -76.613113
v -182.829468 -39.843178 -76.613113
v -182.528595 -39.946571 -76.748581
v -185.486145 -40.255802 -76.213676
v -185.486145 -40.255802 -76.502502
v -184.832825 -40.255802 -68.001297
v -182.836884 -40.290257 -68.305206
v -182.836884 -40.255802 -68.043015
v -184.167023 -40.347477 -76.544220
v -182.977112 -40.255802 -76.544220
v -186.257294 -46.671730 -67.717575
v -186.446899 -53.162628 -67.668892
v -186.067719 -40.180828 -76.720543
v -182.311523 -53.162628 -77.019081
v -182.238342 -40.180828 -67.826721
v -185.915680 -40.180828 -67.736572
v -186.105347 -46.671730 -76.896042
v -182.200714 -46.671726 -67.621002
v -182.048737 -46.671726 -67.717575
v -185.476562 -39.843178 -76.613113
v -185.628754 -39.843178 -68.011246
v -182.829468 -39.843178 -67.934151
v -182.677307 -39.843178 -76.536026
v -185.345917 -40.255802 -76.544220
v -182.977112 -40.255802 -68.001297
v -182.836884 -40.255802 -76.502502
v -182.011078 -53.162624 -67.565880
v -183.122925 -46.671730 -67.621002
v -182.860260 -53.162624 -67.565880
v -182.976440 -40.290257 -68.304565
v -183.490540 -40.290257 -68.302193
v -183.490540 -40.255802 -68.001297
v -184.920807 -40.180828 -67.736572
v -185.446167 -53.162628 -77.012688
v -185.183502 -46.671730 -76.896042
v -182.860260 -53.162628 -76.981384
v -183.385590 -39.843178 -67.934151
v -184.920807 -39.843178 -76.613113
v -184.832825 -40.255802 -76.544220
v -184.832825 -40.255802 -68.291527
v -186.294983 -53.162628 -76.981384
v -186.446899 -53.162628 -68.023438
v -186.257294 -46.671730 -68.133400
v -182.238342 -40.215279 -68.265511
v -182.094147 -46.671726 -68.426575
v -185.345917 -40.255802 -76.213676
v -186.067719 -40.180828 -76.254936
v -185.628754 -39.843178 -68.245384
v -182.677307 -39.843178 -76.254936
v -182.836884 -40.255802 -76.213676
v -184.167023 -40.347477 -76.213676
v -182.976929 -40.265453 -76.213676
v -184.832825 -40.255802 -76.213676
v -181.859131 -53.162628 -67.730415
v -181.949921 -53.162628 -68.587639
v -168.518585 -53.164635 -81.664352
v -168.487915 -46.673737 -81.256310
v -167.829773 -46.673737 -81.350822
v -167.713165 -53.164635 -81.540421
v -167.904144 -46.673737 -77.142250
v -168.476837 -46.673737 -77.051605
v -168.319397 -53.164635 -76.952652
v -167.713165 -53.164635 -76.952652
v -181.522705 -53.164635 -80.539673
v -181.415741 -46.673737 -80.277000
v -181.390198 -46.673737 -81.198845
v -181.471649 -53.164635 -81.388489
v -180.766724 -40.257809 -80.579651
v -180.828339 -40.257809 -80.439445
v -180.403046 -40.257809 -80.439445
v -180.404022 -40.257809 -80.579651
v -167.904938 -39.948578 -80.870956
v -167.904938 -39.948578 -80.014328
v -167.813171 -40.182835 -80.014328
v -167.813171 -40.182835 -81.009201
v -180.996399 -39.948578 -81.023224
v -180.469788 -39.948578 -81.023224
v -180.470734 -40.182835 -81.161217
v -181.086273 -40.182835 -81.161217
v -168.036255 -39.948578 -77.469856
v -168.634247 -39.948578 -77.469856
v -168.634247 -40.182835 -77.331856
v -167.946350 -40.182835 -77.331856
v -181.127686 -39.948578 -77.622116
v -181.127686 -39.948578 -78.479111
v -181.219452 -40.182835 -78.479111
v -181.219452 -40.182835 -77.483871
v -167.687073 -46.673737 -77.431831
v -167.687073 -46.673737 -78.216431
v -167.813171 -40.274509 -79.212143
v -167.813171 -40.182835 -77.483871
v -168.634247 -39.948578 -81.023224
v -168.634247 -39.845184 -80.722267
v -168.218964 -39.845184 -80.722267
v -168.036255 -39.948578 -81.023224
v -181.127686 -39.948578 -80.014328
v -180.927551 -39.845184 -80.014328
v -180.927551 -39.845184 -80.570091
v -181.127686 -39.948578 -80.870956
v -180.438934 -39.983032 -77.469856
v -180.440979 -39.879639 -77.770813
v -180.813660 -39.845184 -77.770813
v -180.996399 -39.948578 -77.469856
v -167.904938 -40.040253 -79.212143
v -168.105072 -39.936859 -79.212143
v -168.105072 -39.845184 -77.922989
v -167.904938 -39.948578 -77.622116
v -168.695221 -40.257809 -80.579651
v -168.268494 -40.257809 -80.579651
v -180.828339 -40.257809 -79.926338
v -180.379333 -40.292263 -77.930412
v -180.766724 -40.257809 -77.930412
v -168.206879 -40.349483 -79.260529
v -168.206879 -40.257809 -78.070618
v -181.247528 -46.673737 -81.350822
v -181.319458 -53.164635 -81.540421
v -167.946350 -40.182835 -81.161217
v -167.505310 -53.164631 -77.405045
v -181.086273 -40.182835 -77.331863
v -181.219452 -40.182835 -81.009201
v -167.687073 -46.673737 -81.198845
v -181.390198 -46.673737 -77.294228
v -181.247528 -46.673737 -77.142258
v -168.105072 -39.845184 -80.570091
v -180.813660 -39.845184 -80.722267
v -180.927551 -39.845184 -77.922989
v -168.218964 -39.845184 -77.770805
v -168.206879 -40.257809 -80.439445
v -180.828339 -40.257809 -78.070618
v -168.268494 -40.257809 -77.930412
v -181.471649 -53.164635 -77.104584
v -181.390198 -46.673737 -78.216431
v -181.471649 -53.164635 -77.953758
v -180.380310 -40.292263 -78.069954
v -180.383820 -40.292263 -78.584053
v -180.828339 -40.257809 -78.584053
v -181.219452 -40.182835 -80.014328
v -167.514740 -53.164635 -80.539673
v -167.687073 -46.673737 -80.277000
v -167.560974 -53.164631 -77.953758
v -180.927551 -39.845184 -78.479111
v -168.105072 -39.845184 -80.014328
v -168.206879 -40.257809 -79.926338
v -180.399567 -40.257809 -79.926338
v -167.560974 -53.164635 -81.388489
v -180.795624 -53.164635 -81.540421
v -180.633179 -46.673737 -81.350822
v -180.437988 -40.217285 -77.331863
v -180.200043 -46.673737 -77.187653
v -168.695221 -40.257809 -80.439445
v -168.634247 -40.182835 -81.161217
v -180.467712 -39.845184 -80.722267
v -168.634247 -39.845184 -77.770805
v -168.695221 -40.257809 -77.930412
v -168.695221 -40.349483 -79.260529
v -168.695221 -40.267460 -78.070435
v -168.695221 -40.257809 -79.926338
v -181.228546 -53.164635 -76.952652
v -179.962067 -53.164635 -77.043442
v -194.531830 -42.364567 -23.266222
v -194.123810 -34.641380 -23.286997
v -194.218292 -34.641376 -23.732460
v -194.407898 -42.364567 -23.811375
v -190.009735 -34.641376 -23.682112
v -189.919098 -34.641376 -23.294498
v -189.820129 -42.364567 -23.401060
v -189.820129 -42.364567 -23.811375
v -193.407166 -42.364563 -14.464317
v -193.144501 -34.641376 -14.536715
v -194.066345 -34.641376 -14.553997
v -194.255981 -42.364563 -14.498882
v -193.447144 -27.007393 -14.976011
v -193.306915 -27.007393 -14.934292
v -193.306915 -27.007393 -15.222157
v -193.447144 -27.007393 -15.221508
v -193.738434 -26.639454 -23.681580
v -192.881805 -26.639454 -23.681580
v -192.881805 -26.918182 -23.743694
v -193.876678 -26.918182 -23.743694
v -193.890717 -26.639454 -14.820560
v -193.890717 -26.639454 -15.176994
v -194.028717 -26.918182 -15.176357
v -194.028717 -26.918182 -14.759724
v -190.337341 -26.639454 -23.592707
v -190.337341 -26.639454 -23.187935
v -190.199341 -26.918182 -23.187935
v -190.199341 -26.918182 -23.653543
v -190.489594 -26.639454 -14.731686
v -191.346588 -26.639454 -14.731686
v -191.346588 -26.918182 -14.669571
v -190.351349 -26.918182 -14.669571
v -190.299316 -34.641376 -23.829039
v -191.083923 -34.641376 -23.829039
v -192.079620 -27.027264 -23.743694
v -190.351349 -26.918182 -23.743694
v -193.890717 -26.639454 -23.187935
v -193.589752 -26.516434 -23.187935
v -193.589752 -26.516434 -23.469025
v -193.890717 -26.639454 -23.592709
v -192.881805 -26.639450 -14.731686
v -192.881805 -26.516434 -14.867153
v -193.437561 -26.516434 -14.867153
v -193.738434 -26.639454 -14.731686
v -190.337341 -26.680447 -15.197868
v -190.638306 -26.557426 -15.196480
v -190.638306 -26.516434 -14.944242
v -190.337341 -26.639454 -14.820560
v -192.079620 -26.748531 -23.681580
v -192.079620 -26.625511 -23.546114
v -190.790466 -26.516434 -23.546114
v -190.489594 -26.639454 -23.681580
v -193.447144 -27.007393 -23.146677
v -193.447144 -27.007393 -23.435501
v -192.793823 -27.007393 -14.934292
v -190.797882 -27.048386 -15.238209
v -190.797882 -27.007393 -14.976011
v -192.128021 -27.116474 -23.477221
v -190.938110 -27.007393 -23.477221
v -194.218292 -34.641376 -14.650578
v -194.407898 -42.364563 -14.601891
v -194.028717 -26.918182 -23.653543
v -190.272522 -42.364563 -23.952080
v -190.199341 -26.918182 -14.759724
v -193.876678 -26.918182 -14.669571
v -194.066345 -34.641380 -23.829039
v -190.161713 -34.641376 -14.553997
v -190.009735 -34.641376 -14.650578
v -193.437561 -26.516434 -23.546114
v -193.589752 -26.516434 -14.944242
v -190.790466 -26.516434 -14.867153
v -190.638306 -26.516434 -23.469025
v -193.306915 -27.007393 -23.477221
v -190.938110 -27.007393 -14.934292
v -190.797882 -27.007393 -23.435501
v -189.972076 -42.364563 -14.498882
v -191.083923 -34.641376 -14.553997
v -190.821259 -42.364563 -14.498882
v -190.937439 -27.048386 -15.237562
v -191.451538 -27.048386 -15.235188
v -191.451538 -27.007393 -14.934292
v -192.881805 -26.918182 -14.669571
v -193.407166 -42.364567 -23.945688
v -193.144501 -34.641380 -23.829039
v -190.821259 -42.364563 -23.914383
v -191.346588 -26.516434 -14.867153
v -192.881805 -26.516434 -23.546114
v -192.793823 -27.007393 -23.477221
v -192.793823 -27.007393 -15.224527
v -194.255981 -42.364567 -23.914383
v -194.407898 -42.364563 -14.956436
v -194.218292 -34.641376 -15.066395
v -190.199341 -26.959175 -15.198507
v -190.055145 -34.641376 -15.359571
v -193.306915 -27.007393 -23.146677
v -194.028717 -26.918182 -23.187935
v -193.589752 -26.516434 -15.178385
v -190.638306 -26.516434 -23.187935
v -190.797882 -27.007393 -23.146677
v -192.128021 -27.116474 -23.146677
v -190.937927 -27.018875 -23.146677
v -192.793823 -27.007393 -23.146677
v -189.820129 -42.364563 -14.663418
v -189.910919 -42.364563 -15.520634
v -194.531830 -42.364571 -38.435619
v -194.123810 -34.641384 -38.456398
v -194.218292 -34.641380 -38.901859
v -194.407898 -42.364571 -38.980774
v -190.009735 -34.641380 -38.851509
v -189.919098 -34.641380 -38.463898
v -189.820129 -42.364571 -38.570457
v -189.820129 -42.364571 -38.980774
v -193.407166 -42.364567 -29.633717
v -193.144501 -34.641380 -29.706114
v -194.066345 -34.641380 -29.723396
v -194.255981 -42.364567 -29.668282
v -193.447144 -27.007397 -30.145411
v -193.306915 -27.007397 -30.103691
v -193.306915 -27.007397 -30.391556
v -193.447144 -27.007397 -30.390907
v -193.738434 -26.639458 -38.850979
v -192.881805 -26.639458 -38.850979
v -192.881805 -26.918186 -38.913094
v -193.876678 -26.918186 -38.913094
v -193.890717 -26.639458 -29.989960
v -193.890717 -26.639458 -30.346394
v -194.028717 -26.918186 -30.345757
v -194.028717 -26.918186 -29.929123
v -190.337341 -26.639458 -38.762108
v -190.337341 -26.639458 -38.357334
v -190.199341 -26.918186 -38.357334
v -190.199341 -26.918186 -38.822941
v -190.489594 -26.639458 -29.901085
v -191.346588 -26.639458 -29.901085
v -191.346588 -26.918186 -29.838970
v -190.351349 -26.918186 -29.838970
v -190.299316 -34.641380 -38.998440
v -191.083923 -34.641380 -38.998440
v -192.079620 -27.027267 -38.913094
v -190.351349 -26.918186 -38.913094
v -193.890717 -26.639458 -38.357334
v -193.589752 -26.516438 -38.357334
v -193.589752 -26.516438 -38.638424
v -193.890717 -26.639458 -38.762108
v -192.881805 -26.639454 -29.901085
v -192.881805 -26.516438 -30.036552
v -193.437561 -26.516438 -30.036552
v -193.738434 -26.639458 -29.901085
v -190.337341 -26.680450 -30.367268
v -190.638306 -26.557430 -30.365879
v -190.638306 -26.516438 -30.113642
v -190.337341 -26.639458 -29.989960
v -192.079620 -26.748535 -38.850979
v -192.079620 -26.625515 -38.715515
v -190.790466 -26.516438 -38.715515
v -190.489594 -26.639458 -38.850979
v -193.447144 -27.007397 -38.316078
v -193.447144 -27.007397 -38.604900
v -192.793823 -27.007397 -30.103691
v -190.797882 -27.048389 -30.407608
v -190.797882 -27.007397 -30.145411
v -192.128021 -27.116478 -38.646618
v -190.938110 -27.007397 -38.646618
v -194.218292 -34.641380 -29.819977
v -194.407898 -42.364567 -29.771290
v -194.028717 -26.918186 -38.822941
v -190.272522 -42.364567 -39.121479
v -190.199341 -26.918186 -29.929123
v -193.876678 -26.918186 -29.838970
v -194.066345 -34.641384 -38.998440
v -190.161713 -34.641380 -29.723396
v -190.009735 -34.641380 -29.819977
v -193.437561 -26.516438 -38.715515
v -193.589752 -26.516438 -30.113642
v -190.790466 -26.516438 -30.036552
v -190.638306 -26.516438 -38.638424
v -193.306915 -27.007397 -38.646618
v -190.938110 -27.007397 -30.103691
v -190.797882 -27.007397 -38.604900
v -189.972076 -42.364567 -29.668282
v -191.083923 -34.641380 -29.723396
v -190.821259 -42.364567 -29.668282
v -190.937439 -27.048389 -30.406961
v -191.451538 -27.048389 -30.404587
v -191.451538 -27.007397 -30.103691
v -192.881805 -26.918186 -29.838970
v -193.407166 -42.364571 -39.115089
v -193.144501 -34.641384 -38.998440
v -190.821259 -42.364567 -39.083782
v -191.346588 -26.516438 -30.036552
v -192.881805 -26.516438 -38.715515
v -192.793823 -27.007397 -38.646618
v -192.793823 -27.007397 -30.393927
v -194.255981 -42.364571 -39.083782
v -194.407898 -42.364567 -30.125835
v -194.218292 -34.641380 -30.235794
v -190.199341 -26.959179 -30.367907
v -190.055145 -34.641380 -30.528971
v -193.306915 -27.007397 -38.316078
v -194.028717 -26.918186 -38.357334
v -193.589752 -26.516438 -30.347784
v -190.638306 -26.516438 -38.357334
v -190.797882 -27.007397 -38.316078
v -192.128021 -27.116478 -38.316078
v -190.937927 -27.018879 -38.316078
v -192.793823 -27.007397 -38.316078
v -189.820129 -42.364567 -29.832817
v -189.910919 -42.364567 -30.690033
v -194.531830 -42.364571 -53.580318
v -194.123810 -34.641384 -53.601097
v -194.218292 -34.641380 -54.046558
v -194.407898 -42.364571 -54.125473
v -190.009735 -34.641380 -53.996208
v -189.919098 -34.641380 -53.608597
v -189.820129 -42.364571 -53.715157
v -189.820129 -42.364571 -54.125473
v -193.407166 -42.364567 -44.778416
v -193.144501 -34.641380 -44.850815
v -194.066345 -34.641380 -44.868095
v -194.255981 -42.364567 -44.812981
v -193.447144 -27.007397 -45.290108
v -193.306915 -27.007397 -45.248390
v -193.306915 -27.007397 -45.536255
v -193.447144 -27.007397 -45.535606
v -193.738434 -26.639458 -53.995678
v -192.881805 -26.639458 -53.995678
v -192.881805 -26.918186 -54.057793
v -193.876678 -26.918186 -54.057793
v -193.890717 -26.639458 -45.134659
v -193.890717 -26.639458 -45.491093
v -194.028717 -26.918186 -45.490456
v -194.028717 -26.918186 -45.073822
v -190.337341 -26.639458 -53.906807
v -190.337341 -26.639458 -53.502033
v -190.199341 -26.918186 -53.502033
v -190.199341 -26.918186 -53.967640
v -190.489594 -26.639458 -45.045784
v -191.346588 -26.639458 -45.045784
v -191.346588 -26.918186 -44.983669
v -190.351349 -26.918186 -44.983669
v -190.299316 -34.641380 -54.143139
v -191.083923 -34.641380 -54.143139
v -192.079620 -27.027267 -54.057793
v -190.351349 -26.918186 -54.057793
v -193.890717 -26.639458 -53.502033
v -193.589752 -26.516438 -53.502033
v -193.589752 -26.516438 -53.783123
v -193.890717 -26.639458 -53.906807
v -192.881805 -26.639454 -45.045784
v -192.881805 -26.516438 -45.181252
v -193.437561 -26.516438 -45.181252
v -193.738434 -26.639458 -45.045784
v -190.337341 -26.680450 -45.511967
v -190.638306 -26.557430 -45.510578
v -190.638306 -26.516438 -45.258339
v -190.337341 -26.639458 -45.134659
v -192.079620 -26.748535 -53.995678
v -192.079620 -26.625515 -53.860214
v -190.790466 -26.516438 -53.860214
v -190.489594 -26.639458 -53.995678
v -193.447144 -27.007397 -53.460777
v -193.447144 -27.007397 -53.749599
v -192.793823 -27.007397 -45.248390
v -190.797882 -27.048389 -45.552307
v -190.797882 -27.007397 -45.290108
v -192.128021 -27.116478 -53.791317
v -190.938110 -27.007397 -53.791317
v -194.218292 -34.641380 -44.964676
v -194.407898 -42.364567 -44.915989
v -194.028717 -26.918186 -53.967640
v -190.272522 -42.364567 -54.266178
v -190.199341 -26.918186 -45.073822
v -193.876678 -26.918186 -44.983669
v -194.066345 -34.641384 -54.143139
v -190.161713 -34.641380 -44.868095
v -190.009735 -34.641380 -44.964676
v -193.437561 -26.516438 -53.860214
v -193.589752 -26.516438 -45.258339
v -190.790466 -26.516438 -45.181252
v -190.638306 -26.516438 -53.783123
v -193.306915 -27.007397 -53.791317
v -190.938110 -27.007397 -45.248390
v -190.797882 -27.007397 -53.749599
v -189.972076 -42.364567 -44.812981
v -191.083923 -34.641380 -44.868095
v -190.821259 -42.364567 -44.812981
v -190.937439 -27.048389 -45.551662
v -191.451538 -27.048389 -45.549286
v -191.451538 -27.007397 -45.248390
v -192.881805 -26.918186 -44.983669
v -193.407166 -42.364571 -54.259789
v -193.144501 -34.641384 -54.143139
v -190.821259 -42.364567 -54.228481
v -191.346588 -26.516438 -45.181252
v -192.881805 -26.516438 -53.860214
v -192.793823 -27.007397 -53.791317
v -192.793823 -27.007397 -45.538628
v -194.255981 -42.364571 -54.228481
v -194.407898 -42.364567 -45.270535
v -194.218292 -34.641380 -45.380493
v -190.199341 -26.959179 -45.512604
v -190.055145 -34.641380 -45.673668
v -193.306915 -27.007397 -53.460777
v -194.028717 -26.918186 -53.502033
v -193.589752 -26.516438 -45.492485
v -190.638306 -26.516438 -53.502033
v -190.797882 -27.007397 -53.460777
v -192.128021 -27.116478 -53.460777
v -190.937927 -27.018879 -53.460777
v -192.793823 -27.007397 -53.460777
v -189.820129 -42.364567 -44.977516
v -189.910919 -42.364567 -45.834732
v -194.531830 -42.364571 -68.749725
v -194.123810 -34.641384 -68.770500
v -194.218292 -34.641380 -69.215965
v -194.407898 -42.364571 -69.294876
v -190.009735 -34.641380 -69.165619
v -189.919098 -34.641380 -68.778000
v -189.820129 -42.364571 -68.884567
v -189.820129 -42.364571 -69.294876
v -193.407166 -42.364567 -59.947823
v -193.144501 -34.641380 -60.020222
v -194.066345 -34.641380 -60.037502
v -194.255981 -42.364567 -59.982388
v -193.447144 -27.007397 -60.459518
v -193.306915 -27.007397 -60.417797
v -193.306915 -27.007397 -60.705662
v -193.447144 -27.007397 -60.705013
v -193.738434 -26.639458 -69.165085
v -192.881805 -26.639458 -69.165085
v -192.881805 -26.918186 -69.227203
v -193.876678 -26.918186 -69.227203
v -193.890717 -26.639458 -60.304066
v -193.890717 -26.639458 -60.660500
v -194.028717 -26.918186 -60.659863
v -194.028717 -26.918186 -60.243229
v -190.337341 -26.639458 -69.076210
v -190.337341 -26.639458 -68.671440
v -190.199341 -26.918186 -68.671440
v -190.199341 -26.918186 -69.137047
v -190.489594 -26.639458 -60.215191
v -191.346588 -26.639458 -60.215191
v -191.346588 -26.918186 -60.153076
v -190.351349 -26.918186 -60.153076
v -190.299316 -34.641380 -69.312546
v -191.083923 -34.641380 -69.312546
v -192.079620 -27.027267 -69.227203
v -190.351349 -26.918186 -69.227203
v -193.890717 -26.639458 -68.671440
v -193.589752 -26.516438 -68.671440
v -193.589752 -26.516438 -68.952530
v -193.890717 -26.639458 -69.076210
v -192.881805 -26.639454 -60.215191
v -192.881805 -26.516438 -60.350658
v -193.437561 -26.516438 -60.350658
v -193.738434 -26.639458 -60.215191
v -190.337341 -26.680450 -60.681374
v -190.638306 -26.557430 -60.679985
v -190.638306 -26.516438 -60.427750
v -190.337341 -26.639458 -60.304066
v -192.079620 -26.748535 -69.165085
v -192.079620 -26.625515 -69.029617
v -190.790466 -26.516438 -69.029617
v -190.489594 -26.639458 -69.165085
v -193.447144 -27.007397 -68.630180
v -193.447144 -27.007397 -68.919006
v -192.793823 -27.007397 -60.417797
v -190.797882 -27.048389 -60.721714
v -190.797882 -27.007397 -60.459518
v -192.128021 -27.116478 -68.960724
v -190.938110 -27.007397 -68.960724
v -194.218292 -34.641380 -60.134083
v -194.407898 -42.364567 -60.085396
v -194.028717 -26.918186 -69.137047
v -190.272522 -42.364567 -69.435585
v -190.199341 -26.918186 -60.243229
v -193.876678 -26.918186 -60.153076
v -194.066345 -34.641384 -69.312546
v -190.161713 -34.641380 -60.037502
v -190.009735 -34.641380 -60.134083
v -193.437561 -26.516438 -69.029617
v -193.589752 -26.516438 -60.427750
v -190.790466 -26.516438 -60.350658
v -190.638306 -26.516438 -68.952530
v -193.306915 -27.007397 -68.960724
v -190.938110 -27.007397 -60.417797
v -190.797882 -27.007397 -68.919006
v -189.972076 -42.364567 -59.982388
v -191.083923 -34.641380 -60.037502
v -190.821259 -42.364567 -59.982388
v -190.937439 -27.048389 -60.721069
v -191.451538 -27.048389 -60.718693
v -191.451538 -27.007397 -60.417797
v -192.881805 -26.918186 -60.153076
v -193.407166 -42.364571 -69.429192
v -193.144501 -34.641384 -69.312546
v -190.821259 -42.364567 -69.397888
v -191.346588 -26.516438 -60.350658
v -192.881805 -26.516438 -69.029617
v -192.793823 -27.007397 -68.960724
v -192.793823 -27.007397 -60.708035
v -194.255981 -42.364571 -69.397888
v -194.407898 -42.364567 -60.439941
v -194.218292 -34.641380 -60.549900
v -190.199341 -26.959179 -60.682014
v -190.055145 -34.641380 -60.843075
v -193.306915 -27.007397 -68.630180
v -194.028717 -26.918186 -68.671440
v -193.589752 -26.516438 -60.661888
v -190.638306 -26.516438 -68.671440
v -190.797882 -27.007397 -68.630180
v -192.128021 -27.116478 -68.630180
v -190.937927 -27.018879 -68.630180
v -192.793823 -27.007397 -68.630180
v -189.820129 -42.364567 -60.146923
v -189.910919 -42.364567 -61.004139
v -194.531830 -42.364574 -83.920822
v -194.123810 -34.641388 -83.941597
v -194.218292 -34.641384 -84.387062
v -194.407898 -42.364574 -84.465973
v -190.009735 -34.641384 -84.336716
v -189.919098 -34.641384 -83.949097
v -189.820129 -42.364574 -84.055664
v -189.820129 -42.364574 -84.465973
v -193.407166 -42.364571 -75.118919
v -193.144501 -34.641384 -75.191315
v -194.066345 -34.641384 -75.208603
v -194.255981 -42.364571 -75.153481
v -193.447144 -27.007401 -75.630615
v -193.306915 -27.007401 -75.588898
v -193.306915 -27.007401 -75.876762
v -193.447144 -27.007401 -75.876114
v -193.738434 -26.639462 -84.336182
v -192.881805 -26.639462 -84.336182
v -192.881805 -26.918190 -84.398300
v -193.876678 -26.918190 -84.398300
v -193.890717 -26.639462 -75.475159
v -193.890717 -26.639462 -75.831596
v -194.028717 -26.918190 -75.830956
v -194.028717 -26.918190 -75.414322
v -190.337341 -26.639462 -84.247307
v -190.337341 -26.639462 -83.842537
v -190.199341 -26.918190 -83.842537
v -190.199341 -26.918190 -84.308144
v -190.489594 -26.639462 -75.386292
v -191.346588 -26.639462 -75.386292
v -191.346588 -26.918190 -75.324173
v -190.351349 -26.918190 -75.324173
v -190.299316 -34.641384 -84.483643
v -191.083923 -34.641384 -84.483643
v -192.079620 -27.027271 -84.398300
v -190.351349 -26.918190 -84.398300
v -193.890717 -26.639462 -83.842537
v -193.589752 -26.516441 -83.842537
v -193.589752 -26.516441 -84.123627
v -193.890717 -26.639462 -84.247307
v -192.881805 -26.639458 -75.386292
v -192.881805 -26.516441 -75.521751
v -193.437561 -26.516441 -75.521751
v -193.738434 -26.639462 -75.386292
v -190.337341 -26.680454 -75.852470
v -190.638306 -26.557434 -75.851082
v -190.638306 -26.516441 -75.598846
v -190.337341 -26.639462 -75.475159
v -192.079620 -26.748539 -84.336182
v -192.079620 -26.625519 -84.200714
v -190.790466 -26.516441 -84.200714
v -190.489594 -26.639462 -84.336182
v -193.447144 -27.007401 -83.801277
v -193.447144 -27.007401 -84.090103
v -192.793823 -27.007401 -75.588898
v -190.797882 -27.048393 -75.892807
v -190.797882 -27.007401 -75.630615
v -192.128021 -27.116482 -84.131821
v -190.938110 -27.007401 -84.131821
v -194.218292 -34.641384 -75.305176
v -194.407898 -42.364571 -75.256493
v -194.028717 -26.918190 -84.308144
v -190.272522 -42.364571 -84.606682
v -190.199341 -26.918190 -75.414322
v -193.876678 -26.918190 -75.324173
v -194.066345 -34.641388 -84.483643
v -190.161713 -34.641384 -75.208603
v -190.009735 -34.641384 -75.305176
v -193.437561 -26.516441 -84.200714
v -193.589752 -26.516441 -75.598846
v -190.790466 -26.516441 -75.521751
v -190.638306 -26.516441 -84.123627
v -193.306915 -27.007401 -84.131821
v -190.938110 -27.007401 -75.588898
v -190.797882 -27.007401 -84.090103
v -189.972076 -42.364571 -75.153481
v -191.083923 -34.641384 -75.208603
v -190.821259 -42.364571 -75.153481
v -190.937439 -27.048393 -75.892166
v -191.451538 -27.048393 -75.889793
v -191.451538 -27.007401 -75.588898
v -192.881805 -26.918190 -75.324173
v -193.407166 -42.364574 -84.600288
v -193.144501 -34.641388 -84.483643
v -190.821259 -42.364571 -84.568985
v -191.346588 -26.516441 -75.521751
v -192.881805 -26.516441 -84.200714
v -192.793823 -27.007401 -84.131821
v -192.793823 -27.007401 -75.879128
v -194.255981 -42.364574 -84.568985
v -194.407898 -42.364571 -75.611038
v -194.218292 -34.641384 -75.721001
v -190.199341 -26.959183 -75.853111
v -190.055145 -34.641384 -76.014175
v -193.306915 -27.007401 -83.801277
v -194.028717 -26.918190 -83.842537
v -193.589752 -26.516441 -75.832985
v -190.638306 -26.516441 -83.842537
v -190.797882 -27.007401 -83.801277
v -192.128021 -27.116482 -83.801277
v -190.937927 -27.018883 -83.801277
v -192.793823 -27.007401 -83.801277
v -189.820129 -42.364571 -75.318016
v -189.910919 -42.364571 -76.175240
v -194.531830 -42.364574 -99.090332
v -194.123810 -34.641388 -99.111099
v -194.218292 -34.641384 -99.556564
v -194.407898 -42.364574 -99.635483
v -190.009735 -34.641384 -99.506226
v -189.919098 -34.641384 -99.118607
v -189.820129 -42.364574 -99.225174
v -189.820129 -42.364574 -99.635483
v -193.407166 -42.364571 -90.288422
v -193.144501 -34.641384 -90.360825
v -194.066345 -34.641384 -90.378113
v -194.255981 -42.364571 -90.322983
v -193.447144 -27.007401 -90.800125
v -193.306915 -27.007401 -90.758408
v -193.306915 -27.007401 -91.046265
v -193.447144 -27.007401 -91.045624
v -193.738434 -26.639462 -99.505692
v -192.881805 -26.639462 -99.505692
v -192.881805 -26.918190 -99.567810
v -193.876678 -26.918190 -99.567810
v -193.890717 -26.639462 -90.644669
v -193.890717 -26.639462 -91.001099
v -194.028717 -26.918190 -91.000458
v -194.028717 -26.918190 -90.583832
v -190.337341 -26.639462 -99.416809
v -190.337341 -26.639462 -99.012039
v -190.199341 -26.918190 -99.012039
v -190.199341 -26.918190 -99.477646
v -190.489594 -26.639462 -90.555801
v -191.346588 -26.639462 -90.555801
v -191.346588 -26.918190 -90.493683
v -190.351349 -26.918190 -90.493683
v -190.299316 -34.641384 -99.653152
v -191.083923 -34.641384 -99.653152
v -192.079620 -27.027271 -99.567810
v -190.351349 -26.918190 -99.567810
v -193.890717 -26.639462 -99.012039
v -193.589752 -26.516441 -99.012039
v -193.589752 -26.516441 -99.293137
v -193.890717 -26.639462 -99.416809
v -192.881805 -26.639458 -90.555801
v -192.881805 -26.516441 -90.691254
v -193.437561 -26.516441 -90.691254
v -193.738434 -26.639462 -90.555801
v -190.337341 -26.680454 -91.021973
v -190.638306 -26.557434 -91.020584
v -190.638306 -26.516441 -90.768356
v -190.337341 -26.639462 -90.644669
v -192.079620 -26.748539 -99.505692
v -192.079620 -26.625519 -99.370224
v -190.790466 -26.516441 -99.370224
v -190.489594 -26.639462 -99.505692
v -193.447144 -27.007401 -98.970779
v -193.447144 -27.007401 -99.259613
v -192.793823 -27.007401 -90.758408
v -190.797882 -27.048393 -91.062317
v -190.797882 -27.007401 -90.800125
v -192.128021 -27.116482 -99.301331
v -190.938110 -27.007401 -99.301331
v -194.218292 -34.641384 -90.474686
v -194.407898 -42.364571 -90.425995
v -194.028717 -26.918190 -99.477646
v -190.272522 -42.364571 -99.776184
v -190.199341 -26.918190 -90.583832
v -193.876678 -26.918190 -90.493683
v -194.066345 -34.641388 -99.653152
v -190.161713 -34.641384 -90.378113
v -190.009735 -34.641384 -90.474686
v -193.437561 -26.516441 -99.370224
v -193.589752 -26.516441 -90.768356
v -190.790466 -26.516441 -90.691254
v -190.638306 -26.516441 -99.293137
v -193.306915 -27.007401 -99.301331
v -190.938110 -27.007401 -90.758408
v -190.797882 -27.007401 -99.259613
v -189.972076 -42.364571 -90.322983
v -191.083923 -34.641384 -90.378113
v -190.821259 -42.364571 -90.322983
v -190.937439 -27.048393 -91.061676
v -191.451538 -27.048393 -91.059296
v -191.451538 -27.007401 -90.758408
v -192.881805 -26.918190 -90.493683
v -193.407166 -42.364574 -99.769791
v -193.144501 -34.641388 -99.653152
v -190.821259 -42.364571 -99.738495
v -191.346588 -26.516441 -90.691254
v -192.881805 -26.516441 -99.370224
v -192.793823 -27.007401 -99.301331
v -192.793823 -27.007401 -91.048630
v -194.255981 -42.364574 -99.738495
v -194.407898 -42.364571 -90.780548
v -194.218292 -34.641384 -90.890503
v -190.199341 -26.959183 -91.022614
v -190.055145 -34.641384 -91.183685
v -193.306915 -27.007401 -98.970779
v -194.028717 -26.918190 -99.012039
v -193.589752 -26.516441 -91.002487
v -190.638306 -26.516441 -99.012039
v -190.797882 -27.007401 -98.970779
v -192.128021 -27.116482 -98.970779
v -190.937927 -27.018883 -98.970779
v -192.793823 -27.007401 -98.970779
v -189.820129 -42.364571 -90.487518
v -189.910919 -42.364571 -91.344742
v -147.407135 -53.164635 -82.712379
v -147.815186 -46.673737 -82.691605
v -147.720673 -46.673737 -82.246140
v -147.531067 -53.164635 -82.167221
v -151.929230 -46.673737 -82.296486
v -152.019897 -46.673737 -82.684105
v -152.118835 -53.164635 -82.577538
v -152.118835 -53.164635 -82.167221
v -148.531830 -53.164635 -91.514282
v -148.794495 -46.673737 -91.441879
v -147.872650 -46.673737 -91.424591
v -147.683014 -53.164635 -91.479721
v -148.491852 -40.257809 -91.002579
v -148.632050 -40.257809 -91.044312
v -148.632050 -40.257809 -90.756439
v -148.491852 -40.257809 -90.757095
v -148.200531 -39.948578 -82.297020
v -149.057159 -39.948578 -82.297020
v -149.057159 -40.182835 -82.234909
v -148.062286 -40.182835 -82.234909
v -148.048279 -39.948578 -91.158035
v -148.048279 -39.948578 -90.801605
v -147.910278 -40.182835 -90.802246
v -147.910278 -40.182835 -91.218872
v -151.601654 -39.948578 -82.385895
v -151.601654 -39.948578 -82.790665
v -151.739624 -40.182835 -82.790665
v -151.739624 -40.182835 -82.325058
v -151.449371 -39.948578 -91.246918
v -150.592377 -39.948578 -91.246918
v -150.592377 -40.182835 -91.309021
v -151.587616 -40.182835 -91.309021
v -151.639679 -46.673737 -82.149559
v -150.855072 -46.673737 -82.149559
v -149.859344 -40.274509 -82.234909
v -151.587616 -40.182835 -82.234909
v -148.048279 -39.948578 -82.790665
v -148.349213 -39.845184 -82.790665
v -148.349213 -39.845184 -82.509575
v -148.048279 -39.948578 -82.385895
v -149.057159 -39.948578 -91.246918
v -149.057159 -39.845184 -91.111450
v -148.501404 -39.845184 -91.111450
v -148.200531 -39.948578 -91.246918
v -151.601624 -39.983032 -90.780731
v -151.300690 -39.879639 -90.782120
v -151.300690 -39.845184 -91.034348
v -151.601624 -39.948578 -91.158035
v -149.859344 -40.040253 -82.297020
v -149.859344 -39.936859 -82.432487
v -151.148499 -39.845184 -82.432487
v -151.449371 -39.948578 -82.297020
v -148.491852 -40.257809 -82.831924
v -148.491852 -40.257809 -82.543098
v -149.145172 -40.257809 -91.044312
v -151.141083 -40.292263 -90.740387
v -151.141083 -40.257809 -91.002579
v -149.810974 -40.349483 -82.501381
v -151.000885 -40.257809 -82.501381
v -147.720673 -46.673737 -91.328018
v -147.531067 -53.164635 -91.376709
v -147.910278 -40.182835 -82.325058
v -151.666443 -53.164631 -82.026520
v -151.739624 -40.182835 -91.218872
v -148.062286 -40.182835 -91.309021
v -147.872650 -46.673737 -82.149559
v -151.777283 -46.673737 -91.424591
v -151.929230 -46.673737 -91.328018
v -148.501404 -39.845184 -82.432487
v -148.349213 -39.845184 -91.034348
v -151.148499 -39.845184 -91.111450
v -151.300690 -39.845184 -82.509575
v -148.632050 -40.257809 -82.501381
v -151.000885 -40.257809 -91.044312
v -151.141083 -40.257809 -82.543098
v -151.966919 -53.164635 -91.479721
v -150.855072 -46.673737 -91.424591
v -151.117737 -53.164635 -91.479721
v -151.001526 -40.292263 -90.741028
v -150.487427 -40.292263 -90.743408
v -150.487427 -40.257809 -91.044312
v -149.057159 -40.182835 -91.309021
v -148.531830 -53.164635 -82.032913
v -148.794495 -46.673737 -82.149559
v -151.117737 -53.164631 -82.064217
v -150.592377 -39.845184 -91.111450
v -149.057159 -39.845184 -82.432487
v -149.145172 -40.257809 -82.501381
v -149.145172 -40.257809 -90.754074
v -147.683014 -53.164635 -82.064217
v -147.531067 -53.164635 -91.022156
v -147.720673 -46.673737 -90.912201
v -151.739624 -40.217285 -90.780090
v -151.883850 -46.673737 -90.619026
v -148.632050 -40.257809 -82.831924
v -147.910278 -40.182835 -82.790665
v -148.349213 -39.845184 -90.800217
v -151.300690 -39.845184 -82.790665
v -151.141083 -40.257809 -82.831924
v -149.810974 -40.349483 -82.831924
v -151.001068 -40.267460 -82.831924
v -149.145172 -40.257809 -82.831924
v -152.118835 -53.164635 -91.315186
v -152.028046 -53.164635 -90.457962
vn -0.9944 0.0481 -0.0941
vn -0.9940 0.0394 0.1020
vn -0.9188 0.0426 -0.3925
vn -0.8262 0.0310 -0.5625
vn 0.7878 0.0230 -0.6155
vn 0.9942 0.0275 -0.1042
vn 0.9998 0.0220 0.0013
vn 0.8051 0.0353 -0.5921
vn -0.0134 0.0102 0.9999
vn -0.0052 0.0152 0.9999
vn -0.2870 0.0120 0.9578
vn 0.0880 0.0040 0.9961
vn 0.5403 0.7056 -0.4585
vn 0.0924 0.7397 -0.6665
vn -0.0000 1.0000 -0.0000
vn 0.5802 0.8145 -0.0000
vn -0.2318 0.4608 -0.8567
vn 0.0355 0.5209 -0.8529
vn 0.0082 0.1402 -0.9901
vn -0.0871 0.4901 -0.8673
vn -0.6522 0.6630 0.3676
vn -0.6343 0.7731 -0.0000
vn -0.9613 0.2756 -0.0017
vn -0.8376 0.2765 0.4711
vn 0.6522 0.6630 -0.3676
vn 0.8112 0.5848 0.0018
vn 0.9595 0.2819 0.0031
vn 0.8353 0.2772 -0.4748
vn 0.2318 0.4608 0.8567
vn -0.0000 0.3398 0.9405
vn 0.0004 0.1386 0.9903
vn 0.0873 0.4878 0.8686
vn 0.2375 0.0149 -0.9713
vn -0.0001 0.0155 -0.9999
vn 0.0036 0.1293 -0.9916
vn 0.1899 0.2683 -0.9444
vn -0.6324 0.7746 -0.0000
vn 0.4381 0.8989 -0.0000
vn 0.2017 0.9759 0.0832
vn -0.4569 0.7908 -0.4072
vn -0.0000 0.5706 0.8212
vn -0.0000 0.9291 -0.3698
vn 0.1593 0.9605 -0.2282
vn -0.2576 0.7463 0.6137
vn 0.6410 0.7662 -0.0445
vn -0.4329 0.8993 -0.0618
vn -0.1690 0.9766 -0.1328
vn 0.4751 0.7997 0.3670
vn -0.0485 0.5420 -0.8390
vn 0.0189 0.9222 0.3863
vn -0.2020 0.9626 0.1805
vn 0.2351 0.7396 -0.6306
vn 0.5414 0.7199 0.4343
vn -0.0000 0.7618 -0.6478
vn -0.5537 0.8311 -0.0516
vn -0.5351 0.6944 -0.4811
vn 0.0254 0.7794 0.6261
vn -0.1195 0.7250 0.6783
vn -0.8754 0.0319 0.4823
vn -0.8841 0.0293 0.4664
vn -0.8401 0.2711 -0.4698
vn 0.1333 0.0192 -0.9909
vn 0.8408 0.2822 0.4620
vn -0.1955 0.5392 0.8192
vn -0.2726 0.0208 -0.9619
vn 0.2721 0.0179 0.9621
vn 0.8900 0.0310 0.4549
vn 0.1529 0.9575 0.2447
vn 0.1905 0.9786 -0.0782
vn -0.1558 0.9580 -0.2407
vn -0.1810 0.9809 0.0706
vn 0.0787 0.7466 0.6606
vn -0.0821 0.7106 -0.6987
vn -0.5333 0.7084 0.4624
vn 0.3982 0.0154 0.9172
vn 0.0042 0.0133 0.9999
vn 0.0060 0.0094 0.9999
vn -0.0045 0.9982 -0.0604
vn 0.0137 0.9982 -0.0590
vn 0.0067 0.7262 -0.6874
vn -0.0004 0.1388 0.9903
vn -0.0142 0.0170 -0.9998
vn -0.0008 0.0145 -0.9999
vn -0.0293 0.0120 -0.9995
vn 0.0516 0.9325 0.3575
vn 0.0528 0.7502 0.6591
vn 0.0073 1.0000 -0.0040
vn -0.3064 0.0235 -0.9516
vn -0.9993 0.0362 -0.0001
vn -0.9996 0.0291 -0.0057
vn 0.9632 0.2684 -0.0119
vn 0.9993 0.0265 -0.0267
vn -0.9628 0.2701 -0.0000
vn -0.4214 0.9069 0.0019
vn -0.5937 0.8047 0.0018
vn 0.0375 0.9993 -0.0043
vn -0.0659 0.9978 0.0100
vn 0.0654 0.9979 -0.0042
vn 0.9494 0.0248 0.3131
vn 0.9988 0.0218 -0.0445
vn 0.5403 0.7057 -0.4585
vn -0.2318 0.4607 -0.8567
vn 0.2017 0.9759 0.0831
vn -0.0821 0.7107 -0.6987
vn -0.9187 0.0426 -0.3925
vn 0.5403 0.7057 -0.4584
vn -0.2576 0.7464 0.6137
vn 0.0940 0.0481 -0.9944
vn -0.1020 0.0394 -0.9940
vn 0.3926 0.0426 -0.9187
vn 0.5625 0.0310 -0.8262
vn 0.6155 0.0230 0.7878
vn 0.1042 0.0275 0.9942
vn -0.0013 0.0220 0.9998
vn 0.5921 0.0353 0.8051
vn -0.9999 0.0102 -0.0134
vn -0.9999 0.0152 -0.0052
vn -0.9578 0.0120 -0.2870
vn -0.9961 0.0040 0.0879
vn 0.4584 0.7056 0.5403
vn 0.6665 0.7397 0.0924
vn -0.0000 0.8145 0.5802
vn 0.8567 0.4608 -0.2318
vn 0.8529 0.5209 0.0355
vn 0.9901 0.1402 0.0082
vn 0.8673 0.4901 -0.0871
vn -0.3676 0.6630 -0.6522
vn -0.0000 0.7731 -0.6343
vn 0.0017 0.2756 -0.9613
vn -0.4711 0.2765 -0.8376
vn 0.3676 0.6630 0.6522
vn -0.0018 0.5848 0.8112
vn -0.0031 0.2819 0.9594
vn 0.4748 0.2772 0.8353
vn -0.8567 0.4607 0.2318
vn -0.9405 0.3398 -0.0000
vn -0.9903 0.1386 0.0004
vn -0.8686 0.4878 0.0873
vn 0.9713 0.0149 0.2375
vn 0.9999 0.0155 -0.0001
vn 0.9916 0.1293 0.0036
vn 0.9444 0.2683 0.1899
vn -0.0000 0.7746 -0.6324
vn -0.0000 0.8989 0.4382
vn -0.0832 0.9759 0.2017
vn 0.4072 0.7908 -0.4569
vn -0.8212 0.5706 -0.0000
vn 0.3698 0.9291 -0.0000
vn 0.2282 0.9605 0.1593
vn -0.6137 0.7463 -0.2576
vn 0.0445 0.7662 0.6410
vn 0.0618 0.8993 -0.4329
vn 0.1328 0.9766 -0.1690
vn -0.3670 0.7997 0.4751
vn 0.8390 0.5420 -0.0485
vn -0.3863 0.9222 0.0189
vn -0.1805 0.9626 -0.2020
vn 0.6306 0.7396 0.2351
vn -0.4343 0.7199 0.5415
vn 0.6478 0.7618 -0.0000
vn 0.0516 0.8311 -0.5537
vn 0.4811 0.6944 -0.5351
vn -0.6261 0.7794 0.0254
vn -0.6783 0.7249 -0.1196
vn -0.4823 0.0319 -0.8754
vn -0.4664 0.0293 -0.8841
vn 0.4698 0.2711 -0.8401
vn 0.9909 0.0192 0.1333
vn -0.4620 0.2822 0.8408
vn -0.8192 0.5392 -0.1955
vn 0.9619 0.0208 -0.2726
vn -0.9621 0.0179 0.2721
vn -0.4549 0.0310 0.8900
vn -0.2446 0.9575 0.1529
vn 0.0782 0.9786 0.1905
vn 0.2407 0.9580 -0.1558
vn -0.0706 0.9809 -0.1810
vn -0.6606 0.7466 0.0787
vn 0.6987 0.7106 -0.0821
vn -0.4624 0.7084 -0.5333
vn -0.9172 0.0154 0.3982
vn -0.9999 0.0133 0.0042
vn -0.9999 0.0094 0.0060
vn 0.0604 0.9982 -0.0045
vn 0.0590 0.9982 0.0137
vn 0.6874 0.7262 0.0067
vn -0.9903 0.1388 -0.0004
vn 0.9998 0.0170 -0.0142
vn 0.9999 0.0145 -0.0008
vn 0.9995 0.0120 -0.0293
vn -0.3575 0.9325 0.0516
vn -0.6591 0.7502 0.0528
vn 0.0040 1.0000 0.0073
vn 0.9516 0.0235 -0.3064
vn 0.0001 0.0362 -0.9993
vn 0.0057 0.0291 -0.9996
vn 0.0119 0.2685 0.9632
vn 0.0267 0.0265 0.9993
vn -0.0000 0.2701 -0.9628
vn -0.0019 0.9069 -0.4214
vn -0.0018 0.8047 -0.5937
vn 0.0043 0.9993 0.0375
vn -0.0100 0.9978 -0.0659
vn 0.0042 0.9979 0.0654
vn -0.3131 0.0248 0.9494
vn 0.0445 0.0218 0.9988
vn 0.9944 0.0481 0.0941
vn 0.9940 0.0394 -0.1020
vn 0.9187 0.0426 0.3925
vn 0.8262 0.0310 0.5625
vn -0.7878 0.0230 0.6155
vn -0.9942 0.0275 0.1042
vn -0.9998 0.0220 -0.0013
vn -0.8051 0.0353 0.5921
vn 0.0134 0.0102 -0.9999
vn 0.0052 0.0152 -0.9999
vn 0.2870 0.0120 -0.9578
vn -0.0880 0.0040 -0.9961
vn -0.5403 0.7056 0.4585
vn -0.0924 0.7397 0.6665
vn -0.5802 0.8145 -0.0000
vn 0.2318 0.4607 0.8567
vn -0.0355 0.5209 0.8529
vn -0.0082 0.1402 0.9901
vn 0.0871 0.4901 0.8673
vn 0.6343 0.7731 -0.0000
vn 0.9613 0.2756 0.0017
vn 0.8376 0.2765 -0.4711
vn -0.8112 0.5848 -0.0018
vn -0.9595 0.2819 -0.0031
vn -0.8353 0.2772 0.4748
vn -0.0000 0.3398 -0.9405
vn -0.0004 0.1386 -0.9903
vn -0.0873 0.4878 -0.8686
vn -0.2375 0.0149 0.9713
vn 0.0001 0.0155 0.9999
vn -0.0036 0.1293 0.9916
vn -0.1899 0.2683 0.9444
vn 0.6324 0.7746 -0.0000
vn -0.4381 0.8989 -0.0000
vn -0.2017 0.9759 -0.0832
vn 0.4569 0.7908 0.4072
vn -0.0000 0.5706 -0.8212
vn -0.0000 0.9291 0.3698
vn -0.1593 0.9605 0.2282
vn 0.2576 0.7463 -0.6137
vn -0.6410 0.7662 0.0445
vn 0.4329 0.8993 0.0618
vn 0.1690 0.9766 0.1328
vn -0.4751 0.7998 -0.3670
vn 0.0485 0.5420 0.8390
vn -0.0189 0.9222 -0.3863
vn 0.2020 0.9626 -0.1806
vn -0.2351 0.7396 0.6306
vn -0.5414 0.7199 -0.4343
vn -0.0000 0.7618 0.6478
vn 0.5537 0.8311 0.0516
vn 0.5351 0.6944 0.4811
vn -0.0254 0.7794 -0.6261
vn 0.1195 0.7250 -0.6783
vn 0.8754 0.0319 -0.4823
vn 0.8841 0.0293 -0.4664
vn 0.8401 0.2711 0.4698
vn -0.1333 0.0192 0.9909
vn -0.8408 0.2822 -0.4620
vn 0.1955 0.5392 -0.8192
vn 0.2726 0.0208 0.9619
vn -0.2721 0.0179 -0.9621
vn -0.8900 0.0310 -0.4549
vn -0.1529 0.9575 -0.2447
vn -0.1905 0.9786 0.0782
vn 0.1558 0.9580 0.2407
vn 0.1810 0.9809 -0.0706
vn -0.0787 0.7466 -0.6606
vn 0.0821 0.7107 0.6987
vn 0.5333 0.7084 -0.4624
vn -0.3982 0.0154 -0.9172
vn -0.0042 0.0133 -0.9999
vn -0.0060 0.0094 -0.9999
vn 0.0045 0.9982 0.0604
vn -0.0137 0.9982 0.0590
vn -0.0067 0.7262 0.6874
vn 0.0004 0.1388 -0.9903
vn 0.0142 0.0170 0.9998
vn 0.0008 0.0145 0.9999
vn 0.0293 0.0120 0.9995
vn -0.0516 0.9325 -0.3575
vn -0.0528 0.7502 -0.6591
vn -0.0073 1.0000 0.0040
vn 0.3064 0.0235 0.9516
vn 0.9993 0.0362 0.0001
vn 0.9996 0.0291 0.0057
vn -0.9632 0.2685 0.0119
vn -0.9993 0.0265 0.0267
vn 0.9628 0.2701 -0.0000
vn 0.4214 0.9069 -0.0019
vn 0.5937 0.8047 -0.0018
vn -0.0375 0.9993 0.0043
vn 0.0659 0.9978 -0.0100
vn -0.0654 0.9979 0.0042
vn -0.9494 0.0248 -0.3131
vn -0.9988 0.0218 0.0445
vn 0.9944 0.0481 0.0940
vn -0.0879 0.0040 -0.9961
vn -0.5403 0.7057 0.4584
vn -0.4751 0.7997 -0.3670
vn -0.0528 0.7502 -0.6592
vn -0.2020 0.9626 0.1806
vn -0.2870 0.0120 0.9579
vn 0.0879 0.0040 0.9961
vn 0.0613 0.0485 -0.9969
vn -0.0699 0.0401 -0.9968
vn 0.3360 0.0437 -0.9408
vn 0.4519 0.0342 -0.8914
vn 0.5138 0.0258 0.8575
vn 0.0706 0.0275 0.9971
vn 0.0006 0.0220 0.9998
vn 0.5418 0.0405 0.8396
vn -0.9997 0.0151 -0.0197
vn -0.9997 0.0225 -0.0076
vn -0.9251 0.0205 -0.3792
vn -0.9999 0.0108 -0.0067
vn 0.3976 0.7249 0.5625
vn 0.6418 0.7556 0.1308
vn 0.7992 0.5409 -0.2622
vn 0.7694 0.6374 0.0420
vn 0.9794 0.2014 0.0117
vn 0.8100 0.5618 -0.1685
vn -0.2809 0.6949 -0.6619
vn 0.0014 0.2760 -0.9612
vn -0.4000 0.2975 -0.8669
vn 0.2809 0.6950 0.6619
vn -0.0012 0.5859 0.8104
vn -0.0024 0.2823 0.9593
vn 0.4046 0.2973 0.8648
vn -0.7992 0.5408 0.2622
vn -0.8830 0.4695 -0.0000
vn -0.9799 0.1993 0.0006
vn -0.8111 0.5601 0.1686
vn 0.9468 0.0222 0.3211
vn 0.9997 0.0229 -0.0002
vn 0.9825 0.1861 0.0052
vn 0.9081 0.3257 0.2633
vn -0.1249 0.9643 0.2336
vn 0.3208 0.8206 -0.4730
vn -0.7303 0.6831 -0.0000
vn 0.4160 0.9094 -0.0000
vn 0.2344 0.9592 0.1581
vn -0.5228 0.8020 -0.2891
vn 0.0332 0.7687 0.6388
vn 0.0422 0.9024 -0.4289
vn 0.1571 0.9662 -0.2042
vn -0.2921 0.8220 0.4889
vn 0.7520 0.6575 -0.0457
vn -0.4317 0.9018 0.0180
vn -0.1905 0.9621 -0.1950
vn 0.5429 0.7973 0.2638
vn -0.3657 0.7416 0.5624
vn 0.6190 0.7854 -0.0000
vn 0.0348 0.8296 -0.5572
vn 0.3997 0.7276 -0.5575
vn -0.5976 0.8014 0.0256
vn -0.6476 0.7455 -0.1574
vn -0.3984 0.0345 -0.9166
vn -0.3819 0.0312 -0.9237
vn 0.3988 0.2919 -0.8694
vn 0.9827 0.0280 0.1832
vn -0.3939 0.3001 0.8688
vn -0.7482 0.6016 -0.2798
vn 0.9320 0.0288 -0.3612
vn -0.9324 0.0257 0.3605
vn -0.3792 0.0334 0.9247
vn -0.2533 0.9551 0.1536
vn 0.1236 0.9679 0.2188
vn 0.2488 0.9559 -0.1562
vn -0.1163 0.9712 -0.2079
vn -0.6343 0.7651 0.1111
vn 0.6605 0.7423 -0.1130
vn -0.3992 0.7304 -0.5542
vn -0.8761 0.0203 0.4816
vn -0.9998 0.0197 0.0062
vn -0.9999 0.0138 0.0089
vn 0.0413 0.9991 -0.0032
vn 0.0399 0.9991 0.0133
vn 0.6460 0.7633 0.0061
vn -0.9799 0.1996 -0.0006
vn 0.9995 0.0252 -0.0209
vn 0.9998 0.0214 -0.0011
vn 0.9989 0.0177 -0.0432
vn -0.4025 0.9140 0.0508
vn -0.6280 0.7762 0.0552
vn 0.0040 1.0000 0.0076
vn 0.9148 0.0328 -0.4026
vn 0.0011 0.0343 -0.9994
vn 0.0039 0.0291 -0.9996
vn 0.0086 0.2706 0.9626
vn 0.0187 0.0259 0.9995
vn -0.0013 0.9068 -0.4215
vn -0.0012 0.8048 -0.5936
vn 0.0029 0.9993 0.0364
vn -0.0060 0.9977 -0.0671
vn 0.0030 0.9978 0.0663
vn -0.2406 0.0255 0.9703
vn 0.0296 0.0222 0.9993
vn -0.9946 0.0403 -0.0957
vn -0.9943 0.0329 0.1018
vn -0.9194 0.0359 -0.3917
vn -0.8262 0.0260 -0.5628
vn 0.7876 0.0193 -0.6159
vn 0.9943 0.0232 -0.1045
vn 0.9998 0.0185 0.0020
vn 0.8052 0.0297 -0.5923
vn -0.0134 0.0086 0.9999
vn -0.0052 0.0128 0.9999
vn -0.2872 0.0085 0.9578
vn 0.0885 0.0012 0.9961
vn 0.5572 0.6895 -0.4626
vn 0.0951 0.7297 -0.6771
vn 0.6004 0.7997 -0.0000
vn -0.2489 0.4101 -0.8774
vn 0.0383 0.4678 -0.8830
vn 0.0084 0.1194 -0.9928
vn -0.1069 0.4686 -0.8769
vn -0.6871 0.6144 0.3878
vn -0.6831 0.7303 -0.0000
vn -0.9712 0.2383 -0.0015
vn -0.8455 0.2423 0.4759
vn 0.6872 0.6143 -0.3878
vn 0.8477 0.5305 0.0020
vn 0.9699 0.2436 0.0028
vn 0.8435 0.2429 -0.4790
vn 0.2489 0.4101 0.8774
vn -0.0000 0.2813 0.9596
vn 0.0004 0.1173 0.9931
vn 0.1069 0.4660 0.8783
vn 0.2375 0.0122 -0.9713
vn -0.0001 0.0131 -0.9999
vn 0.0035 0.1083 -0.9941
vn 0.1902 0.2380 -0.9525
vn -0.6813 0.7320 -0.0000
vn 0.4350 0.9004 -0.0000
vn 0.1896 0.9792 0.0725
vn -0.4980 0.7546 -0.4273
vn -0.0000 0.5180 0.8554
vn -0.0000 0.9398 -0.3418
vn 0.1644 0.9655 -0.2019
vn -0.2752 0.7100 0.6482
vn 0.6913 0.7209 -0.0490
vn -0.4353 0.8973 -0.0734
vn -0.1531 0.9792 -0.1332
vn 0.5168 0.7661 0.3822
vn -0.0475 0.4863 -0.8725
vn 0.0233 0.9320 0.3616
vn -0.2150 0.9644 0.1538
vn 0.2507 0.7038 -0.6646
vn 0.5582 0.7020 0.4422
vn -0.0000 0.7535 -0.6575
vn -0.5734 0.8171 -0.0605
vn -0.5558 0.6675 -0.4954
vn 0.0299 0.7745 0.6319
vn -0.1276 0.7101 0.6924
vn -0.8756 0.0268 0.4822
vn -0.8841 0.0246 0.4667
vn -0.8474 0.2376 -0.4748
vn 0.1325 0.0161 -0.9911
vn 0.8490 0.2483 0.4663
vn -0.2171 0.5119 0.8312
vn -0.2726 0.0175 -0.9620
vn 0.2722 0.0146 0.9621
vn 0.8903 0.0260 0.4546
vn 0.1588 0.9634 0.2161
vn 0.1792 0.9816 -0.0666
vn -0.1616 0.9637 -0.2127
vn -0.1708 0.9835 0.0599
vn 0.0827 0.7363 0.6716
vn -0.0871 0.6929 -0.7158
vn -0.5529 0.6893 0.4681
vn 0.3977 0.0129 0.9174
vn 0.0042 0.0112 0.9999
vn 0.0061 0.0079 1.0000
vn -0.0053 0.9974 -0.0717
vn 0.0162 0.9974 -0.0700
vn 0.0080 0.7104 -0.7037
vn -0.0004 0.1175 0.9931
vn -0.0139 0.0143 -0.9998
vn -0.0006 0.0122 -0.9999
vn -0.0291 0.0101 -0.9995
vn 0.0618 0.9424 0.3286
vn 0.0614 0.7378 0.6722
vn 0.0086 1.0000 -0.0048
vn -0.3061 0.0198 -0.9518
vn -0.9995 0.0312 0.0006
vn -0.9997 0.0245 -0.0057
vn 0.9729 0.2311 -0.0118
vn 0.9994 0.0225 -0.0263
vn -0.9723 0.2338 -0.0000
vn -0.4202 0.9074 0.0023
vn -0.6207 0.7840 0.0021
vn 0.0444 0.9990 -0.0052
vn -0.0784 0.9969 0.0119
vn 0.0776 0.9970 -0.0050
vn 0.9494 0.0208 0.3134
vn 0.9988 0.0181 -0.0448
vn 0.7876 0.0193 -0.6158
vn 0.5582 0.7020 0.4423
vn 0.0383 0.4679 -0.8830
vn 0.0035 0.1084 -0.9941
vn 0.2507 0.7039 -0.6646
vn -0.8474 0.2376 -0.4747
vn 0.1792 0.9816 -0.0667
vn -0.0872 0.6929 -0.7158
vn -0.4981 0.7546 -0.4273
vn 0.1644 0.9655 -0.2018
vn 0.8490 0.2483 0.4664
vn 0.2721 0.0146 0.9621
vn 0.0080 0.7105 -0.7037
vn -0.0000 0.9398 -0.3417
vn -0.5529 0.6894 0.4681
vn 0.2870 0.0120 -0.9579
vn 0.2020 0.9626 -0.1805
vn 0.0821 0.7106 0.6987
vt 0.922990 0.978771
vt 0.925016 0.775168
vt 0.962695 0.774739
vt 0.969609 0.978244
vt 0.959825 0.221249
vt 0.926680 0.220438
vt 0.935912 0.017318
vt 0.970670 0.017655
vt 0.050561 0.024580
vt 0.071140 0.227750
vt 0.036656 0.229667
vt 0.018773 0.026360
vt 0.221362 0.541109
vt 0.218513 0.538073
vt 0.241571 0.538797
vt 0.241220 0.542453
vt 0.960680 0.559617
vt 0.963012 0.527347
vt 0.970447 0.527713
vt 0.968383 0.567285
vt 0.205371 0.563336
vt 0.236420 0.564226
vt 0.236286 0.571658
vt 0.199744 0.570578
vt 0.952959 0.431305
vt 0.917802 0.430453
vt 0.917857 0.423044
vt 0.958507 0.424139
vt 0.197564 0.435336
vt 0.195350 0.467641
vt 0.187665 0.467212
vt 0.189850 0.427443
vt 0.022073 0.692652
vt 0.051239 0.692685
vt 0.087299 0.893195
vt 0.020325 0.897148
vt 0.917341 0.565255
vt 0.917241 0.555337
vt 0.942146 0.553955
vt 0.952466 0.564544
vt 0.195100 0.525927
vt 0.205548 0.525368
vt 0.207837 0.546558
vt 0.197187 0.558264
vt 0.238623 0.429188
vt 0.238627 0.439307
vt 0.216072 0.440750
vt 0.205772 0.430336
vt 0.964395 0.496221
vt 0.953217 0.496689
vt 0.950717 0.447912
vt 0.961168 0.436415
vt 0.913209 0.543291
vt 0.936763 0.542090
vt 0.218217 0.521196
vt 0.243038 0.451607
vt 0.221730 0.452715
vt 0.940069 0.498752
vt 0.940158 0.456709
vt 0.176815 0.976571
vt 0.181691 0.772720
vt 0.191678 0.773480
vt 0.187240 0.977029
vt 0.958008 0.571831
vt 0.991311 0.018897
vt 0.976097 0.222261
vt 0.200260 0.423191
vt 0.189346 0.565924
vt 0.972694 0.773997
vt 0.968790 0.428872
vt 0.182776 0.221427
vt 0.192699 0.220395
vt 0.950212 0.547809
vt 0.215818 0.552850
vt 0.208142 0.447019
vt 0.942619 0.441697
vt 0.939728 0.539091
vt 0.218767 0.455879
vt 0.937214 0.453721
vt 0.178717 0.017504
vt 0.148220 0.223651
vt 0.147052 0.019486
vt 0.243158 0.455276
vt 0.242902 0.472906
vt 0.218387 0.472879
vt 0.972744 0.495846
vt 0.187408 0.526348
vt 0.138172 0.489161
vt 0.128220 0.692757
vt 0.041814 0.489176
vt 0.205790 0.468159
vt 0.952829 0.526795
vt 0.940358 0.522020
vt 0.241856 0.521207
vt 0.169902 0.489293
vt 0.162621 0.692747
vt 0.217442 0.977424
vt 0.227094 0.774189
vt 0.238681 0.421489
vt 0.252985 0.219954
vt 0.913078 0.539646
vt 0.917350 0.572720
vt 0.236760 0.554380
vt 0.917669 0.440301
vt 0.913586 0.452515
vt 0.913194 0.498880
vt 0.913355 0.456087
vt 0.913176 0.522137
vt 0.090973 0.430533
vt 0.051478 0.434800
vt 0.021133 0.489031
vt 0.980031 0.977810
vt 0.193794 0.016883
vt 0.150173 0.427312
vt 0.119165 0.895492
vt 0.158738 0.897556
vt 0.266783 0.016711
s 1
f 1/1/1 2/2/2 3/3/3
f 3/3/3 4/4/4 1/1/1
f 5/5/5 6/6/6 7/7/7
f 7/7/7 8/8/8 5/5/5
f 9/9/9 10/10/10 11/11/11
f 11/11/11 12/12/12 9/9/9
f 13/13/13 14/14/14 15/15/15
f 15/15/15 16/16/16 13/13/13
f 17/17/17 18/18/18 19/19/19
f 19/19/19 20/20/20 17/17/17
f 21/21/21 22/22/22 23/23/23
f 23/23/23 24/24/24 21/21/21
f 25/25/25 26/26/26 27/27/27
f 27/27/27 28/28/28 25/25/25
f 29/29/29 30/30/30 31/31/31
f 31/31/31 32/32/32 29/29/29
f 33/33/33 34/34/34 35/35/35
f 35/35/35 36/36/36 33/33/33
f 37/37/37 38/38/38 39/39/39
f 39/39/39 40/40/40 37/37/37
f 41/41/41 42/42/42 43/43/43
f 43/43/43 44/44/44 41/41/41
f 45/45/45 46/46/46 47/47/47
f 47/47/47 48/48/48 45/45/45
f 49/49/49 50/50/50 51/51/51
f 51/51/51 52/52/52 49/49/49
f 39/39/39 38/38/38 53/53/16
f 53/53/16 54/54/53 39/39/39
f 42/42/42 55/55/54 14/14/14
f 14/14/14 43/43/43 42/42/42
f 47/47/47 46/46/46 56/56/55
f 56/56/55 57/57/56 47/47/47
f 50/50/50 58/58/57 59/59/58
f 59/59/58 51/51/51 50/50/50
f 12/60/12 11/61/11 60/62/59
f 60/62/59 61/63/60 12/60/12
f 40/40/40 17/17/17 20/20/20
f 20/20/20 62/64/61 40/40/40
f 63/65/62 33/66/33 5/5/5
f 5/5/5 8/8/8 63/65/62
f 48/48/48 29/29/29 32/32/32
f 32/32/32 64/67/63 48/48/48
f 24/24/24 65/68/64 44/44/44
f 44/44/44 21/21/21 24/24/24
f 20/20/20 66/69/65 3/3/3
f 3/3/3 62/64/61 20/20/20
f 28/28/28 36/70/36 52/52/52
f 52/52/52 25/25/25 28/28/28
f 32/32/32 67/71/66 68/72/67
f 68/72/67 64/67/63 32/32/32
f 17/17/17 40/40/40 39/39/39
f 39/39/39 69/73/68 17/17/17
f 21/21/21 44/44/44 43/43/43
f 43/43/43 70/74/69 21/21/21
f 29/29/29 48/48/48 47/47/47
f 47/47/47 71/75/70 29/29/29
f 25/25/25 52/52/52 51/51/51
f 51/51/51 72/76/71 25/25/25
f 69/73/68 39/39/39 54/54/53
f 54/54/53 73/77/72 69/73/68
f 70/74/69 43/43/43 14/14/14
f 14/14/14 13/13/13 70/74/69
f 71/75/70 47/47/47 57/57/56
f 57/57/56 74/78/73 71/75/70
f 72/76/71 51/51/51 59/59/58
f 59/59/58 75/79/74 72/76/71
f 76/80/75 67/71/66 77/81/76
f 77/81/76 78/82/77 76/80/75
f 74/78/73 79/83/78 80/84/79
f 80/84/79 81/85/80 74/78/73
f 52/52/52 36/70/36 35/86/35
f 35/86/35 49/49/49 52/52/52
f 41/41/41 82/87/81 31/31/31
f 31/31/31 30/30/30 41/41/41
f 83/88/82 84/89/83 34/34/34
f 34/34/34 85/90/84 83/88/82
f 30/30/30 29/29/29 71/75/70
f 71/75/70 86/91/42 30/30/30
f 18/18/18 87/92/85 50/50/50
f 50/50/50 49/49/49 18/18/18
f 71/75/70 74/78/73 81/85/80
f 81/85/80 86/91/42 71/75/70
f 87/92/85 88/93/86 58/58/57
f 58/58/57 50/50/50 87/92/85
f 78/82/77 77/81/76 10/10/10
f 10/10/10 9/9/9 78/82/77
f 81/85/80 80/84/79 89/94/87
f 89/94/87 55/55/54 81/85/80
f 49/49/49 35/86/35 19/19/19
f 19/19/19 18/18/18 49/49/49
f 30/30/30 86/91/42 42/42/42
f 42/42/42 41/41/41 30/30/30
f 86/91/42 81/85/80 55/55/54
f 55/55/54 42/42/42 86/91/42
f 44/44/44 65/68/64 82/87/81
f 82/87/81 41/41/41 44/44/44
f 90/95/88 66/96/65 84/89/83
f 84/89/83 83/88/82 90/95/88
f 18/18/18 17/17/17 69/73/68
f 69/73/68 87/92/85 18/18/18
f 69/73/68 73/77/72 88/93/86
f 88/93/86 87/92/85 69/73/68
f 91/97/89 92/98/90 2/2/2
f 2/2/2 1/1/1 91/97/89
f 27/27/27 93/99/91 94/100/92
f 94/100/92 6/6/6 27/27/27
f 54/54/53 53/53/16 95/101/15
f 95/101/15 73/77/72 54/54/53
f 40/40/40 62/64/61 96/102/93
f 96/102/93 37/37/37 40/40/40
f 45/45/45 93/99/91 27/27/27
f 27/27/27 26/26/26 45/45/45
f 22/22/22 97/103/38 38/38/38
f 38/38/38 37/37/37 22/22/22
f 26/26/26 25/25/25 72/76/71
f 72/76/71 98/104/94 26/26/26
f 97/103/38 16/16/16 53/53/16
f 53/53/16 38/38/38 97/103/38
f 72/76/71 75/79/74 99/105/95
f 99/105/95 98/104/94 72/76/71
f 58/58/57 100/106/96 101/107/97
f 101/107/97 59/59/58 58/58/57
f 58/58/57 88/93/86 102/108/98
f 102/108/98 100/106/96 58/58/57
f 53/53/16 16/16/16 15/15/15
f 15/15/15 95/101/15 53/53/16
f 37/37/37 96/102/93 23/23/23
f 23/23/23 22/22/22 37/37/37
f 26/26/26 98/104/94 46/46/46
f 46/46/46 45/45/45 26/26/26
f 98/104/94 99/105/95 56/56/55
f 56/56/55 46/46/46 98/104/94
f 100/106/96 80/84/79 79/83/78
f 79/83/78 101/107/97 100/106/96
f 80/84/79 100/106/96 102/108/98
f 102/108/98 89/94/87 80/84/79
f 91/97/89 61/63/60 60/62/59
f 60/62/59 92/98/90 91/97/89
f 93/99/91 64/67/63 68/72/67
f 68/72/67 94/100/92 93/99/91
f 48/48/48 64/67/63 93/99/91
f 93/99/91 45/45/45 48/48/48
f 22/22/22 21/21/21 70/74/69
f 70/74/69 97/103/38 22/22/22
f 70/74/69 13/13/13 16/16/16
f 16/16/16 97/103/38 70/74/69
f 2/2/2 96/102/93 62/64/61
f 62/64/61 3/3/3 2/2/2
f 28/28/28 27/27/27 6/6/6
f 6/6/6 5/5/5 28/28/28
f 82/109/81 65/110/64 11/11/11
f 11/11/11 10/10/10 82/109/81
f 63/111/62 85/90/84 34/34/34
f 34/34/34 33/33/33 63/111/62
f 65/68/64 24/24/24 60/62/59
f 60/62/59 11/61/11 65/68/64
f 36/70/36 28/28/28 5/5/5
f 5/5/5 33/66/33 36/70/36
f 90/112/88 4/4/4 3/3/3
f 3/3/3 66/69/65 90/112/88
f 76/80/75 103/113/99 68/72/67
f 68/72/67 67/71/66 76/80/75
f 32/32/32 31/114/31 77/81/76
f 77/81/76 67/71/66 32/32/32
f 19/115/19 35/35/35 34/34/34
f 34/34/34 84/89/83 19/115/19
f 31/114/31 82/109/81 10/10/10
f 10/10/10 77/81/76 31/114/31
f 20/116/20 19/115/19 84/89/83
f 84/89/83 66/96/65 20/116/20
f 23/23/23 96/102/93 2/2/2
f 2/2/2 92/98/90 23/23/23
f 104/117/100 7/7/7 6/6/6
f 6/6/6 94/100/92 104/117/100
f 24/24/24 23/23/23 92/98/90
f 92/98/90 60/62/59 24/24/24
f 103/113/99 104/117/100 94/100/92
f 94/100/92 68/72/67 103/113/99
f 55/55/54 89/94/87 15/15/15
f 15/15/15 14/14/14 55/55/54
f 89/94/87 102/108/98 95/101/15
f 95/101/15 15/15/15 89/94/87
f 102/108/98 88/93/86 73/77/72
f 73/77/72 95/101/15 102/108/98
f 57/57/56 56/56/55 79/83/78
f 79/83/78 74/78/73 57/57/56
f 56/56/55 99/105/95 101/107/97
f 101/107/97 79/83/78 56/56/55
f 101/107/97 99/105/95 75/79/74
f 75/79/74 59/59/58 101/107/97
f 105/1/1 106/2/2 107/3/3
f 107/3/3 108/4/4 105/1/1
f 109/5/5 110/6/6 111/7/7
f 111/7/7 112/8/8 109/5/5
f 113/9/9 114/10/10 115/11/11
f 115/11/11 116/12/12 113/9/9
f 117/13/101 118/14/14 119/15/15
f 119/15/15 120/16/16 117/13/101
f 121/17/102 122/18/18 123/19/19
f 123/19/19 124/20/20 121/17/102
f 125/21/21 126/22/22 127/23/23
f 127/23/23 128/24/24 125/21/21
f 129/25/25 130/26/26 131/27/27
f 131/27/27 132/28/28 129/25/25
f 133/29/29 134/30/30 135/31/31
f 135/31/31 136/32/32 133/29/29
f 137/33/33 138/34/34 139/35/35
f 139/35/35 140/36/36 137/33/33
f 141/37/37 142/38/38 143/39/103
f 143/39/103 144/40/40 141/37/37
f 145/41/41 146/42/42 147/43/43
f 147/43/43 148/44/44 145/41/41
f 149/45/45 150/46/46 151/47/47
f 151/47/47 152/48/48 149/45/45
f 153/49/49 154/50/50 155/51/51
f 155/51/51 156/52/52 153/49/49
f 143/39/103 142/38/38 157/53/16
f 157/53/16 158/54/53 143/39/103
f 146/42/42 159/55/54 118/14/14
f 118/14/14 147/43/43 146/42/42
f 151/47/47 150/46/46 160/56/55
f 160/56/55 161/57/56 151/47/47
f 154/50/50 162/58/57 163/59/58
f 163/59/58 155/51/51 154/50/50
f 116/60/12 115/61/11 164/62/59
f 164/62/59 165/63/60 116/60/12
f 144/40/40 121/17/102 124/20/20
f 124/20/20 166/64/61 144/40/40
f 167/65/62 137/66/33 109/5/5
f 109/5/5 112/8/8 167/65/62
f 152/48/48 133/29/29 136/32/32
f 136/32/32 168/67/63 152/48/48
f 128/24/24 169/68/64 148/44/44
f 148/44/44 125/21/21 128/24/24
f 124/20/20 170/69/65 107/3/3
f 107/3/3 166/64/61 124/20/20
f 132/28/28 140/70/36 156/52/52
f 156/52/52 129/25/25 132/28/28
f 136/32/32 171/71/66 172/72/67
f 172/72/67 168/67/63 136/32/32
f 121/17/102 144/40/40 143/39/103
f 143/39/103 173/73/68 121/17/102
f 125/21/21 148/44/44 147/43/43
f 147/43/43 174/74/69 125/21/21
f 133/29/29 152/48/48 151/47/47
f 151/47/47 175/75/70 133/29/29
f 129/25/25 156/52/52 155/51/51
f 155/51/51 176/76/71 129/25/25
f 173/73/68 143/39/103 158/54/53
f 158/54/53 177/77/72 173/73/68
f 174/74/69 147/43/43 118/14/14
f 118/14/14 117/13/101 174/74/69
f 175/75/70 151/47/47 161/57/56
f 161/57/56 178/78/104 175/75/70
f 176/76/71 155/51/51 163/59/58
f 163/59/58 179/79/74 176/76/71
f 180/80/75 171/71/66 181/81/76
f 181/81/76 182/82/77 180/80/75
f 178/78/104 183/83/78 184/84/79
f 184/84/79 185/85/80 178/78/104
f 156/52/52 140/70/36 139/86/35
f 139/86/35 153/49/49 156/52/52
f 145/41/41 186/87/81 135/31/31
f 135/31/31 134/30/30 145/41/41
f 187/88/82 188/89/83 138/34/34
f 138/34/34 189/90/84 187/88/82
f 134/30/30 133/29/29 175/75/70
f 175/75/70 190/91/42 134/30/30
f 122/18/18 191/92/85 154/50/50
f 154/50/50 153/49/49 122/18/18
f 175/75/70 178/78/104 185/85/80
f 185/85/80 190/91/42 175/75/70
f 191/92/85 192/93/86 162/58/57
f 162/58/57 154/50/50 191/92/85
f 182/82/77 181/81/76 114/10/10
f 114/10/10 113/9/9 182/82/77
f 185/85/80 184/84/79 193/94/87
f 193/94/87 159/55/54 185/85/80
f 153/49/49 139/86/35 123/19/19
f 123/19/19 122/18/18 153/49/49
f 134/30/30 190/91/42 146/42/42
f 146/42/42 145/41/41 134/30/30
f 190/91/42 185/85/80 159/55/54
f 159/55/54 146/42/42 190/91/42
f 148/44/44 169/68/64 186/87/81
f 186/87/81 145/41/41 148/44/44
f 194/95/88 170/96/65 188/89/83
f 188/89/83 187/88/82 194/95/88
f 122/18/18 121/17/102 173/73/68
f 173/73/68 191/92/85 122/18/18
f 173/73/68 177/77/72 192/93/86
f 192/93/86 191/92/85 173/73/68
f 195/97/89 196/98/90 106/2/2
f 106/2/2 105/1/1 195/97/89
f 131/27/27 197/99/91 198/100/92
f 198/100/92 110/6/6 131/27/27
f 158/54/53 157/53/16 199/101/15
f 199/101/15 177/77/72 158/54/53
f 144/40/40 166/64/61 200/102/93
f 200/102/93 141/37/37 144/40/40
f 149/45/45 197/99/91 131/27/27
f 131/27/27 130/26/26 149/45/45
f 126/22/22 201/103/38 142/38/38
f 142/38/38 141/37/37 126/22/22
f 130/26/26 129/25/25 176/76/71
f 176/76/71 202/104/94 130/26/26
f 201/103/38 120/16/16 157/53/16
f 157/53/16 142/38/38 201/103/38
f 176/76/71 179/79/74 203/105/95
f 203/105/95 202/104/94 176/76/71
f 162/58/57 204/106/96 205/107/97
f 205/107/97 163/59/58 162/58/57
f 162/58/57 192/93/86 206/108/98
f 206/108/98 204/106/96 162/58/57
f 157/53/16 120/16/16 119/15/15
f 119/15/15 199/101/15 157/53/16
f 141/37/37 200/102/93 127/23/23
f 127/23/23 126/22/22 141/37/37
f 130/26/26 202/104/94 150/46/46
f 150/46/46 149/45/45 130/26/26
f 202/104/94 203/105/95 160/56/55
f 160/56/55 150/46/46 202/104/94
f 204/106/96 184/84/79 183/83/78
f 183/83/78 205/107/97 204/106/96
f 184/84/79 204/106/96 206/108/98
f 206/108/98 193/94/87 184/84/79
f 195/97/89 165/63/60 164/62/59
f 164/62/59 196/98/90 195/97/89
f 197/99/91 168/67/63 172/72/67
f 172/72/67 198/100/92 197/99/91
f 152/48/48 168/67/63 197/99/91
f 197/99/91 149/45/45 152/48/48
f 126/22/22 125/21/21 174/74/69
f 174/74/69 201/103/38 126/22/22
f 174/74/69 117/13/101 120/16/16
f 120/16/16 201/103/38 174/74/69
f 106/2/2 200/102/93 166/64/61
f 166/64/61 107/3/3 106/2/2
f 132/28/28 131/27/27 110/6/6
f 110/6/6 109/5/5 132/28/28
f 186/109/81 169/110/64 115/11/11
f 115/11/11 114/10/10 186/109/81
f 167/111/62 189/90/84 138/34/34
f 138/34/34 137/33/33 167/111/62
f 169/68/64 128/24/24 164/62/59
f 164/62/59 115/61/11 169/68/64
f 140/70/36 132/28/28 109/5/5
f 109/5/5 137/66/33 140/70/36
f 194/112/88 108/4/4 107/3/3
f 107/3/3 170/69/65 194/112/88
f 180/80/75 207/113/99 172/72/67
f 172/72/67 171/71/66 180/80/75
f 136/32/32 135/114/31 181/81/76
f 181/81/76 171/71/66 136/32/32
f 123/115/19 139/35/35 138/34/34
f 138/34/34 188/89/83 123/115/19
f 135/114/31 186/109/81 114/10/10
f 114/10/10 181/81/76 135/114/31
f 124/116/20 123/115/19 188/89/83
f 188/89/83 170/96/65 124/116/20
f 127/23/23 200/102/93 106/2/2
f 106/2/2 196/98/90 127/23/23
f 208/117/100 111/7/7 110/6/6
f 110/6/6 198/100/92 208/117/100
f 128/24/24 127/23/23 196/98/90
f 196/98/90 164/62/59 128/24/24
f 207/113/99 208/117/100 198/100/92
f 198/100/92 172/72/67 207/113/99
f 159/55/54 193/94/87 119/15/15
f 119/15/15 118/14/14 159/55/54
f 193/94/87 206/108/98 199/101/15
f 199/101/15 119/15/15 193/94/87
f 206/108/98 192/93/86 177/77/72
f 177/77/72 199/101/15 206/108/98
f 161/57/56 160/56/55 183/83/78
f 183/83/78 178/78/104 161/57/56
f 160/56/55 203/105/95 205/107/97
f 205/107/97 183/83/78 160/56/55
f 205/107/97 203/105/95 179/79/74
f 179/79/74 163/59/58 205/107/97
f 209/1/1 210/2/2 211/3/105
f 211/3/105 212/4/4 209/1/1
f 213/5/5 214/6/6 215/7/7
f 215/7/7 216/8/8 213/5/5
f 217/9/9 218/10/10 219/11/11
f 219/11/11 220/12/12 217/9/9
f 221/13/106 222/14/14 223/15/15
f 223/15/15 224/16/16 221/13/106
f 225/17/102 226/18/18 227/19/19
f 227/19/19 228/20/20 225/17/102
f 229/21/21 230/22/22 231/23/23
f 231/23/23 232/24/24 229/21/21
f 233/25/25 234/26/26 235/27/27
f 235/27/27 236/28/28 233/25/25
f 237/29/29 238/30/30 239/31/31
f 239/31/31 240/32/32 237/29/29
f 241/33/33 242/34/34 243/35/35
f 243/35/35 244/36/36 241/33/33
f 245/37/37 246/38/38 247/39/103
f 247/39/103 248/40/40 245/37/37
f 249/41/41 250/42/42 251/43/43
f 251/43/43 252/44/107 249/41/41
f 253/45/45 254/46/46 255/47/47
f 255/47/47 256/48/48 253/45/45
f 257/49/49 258/50/50 259/51/51
f 259/51/51 260/52/52 257/49/49
f 247/39/103 246/38/38 261/53/16
f 261/53/16 262/54/53 247/39/103
f 250/42/42 263/55/54 222/14/14
f 222/14/14 251/43/43 250/42/42
f 255/47/47 254/46/46 264/56/55
f 264/56/55 265/57/56 255/47/47
f 258/50/50 266/58/57 267/59/58
f 267/59/58 259/51/51 258/50/50
f 220/60/12 219/61/11 268/62/59
f 268/62/59 269/63/60 220/60/12
f 248/40/40 225/17/102 228/20/20
f 228/20/20 270/64/61 248/40/40
f 271/65/62 241/66/33 213/5/5
f 213/5/5 216/8/8 271/65/62
f 256/48/48 237/29/29 240/32/32
f 240/32/32 272/67/63 256/48/48
f 232/24/24 273/68/64 252/44/107
f 252/44/107 229/21/21 232/24/24
f 228/20/20 274/69/65 211/3/105
f 211/3/105 270/64/61 228/20/20
f 236/28/28 244/70/36 260/52/52
f 260/52/52 233/25/25 236/28/28
f 240/32/32 275/71/66 276/72/67
f 276/72/67 272/67/63 240/32/32
f 225/17/102 248/40/40 247/39/103
f 247/39/103 277/73/68 225/17/102
f 229/21/21 252/44/107 251/43/43
f 251/43/43 278/74/69 229/21/21
f 237/29/29 256/48/48 255/47/47
f 255/47/47 279/75/70 237/29/29
f 233/25/25 260/52/52 259/51/51
f 259/51/51 280/76/71 233/25/25
f 277/73/68 247/39/103 262/54/53
f 262/54/53 281/77/72 277/73/68
f 278/74/69 251/43/43 222/14/14
f 222/14/14 221/13/106 278/74/69
f 279/75/70 255/47/47 265/57/56
f 265/57/56 282/78/104 279/75/70
f 280/76/71 259/51/51 267/59/58
f 267/59/58 283/79/74 280/76/71
f 284/80/75 275/71/66 285/81/76
f 285/81/76 286/82/77 284/80/75
f 282/78/104 287/83/78 288/84/79
f 288/84/79 289/85/80 282/78/104
f 260/52/52 244/70/36 243/86/35
f 243/86/35 257/49/49 260/52/52
f 249/41/41 290/87/81 239/31/31
f 239/31/31 238/30/30 249/41/41
f 291/88/82 292/89/83 242/34/34
f 242/34/34 293/90/84 291/88/82
f 238/30/30 237/29/29 279/75/70
f 279/75/70 294/91/42 238/30/30
f 226/18/18 295/92/85 258/50/50
f 258/50/50 257/49/49 226/18/18
f 279/75/70 282/78/104 289/85/80
f 289/85/80 294/91/42 279/75/70
f 295/92/85 296/93/86 266/58/57
f 266/58/57 258/50/50 295/92/85
f 286/82/77 285/81/76 218/10/10
f 218/10/10 217/9/9 286/82/77
f 289/85/80 288/84/79 297/94/87
f 297/94/87 263/55/54 289/85/80
f 257/49/49 243/86/35 227/19/19
f 227/19/19 226/18/18 257/49/49
f 238/30/30 294/91/42 250/42/42
f 250/42/42 249/41/41 238/30/30
f 294/91/42 289/85/80 263/55/54
f 263/55/54 250/42/42 294/91/42
f 252/44/107 273/68/64 290/87/81
f 290/87/81 249/41/41 252/44/107
f 298/95/88 274/96/65 292/89/83
f 292/89/83 291/88/82 298/95/88
f 226/18/18 225/17/102 277/73/68
f 277/73/68 295/92/85 226/18/18
f 277/73/68 281/77/72 296/93/86
f 296/93/86 295/92/85 277/73/68
f 299/97/89 300/98/90 210/2/2
f 210/2/2 209/1/1 299/97/89
f 235/27/27 301/99/91 302/100/92
f 302/100/92 214/6/6 235/27/27
f 262/54/53 261/53/16 303/101/15
f 303/101/15 281/77/72 262/54/53
f 248/40/40 270/64/61 304/102/93
f 304/102/93 245/37/37 248/40/40
f 253/45/45 301/99/91 235/27/27
f 235/27/27 234/26/26 253/45/45
f 230/22/22 305/103/38 246/38/38
f 246/38/38 245/37/37 230/22/22
f 234/26/26 233/25/25 280/76/71
f 280/76/71 306/104/94 234/26/26
f 305/103/38 224/16/16 261/53/16
f 261/53/16 246/38/38 305/103/38
f 280/76/71 283/79/74 307/105/95
f 307/105/95 306/104/94 280/76/71
f 266/58/57 308/106/96 309/107/97
f 309/107/97 267/59/58 266/58/57
f 266/58/57 296/93/86 310/108/98
f 310/108/98 308/106/96 266/58/57
f 261/53/16 224/16/16 223/15/15
f 223/15/15 303/101/15 261/53/16
f 245/37/37 304/102/93 231/23/23
f 231/23/23 230/22/22 245/37/37
f 234/26/26 306/104/94 254/46/46
f 254/46/46 253/45/45 234/26/26
f 306/104/94 307/105/95 264/56/55
f 264/56/55 254/46/46 306/104/94
f 308/106/96 288/84/79 287/83/78
f 287/83/78 309/107/97 308/106/96
f 288/84/79 308/106/96 310/108/98
f 310/108/98 297/94/87 288/84/79
f 299/97/89 269/63/60 268/62/59
f 268/62/59 300/98/90 299/97/89
f 301/99/91 272/67/63 276/72/67
f 276/72/67 302/100/92 301/99/91
f 256/48/48 272/67/63 301/99/91
f 301/99/91 253/45/45 256/48/48
f 230/22/22 229/21/21 278/74/69
f 278/74/69 305/103/38 230/22/22
f 278/74/69 221/13/106 224/16/16
f 224/16/16 305/103/38 278/74/69
f 210/2/2 304/102/93 270/64/61
f 270/64/61 211/3/105 210/2/2
f 236/28/28 235/27/27 214/6/6
f 214/6/6 213/5/5 236/28/28
f 290/109/81 273/110/64 219/11/11
f 219/11/11 218/10/10 290/109/81
f 271/111/62 293/90/84 242/34/34
f 242/34/34 241/33/33 271/111/62
f 273/68/64 232/24/24 268/62/59
f 268/62/59 219/61/11 273/68/64
f 244/70/36 236/28/28 213/5/5
f 213/5/5 241/66/33 244/70/36
f 298/112/88 212/4/4 211/3/105
f 211/3/105 274/69/65 298/112/88
f 284/80/75 311/113/99 276/72/67
f 276/72/67 275/71/66 284/80/75
f 240/32/32 239/114/31 285/81/76
f 285/81/76 275/71/66 240/32/32
f 227/115/19 243/35/35 242/34/34
f 242/34/34 292/89/83 227/115/19
f 239/114/31 290/109/81 218/10/10
f 218/10/10 285/81/76 239/114/31
f 228/116/20 227/115/19 292/89/83
f 292/89/83 274/96/65 228/116/20
f 231/23/23 304/102/93 210/2/2
f 210/2/2 300/98/90 231/23/23
f 312/117/100 215/7/7 214/6/6
f 214/6/6 302/100/92 312/117/100
f 232/24/24 231/23/23 300/98/90
f 300/98/90 268/62/59 232/24/24
f 311/113/99 312/117/100 302/100/92
f 302/100/92 276/72/67 311/113/99
f 263/55/54 297/94/87 223/15/15
f 223/15/15 222/14/14 263/55/54
f 297/94/87 310/108/98 303/101/15
f 303/101/15 223/15/15 297/94/87
f 310/108/98 296/93/86 281/77/72
f 281/77/72 303/101/15 310/108/98
f 265/57/56 264/56/55 287/83/78
f 287/83/78 282/78/104 265/57/56
f 264/56/55 307/105/95 309/107/97
f 309/107/97 287/83/78 264/56/55
f 309/107/97 307/105/95 283/79/74
f 283/79/74 267/59/58 309/107/97
f 313/1/108 314/2/109 315/3/110
f 315/3/110 316/4/111 313/1/108
f 317/5/112 318/6/113 319/7/114
f 319/7/114 320/8/115 317/5/112
f 321/9/116 322/10/117 323/11/118
f 323/11/118 324/12/119 321/9/116
f 325/13/120 326/14/121 327/15/15
f 327/15/15 328/16/122 325/13/120
f 329/17/123 330/18/124 331/19/125
f 331/19/125 332/20/126 329/17/123
f 333/21/127 334/22/128 335/23/129
f 335/23/129 336/24/130 333/21/127
f 337/25/131 338/26/132 339/27/133
f 339/27/133 340/28/134 337/25/131
f 341/29/135 342/30/136 343/31/137
f 343/31/137 344/32/138 341/29/135
f 345/33/139 346/34/140 347/35/141
f 347/35/141 348/36/142 345/33/139
f 349/37/143 350/38/144 351/39/145
f 351/39/145 352/40/146 349/37/143
f 353/41/147 354/42/148 355/43/149
f 355/43/149 356/44/150 353/41/147
f 357/45/151 358/46/152 359/47/153
f 359/47/153 360/48/154 357/45/151
f 361/49/155 362/50/156 363/51/157
f 363/51/157 364/52/158 361/49/155
f 351/39/145 350/38/144 365/53/122
f 365/53/122 366/54/159 351/39/145
f 354/42/148 367/55/160 326/14/121
f 326/14/121 355/43/149 354/42/148
f 359/47/153 358/46/152 368/56/161
f 368/56/161 369/57/162 359/47/153
f 362/50/156 370/58/163 371/59/164
f 371/59/164 363/51/157 362/50/156
f 324/60/119 323/61/118 372/62/165
f 372/62/165 373/63/166 324/60/119
f 352/40/146 329/17/123 332/20/126
f 332/20/126 374/64/167 352/40/146
f 375/65/168 345/66/139 317/5/112
f 317/5/112 320/8/115 375/65/168
f 360/48/154 341/29/135 344/32/138
f 344/32/138 376/67/169 360/48/154
f 336/24/130 377/68/170 356/44/150
f 356/44/150 333/21/127 336/24/130
f 332/20/126 378/69/171 315/3/110
f 315/3/110 374/64/167 332/20/126
f 340/28/134 348/70/142 364/52/158
f 364/52/158 337/25/131 340/28/134
f 344/32/138 379/71/172 380/72/173
f 380/72/173 376/67/169 344/32/138
f 329/17/123 352/40/146 351/39/145
f 351/39/145 381/73/174 329/17/123
f 333/21/127 356/44/150 355/43/149
f 355/43/149 382/74/175 333/21/127
f 341/29/135 360/48/154 359/47/153
f 359/47/153 383/75/176 341/29/135
f 337/25/131 364/52/158 363/51/157
f 363/51/157 384/76/177 337/25/131
f 381/73/174 351/39/145 366/54/159
f 366/54/159 385/77/178 381/73/174
f 382/74/175 355/43/149 326/14/121
f 326/14/121 325/13/120 382/74/175
f 383/75/176 359/47/153 369/57/162
f 369/57/162 386/78/179 383/75/176
f 384/76/177 363/51/157 371/59/164
f 371/59/164 387/79/180 384/76/177
f 388/80/181 379/71/172 389/81/182
f 389/81/182 390/82/183 388/80/181
f 386/78/179 391/83/184 392/84/185
f 392/84/185 393/85/186 386/78/179
f 364/52/158 348/70/142 347/86/141
f 347/86/141 361/49/155 364/52/158
f 353/41/147 394/87/187 343/31/137
f 343/31/137 342/30/136 353/41/147
f 395/88/188 396/89/189 346/34/140
f 346/34/140 397/90/190 395/88/188
f 342/30/136 341/29/135 383/75/176
f 383/75/176 398/91/148 342/30/136
f 330/18/124 399/92/191 362/50/156
f 362/50/156 361/49/155 330/18/124
f 383/75/176 386/78/179 393/85/186
f 393/85/186 398/91/148 383/75/176
f 399/92/191 400/93/192 370/58/163
f 370/58/163 362/50/156 399/92/191
f 390/82/183 389/81/182 322/10/117
f 322/10/117 321/9/116 390/82/183
f 393/85/186 392/84/185 401/94/193
f 401/94/193 367/55/160 393/85/186
f 361/49/155 347/86/141 331/19/125
f 331/19/125 330/18/124 361/49/155
f 342/30/136 398/91/148 354/42/148
f 354/42/148 353/41/147 342/30/136
f 398/91/148 393/85/186 367/55/160
f 367/55/160 354/42/148 398/91/148
f 356/44/150 377/68/170 394/87/187
f 394/87/187 353/41/147 356/44/150
f 402/95/194 378/96/171 396/89/189
f 396/89/189 395/88/188 402/95/194
f 330/18/124 329/17/123 381/73/174
f 381/73/174 399/92/191 330/18/124
f 381/73/174 385/77/178 400/93/192
f 400/93/192 399/92/191 381/73/174
f 403/97/195 404/98/196 314/2/109
f 314/2/109 313/1/108 403/97/195
f 339/27/133 405/99/197 406/100/198
f 406/100/198 318/6/113 339/27/133
f 366/54/159 365/53/122 407/101/15
f 407/101/15 385/77/178 366/54/159
f 352/40/146 374/64/167 408/102/199
f 408/102/199 349/37/143 352/40/146
f 357/45/151 405/99/197 339/27/133
f 339/27/133 338/26/132 357/45/151
f 334/22/128 409/103/144 350/38/144
f 350/38/144 349/37/143 334/22/128
f 338/26/132 337/25/131 384/76/177
f 384/76/177 410/104/200 338/26/132
f 409/103/144 328/16/122 365/53/122
f 365/53/122 350/38/144 409/103/144
f 384/76/177 387/79/180 411/105/201
f 411/105/201 410/104/200 384/76/177
f 370/58/163 412/106/202 413/107/203
f 413/107/203 371/59/164 370/58/163
f 370/58/163 400/93/192 414/108/204
f 414/108/204 412/106/202 370/58/163
f 365/53/122 328/16/122 327/15/15
f 327/15/15 407/101/15 365/53/122
f 349/37/143 408/102/199 335/23/129
f 335/23/129 334/22/128 349/37/143
f 338/26/132 410/104/200 358/46/152
f 358/46/152 357/45/151 338/26/132
f 410/104/200 411/105/201 368/56/161
f 368/56/161 358/46/152 410/104/200
f 412/106/202 392/84/185 391/83/184
f 391/83/184 413/107/203 412/106/202
f 392/84/185 412/106/202 414/108/204
f 414/108/204 401/94/193 392/84/185
f 403/97/195 373/63/166 372/62/165
f 372/62/165 404/98/196 403/97/195
f 405/99/197 376/67/169 380/72/173
f 380/72/173 406/100/198 405/99/197
f 360/48/154 376/67/169 405/99/197
f 405/99/197 357/45/151 360/48/154
f 334/22/128 333/21/127 382/74/175
f 382/74/175 409/103/144 334/22/128
f 382/74/175 325/13/120 328/16/122
f 328/16/122 409/103/144 382/74/175
f 314/2/109 408/102/199 374/64/167
f 374/64/167 315/3/110 314/2/109
f 340/28/134 339/27/133 318/6/113
f 318/6/113 317/5/112 340/28/134
f 394/109/187 377/110/170 323/11/118
f 323/11/118 322/10/117 394/109/187
f 375/111/168 397/90/190 346/34/140
f 346/34/140 345/33/139 375/111/168
f 377/68/170 336/24/130 372/62/165
f 372/62/165 323/61/118 377/68/170
f 348/70/142 340/28/134 317/5/112
f 317/5/112 345/66/139 348/70/142
f 402/112/194 316/4/111 315/3/110
f 315/3/110 378/69/171 402/112/194
f 388/80/181 415/113/205 380/72/173
f 380/72/173 379/71/172 388/80/181
f 344/32/138 343/114/137 389/81/182
f 389/81/182 379/71/172 344/32/138
f 331/115/125 347/35/141 346/34/140
f 346/34/140 396/89/189 331/115/125
f 343/114/137 394/109/187 322/10/117
f 322/10/117 389/81/182 343/114/137
f 332/116/126 331/115/125 396/89/189
f 396/89/189 378/96/171 332/116/126
f 335/23/129 408/102/199 314/2/109
f 314/2/109 404/98/196 335/23/129
f 416/117/206 319/7/114 318/6/113
f 318/6/113 406/100/198 416/117/206
f 336/24/130 335/23/129 404/98/196
f 404/98/196 372/62/165 336/24/130
f 415/113/205 416/117/206 406/100/198
f 406/100/198 380/72/173 415/113/205
f 367/55/160 401/94/193 327/15/15
f 327/15/15 326/14/121 367/55/160
f 401/94/193 414/108/204 407/101/15
f 407/101/15 327/15/15 401/94/193
f 414/108/204 400/93/192 385/77/178
f 385/77/178 407/101/15 414/108/204
f 369/57/162 368/56/161 391/83/184
f 391/83/184 386/78/179 369/57/162
f 368/56/161 411/105/201 413/107/203
f 413/107/203 391/83/184 368/56/161
f 413/107/203 411/105/201 387/79/180
f 387/79/180 371/59/164 413/107/203
f 417/1/207 418/2/208 419/3/209
f 419/3/209 420/4/210 417/1/207
f 421/5/211 422/6/212 423/7/213
f 423/7/213 424/8/214 421/5/211
f 425/9/215 426/10/216 427/11/217
f 427/11/217 428/12/218 425/9/215
f 429/13/219 430/14/220 431/15/15
f 431/15/15 432/16/221 429/13/219
f 433/17/222 434/18/223 435/19/224
f 435/19/224 436/20/225 433/17/222
f 437/21/25 438/22/226 439/23/227
f 439/23/227 440/24/228 437/21/25
f 441/25/21 442/26/229 443/27/230
f 443/27/230 444/28/231 441/25/21
f 445/29/17 446/30/232 447/31/233
f 447/31/233 448/32/234 445/29/17
f 449/33/235 450/34/236 451/35/237
f 451/35/237 452/36/238 449/33/235
f 453/37/239 454/38/240 455/39/241
f 455/39/241 456/40/242 453/37/239
f 457/41/243 458/42/244 459/43/245
f 459/43/245 460/44/246 457/41/243
f 461/45/247 462/46/248 463/47/249
f 463/47/249 464/48/250 461/45/247
f 465/49/251 466/50/252 467/51/253
f 467/51/253 468/52/254 465/49/251
f 455/39/241 454/38/240 469/53/221
f 469/53/221 470/54/255 455/39/241
f 458/42/244 471/55/256 430/14/220
f 430/14/220 459/43/245 458/42/244
f 463/47/249 462/46/248 472/56/257
f 472/56/257 473/57/258 463/47/249
f 466/50/252 474/58/259 475/59/260
f 475/59/260 467/51/253 466/50/252
f 428/60/218 427/61/217 476/62/261
f 476/62/261 477/63/262 428/60/218
f 456/40/242 433/17/222 436/20/225
f 436/20/225 478/64/263 456/40/242
f 479/65/264 449/66/235 421/5/211
f 421/5/211 424/8/214 479/65/264
f 464/48/250 445/29/17 448/32/234
f 448/32/234 480/67/265 464/48/250
f 440/24/228 481/68/266 460/44/246
f 460/44/246 437/21/25 440/24/228
f 436/20/225 482/69/267 419/3/209
f 419/3/209 478/64/263 436/20/225
f 444/28/231 452/70/238 468/52/254
f 468/52/254 441/25/21 444/28/231
f 448/32/234 483/71/268 484/72/269
f 484/72/269 480/67/265 448/32/234
f 433/17/222 456/40/242 455/39/241
f 455/39/241 485/73/270 433/17/222
f 437/21/25 460/44/246 459/43/245
f 459/43/245 486/74/271 437/21/25
f 445/29/17 464/48/250 463/47/249
f 463/47/249 487/75/272 445/29/17
f 441/25/21 468/52/254 467/51/253
f 467/51/253 488/76/273 441/25/21
f 485/73/270 455/39/241 470/54/255
f 470/54/255 489/77/274 485/73/270
f 486/74/271 459/43/245 430/14/220
f 430/14/220 429/13/219 486/74/271
f 487/75/272 463/47/249 473/57/258
f 473/57/258 490/78/275 487/75/272
f 488/76/273 467/51/253 475/59/260
f 475/59/260 491/79/276 488/76/273
f 492/80/277 483/71/268 493/81/278
f 493/81/278 494/82/279 492/80/277
f 490/78/275 495/83/280 496/84/281
f 496/84/281 497/85/282 490/78/275
f 468/52/254 452/70/238 451/86/237
f 451/86/237 465/49/251 468/52/254
f 457/41/243 498/87/283 447/31/233
f 447/31/233 446/30/232 457/41/243
f 499/88/284 500/89/285 450/34/236
f 450/34/236 501/90/286 499/88/284
f 446/30/232 445/29/17 487/75/272
f 487/75/272 502/91/244 446/30/232
f 434/18/223 503/92/287 466/50/252
f 466/50/252 465/49/251 434/18/223
f 487/75/272 490/78/275 497/85/282
f 497/85/282 502/91/244 487/75/272
f 503/92/287 504/93/288 474/58/259
f 474/58/259 466/50/252 503/92/287
f 494/82/279 493/81/278 426/10/216
f 426/10/216 425/9/215 494/82/279
f 497/85/282 496/84/281 505/94/289
f 505/94/289 471/55/256 497/85/282
f 465/49/251 451/86/237 435/19/224
f 435/19/224 434/18/223 465/49/251
f 446/30/232 502/91/244 458/42/244
f 458/42/244 457/41/243 446/30/232
f 502/91/244 497/85/282 471/55/256
f 471/55/256 458/42/244 502/91/244
f 460/44/246 481/68/266 498/87/283
f 498/87/283 457/41/243 460/44/246
f 506/95/290 482/96/267 500/89/285
f 500/89/285 499/88/284 506/95/290
f 434/18/223 433/17/222 485/73/270
f 485/73/270 503/92/287 434/18/223
f 485/73/270 489/77/274 504/93/288
f 504/93/288 503/92/287 485/73/270
f 507/97/291 508/98/292 418/2/208
f 418/2/208 417/1/207 507/97/291
f 443/27/230 509/99/293 510/100/294
f 510/100/294 422/6/212 443/27/230
f 470/54/255 469/53/221 511/101/15
f 511/101/15 489/77/274 470/54/255
f 456/40/242 478/64/263 512/102/295
f 512/102/295 453/37/239 456/40/242
f 461/45/247 509/99/293 443/27/230
f 443/27/230 442/26/229 461/45/247
f 438/22/226 513/103/240 454/38/240
f 454/38/240 453/37/239 438/22/226
f 442/26/229 441/25/21 488/76/273
f 488/76/273 514/104/296 442/26/229
f 513/103/240 432/16/221 469/53/221
f 469/53/221 454/38/240 513/103/240
f 488/76/273 491/79/276 515/105/297
f 515/105/297 514/104/296 488/76/273
f 474/58/259 516/106/298 517/107/299
f 517/107/299 475/59/260 474/58/259
f 474/58/259 504/93/288 518/108/300
f 518/108/300 516/106/298 474/58/259
f 469/53/221 432/16/221 431/15/15
f 431/15/15 511/101/15 469/53/221
f 453/37/239 512/102/295 439/23/227
f 439/23/227 438/22/226 453/37/239
f 442/26/229 514/104/296 462/46/248
f 462/46/248 461/45/247 442/26/229
f 514/104/296 515/105/297 472/56/257
f 472/56/257 462/46/248 514/104/296
f 516/106/298 496/84/281 495/83/280
f 495/83/280 517/107/299 516/106/298
f 496/84/281 516/106/298 518/108/300
f 518/108/300 505/94/289 496/84/281
f 507/97/291 477/63/262 476/62/261
f 476/62/261 508/98/292 507/97/291
f 509/99/293 480/67/265 484/72/269
f 484/72/269 510/100/294 509/99/293
f 464/48/250 480/67/265 509/99/293
f 509/99/293 461/45/247 464/48/250
f 438/22/226 437/21/25 486/74/271
f 486/74/271 513/103/240 438/22/226
f 486/74/271 429/13/219 432/16/221
f 432/16/221 513/103/240 486/74/271
f 418/2/208 512/102/295 478/64/263
f 478/64/263 419/3/209 418/2/208
f 444/28/231 443/27/230 422/6/212
f 422/6/212 421/5/211 444/28/231
f 498/109/283 481/110/266 427/11/217
f 427/11/217 426/10/216 498/109/283
f 479/111/264 501/90/286 450/34/236
f 450/34/236 449/33/235 479/111/264
f 481/68/266 440/24/228 476/62/261
f 476/62/261 427/61/217 481/68/266
f 452/70/238 444/28/231 421/5/211
f 421/5/211 449/66/235 452/70/238
f 506/112/290 420/4/210 419/3/209
f 419/3/209 482/69/267 506/112/290
f 492/80/277 519/113/301 484/72/269
f 484/72/269 483/71/268 492/80/277
f 448/32/234 447/114/233 493/81/278
f 493/81/278 483/71/268 448/32/234
f 435/115/224 451/35/237 450/34/236
f 450/34/236 500/89/285 435/115/224
f 447/114/233 498/109/283 426/10/216
f 426/10/216 493/81/278 447/114/233
f 436/116/225 435/115/224 500/89/285
f 500/89/285 482/96/267 436/116/225
f 439/23/227 512/102/295 418/2/208
f 418/2/208 508/98/292 439/23/227
f 520/117/302 423/7/213 422/6/212
f 422/6/212 510/100/294 520/117/302
f 440/24/228 439/23/227 508/98/292
f 508/98/292 476/62/261 440/24/228
f 519/113/301 520/117/302 510/100/294
f 510/100/294 484/72/269 519/113/301
f 471/55/256 505/94/289 431/15/15
f 431/15/15 430/14/220 471/55/256
f 505/94/289 518/108/300 511/101/15
f 511/101/15 431/15/15 505/94/289
f 518/108/300 504/93/288 489/77/274
f 489/77/274 511/101/15 518/108/300
f 473/57/258 472/56/257 495/83/280
f 495/83/280 490/78/275 473/57/258
f 472/56/257 515/105/297 517/107/299
f 517/107/299 495/83/280 472/56/257
f 517/107/299 515/105/297 491/79/276
f 491/79/276 475/59/260 517/107/299
f 521/1/303 522/2/208 523/3/209
f 523/3/209 524/4/210 521/1/303
f 525/5/211 526/6/212 527/7/213
f 527/7/213 528/8/214 525/5/211
f 529/9/215 530/10/216 531/11/217
f 531/11/217 532/12/304 529/9/215
f 533/13/305 534/14/220 535/15/15
f 535/15/15 536/16/221 533/13/305
f 537/17/222 538/18/223 539/19/224
f 539/19/224 540/20/225 537/17/222
f 541/21/25 542/22/226 543/23/227
f 543/23/227 544/24/228 541/21/25
f 545/25/21 546/26/229 547/27/230
f 547/27/230 548/28/231 545/25/21
f 549/29/17 550/30/232 551/31/233
f 551/31/233 552/32/234 549/29/17
f 553/33/235 554/34/236 555/35/237
f 555/35/237 556/36/238 553/33/235
f 557/37/239 558/38/240 559/39/241
f 559/39/241 560/40/242 557/37/239
f 561/41/243 562/42/244 563/43/245
f 563/43/245 564/44/246 561/41/243
f 565/45/247 566/46/248 567/47/249
f 567/47/249 568/48/306 565/45/247
f 569/49/251 570/50/252 571/51/253
f 571/51/253 572/52/254 569/49/251
f 559/39/241 558/38/240 573/53/221
f 573/53/221 574/54/255 559/39/241
f 562/42/244 575/55/256 534/14/220
f 534/14/220 563/43/245 562/42/244
f 567/47/249 566/46/248 576/56/257
f 576/56/257 577/57/258 567/47/249
f 570/50/252 578/58/259 579/59/260
f 579/59/260 571/51/253 570/50/252
f 532/60/304 531/61/217 580/62/261
f 580/62/261 581/63/262 532/60/304
f 560/40/242 537/17/222 540/20/225
f 540/20/225 582/64/263 560/40/242
f 583/65/264 553/66/235 525/5/211
f 525/5/211 528/8/214 583/65/264
f 568/48/306 549/29/17 552/32/234
f 552/32/234 584/67/265 568/48/306
f 544/24/228 585/68/266 564/44/246
f 564/44/246 541/21/25 544/24/228
f 540/20/225 586/69/267 523/3/209
f 523/3/209 582/64/263 540/20/225
f 548/28/231 556/70/238 572/52/254
f 572/52/254 545/25/21 548/28/231
f 552/32/234 587/71/268 588/72/269
f 588/72/269 584/67/265 552/32/234
f 537/17/222 560/40/242 559/39/241
f 559/39/241 589/73/270 537/17/222
f 541/21/25 564/44/246 563/43/245
f 563/43/245 590/74/271 541/21/25
f 549/29/17 568/48/306 567/47/249
f 567/47/249 591/75/272 549/29/17
f 545/25/21 572/52/254 571/51/253
f 571/51/253 592/76/273 545/25/21
f 589/73/270 559/39/241 574/54/255
f 574/54/255 593/77/274 589/73/270
f 590/74/271 563/43/245 534/14/220
f 534/14/220 533/13/305 590/74/271
f 591/75/272 567/47/249 577/57/258
f 577/57/258 594/78/275 591/75/272
f 592/76/273 571/51/253 579/59/260
f 579/59/260 595/79/276 592/76/273
f 596/80/277 587/71/268 597/81/278
f 597/81/278 598/82/279 596/80/277
f 594/78/275 599/83/280 600/84/281
f 600/84/281 601/85/282 594/78/275
f 572/52/254 556/70/238 555/86/237
f 555/86/237 569/49/251 572/52/254
f 561/41/243 602/87/283 551/31/233
f 551/31/233 550/30/232 561/41/243
f 603/88/284 604/89/285 554/34/236
f 554/34/236 605/90/286 603/88/284
f 550/30/232 549/29/17 591/75/272
f 591/75/272 606/91/244 550/30/232
f 538/18/223 607/92/287 570/50/252
f 570/50/252 569/49/251 538/18/223
f 591/75/272 594/78/275 601/85/282
f 601/85/282 606/91/244 591/75/272
f 607/92/287 608/93/307 578/58/259
f 578/58/259 570/50/252 607/92/287
f 598/82/279 597/81/278 530/10/216
f 530/10/216 529/9/215 598/82/279
f 601/85/282 600/84/281 609/94/289
f 609/94/289 575/55/256 601/85/282
f 569/49/251 555/86/237 539/19/224
f 539/19/224 538/18/223 569/49/251
f 550/30/232 606/91/244 562/42/244
f 562/42/244 561/41/243 550/30/232
f 606/91/244 601/85/282 575/55/256
f 575/55/256 562/42/244 606/91/244
f 564/44/246 585/68/266 602/87/283
f 602/87/283 561/41/243 564/44/246
f 610/95/290 586/96/267 604/89/285
f 604/89/285 603/88/284 610/95/290
f 538/18/223 537/17/222 589/73/270
f 589/73/270 607/92/287 538/18/223
f 589/73/270 593/77/274 608/93/307
f 608/93/307 607/92/287 589/73/270
f 611/97/291 612/98/292 522/2/208
f 522/2/208 521/1/303 611/97/291
f 547/27/230 613/99/293 614/100/294
f 614/100/294 526/6/212 547/27/230
f 574/54/255 573/53/221 615/101/15
f 615/101/15 593/77/274 574/54/255
f 560/40/242 582/64/263 616/102/295
f 616/102/295 557/37/239 560/40/242
f 565/45/247 613/99/293 547/27/230
f 547/27/230 546/26/229 565/45/247
f 542/22/226 617/103/240 558/38/240
f 558/38/240 557/37/239 542/22/226
f 546/26/229 545/25/21 592/76/273
f 592/76/273 618/104/296 546/26/229
f 617/103/240 536/16/221 573/53/221
f 573/53/221 558/38/240 617/103/240
f 592/76/273 595/79/276 619/105/297
f 619/105/297 618/104/296 592/76/273
f 578/58/259 620/106/298 621/107/299
f 621/107/299 579/59/260 578/58/259
f 578/58/259 608/93/307 622/108/300
f 622/108/300 620/106/298 578/58/259
f 573/53/221 536/16/221 535/15/15
f 535/15/15 615/101/15 573/53/221
f 557/37/239 616/102/295 543/23/227
f 543/23/227 542/22/226 557/37/239
f 546/26/229 618/104/296 566/46/248
f 566/46/248 565/45/247 546/26/229
f 618/104/296 619/105/297 576/56/257
f 576/56/257 566/46/248 618/104/296
f 620/106/298 600/84/281 599/83/280
f 599/83/280 621/107/299 620/106/298
f 600/84/281 620/106/298 622/108/300
f 622/108/300 609/94/289 600/84/281
f 611/97/291 581/63/262 580/62/261
f 580/62/261 612/98/292 611/97/291
f 613/99/293 584/67/265 588/72/269
f 588/72/269 614/100/294 613/99/293
f 568/48/306 584/67/265 613/99/293
f 613/99/293 565/45/247 568/48/306
f 542/22/226 541/21/25 590/74/271
f 590/74/271 617/103/240 542/22/226
f 590/74/271 533/13/305 536/16/221
f 536/16/221 617/103/240 590/74/271
f 522/2/208 616/102/295 582/64/263
f 582/64/263 523/3/209 522/2/208
f 548/28/231 547/27/230 526/6/212
f 526/6/212 525/5/211 548/28/231
f 602/109/283 585/110/266 531/11/217
f 531/11/217 530/10/216 602/109/283
f 583/111/264 605/90/286 554/34/236
f 554/34/236 553/33/235 583/111/264
f 585/68/266 544/24/228 580/62/261
f 580/62/261 531/61/217 585/68/266
f 556/70/238 548/28/231 525/5/211
f 525/5/211 553/66/235 556/70/238
f 610/112/290 524/4/210 523/3/209
f 523/3/209 586/69/267 610/112/290
f 596/80/277 623/113/301 588/72/269
f 588/72/269 587/71/268 596/80/277
f 552/32/234 551/114/233 597/81/278
f 597/81/278 587/71/268 552/32/234
f 539/115/224 555/35/237 554/34/236
f 554/34/236 604/89/285 539/115/224
f 551/114/233 602/109/283 530/10/216
f 530/10/216 597/81/278 551/114/233
f 540/116/225 539/115/224 604/89/285
f 604/89/285 586/96/267 540/116/225
f 543/23/227 616/102/295 522/2/208
f 522/2/208 612/98/292 543/23/227
f 624/117/302 527/7/213 526/6/212
f 526/6/212 614/100/294 624/117/302
f 544/24/228 543/23/227 612/98/292
f 612/98/292 580/62/261 544/24/228
f 623/113/301 624/117/302 614/100/294
f 614/100/294 588/72/269 623/113/301
f 575/55/256 609/94/289 535/15/15
f 535/15/15 534/14/220 575/55/256
f 609/94/289 622/108/300 615/101/15
f 615/101/15 535/15/15 609/94/289
f 622/108/300 608/93/307 593/77/274
f 593/77/274 615/101/15 622/108/300
f 577/57/258 576/56/257 599/83/280
f 599/83/280 594/78/275 577/57/258
f 576/56/257 619/105/297 621/107/299
f 621/107/299 599/83/280 576/56/257
f 621/107/299 619/105/297 595/79/276
f 595/79/276 579/59/260 621/107/299
f 625/1/1 626/2/2 627/3/3
f 627/3/3 628/4/4 625/1/1
f 629/5/5 630/6/6 631/7/7
f 631/7/7 632/8/8 629/5/5
f 633/9/9 634/10/10 635/11/11
f 635/11/11 636/12/12 633/9/9
f 637/13/101 638/14/14 639/15/15
f 639/15/15 640/16/16 637/13/101
f 641/17/17 642/18/18 643/19/19
f 643/19/19 644/20/20 641/17/17
f 645/21/21 646/22/22 647/23/23
f 647/23/23 648/24/24 645/21/21
f 649/25/25 650/26/26 651/27/27
f 651/27/27 652/28/28 649/25/25
f 653/29/29 654/30/30 655/31/31
f 655/31/31 656/32/32 653/29/29
f 657/33/33 658/34/34 659/35/35
f 659/35/35 660/36/36 657/33/33
f 661/37/37 662/38/38 663/39/39
f 663/39/39 664/40/40 661/37/37
f 665/41/41 666/42/42 667/43/43
f 667/43/43 668/44/44 665/41/41
f 669/45/45 670/46/46 671/47/47
f 671/47/47 672/48/48 669/45/45
f 673/49/49 674/50/50 675/51/51
f 675/51/51 676/52/52 673/49/49
f 663/39/39 662/38/38 677/53/16
f 677/53/16 678/54/53 663/39/39
f 666/42/42 679/55/54 638/14/14
f 638/14/14 667/43/43 666/42/42
f 671/47/47 670/46/46 680/56/55
f 680/56/55 681/57/56 671/47/47
f 674/50/50 682/58/57 683/59/58
f 683/59/58 675/51/51 674/50/50
f 636/60/12 635/61/11 684/62/59
f 684/62/59 685/63/60 636/60/12
f 664/40/40 641/17/17 644/20/20
f 644/20/20 686/64/61 664/40/40
f 687/65/62 657/66/33 629/5/5
f 629/5/5 632/8/8 687/65/62
f 672/48/48 653/29/29 656/32/32
f 656/32/32 688/67/63 672/48/48
f 648/24/24 689/68/64 668/44/44
f 668/44/44 645/21/21 648/24/24
f 644/20/20 690/69/65 627/3/3
f 627/3/3 686/64/61 644/20/20
f 652/28/28 660/70/36 676/52/52
f 676/52/52 649/25/25 652/28/28
f 656/32/32 691/71/66 692/72/67
f 692/72/67 688/67/63 656/32/32
f 641/17/17 664/40/40 663/39/39
f 663/39/39 693/73/68 641/17/17
f 645/21/21 668/44/44 667/43/43
f 667/43/43 694/74/69 645/21/21
f 653/29/29 672/48/48 671/47/47
f 671/47/47 695/75/70 653/29/29
f 649/25/25 676/52/52 675/51/51
f 675/51/51 696/76/71 649/25/25
f 693/73/68 663/39/39 678/54/53
f 678/54/53 697/77/72 693/73/68
f 694/74/69 667/43/43 638/14/14
f 638/14/14 637/13/101 694/74/69
f 695/75/70 671/47/47 681/57/56
f 681/57/56 698/78/104 695/75/70
f 696/76/71 675/51/51 683/59/58
f 683/59/58 699/79/74 696/76/71
f 700/80/75 691/71/66 701/81/76
f 701/81/76 702/82/77 700/80/75
f 698/78/104 703/83/78 704/84/79
f 704/84/79 705/85/80 698/78/104
f 676/52/52 660/70/36 659/86/35
f 659/86/35 673/49/49 676/52/52
f 665/41/41 706/87/81 655/31/31
f 655/31/31 654/30/30 665/41/41
f 707/88/82 708/89/83 658/34/34
f 658/34/34 709/90/84 707/88/82
f 654/30/30 653/29/29 695/75/70
f 695/75/70 710/91/42 654/30/30
f 642/18/18 711/92/85 674/50/50
f 674/50/50 673/49/49 642/18/18
f 695/75/70 698/78/104 705/85/80
f 705/85/80 710/91/42 695/75/70
f 711/92/85 712/93/86 682/58/57
f 682/58/57 674/50/50 711/92/85
f 702/82/77 701/81/76 634/10/10
f 634/10/10 633/9/9 702/82/77
f 705/85/80 704/84/79 713/94/87
f 713/94/87 679/55/54 705/85/80
f 673/49/49 659/86/35 643/19/19
f 643/19/19 642/18/18 673/49/49
f 654/30/30 710/91/42 666/42/42
f 666/42/42 665/41/41 654/30/30
f 710/91/42 705/85/80 679/55/54
f 679/55/54 666/42/42 710/91/42
f 668/44/44 689/68/64 706/87/81
f 706/87/81 665/41/41 668/44/44
f 714/95/88 690/96/65 708/89/83
f 708/89/83 707/88/82 714/95/88
f 642/18/18 641/17/17 693/73/68
f 693/73/68 711/92/85 642/18/18
f 693/73/68 697/77/72 712/93/86
f 712/93/86 711/92/85 693/73/68
f 715/97/89 716/98/90 626/2/2
f 626/2/2 625/1/1 715/97/89
f 651/27/27 717/99/91 718/100/92
f 718/100/92 630/6/6 651/27/27
f 678/54/53 677/53/16 719/101/15
f 719/101/15 697/77/72 678/54/53
f 664/40/40 686/64/61 720/102/93
f 720/102/93 661/37/37 664/40/40
f 669/45/45 717/99/91 651/27/27
f 651/27/27 650/26/26 669/45/45
f 646/22/22 721/103/38 662/38/38
f 662/38/38 661/37/37 646/22/22
f 650/26/26 649/25/25 696/76/71
f 696/76/71 722/104/94 650/26/26
f 721/103/38 640/16/16 677/53/16
f 677/53/16 662/38/38 721/103/38
f 696/76/71 699/79/74 723/105/95
f 723/105/95 722/104/94 696/76/71
f 682/58/57 724/106/96 725/107/97
f 725/107/97 683/59/58 682/58/57
f 682/58/57 712/93/86 726/108/98
f 726/108/98 724/106/96 682/58/57
f 677/53/16 640/16/16 639/15/15
f 639/15/15 719/101/15 677/53/16
f 661/37/37 720/102/93 647/23/23
f 647/23/23 646/22/22 661/37/37
f 650/26/26 722/104/94 670/46/46
f 670/46/46 669/45/45 650/26/26
f 722/104/94 723/105/95 680/56/55
f 680/56/55 670/46/46 722/104/94
f 724/106/96 704/84/79 703/83/78
f 703/83/78 725/107/97 724/106/96
f 704/84/79 724/106/96 726/108/98
f 726/108/98 713/94/87 704/84/79
f 715/97/89 685/63/60 684/62/59
f 684/62/59 716/98/90 715/97/89
f 717/99/91 688/67/63 692/72/67
f 692/72/67 718/100/92 717/99/91
f 672/48/48 688/67/63 717/99/91
f 717/99/91 669/45/45 672/48/48
f 646/22/22 645/21/21 694/74/69
f 694/74/69 721/103/38 646/22/22
f 694/74/69 637/13/101 640/16/16
f 640/16/16 721/103/38 694/74/69
f 626/2/2 720/102/93 686/64/61
f 686/64/61 627/3/3 626/2/2
f 652/28/28 651/27/27 630/6/6
f 630/6/6 629/5/5 652/28/28
f 706/109/81 689/110/64 635/11/11
f 635/11/11 634/10/10 706/109/81
f 687/111/62 709/90/84 658/34/34
f 658/34/34 657/33/33 687/111/62
f 689/68/64 648/24/24 684/62/59
f 684/62/59 635/61/11 689/68/64
f 660/70/36 652/28/28 629/5/5
f 629/5/5 657/66/33 660/70/36
f 714/112/88 628/4/4 627/3/3
f 627/3/3 690/69/65 714/112/88
f 700/80/75 727/113/99 692/72/67
f 692/72/67 691/71/66 700/80/75
f 656/32/32 655/114/31 701/81/76
f 701/81/76 691/71/66 656/32/32
f 643/115/19 659/35/35 658/34/34
f 658/34/34 708/89/83 643/115/19
f 655/114/31 706/109/81 634/10/10
f 634/10/10 701/81/76 655/114/31
f 644/116/20 643/115/19 708/89/83
f 708/89/83 690/96/65 644/116/20
f 647/23/23 720/102/93 626/2/2
f 626/2/2 716/98/90 647/23/23
f 728/117/100 631/7/7 630/6/6
f 630/6/6 718/100/92 728/117/100
f 648/24/24 647/23/23 716/98/90
f 716/98/90 684/62/59 648/24/24
f 727/113/99 728/117/100 718/100/92
f 718/100/92 692/72/67 727/113/99
f 679/55/54 713/94/87 639/15/15
f 639/15/15 638/14/14 679/55/54
f 713/94/87 726/108/98 719/101/15
f 719/101/15 639/15/15 713/94/87
f 726/108/98 712/93/86 697/77/72
f 697/77/72 719/101/15 726/108/98
f 681/57/56 680/56/55 703/83/78
f 703/83/78 698/78/104 681/57/56
f 680/56/55 723/105/95 725/107/97
f 725/107/97 703/83/78 680/56/55
f 725/107/97 723/105/95 699/79/74
f 699/79/74 683/59/58 725/107/97
f 729/1/1 730/2/2 731/3/3
f 731/3/3 732/4/4 729/1/1
f 733/5/5 734/6/6 735/7/7
f 735/7/7 736/8/8 733/5/5
f 737/9/9 738/10/10 739/11/11
f 739/11/11 740/12/12 737/9/9
f 741/13/106 742/14/14 743/15/15
f 743/15/15 744/16/16 741/13/106
f 745/17/17 746/18/18 747/19/19
f 747/19/19 748/20/20 745/17/17
f 749/21/21 750/22/22 751/23/23
f 751/23/23 752/24/24 749/21/21
f 753/25/25 754/26/26 755/27/27
f 755/27/27 756/28/28 753/25/25
f 757/29/29 758/30/30 759/31/31
f 759/31/31 760/32/32 757/29/29
f 761/33/33 762/34/34 763/35/35
f 763/35/35 764/36/36 761/33/33
f 765/37/37 766/38/38 767/39/103
f 767/39/103 768/40/40 765/37/37
f 769/41/41 770/42/42 771/43/43
f 771/43/43 772/44/44 769/41/41
f 773/45/45 774/46/46 775/47/47
f 775/47/47 776/48/48 773/45/45
f 777/49/49 778/50/50 779/51/308
f 779/51/308 780/52/52 777/49/49
f 767/39/103 766/38/38 781/53/16
f 781/53/16 782/54/53 767/39/103
f 770/42/42 783/55/54 742/14/14
f 742/14/14 771/43/43 770/42/42
f 775/47/47 774/46/46 784/56/55
f 784/56/55 785/57/56 775/47/47
f 778/50/50 786/58/57 787/59/58
f 787/59/58 779/51/308 778/50/50
f 740/60/12 739/61/11 788/62/59
f 788/62/59 789/63/60 740/60/12
f 768/40/40 745/17/17 748/20/20
f 748/20/20 790/64/61 768/40/40
f 791/65/62 761/66/33 733/5/5
f 733/5/5 736/8/8 791/65/62
f 776/48/48 757/29/29 760/32/32
f 760/32/32 792/67/63 776/48/48
f 752/24/24 793/68/64 772/44/44
f 772/44/44 749/21/21 752/24/24
f 748/20/20 794/69/65 731/3/3
f 731/3/3 790/64/61 748/20/20
f 756/28/28 764/70/36 780/52/52
f 780/52/52 753/25/25 756/28/28
f 760/32/32 795/71/66 796/72/67
f 796/72/67 792/67/63 760/32/32
f 745/17/17 768/40/40 767/39/103
f 767/39/103 797/73/68 745/17/17
f 749/21/21 772/44/44 771/43/43
f 771/43/43 798/74/69 749/21/21
f 757/29/29 776/48/48 775/47/47
f 775/47/47 799/75/70 757/29/29
f 753/25/25 780/52/52 779/51/308
f 779/51/308 800/76/71 753/25/25
f 797/73/68 767/39/103 782/54/53
f 782/54/53 801/77/72 797/73/68
f 798/74/69 771/43/43 742/14/14
f 742/14/14 741/13/106 798/74/69
f 799/75/70 775/47/47 785/57/56
f 785/57/56 802/78/104 799/75/70
f 800/76/71 779/51/308 787/59/58
f 787/59/58 803/79/74 800/76/71
f 804/80/75 795/71/66 805/81/76
f 805/81/76 806/82/77 804/80/75
f 802/78/104 807/83/78 808/84/79
f 808/84/79 809/85/80 802/78/104
f 780/52/52 764/70/36 763/86/35
f 763/86/35 777/49/49 780/52/52
f 769/41/41 810/87/81 759/31/31
f 759/31/31 758/30/30 769/41/41
f 811/88/82 812/89/83 762/34/34
f 762/34/34 813/90/84 811/88/82
f 758/30/30 757/29/29 799/75/70
f 799/75/70 814/91/42 758/30/30
f 746/18/18 815/92/85 778/50/50
f 778/50/50 777/49/49 746/18/18
f 799/75/70 802/78/104 809/85/80
f 809/85/80 814/91/42 799/75/70
f 815/92/85 816/93/86 786/58/57
f 786/58/57 778/50/50 815/92/85
f 806/82/77 805/81/76 738/10/10
f 738/10/10 737/9/9 806/82/77
f 809/85/80 808/84/79 817/94/87
f 817/94/87 783/55/54 809/85/80
f 777/49/49 763/86/35 747/19/19
f 747/19/19 746/18/18 777/49/49
f 758/30/30 814/91/42 770/42/42
f 770/42/42 769/41/41 758/30/30
f 814/91/42 809/85/80 783/55/54
f 783/55/54 770/42/42 814/91/42
f 772/44/44 793/68/64 810/87/81
f 810/87/81 769/41/41 772/44/44
f 818/95/88 794/96/65 812/89/83
f 812/89/83 811/88/82 818/95/88
f 746/18/18 745/17/17 797/73/68
f 797/73/68 815/92/85 746/18/18
f 797/73/68 801/77/72 816/93/86
f 816/93/86 815/92/85 797/73/68
f 819/97/89 820/98/90 730/2/2
f 730/2/2 729/1/1 819/97/89
f 755/27/27 821/99/91 822/100/92
f 822/100/92 734/6/6 755/27/27
f 782/54/53 781/53/16 823/101/15
f 823/101/15 801/77/72 782/54/53
f 768/40/40 790/64/61 824/102/93
f 824/102/93 765/37/37 768/40/40
f 773/45/45 821/99/91 755/27/27
f 755/27/27 754/26/26 773/45/45
f 750/22/22 825/103/38 766/38/38
f 766/38/38 765/37/37 750/22/22
f 754/26/26 753/25/25 800/76/71
f 800/76/71 826/104/94 754/26/26
f 825/103/38 744/16/16 781/53/16
f 781/53/16 766/38/38 825/103/38
f 800/76/71 803/79/74 827/105/95
f 827/105/95 826/104/94 800/76/71
f 786/58/57 828/106/96 829/107/97
f 829/107/97 787/59/58 786/58/57
f 786/58/57 816/93/86 830/108/98
f 830/108/98 828/106/96 786/58/57
f 781/53/16 744/16/16 743/15/15
f 743/15/15 823/101/15 781/53/16
f 765/37/37 824/102/93 751/23/23
f 751/23/23 750/22/22 765/37/37
f 754/26/26 826/104/94 774/46/46
f 774/46/46 773/45/45 754/26/26
f 826/104/94 827/105/95 784/56/55
f 784/56/55 774/46/46 826/104/94
f 828/106/96 808/84/79 807/83/78
f 807/83/78 829/107/97 828/106/96
f 808/84/79 828/106/96 830/108/98
f 830/108/98 817/94/87 808/84/79
f 819/97/89 789/63/60 788/62/59
f 788/62/59 820/98/90 819/97/89
f 821/99/91 792/67/63 796/72/67
f 796/72/67 822/100/92 821/99/91
f 776/48/48 792/67/63 821/99/91
f 821/99/91 773/45/45 776/48/48
f 750/22/22 749/21/21 798/74/69
f 798/74/69 825/103/38 750/22/22
f 798/74/69 741/13/106 744/16/16
f 744/16/16 825/103/38 798/74/69
f 730/2/2 824/102/93 790/64/61
f 790/64/61 731/3/3 730/2/2
f 756/28/28 755/27/27 734/6/6
f 734/6/6 733/5/5 756/28/28
f 810/109/81 793/110/64 739/11/11
f 739/11/11 738/10/10 810/109/81
f 791/111/62 813/90/84 762/34/34
f 762/34/34 761/33/33 791/111/62
f 793/68/64 752/24/24 788/62/59
f 788/62/59 739/61/11 793/68/64
f 764/70/36 756/28/28 733/5/5
f 733/5/5 761/66/33 764/70/36
f 818/112/88 732/4/4 731/3/3
f 731/3/3 794/69/65 818/112/88
f 804/80/75 831/113/99 796/72/67
f 796/72/67 795/71/66 804/80/75
f 760/32/32 759/114/31 805/81/76
f 805/81/76 795/71/66 760/32/32
f 747/115/19 763/35/35 762/34/34
f 762/34/34 812/89/83 747/115/19
f 759/114/31 810/109/81 738/10/10
f 738/10/10 805/81/76 759/114/31
f 748/116/20 747/115/19 812/89/83
f 812/89/83 794/96/65 748/116/20
f 751/23/23 824/102/93 730/2/2
f 730/2/2 820/98/90 751/23/23
f 832/117/100 735/7/7 734/6/6
f 734/6/6 822/100/92 832/117/100
f 752/24/24 751/23/23 820/98/90
f 820/98/90 788/62/59 752/24/24
f 831/113/99 832/117/100 822/100/92
f 822/100/92 796/72/67 831/113/99
f 783/55/54 817/94/87 743/15/15
f 743/15/15 742/14/14 783/55/54
f 817/94/87 830/108/98 823/101/15
f 823/101/15 743/15/15 817/94/87
f 830/108/98 816/93/86 801/77/72
f 801/77/72 823/101/15 830/108/98
f 785/57/56 784/56/55 807/83/78
f 807/83/78 802/78/104 785/57/56
f 784/56/55 827/105/95 829/107/97
f 829/107/97 807/83/78 784/56/55
f 829/107/97 827/105/95 803/79/74
f 803/79/74 787/59/58 829/107/97
f 833/1/1 834/2/2 835/3/3
f 835/3/3 836/4/4 833/1/1
f 837/5/5 838/6/6 839/7/7
f 839/7/7 840/8/8 837/5/5
f 841/9/9 842/10/10 843/11/309
f 843/11/309 844/12/310 841/9/9
f 845/13/13 846/14/14 847/15/15
f 847/15/15 848/16/16 845/13/13
f 849/17/17 850/18/18 851/19/19
f 851/19/19 852/20/20 849/17/17
f 853/21/21 854/22/22 855/23/23
f 855/23/23 856/24/24 853/21/21
f 857/25/25 858/26/26 859/27/27
f 859/27/27 860/28/28 857/25/25
f 861/29/29 862/30/30 863/31/31
f 863/31/31 864/32/32 861/29/29
f 865/33/33 866/34/34 867/35/35
f 867/35/35 868/36/36 865/33/33
f 869/37/37 870/38/38 871/39/103
f 871/39/103 872/40/40 869/37/37
f 873/41/41 874/42/42 875/43/43
f 875/43/43 876/44/44 873/41/41
f 877/45/45 878/46/46 879/47/47
f 879/47/47 880/48/48 877/45/45
f 881/49/49 882/50/50 883/51/51
f 883/51/51 884/52/52 881/49/49
f 871/39/103 870/38/38 885/53/16
f 885/53/16 886/54/53 871/39/103
f 874/42/42 887/55/54 846/14/14
f 846/14/14 875/43/43 874/42/42
f 879/47/47 878/46/46 888/56/55
f 888/56/55 889/57/56 879/47/47
f 882/50/50 890/58/57 891/59/58
f 891/59/58 883/51/51 882/50/50
f 844/60/310 843/61/309 892/62/59
f 892/62/59 893/63/60 844/60/310
f 872/40/40 849/17/17 852/20/20
f 852/20/20 894/64/61 872/40/40
f 895/65/62 865/66/33 837/5/5
f 837/5/5 840/8/8 895/65/62
f 880/48/48 861/29/29 864/32/32
f 864/32/32 896/67/63 880/48/48
f 856/24/24 897/68/64 876/44/44
f 876/44/44 853/21/21 856/24/24
f 852/20/20 898/69/65 835/3/3
f 835/3/3 894/64/61 852/20/20
f 860/28/28 868/70/36 884/52/52
f 884/52/52 857/25/25 860/28/28
f 864/32/32 899/71/66 900/72/67
f 900/72/67 896/67/63 864/32/32
f 849/17/17 872/40/40 871/39/103
f 871/39/103 901/73/68 849/17/17
f 853/21/21 876/44/44 875/43/43
f 875/43/43 902/74/69 853/21/21
f 861/29/29 880/48/48 879/47/47
f 879/47/47 903/75/70 861/29/29
f 857/25/25 884/52/52 883/51/51
f 883/51/51 904/76/71 857/25/25
f 901/73/68 871/39/103 886/54/53
f 886/54/53 905/77/72 901/73/68
f 902/74/69 875/43/43 846/14/14
f 846/14/14 845/13/13 902/74/69
f 903/75/70 879/47/47 889/57/56
f 889/57/56 906/78/104 903/75/70
f 904/76/71 883/51/51 891/59/58
f 891/59/58 907/79/74 904/76/71
f 908/80/75 899/71/66 909/81/76
f 909/81/76 910/82/77 908/80/75
f 906/78/104 911/83/78 912/84/79
f 912/84/79 913/85/80 906/78/104
f 884/52/52 868/70/36 867/86/35
f 867/86/35 881/49/49 884/52/52
f 873/41/41 914/87/81 863/31/31
f 863/31/31 862/30/30 873/41/41
f 915/88/82 916/89/83 866/34/34
f 866/34/34 917/90/84 915/88/82
f 862/30/30 861/29/29 903/75/70
f 903/75/70 918/91/42 862/30/30
f 850/18/18 919/92/85 882/50/50
f 882/50/50 881/49/49 850/18/18
f 903/75/70 906/78/104 913/85/80
f 913/85/80 918/91/42 903/75/70
f 919/92/85 920/93/86 890/58/57
f 890/58/57 882/50/50 919/92/85
f 910/82/77 909/81/76 842/10/10
f 842/10/10 841/9/9 910/82/77
f 913/85/80 912/84/79 921/94/87
f 921/94/87 887/55/54 913/85/80
f 881/49/49 867/86/35 851/19/19
f 851/19/19 850/18/18 881/49/49
f 862/30/30 918/91/42 874/42/42
f 874/42/42 873/41/41 862/30/30
f 918/91/42 913/85/80 887/55/54
f 887/55/54 874/42/42 918/91/42
f 876/44/44 897/68/64 914/87/81
f 914/87/81 873/41/41 876/44/44
f 922/95/88 898/96/65 916/89/83
f 916/89/83 915/88/82 922/95/88
f 850/18/18 849/17/17 901/73/68
f 901/73/68 919/92/85 850/18/18
f 901/73/68 905/77/72 920/93/86
f 920/93/86 919/92/85 901/73/68
f 923/97/89 924/98/90 834/2/2
f 834/2/2 833/1/1 923/97/89
f 859/27/27 925/99/91 926/100/92
f 926/100/92 838/6/6 859/27/27
f 886/54/53 885/53/16 927/101/15
f 927/101/15 905/77/72 886/54/53
f 872/40/40 894/64/61 928/102/93
f 928/102/93 869/37/37 872/40/40
f 877/45/45 925/99/91 859/27/27
f 859/27/27 858/26/26 877/45/45
f 854/22/22 929/103/38 870/38/38
f 870/38/38 869/37/37 854/22/22
f 858/26/26 857/25/25 904/76/71
f 904/76/71 930/104/94 858/26/26
f 929/103/38 848/16/16 885/53/16
f 885/53/16 870/38/38 929/103/38
f 904/76/71 907/79/74 931/105/95
f 931/105/95 930/104/94 904/76/71
f 890/58/57 932/106/96 933/107/97
f 933/107/97 891/59/58 890/58/57
f 890/58/57 920/93/86 934/108/98
f 934/108/98 932/106/96 890/58/57
f 885/53/16 848/16/16 847/15/15
f 847/15/15 927/101/15 885/53/16
f 869/37/37 928/102/93 855/23/23
f 855/23/23 854/22/22 869/37/37
f 858/26/26 930/104/94 878/46/46
f 878/46/46 877/45/45 858/26/26
f 930/104/94 931/105/95 888/56/55
f 888/56/55 878/46/46 930/104/94
f 932/106/96 912/84/79 911/83/78
f 911/83/78 933/107/97 932/106/96
f 912/84/79 932/106/96 934/108/98
f 934/108/98 921/94/87 912/84/79
f 923/97/89 893/63/60 892/62/59
f 892/62/59 924/98/90 923/97/89
f 925/99/91 896/67/63 900/72/67
f 900/72/67 926/100/92 925/99/91
f 880/48/48 896/67/63 925/99/91
f 925/99/91 877/45/45 880/48/48
f 854/22/22 853/21/21 902/74/69
f 902/74/69 929/103/38 854/22/22
f 902/74/69 845/13/13 848/16/16
f 848/16/16 929/103/38 902/74/69
f 834/2/2 928/102/93 894/64/61
f 894/64/61 835/3/3 834/2/2
f 860/28/28 859/27/27 838/6/6
f 838/6/6 837/5/5 860/28/28
f 914/109/81 897/110/64 843/11/309
f 843/11/309 842/10/10 914/109/81
f 895/111/62 917/90/84 866/34/34
f 866/34/34 865/33/33 895/111/62
f 897/68/64 856/24/24 892/62/59
f 892/62/59 843/61/309 897/68/64
f 868/70/36 860/28/28 837/5/5
f 837/5/5 865/66/33 868/70/36
f 922/112/88 836/4/4 835/3/3
f 835/3/3 898/69/65 922/112/88
f 908/80/75 935/113/99 900/72/67
f 900/72/67 899/71/66 908/80/75
f 864/32/32 863/114/31 909/81/76
f 909/81/76 899/71/66 864/32/32
f 851/115/19 867/35/35 866/34/34
f 866/34/34 916/89/83 851/115/19
f 863/114/31 914/109/81 842/10/10
f 842/10/10 909/81/76 863/114/31
f 852/116/20 851/115/19 916/89/83
f 916/89/83 898/96/65 852/116/20
f 855/23/23 928/102/93 834/2/2
f 834/2/2 924/98/90 855/23/23
f 936/117/100 839/7/7 838/6/6
f 838/6/6 926/100/92 936/117/100
f 856/24/24 855/23/23 924/98/90
f 924/98/90 892/62/59 856/24/24
f 935/113/99 936/117/100 926/100/92
f 926/100/92 900/72/67 935/113/99
f 887/55/54 921/94/87 847/15/15
f 847/15/15 846/14/14 887/55/54
f 921/94/87 934/108/98 927/101/15
f 927/101/15 847/15/15 921/94/87
f 934/108/98 920/93/86 905/77/72
f 905/77/72 927/101/15 934/108/98
f 889/57/56 888/56/55 911/83/78
f 911/83/78 906/78/104 889/57/56
f 888/56/55 931/105/95 933/107/97
f 933/107/97 911/83/78 888/56/55
f 933/107/97 931/105/95 907/79/74
f 907/79/74 891/59/58 933/107/97
f 937/1/311 938/2/312 939/3/313
f 939/3/313 940/4/314 937/1/311
f 941/5/315 942/6/316 943/7/317
f 943/7/317 944/8/318 941/5/315
f 945/9/319 946/10/320 947/11/321
f 947/11/321 948/12/322 945/9/319
f 949/13/323 950/14/324 951/15/15
f 951/15/15 952/16/122 949/13/323
f 953/17/325 954/18/326 955/19/327
f 955/19/327 956/20/328 953/17/325
f 957/21/329 958/22/128 959/23/330
f 959/23/330 960/24/331 957/21/329
f 961/25/332 962/26/333 963/27/334
f 963/27/334 964/28/335 961/25/332
f 965/29/336 966/30/337 967/31/338
f 967/31/338 968/32/339 965/29/336
f 969/33/340 970/34/341 971/35/342
f 971/35/342 972/36/343 969/33/340
f 973/37/143 974/38/144 975/39/344
f 975/39/344 976/40/345 973/37/143
f 977/41/346 978/42/347 979/43/348
f 979/43/348 980/44/349 977/41/346
f 981/45/350 982/46/351 983/47/352
f 983/47/352 984/48/353 981/45/350
f 985/49/354 986/50/355 987/51/356
f 987/51/356 988/52/357 985/49/354
f 975/39/344 974/38/144 989/53/122
f 989/53/122 990/54/358 975/39/344
f 978/42/347 991/55/359 950/14/324
f 950/14/324 979/43/348 978/42/347
f 983/47/352 982/46/351 992/56/360
f 992/56/360 993/57/361 983/47/352
f 986/50/355 994/58/362 995/59/363
f 995/59/363 987/51/356 986/50/355
f 948/60/322 947/61/321 996/62/364
f 996/62/364 997/63/365 948/60/322
f 976/40/345 953/17/325 956/20/328
f 956/20/328 998/64/366 976/40/345
f 999/65/367 969/66/340 941/5/315
f 941/5/315 944/8/318 999/65/367
f 984/48/353 965/29/336 968/32/339
f 968/32/339 1000/67/368 984/48/353
f 960/24/331 1001/68/369 980/44/349
f 980/44/349 957/21/329 960/24/331
f 956/20/328 1002/69/370 939/3/313
f 939/3/313 998/64/366 956/20/328
f 964/28/335 972/70/343 988/52/357
f 988/52/357 961/25/332 964/28/335
f 968/32/339 1003/71/371 1004/72/372
f 1004/72/372 1000/67/368 968/32/339
f 953/17/325 976/40/345 975/39/344
f 975/39/344 1005/73/373 953/17/325
f 957/21/329 980/44/349 979/43/348
f 979/43/348 1006/74/374 957/21/329
f 965/29/336 984/48/353 983/47/352
f 983/47/352 1007/75/375 965/29/336
f 961/25/332 988/52/357 987/51/356
f 987/51/356 1008/76/376 961/25/332
f 1005/73/373 975/39/344 990/54/358
f 990/54/358 1009/77/377 1005/73/373
f 1006/74/374 979/43/348 950/14/324
f 950/14/324 949/13/323 1006/74/374
f 1007/75/375 983/47/352 993/57/361
f 993/57/361 1010/78/378 1007/75/375
f 1008/76/376 987/51/356 995/59/363
f 995/59/363 1011/79/379 1008/76/376
f 1012/80/380 1003/71/371 1013/81/381
f 1013/81/381 1014/82/382 1012/80/380
f 1010/78/378 1015/83/383 1016/84/384
f 1016/84/384 1017/85/385 1010/78/378
f 988/52/357 972/70/343 971/86/342
f 971/86/342 985/49/354 988/52/357
f 977/41/346 1018/87/386 967/31/338
f 967/31/338 966/30/337 977/41/346
f 1019/88/387 1020/89/388 970/34/341
f 970/34/341 1021/90/389 1019/88/387
f 966/30/337 965/29/336 1007/75/375
f 1007/75/375 1022/91/347 966/30/337
f 954/18/326 1023/92/390 986/50/355
f 986/50/355 985/49/354 954/18/326
f 1007/75/375 1010/78/378 1017/85/385
f 1017/85/385 1022/91/347 1007/75/375
f 1023/92/390 1024/93/391 994/58/362
f 994/58/362 986/50/355 1023/92/390
f 1014/82/382 1013/81/381 946/10/320
f 946/10/320 945/9/319 1014/82/382
f 1017/85/385 1016/84/384 1025/94/392
f 1025/94/392 991/55/359 1017/85/385
f 985/49/354 971/86/342 955/19/327
f 955/19/327 954/18/326 985/49/354
f 966/30/337 1022/91/347 978/42/347
f 978/42/347 977/41/346 966/30/337
f 1022/91/347 1017/85/385 991/55/359
f 991/55/359 978/42/347 1022/91/347
f 980/44/349 1001/68/369 1018/87/386
f 1018/87/386 977/41/346 980/44/349
f 1026/95/393 1002/96/370 1020/89/388
f 1020/89/388 1019/88/387 1026/95/393
f 954/18/326 953/17/325 1005/73/373
f 1005/73/373 1023/92/390 954/18/326
f 1005/73/373 1009/77/377 1024/93/391
f 1024/93/391 1023/92/390 1005/73/373
f 1027/97/394 1028/98/395 938/2/312
f 938/2/312 937/1/311 1027/97/394
f 963/27/334 1029/99/396 1030/100/397
f 1030/100/397 942/6/316 963/27/334
f 990/54/358 989/53/122 1031/101/15
f 1031/101/15 1009/77/377 990/54/358
f 976/40/345 998/64/366 1032/102/199
f 1032/102/199 973/37/143 976/40/345
f 981/45/350 1029/99/396 963/27/334
f 963/27/334 962/26/333 981/45/350
f 958/22/128 1033/103/144 974/38/144
f 974/38/144 973/37/143 958/22/128
f 962/26/333 961/25/332 1008/76/376
f 1008/76/376 1034/104/398 962/26/333
f 1033/103/144 952/16/122 989/53/122
f 989/53/122 974/38/144 1033/103/144
f 1008/76/376 1011/79/379 1035/105/399
f 1035/105/399 1034/104/398 1008/76/376
f 994/58/362 1036/106/400 1037/107/401
f 1037/107/401 995/59/363 994/58/362
f 994/58/362 1024/93/391 1038/108/402
f 1038/108/402 1036/106/400 994/58/362
f 989/53/122 952/16/122 951/15/15
f 951/15/15 1031/101/15 989/53/122
f 973/37/143 1032/102/199 959/23/330
f 959/23/330 958/22/128 973/37/143
f 962/26/333 1034/104/398 982/46/351
f 982/46/351 981/45/350 962/26/333
f 1034/104/398 1035/105/399 992/56/360
f 992/56/360 982/46/351 1034/104/398
f 1036/106/400 1016/84/384 1015/83/383
f 1015/83/383 1037/107/401 1036/106/400
f 1016/84/384 1036/106/400 1038/108/402
f 1038/108/402 1025/94/392 1016/84/384
f 1027/97/394 997/63/365 996/62/364
f 996/62/364 1028/98/395 1027/97/394
f 1029/99/396 1000/67/368 1004/72/372
f 1004/72/372 1030/100/397 1029/99/396
f 984/48/353 1000/67/368 1029/99/396
f 1029/99/396 981/45/350 984/48/353
f 958/22/128 957/21/329 1006/74/374
f 1006/74/374 1033/103/144 958/22/128
f 1006/74/374 949/13/323 952/16/122
f 952/16/122 1033/103/144 1006/74/374
f 938/2/312 1032/102/199 998/64/366
f 998/64/366 939/3/313 938/2/312
f 964/28/335 963/27/334 942/6/316
f 942/6/316 941/5/315 964/28/335
f 1018/109/386 1001/110/369 947/11/321
f 947/11/321 946/10/320 1018/109/386
f 999/111/367 1021/90/389 970/34/341
f 970/34/341 969/33/340 999/111/367
f 1001/68/369 960/24/331 996/62/364
f 996/62/364 947/61/321 1001/68/369
f 972/70/343 964/28/335 941/5/315
f 941/5/315 969/66/340 972/70/343
f 1026/112/393 940/4/314 939/3/313
f 939/3/313 1002/69/370 1026/112/393
f 1012/80/380 1039/113/403 1004/72/372
f 1004/72/372 1003/71/371 1012/80/380
f 968/32/339 967/114/338 1013/81/381
f 1013/81/381 1003/71/371 968/32/339
f 955/115/327 971/35/342 970/34/341
f 970/34/341 1020/89/388 955/115/327
f 967/114/338 1018/109/386 946/10/320
f 946/10/320 1013/81/381 967/114/338
f 956/116/328 955/115/327 1020/89/388
f 1020/89/388 1002/96/370 956/116/328
f 959/23/330 1032/102/199 938/2/312
f 938/2/312 1028/98/395 959/23/330
f 1040/117/404 943/7/317 942/6/316
f 942/6/316 1030/100/397 1040/117/404
f 960/24/331 959/23/330 1028/98/395
f 1028/98/395 996/62/364 960/24/331
f 1039/113/403 1040/117/404 1030/100/397
f 1030/100/397 1004/72/372 1039/113/403
f 991/55/359 1025/94/392 951/15/15
f 951/15/15 950/14/324 991/55/359
f 1025/94/392 1038/108/402 1031/101/15
f 1031/101/15 951/15/15 1025/94/392
f 1038/108/402 1024/93/391 1009/77/377
f 1009/77/377 1031/101/15 1038/108/402
f 993/57/361 992/56/360 1015/83/383
f 1015/83/383 1010/78/378 993/57/361
f 992/56/360 1035/105/399 1037/107/401
f 1037/107/401 1015/83/383 992/56/360
f 1037/107/401 1035/105/399 1011/79/379
f 1011/79/379 995/59/363 1037/107/401
f 1041/1/405 1042/2/406 1043/3/407
f 1043/3/407 1044/4/408 1041/1/405
f 1045/5/409 1046/6/410 1047/7/411
f 1047/7/411 1048/8/412 1045/5/409
f 1049/9/413 1050/10/414 1051/11/415
f 1051/11/415 1052/12/416 1049/9/413
f 1053/13/417 1054/14/418 1055/15/15
f 1055/15/15 1056/16/419 1053/13/417
f 1057/17/420 1058/18/421 1059/19/422
f 1059/19/422 1060/20/423 1057/17/420
f 1061/21/424 1062/22/425 1063/23/426
f 1063/23/426 1064/24/427 1061/21/424
f 1065/25/428 1066/26/429 1067/27/430
f 1067/27/430 1068/28/431 1065/25/428
f 1069/29/432 1070/30/433 1071/31/434
f 1071/31/434 1072/32/435 1069/29/432
f 1073/33/436 1074/34/437 1075/35/438
f 1075/35/438 1076/36/439 1073/33/436
f 1077/37/440 1078/38/441 1079/39/442
f 1079/39/442 1080/40/443 1077/37/440
f 1081/41/444 1082/42/445 1083/43/446
f 1083/43/446 1084/44/447 1081/41/444
f 1085/45/448 1086/46/449 1087/47/450
f 1087/47/450 1088/48/451 1085/45/448
f 1089/49/452 1090/50/453 1091/51/454
f 1091/51/454 1092/52/455 1089/49/452
f 1079/39/442 1078/38/441 1093/53/419
f 1093/53/419 1094/54/456 1079/39/442
f 1082/42/445 1095/55/457 1054/14/418
f 1054/14/418 1083/43/446 1082/42/445
f 1087/47/450 1086/46/449 1096/56/458
f 1096/56/458 1097/57/459 1087/47/450
f 1090/50/453 1098/58/460 1099/59/461
f 1099/59/461 1091/51/454 1090/50/453
f 1052/60/416 1051/61/415 1100/62/462
f 1100/62/462 1101/63/463 1052/60/416
f 1080/40/443 1057/17/420 1060/20/423
f 1060/20/423 1102/64/464 1080/40/443
f 1103/65/465 1073/66/436 1045/5/409
f 1045/5/409 1048/8/412 1103/65/465
f 1088/48/451 1069/29/432 1072/32/435
f 1072/32/435 1104/67/466 1088/48/451
f 1064/24/427 1105/68/467 1084/44/447
f 1084/44/447 1061/21/424 1064/24/427
f 1060/20/423 1106/69/468 1043/3/407
f 1043/3/407 1102/64/464 1060/20/423
f 1068/28/431 1076/70/439 1092/52/455
f 1092/52/455 1065/25/428 1068/28/431
f 1072/32/435 1107/71/469 1108/72/470
f 1108/72/470 1104/67/466 1072/32/435
f 1057/17/420 1080/40/443 1079/39/442
f 1079/39/442 1109/73/471 1057/17/420
f 1061/21/424 1084/44/447 1083/43/446
f 1083/43/446 1110/74/472 1061/21/424
f 1069/29/432 1088/48/451 1087/47/450
f 1087/47/450 1111/75/473 1069/29/432
f 1065/25/428 1092/52/455 1091/51/454
f 1091/51/454 1112/76/474 1065/25/428
f 1109/73/471 1079/39/442 1094/54/456
f 1094/54/456 1113/77/475 1109/73/471
f 1110/74/472 1083/43/446 1054/14/418
f 1054/14/418 1053/13/417 1110/74/472
f 1111/75/473 1087/47/450 1097/57/459
f 1097/57/459 1114/78/476 1111/75/473
f 1112/76/474 1091/51/454 1099/59/461
f 1099/59/461 1115/79/477 1112/76/474
f 1116/80/478 1107/71/469 1117/81/479
f 1117/81/479 1118/82/480 1116/80/478
f 1114/78/476 1119/83/481 1120/84/482
f 1120/84/482 1121/85/483 1114/78/476
f 1092/52/455 1076/70/439 1075/86/438
f 1075/86/438 1089/49/452 1092/52/455
f 1081/41/444 1122/87/484 1071/31/434
f 1071/31/434 1070/30/433 1081/41/444
f 1123/88/485 1124/89/486 1074/34/437
f 1074/34/437 1125/90/487 1123/88/485
f 1070/30/433 1069/29/432 1111/75/473
f 1111/75/473 1126/91/445 1070/30/433
f 1058/18/421 1127/92/488 1090/50/453
f 1090/50/453 1089/49/452 1058/18/421
f 1111/75/473 1114/78/476 1121/85/483
f 1121/85/483 1126/91/445 1111/75/473
f 1127/92/488 1128/93/489 1098/58/460
f 1098/58/460 1090/50/453 1127/92/488
f 1118/82/480 1117/81/479 1050/10/414
f 1050/10/414 1049/9/413 1118/82/480
f 1121/85/483 1120/84/482 1129/94/490
f 1129/94/490 1095/55/457 1121/85/483
f 1089/49/452 1075/86/438 1059/19/422
f 1059/19/422 1058/18/421 1089/49/452
f 1070/30/433 1126/91/445 1082/42/445
f 1082/42/445 1081/41/444 1070/30/433
f 1126/91/445 1121/85/483 1095/55/457
f 1095/55/457 1082/42/445 1126/91/445
f 1084/44/447 1105/68/467 1122/87/484
f 1122/87/484 1081/41/444 1084/44/447
f 1130/95/491 1106/96/468 1124/89/486
f 1124/89/486 1123/88/485 1130/95/491
f 1058/18/421 1057/17/420 1109/73/471
f 1109/73/471 1127/92/488 1058/18/421
f 1109/73/471 1113/77/475 1128/93/489
f 1128/93/489 1127/92/488 1109/73/471
f 1131/97/492 1132/98/493 1042/2/406
f 1042/2/406 1041/1/405 1131/97/492
f 1067/27/430 1133/99/494 1134/100/495
f 1134/100/495 1046/6/410 1067/27/430
f 1094/54/456 1093/53/419 1135/101/15
f 1135/101/15 1113/77/475 1094/54/456
f 1080/40/443 1102/64/464 1136/102/496
f 1136/102/496 1077/37/440 1080/40/443
f 1085/45/448 1133/99/494 1067/27/430
f 1067/27/430 1066/26/429 1085/45/448
f 1062/22/425 1137/103/441 1078/38/441
f 1078/38/441 1077/37/440 1062/22/425
f 1066/26/429 1065/25/428 1112/76/474
f 1112/76/474 1138/104/497 1066/26/429
f 1137/103/441 1056/16/419 1093/53/419
f 1093/53/419 1078/38/441 1137/103/441
f 1112/76/474 1115/79/477 1139/105/498
f 1139/105/498 1138/104/497 1112/76/474
f 1098/58/460 1140/106/499 1141/107/500
f 1141/107/500 1099/59/461 1098/58/460
f 1098/58/460 1128/93/489 1142/108/501
f 1142/108/501 1140/106/499 1098/58/460
f 1093/53/419 1056/16/419 1055/15/15
f 1055/15/15 1135/101/15 1093/53/419
f 1077/37/440 1136/102/496 1063/23/426
f 1063/23/426 1062/22/425 1077/37/440
f 1066/26/429 1138/104/497 1086/46/449
f 1086/46/449 1085/45/448 1066/26/429
f 1138/104/497 1139/105/498 1096/56/458
f 1096/56/458 1086/46/449 1138/104/497
f 1140/106/499 1120/84/482 1119/83/481
f 1119/83/481 1141/107/500 1140/106/499
f 1120/84/482 1140/106/499 1142/108/501
f 1142/108/501 1129/94/490 1120/84/482
f 1131/97/492 1101/63/463 1100/62/462
f 1100/62/462 1132/98/493 1131/97/492
f 1133/99/494 1104/67/466 1108/72/470
f 1108/72/470 1134/100/495 1133/99/494
f 1088/48/451 1104/67/466 1133/99/494
f 1133/99/494 1085/45/448 1088/48/451
f 1062/22/425 1061/21/424 1110/74/472
f 1110/74/472 1137/103/441 1062/22/425
f 1110/74/472 1053/13/417 1056/16/419
f 1056/16/419 1137/103/441 1110/74/472
f 1042/2/406 1136/102/496 1102/64/464
f 1102/64/464 1043/3/407 1042/2/406
f 1068/28/431 1067/27/430 1046/6/410
f 1046/6/410 1045/5/409 1068/28/431
f 1122/109/484 1105/110/467 1051/11/415
f 1051/11/415 1050/10/414 1122/109/484
f 1103/111/465 1125/90/487 1074/34/437
f 1074/34/437 1073/33/436 1103/111/465
f 1105/68/467 1064/24/427 1100/62/462
f 1100/62/462 1051/61/415 1105/68/467
f 1076/70/439 1068/28/431 1045/5/409
f 1045/5/409 1073/66/436 1076/70/439
f 1130/112/491 1044/4/408 1043/3/407
f 1043/3/407 1106/69/468 1130/112/491
f 1116/80/478 1143/113/502 1108/72/470
f 1108/72/470 1107/71/469 1116/80/478
f 1072/32/435 1071/114/434 1117/81/479
f 1117/81/479 1107/71/469 1072/32/435
f 1059/115/422 1075/35/438 1074/34/437
f 1074/34/437 1124/89/486 1059/115/422
f 1071/114/434 1122/109/484 1050/10/414
f 1050/10/414 1117/81/479 1071/114/434
f 1060/116/423 1059/115/422 1124/89/486
f 1124/89/486 1106/96/468 1060/116/423
f 1063/23/426 1136/102/496 1042/2/406
f 1042/2/406 1132/98/493 1063/23/426
f 1144/117/503 1047/7/411 1046/6/410
f 1046/6/410 1134/100/495 1144/117/503
f 1064/24/427 1063/23/426 1132/98/493
f 1132/98/493 1100/62/462 1064/24/427
f 1143/113/502 1144/117/503 1134/100/495
f 1134/100/495 1108/72/470 1143/113/502
f 1095/55/457 1129/94/490 1055/15/15
f 1055/15/15 1054/14/418 1095/55/457
f 1129/94/490 1142/108/501 1135/101/15
f 1135/101/15 1055/15/15 1129/94/490
f 1142/108/501 1128/93/489 1113/77/475
f 1113/77/475 1135/101/15 1142/108/501
f 1097/57/459 1096/56/458 1119/83/481
f 1119/83/481 1114/78/476 1097/57/459
f 1096/56/458 1139/105/498 1141/107/500
f 1141/107/500 1119/83/481 1096/56/458
f 1141/107/500 1139/105/498 1115/79/477
f 1115/79/477 1099/59/461 1141/107/500
f 1145/1/405 1146/2/406 1147/3/407
f 1147/3/407 1148/4/408 1145/1/405
f 1149/5/504 1150/6/410 1151/7/411
f 1151/7/411 1152/8/412 1149/5/504
f 1153/9/413 1154/10/414 1155/11/415
f 1155/11/415 1156/12/416 1153/9/413
f 1157/13/417 1158/14/418 1159/15/15
f 1159/15/15 1160/16/419 1157/13/417
f 1161/17/420 1162/18/421 1163/19/422
f 1163/19/422 1164/20/423 1161/17/420
f 1165/21/424 1166/22/425 1167/23/426
f 1167/23/426 1168/24/427 1165/21/424
f 1169/25/428 1170/26/429 1171/27/430
f 1171/27/430 1172/28/431 1169/25/428
f 1173/29/432 1174/30/433 1175/31/434
f 1175/31/434 1176/32/435 1173/29/432
f 1177/33/436 1178/34/437 1179/35/438
f 1179/35/438 1180/36/439 1177/33/436
f 1181/37/440 1182/38/441 1183/39/442
f 1183/39/442 1184/40/443 1181/37/440
f 1185/41/444 1186/42/445 1187/43/446
f 1187/43/446 1188/44/447 1185/41/444
f 1189/45/448 1190/46/449 1191/47/450
f 1191/47/450 1192/48/451 1189/45/448
f 1193/49/452 1194/50/453 1195/51/454
f 1195/51/454 1196/52/455 1193/49/452
f 1183/39/442 1182/38/441 1197/53/419
f 1197/53/419 1198/54/505 1183/39/442
f 1186/42/445 1199/55/457 1158/14/418
f 1158/14/418 1187/43/446 1186/42/445
f 1191/47/450 1190/46/449 1200/56/458
f 1200/56/458 1201/57/459 1191/47/450
f 1194/50/453 1202/58/460 1203/59/461
f 1203/59/461 1195/51/454 1194/50/453
f 1156/60/416 1155/61/415 1204/62/462
f 1204/62/462 1205/63/463 1156/60/416
f 1184/40/443 1161/17/420 1164/20/423
f 1164/20/423 1206/64/464 1184/40/443
f 1207/65/465 1177/66/436 1149/5/504
f 1149/5/504 1152/8/412 1207/65/465
f 1192/48/451 1173/29/432 1176/32/435
f 1176/32/435 1208/67/466 1192/48/451
f 1168/24/427 1209/68/467 1188/44/447
f 1188/44/447 1165/21/424 1168/24/427
f 1164/20/423 1210/69/468 1147/3/407
f 1147/3/407 1206/64/464 1164/20/423
f 1172/28/431 1180/70/439 1196/52/455
f 1196/52/455 1169/25/428 1172/28/431
f 1176/32/435 1211/71/469 1212/72/470
f 1212/72/470 1208/67/466 1176/32/435
f 1161/17/420 1184/40/443 1183/39/442
f 1183/39/442 1213/73/471 1161/17/420
f 1165/21/424 1188/44/447 1187/43/446
f 1187/43/446 1214/74/472 1165/21/424
f 1173/29/432 1192/48/451 1191/47/450
f 1191/47/450 1215/75/473 1173/29/432
f 1169/25/428 1196/52/455 1195/51/454
f 1195/51/454 1216/76/474 1169/25/428
f 1213/73/471 1183/39/442 1198/54/505
f 1198/54/505 1217/77/475 1213/73/471
f 1214/74/472 1187/43/446 1158/14/418
f 1158/14/418 1157/13/417 1214/74/472
f 1215/75/473 1191/47/450 1201/57/459
f 1201/57/459 1218/78/476 1215/75/473
f 1216/76/474 1195/51/454 1203/59/461
f 1203/59/461 1219/79/477 1216/76/474
f 1220/80/478 1211/71/469 1221/81/479
f 1221/81/479 1222/82/480 1220/80/478
f 1218/78/476 1223/83/481 1224/84/482
f 1224/84/482 1225/85/483 1218/78/476
f 1196/52/455 1180/70/439 1179/86/438
f 1179/86/438 1193/49/452 1196/52/455
f 1185/41/444 1226/87/484 1175/31/434
f 1175/31/434 1174/30/433 1185/41/444
f 1227/88/485 1228/89/486 1178/34/437
f 1178/34/437 1229/90/487 1227/88/485
f 1174/30/433 1173/29/432 1215/75/473
f 1215/75/473 1230/91/445 1174/30/433
f 1162/18/421 1231/92/488 1194/50/453
f 1194/50/453 1193/49/452 1162/18/421
f 1215/75/473 1218/78/476 1225/85/483
f 1225/85/483 1230/91/445 1215/75/473
f 1231/92/488 1232/93/489 1202/58/460
f 1202/58/460 1194/50/453 1231/92/488
f 1222/82/480 1221/81/479 1154/10/414
f 1154/10/414 1153/9/413 1222/82/480
f 1225/85/483 1224/84/482 1233/94/490
f 1233/94/490 1199/55/457 1225/85/483
f 1193/49/452 1179/86/438 1163/19/422
f 1163/19/422 1162/18/421 1193/49/452
f 1174/30/433 1230/91/445 1186/42/445
f 1186/42/445 1185/41/444 1174/30/433
f 1230/91/445 1225/85/483 1199/55/457
f 1199/55/457 1186/42/445 1230/91/445
f 1188/44/447 1209/68/467 1226/87/484
f 1226/87/484 1185/41/444 1188/44/447
f 1234/95/491 1210/96/468 1228/89/486
f 1228/89/486 1227/88/485 1234/95/491
f 1162/18/421 1161/17/420 1213/73/471
f 1213/73/471 1231/92/488 1162/18/421
f 1213/73/471 1217/77/475 1232/93/489
f 1232/93/489 1231/92/488 1213/73/471
f 1235/97/492 1236/98/493 1146/2/406
f 1146/2/406 1145/1/405 1235/97/492
f 1171/27/430 1237/99/494 1238/100/495
f 1238/100/495 1150/6/410 1171/27/430
f 1198/54/505 1197/53/419 1239/101/15
f 1239/101/15 1217/77/475 1198/54/505
f 1184/40/443 1206/64/464 1240/102/496
f 1240/102/496 1181/37/440 1184/40/443
f 1189/45/448 1237/99/494 1171/27/430
f 1171/27/430 1170/26/429 1189/45/448
f 1166/22/425 1241/103/441 1182/38/441
f 1182/38/441 1181/37/440 1166/22/425
f 1170/26/429 1169/25/428 1216/76/474
f 1216/76/474 1242/104/497 1170/26/429
f 1241/103/441 1160/16/419 1197/53/419
f 1197/53/419 1182/38/441 1241/103/441
f 1216/76/474 1219/79/477 1243/105/498
f 1243/105/498 1242/104/497 1216/76/474
f 1202/58/460 1244/106/499 1245/107/500
f 1245/107/500 1203/59/461 1202/58/460
f 1202/58/460 1232/93/489 1246/108/501
f 1246/108/501 1244/106/499 1202/58/460
f 1197/53/419 1160/16/419 1159/15/15
f 1159/15/15 1239/101/15 1197/53/419
f 1181/37/440 1240/102/496 1167/23/426
f 1167/23/426 1166/22/425 1181/37/440
f 1170/26/429 1242/104/497 1190/46/449
f 1190/46/449 1189/45/448 1170/26/429
f 1242/104/497 1243/105/498 1200/56/458
f 1200/56/458 1190/46/449 1242/104/497
f 1244/106/499 1224/84/482 1223/83/481
f 1223/83/481 1245/107/500 1244/106/499
f 1224/84/482 1244/106/499 1246/108/501
f 1246/108/501 1233/94/490 1224/84/482
f 1235/97/492 1205/63/463 1204/62/462
f 1204/62/462 1236/98/493 1235/97/492
f 1237/99/494 1208/67/466 1212/72/470
f 1212/72/470 1238/100/495 1237/99/494
f 1192/48/451 1208/67/466 1237/99/494
f 1237/99/494 1189/45/448 1192/48/451
f 1166/22/425 1165/21/424 1214/74/472
f 1214/74/472 1241/103/441 1166/22/425
f 1214/74/472 1157/13/417 1160/16/419
f 1160/16/419 1241/103/441 1214/74/472
f 1146/2/406 1240/102/496 1206/64/464
f 1206/64/464 1147/3/407 1146/2/406
f 1172/28/431 1171/27/430 1150/6/410
f 1150/6/410 1149/5/504 1172/28/431
f 1226/109/484 1209/110/467 1155/11/415
f 1155/11/415 1154/10/414 1226/109/484
f 1207/111/465 1229/90/487 1178/34/437
f 1178/34/437 1177/33/436 1207/111/465
f 1209/68/467 1168/24/427 1204/62/462
f 1204/62/462 1155/61/415 1209/68/467
f 1180/70/439 1172/28/431 1149/5/504
f 1149/5/504 1177/66/436 1180/70/439
f 1234/112/491 1148/4/408 1147/3/407
f 1147/3/407 1210/69/468 1234/112/491
f 1220/80/478 1247/113/502 1212/72/470
f 1212/72/470 1211/71/469 1220/80/478
f 1176/32/435 1175/114/434 1221/81/479
f 1221/81/479 1211/71/469 1176/32/435
f 1163/115/422 1179/35/438 1178/34/437
f 1178/34/437 1228/89/486 1163/115/422
f 1175/114/434 1226/109/484 1154/10/414
f 1154/10/414 1221/81/479 1175/114/434
f 1164/116/423 1163/115/422 1228/89/486
f 1228/89/486 1210/96/468 1164/116/423
f 1167/23/426 1240/102/496 1146/2/406
f 1146/2/406 1236/98/493 1167/23/426
f 1248/117/503 1151/7/411 1150/6/410
f 1150/6/410 1238/100/495 1248/117/503
f 1168/24/427 1167/23/426 1236/98/493
f 1236/98/493 1204/62/462 1168/24/427
f 1247/113/502 1248/117/503 1238/100/495
f 1238/100/495 1212/72/470 1247/113/502
f 1199/55/457 1233/94/490 1159/15/15
f 1159/15/15 1158/14/418 1199/55/457
f 1233/94/490 1246/108/501 1239/101/15
f 1239/101/15 1159/15/15 1233/94/490
f 1246/108/501 1232/93/489 1217/77/475
f 1217/77/475 1239/101/15 1246/108/501
f 1201/57/459 1200/56/458 1223/83/481
f 1223/83/481 1218/78/476 1201/57/459
f 1200/56/458 1243/105/498 1245/107/500
f 1245/107/500 1223/83/481 1200/56/458
f 1245/107/500 1243/105/498 1219/79/477
f 1219/79/477 1203/59/461 1245/107/500
f 1249/1/405 1250/2/406 1251/3/407
f 1251/3/407 1252/4/408 1249/1/405
f 1253/5/504 1254/6/410 1255/7/411
f 1255/7/411 1256/8/412 1253/5/504
f 1257/9/413 1258/10/414 1259/11/415
f 1259/11/415 1260/12/416 1257/9/413
f 1261/13/417 1262/14/418 1263/15/15
f 1263/15/15 1264/16/419 1261/13/417
f 1265/17/420 1266/18/421 1267/19/422
f 1267/19/422 1268/20/423 1265/17/420
f 1269/21/424 1270/22/425 1271/23/426
f 1271/23/426 1272/24/427 1269/21/424
f 1273/25/428 1274/26/429 1275/27/430
f 1275/27/430 1276/28/431 1273/25/428
f 1277/29/432 1278/30/433 1279/31/434
f 1279/31/434 1280/32/435 1277/29/432
f 1281/33/436 1282/34/437 1283/35/438
f 1283/35/438 1284/36/439 1281/33/436
f 1285/37/440 1286/38/441 1287/39/442
f 1287/39/442 1288/40/443 1285/37/440
f 1289/41/444 1290/42/445 1291/43/446
f 1291/43/446 1292/44/447 1289/41/444
f 1293/45/448 1294/46/449 1295/47/450
f 1295/47/450 1296/48/451 1293/45/448
f 1297/49/452 1298/50/453 1299/51/454
f 1299/51/454 1300/52/455 1297/49/452
f 1287/39/442 1286/38/441 1301/53/419
f 1301/53/419 1302/54/505 1287/39/442
f 1290/42/445 1303/55/457 1262/14/418
f 1262/14/418 1291/43/446 1290/42/445
f 1295/47/450 1294/46/449 1304/56/458
f 1304/56/458 1305/57/459 1295/47/450
f 1298/50/453 1306/58/460 1307/59/461
f 1307/59/461 1299/51/454 1298/50/453
f 1260/60/416 1259/61/415 1308/62/462
f 1308/62/462 1309/63/463 1260/60/416
f 1288/40/443 1265/17/420 1268/20/423
f 1268/20/423 1310/64/464 1288/40/443
f 1311/65/465 1281/66/436 1253/5/504
f 1253/5/504 1256/8/412 1311/65/465
f 1296/48/451 1277/29/432 1280/32/435
f 1280/32/435 1312/67/466 1296/48/451
f 1272/24/427 1313/68/467 1292/44/447
f 1292/44/447 1269/21/424 1272/24/427
f 1268/20/423 1314/69/468 1251/3/407
f 1251/3/407 1310/64/464 1268/20/423
f 1276/28/431 1284/70/439 1300/52/455
f 1300/52/455 1273/25/428 1276/28/431
f 1280/32/435 1315/71/469 1316/72/470
f 1316/72/470 1312/67/466 1280/32/435
f 1265/17/420 1288/40/443 1287/39/442
f 1287/39/442 1317/73/471 1265/17/420
f 1269/21/424 1292/44/447 1291/43/446
f 1291/43/446 1318/74/472 1269/21/424
f 1277/29/432 1296/48/451 1295/47/450
f 1295/47/450 1319/75/473 1277/29/432
f 1273/25/428 1300/52/455 1299/51/454
f 1299/51/454 1320/76/474 1273/25/428
f 1317/73/471 1287/39/442 1302/54/505
f 1302/54/505 1321/77/475 1317/73/471
f 1318/74/472 1291/43/446 1262/14/418
f 1262/14/418 1261/13/417 1318/74/472
f 1319/75/473 1295/47/450 1305/57/459
f 1305/57/459 1322/78/476 1319/75/473
f 1320/76/474 1299/51/454 1307/59/461
f 1307/59/461 1323/79/477 1320/76/474
f 1324/80/478 1315/71/469 1325/81/479
f 1325/81/479 1326/82/480 1324/80/478
f 1322/78/476 1327/83/481 1328/84/482
f 1328/84/482 1329/85/483 1322/78/476
f 1300/52/455 1284/70/439 1283/86/438
f 1283/86/438 1297/49/452 1300/52/455
f 1289/41/444 1330/87/484 1279/31/434
f 1279/31/434 1278/30/433 1289/41/444
f 1331/88/485 1332/89/486 1282/34/437
f 1282/34/437 1333/90/487 1331/88/485
f 1278/30/433 1277/29/432 1319/75/473
f 1319/75/473 1334/91/445 1278/30/433
f 1266/18/421 1335/92/488 1298/50/453
f 1298/50/453 1297/49/452 1266/18/421
f 1319/75/473 1322/78/476 1329/85/483
f 1329/85/483 1334/91/445 1319/75/473
f 1335/92/488 1336/93/489 1306/58/460
f 1306/58/460 1298/50/453 1335/92/488
f 1326/82/480 1325/81/479 1258/10/414
f 1258/10/414 1257/9/413 1326/82/480
f 1329/85/483 1328/84/482 1337/94/490
f 1337/94/490 1303/55/457 1329/85/483
f 1297/49/452 1283/86/438 1267/19/422
f 1267/19/422 1266/18/421 1297/49/452
f 1278/30/433 1334/91/445 1290/42/445
f 1290/42/445 1289/41/444 1278/30/433
f 1334/91/445 1329/85/483 1303/55/457
f 1303/55/457 1290/42/445 1334/91/445
f 1292/44/447 1313/68/467 1330/87/484
f 1330/87/484 1289/41/444 1292/44/447
f 1338/95/491 1314/96/468 1332/89/486
f 1332/89/486 1331/88/485 1338/95/491
f 1266/18/421 1265/17/420 1317/73/471
f 1317/73/471 1335/92/488 1266/18/421
f 1317/73/471 1321/77/475 1336/93/489
f 1336/93/489 1335/92/488 1317/73/471
f 1339/97/492 1340/98/493 1250/2/406
f 1250/2/406 1249/1/405 1339/97/492
f 1275/27/430 1341/99/494 1342/100/495
f 1342/100/495 1254/6/410 1275/27/430
f 1302/54/505 1301/53/419 1343/101/15
f 1343/101/15 1321/77/475 1302/54/505
f 1288/40/443 1310/64/464 1344/102/496
f 1344/102/496 1285/37/440 1288/40/443
f 1293/45/448 1341/99/494 1275/27/430
f 1275/27/430 1274/26/429 1293/45/448
f 1270/22/425 1345/103/441 1286/38/441
f 1286/38/441 1285/37/440 1270/22/425
f 1274/26/429 1273/25/428 1320/76/474
f 1320/76/474 1346/104/497 1274/26/429
f 1345/103/441 1264/16/419 1301/53/419
f 1301/53/419 1286/38/441 1345/103/441
f 1320/76/474 1323/79/477 1347/105/498
f 1347/105/498 1346/104/497 1320/76/474
f 1306/58/460 1348/106/499 1349/107/500
f 1349/107/500 1307/59/461 1306/58/460
f 1306/58/460 1336/93/489 1350/108/501
f 1350/108/501 1348/106/499 1306/58/460
f 1301/53/419 1264/16/419 1263/15/15
f 1263/15/15 1343/101/15 1301/53/419
f 1285/37/440 1344/102/496 1271/23/426
f 1271/23/426 1270/22/425 1285/37/440
f 1274/26/429 1346/104/497 1294/46/449
f 1294/46/449 1293/45/448 1274/26/429
f 1346/104/497 1347/105/498 1304/56/458
f 1304/56/458 1294/46/449 1346/104/497
f 1348/106/499 1328/84/482 1327/83/481
f 1327/83/481 1349/107/500 1348/106/499
f 1328/84/482 1348/106/499 1350/108/501
f 1350/108/501 1337/94/490 1328/84/482
f 1339/97/492 1309/63/463 1308/62/462
f 1308/62/462 1340/98/493 1339/97/492
f 1341/99/494 1312/67/466 1316/72/470
f 1316/72/470 1342/100/495 1341/99/494
f 1296/48/451 1312/67/466 1341/99/494
f 1341/99/494 1293/45/448 1296/48/451
f 1270/22/425 1269/21/424 1318/74/472
f 1318/74/472 1345/103/441 1270/22/425
f 1318/74/472 1261/13/417 1264/16/419
f 1264/16/419 1345/103/441 1318/74/472
f 1250/2/406 1344/102/496 1310/64/464
f 1310/64/464 1251/3/407 1250/2/406
f 1276/28/431 1275/27/430 1254/6/410
f 1254/6/410 1253/5/504 1276/28/431
f 1330/109/484 1313/110/467 1259/11/415
f 1259/11/415 1258/10/414 1330/109/484
f 1311/111/465 1333/90/487 1282/34/437
f 1282/34/437 1281/33/436 1311/111/465
f 1313/68/467 1272/24/427 1308/62/462
f 1308/62/462 1259/61/415 1313/68/467
f 1284/70/439 1276/28/431 1253/5/504
f 1253/5/504 1281/66/436 1284/70/439
f 1338/112/491 1252/4/408 1251/3/407
f 1251/3/407 1314/69/468 1338/112/491
f 1324/80/478 1351/113/502 1316/72/470
f 1316/72/470 1315/71/469 1324/80/478
f 1280/32/435 1279/114/434 1325/81/479
f 1325/81/479 1315/71/469 1280/32/435
f 1267/115/422 1283/35/438 1282/34/437
f 1282/34/437 1332/89/486 1267/115/422
f 1279/114/434 1330/109/484 1258/10/414
f 1258/10/414 1325/81/479 1279/114/434
f 1268/116/423 1267/115/422 1332/89/486
f 1332/89/486 1314/96/468 1268/116/423
f 1271/23/426 1344/102/496 1250/2/406
f 1250/2/406 1340/98/493 1271/23/426
f 1352/117/503 1255/7/411 1254/6/410
f 1254/6/410 1342/100/495 1352/117/503
f 1272/24/427 1271/23/426 1340/98/493
f 1340/98/493 1308/62/462 1272/24/427
f 1351/113/502 1352/117/503 1342/100/495
f 1342/100/495 1316/72/470 1351/113/502
f 1303/55/457 1337/94/490 1263/15/15
f 1263/15/15 1262/14/418 1303/55/457
f 1337/94/490 1350/108/501 1343/101/15
f 1343/101/15 1263/15/15 1337/94/490
f 1350/108/501 1336/93/489 1321/77/475
f 1321/77/475 1343/101/15 1350/108/501
f 1305/57/459 1304/56/458 1327/83/481
f 1327/83/481 1322/78/476 1305/57/459
f 1304/56/458 1347/105/498 1349/107/500
f 1349/107/500 1327/83/481 1304/56/458
f 1349/107/500 1347/105/498 1323/79/477
f 1323/79/477 1307/59/461 1349/107/500
f 1353/1/405 1354/2/406 1355/3/407
f 1355/3/407 1356/4/408 1353/1/405
f 1357/5/409 1358/6/410 1359/7/411
f 1359/7/411 1360/8/412 1357/5/409
f 1361/9/413 1362/10/414 1363/11/415
f 1363/11/415 1364/12/416 1361/9/413
f 1365/13/417 1366/14/418 1367/15/15
f 1367/15/15 1368/16/419 1365/13/417
f 1369/17/420 1370/18/506 1371/19/422
f 1371/19/422 1372/20/423 1369/17/420
f 1373/21/424 1374/22/425 1375/23/426
f 1375/23/426 1376/24/427 1373/21/424
f 1377/25/428 1378/26/429 1379/27/430
f 1379/27/430 1380/28/431 1377/25/428
f 1381/29/432 1382/30/433 1383/31/434
f 1383/31/434 1384/32/435 1381/29/432
f 1385/33/436 1386/34/437 1387/35/507
f 1387/35/507 1388/36/439 1385/33/436
f 1389/37/440 1390/38/441 1391/39/442
f 1391/39/442 1392/40/443 1389/37/440
f 1393/41/444 1394/42/445 1395/43/446
f 1395/43/446 1396/44/447 1393/41/444
f 1397/45/448 1398/46/449 1399/47/450
f 1399/47/450 1400/48/451 1397/45/448
f 1401/49/452 1402/50/453 1403/51/454
f 1403/51/454 1404/52/508 1401/49/452
f 1391/39/442 1390/38/441 1405/53/419
f 1405/53/419 1406/54/505 1391/39/442
f 1394/42/445 1407/55/457 1366/14/418
f 1366/14/418 1395/43/446 1394/42/445
f 1399/47/450 1398/46/449 1408/56/458
f 1408/56/458 1409/57/459 1399/47/450
f 1402/50/453 1410/58/460 1411/59/461
f 1411/59/461 1403/51/454 1402/50/453
f 1364/60/416 1363/61/415 1412/62/462
f 1412/62/462 1413/63/463 1364/60/416
f 1392/40/443 1369/17/420 1372/20/423
f 1372/20/423 1414/64/509 1392/40/443
f 1415/65/465 1385/66/436 1357/5/409
f 1357/5/409 1360/8/412 1415/65/465
f 1400/48/451 1381/29/432 1384/32/435
f 1384/32/435 1416/67/466 1400/48/451
f 1376/24/427 1417/68/467 1396/44/447
f 1396/44/447 1373/21/424 1376/24/427
f 1372/20/423 1418/69/468 1355/3/407
f 1355/3/407 1414/64/509 1372/20/423
f 1380/28/431 1388/70/439 1404/52/508
f 1404/52/508 1377/25/428 1380/28/431
f 1384/32/435 1419/71/469 1420/72/470
f 1420/72/470 1416/67/466 1384/32/435
f 1369/17/420 1392/40/443 1391/39/442
f 1391/39/442 1421/73/471 1369/17/420
f 1373/21/424 1396/44/447 1395/43/446
f 1395/43/446 1422/74/510 1373/21/424
f 1381/29/432 1400/48/451 1399/47/450
f 1399/47/450 1423/75/473 1381/29/432
f 1377/25/428 1404/52/508 1403/51/454
f 1403/51/454 1424/76/474 1377/25/428
f 1421/73/471 1391/39/442 1406/54/505
f 1406/54/505 1425/77/475 1421/73/471
f 1422/74/510 1395/43/446 1366/14/418
f 1366/14/418 1365/13/417 1422/74/510
f 1423/75/473 1399/47/450 1409/57/459
f 1409/57/459 1426/78/511 1423/75/473
f 1424/76/474 1403/51/454 1411/59/461
f 1411/59/461 1427/79/477 1424/76/474
f 1428/80/478 1419/71/469 1429/81/479
f 1429/81/479 1430/82/480 1428/80/478
f 1426/78/511 1431/83/481 1432/84/482
f 1432/84/482 1433/85/483 1426/78/511
f 1404/52/508 1388/70/439 1387/86/507
f 1387/86/507 1401/49/452 1404/52/508
f 1393/41/444 1434/87/484 1383/31/434
f 1383/31/434 1382/30/433 1393/41/444
f 1435/88/485 1436/89/486 1386/34/437
f 1386/34/437 1437/90/487 1435/88/485
f 1382/30/433 1381/29/432 1423/75/473
f 1423/75/473 1438/91/445 1382/30/433
f 1370/18/506 1439/92/488 1402/50/453
f 1402/50/453 1401/49/452 1370/18/506
f 1423/75/473 1426/78/511 1433/85/483
f 1433/85/483 1438/91/445 1423/75/473
f 1439/92/488 1440/93/489 1410/58/460
f 1410/58/460 1402/50/453 1439/92/488
f 1430/82/480 1429/81/479 1362/10/414
f 1362/10/414 1361/9/413 1430/82/480
f 1433/85/483 1432/84/482 1441/94/490
f 1441/94/490 1407/55/457 1433/85/483
f 1401/49/452 1387/86/507 1371/19/422
f 1371/19/422 1370/18/506 1401/49/452
f 1382/30/433 1438/91/445 1394/42/445
f 1394/42/445 1393/41/444 1382/30/433
f 1438/91/445 1433/85/483 1407/55/457
f 1407/55/457 1394/42/445 1438/91/445
f 1396/44/447 1417/68/467 1434/87/484
f 1434/87/484 1393/41/444 1396/44/447
f 1442/95/491 1418/96/468 1436/89/486
f 1436/89/486 1435/88/485 1442/95/491
f 1370/18/506 1369/17/420 1421/73/471
f 1421/73/471 1439/92/488 1370/18/506
f 1421/73/471 1425/77/475 1440/93/489
f 1440/93/489 1439/92/488 1421/73/471
f 1443/97/492 1444/98/493 1354/2/406
f 1354/2/406 1353/1/405 1443/97/492
f 1379/27/430 1445/99/494 1446/100/495
f 1446/100/495 1358/6/410 1379/27/430
f 1406/54/505 1405/53/419 1447/101/15
f 1447/101/15 1425/77/475 1406/54/505
f 1392/40/443 1414/64/509 1448/102/496
f 1448/102/496 1389/37/440 1392/40/443
f 1397/45/448 1445/99/494 1379/27/430
f 1379/27/430 1378/26/429 1397/45/448
f 1374/22/425 1449/103/441 1390/38/441
f 1390/38/441 1389/37/440 1374/22/425
f 1378/26/429 1377/25/428 1424/76/474
f 1424/76/474 1450/104/497 1378/26/429
f 1449/103/441 1368/16/419 1405/53/419
f 1405/53/419 1390/38/441 1449/103/441
f 1424/76/474 1427/79/477 1451/105/498
f 1451/105/498 1450/104/497 1424/76/474
f 1410/58/460 1452/106/499 1453/107/500
f 1453/107/500 1411/59/461 1410/58/460
f 1410/58/460 1440/93/489 1454/108/501
f 1454/108/501 1452/106/499 1410/58/460
f 1405/53/419 1368/16/419 1367/15/15
f 1367/15/15 1447/101/15 1405/53/419
f 1389/37/440 1448/102/496 1375/23/426
f 1375/23/426 1374/22/425 1389/37/440
f 1378/26/429 1450/104/497 1398/46/449
f 1398/46/449 1397/45/448 1378/26/429
f 1450/104/497 1451/105/498 1408/56/458
f 1408/56/458 1398/46/449 1450/104/497
f 1452/106/499 1432/84/482 1431/83/481
f 1431/83/481 1453/107/500 1452/106/499
f 1432/84/482 1452/106/499 1454/108/501
f 1454/108/501 1441/94/490 1432/84/482
f 1443/97/492 1413/63/463 1412/62/462
f 1412/62/462 1444/98/493 1443/97/492
f 1445/99/494 1416/67/466 1420/72/470
f 1420/72/470 1446/100/495 1445/99/494
f 1400/48/451 1416/67/466 1445/99/494
f 1445/99/494 1397/45/448 1400/48/451
f 1374/22/425 1373/21/424 1422/74/510
f 1422/74/510 1449/103/441 1374/22/425
f 1422/74/510 1365/13/417 1368/16/419
f 1368/16/419 1449/103/441 1422/74/510
f 1354/2/406 1448/102/496 1414/64/509
f 1414/64/509 1355/3/407 1354/2/406
f 1380/28/431 1379/27/430 1358/6/410
f 1358/6/410 1357/5/409 1380/28/431
f 1434/109/484 1417/110/467 1363/11/415
f 1363/11/415 1362/10/414 1434/109/484
f 1415/111/465 1437/90/487 1386/34/437
f 1386/34/437 1385/33/436 1415/111/465
f 1417/68/467 1376/24/427 1412/62/462
f 1412/62/462 1363/61/415 1417/68/467
f 1388/70/439 1380/28/431 1357/5/409
f 1357/5/409 1385/66/436 1388/70/439
f 1442/112/491 1356/4/408 1355/3/407
f 1355/3/407 1418/69/468 1442/112/491
f 1428/80/478 1455/113/502 1420/72/470
f 1420/72/470 1419/71/469 1428/80/478
f 1384/32/435 1383/114/434 1429/81/479
f 1429/81/479 1419/71/469 1384/32/435
f 1371/115/422 1387/35/507 1386/34/437
f 1386/34/437 1436/89/486 1371/115/422
f 1383/114/434 1434/109/484 1362/10/414
f 1362/10/414 1429/81/479 1383/114/434
f 1372/116/423 1371/115/422 1436/89/486
f 1436/89/486 1418/96/468 1372/116/423
f 1375/23/426 1448/102/496 1354/2/406
f 1354/2/406 1444/98/493 1375/23/426
f 1456/117/503 1359/7/411 1358/6/410
f 1358/6/410 1446/100/495 1456/117/503
f 1376/24/427 1375/23/426 1444/98/493
f 1444/98/493 1412/62/462 1376/24/427
f 1455/113/502 1456/117/503 1446/100/495
f 1446/100/495 1420/72/470 1455/113/502
f 1407/55/457 1441/94/490 1367/15/15
f 1367/15/15 1366/14/418 1407/55/457
f 1441/94/490 1454/108/501 1447/101/15
f 1447/101/15 1367/15/15 1441/94/490
f 1454/108/501 1440/93/489 1425/77/475
f 1425/77/475 1447/101/15 1454/108/501
f 1409/57/459 1408/56/458 1431/83/481
f 1431/83/481 1426/78/511 1409/57/459
f 1408/56/458 1451/105/498 1453/107/500
f 1453/107/500 1431/83/481 1408/56/458
f 1453/107/500 1451/105/498 1427/79/477
f 1427/79/477 1411/59/461 1453/107/500
f 1457/1/405 1458/2/406 1459/3/407
f 1459/3/407 1460/4/408 1457/1/405
f 1461/5/409 1462/6/410 1463/7/411
f 1463/7/411 1464/8/412 1461/5/409
f 1465/9/413 1466/10/414 1467/11/415
f 1467/11/415 1468/12/416 1465/9/413
f 1469/13/417 1470/14/418 1471/15/15
f 1471/15/15 1472/16/419 1469/13/417
f 1473/17/420 1474/18/506 1475/19/422
f 1475/19/422 1476/20/423 1473/17/420
f 1477/21/424 1478/22/425 1479/23/426
f 1479/23/426 1480/24/427 1477/21/424
f 1481/25/428 1482/26/429 1483/27/430
f 1483/27/430 1484/28/431 1481/25/428
f 1485/29/432 1486/30/433 1487/31/434
f 1487/31/434 1488/32/435 1485/29/432
f 1489/33/436 1490/34/437 1491/35/438
f 1491/35/438 1492/36/439 1489/33/436
f 1493/37/440 1494/38/441 1495/39/442
f 1495/39/442 1496/40/512 1493/37/440
f 1497/41/444 1498/42/445 1499/43/513
f 1499/43/513 1500/44/447 1497/41/444
f 1501/45/448 1502/46/449 1503/47/450
f 1503/47/450 1504/48/451 1501/45/448
f 1505/49/452 1506/50/453 1507/51/454
f 1507/51/454 1508/52/508 1505/49/452
f 1495/39/442 1494/38/441 1509/53/419
f 1509/53/419 1510/54/505 1495/39/442
f 1498/42/445 1511/55/457 1470/14/418
f 1470/14/418 1499/43/513 1498/42/445
f 1503/47/450 1502/46/449 1512/56/458
f 1512/56/458 1513/57/459 1503/47/450
f 1506/50/453 1514/58/460 1515/59/461
f 1515/59/461 1507/51/454 1506/50/453
f 1468/60/416 1467/61/415 1516/62/462
f 1516/62/462 1517/63/463 1468/60/416
f 1496/40/512 1473/17/420 1476/20/423
f 1476/20/423 1518/64/509 1496/40/512
f 1519/65/465 1489/66/436 1461/5/409
f 1461/5/409 1464/8/412 1519/65/465
f 1504/48/451 1485/29/432 1488/32/435
f 1488/32/435 1520/67/514 1504/48/451
f 1480/24/427 1521/68/467 1500/44/447
f 1500/44/447 1477/21/424 1480/24/427
f 1476/20/423 1522/69/468 1459/3/407
f 1459/3/407 1518/64/509 1476/20/423
f 1484/28/431 1492/70/439 1508/52/508
f 1508/52/508 1481/25/428 1484/28/431
f 1488/32/435 1523/71/515 1524/72/470
f 1524/72/470 1520/67/514 1488/32/435
f 1473/17/420 1496/40/512 1495/39/442
f 1495/39/442 1525/73/471 1473/17/420
f 1477/21/424 1500/44/447 1499/43/513
f 1499/43/513 1526/74/510 1477/21/424
f 1485/29/432 1504/48/451 1503/47/450
f 1503/47/450 1527/75/473 1485/29/432
f 1481/25/428 1508/52/508 1507/51/454
f 1507/51/454 1528/76/474 1481/25/428
f 1525/73/471 1495/39/442 1510/54/505
f 1510/54/505 1529/77/475 1525/73/471
f 1526/74/510 1499/43/513 1470/14/418
f 1470/14/418 1469/13/417 1526/74/510
f 1527/75/473 1503/47/450 1513/57/459
f 1513/57/459 1530/78/476 1527/75/473
f 1528/76/474 1507/51/454 1515/59/461
f 1515/59/461 1531/79/477 1528/76/474
f 1532/80/478 1523/71/515 1533/81/479
f 1533/81/479 1534/82/480 1532/80/478
f 1530/78/476 1535/83/481 1536/84/482
f 1536/84/482 1537/85/516 1530/78/476
f 1508/52/508 1492/70/439 1491/86/438
f 1491/86/438 1505/49/452 1508/52/508
f 1497/41/444 1538/87/484 1487/31/434
f 1487/31/434 1486/30/433 1497/41/444
f 1539/88/485 1540/89/486 1490/34/437
f 1490/34/437 1541/90/487 1539/88/485
f 1486/30/433 1485/29/432 1527/75/473
f 1527/75/473 1542/91/517 1486/30/433
f 1474/18/506 1543/92/488 1506/50/453
f 1506/50/453 1505/49/452 1474/18/506
f 1527/75/473 1530/78/476 1537/85/516
f 1537/85/516 1542/91/517 1527/75/473
f 1543/92/488 1544/93/489 1514/58/460
f 1514/58/460 1506/50/453 1543/92/488
f 1534/82/480 1533/81/479 1466/10/414
f 1466/10/414 1465/9/413 1534/82/480
f 1537/85/516 1536/84/482 1545/94/490
f 1545/94/490 1511/55/457 1537/85/516
f 1505/49/452 1491/86/438 1475/19/422
f 1475/19/422 1474/18/506 1505/49/452
f 1486/30/433 1542/91/517 1498/42/445
f 1498/42/445 1497/41/444 1486/30/433
f 1542/91/517 1537/85/516 1511/55/457
f 1511/55/457 1498/42/445 1542/91/517
f 1500/44/447 1521/68/467 1538/87/484
f 1538/87/484 1497/41/444 1500/44/447
f 1546/95/491 1522/96/468 1540/89/486
f 1540/89/486 1539/88/485 1546/95/491
f 1474/18/506 1473/17/420 1525/73/471
f 1525/73/471 1543/92/488 1474/18/506
f 1525/73/471 1529/77/475 1544/93/489
f 1544/93/489 1543/92/488 1525/73/471
f 1547/97/492 1548/98/493 1458/2/406
f 1458/2/406 1457/1/405 1547/97/492
f 1483/27/430 1549/99/494 1550/100/495
f 1550/100/495 1462/6/410 1483/27/430
f 1510/54/505 1509/53/419 1551/101/15
f 1551/101/15 1529/77/475 1510/54/505
f 1496/40/512 1518/64/509 1552/102/496
f 1552/102/496 1493/37/440 1496/40/512
f 1501/45/448 1549/99/494 1483/27/430
f 1483/27/430 1482/26/429 1501/45/448
f 1478/22/425 1553/103/441 1494/38/441
f 1494/38/441 1493/37/440 1478/22/425
f 1482/26/429 1481/25/428 1528/76/474
f 1528/76/474 1554/104/497 1482/26/429
f 1553/103/441 1472/16/419 1509/53/419
f 1509/53/419 1494/38/441 1553/103/441
f 1528/76/474 1531/79/477 1555/105/498
f 1555/105/498 1554/104/497 1528/76/474
f 1514/58/460 1556/106/499 1557/107/500
f 1557/107/500 1515/59/461 1514/58/460
f 1514/58/460 1544/93/489 1558/108/501
f 1558/108/501 1556/106/499 1514/58/460
f 1509/53/419 1472/16/419 1471/15/15
f 1471/15/15 1551/101/15 1509/53/419
f 1493/37/440 1552/102/496 1479/23/426
f 1479/23/426 1478/22/425 1493/37/440
f 1482/26/429 1554/104/497 1502/46/449
f 1502/46/449 1501/45/448 1482/26/429
f 1554/104/497 1555/105/498 1512/56/458
f 1512/56/458 1502/46/449 1554/104/497
f 1556/106/499 1536/84/482 1535/83/481
f 1535/83/481 1557/107/500 1556/106/499
f 1536/84/482 1556/106/499 1558/108/501
f 1558/108/501 1545/94/490 1536/84/482
f 1547/97/492 1517/63/463 1516/62/462
f 1516/62/462 1548/98/493 1547/97/492
f 1549/99/494 1520/67/514 1524/72/470
f 1524/72/470 1550/100/495 1549/99/494
f 1504/48/451 1520/67/514 1549/99/494
f 1549/99/494 1501/45/448 1504/48/451
f 1478/22/425 1477/21/424 1526/74/510
f 1526/74/510 1553/103/441 1478/22/425
f 1526/74/510 1469/13/417 1472/16/419
f 1472/16/419 1553/103/441 1526/74/510
f 1458/2/406 1552/102/496 1518/64/509
f 1518/64/509 1459/3/407 1458/2/406
f 1484/28/431 1483/27/430 1462/6/410
f 1462/6/410 1461/5/409 1484/28/431
f 1538/109/484 1521/110/467 1467/11/415
f 1467/11/415 1466/10/414 1538/109/484
f 1519/111/465 1541/90/487 1490/34/437
f 1490/34/437 1489/33/436 1519/111/465
f 1521/68/467 1480/24/427 1516/62/462
f 1516/62/462 1467/61/415 1521/68/467
f 1492/70/439 1484/28/431 1461/5/409
f 1461/5/409 1489/66/436 1492/70/439
f 1546/112/491 1460/4/408 1459/3/407
f 1459/3/407 1522/69/468 1546/112/491
f 1532/80/478 1559/113/502 1524/72/470
f 1524/72/470 1523/71/515 1532/80/478
f 1488/32/435 1487/114/434 1533/81/479
f 1533/81/479 1523/71/515 1488/32/435
f 1475/115/422 1491/35/438 1490/34/437
f 1490/34/437 1540/89/486 1475/115/422
f 1487/114/434 1538/109/484 1466/10/414
f 1466/10/414 1533/81/479 1487/114/434
f 1476/116/423 1475/115/422 1540/89/486
f 1540/89/486 1522/96/468 1476/116/423
f 1479/23/426 1552/102/496 1458/2/406
f 1458/2/406 1548/98/493 1479/23/426
f 1560/117/503 1463/7/411 1462/6/410
f 1462/6/410 1550/100/495 1560/117/503
f 1480/24/427 1479/23/426 1548/98/493
f 1548/98/493 1516/62/462 1480/24/427
f 1559/113/502 1560/117/503 1550/100/495
f 1550/100/495 1524/72/470 1559/113/502
f 1511/55/457 1545/94/490 1471/15/15
f 1471/15/15 1470/14/418 1511/55/457
f 1545/94/490 1558/108/501 1551/101/15
f 1551/101/15 1471/15/15 1545/94/490
f 1558/108/501 1544/93/489 1529/77/475
f 1529/77/475 1551/101/15 1558/108/501
f 1513/57/459 1512/56/458 1535/83/481
f 1535/83/481 1530/78/476 1513/57/459
f 1512/56/458 1555/105/498 1557/107/500
f 1557/107/500 1535/83/481 1512/56/458
f 1557/107/500 1555/105/498 1531/79/477
f 1531/79/477 1515/59/461 1557/107/500
f 1561/1/405 1562/2/406 1563/3/407
f 1563/3/407 1564/4/408 1561/1/405
f 1565/5/409 1566/6/410 1567/7/411
f 1567/7/411 1568/8/412 1565/5/409
f 1569/9/413 1570/10/414 1571/11/415
f 1571/11/415 1572/12/416 1569/9/413
f 1573/13/417 1574/14/418 1575/15/15
f 1575/15/15 1576/16/419 1573/13/417
f 1577/17/420 1578/18/506 1579/19/422
f 1579/19/422 1580/20/423 1577/17/420
f 1581/21/424 1582/22/425 1583/23/426
f 1583/23/426 1584/24/427 1581/21/424
f 1585/25/428 1586/26/429 1587/27/430
f 1587/27/430 1588/28/431 1585/25/428
f 1589/29/432 1590/30/433 1591/31/434
f 1591/31/434 1592/32/435 1589/29/432
f 1593/33/436 1594/34/437 1595/35/438
f 1595/35/438 1596/36/439 1593/33/436
f 1597/37/440 1598/38/441 1599/39/442
f 1599/39/442 1600/40/512 1597/37/440
f 1601/41/444 1602/42/445 1603/43/513
f 1603/43/513 1604/44/447 1601/41/444
f 1605/45/448 1606/46/449 1607/47/450
f 1607/47/450 1608/48/451 1605/45/448
f 1609/49/452 1610/50/453 1611/51/454
f 1611/51/454 1612/52/508 1609/49/452
f 1599/39/442 1598/38/441 1613/53/419
f 1613/53/419 1614/54/456 1599/39/442
f 1602/42/445 1615/55/457 1574/14/418
f 1574/14/418 1603/43/513 1602/42/445
f 1607/47/450 1606/46/449 1616/56/458
f 1616/56/458 1617/57/459 1607/47/450
f 1610/50/453 1618/58/460 1619/59/461
f 1619/59/461 1611/51/454 1610/50/453
f 1572/60/416 1571/61/415 1620/62/462
f 1620/62/462 1621/63/463 1572/60/416
f 1600/40/512 1577/17/420 1580/20/423
f 1580/20/423 1622/64/509 1600/40/512
f 1623/65/465 1593/66/436 1565/5/409
f 1565/5/409 1568/8/412 1623/65/465
f 1608/48/451 1589/29/432 1592/32/435
f 1592/32/435 1624/67/466 1608/48/451
f 1584/24/427 1625/68/467 1604/44/447
f 1604/44/447 1581/21/424 1584/24/427
f 1580/20/423 1626/69/468 1563/3/407
f 1563/3/407 1622/64/509 1580/20/423
f 1588/28/431 1596/70/439 1612/52/508
f 1612/52/508 1585/25/428 1588/28/431
f 1592/32/435 1627/71/469 1628/72/470
f 1628/72/470 1624/67/466 1592/32/435
f 1577/17/420 1600/40/512 1599/39/442
f 1599/39/442 1629/73/471 1577/17/420
f 1581/21/424 1604/44/447 1603/43/513
f 1603/43/513 1630/74/510 1581/21/424
f 1589/29/432 1608/48/451 1607/47/450
f 1607/47/450 1631/75/473 1589/29/432
f 1585/25/428 1612/52/508 1611/51/454
f 1611/51/454 1632/76/474 1585/25/428
f 1629/73/471 1599/39/442 1614/54/456
f 1614/54/456 1633/77/475 1629/73/471
f 1630/74/510 1603/43/513 1574/14/418
f 1574/14/418 1573/13/417 1630/74/510
f 1631/75/473 1607/47/450 1617/57/459
f 1617/57/459 1634/78/476 1631/75/473
f 1632/76/474 1611/51/454 1619/59/461
f 1619/59/461 1635/79/518 1632/76/474
f 1636/80/478 1627/71/469 1637/81/479
f 1637/81/479 1638/82/480 1636/80/478
f 1634/78/476 1639/83/481 1640/84/482
f 1640/84/482 1641/85/483 1634/78/476
f 1612/52/508 1596/70/439 1595/86/438
f 1595/86/438 1609/49/452 1612/52/508
f 1601/41/444 1642/87/484 1591/31/434
f 1591/31/434 1590/30/433 1601/41/444
f 1643/88/485 1644/89/486 1594/34/437
f 1594/34/437 1645/90/487 1643/88/485
f 1590/30/433 1589/29/432 1631/75/473
f 1631/75/473 1646/91/517 1590/30/433
f 1578/18/506 1647/92/488 1610/50/453
f 1610/50/453 1609/49/452 1578/18/506
f 1631/75/473 1634/78/476 1641/85/483
f 1641/85/483 1646/91/517 1631/75/473
f 1647/92/488 1648/93/489 1618/58/460
f 1618/58/460 1610/50/453 1647/92/488
f 1638/82/480 1637/81/479 1570/10/414
f 1570/10/414 1569/9/413 1638/82/480
f 1641/85/483 1640/84/482 1649/94/490
f 1649/94/490 1615/55/457 1641/85/483
f 1609/49/452 1595/86/438 1579/19/422
f 1579/19/422 1578/18/506 1609/49/452
f 1590/30/433 1646/91/517 1602/42/445
f 1602/42/445 1601/41/444 1590/30/433
f 1646/91/517 1641/85/483 1615/55/457
f 1615/55/457 1602/42/445 1646/91/517
f 1604/44/447 1625/68/467 1642/87/484
f 1642/87/484 1601/41/444 1604/44/447
f 1650/95/491 1626/96/468 1644/89/486
f 1644/89/486 1643/88/485 1650/95/491
f 1578/18/506 1577/17/420 1629/73/471
f 1629/73/471 1647/92/488 1578/18/506
f 1629/73/471 1633/77/475 1648/93/489
f 1648/93/489 1647/92/488 1629/73/471
f 1651/97/492 1652/98/493 1562/2/406
f 1562/2/406 1561/1/405 1651/97/492
f 1587/27/430 1653/99/494 1654/100/495
f 1654/100/495 1566/6/410 1587/27/430
f 1614/54/456 1613/53/419 1655/101/15
f 1655/101/15 1633/77/475 1614/54/456
f 1600/40/512 1622/64/509 1656/102/496
f 1656/102/496 1597/37/440 1600/40/512
f 1605/45/448 1653/99/494 1587/27/430
f 1587/27/430 1586/26/429 1605/45/448
f 1582/22/425 1657/103/441 1598/38/441
f 1598/38/441 1597/37/440 1582/22/425
f 1586/26/429 1585/25/428 1632/76/474
f 1632/76/474 1658/104/497 1586/26/429
f 1657/103/441 1576/16/419 1613/53/419
f 1613/53/419 1598/38/441 1657/103/441
f 1632/76/474 1635/79/518 1659/105/498
f 1659/105/498 1658/104/497 1632/76/474
f 1618/58/460 1660/106/499 1661/107/500
f 1661/107/500 1619/59/461 1618/58/460
f 1618/58/460 1648/93/489 1662/108/501
f 1662/108/501 1660/106/499 1618/58/460
f 1613/53/419 1576/16/419 1575/15/15
f 1575/15/15 1655/101/15 1613/53/419
f 1597/37/440 1656/102/496 1583/23/426
f 1583/23/426 1582/22/425 1597/37/440
f 1586/26/429 1658/104/497 1606/46/449
f 1606/46/449 1605/45/448 1586/26/429
f 1658/104/497 1659/105/498 1616/56/458
f 1616/56/458 1606/46/449 1658/104/497
f 1660/106/499 1640/84/482 1639/83/481
f 1639/83/481 1661/107/500 1660/106/499
f 1640/84/482 1660/106/499 1662/108/501
f 1662/108/501 1649/94/490 1640/84/482
f 1651/97/492 1621/63/463 1620/62/462
f 1620/62/462 1652/98/493 1651/97/492
f 1653/99/494 1624/67/466 1628/72/470
f 1628/72/470 1654/100/495 1653/99/494
f 1608/48/451 1624/67/466 1653/99/494
f 1653/99/494 1605/45/448 1608/48/451
f 1582/22/425 1581/21/424 1630/74/510
f 1630/74/510 1657/103/441 1582/22/425
f 1630/74/510 1573/13/417 1576/16/419
f 1576/16/419 1657/103/441 1630/74/510
f 1562/2/406 1656/102/496 1622/64/509
f 1622/64/509 1563/3/407 1562/2/406
f 1588/28/431 1587/27/430 1566/6/410
f 1566/6/410 1565/5/409 1588/28/431
f 1642/109/484 1625/110/467 1571/11/415
f 1571/11/415 1570/10/414 1642/109/484
f 1623/111/465 1645/90/487 1594/34/437
f 1594/34/437 1593/33/436 1623/111/465
f 1625/68/467 1584/24/427 1620/62/462
f 1620/62/462 1571/61/415 1625/68/467
f 1596/70/439 1588/28/431 1565/5/409
f 1565/5/409 1593/66/436 1596/70/439
f 1650/112/491 1564/4/408 1563/3/407
f 1563/3/407 1626/69/468 1650/112/491
f 1636/80/478 1663/113/502 1628/72/470
f 1628/72/470 1627/71/469 1636/80/478
f 1592/32/435 1591/114/434 1637/81/479
f 1637/81/479 1627/71/469 1592/32/435
f 1579/115/422 1595/35/438 1594/34/437
f 1594/34/437 1644/89/486 1579/115/422
f 1591/114/434 1642/109/484 1570/10/414
f 1570/10/414 1637/81/479 1591/114/434
f 1580/116/423 1579/115/422 1644/89/486
f 1644/89/486 1626/96/468 1580/116/423
f 1583/23/426 1656/102/496 1562/2/406
f 1562/2/406 1652/98/493 1583/23/426
f 1664/117/503 1567/7/411 1566/6/410
f 1566/6/410 1654/100/495 1664/117/503
f 1584/24/427 1583/23/426 1652/98/493
f 1652/98/493 1620/62/462 1584/24/427
f 1663/113/502 1664/117/503 1654/100/495
f 1654/100/495 1628/72/470 1663/113/502
f 1615/55/457 1649/94/490 1575/15/15
f 1575/15/15 1574/14/418 1615/55/457
f 1649/94/490 1662/108/501 1655/101/15
f 1655/101/15 1575/15/15 1649/94/490
f 1662/108/501 1648/93/489 1633/77/475
f 1633/77/475 1655/101/15 1662/108/501
f 1617/57/459 1616/56/458 1639/83/481
f 1639/83/481 1634/78/476 1617/57/459
f 1616/56/458 1659/105/498 1661/107/500
f 1661/107/500 1639/83/481 1616/56/458
f 1661/107/500 1659/105/498 1635/79/518
f 1635/79/518 1619/59/461 1661/107/500
f 1665/1/303 1666/2/208 1667/3/209
f 1667/3/209 1668/4/210 1665/1/303
f 1669/5/211 1670/6/212 1671/7/213
f 1671/7/213 1672/8/214 1669/5/211
f 1673/9/215 1674/10/216 1675/11/519
f 1675/11/519 1676/12/304 1673/9/215
f 1677/13/305 1678/14/220 1679/15/15
f 1679/15/15 1680/16/221 1677/13/305
f 1681/17/222 1682/18/223 1683/19/224
f 1683/19/224 1684/20/225 1681/17/222
f 1685/21/25 1686/22/226 1687/23/227
f 1687/23/227 1688/24/228 1685/21/25
f 1689/25/21 1690/26/229 1691/27/230
f 1691/27/230 1692/28/231 1689/25/21
f 1693/29/102 1694/30/232 1695/31/233
f 1695/31/233 1696/32/234 1693/29/102
f 1697/33/235 1698/34/236 1699/35/237
f 1699/35/237 1700/36/238 1697/33/235
f 1701/37/239 1702/38/240 1703/39/241
f 1703/39/241 1704/40/242 1701/37/239
f 1705/41/243 1706/42/244 1707/43/245
f 1707/43/245 1708/44/246 1705/41/243
f 1709/45/247 1710/46/248 1711/47/249
f 1711/47/249 1712/48/306 1709/45/247
f 1713/49/251 1714/50/252 1715/51/520
f 1715/51/520 1716/52/254 1713/49/251
f 1703/39/241 1702/38/240 1717/53/221
f 1717/53/221 1718/54/255 1703/39/241
f 1706/42/244 1719/55/256 1678/14/220
f 1678/14/220 1707/43/245 1706/42/244
f 1711/47/249 1710/46/248 1720/56/257
f 1720/56/257 1721/57/258 1711/47/249
f 1714/50/252 1722/58/259 1723/59/260
f 1723/59/260 1715/51/520 1714/50/252
f 1676/60/304 1675/61/519 1724/62/261
f 1724/62/261 1725/63/262 1676/60/304
f 1704/40/242 1681/17/222 1684/20/225
f 1684/20/225 1726/64/263 1704/40/242
f 1727/65/264 1697/66/235 1669/5/211
f 1669/5/211 1672/8/214 1727/65/264
f 1712/48/306 1693/29/102 1696/32/234
f 1696/32/234 1728/67/265 1712/48/306
f 1688/24/228 1729/68/266 1708/44/246
f 1708/44/246 1685/21/25 1688/24/228
f 1684/20/225 1730/69/267 1667/3/209
f 1667/3/209 1726/64/263 1684/20/225
f 1692/28/231 1700/70/238 1716/52/254
f 1716/52/254 1689/25/21 1692/28/231
f 1696/32/234 1731/71/268 1732/72/269
f 1732/72/269 1728/67/265 1696/32/234
f 1681/17/222 1704/40/242 1703/39/241
f 1703/39/241 1733/73/270 1681/17/222
f 1685/21/25 1708/44/246 1707/43/245
f 1707/43/245 1734/74/271 1685/21/25
f 1693/29/102 1712/48/306 1711/47/249
f 1711/47/249 1735/75/272 1693/29/102
f 1689/25/21 1716/52/254 1715/51/520
f 1715/51/520 1736/76/273 1689/25/21
f 1733/73/270 1703/39/241 1718/54/255
f 1718/54/255 1737/77/274 1733/73/270
f 1734/74/271 1707/43/245 1678/14/220
f 1678/14/220 1677/13/305 1734/74/271
f 1735/75/272 1711/47/249 1721/57/258
f 1721/57/258 1738/78/521 1735/75/272
f 1736/76/273 1715/51/520 1723/59/260
f 1723/59/260 1739/79/276 1736/76/273
f 1740/80/277 1731/71/268 1741/81/278
f 1741/81/278 1742/82/279 1740/80/277
f 1738/78/521 1743/83/280 1744/84/281
f 1744/84/281 1745/85/282 1738/78/521
f 1716/52/254 1700/70/238 1699/86/237
f 1699/86/237 1713/49/251 1716/52/254
f 1705/41/243 1746/87/283 1695/31/233
f 1695/31/233 1694/30/232 1705/41/243
f 1747/88/284 1748/89/285 1698/34/236
f 1698/34/236 1749/90/286 1747/88/284
f 1694/30/232 1693/29/102 1735/75/272
f 1735/75/272 1750/91/244 1694/30/232
f 1682/18/223 1751/92/287 1714/50/252
f 1714/50/252 1713/49/251 1682/18/223
f 1735/75/272 1738/78/521 1745/85/282
f 1745/85/282 1750/91/244 1735/75/272
f 1751/92/287 1752/93/288 1722/58/259
f 1722/58/259 1714/50/252 1751/92/287
f 1742/82/279 1741/81/278 1674/10/216
f 1674/10/216 1673/9/215 1742/82/279
f 1745/85/282 1744/84/281 1753/94/289
f 1753/94/289 1719/55/256 1745/85/282
f 1713/49/251 1699/86/237 1683/19/224
f 1683/19/224 1682/18/223 1713/49/251
f 1694/30/232 1750/91/244 1706/42/244
f 1706/42/244 1705/41/243 1694/30/232
f 1750/91/244 1745/85/282 1719/55/256
f 1719/55/256 1706/42/244 1750/91/244
f 1708/44/246 1729/68/266 1746/87/283
f 1746/87/283 1705/41/243 1708/44/246
f 1754/95/290 1730/96/267 1748/89/285
f 1748/89/285 1747/88/284 1754/95/290
f 1682/18/223 1681/17/222 1733/73/270
f 1733/73/270 1751/92/287 1682/18/223
f 1733/73/270 1737/77/274 1752/93/288
f 1752/93/288 1751/92/287 1733/73/270
f 1755/97/291 1756/98/292 1666/2/208
f 1666/2/208 1665/1/303 1755/97/291
f 1691/27/230 1757/99/293 1758/100/294
f 1758/100/294 1670/6/212 1691/27/230
f 1718/54/255 1717/53/221 1759/101/15
f 1759/101/15 1737/77/274 1718/54/255
f 1704/40/242 1726/64/263 1760/102/295
f 1760/102/295 1701/37/239 1704/40/242
f 1709/45/247 1757/99/293 1691/27/230
f 1691/27/230 1690/26/229 1709/45/247
f 1686/22/226 1761/103/240 1702/38/240
f 1702/38/240 1701/37/239 1686/22/226
f 1690/26/229 1689/25/21 1736/76/273
f 1736/76/273 1762/104/296 1690/26/229
f 1761/103/240 1680/16/221 1717/53/221
f 1717/53/221 1702/38/240 1761/103/240
f 1736/76/273 1739/79/276 1763/105/297
f 1763/105/297 1762/104/296 1736/76/273
f 1722/58/259 1764/106/298 1765/107/299
f 1765/107/299 1723/59/260 1722/58/259
f 1722/58/259 1752/93/288 1766/108/300
f 1766/108/300 1764/106/298 1722/58/259
f 1717/53/221 1680/16/221 1679/15/15
f 1679/15/15 1759/101/15 1717/53/221
f 1701/37/239 1760/102/295 1687/23/227
f 1687/23/227 1686/22/226 1701/37/239
f 1690/26/229 1762/104/296 1710/46/248
f 1710/46/248 1709/45/247 1690/26/229
f 1762/104/296 1763/105/297 1720/56/257
f 1720/56/257 1710/46/248 1762/104/296
f 1764/106/298 1744/84/281 1743/83/280
f 1743/83/280 1765/107/299 1764/106/298
f 1744/84/281 1764/106/298 1766/108/300
f 1766/108/300 1753/94/289 1744/84/281
f 1755/97/291 1725/63/262 1724/62/261
f 1724/62/261 1756/98/292 1755/97/291
f 1757/99/293 1728/67/265 1732/72/269
f 1732/72/269 1758/100/294 1757/99/293
f 1712/48/306 1728/67/265 1757/99/293
f 1757/99/293 1709/45/247 1712/48/306
f 1686/22/226 1685/21/25 1734/74/271
f 1734/74/271 1761/103/240 1686/22/226
f 1734/74/271 1677/13/305 1680/16/221
f 1680/16/221 1761/103/240 1734/74/271
f 1666/2/208 1760/102/295 1726/64/263
f 1726/64/263 1667/3/209 1666/2/208
f 1692/28/231 1691/27/230 1670/6/212
f 1670/6/212 1669/5/211 1692/28/231
f 1746/109/283 1729/110/266 1675/11/519
f 1675/11/519 1674/10/216 1746/109/283
f 1727/111/264 1749/90/286 1698/34/236
f 1698/34/236 1697/33/235 1727/111/264
f 1729/68/266 1688/24/228 1724/62/261
f 1724/62/261 1675/61/519 1729/68/266
f 1700/70/238 1692/28/231 1669/5/211
f 1669/5/211 1697/66/235 1700/70/238
f 1754/112/290 1668/4/210 1667/3/209
f 1667/3/209 1730/69/267 1754/112/290
f 1740/80/277 1767/113/301 1732/72/269
f 1732/72/269 1731/71/268 1740/80/277
f 1696/32/234 1695/114/233 1741/81/278
f 1741/81/278 1731/71/268 1696/32/234
f 1683/115/224 1699/35/237 1698/34/236
f 1698/34/236 1748/89/285 1683/115/224
f 1695/114/233 1746/109/283 1674/10/216
f 1674/10/216 1741/81/278 1695/114/233
f 1684/116/225 1683/115/224 1748/89/285
f 1748/89/285 1730/96/267 1684/116/225
f 1687/23/227 1760/102/295 1666/2/208
f 1666/2/208 1756/98/292 1687/23/227
f 1768/117/302 1671/7/213 1670/6/212
f 1670/6/212 1758/100/294 1768/117/302
f 1688/24/228 1687/23/227 1756/98/292
f 1756/98/292 1724/62/261 1688/24/228
f 1767/113/301 1768/117/302 1758/100/294
f 1758/100/294 1732/72/269 1767/113/301
f 1719/55/256 1753/94/289 1679/15/15
f 1679/15/15 1678/14/220 1719/55/256
f 1753/94/289 1766/108/300 1759/101/15
f 1759/101/15 1679/15/15 1753/94/289
f 1766/108/300 1752/93/288 1737/77/274
f 1737/77/274 1759/101/15 1766/108/300
f 1721/57/258 1720/56/257 1743/83/280
f 1743/83/280 1738/78/521 1721/57/258
f 1720/56/257 1763/105/297 1765/107/299
f 1765/107/299 1743/83/280 1720/56/257
f 1765/107/299 1763/105/297 1739/79/276
f 1739/79/276 1723/59/260 1765/107/299
