# Blender 4.5.0
# www.blender.org
g medium_wall.xml.292_Mesh
v -246.498047 -53.162827 13.842255
v -246.518799 -46.671928 13.434212
v -246.964264 -46.671928 13.528721
v -247.043182 -53.162827 13.718327
v -246.913910 -46.671928 9.320152
v -246.526306 -46.671928 9.229511
v -246.632874 -53.162827 9.130550
v -247.043182 -53.162827 9.130550
v -237.696136 -53.162827 12.717575
v -237.768524 -46.671928 12.454903
v -237.785797 -46.671928 13.376747
v -237.730682 -53.162827 13.566395
v -238.207825 -40.256004 12.757553
v -238.166107 -40.256004 12.617344
v -238.453979 -40.256004 12.617344
v -238.453308 -40.256004 12.757553
v -246.913391 -39.946770 13.048859
v -246.913391 -39.946770 12.192230
v -246.975494 -40.181030 12.192230
v -246.975494 -40.181030 13.187103
v -238.052368 -39.946770 13.201122
v -238.408813 -39.946770 13.201122
v -238.408173 -40.181030 13.339119
v -237.991547 -40.181030 13.339119
v -246.824524 -39.946770 9.647755
v -246.419739 -39.946770 9.647755
v -246.419739 -40.181030 9.509758
v -246.885345 -40.181030 9.509758
v -237.963501 -39.946770 9.800018
v -237.963501 -39.946770 10.657005
v -237.901398 -40.181030 10.657005
v -237.901398 -40.181030 9.661774
v -247.060852 -46.671928 9.609734
v -247.060852 -46.671928 10.394333
v -246.975494 -40.272705 11.390045
v -246.975494 -40.181030 9.661774
v -246.419739 -39.946770 13.201122
v -246.419739 -39.843376 12.900169
v -246.700836 -39.843376 12.900169
v -246.824524 -39.946770 13.201122
v -237.963501 -39.946770 12.192230
v -238.098969 -39.843376 12.192230
v -238.098969 -39.843376 12.747990
v -237.963501 -39.946770 13.048859
v -238.429688 -39.981224 9.647758
v -238.428284 -39.877831 9.948708
v -238.176056 -39.843376 9.948708
v -238.052368 -39.946770 9.647758
v -246.913391 -40.038445 11.390045
v -246.777924 -39.935051 11.390045
v -246.777924 -39.843376 10.100887
v -246.913391 -39.946770 9.800018
v -246.378479 -40.256004 12.757553
v -246.667297 -40.256004 12.757553
v -238.166107 -40.256004 12.104237
v -238.470032 -40.290459 10.108311
v -238.207825 -40.256004 10.108311
v -246.709045 -40.347679 11.438431
v -246.709045 -40.256004 10.248520
v -237.882385 -46.671928 13.528721
v -237.833710 -53.162827 13.718327
v -246.885345 -40.181030 13.339119
v -247.183899 -53.162827 9.582951
v -237.991547 -40.181030 9.509758
v -237.901398 -40.181030 13.187103
v -247.060852 -46.671928 13.376747
v -237.785797 -46.671928 9.472130
v -237.882385 -46.671928 9.320156
v -246.777924 -39.843376 12.747990
v -238.176056 -39.843376 12.900169
v -238.098969 -39.843376 10.100891
v -246.700836 -39.843376 9.948708
v -246.709045 -40.256004 12.617344
v -238.166107 -40.256004 10.248520
v -246.667297 -40.256004 10.108311
v -237.730682 -53.162827 9.282486
v -237.785797 -46.671928 10.394333
v -237.730682 -53.162827 10.131660
v -238.469360 -40.290459 10.247856
v -238.467010 -40.290459 10.761955
v -238.166107 -40.256004 10.761955
v -237.901398 -40.181030 12.192230
v -247.177490 -53.162827 12.717575
v -247.060852 -46.671928 12.454903
v -247.146210 -53.162827 10.131660
v -238.098969 -39.843376 10.657005
v -246.777924 -39.843376 12.192230
v -246.709045 -40.256004 12.104237
v -238.456329 -40.256004 12.104237
v -247.146210 -53.162827 13.566395
v -238.188232 -53.162827 13.718327
v -238.298218 -46.671928 13.528721
v -238.430328 -40.215477 9.509758
v -238.591370 -46.671928 9.365551
v -246.378479 -40.256004 12.617344
v -246.419739 -40.181030 13.339119
v -238.410187 -39.843376 12.900169
v -246.419739 -39.843376 9.948708
v -246.378479 -40.256004 10.108311
v -246.378479 -40.347679 11.438431
v -246.378479 -40.265656 10.248333
v -246.378479 -40.256004 12.104237
v -237.895233 -53.162827 9.130550
v -238.752441 -53.162827 9.221348
v -261.682007 -53.162827 13.842255
v -261.702789 -46.671928 13.434212
v -262.148254 -46.671928 13.528721
v -262.227173 -53.162827 13.718327
v -262.097900 -46.671928 9.320152
v -261.710297 -46.671928 9.229511
v -261.816864 -53.162827 9.130550
v -262.227173 -53.162827 9.130550
v -252.880127 -53.162827 12.717575
v -252.952515 -46.671928 12.454903
v -252.969788 -46.671928 13.376747
v -252.914673 -53.162827 13.566395
v -253.391815 -40.256004 12.757553
v -253.350098 -40.256004 12.617344
v -253.637970 -40.256004 12.617344
v -253.637299 -40.256004 12.757553
v -262.097382 -39.946770 13.048859
v -262.097382 -39.946770 12.192230
v -262.159485 -40.181030 12.192230
v -262.159485 -40.181030 13.187103
v -253.236359 -39.946770 13.201122
v -253.592804 -39.946770 13.201122
v -253.592163 -40.181030 13.339119
v -253.175537 -40.181030 13.339119
v -262.008514 -39.946770 9.647755
v -261.603729 -39.946770 9.647755
v -261.603729 -40.181030 9.509758
v -262.069336 -40.181030 9.509758
v -253.147491 -39.946770 9.800018
v -253.147491 -39.946770 10.657005
v -253.085388 -40.181030 10.657005
v -253.085388 -40.181030 9.661774
v -262.244843 -46.671928 9.609734
v -262.244843 -46.671928 10.394333
v -262.159485 -40.272705 11.390045
v -262.159485 -40.181030 9.661774
v -261.603729 -39.946770 13.201122
v -261.603729 -39.843376 12.900169
v -261.884827 -39.843376 12.900169
v -262.008514 -39.946770 13.201122
v -253.147491 -39.946770 12.192230
v -253.282959 -39.843376 12.192230
v -253.282959 -39.843376 12.747990
v -253.147491 -39.946770 13.048859
v -253.613678 -39.981224 9.647758
v -253.612274 -39.877831 9.948708
v -253.360046 -39.843376 9.948708
v -253.236359 -39.946770 9.647758
v -262.097382 -40.038445 11.390045
v -261.961914 -39.935051 11.390045
v -261.961914 -39.843376 10.100887
v -262.097382 -39.946770 9.800018
v -261.562469 -40.256004 12.757553
v -261.851288 -40.256004 12.757553
v -253.350098 -40.256004 12.104237
v -253.654022 -40.290459 10.108311
v -253.391815 -40.256004 10.108311
v -261.893005 -40.347679 11.438431
v -261.893005 -40.256004 10.248520
v -253.066376 -46.671928 13.528721
v -253.017700 -53.162827 13.718327
v -262.069336 -40.181030 13.339119
v -262.367889 -53.162827 9.582951
v -253.175537 -40.181030 9.509758
v -253.085388 -40.181030 13.187103
v -262.244843 -46.671928 13.376747
v -252.969788 -46.671928 9.472130
v -253.066376 -46.671928 9.320156
v -261.961914 -39.843376 12.747990
v -253.360046 -39.843376 12.900169
v -253.282959 -39.843376 10.100891
v -261.884827 -39.843376 9.948708
v -261.893005 -40.256004 12.617344
v -253.350098 -40.256004 10.248520
v -261.851288 -40.256004 10.108311
v -252.914673 -53.162827 9.282486
v -252.969788 -46.671928 10.394333
v -252.914673 -53.162827 10.131660
v -253.653351 -40.290459 10.247856
v -253.651001 -40.290459 10.761955
v -253.350098 -40.256004 10.761955
v -253.085388 -40.181030 12.192230
v -262.361481 -53.162827 12.717575
v -262.244843 -46.671928 12.454903
v -262.330170 -53.162827 10.131660
v -253.282959 -39.843376 10.657005
v -261.961914 -39.843376 12.192230
v -261.893005 -40.256004 12.104237
v -253.640320 -40.256004 12.104237
v -262.330170 -53.162827 13.566395
v -253.372223 -53.162827 13.718327
v -253.482208 -46.671928 13.528721
v -253.614319 -40.215477 9.509758
v -253.775360 -46.671928 9.365551
v -261.562469 -40.256004 12.617344
v -261.603729 -40.181030 13.339119
v -253.594177 -39.843376 12.900169
v -261.603729 -39.843376 9.948708
v -261.562469 -40.256004 10.108311
v -261.562469 -40.347679 11.438431
v -261.562469 -40.265656 10.248333
v -261.562469 -40.256004 12.104237
v -253.079224 -53.162827 9.130550
v -253.936432 -53.162827 9.221348
v -274.653473 -53.162827 13.842255
v -274.669769 -46.671928 13.434212
v -275.019470 -46.671928 13.528721
v -275.081390 -53.162827 13.718327
v -274.979919 -46.671928 9.320152
v -274.675659 -46.671928 9.229511
v -274.759308 -53.162827 9.130550
v -275.081390 -53.162827 9.130550
v -267.744110 -53.162827 12.717575
v -267.800964 -46.671928 12.454903
v -267.814514 -46.671928 13.376747
v -267.771240 -53.162827 13.566395
v -268.145782 -40.256004 12.757553
v -268.113037 -40.256004 12.617344
v -268.339020 -40.256004 12.617344
v -268.338501 -40.256004 12.757553
v -274.979523 -39.946770 13.048859
v -274.979523 -39.946770 12.192230
v -275.028290 -40.181030 12.192230
v -275.028290 -40.181030 13.187103
v -268.023773 -39.946770 13.201122
v -268.303558 -39.946770 13.201122
v -268.303070 -40.181030 13.339119
v -267.976013 -40.181030 13.339119
v -274.909760 -39.946770 9.647755
v -274.592010 -39.946770 9.647755
v -274.592010 -40.181030 9.509758
v -274.957520 -40.181030 9.509758
v -267.954010 -39.946770 9.800018
v -267.954010 -39.946770 10.657005
v -267.905243 -40.181030 10.657005
v -267.905243 -40.181030 9.661774
v -275.095276 -46.671928 9.609734
v -275.095276 -46.671928 10.394333
v -275.028290 -40.272705 11.390045
v -275.028290 -40.181030 9.661774
v -274.592010 -39.946770 13.201122
v -274.592010 -39.843376 12.900169
v -274.812653 -39.843376 12.900169
v -274.909760 -39.946770 13.201122
v -267.954010 -39.946770 12.192230
v -268.060333 -39.843376 12.192230
v -268.060333 -39.843376 12.747990
v -267.954010 -39.946770 13.048859
v -268.319946 -39.981224 9.647758
v -268.318848 -39.877831 9.948708
v -268.120850 -39.843376 9.948708
v -268.023773 -39.946770 9.647758
v -274.979523 -40.038445 11.390045
v -274.873169 -39.935051 11.390045
v -274.873169 -39.843376 10.100887
v -274.979523 -39.946770 9.800018
v -274.559631 -40.256004 12.757553
v -274.786346 -40.256004 12.757553
v -268.113037 -40.256004 12.104237
v -268.351624 -40.290459 10.108311
v -268.145782 -40.256004 10.108311
v -274.819092 -40.347679 11.438431
v -274.819092 -40.256004 10.248520
v -267.890320 -46.671928 13.528721
v -267.852112 -53.162827 13.718327
v -274.957520 -40.181030 13.339119
v -275.191864 -53.162827 9.582951
v -267.976013 -40.181030 9.509758
v -267.905243 -40.181030 13.187103
v -275.095276 -46.671928 13.376747
v -267.814514 -46.671928 9.472130
v -267.890320 -46.671928 9.320156
v -274.873169 -39.843376 12.747990
v -268.120850 -39.843376 12.900169
v -268.060333 -39.843376 10.100891
v -274.812653 -39.843376 9.948708
v -274.819092 -40.256004 12.617344
v -268.113037 -40.256004 10.248520
v -274.786346 -40.256004 10.108311
v -267.771240 -53.162827 9.282486
v -267.814514 -46.671928 10.394333
v -267.771240 -53.162827 10.131660
v -268.351105 -40.290459 10.247856
v -268.349243 -40.290459 10.761955
v -268.113037 -40.256004 10.761955
v -267.905243 -40.181030 12.192230
v -275.186829 -53.162827 12.717575
v -275.095276 -46.671928 12.454903
v -275.162262 -53.162827 10.131660
v -268.060333 -39.843376 10.657005
v -274.873169 -39.843376 12.192230
v -274.819092 -40.256004 12.104237
v -268.340881 -40.256004 12.104237
v -275.162262 -53.162827 13.566395
v -268.130432 -53.162827 13.718327
v -268.216736 -46.671928 13.528721
v -268.320435 -40.215477 9.509758
v -268.446869 -46.671928 9.365551
v -274.559631 -40.256004 12.617344
v -274.592010 -40.181030 13.339119
v -268.304657 -39.843376 12.900169
v -274.592010 -39.843376 9.948708
v -274.559631 -40.256004 10.108311
v -274.559631 -40.347679 11.438431
v -274.559631 -40.265656 10.248333
v -274.559631 -40.256004 12.104237
v -267.900421 -53.162827 9.130550
v -268.573303 -53.162827 9.221348
v -270.527130 -53.162827 9.048920
v -270.935181 -46.671928 9.069691
v -270.840668 -46.671928 9.515152
v -270.651062 -53.162827 9.594070
v -275.049255 -46.671928 9.464806
v -275.139893 -46.671928 9.077194
v -275.238861 -53.162827 9.183754
v -275.238861 -53.162827 9.594070
v -271.651825 -53.162827 0.247013
v -271.914490 -46.671928 0.319410
v -270.992645 -46.671928 0.336693
v -270.803009 -53.162827 0.281578
v -271.611847 -40.256004 0.758705
v -271.752045 -40.256004 0.716988
v -271.752045 -40.256004 1.004852
v -271.611847 -40.256004 1.004204
v -271.320526 -39.946770 9.464272
v -272.177155 -39.946770 9.464272
v -272.177155 -40.181030 9.526390
v -271.182281 -40.181030 9.526390
v -271.168274 -39.946770 0.603252
v -271.168274 -39.946770 0.959686
v -271.030273 -40.181030 0.959049
v -271.030273 -40.181030 0.542418
v -274.721649 -39.946770 9.375401
v -274.721649 -39.946770 8.970627
v -274.859650 -40.181030 8.970627
v -274.859650 -40.181030 9.436237
v -274.569366 -39.946770 0.514381
v -273.712402 -39.946770 0.514381
v -273.712402 -40.181030 0.452267
v -274.707611 -40.181030 0.452267
v -274.759674 -46.671928 9.611732
v -273.975067 -46.671928 9.611732
v -272.979370 -40.272705 9.526390
v -274.707611 -40.181030 9.526390
v -271.168274 -39.946770 8.970627
v -271.469238 -39.843376 8.970627
v -271.469238 -39.843376 9.251717
v -271.168274 -39.946770 9.375401
v -272.177155 -39.946770 0.514381
v -272.177155 -39.843376 0.649847
v -271.621399 -39.843376 0.649847
v -271.320526 -39.946770 0.514381
v -274.721649 -39.981224 0.980564
v -274.420685 -39.877831 0.979174
v -274.420685 -39.843376 0.726936
v -274.721649 -39.946770 0.603252
v -272.979370 -40.038445 9.464272
v -272.979370 -39.935051 9.328808
v -274.268524 -39.843376 9.328808
v -274.569366 -39.946770 9.464272
v -271.611847 -40.256004 8.929371
v -271.611847 -40.256004 9.218193
v -272.265167 -40.256004 0.716988
v -274.261078 -40.290459 1.020901
v -274.261078 -40.256004 0.758705
v -272.930969 -40.347679 9.259914
v -274.120880 -40.256004 9.259914
v -270.840668 -46.671928 0.433273
v -270.651062 -53.162827 0.384586
v -271.030273 -40.181030 9.436237
v -274.786438 -53.162827 9.734776
v -274.859650 -40.181030 0.542418
v -271.182281 -40.181030 0.452267
v -270.992645 -46.671928 9.611732
v -274.897278 -46.671928 0.336693
v -275.049255 -46.671928 0.433273
v -271.621399 -39.843376 9.328808
v -271.469238 -39.843376 0.726936
v -274.268494 -39.843376 0.649847
v -274.420685 -39.843376 9.251717
v -271.752045 -40.256004 9.259914
v -274.120880 -40.256004 0.716988
v -274.261078 -40.256004 9.218193
v -275.086914 -53.162827 0.281578
v -273.975067 -46.671928 0.336693
v -274.237732 -53.162827 0.281578
v -274.121552 -40.290459 1.020256
v -273.607452 -40.290459 1.017883
v -273.607452 -40.256004 0.716988
v -272.177155 -40.181030 0.452267
v -271.651825 -53.162827 9.728386
v -271.914490 -46.671928 9.611732
v -274.237732 -53.162827 9.697079
v -273.712402 -39.843376 0.649847
v -272.177155 -39.843376 9.328808
v -272.265167 -40.256004 9.259914
v -272.265167 -40.256004 1.007221
v -270.803009 -53.162827 9.697079
v -270.651062 -53.162827 0.739132
v -270.840668 -46.671928 0.849091
v -274.859650 -40.215477 0.981201
v -275.003845 -46.671928 1.142265
v -271.752045 -40.256004 8.929371
v -271.030273 -40.181030 8.970627
v -271.469238 -39.843376 0.961079
v -274.420685 -39.843376 8.970627
v -274.261078 -40.256004 8.929371
v -272.930969 -40.347679 8.929371
v -274.121063 -40.265656 8.929371
v -272.265167 -40.256004 8.929371
v -275.238861 -53.162827 0.446114
v -275.148041 -53.162827 1.303329
v -270.527130 -53.162827 -6.145773
v -270.935181 -46.671928 -6.124998
v -270.840668 -46.671928 -5.679535
v -270.651062 -53.162827 -5.600620
v -275.049255 -46.671928 -5.729883
v -275.139893 -46.671928 -6.117496
v -275.238861 -53.162827 -6.010935
v -275.238861 -53.162827 -5.600620
v -271.651825 -53.162827 -14.947678
v -271.914490 -46.671928 -14.875280
v -270.992645 -46.671928 -14.857998
v -270.803009 -53.162827 -14.913113
v -271.611847 -40.256004 -14.435986
v -271.752045 -40.256004 -14.477703
v -271.752045 -40.256004 -14.189838
v -271.611847 -40.256004 -14.190487
v -271.320526 -39.946770 -5.730417
v -272.177155 -39.946770 -5.730417
v -272.177155 -40.181030 -5.668301
v -271.182281 -40.181030 -5.668301
v -271.168274 -39.946770 -14.591436
v -271.168274 -39.946770 -14.235003
v -271.030273 -40.181030 -14.235640
v -271.030273 -40.181030 -14.652271
v -274.721649 -39.946770 -5.819288
v -274.721649 -39.946770 -6.224060
v -274.859650 -40.181030 -6.224062
v -274.859650 -40.181030 -5.758453
v -274.569366 -39.946770 -14.680309
v -273.712402 -39.946770 -14.680309
v -273.712402 -40.181030 -14.742424
v -274.707611 -40.181030 -14.742424
v -274.759674 -46.671928 -5.582956
v -273.975067 -46.671928 -5.582956
v -272.979370 -40.272705 -5.668301
v -274.707611 -40.181030 -5.668301
v -271.168274 -39.946770 -6.224060
v -271.469238 -39.843376 -6.224062
v -271.469238 -39.843376 -5.942970
v -271.168274 -39.946770 -5.819288
v -272.177155 -39.946770 -14.680309
v -272.177155 -39.843376 -14.544844
v -271.621399 -39.843376 -14.544844
v -271.320526 -39.946770 -14.680309
v -274.721649 -39.981224 -14.214127
v -274.420685 -39.877831 -14.215515
v -274.420685 -39.843376 -14.467754
v -274.721649 -39.946770 -14.591436
v -272.979370 -40.038445 -5.730417
v -272.979370 -39.935051 -5.865883
v -274.268524 -39.843376 -5.865883
v -274.569366 -39.946770 -5.730417
v -271.611847 -40.256004 -6.265320
v -271.611847 -40.256004 -5.976494
v -272.265167 -40.256004 -14.477703
v -274.261078 -40.290459 -14.173788
v -274.261078 -40.256004 -14.435986
v -272.930969 -40.347679 -5.934776
v -274.120880 -40.256004 -5.934776
v -270.840668 -46.671928 -14.761417
v -270.651062 -53.162827 -14.810104
v -271.030273 -40.181030 -5.758453
v -274.786438 -53.162827 -5.459915
v -274.859650 -40.181030 -14.652271
v -271.182281 -40.181030 -14.742424
v -270.992645 -46.671928 -5.582956
v -274.897278 -46.671928 -14.857998
v -275.049255 -46.671928 -14.761417
v -271.621399 -39.843376 -5.865881
v -271.469238 -39.843376 -14.467754
v -274.268494 -39.843376 -14.544844
v -274.420685 -39.843376 -5.942970
v -271.752045 -40.256004 -5.934776
v -274.120880 -40.256004 -14.477703
v -274.261078 -40.256004 -5.976494
v -275.086914 -53.162827 -14.913113
v -273.975067 -46.671928 -14.857998
v -274.237732 -53.162827 -14.913113
v -274.121552 -40.290459 -14.174433
v -273.607452 -40.290459 -14.176807
v -273.607452 -40.256004 -14.477703
v -272.177155 -40.181030 -14.742424
v -271.651825 -53.162827 -5.466305
v -271.914490 -46.671928 -5.582956
v -274.237732 -53.162827 -5.497610
v -273.712402 -39.843376 -14.544844
v -272.177155 -39.843376 -5.865881
v -272.265167 -40.256004 -5.934776
v -272.265167 -40.256004 -14.187469
v -270.803009 -53.162827 -5.497610
v -270.651062 -53.162827 -14.455559
v -270.840668 -46.671928 -14.345600
v -274.859650 -40.215477 -14.213490
v -275.003845 -46.671928 -14.052425
v -271.752045 -40.256004 -6.265320
v -271.030273 -40.181030 -6.224060
v -271.469238 -39.843376 -14.233612
v -274.420685 -39.843376 -6.224060
v -274.261078 -40.256004 -6.265320
v -272.930969 -40.347679 -6.265320
v -274.121063 -40.265656 -6.265320
v -272.265167 -40.256004 -6.265320
v -275.238861 -53.162827 -14.748577
v -275.148041 -53.162827 -13.891359
v -270.527130 -53.162834 -21.383171
v -270.935181 -46.671936 -21.362396
v -270.840668 -46.671936 -20.916935
v -270.651062 -53.162834 -20.838020
v -275.049255 -46.671936 -20.967285
v -275.139893 -46.671936 -21.354897
v -275.238861 -53.162834 -21.248337
v -275.238861 -53.162834 -20.838020
v -271.651825 -53.162834 -30.185078
v -271.914490 -46.671936 -30.112679
v -270.992645 -46.671936 -30.095398
v -270.803009 -53.162834 -30.150513
v -271.611847 -40.256004 -29.673386
v -271.752045 -40.256004 -29.715103
v -271.752045 -40.256004 -29.427238
v -271.611847 -40.256004 -29.427887
v -271.320526 -39.946777 -20.967819
v -272.177155 -39.946777 -20.967819
v -272.177155 -40.181030 -20.905701
v -271.182281 -40.181030 -20.905701
v -271.168274 -39.946777 -29.828835
v -271.168274 -39.946777 -29.472404
v -271.030273 -40.181030 -29.473038
v -271.030273 -40.181030 -29.889671
v -274.721649 -39.946777 -21.056686
v -274.721649 -39.946777 -21.461464
v -274.859650 -40.181030 -21.461464
v -274.859650 -40.181030 -20.995853
v -274.569366 -39.946777 -29.917709
v -273.712402 -39.946777 -29.917709
v -273.712402 -40.181030 -29.979824
v -274.707611 -40.181030 -29.979824
v -274.759674 -46.671936 -20.820358
v -273.975067 -46.671936 -20.820358
v -272.979370 -40.272705 -20.905701
v -274.707611 -40.181030 -20.905701
v -271.168274 -39.946777 -21.461464
v -271.469238 -39.843384 -21.461464
v -271.469238 -39.843384 -21.180370
v -271.168274 -39.946777 -21.056686
v -272.177155 -39.946777 -29.917709
v -272.177155 -39.843384 -29.782242
v -271.621399 -39.843384 -29.782242
v -271.320526 -39.946777 -29.917709
v -274.721649 -39.981224 -29.451527
v -274.420685 -39.877838 -29.452915
v -274.420685 -39.843384 -29.705154
v -274.721649 -39.946777 -29.828835
v -272.979370 -40.038452 -20.967819
v -272.979370 -39.935059 -21.103283
v -274.268524 -39.843384 -21.103283
v -274.569366 -39.946777 -20.967819
v -271.611847 -40.256004 -21.502720
v -271.611847 -40.256004 -21.213894
v -272.265167 -40.256004 -29.715103
v -274.261078 -40.290459 -29.411186
v -274.261078 -40.256004 -29.673386
v -272.930969 -40.347679 -21.172176
v -274.120880 -40.256004 -21.172176
v -270.840668 -46.671936 -29.998817
v -270.651062 -53.162834 -30.047504
v -271.030273 -40.181030 -20.995853
v -274.786438 -53.162827 -20.697315
v -274.859650 -40.181030 -29.889671
v -271.182281 -40.181030 -29.979824
v -270.992645 -46.671936 -20.820358
v -274.897278 -46.671936 -30.095398
v -275.049255 -46.671936 -29.998817
v -271.621399 -39.843384 -21.103279
v -271.469238 -39.843384 -29.705154
v -274.268494 -39.843384 -29.782242
v -274.420685 -39.843384 -21.180370
v -271.752045 -40.256004 -21.172176
v -274.120880 -40.256004 -29.715103
v -274.261078 -40.256004 -21.213894
v -275.086914 -53.162827 -30.150513
v -273.975067 -46.671936 -30.095398
v -274.237732 -53.162827 -30.150513
v -274.121552 -40.290459 -29.411835
v -273.607452 -40.290459 -29.414207
v -273.607452 -40.256004 -29.715103
v -272.177155 -40.181030 -29.979824
v -271.651825 -53.162834 -20.703705
v -271.914490 -46.671936 -20.820358
v -274.237732 -53.162827 -20.735008
v -273.712402 -39.843384 -29.782242
v -272.177155 -39.843384 -21.103279
v -272.265167 -40.256004 -21.172176
v -272.265167 -40.256004 -29.424866
v -270.803009 -53.162834 -20.735008
v -270.651062 -53.162834 -29.692959
v -270.840668 -46.671936 -29.583000
v -274.859650 -40.215485 -29.450890
v -275.003845 -46.671936 -29.289825
v -271.752045 -40.256004 -21.502720
v -271.030273 -40.181030 -21.461464
v -271.469238 -39.843384 -29.471012
v -274.420685 -39.843384 -21.461460
v -274.261078 -40.256004 -21.502720
v -272.930969 -40.347679 -21.502720
v -274.121063 -40.265656 -21.502720
v -272.265167 -40.256004 -21.502720
v -275.238861 -53.162834 -29.985977
v -275.148041 -53.162834 -29.128761
v -270.527130 -53.162834 -36.577770
v -270.935181 -46.671936 -36.556999
v -270.840668 -46.671936 -36.111534
v -270.651062 -53.162834 -36.032619
v -275.049255 -46.671936 -36.161884
v -275.139893 -46.671936 -36.549496
v -275.238861 -53.162834 -36.442932
v -275.238861 -53.162834 -36.032619
v -271.651825 -53.162834 -45.379677
v -271.914490 -46.671936 -45.307278
v -270.992645 -46.671936 -45.289997
v -270.803009 -53.162834 -45.345112
v -271.611847 -40.256004 -44.867985
v -271.752045 -40.256004 -44.909702
v -271.752045 -40.256004 -44.621838
v -271.611847 -40.256004 -44.622486
v -271.320526 -39.946777 -36.162415
v -272.177155 -39.946777 -36.162415
v -272.177155 -40.181030 -36.100300
v -271.182281 -40.181030 -36.100300
v -271.168274 -39.946777 -45.023438
v -271.168274 -39.946777 -44.667000
v -271.030273 -40.181030 -44.667641
v -271.030273 -40.181030 -45.084270
v -274.721649 -39.946777 -36.251289
v -274.721649 -39.946777 -36.656059
v -274.859650 -40.181030 -36.656059
v -274.859650 -40.181030 -36.190453
v -274.569366 -39.946777 -45.112309
v -273.712402 -39.946777 -45.112309
v -273.712402 -40.181030 -45.174423
v -274.707611 -40.181030 -45.174423
v -274.759674 -46.671936 -36.014954
v -273.975067 -46.671936 -36.014954
v -272.979370 -40.272705 -36.100300
v -274.707611 -40.181030 -36.100300
v -271.168274 -39.946777 -36.656059
v -271.469238 -39.843384 -36.656059
v -271.469238 -39.843384 -36.374969
v -271.168274 -39.946777 -36.251289
v -272.177155 -39.946777 -45.112309
v -272.177155 -39.843384 -44.976841
v -271.621399 -39.843384 -44.976841
v -271.320526 -39.946777 -45.112309
v -274.721649 -39.981224 -44.646126
v -274.420685 -39.877838 -44.647514
v -274.420685 -39.843384 -44.899754
v -274.721649 -39.946777 -45.023438
v -272.979370 -40.038452 -36.162415
v -272.979370 -39.935059 -36.297882
v -274.268524 -39.843384 -36.297882
v -274.569366 -39.946777 -36.162415
v -271.611847 -40.256004 -36.697319
v -271.611847 -40.256004 -36.408493
v -272.265167 -40.256004 -44.909702
v -274.261078 -40.290459 -44.605789
v -274.261078 -40.256004 -44.867985
v -272.930969 -40.347679 -36.366776
v -274.120880 -40.256004 -36.366776
v -270.840668 -46.671936 -45.193417
v -270.651062 -53.162834 -45.242104
v -271.030273 -40.181030 -36.190453
v -274.786438 -53.162827 -35.891914
v -274.859650 -40.181030 -45.084270
v -271.182281 -40.181030 -45.174423
v -270.992645 -46.671936 -36.014954
v -274.897278 -46.671936 -45.289997
v -275.049255 -46.671936 -45.193417
v -271.621399 -39.843384 -36.297882
v -271.469238 -39.843384 -44.899754
v -274.268494 -39.843384 -44.976841
v -274.420685 -39.843384 -36.374969
v -271.752045 -40.256004 -36.366776
v -274.120880 -40.256004 -44.909702
v -274.261078 -40.256004 -36.408493
v -275.086914 -53.162827 -45.345112
v -273.975067 -46.671936 -45.289997
v -274.237732 -53.162827 -45.345112
v -274.121552 -40.290459 -44.606434
v -273.607452 -40.290459 -44.608807
v -273.607452 -40.256004 -44.909702
v -272.177155 -40.181030 -45.174423
v -271.651825 -53.162834 -35.898304
v -271.914490 -46.671936 -36.014954
v -274.237732 -53.162827 -35.929611
v -273.712402 -39.843384 -44.976841
v -272.177155 -39.843384 -36.297882
v -272.265167 -40.256004 -36.366776
v -272.265167 -40.256004 -44.619469
v -270.803009 -53.162834 -35.929611
v -270.651062 -53.162834 -44.887558
v -270.840668 -46.671936 -44.777599
v -274.859650 -40.215485 -44.645489
v -275.003845 -46.671936 -44.484425
v -271.752045 -40.256004 -36.697319
v -271.030273 -40.181030 -36.656059
v -271.469238 -39.843384 -44.665611
v -274.420685 -39.843384 -36.656059
v -274.261078 -40.256004 -36.697319
v -272.930969 -40.347679 -36.697319
v -274.121063 -40.265656 -36.697319
v -272.265167 -40.256004 -36.697319
v -275.238861 -53.162834 -45.180576
v -275.148041 -53.162834 -44.323360
v -270.527130 -53.162834 -51.767170
v -270.935181 -46.671936 -51.746399
v -270.840668 -46.671936 -51.300934
v -270.651062 -53.162834 -51.222019
v -275.049255 -46.671936 -51.351284
v -275.139893 -46.671936 -51.738895
v -275.238861 -53.162834 -51.632332
v -275.238861 -53.162834 -51.222019
v -271.651825 -53.162834 -60.569077
v -271.914490 -46.671936 -60.496674
v -270.992645 -46.671936 -60.479401
v -270.803009 -53.162834 -60.534515
v -271.611847 -40.256004 -60.057388
v -271.752045 -40.256004 -60.099106
v -271.752045 -40.256004 -59.811234
v -271.611847 -40.256004 -59.811890
v -271.320526 -39.946777 -51.351814
v -272.177155 -39.946777 -51.351814
v -272.177155 -40.181030 -51.289700
v -271.182281 -40.181030 -51.289700
v -271.168274 -39.946777 -60.212837
v -271.168274 -39.946777 -59.856400
v -271.030273 -40.181030 -59.857040
v -271.030273 -40.181030 -60.273666
v -274.721649 -39.946777 -51.440689
v -274.721649 -39.946777 -51.845459
v -274.859650 -40.181030 -51.845459
v -274.859650 -40.181030 -51.379852
v -274.569366 -39.946777 -60.301712
v -273.712402 -39.946777 -60.301712
v -273.712402 -40.181030 -60.363823
v -274.707611 -40.181030 -60.363823
v -274.759674 -46.671936 -51.204353
v -273.975067 -46.671936 -51.204353
v -272.979370 -40.272705 -51.289700
v -274.707611 -40.181030 -51.289700
v -271.168274 -39.946777 -51.845459
v -271.469238 -39.843384 -51.845459
v -271.469238 -39.843384 -51.564369
v -271.168274 -39.946777 -51.440689
v -272.177155 -39.946777 -60.301712
v -272.177155 -39.843384 -60.166245
v -271.621399 -39.843384 -60.166245
v -271.320526 -39.946777 -60.301712
v -274.721649 -39.981224 -59.835526
v -274.420685 -39.877838 -59.836914
v -274.420685 -39.843384 -60.089157
v -274.721649 -39.946777 -60.212837
v -272.979370 -40.038452 -51.351814
v -272.979370 -39.935059 -51.487282
v -274.268524 -39.843384 -51.487282
v -274.569366 -39.946777 -51.351814
v -271.611847 -40.256004 -51.886719
v -271.611847 -40.256004 -51.597893
v -272.265167 -40.256004 -60.099106
v -274.261078 -40.290459 -59.795189
v -274.261078 -40.256004 -60.057388
v -272.930969 -40.347679 -51.556175
v -274.120880 -40.256004 -51.556175
v -270.840668 -46.671936 -60.382812
v -270.651062 -53.162834 -60.431503
v -271.030273 -40.181030 -51.379852
v -274.786438 -53.162827 -51.081314
v -274.859650 -40.181030 -60.273666
v -271.182281 -40.181030 -60.363823
v -270.992645 -46.671936 -51.204353
v -274.897278 -46.671936 -60.479401
v -275.049255 -46.671936 -60.382812
v -271.621399 -39.843384 -51.487282
v -271.469238 -39.843384 -60.089157
v -274.268494 -39.843384 -60.166245
v -274.420685 -39.843384 -51.564369
v -271.752045 -40.256004 -51.556175
v -274.120880 -40.256004 -60.099106
v -274.261078 -40.256004 -51.597893
v -275.086914 -53.162827 -60.534515
v -273.975067 -46.671936 -60.479401
v -274.237732 -53.162827 -60.534515
v -274.121552 -40.290459 -59.795837
v -273.607452 -40.290459 -59.798203
v -273.607452 -40.256004 -60.099106
v -272.177155 -40.181030 -60.363823
v -271.651825 -53.162834 -51.087704
v -271.914490 -46.671936 -51.204353
v -274.237732 -53.162827 -51.119011
v -273.712402 -39.843384 -60.166245
v -272.177155 -39.843384 -51.487282
v -272.265167 -40.256004 -51.556175
v -272.265167 -40.256004 -59.808868
v -270.803009 -53.162834 -51.119011
v -270.651062 -53.162834 -60.076958
v -270.840668 -46.671936 -59.966995
v -274.859650 -40.215485 -59.834885
v -275.003845 -46.671936 -59.673828
v -271.752045 -40.256004 -51.886719
v -271.030273 -40.181030 -51.845459
v -271.469238 -39.843384 -59.855011
v -274.420685 -39.843384 -51.845459
v -274.261078 -40.256004 -51.886719
v -272.930969 -40.347679 -51.886719
v -274.121063 -40.265656 -51.886719
v -272.265167 -40.256004 -51.886719
v -275.238861 -53.162834 -60.369980
v -275.148041 -53.162834 -59.512756
v -270.527130 -53.162834 -66.961876
v -270.935181 -46.671936 -66.941101
v -270.840668 -46.671936 -66.495636
v -270.651062 -53.162834 -66.416718
v -275.049255 -46.671936 -66.545982
v -275.139893 -46.671936 -66.933601
v -275.238861 -53.162834 -66.827034
v -275.238861 -53.162834 -66.416718
v -271.651825 -53.162834 -75.763779
v -271.914490 -46.671936 -75.691383
v -270.992645 -46.671936 -75.674095
v -270.803009 -53.162834 -75.729218
v -271.611847 -40.256004 -75.252083
v -271.752045 -40.256004 -75.293808
v -271.752045 -40.256004 -75.005943
v -271.611847 -40.256004 -75.006592
v -271.320526 -39.946777 -66.546516
v -272.177155 -39.946777 -66.546516
v -272.177155 -40.181030 -66.484406
v -271.182281 -40.181030 -66.484406
v -271.168274 -39.946777 -75.407539
v -271.168274 -39.946777 -75.051102
v -271.030273 -40.181030 -75.051743
v -271.030273 -40.181030 -75.468376
v -274.721649 -39.946777 -66.635391
v -274.721649 -39.946777 -67.040161
v -274.859650 -40.181030 -67.040161
v -274.859650 -40.181030 -66.574554
v -274.569366 -39.946777 -75.496414
v -273.712402 -39.946777 -75.496414
v -273.712402 -40.181030 -75.558525
v -274.707611 -40.181030 -75.558525
v -274.759674 -46.671936 -66.399055
v -273.975067 -46.671936 -66.399055
v -272.979370 -40.272705 -66.484406
v -274.707611 -40.181030 -66.484406
v -271.168274 -39.946777 -67.040161
v -271.469238 -39.843384 -67.040161
v -271.469238 -39.843384 -66.759071
v -271.168274 -39.946777 -66.635391
v -272.177155 -39.946777 -75.496414
v -272.177155 -39.843384 -75.360947
v -271.621399 -39.843384 -75.360947
v -271.320526 -39.946777 -75.496414
v -274.721649 -39.981224 -75.030228
v -274.420685 -39.877838 -75.031616
v -274.420685 -39.843384 -75.283852
v -274.721649 -39.946777 -75.407539
v -272.979370 -40.038452 -66.546516
v -272.979370 -39.935059 -66.681984
v -274.268524 -39.843384 -66.681984
v -274.569366 -39.946777 -66.546516
v -271.611847 -40.256004 -67.081421
v -271.611847 -40.256004 -66.792595
v -272.265167 -40.256004 -75.293808
v -274.261078 -40.290459 -74.989891
v -274.261078 -40.256004 -75.252083
v -272.930969 -40.347679 -66.750877
v -274.120880 -40.256004 -66.750877
v -270.840668 -46.671936 -75.577515
v -270.651062 -53.162834 -75.626205
v -271.030273 -40.181030 -66.574554
v -274.786438 -53.162827 -66.276016
v -274.859650 -40.181030 -75.468376
v -271.182281 -40.181030 -75.558525
v -270.992645 -46.671936 -66.399055
v -274.897278 -46.671936 -75.674095
v -275.049255 -46.671936 -75.577515
v -271.621399 -39.843384 -66.681984
v -271.469238 -39.843384 -75.283852
v -274.268494 -39.843384 -75.360947
v -274.420685 -39.843384 -66.759071
v -271.752045 -40.256004 -66.750877
v -274.120880 -40.256004 -75.293808
v -274.261078 -40.256004 -66.792595
v -275.086914 -53.162827 -75.729218
v -273.975067 -46.671936 -75.674095
v -274.237732 -53.162827 -75.729218
v -274.121552 -40.290459 -74.990532
v -273.607452 -40.290459 -74.992912
v -273.607452 -40.256004 -75.293808
v -272.177155 -40.181030 -75.558525
v -271.651825 -53.162834 -66.282410
v -271.914490 -46.671936 -66.399055
v -274.237732 -53.162827 -66.313713
v -273.712402 -39.843384 -75.360947
v -272.177155 -39.843384 -66.681984
v -272.265167 -40.256004 -66.750877
v -272.265167 -40.256004 -75.003571
v -270.803009 -53.162834 -66.313713
v -270.651062 -53.162834 -75.271660
v -270.840668 -46.671936 -75.161697
v -274.859650 -40.215485 -75.029587
v -275.003845 -46.671936 -74.868523
v -271.752045 -40.256004 -67.081421
v -271.030273 -40.181030 -67.040161
v -271.469238 -39.843384 -75.049713
v -274.420685 -39.843384 -67.040161
v -274.261078 -40.256004 -67.081421
v -272.930969 -40.347679 -67.081421
v -274.121063 -40.265656 -67.081421
v -272.265167 -40.256004 -67.081421
v -275.238861 -53.162834 -75.564682
v -275.148041 -53.162834 -74.707458
vn -0.0940 0.0481 0.9944
vn 0.1020 0.0394 0.9940
vn -0.3926 0.0426 0.9187
vn -0.5625 0.0310 0.8262
vn -0.6155 0.0230 -0.7878
vn -0.1042 0.0275 -0.9942
vn 0.0013 0.0220 -0.9998
vn -0.5921 0.0353 -0.8051
vn 0.9999 0.0102 0.0134
vn 0.9999 0.0152 0.0052
vn 0.9578 0.0120 0.2870
vn 0.9961 0.0040 -0.0879
vn -0.4585 0.7056 -0.5403
vn -0.6665 0.7397 -0.0924
vn -0.0000 1.0000 -0.0000
vn -0.0000 0.8145 -0.5802
vn -0.8567 0.4608 0.2318
vn -0.8529 0.5209 -0.0355
vn -0.9901 0.1402 -0.0082
vn -0.8673 0.4901 0.0871
vn 0.3676 0.6630 0.6522
vn -0.0000 0.7731 0.6343
vn -0.0017 0.2756 0.9613
vn 0.4711 0.2765 0.8376
vn -0.3676 0.6630 -0.6522
vn 0.0018 0.5848 -0.8112
vn 0.0031 0.2819 -0.9594
vn -0.4749 0.2772 -0.8353
vn 0.8567 0.4607 -0.2318
vn 0.9405 0.3398 -0.0000
vn 0.9903 0.1386 -0.0004
vn 0.8686 0.4878 -0.0873
vn -0.9713 0.0149 -0.2375
vn -0.9999 0.0155 0.0001
vn -0.9916 0.1293 -0.0036
vn -0.9444 0.2683 -0.1899
vn -0.0000 0.7746 0.6324
vn -0.0000 0.8989 -0.4382
vn 0.0831 0.9759 -0.2017
vn -0.4072 0.7908 0.4569
vn 0.8212 0.5706 -0.0000
vn -0.3698 0.9291 -0.0000
vn -0.2282 0.9605 -0.1593
vn 0.6137 0.7463 0.2576
vn -0.0445 0.7662 -0.6410
vn -0.0618 0.8993 0.4329
vn -0.1328 0.9766 0.1690
vn 0.3670 0.7997 -0.4751
vn -0.8390 0.5420 0.0485
vn 0.3863 0.9222 -0.0189
vn 0.1805 0.9626 0.2020
vn -0.6306 0.7396 -0.2351
vn 0.4343 0.7199 -0.5415
vn -0.6478 0.7618 -0.0000
vn -0.0516 0.8311 0.5537
vn -0.4811 0.6944 0.5351
vn 0.6261 0.7794 -0.0254
vn 0.6783 0.7250 0.1196
vn 0.4823 0.0319 0.8754
vn 0.4664 0.0293 0.8841
vn -0.4698 0.2711 0.8401
vn -0.9909 0.0192 -0.1333
vn 0.4620 0.2822 -0.8408
vn 0.8192 0.5392 0.1955
vn -0.9619 0.0208 0.2725
vn 0.9621 0.0179 -0.2721
vn 0.4549 0.0310 -0.8900
vn 0.2447 0.9575 -0.1529
vn -0.0782 0.9786 -0.1905
vn -0.2407 0.9580 0.1558
vn 0.0706 0.9810 0.1810
vn 0.6606 0.7466 -0.0787
vn -0.6987 0.7107 0.0821
vn 0.4624 0.7084 0.5333
vn 0.9172 0.0154 -0.3982
vn 0.9999 0.0133 -0.0042
vn 0.9999 0.0094 -0.0060
vn -0.0604 0.9982 0.0045
vn -0.0590 0.9982 -0.0137
vn -0.6874 0.7262 -0.0067
vn 0.9903 0.1388 0.0004
vn -0.9998 0.0170 0.0142
vn -0.9999 0.0145 0.0008
vn -0.9995 0.0120 0.0293
vn 0.3575 0.9325 -0.0516
vn 0.6591 0.7502 -0.0528
vn -0.0040 1.0000 -0.0073
vn -0.9516 0.0235 0.3064
vn -0.0001 0.0362 0.9993
vn -0.0057 0.0291 0.9996
vn -0.0119 0.2685 -0.9632
vn -0.0267 0.0265 -0.9993
vn -0.0000 0.2701 0.9628
vn 0.0019 0.9069 0.4214
vn 0.0018 0.8047 0.5937
vn -0.0043 0.9993 -0.0375
vn 0.0100 0.9978 0.0659
vn -0.0042 0.9979 -0.0654
vn 0.3131 0.0248 -0.9494
vn -0.0445 0.0218 -0.9988
vn -0.3925 0.0426 0.9188
vn -0.5626 0.0310 0.8262
vn -0.8567 0.4607 0.2318
vn 0.0018 0.5848 -0.8111
vn 0.0832 0.9759 -0.2017
vn 0.4343 0.7199 -0.5414
vn 0.6783 0.7250 0.1195
vn -0.9619 0.0208 0.2726
vn -0.2408 0.9580 0.1558
vn -0.1209 0.0479 0.9915
vn 0.1282 0.0389 0.9910
vn -0.4147 0.0421 0.9090
vn -0.6278 0.0287 0.7778
vn -0.6730 0.0211 -0.7393
vn -0.1316 0.0276 -0.9909
vn 0.0028 0.0220 -0.9998
vn -0.6155 0.0326 -0.7875
vn 0.9999 0.0080 0.0105
vn 0.9999 0.0119 0.0041
vn 0.9719 0.0078 0.2353
vn 0.9902 0.0006 -0.1398
vn -0.4876 0.6957 -0.5275
vn -0.6767 0.7326 -0.0738
vn -0.8872 0.4092 0.2132
vn -0.8948 0.4453 -0.0312
vn -0.9938 0.1111 -0.0065
vn -0.8927 0.4488 0.0411
vn 0.4187 0.6417 0.6426
vn -0.0019 0.2753 0.9614
vn 0.5079 0.2650 0.8196
vn -0.4187 0.6417 -0.6426
vn 0.0023 0.5843 -0.8116
vn 0.0035 0.2816 -0.9595
vn -0.5113 0.2662 -0.8171
vn 0.8872 0.4092 -0.2132
vn 0.9658 0.2592 -0.0000
vn 0.9939 0.1098 -0.0003
vn 0.8940 0.4461 -0.0414
vn -0.9811 0.0114 -0.1932
vn -0.9999 0.0121 0.0001
vn -0.9947 0.1024 -0.0028
vn -0.9613 0.2340 -0.1454
vn 0.0422 0.9813 -0.1877
vn -0.4578 0.7702 0.4441
vn 0.8676 0.4972 -0.0000
vn -0.3299 0.9440 -0.0000
vn -0.2124 0.9646 -0.1565
vn 0.6660 0.7069 0.2384
vn -0.0537 0.7643 -0.6427
vn -0.0785 0.8964 0.4363
vn -0.1071 0.9826 0.1514
vn 0.4081 0.7861 -0.4642
vn -0.8823 0.4681 0.0501
vn 0.3459 0.9381 -0.0195
vn 0.1653 0.9652 0.2027
vn -0.6810 0.6993 -0.2173
vn 0.4680 0.7080 -0.5289
vn -0.6608 0.7506 -0.0000
vn -0.0657 0.8321 0.5507
vn -0.5253 0.6724 0.5214
vn 0.6389 0.7689 -0.0252
vn 0.6926 0.7142 0.1011
vn 0.5268 0.0302 0.8494
vn 0.5119 0.0281 0.8586
vn -0.5067 0.2596 0.8221
vn -0.9940 0.0151 -0.1087
vn 0.4963 0.2733 -0.8240
vn 0.8526 0.5012 0.1479
vn -0.9748 0.0168 0.2226
vn 0.9749 0.0139 -0.2222
vn 0.4926 0.0294 -0.8698
vn 0.2268 0.9624 -0.1494
vn -0.0352 0.9833 -0.1786
vn -0.2233 0.9628 0.1523
vn 0.0277 0.9851 0.1696
vn 0.6718 0.7381 -0.0629
vn -0.7199 0.6908 0.0670
vn 0.4929 0.6965 0.5215
vn 0.9396 0.0128 -0.3422
vn 0.9999 0.0105 -0.0033
vn 1.0000 0.0073 -0.0047
vn -0.0762 0.9971 0.0055
vn -0.0750 0.9971 -0.0139
vn -0.7107 0.7035 -0.0069
vn 0.9939 0.1100 0.0003
vn -0.9998 0.0134 0.0111
vn -0.9999 0.0114 0.0006
vn -0.9997 0.0094 0.0230
vn 0.3187 0.9464 -0.0523
vn 0.6731 0.7377 -0.0517
vn -0.0040 1.0000 -0.0071
vn -0.9677 0.0189 0.2515
vn 0.0011 0.0375 0.9993
vn -0.0073 0.0291 0.9995
vn -0.0145 0.2667 -0.9637
vn -0.0333 0.0269 -0.9991
vn 0.0025 0.9069 0.4213
vn 0.0023 0.8046 0.5938
vn -0.0057 0.9992 -0.0384
vn 0.0137 0.9978 0.0650
vn -0.0052 0.9979 -0.0646
vn 0.3558 0.0243 -0.9343
vn -0.0571 0.0215 -0.9981
vn 0.9944 0.0481 0.0941
vn 0.9940 0.0394 -0.1020
vn 0.9187 0.0426 0.3925
vn 0.8262 0.0310 0.5626
vn -0.7878 0.0230 0.6155
vn -0.9942 0.0275 0.1042
vn -0.9998 0.0220 -0.0013
vn -0.8051 0.0353 0.5921
vn 0.0134 0.0102 -0.9999
vn 0.0052 0.0152 -0.9999
vn 0.2870 0.0120 -0.9579
vn -0.0880 0.0040 -0.9961
vn -0.5403 0.7056 0.4584
vn -0.0924 0.7397 0.6665
vn -0.5802 0.8145 -0.0000
vn 0.2318 0.4608 0.8567
vn -0.0355 0.5209 0.8529
vn -0.0082 0.1402 0.9901
vn 0.0871 0.4901 0.8673
vn 0.6522 0.6630 -0.3676
vn 0.6343 0.7731 -0.0000
vn 0.9613 0.2756 0.0017
vn 0.8376 0.2765 -0.4711
vn -0.6522 0.6630 0.3676
vn -0.8111 0.5848 -0.0018
vn -0.9594 0.2819 -0.0031
vn -0.8352 0.2772 0.4749
vn -0.2318 0.4608 -0.8567
vn -0.0000 0.3398 -0.9405
vn -0.0004 0.1386 -0.9903
vn -0.0873 0.4878 -0.8686
vn -0.2375 0.0149 0.9713
vn 0.0001 0.0155 0.9999
vn -0.0036 0.1293 0.9916
vn -0.1899 0.2683 0.9444
vn 0.6324 0.7746 -0.0000
vn -0.4382 0.8989 -0.0000
vn -0.2017 0.9759 -0.0832
vn 0.4569 0.7908 0.4072
vn -0.0000 0.5706 -0.8212
vn -0.0000 0.9291 0.3698
vn -0.1593 0.9605 0.2282
vn 0.2576 0.7463 -0.6137
vn -0.6410 0.7662 0.0445
vn 0.4329 0.8993 0.0618
vn 0.1690 0.9766 0.1328
vn -0.4751 0.7997 -0.3670
vn 0.0485 0.5420 0.8390
vn -0.0189 0.9222 -0.3863
vn 0.2020 0.9626 -0.1805
vn -0.2351 0.7396 0.6306
vn -0.5415 0.7199 -0.4343
vn -0.0000 0.7618 0.6478
vn 0.5537 0.8311 0.0516
vn 0.5351 0.6944 0.4811
vn -0.0254 0.7794 -0.6261
vn 0.1196 0.7249 -0.6783
vn 0.8754 0.0319 -0.4823
vn 0.8841 0.0293 -0.4664
vn 0.8401 0.2711 0.4698
vn -0.1333 0.0192 0.9909
vn -0.8408 0.2822 -0.4620
vn 0.1955 0.5392 -0.8192
vn 0.2726 0.0208 0.9619
vn -0.2721 0.0179 -0.9621
vn -0.8900 0.0310 -0.4549
vn -0.1529 0.9575 -0.2447
vn -0.1906 0.9786 0.0782
vn 0.1558 0.9580 0.2408
vn 0.1810 0.9809 -0.0706
vn -0.0787 0.7466 -0.6606
vn 0.0821 0.7107 0.6987
vn 0.5333 0.7084 -0.4624
vn -0.3982 0.0154 -0.9172
vn -0.0042 0.0133 -0.9999
vn -0.0060 0.0094 -0.9999
vn 0.0045 0.9982 0.0604
vn -0.0137 0.9982 0.0590
vn -0.0067 0.7262 0.6874
vn 0.0004 0.1388 -0.9903
vn 0.0142 0.0170 0.9998
vn 0.0008 0.0145 0.9999
vn 0.0293 0.0120 0.9995
vn -0.0516 0.9325 -0.3575
vn -0.0528 0.7502 -0.6591
vn -0.0073 1.0000 0.0040
vn 0.3064 0.0235 0.9516
vn 0.9993 0.0362 0.0001
vn 0.9996 0.0291 0.0057
vn -0.9632 0.2685 0.0119
vn -0.9993 0.0265 0.0267
vn 0.9628 0.2701 -0.0000
vn 0.4214 0.9069 -0.0019
vn 0.5937 0.8047 -0.0018
vn -0.0375 0.9993 0.0043
vn 0.0659 0.9978 -0.0100
vn -0.0654 0.9979 0.0042
vn -0.9494 0.0248 -0.3131
vn -0.9988 0.0218 0.0445
vn -0.8353 0.2772 0.4749
vn 0.2576 0.7464 -0.6137
vn 0.1195 0.7250 -0.6783
vn 0.0821 0.7106 0.6987
vn 0.4569 0.7908 0.4071
vn 0.2870 0.0120 -0.9578
vn 0.8376 0.2765 -0.4710
vn -0.2318 0.4607 -0.8567
vn 0.1956 0.5392 -0.8192
vn -0.5403 0.7057 0.4584
vn 0.1195 0.7249 -0.6783
vn 0.1558 0.9580 0.2407
vt 0.922990 0.978771
vt 0.925016 0.775168
vt 0.962695 0.774739
vt 0.969609 0.978244
vt 0.959825 0.221249
vt 0.926680 0.220438
vt 0.935912 0.017318
vt 0.970670 0.017655
vt 0.050561 0.024580
vt 0.071140 0.227750
vt 0.036656 0.229667
vt 0.018773 0.026360
vt 0.221362 0.541109
vt 0.218513 0.538073
vt 0.241571 0.538797
vt 0.241220 0.542453
vt 0.960680 0.559617
vt 0.963012 0.527347
vt 0.970447 0.527713
vt 0.968383 0.567285
vt 0.205371 0.563336
vt 0.236420 0.564226
vt 0.236286 0.571658
vt 0.199744 0.570578
vt 0.952959 0.431305
vt 0.917802 0.430453
vt 0.917857 0.423044
vt 0.958507 0.424139
vt 0.197564 0.435336
vt 0.195350 0.467641
vt 0.187665 0.467212
vt 0.189850 0.427443
vt 0.022073 0.692652
vt 0.051239 0.692685
vt 0.087299 0.893195
vt 0.020325 0.897148
vt 0.917341 0.565255
vt 0.917241 0.555337
vt 0.942146 0.553955
vt 0.952466 0.564544
vt 0.195100 0.525927
vt 0.205548 0.525368
vt 0.207837 0.546558
vt 0.197187 0.558264
vt 0.238623 0.429188
vt 0.238627 0.439307
vt 0.216072 0.440750
vt 0.205772 0.430336
vt 0.964395 0.496221
vt 0.953217 0.496689
vt 0.950717 0.447912
vt 0.961168 0.436415
vt 0.913209 0.543291
vt 0.936763 0.542090
vt 0.218217 0.521196
vt 0.243038 0.451607
vt 0.221730 0.452715
vt 0.940069 0.498752
vt 0.940158 0.456709
vt 0.176815 0.976571
vt 0.181691 0.772720
vt 0.191678 0.773480
vt 0.187240 0.977029
vt 0.958008 0.571831
vt 0.991311 0.018897
vt 0.976097 0.222261
vt 0.200260 0.423191
vt 0.189346 0.565924
vt 0.972694 0.773997
vt 0.968790 0.428872
vt 0.182776 0.221427
vt 0.192699 0.220395
vt 0.950212 0.547809
vt 0.215818 0.552850
vt 0.208142 0.447019
vt 0.942619 0.441697
vt 0.939728 0.539091
vt 0.218767 0.455879
vt 0.937214 0.453721
vt 0.178717 0.017504
vt 0.148220 0.223651
vt 0.147052 0.019486
vt 0.243158 0.455276
vt 0.242902 0.472906
vt 0.218387 0.472879
vt 0.972744 0.495846
vt 0.187408 0.526348
vt 0.138172 0.489161
vt 0.128220 0.692757
vt 0.041814 0.489176
vt 0.205790 0.468159
vt 0.952829 0.526795
vt 0.940358 0.522020
vt 0.241856 0.521207
vt 0.169902 0.489293
vt 0.162621 0.692747
vt 0.217442 0.977424
vt 0.227094 0.774189
vt 0.238681 0.421489
vt 0.252985 0.219954
vt 0.913078 0.539646
vt 0.917350 0.572720
vt 0.236760 0.554380
vt 0.917669 0.440301
vt 0.913586 0.452515
vt 0.913194 0.498880
vt 0.913355 0.456087
vt 0.913176 0.522137
vt 0.090973 0.430533
vt 0.051478 0.434800
vt 0.021133 0.489031
vt 0.980031 0.977810
vt 0.193794 0.016883
vt 0.150173 0.427312
vt 0.119165 0.895492
vt 0.158738 0.897556
vt 0.266783 0.016711
s 1
f 1/1/1 2/2/2 3/3/3
f 3/3/3 4/4/4 1/1/1
f 5/5/5 6/6/6 7/7/7
f 7/7/7 8/8/8 5/5/5
f 9/9/9 10/10/10 11/11/11
f 11/11/11 12/12/12 9/9/9
f 13/13/13 14/14/14 15/15/15
f 15/15/15 16/16/16 13/13/13
f 17/17/17 18/18/18 19/19/19
f 19/19/19 20/20/20 17/17/17
f 21/21/21 22/22/22 23/23/23
f 23/23/23 24/24/24 21/21/21
f 25/25/25 26/26/26 27/27/27
f 27/27/27 28/28/28 25/25/25
f 29/29/29 30/30/30 31/31/31
f 31/31/31 32/32/32 29/29/29
f 33/33/33 34/34/34 35/35/35
f 35/35/35 36/36/36 33/33/33
f 37/37/37 38/38/38 39/39/39
f 39/39/39 40/40/40 37/37/37
f 41/41/41 42/42/42 43/43/43
f 43/43/43 44/44/44 41/41/41
f 45/45/45 46/46/46 47/47/47
f 47/47/47 48/48/48 45/45/45
f 49/49/49 50/50/50 51/51/51
f 51/51/51 52/52/52 49/49/49
f 39/39/39 38/38/38 53/53/16
f 53/53/16 54/54/53 39/39/39
f 42/42/42 55/55/54 14/14/14
f 14/14/14 43/43/43 42/42/42
f 47/47/47 46/46/46 56/56/55
f 56/56/55 57/57/56 47/47/47
f 50/50/50 58/58/57 59/59/58
f 59/59/58 51/51/51 50/50/50
f 12/60/12 11/61/11 60/62/59
f 60/62/59 61/63/60 12/60/12
f 40/40/40 17/17/17 20/20/20
f 20/20/20 62/64/61 40/40/40
f 63/65/62 33/66/33 5/5/5
f 5/5/5 8/8/8 63/65/62
f 48/48/48 29/29/29 32/32/32
f 32/32/32 64/67/63 48/48/48
f 24/24/24 65/68/64 44/44/44
f 44/44/44 21/21/21 24/24/24
f 20/20/20 66/69/65 3/3/3
f 3/3/3 62/64/61 20/20/20
f 28/28/28 36/70/36 52/52/52
f 52/52/52 25/25/25 28/28/28
f 32/32/32 67/71/66 68/72/67
f 68/72/67 64/67/63 32/32/32
f 17/17/17 40/40/40 39/39/39
f 39/39/39 69/73/68 17/17/17
f 21/21/21 44/44/44 43/43/43
f 43/43/43 70/74/69 21/21/21
f 29/29/29 48/48/48 47/47/47
f 47/47/47 71/75/70 29/29/29
f 25/25/25 52/52/52 51/51/51
f 51/51/51 72/76/71 25/25/25
f 69/73/68 39/39/39 54/54/53
f 54/54/53 73/77/72 69/73/68
f 70/74/69 43/43/43 14/14/14
f 14/14/14 13/13/13 70/74/69
f 71/75/70 47/47/47 57/57/56
f 57/57/56 74/78/73 71/75/70
f 72/76/71 51/51/51 59/59/58
f 59/59/58 75/79/74 72/76/71
f 76/80/75 67/71/66 77/81/76
f 77/81/76 78/82/77 76/80/75
f 74/78/73 79/83/78 80/84/79
f 80/84/79 81/85/80 74/78/73
f 52/52/52 36/70/36 35/86/35
f 35/86/35 49/49/49 52/52/52
f 41/41/41 82/87/81 31/31/31
f 31/31/31 30/30/30 41/41/41
f 83/88/82 84/89/83 34/34/34
f 34/34/34 85/90/84 83/88/82
f 30/30/30 29/29/29 71/75/70
f 71/75/70 86/91/42 30/30/30
f 18/18/18 87/92/85 50/50/50
f 50/50/50 49/49/49 18/18/18
f 71/75/70 74/78/73 81/85/80
f 81/85/80 86/91/42 71/75/70
f 87/92/85 88/93/86 58/58/57
f 58/58/57 50/50/50 87/92/85
f 78/82/77 77/81/76 10/10/10
f 10/10/10 9/9/9 78/82/77
f 81/85/80 80/84/79 89/94/87
f 89/94/87 55/55/54 81/85/80
f 49/49/49 35/86/35 19/19/19
f 19/19/19 18/18/18 49/49/49
f 30/30/30 86/91/42 42/42/42
f 42/42/42 41/41/41 30/30/30
f 86/91/42 81/85/80 55/55/54
f 55/55/54 42/42/42 86/91/42
f 44/44/44 65/68/64 82/87/81
f 82/87/81 41/41/41 44/44/44
f 90/95/88 66/96/65 84/89/83
f 84/89/83 83/88/82 90/95/88
f 18/18/18 17/17/17 69/73/68
f 69/73/68 87/92/85 18/18/18
f 69/73/68 73/77/72 88/93/86
f 88/93/86 87/92/85 69/73/68
f 91/97/89 92/98/90 2/2/2
f 2/2/2 1/1/1 91/97/89
f 27/27/27 93/99/91 94/100/92
f 94/100/92 6/6/6 27/27/27
f 54/54/53 53/53/16 95/101/15
f 95/101/15 73/77/72 54/54/53
f 40/40/40 62/64/61 96/102/93
f 96/102/93 37/37/37 40/40/40
f 45/45/45 93/99/91 27/27/27
f 27/27/27 26/26/26 45/45/45
f 22/22/22 97/103/38 38/38/38
f 38/38/38 37/37/37 22/22/22
f 26/26/26 25/25/25 72/76/71
f 72/76/71 98/104/94 26/26/26
f 97/103/38 16/16/16 53/53/16
f 53/53/16 38/38/38 97/103/38
f 72/76/71 75/79/74 99/105/95
f 99/105/95 98/104/94 72/76/71
f 58/58/57 100/106/96 101/107/97
f 101/107/97 59/59/58 58/58/57
f 58/58/57 88/93/86 102/108/98
f 102/108/98 100/106/96 58/58/57
f 53/53/16 16/16/16 15/15/15
f 15/15/15 95/101/15 53/53/16
f 37/37/37 96/102/93 23/23/23
f 23/23/23 22/22/22 37/37/37
f 26/26/26 98/104/94 46/46/46
f 46/46/46 45/45/45 26/26/26
f 98/104/94 99/105/95 56/56/55
f 56/56/55 46/46/46 98/104/94
f 100/106/96 80/84/79 79/83/78
f 79/83/78 101/107/97 100/106/96
f 80/84/79 100/106/96 102/108/98
f 102/108/98 89/94/87 80/84/79
f 91/97/89 61/63/60 60/62/59
f 60/62/59 92/98/90 91/97/89
f 93/99/91 64/67/63 68/72/67
f 68/72/67 94/100/92 93/99/91
f 48/48/48 64/67/63 93/99/91
f 93/99/91 45/45/45 48/48/48
f 22/22/22 21/21/21 70/74/69
f 70/74/69 97/103/38 22/22/22
f 70/74/69 13/13/13 16/16/16
f 16/16/16 97/103/38 70/74/69
f 2/2/2 96/102/93 62/64/61
f 62/64/61 3/3/3 2/2/2
f 28/28/28 27/27/27 6/6/6
f 6/6/6 5/5/5 28/28/28
f 82/109/81 65/110/64 11/11/11
f 11/11/11 10/10/10 82/109/81
f 63/111/62 85/90/84 34/34/34
f 34/34/34 33/33/33 63/111/62
f 65/68/64 24/24/24 60/62/59
f 60/62/59 11/61/11 65/68/64
f 36/70/36 28/28/28 5/5/5
f 5/5/5 33/66/33 36/70/36
f 90/112/88 4/4/4 3/3/3
f 3/3/3 66/69/65 90/112/88
f 76/80/75 103/113/99 68/72/67
f 68/72/67 67/71/66 76/80/75
f 32/32/32 31/114/31 77/81/76
f 77/81/76 67/71/66 32/32/32
f 19/115/19 35/35/35 34/34/34
f 34/34/34 84/89/83 19/115/19
f 31/114/31 82/109/81 10/10/10
f 10/10/10 77/81/76 31/114/31
f 20/116/20 19/115/19 84/89/83
f 84/89/83 66/96/65 20/116/20
f 23/23/23 96/102/93 2/2/2
f 2/2/2 92/98/90 23/23/23
f 104/117/100 7/7/7 6/6/6
f 6/6/6 94/100/92 104/117/100
f 24/24/24 23/23/23 92/98/90
f 92/98/90 60/62/59 24/24/24
f 103/113/99 104/117/100 94/100/92
f 94/100/92 68/72/67 103/113/99
f 55/55/54 89/94/87 15/15/15
f 15/15/15 14/14/14 55/55/54
f 89/94/87 102/108/98 95/101/15
f 95/101/15 15/15/15 89/94/87
f 102/108/98 88/93/86 73/77/72
f 73/77/72 95/101/15 102/108/98
f 57/57/56 56/56/55 79/83/78
f 79/83/78 74/78/73 57/57/56
f 56/56/55 99/105/95 101/107/97
f 101/107/97 79/83/78 56/56/55
f 101/107/97 99/105/95 75/79/74
f 75/79/74 59/59/58 101/107/97
f 105/1/1 106/2/2 107/3/101
f 107/3/101 108/4/102 105/1/1
f 109/5/5 110/6/6 111/7/7
f 111/7/7 112/8/8 109/5/5
f 113/9/9 114/10/10 115/11/11
f 115/11/11 116/12/12 113/9/9
f 117/13/13 118/14/14 119/15/15
f 119/15/15 120/16/16 117/13/13
f 121/17/103 122/18/18 123/19/19
f 123/19/19 124/20/20 121/17/103
f 125/21/21 126/22/22 127/23/23
f 127/23/23 128/24/24 125/21/21
f 129/25/25 130/26/104 131/27/27
f 131/27/27 132/28/28 129/25/25
f 133/29/29 134/30/30 135/31/31
f 135/31/31 136/32/32 133/29/29
f 137/33/33 138/34/34 139/35/35
f 139/35/35 140/36/36 137/33/33
f 141/37/37 142/38/38 143/39/105
f 143/39/105 144/40/40 141/37/37
f 145/41/41 146/42/42 147/43/43
f 147/43/43 148/44/44 145/41/41
f 149/45/45 150/46/46 151/47/47
f 151/47/47 152/48/48 149/45/45
f 153/49/49 154/50/50 155/51/51
f 155/51/51 156/52/52 153/49/49
f 143/39/105 142/38/38 157/53/16
f 157/53/16 158/54/106 143/39/105
f 146/42/42 159/55/54 118/14/14
f 118/14/14 147/43/43 146/42/42
f 151/47/47 150/46/46 160/56/55
f 160/56/55 161/57/56 151/47/47
f 154/50/50 162/58/57 163/59/107
f 163/59/107 155/51/51 154/50/50
f 116/60/12 115/61/11 164/62/59
f 164/62/59 165/63/60 116/60/12
f 144/40/40 121/17/103 124/20/20
f 124/20/20 166/64/61 144/40/40
f 167/65/62 137/66/33 109/5/5
f 109/5/5 112/8/8 167/65/62
f 152/48/48 133/29/29 136/32/32
f 136/32/32 168/67/63 152/48/48
f 128/24/24 169/68/64 148/44/44
f 148/44/44 125/21/21 128/24/24
f 124/20/20 170/69/108 107/3/101
f 107/3/101 166/64/61 124/20/20
f 132/28/28 140/70/36 156/52/52
f 156/52/52 129/25/25 132/28/28
f 136/32/32 171/71/66 172/72/67
f 172/72/67 168/67/63 136/32/32
f 121/17/103 144/40/40 143/39/105
f 143/39/105 173/73/68 121/17/103
f 125/21/21 148/44/44 147/43/43
f 147/43/43 174/74/69 125/21/21
f 133/29/29 152/48/48 151/47/47
f 151/47/47 175/75/109 133/29/29
f 129/25/25 156/52/52 155/51/51
f 155/51/51 176/76/71 129/25/25
f 173/73/68 143/39/105 158/54/106
f 158/54/106 177/77/72 173/73/68
f 174/74/69 147/43/43 118/14/14
f 118/14/14 117/13/13 174/74/69
f 175/75/109 151/47/47 161/57/56
f 161/57/56 178/78/73 175/75/109
f 176/76/71 155/51/51 163/59/107
f 163/59/107 179/79/74 176/76/71
f 180/80/75 171/71/66 181/81/76
f 181/81/76 182/82/77 180/80/75
f 178/78/73 183/83/78 184/84/79
f 184/84/79 185/85/80 178/78/73
f 156/52/52 140/70/36 139/86/35
f 139/86/35 153/49/49 156/52/52
f 145/41/41 186/87/81 135/31/31
f 135/31/31 134/30/30 145/41/41
f 187/88/82 188/89/83 138/34/34
f 138/34/34 189/90/84 187/88/82
f 134/30/30 133/29/29 175/75/109
f 175/75/109 190/91/42 134/30/30
f 122/18/18 191/92/85 154/50/50
f 154/50/50 153/49/49 122/18/18
f 175/75/109 178/78/73 185/85/80
f 185/85/80 190/91/42 175/75/109
f 191/92/85 192/93/86 162/58/57
f 162/58/57 154/50/50 191/92/85
f 182/82/77 181/81/76 114/10/10
f 114/10/10 113/9/9 182/82/77
f 185/85/80 184/84/79 193/94/87
f 193/94/87 159/55/54 185/85/80
f 153/49/49 139/86/35 123/19/19
f 123/19/19 122/18/18 153/49/49
f 134/30/30 190/91/42 146/42/42
f 146/42/42 145/41/41 134/30/30
f 190/91/42 185/85/80 159/55/54
f 159/55/54 146/42/42 190/91/42
f 148/44/44 169/68/64 186/87/81
f 186/87/81 145/41/41 148/44/44
f 194/95/88 170/96/108 188/89/83
f 188/89/83 187/88/82 194/95/88
f 122/18/18 121/17/103 173/73/68
f 173/73/68 191/92/85 122/18/18
f 173/73/68 177/77/72 192/93/86
f 192/93/86 191/92/85 173/73/68
f 195/97/89 196/98/90 106/2/2
f 106/2/2 105/1/1 195/97/89
f 131/27/27 197/99/91 198/100/92
f 198/100/92 110/6/6 131/27/27
f 158/54/106 157/53/16 199/101/15
f 199/101/15 177/77/72 158/54/106
f 144/40/40 166/64/61 200/102/93
f 200/102/93 141/37/37 144/40/40
f 149/45/45 197/99/91 131/27/27
f 131/27/27 130/26/104 149/45/45
f 126/22/22 201/103/38 142/38/38
f 142/38/38 141/37/37 126/22/22
f 130/26/104 129/25/25 176/76/71
f 176/76/71 202/104/94 130/26/104
f 201/103/38 120/16/16 157/53/16
f 157/53/16 142/38/38 201/103/38
f 176/76/71 179/79/74 203/105/95
f 203/105/95 202/104/94 176/76/71
f 162/58/57 204/106/96 205/107/97
f 205/107/97 163/59/107 162/58/57
f 162/58/57 192/93/86 206/108/98
f 206/108/98 204/106/96 162/58/57
f 157/53/16 120/16/16 119/15/15
f 119/15/15 199/101/15 157/53/16
f 141/37/37 200/102/93 127/23/23
f 127/23/23 126/22/22 141/37/37
f 130/26/104 202/104/94 150/46/46
f 150/46/46 149/45/45 130/26/104
f 202/104/94 203/105/95 160/56/55
f 160/56/55 150/46/46 202/104/94
f 204/106/96 184/84/79 183/83/78
f 183/83/78 205/107/97 204/106/96
f 184/84/79 204/106/96 206/108/98
f 206/108/98 193/94/87 184/84/79
f 195/97/89 165/63/60 164/62/59
f 164/62/59 196/98/90 195/97/89
f 197/99/91 168/67/63 172/72/67
f 172/72/67 198/100/92 197/99/91
f 152/48/48 168/67/63 197/99/91
f 197/99/91 149/45/45 152/48/48
f 126/22/22 125/21/21 174/74/69
f 174/74/69 201/103/38 126/22/22
f 174/74/69 117/13/13 120/16/16
f 120/16/16 201/103/38 174/74/69
f 106/2/2 200/102/93 166/64/61
f 166/64/61 107/3/101 106/2/2
f 132/28/28 131/27/27 110/6/6
f 110/6/6 109/5/5 132/28/28
f 186/109/81 169/110/64 115/11/11
f 115/11/11 114/10/10 186/109/81
f 167/111/62 189/90/84 138/34/34
f 138/34/34 137/33/33 167/111/62
f 169/68/64 128/24/24 164/62/59
f 164/62/59 115/61/11 169/68/64
f 140/70/36 132/28/28 109/5/5
f 109/5/5 137/66/33 140/70/36
f 194/112/88 108/4/102 107/3/101
f 107/3/101 170/69/108 194/112/88
f 180/80/75 207/113/99 172/72/67
f 172/72/67 171/71/66 180/80/75
f 136/32/32 135/114/31 181/81/76
f 181/81/76 171/71/66 136/32/32
f 123/115/19 139/35/35 138/34/34
f 138/34/34 188/89/83 123/115/19
f 135/114/31 186/109/81 114/10/10
f 114/10/10 181/81/76 135/114/31
f 124/116/20 123/115/19 188/89/83
f 188/89/83 170/96/108 124/116/20
f 127/23/23 200/102/93 106/2/2
f 106/2/2 196/98/90 127/23/23
f 208/117/100 111/7/7 110/6/6
f 110/6/6 198/100/92 208/117/100
f 128/24/24 127/23/23 196/98/90
f 196/98/90 164/62/59 128/24/24
f 207/113/99 208/117/100 198/100/92
f 198/100/92 172/72/67 207/113/99
f 159/55/54 193/94/87 119/15/15
f 119/15/15 118/14/14 159/55/54
f 193/94/87 206/108/98 199/101/15
f 199/101/15 119/15/15 193/94/87
f 206/108/98 192/93/86 177/77/72
f 177/77/72 199/101/15 206/108/98
f 161/57/56 160/56/55 183/83/78
f 183/83/78 178/78/73 161/57/56
f 160/56/55 203/105/95 205/107/97
f 205/107/97 183/83/78 160/56/55
f 205/107/97 203/105/95 179/79/74
f 179/79/74 163/59/107 205/107/97
f 209/1/110 210/2/111 211/3/112
f 211/3/112 212/4/113 209/1/110
f 213/5/114 214/6/115 215/7/116
f 215/7/116 216/8/117 213/5/114
f 217/9/118 218/10/119 219/11/120
f 219/11/120 220/12/121 217/9/118
f 221/13/122 222/14/123 223/15/15
f 223/15/15 224/16/16 221/13/122
f 225/17/124 226/18/125 227/19/126
f 227/19/126 228/20/127 225/17/124
f 229/21/128 230/22/22 231/23/129
f 231/23/129 232/24/130 229/21/128
f 233/25/131 234/26/132 235/27/133
f 235/27/133 236/28/134 233/25/131
f 237/29/135 238/30/136 239/31/137
f 239/31/137 240/32/138 237/29/135
f 241/33/139 242/34/140 243/35/141
f 243/35/141 244/36/142 241/33/139
f 245/37/37 246/38/38 247/39/143
f 247/39/143 248/40/144 245/37/37
f 249/41/145 250/42/146 251/43/147
f 251/43/147 252/44/148 249/41/145
f 253/45/149 254/46/150 255/47/151
f 255/47/151 256/48/152 253/45/149
f 257/49/153 258/50/154 259/51/155
f 259/51/155 260/52/156 257/49/153
f 247/39/143 246/38/38 261/53/16
f 261/53/16 262/54/157 247/39/143
f 250/42/146 263/55/158 222/14/123
f 222/14/123 251/43/147 250/42/146
f 255/47/151 254/46/150 264/56/159
f 264/56/159 265/57/160 255/47/151
f 258/50/154 266/58/161 267/59/162
f 267/59/162 259/51/155 258/50/154
f 220/60/121 219/61/120 268/62/163
f 268/62/163 269/63/164 220/60/121
f 248/40/144 225/17/124 228/20/127
f 228/20/127 270/64/165 248/40/144
f 271/65/166 241/66/139 213/5/114
f 213/5/114 216/8/117 271/65/166
f 256/48/152 237/29/135 240/32/138
f 240/32/138 272/67/167 256/48/152
f 232/24/130 273/68/168 252/44/148
f 252/44/148 229/21/128 232/24/130
f 228/20/127 274/69/169 211/3/112
f 211/3/112 270/64/165 228/20/127
f 236/28/134 244/70/142 260/52/156
f 260/52/156 233/25/131 236/28/134
f 240/32/138 275/71/170 276/72/171
f 276/72/171 272/67/167 240/32/138
f 225/17/124 248/40/144 247/39/143
f 247/39/143 277/73/172 225/17/124
f 229/21/128 252/44/148 251/43/147
f 251/43/147 278/74/173 229/21/128
f 237/29/135 256/48/152 255/47/151
f 255/47/151 279/75/174 237/29/135
f 233/25/131 260/52/156 259/51/155
f 259/51/155 280/76/175 233/25/131
f 277/73/172 247/39/143 262/54/157
f 262/54/157 281/77/176 277/73/172
f 278/74/173 251/43/147 222/14/123
f 222/14/123 221/13/122 278/74/173
f 279/75/174 255/47/151 265/57/160
f 265/57/160 282/78/177 279/75/174
f 280/76/175 259/51/155 267/59/162
f 267/59/162 283/79/178 280/76/175
f 284/80/179 275/71/170 285/81/180
f 285/81/180 286/82/181 284/80/179
f 282/78/177 287/83/182 288/84/183
f 288/84/183 289/85/184 282/78/177
f 260/52/156 244/70/142 243/86/141
f 243/86/141 257/49/153 260/52/156
f 249/41/145 290/87/185 239/31/137
f 239/31/137 238/30/136 249/41/145
f 291/88/186 292/89/187 242/34/140
f 242/34/140 293/90/188 291/88/186
f 238/30/136 237/29/135 279/75/174
f 279/75/174 294/91/146 238/30/136
f 226/18/125 295/92/189 258/50/154
f 258/50/154 257/49/153 226/18/125
f 279/75/174 282/78/177 289/85/184
f 289/85/184 294/91/146 279/75/174
f 295/92/189 296/93/190 266/58/161
f 266/58/161 258/50/154 295/92/189
f 286/82/181 285/81/180 218/10/119
f 218/10/119 217/9/118 286/82/181
f 289/85/184 288/84/183 297/94/191
f 297/94/191 263/55/158 289/85/184
f 257/49/153 243/86/141 227/19/126
f 227/19/126 226/18/125 257/49/153
f 238/30/136 294/91/146 250/42/146
f 250/42/146 249/41/145 238/30/136
f 294/91/146 289/85/184 263/55/158
f 263/55/158 250/42/146 294/91/146
f 252/44/148 273/68/168 290/87/185
f 290/87/185 249/41/145 252/44/148
f 298/95/192 274/96/169 292/89/187
f 292/89/187 291/88/186 298/95/192
f 226/18/125 225/17/124 277/73/172
f 277/73/172 295/92/189 226/18/125
f 277/73/172 281/77/176 296/93/190
f 296/93/190 295/92/189 277/73/172
f 299/97/193 300/98/194 210/2/111
f 210/2/111 209/1/110 299/97/193
f 235/27/133 301/99/195 302/100/196
f 302/100/196 214/6/115 235/27/133
f 262/54/157 261/53/16 303/101/15
f 303/101/15 281/77/176 262/54/157
f 248/40/144 270/64/165 304/102/93
f 304/102/93 245/37/37 248/40/144
f 253/45/149 301/99/195 235/27/133
f 235/27/133 234/26/132 253/45/149
f 230/22/22 305/103/38 246/38/38
f 246/38/38 245/37/37 230/22/22
f 234/26/132 233/25/131 280/76/175
f 280/76/175 306/104/197 234/26/132
f 305/103/38 224/16/16 261/53/16
f 261/53/16 246/38/38 305/103/38
f 280/76/175 283/79/178 307/105/198
f 307/105/198 306/104/197 280/76/175
f 266/58/161 308/106/199 309/107/200
f 309/107/200 267/59/162 266/58/161
f 266/58/161 296/93/190 310/108/201
f 310/108/201 308/106/199 266/58/161
f 261/53/16 224/16/16 223/15/15
f 223/15/15 303/101/15 261/53/16
f 245/37/37 304/102/93 231/23/129
f 231/23/129 230/22/22 245/37/37
f 234/26/132 306/104/197 254/46/150
f 254/46/150 253/45/149 234/26/132
f 306/104/197 307/105/198 264/56/159
f 264/56/159 254/46/150 306/104/197
f 308/106/199 288/84/183 287/83/182
f 287/83/182 309/107/200 308/106/199
f 288/84/183 308/106/199 310/108/201
f 310/108/201 297/94/191 288/84/183
f 299/97/193 269/63/164 268/62/163
f 268/62/163 300/98/194 299/97/193
f 301/99/195 272/67/167 276/72/171
f 276/72/171 302/100/196 301/99/195
f 256/48/152 272/67/167 301/99/195
f 301/99/195 253/45/149 256/48/152
f 230/22/22 229/21/128 278/74/173
f 278/74/173 305/103/38 230/22/22
f 278/74/173 221/13/122 224/16/16
f 224/16/16 305/103/38 278/74/173
f 210/2/111 304/102/93 270/64/165
f 270/64/165 211/3/112 210/2/111
f 236/28/134 235/27/133 214/6/115
f 214/6/115 213/5/114 236/28/134
f 290/109/185 273/110/168 219/11/120
f 219/11/120 218/10/119 290/109/185
f 271/111/166 293/90/188 242/34/140
f 242/34/140 241/33/139 271/111/166
f 273/68/168 232/24/130 268/62/163
f 268/62/163 219/61/120 273/68/168
f 244/70/142 236/28/134 213/5/114
f 213/5/114 241/66/139 244/70/142
f 298/112/192 212/4/113 211/3/112
f 211/3/112 274/69/169 298/112/192
f 284/80/179 311/113/202 276/72/171
f 276/72/171 275/71/170 284/80/179
f 240/32/138 239/114/137 285/81/180
f 285/81/180 275/71/170 240/32/138
f 227/115/126 243/35/141 242/34/140
f 242/34/140 292/89/187 227/115/126
f 239/114/137 290/109/185 218/10/119
f 218/10/119 285/81/180 239/114/137
f 228/116/127 227/115/126 292/89/187
f 292/89/187 274/96/169 228/116/127
f 231/23/129 304/102/93 210/2/111
f 210/2/111 300/98/194 231/23/129
f 312/117/203 215/7/116 214/6/115
f 214/6/115 302/100/196 312/117/203
f 232/24/130 231/23/129 300/98/194
f 300/98/194 268/62/163 232/24/130
f 311/113/202 312/117/203 302/100/196
f 302/100/196 276/72/171 311/113/202
f 263/55/158 297/94/191 223/15/15
f 223/15/15 222/14/123 263/55/158
f 297/94/191 310/108/201 303/101/15
f 303/101/15 223/15/15 297/94/191
f 310/108/201 296/93/190 281/77/176
f 281/77/176 303/101/15 310/108/201
f 265/57/160 264/56/159 287/83/182
f 287/83/182 282/78/177 265/57/160
f 264/56/159 307/105/198 309/107/200
f 309/107/200 287/83/182 264/56/159
f 309/107/200 307/105/198 283/79/178
f 283/79/178 267/59/162 309/107/200
f 313/1/204 314/2/205 315/3/206
f 315/3/206 316/4/207 313/1/204
f 317/5/208 318/6/209 319/7/210
f 319/7/210 320/8/211 317/5/208
f 321/9/212 322/10/213 323/11/214
f 323/11/214 324/12/215 321/9/212
f 325/13/216 326/14/217 327/15/15
f 327/15/15 328/16/218 325/13/216
f 329/17/219 330/18/220 331/19/221
f 331/19/221 332/20/222 329/17/219
f 333/21/223 334/22/224 335/23/225
f 335/23/225 336/24/226 333/21/223
f 337/25/227 338/26/228 339/27/229
f 339/27/229 340/28/230 337/25/227
f 341/29/231 342/30/232 343/31/233
f 343/31/233 344/32/234 341/29/231
f 345/33/235 346/34/236 347/35/237
f 347/35/237 348/36/238 345/33/235
f 349/37/239 350/38/240 351/39/241
f 351/39/241 352/40/242 349/37/239
f 353/41/243 354/42/244 355/43/245
f 355/43/245 356/44/246 353/41/243
f 357/45/247 358/46/248 359/47/249
f 359/47/249 360/48/250 357/45/247
f 361/49/251 362/50/252 363/51/253
f 363/51/253 364/52/254 361/49/251
f 351/39/241 350/38/240 365/53/218
f 365/53/218 366/54/255 351/39/241
f 354/42/244 367/55/256 326/14/217
f 326/14/217 355/43/245 354/42/244
f 359/47/249 358/46/248 368/56/257
f 368/56/257 369/57/258 359/47/249
f 362/50/252 370/58/259 371/59/260
f 371/59/260 363/51/253 362/50/252
f 324/60/215 323/61/214 372/62/261
f 372/62/261 373/63/262 324/60/215
f 352/40/242 329/17/219 332/20/222
f 332/20/222 374/64/263 352/40/242
f 375/65/264 345/66/235 317/5/208
f 317/5/208 320/8/211 375/65/264
f 360/48/250 341/29/231 344/32/234
f 344/32/234 376/67/265 360/48/250
f 336/24/226 377/68/266 356/44/246
f 356/44/246 333/21/223 336/24/226
f 332/20/222 378/69/267 315/3/206
f 315/3/206 374/64/263 332/20/222
f 340/28/230 348/70/238 364/52/254
f 364/52/254 337/25/227 340/28/230
f 344/32/234 379/71/268 380/72/269
f 380/72/269 376/67/265 344/32/234
f 329/17/219 352/40/242 351/39/241
f 351/39/241 381/73/270 329/17/219
f 333/21/223 356/44/246 355/43/245
f 355/43/245 382/74/271 333/21/223
f 341/29/231 360/48/250 359/47/249
f 359/47/249 383/75/272 341/29/231
f 337/25/227 364/52/254 363/51/253
f 363/51/253 384/76/273 337/25/227
f 381/73/270 351/39/241 366/54/255
f 366/54/255 385/77/274 381/73/270
f 382/74/271 355/43/245 326/14/217
f 326/14/217 325/13/216 382/74/271
f 383/75/272 359/47/249 369/57/258
f 369/57/258 386/78/275 383/75/272
f 384/76/273 363/51/253 371/59/260
f 371/59/260 387/79/276 384/76/273
f 388/80/277 379/71/268 389/81/278
f 389/81/278 390/82/279 388/80/277
f 386/78/275 391/83/280 392/84/281
f 392/84/281 393/85/282 386/78/275
f 364/52/254 348/70/238 347/86/237
f 347/86/237 361/49/251 364/52/254
f 353/41/243 394/87/283 343/31/233
f 343/31/233 342/30/232 353/41/243
f 395/88/284 396/89/285 346/34/236
f 346/34/236 397/90/286 395/88/284
f 342/30/232 341/29/231 383/75/272
f 383/75/272 398/91/244 342/30/232
f 330/18/220 399/92/287 362/50/252
f 362/50/252 361/49/251 330/18/220
f 383/75/272 386/78/275 393/85/282
f 393/85/282 398/91/244 383/75/272
f 399/92/287 400/93/288 370/58/259
f 370/58/259 362/50/252 399/92/287
f 390/82/279 389/81/278 322/10/213
f 322/10/213 321/9/212 390/82/279
f 393/85/282 392/84/281 401/94/289
f 401/94/289 367/55/256 393/85/282
f 361/49/251 347/86/237 331/19/221
f 331/19/221 330/18/220 361/49/251
f 342/30/232 398/91/244 354/42/244
f 354/42/244 353/41/243 342/30/232
f 398/91/244 393/85/282 367/55/256
f 367/55/256 354/42/244 398/91/244
f 356/44/246 377/68/266 394/87/283
f 394/87/283 353/41/243 356/44/246
f 402/95/290 378/96/267 396/89/285
f 396/89/285 395/88/284 402/95/290
f 330/18/220 329/17/219 381/73/270
f 381/73/270 399/92/287 330/18/220
f 381/73/270 385/77/274 400/93/288
f 400/93/288 399/92/287 381/73/270
f 403/97/291 404/98/292 314/2/205
f 314/2/205 313/1/204 403/97/291
f 339/27/229 405/99/293 406/100/294
f 406/100/294 318/6/209 339/27/229
f 366/54/255 365/53/218 407/101/15
f 407/101/15 385/77/274 366/54/255
f 352/40/242 374/64/263 408/102/295
f 408/102/295 349/37/239 352/40/242
f 357/45/247 405/99/293 339/27/229
f 339/27/229 338/26/228 357/45/247
f 334/22/224 409/103/240 350/38/240
f 350/38/240 349/37/239 334/22/224
f 338/26/228 337/25/227 384/76/273
f 384/76/273 410/104/296 338/26/228
f 409/103/240 328/16/218 365/53/218
f 365/53/218 350/38/240 409/103/240
f 384/76/273 387/79/276 411/105/297
f 411/105/297 410/104/296 384/76/273
f 370/58/259 412/106/298 413/107/299
f 413/107/299 371/59/260 370/58/259
f 370/58/259 400/93/288 414/108/300
f 414/108/300 412/106/298 370/58/259
f 365/53/218 328/16/218 327/15/15
f 327/15/15 407/101/15 365/53/218
f 349/37/239 408/102/295 335/23/225
f 335/23/225 334/22/224 349/37/239
f 338/26/228 410/104/296 358/46/248
f 358/46/248 357/45/247 338/26/228
f 410/104/296 411/105/297 368/56/257
f 368/56/257 358/46/248 410/104/296
f 412/106/298 392/84/281 391/83/280
f 391/83/280 413/107/299 412/106/298
f 392/84/281 412/106/298 414/108/300
f 414/108/300 401/94/289 392/84/281
f 403/97/291 373/63/262 372/62/261
f 372/62/261 404/98/292 403/97/291
f 405/99/293 376/67/265 380/72/269
f 380/72/269 406/100/294 405/99/293
f 360/48/250 376/67/265 405/99/293
f 405/99/293 357/45/247 360/48/250
f 334/22/224 333/21/223 382/74/271
f 382/74/271 409/103/240 334/22/224
f 382/74/271 325/13/216 328/16/218
f 328/16/218 409/103/240 382/74/271
f 314/2/205 408/102/295 374/64/263
f 374/64/263 315/3/206 314/2/205
f 340/28/230 339/27/229 318/6/209
f 318/6/209 317/5/208 340/28/230
f 394/109/283 377/110/266 323/11/214
f 323/11/214 322/10/213 394/109/283
f 375/111/264 397/90/286 346/34/236
f 346/34/236 345/33/235 375/111/264
f 377/68/266 336/24/226 372/62/261
f 372/62/261 323/61/214 377/68/266
f 348/70/238 340/28/230 317/5/208
f 317/5/208 345/66/235 348/70/238
f 402/112/290 316/4/207 315/3/206
f 315/3/206 378/69/267 402/112/290
f 388/80/277 415/113/301 380/72/269
f 380/72/269 379/71/268 388/80/277
f 344/32/234 343/114/233 389/81/278
f 389/81/278 379/71/268 344/32/234
f 331/115/221 347/35/237 346/34/236
f 346/34/236 396/89/285 331/115/221
f 343/114/233 394/109/283 322/10/213
f 322/10/213 389/81/278 343/114/233
f 332/116/222 331/115/221 396/89/285
f 396/89/285 378/96/267 332/116/222
f 335/23/225 408/102/295 314/2/205
f 314/2/205 404/98/292 335/23/225
f 416/117/302 319/7/210 318/6/209
f 318/6/209 406/100/294 416/117/302
f 336/24/226 335/23/225 404/98/292
f 404/98/292 372/62/261 336/24/226
f 415/113/301 416/117/302 406/100/294
f 406/100/294 380/72/269 415/113/301
f 367/55/256 401/94/289 327/15/15
f 327/15/15 326/14/217 367/55/256
f 401/94/289 414/108/300 407/101/15
f 407/101/15 327/15/15 401/94/289
f 414/108/300 400/93/288 385/77/274
f 385/77/274 407/101/15 414/108/300
f 369/57/258 368/56/257 391/83/280
f 391/83/280 386/78/275 369/57/258
f 368/56/257 411/105/297 413/107/299
f 413/107/299 391/83/280 368/56/257
f 413/107/299 411/105/297 387/79/276
f 387/79/276 371/59/260 413/107/299
f 417/1/204 418/2/205 419/3/206
f 419/3/206 420/4/207 417/1/204
f 421/5/208 422/6/209 423/7/210
f 423/7/210 424/8/211 421/5/208
f 425/9/212 426/10/213 427/11/214
f 427/11/214 428/12/215 425/9/212
f 429/13/216 430/14/217 431/15/15
f 431/15/15 432/16/218 429/13/216
f 433/17/219 434/18/220 435/19/221
f 435/19/221 436/20/222 433/17/219
f 437/21/223 438/22/224 439/23/225
f 439/23/225 440/24/226 437/21/223
f 441/25/227 442/26/228 443/27/229
f 443/27/229 444/28/303 441/25/227
f 445/29/231 446/30/232 447/31/233
f 447/31/233 448/32/234 445/29/231
f 449/33/235 450/34/236 451/35/237
f 451/35/237 452/36/238 449/33/235
f 453/37/239 454/38/240 455/39/241
f 455/39/241 456/40/242 453/37/239
f 457/41/243 458/42/244 459/43/245
f 459/43/245 460/44/304 457/41/243
f 461/45/247 462/46/248 463/47/249
f 463/47/249 464/48/250 461/45/247
f 465/49/251 466/50/252 467/51/253
f 467/51/253 468/52/254 465/49/251
f 455/39/241 454/38/240 469/53/218
f 469/53/218 470/54/255 455/39/241
f 458/42/244 471/55/256 430/14/217
f 430/14/217 459/43/245 458/42/244
f 463/47/249 462/46/248 472/56/257
f 472/56/257 473/57/258 463/47/249
f 466/50/252 474/58/259 475/59/305
f 475/59/305 467/51/253 466/50/252
f 428/60/215 427/61/214 476/62/261
f 476/62/261 477/63/262 428/60/215
f 456/40/242 433/17/219 436/20/222
f 436/20/222 478/64/263 456/40/242
f 479/65/264 449/66/235 421/5/208
f 421/5/208 424/8/211 479/65/264
f 464/48/250 445/29/231 448/32/234
f 448/32/234 480/67/265 464/48/250
f 440/24/226 481/68/266 460/44/304
f 460/44/304 437/21/223 440/24/226
f 436/20/222 482/69/267 419/3/206
f 419/3/206 478/64/263 436/20/222
f 444/28/303 452/70/238 468/52/254
f 468/52/254 441/25/227 444/28/303
f 448/32/234 483/71/268 484/72/269
f 484/72/269 480/67/265 448/32/234
f 433/17/219 456/40/242 455/39/241
f 455/39/241 485/73/270 433/17/219
f 437/21/223 460/44/304 459/43/245
f 459/43/245 486/74/271 437/21/223
f 445/29/231 464/48/250 463/47/249
f 463/47/249 487/75/272 445/29/231
f 441/25/227 468/52/254 467/51/253
f 467/51/253 488/76/273 441/25/227
f 485/73/270 455/39/241 470/54/255
f 470/54/255 489/77/274 485/73/270
f 486/74/271 459/43/245 430/14/217
f 430/14/217 429/13/216 486/74/271
f 487/75/272 463/47/249 473/57/258
f 473/57/258 490/78/306 487/75/272
f 488/76/273 467/51/253 475/59/305
f 475/59/305 491/79/276 488/76/273
f 492/80/277 483/71/268 493/81/278
f 493/81/278 494/82/279 492/80/277
f 490/78/306 495/83/280 496/84/281
f 496/84/281 497/85/282 490/78/306
f 468/52/254 452/70/238 451/86/237
f 451/86/237 465/49/251 468/52/254
f 457/41/243 498/87/283 447/31/233
f 447/31/233 446/30/232 457/41/243
f 499/88/284 500/89/285 450/34/236
f 450/34/236 501/90/286 499/88/284
f 446/30/232 445/29/231 487/75/272
f 487/75/272 502/91/244 446/30/232
f 434/18/220 503/92/287 466/50/252
f 466/50/252 465/49/251 434/18/220
f 487/75/272 490/78/306 497/85/282
f 497/85/282 502/91/244 487/75/272
f 503/92/287 504/93/288 474/58/259
f 474/58/259 466/50/252 503/92/287
f 494/82/279 493/81/278 426/10/213
f 426/10/213 425/9/212 494/82/279
f 497/85/282 496/84/281 505/94/289
f 505/94/289 471/55/256 497/85/282
f 465/49/251 451/86/237 435/19/221
f 435/19/221 434/18/220 465/49/251
f 446/30/232 502/91/244 458/42/244
f 458/42/244 457/41/243 446/30/232
f 502/91/244 497/85/282 471/55/256
f 471/55/256 458/42/244 502/91/244
f 460/44/304 481/68/266 498/87/283
f 498/87/283 457/41/243 460/44/304
f 506/95/290 482/96/267 500/89/285
f 500/89/285 499/88/284 506/95/290
f 434/18/220 433/17/219 485/73/270
f 485/73/270 503/92/287 434/18/220
f 485/73/270 489/77/274 504/93/288
f 504/93/288 503/92/287 485/73/270
f 507/97/291 508/98/292 418/2/205
f 418/2/205 417/1/204 507/97/291
f 443/27/229 509/99/293 510/100/294
f 510/100/294 422/6/209 443/27/229
f 470/54/255 469/53/218 511/101/15
f 511/101/15 489/77/274 470/54/255
f 456/40/242 478/64/263 512/102/295
f 512/102/295 453/37/239 456/40/242
f 461/45/247 509/99/293 443/27/229
f 443/27/229 442/26/228 461/45/247
f 438/22/224 513/103/240 454/38/240
f 454/38/240 453/37/239 438/22/224
f 442/26/228 441/25/227 488/76/273
f 488/76/273 514/104/296 442/26/228
f 513/103/240 432/16/218 469/53/218
f 469/53/218 454/38/240 513/103/240
f 488/76/273 491/79/276 515/105/297
f 515/105/297 514/104/296 488/76/273
f 474/58/259 516/106/298 517/107/299
f 517/107/299 475/59/305 474/58/259
f 474/58/259 504/93/288 518/108/300
f 518/108/300 516/106/298 474/58/259
f 469/53/218 432/16/218 431/15/15
f 431/15/15 511/101/15 469/53/218
f 453/37/239 512/102/295 439/23/225
f 439/23/225 438/22/224 453/37/239
f 442/26/228 514/104/296 462/46/248
f 462/46/248 461/45/247 442/26/228
f 514/104/296 515/105/297 472/56/257
f 472/56/257 462/46/248 514/104/296
f 516/106/298 496/84/281 495/83/280
f 495/83/280 517/107/299 516/106/298
f 496/84/281 516/106/298 518/108/300
f 518/108/300 505/94/289 496/84/281
f 507/97/291 477/63/262 476/62/261
f 476/62/261 508/98/292 507/97/291
f 509/99/293 480/67/265 484/72/269
f 484/72/269 510/100/294 509/99/293
f 464/48/250 480/67/265 509/99/293
f 509/99/293 461/45/247 464/48/250
f 438/22/224 437/21/223 486/74/271
f 486/74/271 513/103/240 438/22/224
f 486/74/271 429/13/216 432/16/218
f 432/16/218 513/103/240 486/74/271
f 418/2/205 512/102/295 478/64/263
f 478/64/263 419/3/206 418/2/205
f 444/28/303 443/27/229 422/6/209
f 422/6/209 421/5/208 444/28/303
f 498/109/283 481/110/266 427/11/214
f 427/11/214 426/10/213 498/109/283
f 479/111/264 501/90/286 450/34/236
f 450/34/236 449/33/235 479/111/264
f 481/68/266 440/24/226 476/62/261
f 476/62/261 427/61/214 481/68/266
f 452/70/238 444/28/303 421/5/208
f 421/5/208 449/66/235 452/70/238
f 506/112/290 420/4/207 419/3/206
f 419/3/206 482/69/267 506/112/290
f 492/80/277 519/113/301 484/72/269
f 484/72/269 483/71/268 492/80/277
f 448/32/234 447/114/233 493/81/278
f 493/81/278 483/71/268 448/32/234
f 435/115/221 451/35/237 450/34/236
f 450/34/236 500/89/285 435/115/221
f 447/114/233 498/109/283 426/10/213
f 426/10/213 493/81/278 447/114/233
f 436/116/222 435/115/221 500/89/285
f 500/89/285 482/96/267 436/116/222
f 439/23/225 512/102/295 418/2/205
f 418/2/205 508/98/292 439/23/225
f 520/117/302 423/7/210 422/6/209
f 422/6/209 510/100/294 520/117/302
f 440/24/226 439/23/225 508/98/292
f 508/98/292 476/62/261 440/24/226
f 519/113/301 520/117/302 510/100/294
f 510/100/294 484/72/269 519/113/301
f 471/55/256 505/94/289 431/15/15
f 431/15/15 430/14/217 471/55/256
f 505/94/289 518/108/300 511/101/15
f 511/101/15 431/15/15 505/94/289
f 518/108/300 504/93/288 489/77/274
f 489/77/274 511/101/15 518/108/300
f 473/57/258 472/56/257 495/83/280
f 495/83/280 490/78/306 473/57/258
f 472/56/257 515/105/297 517/107/299
f 517/107/299 495/83/280 472/56/257
f 517/107/299 515/105/297 491/79/276
f 491/79/276 475/59/305 517/107/299
f 521/1/204 522/2/205 523/3/206
f 523/3/206 524/4/207 521/1/204
f 525/5/208 526/6/209 527/7/210
f 527/7/210 528/8/211 525/5/208
f 529/9/212 530/10/213 531/11/214
f 531/11/214 532/12/215 529/9/212
f 533/13/216 534/14/217 535/15/15
f 535/15/15 536/16/218 533/13/216
f 537/17/219 538/18/220 539/19/221
f 539/19/221 540/20/222 537/17/219
f 541/21/223 542/22/224 543/23/225
f 543/23/225 544/24/226 541/21/223
f 545/25/227 546/26/228 547/27/229
f 547/27/229 548/28/230 545/25/227
f 549/29/231 550/30/232 551/31/233
f 551/31/233 552/32/234 549/29/231
f 553/33/235 554/34/236 555/35/237
f 555/35/237 556/36/238 553/33/235
f 557/37/239 558/38/240 559/39/241
f 559/39/241 560/40/242 557/37/239
f 561/41/243 562/42/244 563/43/245
f 563/43/245 564/44/304 561/41/243
f 565/45/247 566/46/248 567/47/249
f 567/47/249 568/48/250 565/45/247
f 569/49/251 570/50/252 571/51/253
f 571/51/253 572/52/254 569/49/251
f 559/39/241 558/38/240 573/53/218
f 573/53/218 574/54/255 559/39/241
f 562/42/244 575/55/256 534/14/217
f 534/14/217 563/43/245 562/42/244
f 567/47/249 566/46/248 576/56/257
f 576/56/257 577/57/258 567/47/249
f 570/50/252 578/58/259 579/59/305
f 579/59/305 571/51/253 570/50/252
f 532/60/215 531/61/214 580/62/261
f 580/62/261 581/63/262 532/60/215
f 560/40/242 537/17/219 540/20/222
f 540/20/222 582/64/263 560/40/242
f 583/65/264 553/66/235 525/5/208
f 525/5/208 528/8/211 583/65/264
f 568/48/250 549/29/231 552/32/234
f 552/32/234 584/67/265 568/48/250
f 544/24/226 585/68/266 564/44/304
f 564/44/304 541/21/223 544/24/226
f 540/20/222 586/69/267 523/3/206
f 523/3/206 582/64/263 540/20/222
f 548/28/230 556/70/238 572/52/254
f 572/52/254 545/25/227 548/28/230
f 552/32/234 587/71/268 588/72/269
f 588/72/269 584/67/265 552/32/234
f 537/17/219 560/40/242 559/39/241
f 559/39/241 589/73/270 537/17/219
f 541/21/223 564/44/304 563/43/245
f 563/43/245 590/74/271 541/21/223
f 549/29/231 568/48/250 567/47/249
f 567/47/249 591/75/272 549/29/231
f 545/25/227 572/52/254 571/51/253
f 571/51/253 592/76/273 545/25/227
f 589/73/270 559/39/241 574/54/255
f 574/54/255 593/77/274 589/73/270
f 590/74/271 563/43/245 534/14/217
f 534/14/217 533/13/216 590/74/271
f 591/75/272 567/47/249 577/57/258
f 577/57/258 594/78/306 591/75/272
f 592/76/273 571/51/253 579/59/305
f 579/59/305 595/79/276 592/76/273
f 596/80/277 587/71/268 597/81/278
f 597/81/278 598/82/279 596/80/277
f 594/78/306 599/83/280 600/84/281
f 600/84/281 601/85/282 594/78/306
f 572/52/254 556/70/238 555/86/237
f 555/86/237 569/49/251 572/52/254
f 561/41/243 602/87/283 551/31/233
f 551/31/233 550/30/232 561/41/243
f 603/88/284 604/89/285 554/34/236
f 554/34/236 605/90/286 603/88/284
f 550/30/232 549/29/231 591/75/272
f 591/75/272 606/91/244 550/30/232
f 538/18/220 607/92/287 570/50/252
f 570/50/252 569/49/251 538/18/220
f 591/75/272 594/78/306 601/85/282
f 601/85/282 606/91/244 591/75/272
f 607/92/287 608/93/288 578/58/259
f 578/58/259 570/50/252 607/92/287
f 598/82/279 597/81/278 530/10/213
f 530/10/213 529/9/212 598/82/279
f 601/85/282 600/84/281 609/94/289
f 609/94/289 575/55/256 601/85/282
f 569/49/251 555/86/237 539/19/221
f 539/19/221 538/18/220 569/49/251
f 550/30/232 606/91/244 562/42/244
f 562/42/244 561/41/243 550/30/232
f 606/91/244 601/85/282 575/55/256
f 575/55/256 562/42/244 606/91/244
f 564/44/304 585/68/266 602/87/283
f 602/87/283 561/41/243 564/44/304
f 610/95/290 586/96/267 604/89/285
f 604/89/285 603/88/284 610/95/290
f 538/18/220 537/17/219 589/73/270
f 589/73/270 607/92/287 538/18/220
f 589/73/270 593/77/274 608/93/288
f 608/93/288 607/92/287 589/73/270
f 611/97/291 612/98/292 522/2/205
f 522/2/205 521/1/204 611/97/291
f 547/27/229 613/99/293 614/100/294
f 614/100/294 526/6/209 547/27/229
f 574/54/255 573/53/218 615/101/15
f 615/101/15 593/77/274 574/54/255
f 560/40/242 582/64/263 616/102/295
f 616/102/295 557/37/239 560/40/242
f 565/45/247 613/99/293 547/27/229
f 547/27/229 546/26/228 565/45/247
f 542/22/224 617/103/240 558/38/240
f 558/38/240 557/37/239 542/22/224
f 546/26/228 545/25/227 592/76/273
f 592/76/273 618/104/296 546/26/228
f 617/103/240 536/16/218 573/53/218
f 573/53/218 558/38/240 617/103/240
f 592/76/273 595/79/276 619/105/297
f 619/105/297 618/104/296 592/76/273
f 578/58/259 620/106/298 621/107/299
f 621/107/299 579/59/305 578/58/259
f 578/58/259 608/93/288 622/108/300
f 622/108/300 620/106/298 578/58/259
f 573/53/218 536/16/218 535/15/15
f 535/15/15 615/101/15 573/53/218
f 557/37/239 616/102/295 543/23/225
f 543/23/225 542/22/224 557/37/239
f 546/26/228 618/104/296 566/46/248
f 566/46/248 565/45/247 546/26/228
f 618/104/296 619/105/297 576/56/257
f 576/56/257 566/46/248 618/104/296
f 620/106/298 600/84/281 599/83/280
f 599/83/280 621/107/299 620/106/298
f 600/84/281 620/106/298 622/108/300
f 622/108/300 609/94/289 600/84/281
f 611/97/291 581/63/262 580/62/261
f 580/62/261 612/98/292 611/97/291
f 613/99/293 584/67/265 588/72/269
f 588/72/269 614/100/294 613/99/293
f 568/48/250 584/67/265 613/99/293
f 613/99/293 565/45/247 568/48/250
f 542/22/224 541/21/223 590/74/271
f 590/74/271 617/103/240 542/22/224
f 590/74/271 533/13/216 536/16/218
f 536/16/218 617/103/240 590/74/271
f 522/2/205 616/102/295 582/64/263
f 582/64/263 523/3/206 522/2/205
f 548/28/230 547/27/229 526/6/209
f 526/6/209 525/5/208 548/28/230
f 602/109/283 585/110/266 531/11/214
f 531/11/214 530/10/213 602/109/283
f 583/111/264 605/90/286 554/34/236
f 554/34/236 553/33/235 583/111/264
f 585/68/266 544/24/226 580/62/261
f 580/62/261 531/61/214 585/68/266
f 556/70/238 548/28/230 525/5/208
f 525/5/208 553/66/235 556/70/238
f 610/112/290 524/4/207 523/3/206
f 523/3/206 586/69/267 610/112/290
f 596/80/277 623/113/301 588/72/269
f 588/72/269 587/71/268 596/80/277
f 552/32/234 551/114/233 597/81/278
f 597/81/278 587/71/268 552/32/234
f 539/115/221 555/35/237 554/34/236
f 554/34/236 604/89/285 539/115/221
f 551/114/233 602/109/283 530/10/213
f 530/10/213 597/81/278 551/114/233
f 540/116/222 539/115/221 604/89/285
f 604/89/285 586/96/267 540/116/222
f 543/23/225 616/102/295 522/2/205
f 522/2/205 612/98/292 543/23/225
f 624/117/302 527/7/210 526/6/209
f 526/6/209 614/100/294 624/117/302
f 544/24/226 543/23/225 612/98/292
f 612/98/292 580/62/261 544/24/226
f 623/113/301 624/117/302 614/100/294
f 614/100/294 588/72/269 623/113/301
f 575/55/256 609/94/289 535/15/15
f 535/15/15 534/14/217 575/55/256
f 609/94/289 622/108/300 615/101/15
f 615/101/15 535/15/15 609/94/289
f 622/108/300 608/93/288 593/77/274
f 593/77/274 615/101/15 622/108/300
f 577/57/258 576/56/257 599/83/280
f 599/83/280 594/78/306 577/57/258
f 576/56/257 619/105/297 621/107/299
f 621/107/299 599/83/280 576/56/257
f 621/107/299 619/105/297 595/79/276
f 595/79/276 579/59/305 621/107/299
f 625/1/204 626/2/205 627/3/206
f 627/3/206 628/4/207 625/1/204
f 629/5/208 630/6/209 631/7/210
f 631/7/210 632/8/211 629/5/208
f 633/9/212 634/10/213 635/11/214
f 635/11/214 636/12/215 633/9/212
f 637/13/216 638/14/217 639/15/15
f 639/15/15 640/16/218 637/13/216
f 641/17/219 642/18/220 643/19/221
f 643/19/221 644/20/222 641/17/219
f 645/21/223 646/22/224 647/23/225
f 647/23/225 648/24/226 645/21/223
f 649/25/227 650/26/228 651/27/229
f 651/27/229 652/28/303 649/25/227
f 653/29/231 654/30/232 655/31/233
f 655/31/233 656/32/234 653/29/231
f 657/33/235 658/34/236 659/35/237
f 659/35/237 660/36/238 657/33/235
f 661/37/239 662/38/240 663/39/241
f 663/39/241 664/40/307 661/37/239
f 665/41/243 666/42/244 667/43/245
f 667/43/245 668/44/304 665/41/243
f 669/45/247 670/46/248 671/47/249
f 671/47/249 672/48/250 669/45/247
f 673/49/251 674/50/252 675/51/253
f 675/51/253 676/52/254 673/49/251
f 663/39/241 662/38/240 677/53/218
f 677/53/218 678/54/255 663/39/241
f 666/42/244 679/55/256 638/14/217
f 638/14/217 667/43/245 666/42/244
f 671/47/249 670/46/248 680/56/257
f 680/56/257 681/57/258 671/47/249
f 674/50/252 682/58/259 683/59/305
f 683/59/305 675/51/253 674/50/252
f 636/60/215 635/61/214 684/62/261
f 684/62/261 685/63/262 636/60/215
f 664/40/307 641/17/219 644/20/222
f 644/20/222 686/64/263 664/40/307
f 687/65/264 657/66/235 629/5/208
f 629/5/208 632/8/211 687/65/264
f 672/48/250 653/29/231 656/32/234
f 656/32/234 688/67/265 672/48/250
f 648/24/226 689/68/266 668/44/304
f 668/44/304 645/21/223 648/24/226
f 644/20/222 690/69/267 627/3/206
f 627/3/206 686/64/263 644/20/222
f 652/28/303 660/70/238 676/52/254
f 676/52/254 649/25/227 652/28/303
f 656/32/234 691/71/268 692/72/269
f 692/72/269 688/67/265 656/32/234
f 641/17/219 664/40/307 663/39/241
f 663/39/241 693/73/270 641/17/219
f 645/21/223 668/44/304 667/43/245
f 667/43/245 694/74/271 645/21/223
f 653/29/231 672/48/250 671/47/249
f 671/47/249 695/75/272 653/29/231
f 649/25/227 676/52/254 675/51/253
f 675/51/253 696/76/273 649/25/227
f 693/73/270 663/39/241 678/54/255
f 678/54/255 697/77/274 693/73/270
f 694/74/271 667/43/245 638/14/217
f 638/14/217 637/13/216 694/74/271
f 695/75/272 671/47/249 681/57/258
f 681/57/258 698/78/306 695/75/272
f 696/76/273 675/51/253 683/59/305
f 683/59/305 699/79/276 696/76/273
f 700/80/277 691/71/268 701/81/278
f 701/81/278 702/82/279 700/80/277
f 698/78/306 703/83/280 704/84/281
f 704/84/281 705/85/282 698/78/306
f 676/52/254 660/70/238 659/86/237
f 659/86/237 673/49/251 676/52/254
f 665/41/243 706/87/283 655/31/233
f 655/31/233 654/30/232 665/41/243
f 707/88/284 708/89/285 658/34/236
f 658/34/236 709/90/286 707/88/284
f 654/30/232 653/29/231 695/75/272
f 695/75/272 710/91/244 654/30/232
f 642/18/220 711/92/287 674/50/252
f 674/50/252 673/49/251 642/18/220
f 695/75/272 698/78/306 705/85/282
f 705/85/282 710/91/244 695/75/272
f 711/92/287 712/93/288 682/58/259
f 682/58/259 674/50/252 711/92/287
f 702/82/279 701/81/278 634/10/213
f 634/10/213 633/9/212 702/82/279
f 705/85/282 704/84/281 713/94/289
f 713/94/289 679/55/256 705/85/282
f 673/49/251 659/86/237 643/19/221
f 643/19/221 642/18/220 673/49/251
f 654/30/232 710/91/244 666/42/244
f 666/42/244 665/41/243 654/30/232
f 710/91/244 705/85/282 679/55/256
f 679/55/256 666/42/244 710/91/244
f 668/44/304 689/68/266 706/87/283
f 706/87/283 665/41/243 668/44/304
f 714/95/290 690/96/267 708/89/285
f 708/89/285 707/88/284 714/95/290
f 642/18/220 641/17/219 693/73/270
f 693/73/270 711/92/287 642/18/220
f 693/73/270 697/77/274 712/93/288
f 712/93/288 711/92/287 693/73/270
f 715/97/291 716/98/292 626/2/205
f 626/2/205 625/1/204 715/97/291
f 651/27/229 717/99/293 718/100/294
f 718/100/294 630/6/209 651/27/229
f 678/54/255 677/53/218 719/101/15
f 719/101/15 697/77/274 678/54/255
f 664/40/307 686/64/263 720/102/295
f 720/102/295 661/37/239 664/40/307
f 669/45/247 717/99/293 651/27/229
f 651/27/229 650/26/228 669/45/247
f 646/22/224 721/103/240 662/38/240
f 662/38/240 661/37/239 646/22/224
f 650/26/228 649/25/227 696/76/273
f 696/76/273 722/104/296 650/26/228
f 721/103/240 640/16/218 677/53/218
f 677/53/218 662/38/240 721/103/240
f 696/76/273 699/79/276 723/105/297
f 723/105/297 722/104/296 696/76/273
f 682/58/259 724/106/298 725/107/299
f 725/107/299 683/59/305 682/58/259
f 682/58/259 712/93/288 726/108/300
f 726/108/300 724/106/298 682/58/259
f 677/53/218 640/16/218 639/15/15
f 639/15/15 719/101/15 677/53/218
f 661/37/239 720/102/295 647/23/225
f 647/23/225 646/22/224 661/37/239
f 650/26/228 722/104/296 670/46/248
f 670/46/248 669/45/247 650/26/228
f 722/104/296 723/105/297 680/56/257
f 680/56/257 670/46/248 722/104/296
f 724/106/298 704/84/281 703/83/280
f 703/83/280 725/107/299 724/106/298
f 704/84/281 724/106/298 726/108/300
f 726/108/300 713/94/289 704/84/281
f 715/97/291 685/63/262 684/62/261
f 684/62/261 716/98/292 715/97/291
f 717/99/293 688/67/265 692/72/269
f 692/72/269 718/100/294 717/99/293
f 672/48/250 688/67/265 717/99/293
f 717/99/293 669/45/247 672/48/250
f 646/22/224 645/21/223 694/74/271
f 694/74/271 721/103/240 646/22/224
f 694/74/271 637/13/216 640/16/218
f 640/16/218 721/103/240 694/74/271
f 626/2/205 720/102/295 686/64/263
f 686/64/263 627/3/206 626/2/205
f 652/28/303 651/27/229 630/6/209
f 630/6/209 629/5/208 652/28/303
f 706/109/283 689/110/266 635/11/214
f 635/11/214 634/10/213 706/109/283
f 687/111/264 709/90/286 658/34/236
f 658/34/236 657/33/235 687/111/264
f 689/68/266 648/24/226 684/62/261
f 684/62/261 635/61/214 689/68/266
f 660/70/238 652/28/303 629/5/208
f 629/5/208 657/66/235 660/70/238
f 714/112/290 628/4/207 627/3/206
f 627/3/206 690/69/267 714/112/290
f 700/80/277 727/113/301 692/72/269
f 692/72/269 691/71/268 700/80/277
f 656/32/234 655/114/233 701/81/278
f 701/81/278 691/71/268 656/32/234
f 643/115/221 659/35/237 658/34/236
f 658/34/236 708/89/285 643/115/221
f 655/114/233 706/109/283 634/10/213
f 634/10/213 701/81/278 655/114/233
f 644/116/222 643/115/221 708/89/285
f 708/89/285 690/96/267 644/116/222
f 647/23/225 720/102/295 626/2/205
f 626/2/205 716/98/292 647/23/225
f 728/117/302 631/7/210 630/6/209
f 630/6/209 718/100/294 728/117/302
f 648/24/226 647/23/225 716/98/292
f 716/98/292 684/62/261 648/24/226
f 727/113/301 728/117/302 718/100/294
f 718/100/294 692/72/269 727/113/301
f 679/55/256 713/94/289 639/15/15
f 639/15/15 638/14/217 679/55/256
f 713/94/289 726/108/300 719/101/15
f 719/101/15 639/15/15 713/94/289
f 726/108/300 712/93/288 697/77/274
f 697/77/274 719/101/15 726/108/300
f 681/57/258 680/56/257 703/83/280
f 703/83/280 698/78/306 681/57/258
f 680/56/257 723/105/297 725/107/299
f 725/107/299 703/83/280 680/56/257
f 725/107/299 723/105/297 699/79/276
f 699/79/276 683/59/305 725/107/299
f 729/1/204 730/2/205 731/3/206
f 731/3/206 732/4/207 729/1/204
f 733/5/208 734/6/209 735/7/210
f 735/7/210 736/8/211 733/5/208
f 737/9/212 738/10/213 739/11/308
f 739/11/308 740/12/215 737/9/212
f 741/13/216 742/14/217 743/15/15
f 743/15/15 744/16/218 741/13/216
f 745/17/219 746/18/220 747/19/221
f 747/19/221 748/20/222 745/17/219
f 749/21/223 750/22/224 751/23/225
f 751/23/225 752/24/309 749/21/223
f 753/25/227 754/26/228 755/27/229
f 755/27/229 756/28/303 753/25/227
f 757/29/310 758/30/232 759/31/233
f 759/31/233 760/32/234 757/29/310
f 761/33/235 762/34/236 763/35/237
f 763/35/237 764/36/238 761/33/235
f 765/37/239 766/38/240 767/39/241
f 767/39/241 768/40/307 765/37/239
f 769/41/243 770/42/244 771/43/245
f 771/43/245 772/44/246 769/41/243
f 773/45/247 774/46/248 775/47/249
f 775/47/249 776/48/250 773/45/247
f 777/49/251 778/50/252 779/51/253
f 779/51/253 780/52/254 777/49/251
f 767/39/241 766/38/240 781/53/218
f 781/53/218 782/54/255 767/39/241
f 770/42/244 783/55/256 742/14/217
f 742/14/217 771/43/245 770/42/244
f 775/47/249 774/46/248 784/56/257
f 784/56/257 785/57/258 775/47/249
f 778/50/252 786/58/259 787/59/305
f 787/59/305 779/51/253 778/50/252
f 740/60/215 739/61/308 788/62/261
f 788/62/261 789/63/262 740/60/215
f 768/40/307 745/17/219 748/20/222
f 748/20/222 790/64/263 768/40/307
f 791/65/264 761/66/235 733/5/208
f 733/5/208 736/8/211 791/65/264
f 776/48/250 757/29/310 760/32/234
f 760/32/234 792/67/265 776/48/250
f 752/24/309 793/68/311 772/44/246
f 772/44/246 749/21/223 752/24/309
f 748/20/222 794/69/267 731/3/206
f 731/3/206 790/64/263 748/20/222
f 756/28/303 764/70/238 780/52/254
f 780/52/254 753/25/227 756/28/303
f 760/32/234 795/71/268 796/72/269
f 796/72/269 792/67/265 760/32/234
f 745/17/219 768/40/307 767/39/241
f 767/39/241 797/73/270 745/17/219
f 749/21/223 772/44/246 771/43/245
f 771/43/245 798/74/271 749/21/223
f 757/29/310 776/48/250 775/47/249
f 775/47/249 799/75/272 757/29/310
f 753/25/227 780/52/254 779/51/253
f 779/51/253 800/76/273 753/25/227
f 797/73/270 767/39/241 782/54/255
f 782/54/255 801/77/274 797/73/270
f 798/74/271 771/43/245 742/14/217
f 742/14/217 741/13/216 798/74/271
f 799/75/272 775/47/249 785/57/258
f 785/57/258 802/78/306 799/75/272
f 800/76/273 779/51/253 787/59/305
f 787/59/305 803/79/276 800/76/273
f 804/80/277 795/71/268 805/81/278
f 805/81/278 806/82/279 804/80/277
f 802/78/306 807/83/280 808/84/281
f 808/84/281 809/85/282 802/78/306
f 780/52/254 764/70/238 763/86/237
f 763/86/237 777/49/251 780/52/254
f 769/41/243 810/87/283 759/31/233
f 759/31/233 758/30/232 769/41/243
f 811/88/284 812/89/285 762/34/236
f 762/34/236 813/90/286 811/88/284
f 758/30/232 757/29/310 799/75/272
f 799/75/272 814/91/244 758/30/232
f 746/18/220 815/92/287 778/50/252
f 778/50/252 777/49/251 746/18/220
f 799/75/272 802/78/306 809/85/282
f 809/85/282 814/91/244 799/75/272
f 815/92/287 816/93/288 786/58/259
f 786/58/259 778/50/252 815/92/287
f 806/82/279 805/81/278 738/10/213
f 738/10/213 737/9/212 806/82/279
f 809/85/282 808/84/281 817/94/289
f 817/94/289 783/55/256 809/85/282
f 777/49/251 763/86/237 747/19/221
f 747/19/221 746/18/220 777/49/251
f 758/30/232 814/91/244 770/42/244
f 770/42/244 769/41/243 758/30/232
f 814/91/244 809/85/282 783/55/256
f 783/55/256 770/42/244 814/91/244
f 772/44/246 793/68/311 810/87/283
f 810/87/283 769/41/243 772/44/246
f 818/95/290 794/96/267 812/89/285
f 812/89/285 811/88/284 818/95/290
f 746/18/220 745/17/219 797/73/270
f 797/73/270 815/92/287 746/18/220
f 797/73/270 801/77/274 816/93/288
f 816/93/288 815/92/287 797/73/270
f 819/97/291 820/98/292 730/2/205
f 730/2/205 729/1/204 819/97/291
f 755/27/229 821/99/293 822/100/294
f 822/100/294 734/6/209 755/27/229
f 782/54/255 781/53/218 823/101/15
f 823/101/15 801/77/274 782/54/255
f 768/40/307 790/64/263 824/102/295
f 824/102/295 765/37/239 768/40/307
f 773/45/247 821/99/293 755/27/229
f 755/27/229 754/26/228 773/45/247
f 750/22/224 825/103/240 766/38/240
f 766/38/240 765/37/239 750/22/224
f 754/26/228 753/25/227 800/76/273
f 800/76/273 826/104/296 754/26/228
f 825/103/240 744/16/218 781/53/218
f 781/53/218 766/38/240 825/103/240
f 800/76/273 803/79/276 827/105/297
f 827/105/297 826/104/296 800/76/273
f 786/58/259 828/106/298 829/107/299
f 829/107/299 787/59/305 786/58/259
f 786/58/259 816/93/288 830/108/300
f 830/108/300 828/106/298 786/58/259
f 781/53/218 744/16/218 743/15/15
f 743/15/15 823/101/15 781/53/218
f 765/37/239 824/102/295 751/23/225
f 751/23/225 750/22/224 765/37/239
f 754/26/228 826/104/296 774/46/248
f 774/46/248 773/45/247 754/26/228
f 826/104/296 827/105/297 784/56/257
f 784/56/257 774/46/248 826/104/296
f 828/106/298 808/84/281 807/83/280
f 807/83/280 829/107/299 828/106/298
f 808/84/281 828/106/298 830/108/300
f 830/108/300 817/94/289 808/84/281
f 819/97/291 789/63/262 788/62/261
f 788/62/261 820/98/292 819/97/291
f 821/99/293 792/67/265 796/72/269
f 796/72/269 822/100/294 821/99/293
f 776/48/250 792/67/265 821/99/293
f 821/99/293 773/45/247 776/48/250
f 750/22/224 749/21/223 798/74/271
f 798/74/271 825/103/240 750/22/224
f 798/74/271 741/13/216 744/16/218
f 744/16/218 825/103/240 798/74/271
f 730/2/205 824/102/295 790/64/263
f 790/64/263 731/3/206 730/2/205
f 756/28/303 755/27/229 734/6/209
f 734/6/209 733/5/208 756/28/303
f 810/109/283 793/110/311 739/11/308
f 739/11/308 738/10/213 810/109/283
f 791/111/264 813/90/286 762/34/236
f 762/34/236 761/33/235 791/111/264
f 793/68/311 752/24/309 788/62/261
f 788/62/261 739/61/308 793/68/311
f 764/70/238 756/28/303 733/5/208
f 733/5/208 761/66/235 764/70/238
f 818/112/290 732/4/207 731/3/206
f 731/3/206 794/69/267 818/112/290
f 804/80/277 831/113/301 796/72/269
f 796/72/269 795/71/268 804/80/277
f 760/32/234 759/114/233 805/81/278
f 805/81/278 795/71/268 760/32/234
f 747/115/221 763/35/237 762/34/236
f 762/34/236 812/89/285 747/115/221
f 759/114/233 810/109/283 738/10/213
f 738/10/213 805/81/278 759/114/233
f 748/116/222 747/115/221 812/89/285
f 812/89/285 794/96/267 748/116/222
f 751/23/225 824/102/295 730/2/205
f 730/2/205 820/98/292 751/23/225
f 832/117/302 735/7/210 734/6/209
f 734/6/209 822/100/294 832/117/302
f 752/24/309 751/23/225 820/98/292
f 820/98/292 788/62/261 752/24/309
f 831/113/301 832/117/302 822/100/294
f 822/100/294 796/72/269 831/113/301
f 783/55/256 817/94/289 743/15/15
f 743/15/15 742/14/217 783/55/256
f 817/94/289 830/108/300 823/101/15
f 823/101/15 743/15/15 817/94/289
f 830/108/300 816/93/288 801/77/274
f 801/77/274 823/101/15 830/108/300
f 785/57/258 784/56/257 807/83/280
f 807/83/280 802/78/306 785/57/258
f 784/56/257 827/105/297 829/107/299
f 829/107/299 807/83/280 784/56/257
f 829/107/299 827/105/297 803/79/276
f 803/79/276 787/59/305 829/107/299
f 833/1/204 834/2/205 835/3/206
f 835/3/206 836/4/207 833/1/204
f 837/5/208 838/6/209 839/7/210
f 839/7/210 840/8/211 837/5/208
f 841/9/212 842/10/213 843/11/214
f 843/11/214 844/12/215 841/9/212
f 845/13/312 846/14/217 847/15/15
f 847/15/15 848/16/218 845/13/312
f 849/17/219 850/18/220 851/19/221
f 851/19/221 852/20/222 849/17/219
f 853/21/223 854/22/224 855/23/225
f 855/23/225 856/24/226 853/21/223
f 857/25/227 858/26/228 859/27/229
f 859/27/229 860/28/230 857/25/227
f 861/29/310 862/30/232 863/31/233
f 863/31/233 864/32/234 861/29/310
f 865/33/235 866/34/236 867/35/237
f 867/35/237 868/36/238 865/33/235
f 869/37/239 870/38/240 871/39/241
f 871/39/241 872/40/307 869/37/239
f 873/41/243 874/42/244 875/43/245
f 875/43/245 876/44/246 873/41/243
f 877/45/247 878/46/248 879/47/249
f 879/47/249 880/48/250 877/45/247
f 881/49/251 882/50/252 883/51/253
f 883/51/253 884/52/254 881/49/251
f 871/39/241 870/38/240 885/53/218
f 885/53/218 886/54/255 871/39/241
f 874/42/244 887/55/256 846/14/217
f 846/14/217 875/43/245 874/42/244
f 879/47/249 878/46/248 888/56/257
f 888/56/257 889/57/258 879/47/249
f 882/50/252 890/58/259 891/59/313
f 891/59/313 883/51/253 882/50/252
f 844/60/215 843/61/214 892/62/261
f 892/62/261 893/63/262 844/60/215
f 872/40/307 849/17/219 852/20/222
f 852/20/222 894/64/263 872/40/307
f 895/65/264 865/66/235 837/5/208
f 837/5/208 840/8/211 895/65/264
f 880/48/250 861/29/310 864/32/234
f 864/32/234 896/67/265 880/48/250
f 856/24/226 897/68/266 876/44/246
f 876/44/246 853/21/223 856/24/226
f 852/20/222 898/69/267 835/3/206
f 835/3/206 894/64/263 852/20/222
f 860/28/230 868/70/238 884/52/254
f 884/52/254 857/25/227 860/28/230
f 864/32/234 899/71/268 900/72/269
f 900/72/269 896/67/265 864/32/234
f 849/17/219 872/40/307 871/39/241
f 871/39/241 901/73/270 849/17/219
f 853/21/223 876/44/246 875/43/245
f 875/43/245 902/74/271 853/21/223
f 861/29/310 880/48/250 879/47/249
f 879/47/249 903/75/314 861/29/310
f 857/25/227 884/52/254 883/51/253
f 883/51/253 904/76/273 857/25/227
f 901/73/270 871/39/241 886/54/255
f 886/54/255 905/77/274 901/73/270
f 902/74/271 875/43/245 846/14/217
f 846/14/217 845/13/312 902/74/271
f 903/75/314 879/47/249 889/57/258
f 889/57/258 906/78/306 903/75/314
f 904/76/273 883/51/253 891/59/313
f 891/59/313 907/79/276 904/76/273
f 908/80/277 899/71/268 909/81/278
f 909/81/278 910/82/279 908/80/277
f 906/78/306 911/83/280 912/84/281
f 912/84/281 913/85/282 906/78/306
f 884/52/254 868/70/238 867/86/237
f 867/86/237 881/49/251 884/52/254
f 873/41/243 914/87/283 863/31/233
f 863/31/233 862/30/232 873/41/243
f 915/88/284 916/89/285 866/34/236
f 866/34/236 917/90/286 915/88/284
f 862/30/232 861/29/310 903/75/314
f 903/75/314 918/91/244 862/30/232
f 850/18/220 919/92/287 882/50/252
f 882/50/252 881/49/251 850/18/220
f 903/75/314 906/78/306 913/85/282
f 913/85/282 918/91/244 903/75/314
f 919/92/287 920/93/288 890/58/259
f 890/58/259 882/50/252 919/92/287
f 910/82/279 909/81/278 842/10/213
f 842/10/213 841/9/212 910/82/279
f 913/85/282 912/84/281 921/94/289
f 921/94/289 887/55/256 913/85/282
f 881/49/251 867/86/237 851/19/221
f 851/19/221 850/18/220 881/49/251
f 862/30/232 918/91/244 874/42/244
f 874/42/244 873/41/243 862/30/232
f 918/91/244 913/85/282 887/55/256
f 887/55/256 874/42/244 918/91/244
f 876/44/246 897/68/266 914/87/283
f 914/87/283 873/41/243 876/44/246
f 922/95/290 898/96/267 916/89/285
f 916/89/285 915/88/284 922/95/290
f 850/18/220 849/17/219 901/73/270
f 901/73/270 919/92/287 850/18/220
f 901/73/270 905/77/274 920/93/288
f 920/93/288 919/92/287 901/73/270
f 923/97/291 924/98/292 834/2/205
f 834/2/205 833/1/204 923/97/291
f 859/27/229 925/99/293 926/100/294
f 926/100/294 838/6/209 859/27/229
f 886/54/255 885/53/218 927/101/15
f 927/101/15 905/77/274 886/54/255
f 872/40/307 894/64/263 928/102/295
f 928/102/295 869/37/239 872/40/307
f 877/45/247 925/99/293 859/27/229
f 859/27/229 858/26/228 877/45/247
f 854/22/224 929/103/240 870/38/240
f 870/38/240 869/37/239 854/22/224
f 858/26/228 857/25/227 904/76/273
f 904/76/273 930/104/296 858/26/228
f 929/103/240 848/16/218 885/53/218
f 885/53/218 870/38/240 929/103/240
f 904/76/273 907/79/276 931/105/297
f 931/105/297 930/104/296 904/76/273
f 890/58/259 932/106/298 933/107/299
f 933/107/299 891/59/313 890/58/259
f 890/58/259 920/93/288 934/108/300
f 934/108/300 932/106/298 890/58/259
f 885/53/218 848/16/218 847/15/15
f 847/15/15 927/101/15 885/53/218
f 869/37/239 928/102/295 855/23/225
f 855/23/225 854/22/224 869/37/239
f 858/26/228 930/104/296 878/46/248
f 878/46/248 877/45/247 858/26/228
f 930/104/296 931/105/297 888/56/257
f 888/56/257 878/46/248 930/104/296
f 932/106/298 912/84/281 911/83/280
f 911/83/280 933/107/299 932/106/298
f 912/84/281 932/106/298 934/108/300
f 934/108/300 921/94/289 912/84/281
f 923/97/291 893/63/262 892/62/261
f 892/62/261 924/98/292 923/97/291
f 925/99/293 896/67/265 900/72/269
f 900/72/269 926/100/294 925/99/293
f 880/48/250 896/67/265 925/99/293
f 925/99/293 877/45/247 880/48/250
f 854/22/224 853/21/223 902/74/271
f 902/74/271 929/103/240 854/22/224
f 902/74/271 845/13/312 848/16/218
f 848/16/218 929/103/240 902/74/271
f 834/2/205 928/102/295 894/64/263
f 894/64/263 835/3/206 834/2/205
f 860/28/230 859/27/229 838/6/209
f 838/6/209 837/5/208 860/28/230
f 914/109/283 897/110/266 843/11/214
f 843/11/214 842/10/213 914/109/283
f 895/111/264 917/90/286 866/34/236
f 866/34/236 865/33/235 895/111/264
f 897/68/266 856/24/226 892/62/261
f 892/62/261 843/61/214 897/68/266
f 868/70/238 860/28/230 837/5/208
f 837/5/208 865/66/235 868/70/238
f 922/112/290 836/4/207 835/3/206
f 835/3/206 898/69/267 922/112/290
f 908/80/277 935/113/301 900/72/269
f 900/72/269 899/71/268 908/80/277
f 864/32/234 863/114/233 909/81/278
f 909/81/278 899/71/268 864/32/234
f 851/115/221 867/35/237 866/34/236
f 866/34/236 916/89/285 851/115/221
f 863/114/233 914/109/283 842/10/213
f 842/10/213 909/81/278 863/114/233
f 852/116/222 851/115/221 916/89/285
f 916/89/285 898/96/267 852/116/222
f 855/23/225 928/102/295 834/2/205
f 834/2/205 924/98/292 855/23/225
f 936/117/302 839/7/210 838/6/209
f 838/6/209 926/100/294 936/117/302
f 856/24/226 855/23/225 924/98/292
f 924/98/292 892/62/261 856/24/226
f 935/113/301 936/117/302 926/100/294
f 926/100/294 900/72/269 935/113/301
f 887/55/256 921/94/289 847/15/15
f 847/15/15 846/14/217 887/55/256
f 921/94/289 934/108/300 927/101/15
f 927/101/15 847/15/15 921/94/289
f 934/108/300 920/93/288 905/77/274
f 905/77/274 927/101/15 934/108/300
f 889/57/258 888/56/257 911/83/280
f 911/83/280 906/78/306 889/57/258
f 888/56/257 931/105/297 933/107/299
f 933/107/299 911/83/280 888/56/257
f 933/107/299 931/105/297 907/79/276
f 907/79/276 891/59/313 933/107/299
