# Blender 4.5.0
# www.blender.org
g medium_wall.xml.151_Mesh
v -134.953629 -59.825272 26.903236
v -134.927521 -57.998703 27.089947
v -134.367859 -57.998703 27.046700
v -134.268707 -59.825272 26.959942
v -134.431107 -57.998703 28.972416
v -134.918091 -57.998703 29.013889
v -134.784210 -59.825272 29.059170
v -134.268707 -59.825272 29.059170
v -146.012070 -59.825272 27.417858
v -145.921112 -57.998703 27.538044
v -145.899399 -57.998703 27.116238
v -145.968643 -59.825272 27.029461
v -145.369202 -56.193230 27.399563
v -145.421616 -56.193230 27.463718
v -145.059952 -56.193230 27.463718
v -145.060760 -56.193230 27.399563
v -134.431778 -56.106209 27.266270
v -134.431778 -56.106209 27.658237
v -134.353745 -56.172127 27.658237
v -134.353745 -56.172127 27.203014
v -145.564499 -56.106209 27.196598
v -145.116684 -56.106209 27.196598
v -145.117493 -56.172134 27.133457
v -145.640930 -56.172134 27.133457
v -134.543442 -56.106209 28.822514
v -135.051987 -56.106209 28.822514
v -135.051987 -56.172127 28.885654
v -134.467010 -56.172127 28.885654
v -145.676163 -56.106209 28.752842
v -145.676163 -56.106209 28.360706
v -145.754196 -56.172134 28.360706
v -145.754196 -56.172134 28.816097
v -134.246521 -57.998703 28.839912
v -134.246521 -57.998703 28.480900
v -134.353745 -56.197929 28.025295
v -134.353745 -56.172127 28.816097
v -135.051987 -56.106209 27.196598
v -135.051987 -56.077118 27.334309
v -134.698822 -56.077118 27.334309
v -134.543442 -56.106209 27.196598
v -145.676163 -56.106209 27.658237
v -145.505966 -56.077118 27.658237
v -145.505966 -56.077118 27.403938
v -145.676163 -56.106209 27.266270
v -145.090454 -56.115906 28.822514
v -145.092209 -56.086807 28.684803
v -145.409103 -56.077118 28.684803
v -145.564499 -56.106209 28.822514
v -134.431778 -56.132004 28.025295
v -134.601974 -56.102913 28.025295
v -134.601974 -56.077118 28.615173
v -134.431778 -56.106209 28.752842
v -135.103821 -56.193230 27.399563
v -134.740952 -56.193230 27.399563
v -145.421616 -56.193230 27.698498
v -145.039780 -56.202927 28.611774
v -145.369202 -56.193230 28.611774
v -134.688538 -56.219025 28.003155
v -134.688538 -56.193230 28.547623
v -145.778061 -57.998703 27.046700
v -145.839233 -59.825272 26.959942
v -134.467010 -56.172127 27.133457
v -134.091934 -59.825272 28.852169
v -145.640930 -56.172134 28.885654
v -145.754196 -56.172134 27.203014
v -134.246521 -57.998703 27.116238
v -145.899399 -57.998703 28.902874
v -145.778061 -57.998703 28.972412
v -134.601974 -56.077118 27.403942
v -145.409103 -56.077118 27.334309
v -145.505966 -56.077118 28.615170
v -134.698822 -56.077118 28.684807
v -134.688538 -56.193230 27.463718
v -145.421616 -56.193230 28.547619
v -134.740952 -56.193230 28.611774
v -145.968643 -59.825272 28.989651
v -145.899399 -57.998703 28.480900
v -145.968643 -59.825272 28.601093
v -145.040588 -56.202927 28.547924
v -145.043579 -56.202927 28.312687
v -145.421616 -56.193230 28.312687
v -145.754196 -56.172134 27.658237
v -134.099960 -59.825272 27.417858
v -134.246521 -57.998703 27.538048
v -134.139282 -59.825272 28.601093
v -145.505966 -56.077118 28.360706
v -134.601974 -56.077118 27.658237
v -134.688538 -56.193230 27.698502
v -145.056976 -56.193230 27.698498
v -134.139282 -59.825272 27.029461
v -145.393784 -59.825272 26.959942
v -145.255646 -57.998703 27.046700
v -145.089661 -56.181824 28.885654
v -144.887299 -57.998703 28.951641
v -135.103821 -56.193230 27.463718
v -135.051987 -56.172127 27.133457
v -145.114944 -56.077118 27.334309
v -135.051987 -56.077118 28.684807
v -135.103821 -56.193230 28.611774
v -135.103821 -56.219025 28.003155
v -135.103821 -56.195946 28.547707
v -135.103821 -56.193230 27.698502
v -145.761932 -59.825272 29.059170
v -144.684952 -59.825272 29.017628
v -140.574036 -59.823807 26.894737
v -139.643600 -58.251854 27.081448
v -139.275742 -58.464233 27.038200
v -140.123871 -60.083710 26.951443
v -139.317322 -58.440231 28.963917
v -139.637405 -58.255432 29.005390
v -140.462692 -59.888092 29.050671
v -140.123871 -60.083710 29.050671
v -147.842422 -55.627396 27.409359
v -146.869339 -54.080055 27.529545
v -146.855072 -54.088295 27.107738
v -147.813873 -55.643875 27.020962
v -145.603851 -52.725914 27.391064
v -145.638306 -52.706024 27.455219
v -145.400589 -52.843262 27.455219
v -145.401123 -52.842957 27.391064
v -138.371521 -56.801033 27.257771
v -138.371521 -56.801033 27.649738
v -138.353180 -56.887733 27.649738
v -138.353180 -56.887733 27.194515
v -145.688705 -52.576439 27.188099
v -145.394379 -52.746368 27.188099
v -145.427856 -52.803154 27.124958
v -145.771912 -52.604523 27.124958
v -138.444901 -56.758659 28.814014
v -138.779160 -56.565681 28.814014
v -138.812119 -56.622772 28.877155
v -138.427628 -56.844757 28.877155
v -145.762100 -52.534065 28.744343
v -145.762100 -52.534065 28.352207
v -145.846344 -52.561539 28.352207
v -145.846344 -52.561539 28.807598
v -139.195999 -58.510277 28.831413
v -139.195999 -58.510277 28.472401
v -138.366089 -56.910080 28.016796
v -138.353180 -56.887733 28.807598
v -138.779160 -56.565681 27.188099
v -138.764603 -56.540482 27.325809
v -138.532486 -56.674500 27.325809
v -138.444901 -56.758659 27.188099
v -145.762100 -52.534065 27.649738
v -145.635681 -52.573456 27.649738
v -145.635681 -52.573456 27.395439
v -145.762100 -52.534065 27.257771
v -145.381989 -52.764717 28.814014
v -145.368576 -52.738861 28.676304
v -145.572021 -52.610207 28.676304
v -145.688705 -52.576439 28.814014
v -138.384415 -56.823372 28.016796
v -138.481735 -56.733589 28.016796
v -138.468826 -56.711250 28.606674
v -138.371521 -56.801033 28.744343
v -138.856735 -56.621368 27.391064
v -138.618225 -56.759071 27.391064
v -145.638306 -52.706024 27.689999
v -145.392181 -52.859314 28.603275
v -145.603851 -52.725914 28.603275
v -138.596680 -56.801308 27.994656
v -138.583786 -56.778961 28.539124
v -146.775314 -54.134338 27.038200
v -147.728806 -55.692986 26.951443
v -138.427628 -56.844757 27.124958
v -140.007675 -60.150795 28.843670
v -145.771912 -52.604523 28.877155
v -145.846344 -52.561539 27.194515
v -139.195999 -58.510284 27.107738
v -146.855072 -54.088295 28.894375
v -146.775314 -54.134338 28.963913
v -138.468826 -56.711250 27.395443
v -145.572021 -52.610207 27.325809
v -145.635681 -52.573456 28.606670
v -138.532486 -56.674500 28.676308
v -138.583786 -56.778961 27.455219
v -145.638306 -52.706024 28.539120
v -138.618225 -56.759071 28.603275
v -147.813873 -55.643867 28.981152
v -146.855072 -54.088295 28.472401
v -147.813873 -55.643875 28.592594
v -145.392715 -52.859001 28.539425
v -145.394669 -52.857872 28.304188
v -145.638306 -52.706024 28.304188
v -145.846344 -52.561539 27.649738
v -140.012955 -60.147751 27.409359
v -139.195999 -58.510277 27.529549
v -140.038803 -60.132820 28.592594
v -145.635681 -52.573456 28.352207
v -138.468826 -56.711250 27.649738
v -138.583786 -56.778961 27.690002
v -145.398636 -52.844391 27.689999
v -140.038803 -60.132820 27.020962
v -147.436035 -55.862015 26.951443
v -146.431946 -54.332588 27.038200
v -145.414413 -52.822113 28.877155
v -146.189850 -54.472359 28.943142
v -138.856735 -56.621368 27.455219
v -138.812119 -56.622772 27.124958
v -145.378677 -52.721840 27.325809
v -138.764603 -56.540482 28.676308
v -138.856735 -56.621368 28.603275
v -138.869629 -56.643715 27.994656
v -138.858093 -56.623726 28.539207
v -138.856735 -56.621368 27.690002
v -147.678009 -55.722313 29.050671
v -146.970139 -56.131004 29.009129
v -134.953629 -59.825272 40.279938
v -134.927521 -57.998703 40.466644
v -134.367859 -57.998703 40.423401
v -134.268707 -59.825272 40.336643
v -134.431107 -57.998703 42.349113
v -134.918091 -57.998703 42.390591
v -134.784210 -59.825272 42.435871
v -134.268707 -59.825272 42.435871
v -146.012070 -59.825272 40.794556
v -145.921112 -57.998703 40.914745
v -145.899399 -57.998703 40.492935
v -145.968643 -59.825272 40.406162
v -145.369202 -56.193230 40.776264
v -145.421616 -56.193230 40.840416
v -145.059952 -56.193230 40.840416
v -145.060760 -56.193230 40.776264
v -134.431778 -56.106209 40.642971
v -134.431778 -56.106209 41.034939
v -134.353745 -56.172127 41.034939
v -134.353745 -56.172127 40.579716
v -145.564499 -56.106209 40.573299
v -145.116684 -56.106209 40.573299
v -145.117493 -56.172134 40.510155
v -145.640930 -56.172134 40.510155
v -134.543442 -56.106209 42.199211
v -135.051987 -56.106209 42.199211
v -135.051987 -56.172127 42.262356
v -134.467010 -56.172127 42.262356
v -145.676163 -56.106209 42.129539
v -145.676163 -56.106209 41.737408
v -145.754196 -56.172134 41.737408
v -145.754196 -56.172134 42.192799
v -134.246521 -57.998703 42.216610
v -134.246521 -57.998703 41.857601
v -134.353745 -56.197929 41.401993
v -134.353745 -56.172127 42.192799
v -135.051987 -56.106209 40.573299
v -135.051987 -56.077118 40.711006
v -134.698822 -56.077118 40.711006
v -134.543442 -56.106209 40.573299
v -145.676163 -56.106209 41.034939
v -145.505966 -56.077118 41.034939
v -145.505966 -56.077118 40.780640
v -145.676163 -56.106209 40.642971
v -145.090454 -56.115906 42.199211
v -145.092209 -56.086807 42.061504
v -145.409103 -56.077118 42.061504
v -145.564499 -56.106209 42.199211
v -134.431778 -56.132004 41.401993
v -134.601974 -56.102913 41.401993
v -134.601974 -56.077118 41.991871
v -134.431778 -56.106209 42.129539
v -135.103821 -56.193230 40.776264
v -134.740952 -56.193230 40.776264
v -145.421616 -56.193230 41.075199
v -145.039780 -56.202927 41.988476
v -145.369202 -56.193230 41.988476
v -134.688538 -56.219025 41.379852
v -134.688538 -56.193230 41.924320
v -145.778061 -57.998703 40.423397
v -145.839233 -59.825272 40.336643
v -134.467010 -56.172127 40.510155
v -134.091934 -59.825272 42.228867
v -145.640930 -56.172134 42.262356
v -145.754196 -56.172134 40.579712
v -134.246521 -57.998703 40.492939
v -145.899399 -57.998703 42.279575
v -145.778061 -57.998703 42.349113
v -134.601974 -56.077118 40.780640
v -145.409103 -56.077118 40.711006
v -145.505966 -56.077118 41.991871
v -134.698822 -56.077118 42.061504
v -134.688538 -56.193230 40.840420
v -145.421616 -56.193230 41.924320
v -134.740952 -56.193230 41.988476
v -145.968643 -59.825272 42.366348
v -145.899399 -57.998703 41.857601
v -145.968643 -59.825272 41.977791
v -145.040588 -56.202927 41.924622
v -145.043579 -56.202927 41.689388
v -145.421616 -56.193230 41.689388
v -145.754196 -56.172134 41.034939
v -134.099960 -59.825272 40.794556
v -134.246521 -57.998703 40.914745
v -134.139282 -59.825272 41.977791
v -145.505966 -56.077118 41.737408
v -134.601974 -56.077118 41.034939
v -134.688538 -56.193230 41.075199
v -145.056976 -56.193230 41.075199
v -134.139282 -59.825272 40.406162
v -145.393784 -59.825272 40.336643
v -145.255646 -57.998703 40.423397
v -145.089661 -56.181824 42.262356
v -144.887299 -57.998703 42.328339
v -135.103821 -56.193230 40.840420
v -135.051987 -56.172127 40.510155
v -145.114944 -56.077118 40.711006
v -135.051987 -56.077118 42.061504
v -135.103821 -56.193230 41.988476
v -135.103821 -56.219025 41.379852
v -135.103821 -56.195946 41.924408
v -135.103821 -56.193230 41.075199
v -145.761932 -59.825272 42.435871
v -144.684952 -59.825272 42.394325
v -140.574036 -59.823807 40.271439
v -139.643600 -58.251854 40.458145
v -139.275742 -58.464233 40.414902
v -140.123871 -60.083710 40.328144
v -139.317322 -58.440231 42.340614
v -139.637405 -58.255432 42.382092
v -140.462692 -59.888092 42.427372
v -140.123871 -60.083710 42.427372
v -147.842422 -55.627396 40.786057
v -146.869339 -54.080055 40.906246
v -146.855072 -54.088295 40.484436
v -147.813873 -55.643875 40.397663
v -145.603851 -52.725914 40.767765
v -145.638306 -52.706024 40.831917
v -145.400589 -52.843262 40.831917
v -145.401123 -52.842957 40.767765
v -138.371521 -56.801033 40.634472
v -138.371521 -56.801033 41.026440
v -138.353180 -56.887733 41.026440
v -138.353180 -56.887733 40.571217
v -145.688705 -52.576439 40.564800
v -145.394379 -52.746368 40.564800
v -145.427856 -52.803154 40.501656
v -145.771912 -52.604523 40.501656
v -138.444901 -56.758659 42.190712
v -138.779160 -56.565681 42.190712
v -138.812119 -56.622772 42.253857
v -138.427628 -56.844757 42.253857
v -145.762100 -52.534065 42.121040
v -145.762100 -52.534065 41.728909
v -145.846344 -52.561539 41.728909
v -145.846344 -52.561539 42.184299
v -139.195999 -58.510277 42.208111
v -139.195999 -58.510277 41.849102
v -138.366089 -56.910080 41.393494
v -138.353180 -56.887733 42.184299
v -138.779160 -56.565681 40.564800
v -138.764603 -56.540482 40.702507
v -138.532486 -56.674500 40.702507
v -138.444901 -56.758659 40.564800
v -145.762100 -52.534065 41.026436
v -145.635681 -52.573456 41.026436
v -145.635681 -52.573456 40.772141
v -145.762100 -52.534065 40.634472
v -145.381989 -52.764717 42.190712
v -145.368576 -52.738861 42.053005
v -145.572021 -52.610207 42.053005
v -145.688705 -52.576439 42.190712
v -138.384415 -56.823372 41.393494
v -138.481735 -56.733589 41.393494
v -138.468826 -56.711250 41.983372
v -138.371521 -56.801033 42.121040
v -138.856735 -56.621368 40.767765
v -138.618225 -56.759071 40.767765
v -145.638306 -52.706024 41.066700
v -145.392181 -52.859314 41.979977
v -145.603851 -52.725914 41.979977
v -138.596680 -56.801308 41.371353
v -138.583786 -56.778961 41.915821
v -146.775314 -54.134338 40.414898
v -147.728806 -55.692986 40.328144
v -138.427628 -56.844757 40.501656
v -140.007675 -60.150795 42.220367
v -145.771912 -52.604523 42.253857
v -145.846344 -52.561539 40.571213
v -139.195999 -58.510284 40.484440
v -146.855072 -54.088295 42.271076
v -146.775314 -54.134338 42.340614
v -138.468826 -56.711250 40.772141
v -145.572021 -52.610207 40.702507
v -145.635681 -52.573456 41.983372
v -138.532486 -56.674500 42.053005
v -138.583786 -56.778961 40.831921
v -145.638306 -52.706024 41.915821
v -138.618225 -56.759071 41.979977
v -147.813873 -55.643867 42.357849
v -146.855072 -54.088295 41.849102
v -147.813873 -55.643875 41.969292
v -145.392715 -52.859001 41.916122
v -145.394669 -52.857872 41.680889
v -145.638306 -52.706024 41.680889
v -145.846344 -52.561539 41.026436
v -140.012955 -60.147751 40.786057
v -139.195999 -58.510277 40.906250
v -140.038803 -60.132820 41.969292
v -145.635681 -52.573456 41.728909
v -138.468826 -56.711250 41.026440
v -138.583786 -56.778961 41.066700
v -145.398636 -52.844391 41.066700
v -140.038803 -60.132820 40.397663
v -147.436035 -55.862015 40.328144
v -146.431946 -54.332588 40.414898
v -145.414413 -52.822113 42.253857
v -146.189850 -54.472359 42.319839
v -138.856735 -56.621368 40.831921
v -138.812119 -56.622772 40.501656
v -145.378677 -52.721840 40.702507
v -138.764603 -56.540482 42.053005
v -138.856735 -56.621368 41.979977
v -138.869629 -56.643715 41.371353
v -138.858093 -56.623726 41.915909
v -138.856735 -56.621368 41.066700
v -147.678009 -55.722313 42.427372
v -146.970139 -56.131004 42.385826
v -134.952621 -59.824974 53.677235
v -134.926514 -57.998405 53.863941
v -134.366852 -57.998405 53.820698
v -134.267700 -59.824974 53.733944
v -134.430099 -57.998405 55.746418
v -134.917084 -57.998405 55.787891
v -134.783203 -59.824974 55.833172
v -134.267700 -59.824974 55.833172
v -146.011063 -59.824974 54.191853
v -145.920105 -57.998405 54.312046
v -145.898392 -57.998405 53.890232
v -145.967636 -59.824974 53.803463
v -145.368195 -56.192932 54.173565
v -145.420609 -56.192932 54.237720
v -145.058945 -56.192932 54.237720
v -145.059753 -56.192932 54.173565
v -134.430771 -56.105911 54.040272
v -134.430771 -56.105911 54.432240
v -134.352737 -56.171829 54.432240
v -134.352737 -56.171829 53.977016
v -145.563492 -56.105911 53.970600
v -145.115677 -56.105911 53.970600
v -145.116486 -56.171837 53.907459
v -145.639923 -56.171837 53.907459
v -134.542435 -56.105911 55.596516
v -135.050980 -56.105911 55.596516
v -135.050980 -56.171829 55.659657
v -134.466003 -56.171829 55.659657
v -145.675156 -56.105911 55.526844
v -145.675156 -56.105911 55.134708
v -145.753189 -56.171837 55.134708
v -145.753189 -56.171837 55.590099
v -134.245514 -57.998405 55.613911
v -134.245514 -57.998405 55.254902
v -134.352737 -56.197632 54.799290
v -134.352737 -56.171829 55.590099
v -135.050980 -56.105911 53.970600
v -135.050980 -56.076820 54.108311
v -134.697815 -56.076820 54.108311
v -134.542435 -56.105911 53.970600
v -145.675156 -56.105911 54.432240
v -145.504959 -56.076820 54.432240
v -145.504959 -56.076820 54.177937
v -145.675156 -56.105911 54.040272
v -145.089447 -56.115608 55.596516
v -145.091202 -56.086510 55.458805
v -145.408096 -56.076820 55.458805
v -145.563492 -56.105911 55.596516
v -134.430771 -56.131706 54.799290
v -134.600967 -56.102615 54.799290
v -134.600967 -56.076820 55.389172
v -134.430771 -56.105911 55.526844
v -135.102814 -56.192932 54.173565
v -134.739944 -56.192932 54.173565
v -145.420609 -56.192932 54.472500
v -145.038773 -56.202629 55.385777
v -145.368195 -56.192932 55.385777
v -134.687531 -56.218727 54.777149
v -134.687531 -56.192932 55.321621
v -145.777054 -57.998405 53.820698
v -145.838226 -59.824974 53.733944
v -134.466003 -56.171829 53.907459
v -134.090927 -59.824974 55.626163
v -145.639923 -56.171837 55.659657
v -145.753189 -56.171837 53.977009
v -134.245514 -57.998405 53.890240
v -145.898392 -57.998405 55.676876
v -145.777054 -57.998405 55.746418
v -134.600967 -56.076820 54.177937
v -145.408096 -56.076820 54.108311
v -145.504959 -56.076820 55.389172
v -134.697815 -56.076820 55.458805
v -134.687531 -56.192932 54.237720
v -145.420609 -56.192932 55.321621
v -134.739944 -56.192932 55.385777
v -145.967636 -59.824974 55.763645
v -145.898392 -57.998405 55.254902
v -145.967636 -59.824974 55.375095
v -145.039581 -56.202629 55.321918
v -145.042572 -56.202629 55.086689
v -145.420609 -56.192932 55.086689
v -145.753189 -56.171837 54.432240
v -134.098953 -59.824974 54.191853
v -134.245514 -57.998405 54.312046
v -134.138275 -59.824974 55.375095
v -145.504959 -56.076820 55.134708
v -134.600967 -56.076820 54.432240
v -134.687531 -56.192932 54.472500
v -145.055969 -56.192932 54.472500
v -134.138275 -59.824974 53.803463
v -145.392776 -59.824974 53.733944
v -145.254639 -57.998405 53.820698
v -145.088654 -56.181526 55.659657
v -144.886292 -57.998405 55.725636
v -135.102814 -56.192932 54.237720
v -135.050980 -56.171829 53.907459
v -145.113937 -56.076820 54.108311
v -135.050980 -56.076820 55.458805
v -135.102814 -56.192932 55.385777
v -135.102814 -56.218727 54.777149
v -135.102814 -56.195648 55.321705
v -135.102814 -56.192932 54.472500
v -145.760925 -59.824974 55.833172
v -144.683945 -59.824974 55.791630
v -140.574036 -59.823502 53.668736
v -139.643600 -58.251556 53.855442
v -139.275742 -58.463936 53.812199
v -140.123871 -60.083412 53.725445
v -139.317322 -58.439926 55.737919
v -139.637405 -58.255127 55.779392
v -140.462692 -59.887787 55.824673
v -140.123871 -60.083412 55.824673
v -147.842422 -55.627090 54.183353
v -146.869339 -54.079750 54.303547
v -146.855072 -54.087997 53.881733
v -147.813873 -55.643570 53.794964
v -145.603851 -52.725609 54.165066
v -145.638306 -52.705719 54.229221
v -145.400589 -52.842964 54.229221
v -145.401123 -52.842651 54.165066
v -138.371521 -56.800728 54.031773
v -138.371521 -56.800728 54.423740
v -138.353180 -56.887436 54.423740
v -138.353180 -56.887436 53.968517
v -145.688705 -52.576134 53.962101
v -145.394379 -52.746071 53.962101
v -145.427856 -52.802856 53.898960
v -145.771912 -52.604218 53.898960
v -138.444901 -56.758362 55.588017
v -138.779160 -56.565376 55.588017
v -138.812119 -56.622467 55.651157
v -138.427628 -56.844452 55.651157
v -145.762100 -52.533760 55.518345
v -145.762100 -52.533760 55.126209
v -145.846344 -52.561241 55.126209
v -145.846344 -52.561241 55.581600
v -139.195999 -58.509979 55.605412
v -139.195999 -58.509979 55.246403
v -138.366089 -56.909775 54.790791
v -138.353180 -56.887436 55.581600
v -138.779160 -56.565376 53.962101
v -138.764603 -56.540184 54.099812
v -138.532486 -56.674194 54.099812
v -138.444901 -56.758362 53.962101
v -145.762100 -52.533760 54.423740
v -145.635681 -52.573151 54.423740
v -145.635681 -52.573151 54.169437
v -145.762100 -52.533768 54.031773
v -145.381989 -52.764420 55.588017
v -145.368576 -52.738556 55.450306
v -145.572021 -52.609909 55.450306
v -145.688705 -52.576134 55.588017
v -138.384415 -56.823074 54.790791
v -138.481735 -56.733292 54.790791
v -138.468826 -56.710945 55.380672
v -138.371521 -56.800728 55.518345
v -138.856735 -56.621071 54.165066
v -138.618225 -56.758774 54.165066
v -145.638306 -52.705719 54.464001
v -145.392181 -52.859009 55.377277
v -145.603851 -52.725609 55.377277
v -138.596680 -56.801003 54.768650
v -138.583786 -56.778664 55.313122
v -146.775314 -54.134041 53.812199
v -147.728806 -55.692680 53.725445
v -138.427628 -56.844452 53.898960
v -140.007675 -60.150497 55.617664
v -145.771912 -52.604218 55.651157
v -145.846344 -52.561241 53.968510
v -139.195999 -58.509979 53.881741
v -146.855072 -54.087990 55.668377
v -146.775314 -54.134041 55.737919
v -138.468826 -56.710953 54.169437
v -145.572021 -52.609909 54.099812
v -145.635681 -52.573151 55.380672
v -138.532486 -56.674194 55.450306
v -138.583786 -56.778664 54.229221
v -145.638306 -52.705719 55.313122
v -138.618225 -56.758774 55.377277
v -147.813873 -55.643570 55.755146
v -146.855072 -54.087990 55.246403
v -147.813873 -55.643570 55.366596
v -145.392715 -52.858704 55.313419
v -145.394669 -52.857574 55.078190
v -145.638306 -52.705719 55.078190
v -145.846344 -52.561241 54.423740
v -140.012955 -60.147446 54.183353
v -139.195999 -58.509979 54.303547
v -140.038803 -60.132523 55.366596
v -145.635681 -52.573151 55.126209
v -138.468826 -56.710953 54.423740
v -138.583786 -56.778664 54.464001
v -145.398636 -52.844093 54.464001
v -140.038803 -60.132523 53.794964
v -147.436035 -55.861717 53.725445
v -146.431946 -54.332283 53.812199
v -145.414413 -52.821808 55.651157
v -146.189850 -54.472061 55.717136
v -138.856735 -56.621071 54.229221
v -138.812119 -56.622467 53.898960
v -145.378677 -52.721535 54.099812
v -138.764603 -56.540184 55.450306
v -138.856735 -56.621071 55.377277
v -138.869629 -56.643410 54.768650
v -138.858093 -56.623421 55.313206
v -138.856735 -56.621071 54.464001
v -147.678009 -55.722015 55.824673
v -146.970139 -56.130707 55.783131
v -144.096024 -65.674950 13.232956
v -144.282730 -62.190430 13.259056
v -144.239487 -62.190430 13.818722
v -144.152740 -65.674950 13.917870
v -146.165207 -62.190430 13.755466
v -146.206680 -62.190430 13.268478
v -146.251968 -65.674950 13.402363
v -146.251968 -65.674950 13.917870
v -144.610641 -65.674950 2.174501
v -144.730835 -62.190430 2.265461
v -144.309036 -62.190430 2.287174
v -144.222260 -65.674950 2.217928
v -144.592361 -58.746162 2.817379
v -144.656509 -58.746162 2.764965
v -144.656509 -58.746162 3.126629
v -144.592361 -58.746162 3.125814
v -144.459061 -58.580154 13.754795
v -144.851028 -58.580154 13.754795
v -144.851028 -58.705910 13.832836
v -144.395813 -58.705910 13.832836
v -144.389389 -58.580154 2.622074
v -144.389389 -58.580154 3.069885
v -144.326248 -58.705910 3.069086
v -144.326248 -58.705910 2.545641
v -146.015305 -58.580154 13.643139
v -146.015305 -58.580154 13.134596
v -146.078445 -58.705910 13.134594
v -146.078445 -58.705910 13.719572
v -145.945633 -58.580154 2.510416
v -145.553497 -58.580154 2.510416
v -145.553497 -58.705910 2.432377
v -146.008896 -58.705910 2.432377
v -146.032700 -62.190430 13.940062
v -145.673691 -62.190430 13.940062
v -145.218094 -58.755127 13.832836
v -146.008896 -58.705910 13.832836
v -144.389389 -58.580154 13.134594
v -144.527100 -58.524651 13.134594
v -144.527100 -58.524651 13.487749
v -144.389389 -58.580154 13.643139
v -144.851028 -58.580154 2.510416
v -144.851028 -58.524651 2.680611
v -144.596725 -58.524651 2.680611
v -144.459061 -58.580154 2.510416
v -146.015305 -58.598648 3.096113
v -145.877594 -58.543144 3.094368
v -145.877594 -58.524651 2.777466
v -146.015305 -58.580154 2.622074
v -145.218094 -58.629372 13.754795
v -145.218094 -58.573860 13.584602
v -145.807968 -58.524651 13.584602
v -145.945633 -58.580154 13.754795
v -144.592361 -58.746162 13.082760
v -144.592361 -58.746162 13.445631
v -144.891296 -58.746162 2.764965
v -145.804565 -58.764656 3.146793
v -145.804565 -58.746162 2.817379
v -145.195953 -58.795372 13.498045
v -145.740417 -58.746162 13.498045
v -144.239487 -62.190430 2.408514
v -144.152740 -65.674950 2.347345
v -144.326248 -58.705910 13.719572
v -146.044952 -65.674950 14.094646
v -146.078445 -58.705910 2.545641
v -144.395813 -58.705910 2.432377
v -144.309036 -62.190430 13.940062
v -146.095673 -62.190430 2.287174
v -146.165207 -62.190430 2.408514
v -144.596725 -58.524651 13.584602
v -144.527100 -58.524651 2.777466
v -145.807968 -58.524651 2.680611
v -145.877594 -58.524651 13.487749
v -144.656509 -58.746162 13.498045
v -145.740417 -58.746162 2.764965
v -145.804565 -58.746162 13.445631
v -146.182449 -65.674950 2.217928
v -145.673691 -62.190430 2.287174
v -145.793884 -65.674950 2.217928
v -145.740723 -58.764656 3.145983
v -145.505478 -58.764656 3.143000
v -145.505478 -58.746162 2.764965
v -144.851028 -58.705910 2.432377
v -144.610657 -65.674950 14.086617
v -144.730835 -62.190430 13.940062
v -145.793884 -65.674950 14.047287
v -145.553497 -58.524651 2.680611
v -144.851028 -58.524651 13.584602
v -144.891296 -58.746162 13.498045
v -144.891296 -58.746162 3.129606
v -144.222260 -65.674950 14.047287
v -144.152740 -65.674950 2.792786
v -144.239487 -62.190430 2.930935
v -146.078445 -58.724403 3.096916
v -146.144440 -62.190430 3.299273
v -144.656509 -58.746162 13.082760
v -144.326248 -58.705910 13.134594
v -144.527100 -58.524651 3.071634
v -145.877594 -58.524651 13.134596
v -145.804565 -58.746162 13.082760
v -145.195953 -58.795372 13.082760
v -145.740494 -58.751343 13.082760
v -144.891296 -58.746162 13.082760
v -146.251968 -65.674950 2.424646
v -146.210419 -65.674950 3.501629
v -144.096024 -65.674950 -0.066223
v -144.282730 -62.190430 -0.040123
v -144.239487 -62.190430 0.519543
v -144.152740 -65.674950 0.618690
v -146.165207 -62.190430 0.456287
v -146.206680 -62.190430 -0.030699
v -146.251968 -65.674950 0.103184
v -146.251968 -65.674950 0.618690
v -144.610641 -65.674950 -11.124676
v -144.730835 -62.190430 -11.033718
v -144.309036 -62.190430 -11.012005
v -144.222260 -65.674950 -11.081249
v -144.592361 -58.746162 -10.481800
v -144.656509 -58.746162 -10.534214
v -144.656509 -58.746162 -10.172550
v -144.592361 -58.746162 -10.173363
v -144.459061 -58.580154 0.455618
v -144.851028 -58.580154 0.455618
v -144.851028 -58.705910 0.533657
v -144.395813 -58.705910 0.533657
v -144.389389 -58.580154 -10.677105
v -144.389389 -58.580154 -10.229290
v -144.326248 -58.705910 -10.230091
v -144.326248 -58.705910 -10.753536
v -146.015305 -58.580154 0.343962
v -146.015305 -58.580154 -0.164581
v -146.078445 -58.705910 -0.164583
v -146.078445 -58.705910 0.420395
v -145.945633 -58.580154 -10.788761
v -145.553497 -58.580154 -10.788761
v -145.553497 -58.705910 -10.866802
v -146.008896 -58.705910 -10.866802
v -146.032700 -62.190430 0.640884
v -145.673691 -62.190430 0.640884
v -145.218094 -58.755127 0.533657
v -146.008896 -58.705910 0.533657
v -144.389389 -58.580154 -0.164583
v -144.527100 -58.524651 -0.164583
v -144.527100 -58.524651 0.188572
v -144.389389 -58.580154 0.343962
v -144.851028 -58.580154 -10.788761
v -144.851028 -58.524651 -10.618565
v -144.596725 -58.524651 -10.618565
v -144.459061 -58.580154 -10.788761
v -146.015305 -58.598648 -10.203064
v -145.877594 -58.543144 -10.204811
v -145.877594 -58.524651 -10.521713
v -146.015305 -58.580154 -10.677105
v -145.218094 -58.629372 0.455618
v -145.218094 -58.573860 0.285423
v -145.807968 -58.524651 0.285423
v -145.945633 -58.580154 0.455618
v -144.592361 -58.746162 -0.216417
v -144.592361 -58.746162 0.146454
v -144.891296 -58.746162 -10.534214
v -145.804565 -58.764656 -10.152386
v -145.804565 -58.746162 -10.481800
v -145.195953 -58.795372 0.198868
v -145.740417 -58.746162 0.198868
v -144.239487 -62.190430 -10.890663
v -144.152740 -65.674950 -10.951832
v -144.326248 -58.705910 0.420395
v -146.044952 -65.674950 0.795469
v -146.078445 -58.705910 -10.753536
v -144.395813 -58.705910 -10.866802
v -144.309036 -62.190430 0.640884
v -146.095673 -62.190430 -11.012005
v -146.165207 -62.190430 -10.890663
v -144.596725 -58.524651 0.285423
v -144.527100 -58.524651 -10.521713
v -145.807968 -58.524651 -10.618565
v -145.877594 -58.524651 0.188572
v -144.656509 -58.746162 0.198868
v -145.740417 -58.746162 -10.534214
v -145.804565 -58.746162 0.146454
v -146.182449 -65.674950 -11.081249
v -145.673691 -62.190430 -11.012005
v -145.793884 -65.674950 -11.081249
v -145.740723 -58.764656 -10.153194
v -145.505478 -58.764656 -10.156178
v -145.505478 -58.746162 -10.534214
v -144.851028 -58.705910 -10.866802
v -144.610657 -65.674950 0.787439
v -144.730835 -62.190430 0.640884
v -145.793884 -65.674950 0.748108
v -145.553497 -58.524651 -10.618565
v -144.851028 -58.524651 0.285423
v -144.891296 -58.746162 0.198868
v -144.891296 -58.746162 -10.169571
v -144.222260 -65.674950 0.748108
v -144.152740 -65.674950 -10.506393
v -144.239487 -62.190430 -10.368244
v -146.078445 -58.724403 -10.202263
v -146.144440 -62.190430 -9.999905
v -144.656509 -58.746162 -0.216417
v -144.326248 -58.705910 -0.164583
v -144.527100 -58.524651 -10.227543
v -145.877594 -58.524651 -0.164581
v -145.804565 -58.746162 -0.216417
v -145.195953 -58.795372 -0.216417
v -145.740494 -58.751343 -0.216417
v -144.891296 -58.746162 -0.216417
v -146.251968 -65.674950 -10.874531
v -146.210419 -65.674950 -9.797550
v -144.096024 -65.674950 -13.240215
v -144.282730 -62.190430 -13.214115
v -144.239487 -62.190430 -12.654449
v -144.152740 -65.674950 -12.555302
v -146.165207 -62.190430 -12.717705
v -146.206680 -62.190430 -13.204693
v -146.251968 -65.674950 -13.070808
v -146.251968 -65.674950 -12.555302
v -144.610641 -65.674950 -24.298668
v -144.730835 -62.190430 -24.207710
v -144.309036 -62.190430 -24.185997
v -144.222260 -65.674950 -24.255241
v -144.592361 -58.746162 -23.655792
v -144.656509 -58.746162 -23.708206
v -144.656509 -58.746162 -23.346542
v -144.592361 -58.746162 -23.347355
v -144.459061 -58.580154 -12.718372
v -144.851028 -58.580154 -12.718372
v -144.851028 -58.705910 -12.640335
v -144.395813 -58.705910 -12.640335
v -144.389389 -58.580154 -23.851097
v -144.389389 -58.580154 -23.403286
v -144.326248 -58.705910 -23.404083
v -144.326248 -58.705910 -23.927532
v -146.015305 -58.580154 -12.830029
v -146.015305 -58.580154 -13.338573
v -146.078445 -58.705910 -13.338573
v -146.078445 -58.705910 -12.753597
v -145.945633 -58.580154 -23.962753
v -145.553497 -58.580154 -23.962753
v -145.553497 -58.705910 -24.040794
v -146.008896 -58.705910 -24.040794
v -146.032700 -62.190430 -12.533108
v -145.673691 -62.190430 -12.533108
v -145.218094 -58.755127 -12.640335
v -146.008896 -58.705910 -12.640335
v -144.389389 -58.580154 -13.338573
v -144.527100 -58.524651 -13.338573
v -144.527100 -58.524651 -12.985420
v -144.389389 -58.580154 -12.830029
v -144.851028 -58.580154 -23.962753
v -144.851028 -58.524651 -23.792561
v -144.596725 -58.524651 -23.792561
v -144.459061 -58.580154 -23.962753
v -146.015305 -58.598648 -23.377056
v -145.877594 -58.543144 -23.378803
v -145.877594 -58.524651 -23.695705
v -146.015305 -58.580154 -23.851097
v -145.218094 -58.629372 -12.718372
v -145.218094 -58.573860 -12.888569
v -145.807968 -58.524651 -12.888569
v -145.945633 -58.580154 -12.718372
v -144.592361 -58.746162 -13.390408
v -144.592361 -58.746162 -13.027538
v -144.891296 -58.746162 -23.708206
v -145.804565 -58.764656 -23.326374
v -145.804565 -58.746162 -23.655792
v -145.195953 -58.795372 -12.975124
v -145.740417 -58.746162 -12.975124
v -144.239487 -62.190430 -24.064655
v -144.152740 -65.674950 -24.125828
v -144.326248 -58.705910 -12.753597
v -146.044952 -65.674950 -12.378521
v -146.078445 -58.705910 -23.927532
v -144.395813 -58.705910 -24.040794
v -144.309036 -62.190430 -12.533108
v -146.095673 -62.190430 -24.185997
v -146.165207 -62.190430 -24.064655
v -144.596725 -58.524651 -12.888569
v -144.527100 -58.524651 -23.695705
v -145.807968 -58.524651 -23.792561
v -145.877594 -58.524651 -12.985420
v -144.656509 -58.746162 -12.975124
v -145.740417 -58.746162 -23.708206
v -145.804565 -58.746162 -13.027538
v -146.182449 -65.674950 -24.255241
v -145.673691 -62.190430 -24.185997
v -145.793884 -65.674950 -24.255241
v -145.740723 -58.764656 -23.327187
v -145.505478 -58.764656 -23.330170
v -145.505478 -58.746162 -23.708206
v -144.851028 -58.705910 -24.040794
v -144.610657 -65.674950 -12.386555
v -144.730835 -62.190430 -12.533108
v -145.793884 -65.674950 -12.425884
v -145.553497 -58.524651 -23.792561
v -144.851028 -58.524651 -12.888569
v -144.891296 -58.746162 -12.975124
v -144.891296 -58.746162 -23.343563
v -144.222260 -65.674950 -12.425884
v -144.152740 -65.674950 -23.680386
v -144.239487 -62.190430 -23.542233
v -146.078445 -58.724403 -23.376255
v -146.144440 -62.190430 -23.173901
v -144.656509 -58.746162 -13.390408
v -144.326248 -58.705910 -13.338573
v -144.527100 -58.524651 -23.401539
v -145.877594 -58.524651 -13.338573
v -145.804565 -58.746162 -13.390408
v -145.195953 -58.795372 -13.390408
v -145.740494 -58.751343 -13.390408
v -144.891296 -58.746162 -13.390408
v -146.251968 -65.674950 -24.048527
v -146.210419 -65.674950 -22.971542
v -144.096024 -65.674950 -26.539417
v -144.282730 -62.190437 -26.513317
v -144.239487 -62.190430 -25.953651
v -144.152740 -65.674950 -25.854504
v -146.165207 -62.190430 -26.016907
v -146.206680 -62.190430 -26.503895
v -146.251968 -65.674950 -26.370010
v -146.251968 -65.674950 -25.854504
v -144.610641 -65.674950 -37.597874
v -144.730835 -62.190437 -37.506908
v -144.309036 -62.190437 -37.485195
v -144.222260 -65.674950 -37.554447
v -144.592361 -58.746162 -36.954998
v -144.656509 -58.746162 -37.007404
v -144.656509 -58.746162 -36.645741
v -144.592361 -58.746162 -36.646557
v -144.459061 -58.580154 -26.017574
v -144.851028 -58.580154 -26.017574
v -144.851028 -58.705917 -25.939533
v -144.395813 -58.705917 -25.939533
v -144.389389 -58.580162 -37.150303
v -144.389389 -58.580162 -36.702488
v -144.326248 -58.705917 -36.703289
v -144.326248 -58.705917 -37.226734
v -146.015305 -58.580154 -26.129230
v -146.015305 -58.580154 -26.637775
v -146.078445 -58.705917 -26.637775
v -146.078445 -58.705917 -26.052799
v -145.945633 -58.580162 -37.261959
v -145.553497 -58.580162 -37.261959
v -145.553497 -58.705917 -37.339993
v -146.008896 -58.705917 -37.339993
v -146.032700 -62.190430 -25.832310
v -145.673691 -62.190430 -25.832310
v -145.218094 -58.755127 -25.939533
v -146.008896 -58.705917 -25.939533
v -144.389389 -58.580154 -26.637775
v -144.527100 -58.524651 -26.637775
v -144.527100 -58.524651 -26.284626
v -144.389389 -58.580154 -26.129230
v -144.851028 -58.580154 -37.261959
v -144.851028 -58.524658 -37.091763
v -144.596725 -58.524658 -37.091763
v -144.459061 -58.580162 -37.261959
v -146.015305 -58.598656 -36.676258
v -145.877594 -58.543152 -36.678005
v -145.877594 -58.524658 -36.994907
v -146.015305 -58.580162 -37.150303
v -145.218094 -58.629372 -26.017574
v -145.218094 -58.573868 -26.187771
v -145.807968 -58.524651 -26.187771
v -145.945633 -58.580154 -26.017574
v -144.592361 -58.746162 -26.689610
v -144.592361 -58.746162 -26.326740
v -144.891296 -58.746162 -37.007404
v -145.804565 -58.764656 -36.625576
v -145.804565 -58.746162 -36.954998
v -145.195953 -58.795380 -26.274326
v -145.740417 -58.746162 -26.274326
v -144.239487 -62.190437 -37.363857
v -144.152740 -65.674950 -37.425030
v -144.326248 -58.705917 -26.052799
v -146.044952 -65.674950 -25.677723
v -146.078445 -58.705917 -37.226734
v -144.395813 -58.705917 -37.339993
v -144.309036 -62.190437 -25.832310
v -146.095673 -62.190430 -37.485195
v -146.165207 -62.190430 -37.363857
v -144.596725 -58.524651 -26.187771
v -144.527100 -58.524658 -36.994907
v -145.807968 -58.524658 -37.091763
v -145.877594 -58.524651 -26.284626
v -144.656509 -58.746162 -26.274326
v -145.740417 -58.746162 -37.007404
v -145.804565 -58.746162 -26.326740
v -146.182449 -65.674950 -37.554447
v -145.673691 -62.190437 -37.485195
v -145.793884 -65.674950 -37.554447
v -145.740723 -58.764656 -36.626392
v -145.505478 -58.764656 -36.629375
v -145.505478 -58.746162 -37.007404
v -144.851028 -58.705917 -37.339993
v -144.610657 -65.674950 -25.685757
v -144.730835 -62.190437 -25.832310
v -145.793884 -65.674950 -25.725086
v -145.553497 -58.524658 -37.091763
v -144.851028 -58.524651 -26.187771
v -144.891296 -58.746162 -26.274326
v -144.891296 -58.746162 -36.642765
v -144.222260 -65.674950 -25.725086
v -144.152740 -65.674950 -36.979588
v -144.239487 -62.190437 -36.841434
v -146.078445 -58.724411 -36.675457
v -146.144440 -62.190430 -36.473103
v -144.656509 -58.746162 -26.689610
v -144.326248 -58.705917 -26.637775
v -144.527100 -58.524658 -36.700741
v -145.877594 -58.524651 -26.637775
v -145.804565 -58.746162 -26.689610
v -145.195953 -58.795380 -26.689610
v -145.740494 -58.751343 -26.689610
v -144.891296 -58.746162 -26.689610
v -146.251968 -65.674950 -37.347729
v -146.210419 -65.674950 -36.270741
v -144.096024 -65.674950 -39.838612
v -144.282730 -62.190437 -39.812511
v -144.239487 -62.190430 -39.252850
v -144.152740 -65.674950 -39.153698
v -146.165207 -62.190430 -39.316097
v -146.206680 -62.190430 -39.803089
v -146.251968 -65.674950 -39.669201
v -146.251968 -65.674950 -39.153698
v -144.610641 -65.674950 -50.897060
v -144.730835 -62.190437 -50.806103
v -144.309036 -62.190437 -50.784389
v -144.222260 -65.674950 -50.853634
v -144.592361 -58.746162 -50.254192
v -144.656509 -58.746162 -50.306606
v -144.656509 -58.746162 -49.944942
v -144.592361 -58.746162 -49.945751
v -144.459061 -58.580154 -39.316769
v -144.851028 -58.580154 -39.316769
v -144.851028 -58.705917 -39.238735
v -144.395813 -58.705917 -39.238735
v -144.389389 -58.580162 -50.449490
v -144.389389 -58.580162 -50.001682
v -144.326248 -58.705917 -50.002483
v -144.326248 -58.705917 -50.525921
v -146.015305 -58.580154 -39.428432
v -146.015305 -58.580154 -39.936970
v -146.078445 -58.705917 -39.936970
v -146.078445 -58.705917 -39.351994
v -145.945633 -58.580162 -50.561153
v -145.553497 -58.580162 -50.561153
v -145.553497 -58.705917 -50.639187
v -146.008896 -58.705917 -50.639187
v -146.032700 -62.190430 -39.131504
v -145.673691 -62.190430 -39.131504
v -145.218094 -58.755127 -39.238735
v -146.008896 -58.705917 -39.238735
v -144.389389 -58.580154 -39.936970
v -144.527100 -58.524651 -39.936970
v -144.527100 -58.524651 -39.583813
v -144.389389 -58.580154 -39.428425
v -144.851028 -58.580154 -50.561153
v -144.851028 -58.524658 -50.390957
v -144.596725 -58.524658 -50.390957
v -144.459061 -58.580162 -50.561153
v -146.015305 -58.598656 -49.975452
v -145.877594 -58.543152 -49.977200
v -145.877594 -58.524658 -50.294102
v -146.015305 -58.580162 -50.449490
v -145.218094 -58.629372 -39.316769
v -145.218094 -58.573868 -39.486965
v -145.807968 -58.524651 -39.486965
v -145.945633 -58.580154 -39.316769
v -144.592361 -58.746162 -39.988804
v -144.592361 -58.746162 -39.625935
v -144.891296 -58.746162 -50.306606
v -145.804565 -58.764656 -49.924770
v -145.804565 -58.746162 -50.254192
v -145.195953 -58.795380 -39.573521
v -145.740417 -58.746162 -39.573521
v -144.239487 -62.190437 -50.663052
v -144.152740 -65.674950 -50.724224
v -144.326248 -58.705917 -39.351994
v -146.044952 -65.674950 -38.976925
v -146.078445 -58.705917 -50.525921
v -144.395813 -58.705917 -50.639187
v -144.309036 -62.190437 -39.131504
v -146.095673 -62.190430 -50.784389
v -146.165207 -62.190430 -50.663052
v -144.596725 -58.524651 -39.486965
v -144.527100 -58.524658 -50.294102
v -145.807968 -58.524658 -50.390957
v -145.877594 -58.524651 -39.583813
v -144.656509 -58.746162 -39.573521
v -145.740417 -58.746162 -50.306606
v -145.804565 -58.746162 -39.625935
v -146.182449 -65.674950 -50.853634
v -145.673691 -62.190437 -50.784389
v -145.793884 -65.674950 -50.853634
v -145.740723 -58.764656 -49.925579
v -145.505478 -58.764656 -49.928570
v -145.505478 -58.746162 -50.306606
v -144.851028 -58.705917 -50.639187
v -144.610657 -65.674950 -38.984951
v -144.730835 -62.190437 -39.131504
v -145.793884 -65.674950 -39.024281
v -145.553497 -58.524658 -50.390957
v -144.851028 -58.524651 -39.486965
v -144.891296 -58.746162 -39.573521
v -144.891296 -58.746162 -49.941959
v -144.222260 -65.674950 -39.024281
v -144.152740 -65.674950 -50.278782
v -144.239487 -62.190437 -50.140636
v -146.078445 -58.724411 -49.974651
v -146.144440 -62.190430 -49.772289
v -144.656509 -58.746162 -39.988804
v -144.326248 -58.705917 -39.936970
v -144.527100 -58.524658 -49.999935
v -145.877594 -58.524651 -39.936970
v -145.804565 -58.746162 -39.988804
v -145.195953 -58.795380 -39.988804
v -145.740494 -58.751343 -39.988804
v -144.891296 -58.746162 -39.988804
v -146.251968 -65.674950 -50.646923
v -146.210419 -65.674950 -49.569942
v -144.096024 -65.674950 -53.235310
v -144.282730 -62.190437 -53.209209
v -144.239487 -62.190430 -52.649548
v -144.152740 -65.674950 -52.550396
v -146.165207 -62.190430 -52.712795
v -146.206680 -62.190430 -53.199787
v -146.251968 -65.674950 -53.065899
v -146.251968 -65.674950 -52.550396
v -144.610641 -65.674950 -64.293762
v -144.730835 -62.190437 -64.202805
v -144.309036 -62.190437 -64.181091
v -144.222260 -65.674950 -64.250336
v -144.592361 -58.746162 -63.650890
v -144.656509 -58.746162 -63.703304
v -144.656509 -58.746162 -63.341640
v -144.592361 -58.746162 -63.342449
v -144.459061 -58.580154 -52.713467
v -144.851028 -58.580154 -52.713467
v -144.851028 -58.705917 -52.635433
v -144.395813 -58.705917 -52.635433
v -144.389389 -58.580162 -63.846188
v -144.389389 -58.580162 -63.398380
v -144.326248 -58.705917 -63.399181
v -144.326248 -58.705917 -63.922619
v -146.015305 -58.580154 -52.825130
v -146.015305 -58.580154 -53.333668
v -146.078445 -58.705917 -53.333668
v -146.078445 -58.705917 -52.748692
v -145.945633 -58.580162 -63.957851
v -145.553497 -58.580162 -63.957851
v -145.553497 -58.705917 -64.035889
v -146.008896 -58.705917 -64.035889
v -146.032700 -62.190430 -52.528202
v -145.673691 -62.190430 -52.528202
v -145.218094 -58.755127 -52.635433
v -146.008896 -58.705917 -52.635433
v -144.389389 -58.580154 -53.333668
v -144.527100 -58.524651 -53.333668
v -144.527100 -58.524651 -52.980511
v -144.389389 -58.580154 -52.825123
v -144.851028 -58.580154 -63.957851
v -144.851028 -58.524658 -63.787655
v -144.596725 -58.524658 -63.787655
v -144.459061 -58.580162 -63.957851
v -146.015305 -58.598656 -63.372150
v -145.877594 -58.543152 -63.373898
v -145.877594 -58.524658 -63.690800
v -146.015305 -58.580162 -63.846188
v -145.218094 -58.629372 -52.713467
v -145.218094 -58.573868 -52.883663
v -145.807968 -58.524651 -52.883663
v -145.945633 -58.580154 -52.713467
v -144.592361 -58.746162 -53.385502
v -144.592361 -58.746162 -53.022633
v -144.891296 -58.746162 -63.703304
v -145.804565 -58.764656 -63.321468
v -145.804565 -58.746162 -63.650890
v -145.195953 -58.795380 -52.970219
v -145.740417 -58.746162 -52.970219
v -144.239487 -62.190437 -64.059753
v -144.152740 -65.674950 -64.120926
v -144.326248 -58.705917 -52.748692
v -146.044952 -65.674950 -52.373623
v -146.078445 -58.705917 -63.922619
v -144.395813 -58.705917 -64.035889
v -144.309036 -62.190437 -52.528202
v -146.095673 -62.190430 -64.181091
v -146.165207 -62.190430 -64.059753
v -144.596725 -58.524651 -52.883663
v -144.527100 -58.524658 -63.690800
v -145.807968 -58.524658 -63.787655
v -145.877594 -58.524651 -52.980511
v -144.656509 -58.746162 -52.970219
v -145.740417 -58.746162 -63.703304
v -145.804565 -58.746162 -53.022633
v -146.182449 -65.674950 -64.250336
v -145.673691 -62.190437 -64.181091
v -145.793884 -65.674950 -64.250336
v -145.740723 -58.764656 -63.322277
v -145.505478 -58.764656 -63.325268
v -145.505478 -58.746162 -63.703304
v -144.851028 -58.705917 -64.035889
v -144.610657 -65.674950 -52.381649
v -144.730835 -62.190437 -52.528202
v -145.793884 -65.674950 -52.420979
v -145.553497 -58.524658 -63.787655
v -144.851028 -58.524651 -52.883663
v -144.891296 -58.746162 -52.970219
v -144.891296 -58.746162 -63.338657
v -144.222260 -65.674950 -52.420979
v -144.152740 -65.674950 -63.675480
v -144.239487 -62.190437 -63.537334
v -146.078445 -58.724411 -63.371349
v -146.144440 -62.190430 -63.168987
v -144.656509 -58.746162 -53.385502
v -144.326248 -58.705917 -53.333668
v -144.527100 -58.524658 -63.396633
v -145.877594 -58.524651 -53.333668
v -145.804565 -58.746162 -53.385502
v -145.195953 -58.795380 -53.385502
v -145.740494 -58.751343 -53.385502
v -144.891296 -58.746162 -53.385502
v -146.251968 -65.674950 -64.043625
v -146.210419 -65.674950 -62.966640
v -144.096024 -65.675453 -66.533905
v -144.282730 -62.190933 -66.507812
v -144.239487 -62.190933 -65.948151
v -144.152740 -65.675453 -65.848999
v -146.165207 -62.190933 -66.011398
v -146.206680 -62.190933 -66.498383
v -146.251968 -65.675453 -66.364502
v -146.251968 -65.675453 -65.848999
v -144.610641 -65.675453 -77.592361
v -144.730835 -62.190933 -77.501404
v -144.309036 -62.190933 -77.479691
v -144.222260 -65.675453 -77.548935
v -144.592361 -58.746666 -76.949493
v -144.656509 -58.746666 -77.001892
v -144.656509 -58.746666 -76.640228
v -144.592361 -58.746666 -76.641052
v -144.459061 -58.580658 -66.012070
v -144.851028 -58.580658 -66.012070
v -144.851028 -58.706413 -65.934021
v -144.395813 -58.706413 -65.934021
v -144.389389 -58.580658 -77.144791
v -144.389389 -58.580658 -76.696976
v -144.326248 -58.706413 -76.697784
v -144.326248 -58.706413 -77.221222
v -146.015305 -58.580658 -66.123718
v -146.015305 -58.580658 -66.632263
v -146.078445 -58.706413 -66.632263
v -146.078445 -58.706413 -66.047287
v -145.945633 -58.580658 -77.256454
v -145.553497 -58.580658 -77.256454
v -145.553497 -58.706413 -77.334488
v -146.008896 -58.706413 -77.334488
v -146.032700 -62.190933 -65.826797
v -145.673691 -62.190933 -65.826797
v -145.218094 -58.755630 -65.934021
v -146.008896 -58.706413 -65.934021
v -144.389389 -58.580658 -66.632263
v -144.527100 -58.525154 -66.632263
v -144.527100 -58.525154 -66.279114
v -144.389389 -58.580658 -66.123718
v -144.851028 -58.580658 -77.256454
v -144.851028 -58.525154 -77.086258
v -144.596725 -58.525154 -77.086258
v -144.459061 -58.580658 -77.256454
v -146.015305 -58.599152 -76.670746
v -145.877594 -58.543648 -76.672501
v -145.877594 -58.525154 -76.989395
v -146.015305 -58.580658 -77.144791
v -145.218094 -58.629875 -66.012070
v -145.218094 -58.574364 -66.182266
v -145.807968 -58.525154 -66.182266
v -145.945633 -58.580658 -66.012070
v -144.592361 -58.746666 -66.684097
v -144.592361 -58.746666 -66.321228
v -144.891296 -58.746666 -77.001892
v -145.804565 -58.765160 -76.620071
v -145.804565 -58.746666 -76.949493
v -145.195953 -58.795876 -66.268814
v -145.740417 -58.746666 -66.268814
v -144.239487 -62.190933 -77.358353
v -144.152740 -65.675453 -77.419525
v -144.326248 -58.706413 -66.047287
v -146.044952 -65.675453 -65.672211
v -146.078445 -58.706413 -77.221222
v -144.395813 -58.706413 -77.334488
v -144.309036 -62.190933 -65.826797
v -146.095673 -62.190933 -77.479691
v -146.165207 -62.190933 -77.358353
v -144.596725 -58.525154 -66.182266
v -144.527100 -58.525154 -76.989395
v -145.807968 -58.525154 -77.086258
v -145.877594 -58.525154 -66.279114
v -144.656509 -58.746666 -66.268814
v -145.740417 -58.746666 -77.001892
v -145.804565 -58.746666 -66.321228
v -146.182449 -65.675453 -77.548935
v -145.673691 -62.190933 -77.479691
v -145.793884 -65.675453 -77.548935
v -145.740723 -58.765160 -76.620880
v -145.505478 -58.765160 -76.623871
v -145.505478 -58.746666 -77.001892
v -144.851028 -58.706413 -77.334488
v -144.610657 -65.675453 -65.680252
v -144.730835 -62.190933 -65.826797
v -145.793884 -65.675453 -65.719574
v -145.553497 -58.525154 -77.086258
v -144.851028 -58.525154 -66.182266
v -144.891296 -58.746666 -66.268814
v -144.891296 -58.746666 -76.637253
v -144.222260 -65.675453 -65.719574
v -144.152740 -65.675453 -76.974075
v -144.239487 -62.190933 -76.835922
v -146.078445 -58.724907 -76.669952
v -146.144440 -62.190933 -76.467590
v -144.656509 -58.746666 -66.684097
v -144.326248 -58.706413 -66.632263
v -144.527100 -58.525154 -76.695236
v -145.877594 -58.525154 -66.632263
v -145.804565 -58.746666 -66.684097
v -145.195953 -58.795876 -66.684097
v -145.740494 -58.751846 -66.684097
v -144.891296 -58.746666 -66.684097
v -146.251968 -65.675453 -77.342224
v -146.210419 -65.675453 -76.265228
v -144.096024 -65.675255 -79.833405
v -144.282730 -62.190742 -79.807312
v -144.239487 -62.190735 -79.247650
v -144.152740 -65.675255 -79.148499
v -146.165207 -62.190735 -79.310898
v -146.206680 -62.190735 -79.797882
v -146.251968 -65.675255 -79.664001
v -146.251968 -65.675255 -79.148499
v -144.610641 -65.675255 -90.891861
v -144.730835 -62.190742 -90.800903
v -144.309036 -62.190742 -90.779190
v -144.222260 -65.675255 -90.848434
v -144.592361 -58.746468 -90.248993
v -144.656509 -58.746468 -90.301392
v -144.656509 -58.746468 -89.939728
v -144.592361 -58.746468 -89.940552
v -144.459061 -58.580460 -79.311569
v -144.851028 -58.580460 -79.311569
v -144.851028 -58.706223 -79.233521
v -144.395813 -58.706223 -79.233521
v -144.389389 -58.580467 -90.444290
v -144.389389 -58.580467 -89.996475
v -144.326248 -58.706223 -89.997284
v -144.326248 -58.706223 -90.520721
v -146.015305 -58.580460 -79.423218
v -146.015305 -58.580460 -79.931763
v -146.078445 -58.706223 -79.931763
v -146.078445 -58.706223 -79.346786
v -145.945633 -58.580467 -90.555954
v -145.553497 -58.580467 -90.555954
v -145.553497 -58.706223 -90.633987
v -146.008896 -58.706223 -90.633987
v -146.032700 -62.190735 -79.126297
v -145.673691 -62.190735 -79.126297
v -145.218094 -58.755432 -79.233521
v -146.008896 -58.706223 -79.233521
v -144.389389 -58.580460 -79.931763
v -144.527100 -58.524956 -79.931763
v -144.527100 -58.524956 -79.578613
v -144.389389 -58.580460 -79.423218
v -144.851028 -58.580460 -90.555954
v -144.851028 -58.524963 -90.385757
v -144.596725 -58.524963 -90.385757
v -144.459061 -58.580467 -90.555954
v -146.015305 -58.598961 -89.970245
v -145.877594 -58.543457 -89.972000
v -145.877594 -58.524963 -90.288895
v -146.015305 -58.580467 -90.444290
v -145.218094 -58.629677 -79.311569
v -145.218094 -58.574173 -79.481766
v -145.807968 -58.524956 -79.481766
v -145.945633 -58.580460 -79.311569
v -144.592361 -58.746468 -79.983597
v -144.592361 -58.746468 -79.620728
v -144.891296 -58.746468 -90.301392
v -145.804565 -58.764961 -89.919571
v -145.804565 -58.746468 -90.248993
v -145.195953 -58.795685 -79.568314
v -145.740417 -58.746468 -79.568314
v -144.239487 -62.190742 -90.657852
v -144.152740 -65.675255 -90.719025
v -144.326248 -58.706223 -79.346786
v -146.044952 -65.675255 -78.971710
v -146.078445 -58.706223 -90.520721
v -144.395813 -58.706223 -90.633987
v -144.309036 -62.190742 -79.126297
v -146.095673 -62.190735 -90.779190
v -146.165207 -62.190735 -90.657852
v -144.596725 -58.524956 -79.481766
v -144.527100 -58.524963 -90.288895
v -145.807968 -58.524963 -90.385757
v -145.877594 -58.524956 -79.578613
v -144.656509 -58.746468 -79.568314
v -145.740417 -58.746468 -90.301392
v -145.804565 -58.746468 -79.620728
v -146.182449 -65.675255 -90.848434
v -145.673691 -62.190742 -90.779190
v -145.793884 -65.675255 -90.848434
v -145.740723 -58.764961 -89.920380
v -145.505478 -58.764961 -89.923370
v -145.505478 -58.746468 -90.301392
v -144.851028 -58.706223 -90.633987
v -144.610657 -65.675255 -78.979752
v -144.730835 -62.190742 -79.126297
v -145.793884 -65.675255 -79.019073
v -145.553497 -58.524963 -90.385757
v -144.851028 -58.524956 -79.481766
v -144.891296 -58.746468 -79.568314
v -144.891296 -58.746468 -89.936752
v -144.222260 -65.675255 -79.019073
v -144.152740 -65.675255 -90.273575
v -144.239487 -62.190742 -90.135422
v -146.078445 -58.724716 -89.969452
v -146.144440 -62.190735 -89.767090
v -144.656509 -58.746468 -79.983597
v -144.326248 -58.706223 -79.931763
v -144.527100 -58.524963 -89.994736
v -145.877594 -58.524956 -79.931763
v -145.804565 -58.746468 -79.983597
v -145.195953 -58.795685 -79.983597
v -145.740494 -58.751648 -79.983597
v -144.891296 -58.746468 -79.983597
v -146.251968 -65.675255 -90.641724
v -146.210419 -65.675255 -89.564728
v -145.785034 -60.286705 13.420815
v -145.971741 -56.686050 13.446915
v -145.928497 -56.686050 14.006580
v -145.841751 -60.286705 14.105728
v -147.854218 -56.686050 13.943325
v -147.895691 -56.686050 13.456337
v -147.940979 -60.286705 13.590221
v -147.940979 -60.286705 14.105728
v -146.299652 -60.286705 2.362360
v -146.419846 -56.686050 2.453320
v -145.998047 -56.686050 2.475033
v -145.911270 -60.286705 2.405787
v -146.281372 -53.126984 3.005238
v -146.345520 -53.126984 2.952824
v -146.345520 -53.126984 3.314487
v -146.281372 -53.126984 3.313673
v -146.148071 -52.955444 13.942654
v -146.540039 -52.955444 13.942654
v -146.540039 -53.085388 14.020695
v -146.084824 -53.085388 14.020695
v -146.078400 -52.955444 2.809933
v -146.078400 -52.955444 3.257744
v -146.015259 -53.085396 3.256945
v -146.015259 -53.085396 2.733500
v -147.704315 -52.955444 13.830997
v -147.704315 -52.955444 13.322454
v -147.767456 -53.085388 13.322453
v -147.767456 -53.085388 13.907431
v -147.634644 -52.955444 2.698275
v -147.242508 -52.955444 2.698275
v -147.242508 -53.085396 2.620235
v -147.697906 -53.085396 2.620235
v -147.721710 -56.686050 14.127920
v -147.362701 -56.686050 14.127920
v -146.907104 -53.136246 14.020695
v -147.697906 -53.085388 14.020695
v -146.078400 -52.955444 13.322453
v -146.216110 -52.898087 13.322453
v -146.216110 -52.898087 13.675608
v -146.078400 -52.955444 13.830997
v -146.540039 -52.955444 2.698275
v -146.540039 -52.898094 2.868469
v -146.285736 -52.898094 2.868469
v -146.148071 -52.955444 2.698275
v -147.704315 -52.974556 3.283972
v -147.566605 -52.917206 3.282227
v -147.566605 -52.898094 2.965324
v -147.704315 -52.955444 2.809933
v -146.907104 -53.006302 13.942654
v -146.907104 -52.948944 13.772461
v -147.496979 -52.898087 13.772461
v -147.634644 -52.955444 13.942654
v -146.281372 -53.126984 13.270618
v -146.281372 -53.126984 13.633490
v -146.580307 -53.126984 2.952824
v -147.493576 -53.146095 3.334652
v -147.493576 -53.126984 3.005238
v -146.884964 -53.177834 13.685904
v -147.429428 -53.126984 13.685904
v -145.928497 -56.686050 2.596373
v -145.841751 -60.286705 2.535204
v -146.015259 -53.085388 13.907431
v -147.733963 -60.286705 14.282505
v -147.767456 -53.085396 2.733500
v -146.084824 -53.085396 2.620235
v -145.998047 -56.686050 14.127920
v -147.784683 -56.686050 2.475033
v -147.854218 -56.686050 2.596373
v -146.285736 -52.898087 13.772461
v -146.216110 -52.898094 2.965324
v -147.496979 -52.898094 2.868469
v -147.566605 -52.898087 13.675608
v -146.345520 -53.126984 13.685904
v -147.429428 -53.126984 2.952824
v -147.493576 -53.126984 13.633490
v -147.871460 -60.286705 2.405787
v -147.362701 -56.686050 2.475033
v -147.482895 -60.286705 2.405787
v -147.429733 -53.146095 3.333841
v -147.194489 -53.146095 3.330858
v -147.194489 -53.126984 2.952824
v -146.540039 -53.085396 2.620235
v -146.299667 -60.286705 14.274475
v -146.419846 -56.686050 14.127920
v -147.482895 -60.286705 14.235146
v -147.242508 -52.898094 2.868469
v -146.540039 -52.898087 13.772461
v -146.580307 -53.126984 13.685904
v -146.580307 -53.126984 3.317465
v -145.911270 -60.286705 14.235146
v -145.841751 -60.286705 2.980644
v -145.928497 -56.686050 3.118793
v -147.767456 -53.104507 3.284775
v -147.833450 -56.686050 3.487131
v -146.345520 -53.126984 13.270618
v -146.015259 -53.085388 13.322453
v -146.216110 -52.898094 3.259493
v -147.566605 -52.898087 13.322454
v -147.493576 -53.126984 13.270618
v -146.884964 -53.177834 13.270618
v -147.429504 -53.132332 13.270618
v -146.580307 -53.126984 13.270618
v -147.940979 -60.286705 2.612505
v -147.899429 -60.286705 3.689487
v -145.785034 -60.286705 0.301605
v -145.971741 -56.686050 0.327705
v -145.928497 -56.686050 0.887371
v -145.841751 -60.286705 0.986519
v -147.854218 -56.686050 0.824116
v -147.895691 -56.686050 0.337128
v -147.940979 -60.286705 0.471010
v -147.940979 -60.286705 0.986519
v -146.299652 -60.286705 -10.756847
v -146.419846 -56.686050 -10.665890
v -145.998047 -56.686050 -10.644176
v -145.911270 -60.286705 -10.713421
v -146.281372 -53.126984 -10.113972
v -146.345520 -53.126984 -10.166386
v -146.345520 -53.126984 -9.804722
v -146.281372 -53.126984 -9.805538
v -146.148071 -52.955444 0.823444
v -146.540039 -52.955444 0.823444
v -146.540039 -53.085388 0.901485
v -146.084824 -53.085388 0.901485
v -146.078400 -52.955444 -10.309277
v -146.078400 -52.955444 -9.861465
v -146.015259 -53.085396 -9.862263
v -146.015259 -53.085396 -10.385712
v -147.704315 -52.955444 0.711788
v -147.704315 -52.955444 0.203245
v -147.767456 -53.085388 0.203243
v -147.767456 -53.085388 0.788221
v -147.634644 -52.955444 -10.420933
v -147.242508 -52.955444 -10.420933
v -147.242508 -53.085396 -10.498974
v -147.697906 -53.085396 -10.498974
v -147.721710 -56.686050 1.008711
v -147.362701 -56.686050 1.008711
v -146.907104 -53.136246 0.901485
v -147.697906 -53.085388 0.901485
v -146.078400 -52.955444 0.203243
v -146.216110 -52.898087 0.203243
v -146.216110 -52.898087 0.556398
v -146.078400 -52.955444 0.711788
v -146.540039 -52.955444 -10.420933
v -146.540039 -52.898094 -10.250740
v -146.285736 -52.898094 -10.250740
v -146.148071 -52.955444 -10.420933
v -147.704315 -52.974556 -9.835236
v -147.566605 -52.917206 -9.836983
v -147.566605 -52.898094 -10.153885
v -147.704315 -52.955444 -10.309277
v -146.907104 -53.006302 0.823444
v -146.907104 -52.948944 0.653250
v -147.496979 -52.898087 0.653250
v -147.634644 -52.955444 0.823444
v -146.281372 -53.126984 0.151409
v -146.281372 -53.126984 0.514280
v -146.580307 -53.126984 -10.166386
v -147.493576 -53.146095 -9.784557
v -147.493576 -53.126984 -10.113972
v -146.884964 -53.177834 0.566694
v -147.429428 -53.126984 0.566694
v -145.928497 -56.686050 -10.522839
v -145.841751 -60.286705 -10.584007
v -146.015259 -53.085388 0.788221
v -147.733963 -60.286705 1.163296
v -147.767456 -53.085396 -10.385712
v -146.084824 -53.085396 -10.498974
v -145.998047 -56.686050 1.008711
v -147.784683 -56.686050 -10.644176
v -147.854218 -56.686050 -10.522839
v -146.285736 -52.898087 0.653252
v -146.216110 -52.898094 -10.153885
v -147.496979 -52.898094 -10.250740
v -147.566605 -52.898087 0.556398
v -146.345520 -53.126984 0.566694
v -147.429428 -53.126984 -10.166386
v -147.493576 -53.126984 0.514280
v -147.871460 -60.286705 -10.713421
v -147.362701 -56.686050 -10.644176
v -147.482895 -60.286705 -10.713421
v -147.429733 -53.146095 -9.785366
v -147.194489 -53.146095 -9.788349
v -147.194489 -53.126984 -10.166386
v -146.540039 -53.085396 -10.498974
v -146.299667 -60.286705 1.155266
v -146.419846 -56.686050 1.008711
v -147.482895 -60.286705 1.115936
v -147.242508 -52.898094 -10.250740
v -146.540039 -52.898087 0.653252
v -146.580307 -53.126984 0.566694
v -146.580307 -53.126984 -9.801743
v -145.911270 -60.286705 1.115936
v -145.841751 -60.286705 -10.138565
v -145.928497 -56.686050 -10.000416
v -147.767456 -53.104507 -9.834435
v -147.833450 -56.686050 -9.632080
v -146.345520 -53.126984 0.151409
v -146.015259 -53.085388 0.203243
v -146.216110 -52.898094 -9.859718
v -147.566605 -52.898087 0.203245
v -147.493576 -53.126984 0.151409
v -146.884964 -53.177834 0.151409
v -147.429504 -53.132332 0.151409
v -146.580307 -53.126984 0.151409
v -147.940979 -60.286705 -10.506706
v -147.899429 -60.286705 -9.429722
v -145.785034 -60.286705 -12.833015
v -145.971741 -56.686050 -12.806915
v -145.928497 -56.686050 -12.247250
v -145.841751 -60.286705 -12.148102
v -147.854218 -56.686050 -12.310505
v -147.895691 -56.686050 -12.797489
v -147.940979 -60.286705 -12.663609
v -147.940979 -60.286705 -12.148102
v -146.299652 -60.286705 -23.891468
v -146.419846 -56.686050 -23.800510
v -145.998047 -56.686050 -23.778797
v -145.911270 -60.286705 -23.848042
v -146.281372 -53.126984 -23.248592
v -146.345520 -53.126984 -23.301006
v -146.345520 -53.126984 -22.939342
v -146.281372 -53.126984 -22.940159
v -146.148071 -52.955444 -12.311176
v -146.540039 -52.955444 -12.311176
v -146.540039 -53.085388 -12.233135
v -146.084824 -53.085388 -12.233135
v -146.078400 -52.955444 -23.443897
v -146.078400 -52.955444 -22.996082
v -146.015259 -53.085396 -22.996883
v -146.015259 -53.085396 -23.520329
v -147.704315 -52.955444 -12.422832
v -147.704315 -52.955444 -12.931374
v -147.767456 -53.085388 -12.931377
v -147.767456 -53.085388 -12.346397
v -147.634644 -52.955444 -23.555553
v -147.242508 -52.955444 -23.555553
v -147.242508 -53.085396 -23.633595
v -147.697906 -53.085396 -23.633595
v -147.721710 -56.686050 -12.125908
v -147.362701 -56.686050 -12.125908
v -146.907104 -53.136246 -12.233135
v -147.697906 -53.085388 -12.233135
v -146.078400 -52.955444 -12.931377
v -146.216110 -52.898087 -12.931377
v -146.216110 -52.898087 -12.578220
v -146.078400 -52.955444 -12.422832
v -146.540039 -52.955444 -23.555553
v -146.540039 -52.898094 -23.385357
v -146.285736 -52.898094 -23.385357
v -146.148071 -52.955444 -23.555553
v -147.704315 -52.974556 -22.969856
v -147.566605 -52.917206 -22.971603
v -147.566605 -52.898094 -23.288506
v -147.704315 -52.955444 -23.443897
v -146.907104 -53.006302 -12.311176
v -146.907104 -52.948944 -12.481369
v -147.496979 -52.898087 -12.481369
v -147.634644 -52.955444 -12.311176
v -146.281372 -53.126984 -12.983212
v -146.281372 -53.126984 -12.620338
v -146.580307 -53.126984 -23.301006
v -147.493576 -53.146095 -22.919178
v -147.493576 -53.126984 -23.248592
v -146.884964 -53.177834 -12.567924
v -147.429428 -53.126984 -12.567924
v -145.928497 -56.686050 -23.657455
v -145.841751 -60.286705 -23.718624
v -146.015259 -53.085388 -12.346397
v -147.733963 -60.286705 -11.971325
v -147.767456 -53.085396 -23.520329
v -146.084824 -53.085396 -23.633595
v -145.998047 -56.686050 -12.125908
v -147.784683 -56.686050 -23.778797
v -147.854218 -56.686050 -23.657455
v -146.285736 -52.898087 -12.481369
v -146.216110 -52.898094 -23.288506
v -147.496979 -52.898094 -23.385357
v -147.566605 -52.898087 -12.578220
v -146.345520 -53.126984 -12.567924
v -147.429428 -53.126984 -23.301006
v -147.493576 -53.126984 -12.620338
v -147.871460 -60.286705 -23.848042
v -147.362701 -56.686050 -23.778797
v -147.482895 -60.286705 -23.848042
v -147.429733 -53.146095 -22.919987
v -147.194489 -53.146095 -22.922970
v -147.194489 -53.126984 -23.301006
v -146.540039 -53.085396 -23.633595
v -146.299667 -60.286705 -11.979351
v -146.419846 -56.686050 -12.125908
v -147.482895 -60.286705 -12.018684
v -147.242508 -52.898094 -23.385357
v -146.540039 -52.898087 -12.481369
v -146.580307 -53.126984 -12.567924
v -146.580307 -53.126984 -22.936363
v -145.911270 -60.286705 -12.018684
v -145.841751 -60.286705 -23.273186
v -145.928497 -56.686050 -23.135036
v -147.767456 -53.104507 -22.969055
v -147.833450 -56.686050 -22.766697
v -146.345520 -53.126984 -12.983212
v -146.015259 -53.085388 -12.931377
v -146.216110 -52.898094 -22.994335
v -147.566605 -52.898087 -12.931374
v -147.493576 -53.126984 -12.983212
v -146.884964 -53.177834 -12.983212
v -147.429504 -53.132332 -12.983212
v -146.580307 -53.126984 -12.983212
v -147.940979 -60.286705 -23.641323
v -147.899429 -60.286705 -22.564342
v -145.785034 -60.286705 -25.958614
v -145.971741 -56.686050 -25.932514
v -145.928497 -56.686050 -25.372849
v -145.841751 -60.286705 -25.273701
v -147.854218 -56.686050 -25.436104
v -147.895691 -56.686050 -25.923092
v -147.940979 -60.286705 -25.789207
v -147.940979 -60.286705 -25.273701
v -146.299652 -60.286713 -37.017071
v -146.419846 -56.686050 -36.926113
v -145.998047 -56.686058 -36.904400
v -145.911270 -60.286713 -36.973644
v -146.281372 -53.126984 -36.374187
v -146.345520 -53.126984 -36.426601
v -146.345520 -53.126984 -36.064938
v -146.281372 -53.126984 -36.065754
v -146.148071 -52.955444 -25.436771
v -146.540039 -52.955444 -25.436771
v -146.540039 -53.085396 -25.358734
v -146.084824 -53.085396 -25.358734
v -146.078400 -52.955452 -36.569500
v -146.078400 -52.955452 -36.121685
v -146.015259 -53.085396 -36.122478
v -146.015259 -53.085396 -36.645931
v -147.704315 -52.955444 -25.548428
v -147.704315 -52.955444 -26.056973
v -147.767456 -53.085396 -26.056973
v -147.767456 -53.085396 -25.471996
v -147.634644 -52.955452 -36.681149
v -147.242508 -52.955452 -36.681149
v -147.242508 -53.085396 -36.759197
v -147.697906 -53.085396 -36.759197
v -147.721710 -56.686050 -25.251507
v -147.362701 -56.686050 -25.251507
v -146.907104 -53.136253 -25.358734
v -147.697906 -53.085396 -25.358734
v -146.078400 -52.955444 -26.056973
v -146.216110 -52.898094 -26.056973
v -146.216110 -52.898094 -25.703819
v -146.078400 -52.955444 -25.548428
v -146.540039 -52.955444 -36.681149
v -146.540039 -52.898094 -36.510952
v -146.285736 -52.898094 -36.510952
v -146.148071 -52.955452 -36.681149
v -147.704315 -52.974564 -36.095455
v -147.566605 -52.917206 -36.097202
v -147.566605 -52.898094 -36.414104
v -147.704315 -52.955452 -36.569500
v -146.907104 -53.006302 -25.436771
v -146.907104 -52.948952 -25.606968
v -147.496979 -52.898094 -25.606968
v -147.634644 -52.955444 -25.436771
v -146.281372 -53.126984 -26.108807
v -146.281372 -53.126984 -25.745937
v -146.580307 -53.126984 -36.426601
v -147.493576 -53.146095 -36.044781
v -147.493576 -53.126984 -36.374187
v -146.884964 -53.177841 -25.693523
v -147.429428 -53.126984 -25.693523
v -145.928497 -56.686058 -36.783054
v -145.841751 -60.286713 -36.844219
v -146.015259 -53.085396 -25.471996
v -147.733963 -60.286705 -25.096920
v -147.767456 -53.085396 -36.645931
v -146.084824 -53.085396 -36.759197
v -145.998047 -56.686050 -25.251507
v -147.784683 -56.686050 -36.904400
v -147.854218 -56.686050 -36.783054
v -146.285736 -52.898094 -25.606968
v -146.216110 -52.898094 -36.414104
v -147.496979 -52.898094 -36.510952
v -147.566605 -52.898094 -25.703819
v -146.345520 -53.126984 -25.693523
v -147.429428 -53.126984 -36.426601
v -147.493576 -53.126984 -25.745937
v -147.871460 -60.286705 -36.973644
v -147.362701 -56.686050 -36.904400
v -147.482895 -60.286705 -36.973644
v -147.429733 -53.146095 -36.045589
v -147.194489 -53.146095 -36.048565
v -147.194489 -53.126984 -36.426601
v -146.540039 -53.085396 -36.759197
v -146.299667 -60.286705 -25.104954
v -146.419846 -56.686050 -25.251507
v -147.482895 -60.286705 -25.144283
v -147.242508 -52.898094 -36.510952
v -146.540039 -52.898094 -25.606968
v -146.580307 -53.126984 -25.693523
v -146.580307 -53.126984 -36.061962
v -145.911270 -60.286705 -25.144283
v -145.841751 -60.286713 -36.398785
v -145.928497 -56.686058 -36.260632
v -147.767456 -53.104507 -36.094654
v -147.833450 -56.686050 -35.892296
v -146.345520 -53.126984 -26.108807
v -146.015259 -53.085396 -26.056973
v -146.216110 -52.898094 -36.119930
v -147.566605 -52.898094 -26.056973
v -147.493576 -53.126984 -26.108807
v -146.884964 -53.177841 -26.108807
v -147.429504 -53.132339 -26.108807
v -146.580307 -53.126984 -26.108807
v -147.940979 -60.286713 -36.766918
v -147.899429 -60.286713 -35.689941
v -145.785034 -60.286705 -39.060917
v -145.971741 -56.686050 -39.034817
v -145.928497 -56.686050 -38.475155
v -145.841751 -60.286705 -38.376003
v -147.854218 -56.686050 -38.538403
v -147.895691 -56.686050 -39.025394
v -147.940979 -60.286705 -38.891506
v -147.940979 -60.286705 -38.376003
v -146.299652 -60.286713 -50.119366
v -146.419846 -56.686050 -50.028408
v -145.998047 -56.686058 -50.006695
v -145.911270 -60.286713 -50.075939
v -146.281372 -53.126984 -49.476498
v -146.345520 -53.126984 -49.528912
v -146.345520 -53.126984 -49.167248
v -146.281372 -53.126984 -49.168056
v -146.148071 -52.955444 -38.539074
v -146.540039 -52.955444 -38.539074
v -146.540039 -53.085396 -38.461040
v -146.084824 -53.085396 -38.461040
v -146.078400 -52.955452 -49.671795
v -146.078400 -52.955452 -49.223980
v -146.015259 -53.085396 -49.224789
v -146.015259 -53.085396 -49.748226
v -147.704315 -52.955444 -38.650738
v -147.704315 -52.955444 -39.159275
v -147.767456 -53.085396 -39.159283
v -147.767456 -53.085396 -38.574299
v -147.634644 -52.955452 -49.783459
v -147.242508 -52.955452 -49.783459
v -147.242508 -53.085396 -49.861492
v -147.697906 -53.085396 -49.861492
v -147.721710 -56.686050 -38.353809
v -147.362701 -56.686050 -38.353809
v -146.907104 -53.136253 -38.461040
v -147.697906 -53.085396 -38.461040
v -146.078400 -52.955444 -39.159283
v -146.216110 -52.898094 -39.159283
v -146.216110 -52.898094 -38.806118
v -146.078400 -52.955444 -38.650738
v -146.540039 -52.955444 -49.783459
v -146.540039 -52.898094 -49.613262
v -146.285736 -52.898094 -49.613262
v -146.148071 -52.955452 -49.783459
v -147.704315 -52.974564 -49.197758
v -147.566605 -52.917206 -49.199505
v -147.566605 -52.898094 -49.516407
v -147.704315 -52.955452 -49.671795
v -146.907104 -53.006302 -38.539074
v -146.907104 -52.948952 -38.709270
v -147.496979 -52.898094 -38.709270
v -147.634644 -52.955444 -38.539074
v -146.281372 -53.126984 -39.211117
v -146.281372 -53.126984 -38.848240
v -146.580307 -53.126984 -49.528912
v -147.493576 -53.146095 -49.147076
v -147.493576 -53.126984 -49.476498
v -146.884964 -53.177841 -38.795826
v -147.429428 -53.126984 -38.795826
v -145.928497 -56.686058 -49.885357
v -145.841751 -60.286713 -49.946529
v -146.015259 -53.085396 -38.574299
v -147.733963 -60.286705 -38.199230
v -147.767456 -53.085396 -49.748226
v -146.084824 -53.085396 -49.861492
v -145.998047 -56.686050 -38.353809
v -147.784683 -56.686050 -50.006695
v -147.854218 -56.686050 -49.885357
v -146.285736 -52.898094 -38.709270
v -146.216110 -52.898094 -49.516407
v -147.496979 -52.898094 -49.613262
v -147.566605 -52.898094 -38.806118
v -146.345520 -53.126984 -38.795826
v -147.429428 -53.126984 -49.528912
v -147.493576 -53.126984 -38.848240
v -147.871460 -60.286705 -50.075939
v -147.362701 -56.686050 -50.006695
v -147.482895 -60.286705 -50.075939
v -147.429733 -53.146095 -49.147884
v -147.194489 -53.146095 -49.150875
v -147.194489 -53.126984 -49.528912
v -146.540039 -53.085396 -49.861492
v -146.299667 -60.286705 -38.207256
v -146.419846 -56.686050 -38.353809
v -147.482895 -60.286705 -38.246586
v -147.242508 -52.898094 -49.613262
v -146.540039 -52.898094 -38.709270
v -146.580307 -53.126984 -38.795826
v -146.580307 -53.126984 -49.164265
v -145.911270 -60.286705 -38.246586
v -145.841751 -60.286713 -49.501087
v -145.928497 -56.686058 -49.362942
v -147.767456 -53.104507 -49.196957
v -147.833450 -56.686050 -48.994595
v -146.345520 -53.126984 -39.211117
v -146.015259 -53.085396 -39.159283
v -146.216110 -52.898094 -49.222240
v -147.566605 -52.898094 -39.159275
v -147.493576 -53.126984 -39.211117
v -146.884964 -53.177841 -39.211117
v -147.429504 -53.132339 -39.211117
v -146.580307 -53.126984 -39.211117
v -147.940979 -60.286713 -49.869228
v -147.899429 -60.286713 -48.792248
v -145.785034 -60.286705 -52.195515
v -145.971741 -56.686050 -52.169415
v -145.928497 -56.686050 -51.609753
v -145.841751 -60.286705 -51.510601
v -147.854218 -56.686050 -51.673000
v -147.895691 -56.686050 -52.159992
v -147.940979 -60.286705 -52.026104
v -147.940979 -60.286705 -51.510601
v -146.299652 -60.286713 -63.253963
v -146.419846 -56.686050 -63.163006
v -145.998047 -56.686058 -63.141293
v -145.911270 -60.286713 -63.210537
v -146.281372 -53.126984 -62.611095
v -146.345520 -53.126984 -62.663509
v -146.345520 -53.126984 -62.301846
v -146.281372 -53.126984 -62.302654
v -146.148071 -52.955444 -51.673672
v -146.540039 -52.955444 -51.673672
v -146.540039 -53.085396 -51.595638
v -146.084824 -53.085396 -51.595638
v -146.078400 -52.955452 -62.806393
v -146.078400 -52.955452 -62.358578
v -146.015259 -53.085396 -62.359386
v -146.015259 -53.085396 -62.882824
v -147.704315 -52.955444 -51.785336
v -147.704315 -52.955444 -52.293873
v -147.767456 -53.085396 -52.293880
v -147.767456 -53.085396 -51.708897
v -147.634644 -52.955452 -62.918056
v -147.242508 -52.955452 -62.918056
v -147.242508 -53.085396 -62.996090
v -147.697906 -53.085396 -62.996090
v -147.721710 -56.686050 -51.488407
v -147.362701 -56.686050 -51.488407
v -146.907104 -53.136253 -51.595638
v -147.697906 -53.085396 -51.595638
v -146.078400 -52.955444 -52.293880
v -146.216110 -52.898094 -52.293880
v -146.216110 -52.898094 -51.940716
v -146.078400 -52.955444 -51.785336
v -146.540039 -52.955444 -62.918056
v -146.540039 -52.898094 -62.747860
v -146.285736 -52.898094 -62.747860
v -146.148071 -52.955452 -62.918056
v -147.704315 -52.974564 -62.332355
v -147.566605 -52.917206 -62.334103
v -147.566605 -52.898094 -62.651005
v -147.704315 -52.955452 -62.806393
v -146.907104 -53.006302 -51.673672
v -146.907104 -52.948952 -51.843868
v -147.496979 -52.898094 -51.843868
v -147.634644 -52.955444 -51.673672
v -146.281372 -53.126984 -52.345715
v -146.281372 -53.126984 -51.982838
v -146.580307 -53.126984 -62.663509
v -147.493576 -53.146095 -62.281673
v -147.493576 -53.126984 -62.611095
v -146.884964 -53.177841 -51.930424
v -147.429428 -53.126984 -51.930424
v -145.928497 -56.686058 -63.019955
v -145.841751 -60.286713 -63.081127
v -146.015259 -53.085396 -51.708897
v -147.733963 -60.286705 -51.333828
v -147.767456 -53.085396 -62.882824
v -146.084824 -53.085396 -62.996090
v -145.998047 -56.686050 -51.488407
v -147.784683 -56.686050 -63.141293
v -147.854218 -56.686050 -63.019955
v -146.285736 -52.898094 -51.843868
v -146.216110 -52.898094 -62.651005
v -147.496979 -52.898094 -62.747860
v -147.566605 -52.898094 -51.940716
v -146.345520 -53.126984 -51.930424
v -147.429428 -53.126984 -62.663509
v -147.493576 -53.126984 -51.982838
v -147.871460 -60.286705 -63.210537
v -147.362701 -56.686050 -63.141293
v -147.482895 -60.286705 -63.210537
v -147.429733 -53.146095 -62.282482
v -147.194489 -53.146095 -62.285473
v -147.194489 -53.126984 -62.663509
v -146.540039 -53.085396 -62.996090
v -146.299667 -60.286705 -51.341854
v -146.419846 -56.686050 -51.488407
v -147.482895 -60.286705 -51.381184
v -147.242508 -52.898094 -62.747860
v -146.540039 -52.898094 -51.843868
v -146.580307 -53.126984 -51.930424
v -146.580307 -53.126984 -62.298862
v -145.911270 -60.286705 -51.381184
v -145.841751 -60.286713 -62.635685
v -145.928497 -56.686058 -62.497540
v -147.767456 -53.104507 -62.331554
v -147.833450 -56.686050 -62.129192
v -146.345520 -53.126984 -52.345715
v -146.015259 -53.085396 -52.293880
v -146.216110 -52.898094 -62.356838
v -147.566605 -52.898094 -52.293873
v -147.493576 -53.126984 -52.345715
v -146.884964 -53.177841 -52.345715
v -147.429504 -53.132339 -52.345715
v -146.580307 -53.126984 -52.345715
v -147.940979 -60.286713 -63.003826
v -147.899429 -60.286713 -61.926846
v -145.785034 -60.286705 -65.321106
v -145.971741 -56.686050 -65.295013
v -145.928497 -56.686050 -64.735352
v -145.841751 -60.286705 -64.636200
v -147.854218 -56.686050 -64.798599
v -147.895691 -56.686050 -65.285583
v -147.940979 -60.286705 -65.151703
v -147.940979 -60.286705 -64.636200
v -146.299652 -60.286713 -76.379562
v -146.419846 -56.686050 -76.288605
v -145.998047 -56.686058 -76.266891
v -145.911270 -60.286713 -76.336136
v -146.281372 -53.126984 -75.736694
v -146.345520 -53.126984 -75.789093
v -146.345520 -53.126984 -75.427429
v -146.281372 -53.126984 -75.428253
v -146.148071 -52.955444 -64.799271
v -146.540039 -52.955444 -64.799271
v -146.540039 -53.085396 -64.721222
v -146.084824 -53.085396 -64.721222
v -146.078400 -52.955452 -75.931992
v -146.078400 -52.955452 -75.484177
v -146.015259 -53.085396 -75.484985
v -146.015259 -53.085396 -76.008423
v -147.704315 -52.955444 -64.910919
v -147.704315 -52.955444 -65.419464
v -147.767456 -53.085396 -65.419464
v -147.767456 -53.085396 -64.834488
v -147.634644 -52.955452 -76.043655
v -147.242508 -52.955452 -76.043655
v -147.242508 -53.085396 -76.121689
v -147.697906 -53.085396 -76.121689
v -147.721710 -56.686050 -64.613998
v -147.362701 -56.686050 -64.613998
v -146.907104 -53.136253 -64.721222
v -147.697906 -53.085396 -64.721222
v -146.078400 -52.955444 -65.419464
v -146.216110 -52.898094 -65.419464
v -146.216110 -52.898094 -65.066315
v -146.078400 -52.955444 -64.910919
v -146.540039 -52.955444 -76.043655
v -146.540039 -52.898094 -75.873459
v -146.285736 -52.898094 -75.873459
v -146.148071 -52.955452 -76.043655
v -147.704315 -52.974564 -75.457947
v -147.566605 -52.917206 -75.459702
v -147.566605 -52.898094 -75.776596
v -147.704315 -52.955452 -75.931992
v -146.907104 -53.006302 -64.799271
v -146.907104 -52.948952 -64.969467
v -147.496979 -52.898094 -64.969467
v -147.634644 -52.955444 -64.799271
v -146.281372 -53.126984 -65.471298
v -146.281372 -53.126984 -65.108429
v -146.580307 -53.126984 -75.789093
v -147.493576 -53.146095 -75.407272
v -147.493576 -53.126984 -75.736694
v -146.884964 -53.177841 -65.056015
v -147.429428 -53.126984 -65.056015
v -145.928497 -56.686058 -76.145554
v -145.841751 -60.286713 -76.206726
v -146.015259 -53.085396 -64.834488
v -147.733963 -60.286705 -64.459412
v -147.767456 -53.085396 -76.008423
v -146.084824 -53.085396 -76.121689
v -145.998047 -56.686050 -64.613998
v -147.784683 -56.686050 -76.266891
v -147.854218 -56.686050 -76.145554
v -146.285736 -52.898094 -64.969467
v -146.216110 -52.898094 -75.776596
v -147.496979 -52.898094 -75.873459
v -147.566605 -52.898094 -65.066315
v -146.345520 -53.126984 -65.056015
v -147.429428 -53.126984 -75.789093
v -147.493576 -53.126984 -65.108429
v -147.871460 -60.286705 -76.336136
v -147.362701 -56.686050 -76.266891
v -147.482895 -60.286705 -76.336136
v -147.429733 -53.146095 -75.408081
v -147.194489 -53.146095 -75.411072
v -147.194489 -53.126984 -75.789093
v -146.540039 -53.085396 -76.121689
v -146.299667 -60.286705 -64.467453
v -146.419846 -56.686050 -64.613998
v -147.482895 -60.286705 -64.506775
v -147.242508 -52.898094 -75.873459
v -146.540039 -52.898094 -64.969467
v -146.580307 -53.126984 -65.056015
v -146.580307 -53.126984 -75.424454
v -145.911270 -60.286705 -64.506775
v -145.841751 -60.286713 -75.761276
v -145.928497 -56.686058 -75.623123
v -147.767456 -53.104507 -75.457153
v -147.833450 -56.686050 -75.254791
v -146.345520 -53.126984 -65.471298
v -146.015259 -53.085396 -65.419464
v -146.216110 -52.898094 -75.482437
v -147.566605 -52.898094 -65.419464
v -147.493576 -53.126984 -65.471298
v -146.884964 -53.177841 -65.471298
v -147.429504 -53.132339 -65.471298
v -146.580307 -53.126984 -65.471298
v -147.940979 -60.286713 -76.129425
v -147.899429 -60.286713 -75.052429
v -145.785034 -60.286713 -78.521103
v -145.971741 -56.686058 -78.495010
v -145.928497 -56.686058 -77.935349
v -145.841751 -60.286713 -77.836197
v -147.854218 -56.686058 -77.998596
v -147.895691 -56.686058 -78.485580
v -147.940979 -60.286713 -78.351700
v -147.940979 -60.286713 -77.836197
v -146.299652 -60.286713 -89.579559
v -146.419846 -56.686058 -89.488602
v -145.998047 -56.686058 -89.466888
v -145.911270 -60.286713 -89.536133
v -146.281372 -53.126991 -88.936691
v -146.345520 -53.126991 -88.989090
v -146.345520 -53.126991 -88.627426
v -146.281372 -53.126991 -88.628250
v -146.148071 -52.955452 -77.999268
v -146.540039 -52.955452 -77.999268
v -146.540039 -53.085396 -77.921219
v -146.084824 -53.085396 -77.921219
v -146.078400 -52.955452 -89.131989
v -146.078400 -52.955452 -88.684174
v -146.015259 -53.085403 -88.684982
v -146.015259 -53.085403 -89.208420
v -147.704315 -52.955452 -78.110916
v -147.704315 -52.955452 -78.619461
v -147.767456 -53.085396 -78.619461
v -147.767456 -53.085396 -78.034485
v -147.634644 -52.955452 -89.243652
v -147.242508 -52.955452 -89.243652
v -147.242508 -53.085403 -89.321686
v -147.697906 -53.085403 -89.321686
v -147.721710 -56.686058 -77.813995
v -147.362701 -56.686058 -77.813995
v -146.907104 -53.136253 -77.921219
v -147.697906 -53.085396 -77.921219
v -146.078400 -52.955452 -78.619461
v -146.216110 -52.898094 -78.619461
v -146.216110 -52.898094 -78.266312
v -146.078400 -52.955452 -78.110916
v -146.540039 -52.955452 -89.243652
v -146.540039 -52.898102 -89.073456
v -146.285736 -52.898102 -89.073456
v -146.148071 -52.955452 -89.243652
v -147.704315 -52.974564 -88.657944
v -147.566605 -52.917213 -88.659698
v -147.566605 -52.898102 -88.976593
v -147.704315 -52.955452 -89.131989
v -146.907104 -53.006310 -77.999268
v -146.907104 -52.948952 -78.169464
v -147.496979 -52.898094 -78.169464
v -147.634644 -52.955452 -77.999268
v -146.281372 -53.126991 -78.671295
v -146.281372 -53.126991 -78.308426
v -146.580307 -53.126991 -88.989090
v -147.493576 -53.146103 -88.607269
v -147.493576 -53.126991 -88.936691
v -146.884964 -53.177841 -78.256012
v -147.429428 -53.126991 -78.256012
v -145.928497 -56.686058 -89.345551
v -145.841751 -60.286713 -89.406723
v -146.015259 -53.085396 -78.034485
v -147.733963 -60.286713 -77.659409
v -147.767456 -53.085403 -89.208420
v -146.084824 -53.085403 -89.321686
v -145.998047 -56.686058 -77.813995
v -147.784683 -56.686058 -89.466888
v -147.854218 -56.686058 -89.345551
v -146.285736 -52.898094 -78.169464
v -146.216110 -52.898102 -88.976593
v -147.496979 -52.898102 -89.073456
v -147.566605 -52.898094 -78.266312
v -146.345520 -53.126991 -78.256012
v -147.429428 -53.126991 -88.989090
v -147.493576 -53.126991 -78.308426
v -147.871460 -60.286713 -89.536133
v -147.362701 -56.686058 -89.466888
v -147.482895 -60.286713 -89.536133
v -147.429733 -53.146103 -88.608078
v -147.194489 -53.146103 -88.611069
v -147.194489 -53.126991 -88.989090
v -146.540039 -53.085403 -89.321686
v -146.299667 -60.286713 -77.667450
v -146.419846 -56.686058 -77.813995
v -147.482895 -60.286713 -77.706772
v -147.242508 -52.898102 -89.073456
v -146.540039 -52.898094 -78.169464
v -146.580307 -53.126991 -78.256012
v -146.580307 -53.126991 -88.624451
v -145.911270 -60.286713 -77.706772
v -145.841751 -60.286713 -88.961273
v -145.928497 -56.686058 -88.823120
v -147.767456 -53.104515 -88.657150
v -147.833450 -56.686058 -88.454788
v -146.345520 -53.126991 -78.671295
v -146.015259 -53.085396 -78.619461
v -146.216110 -52.898102 -88.682434
v -147.566605 -52.898094 -78.619461
v -147.493576 -53.126991 -78.671295
v -146.884964 -53.177841 -78.671295
v -147.429504 -53.132339 -78.671295
v -146.580307 -53.126991 -78.671295
v -147.940979 -60.286713 -89.329422
v -147.899429 -60.286713 -88.252426
v -145.785034 -60.286713 -91.655807
v -145.971741 -56.686058 -91.629715
v -145.928497 -56.686058 -91.070053
v -145.841751 -60.286713 -90.970901
v -147.854218 -56.686058 -91.133301
v -147.895691 -56.686058 -91.620285
v -147.940979 -60.286713 -91.486404
v -147.940979 -60.286713 -90.970901
v -146.299652 -60.286713 -102.714264
v -146.419846 -56.686058 -102.623306
v -145.998047 -56.686058 -102.601593
v -145.911270 -60.286713 -102.670837
v -146.281372 -53.126991 -102.071396
v -146.345520 -53.126991 -102.123810
v -146.345520 -53.126991 -101.762146
v -146.281372 -53.126991 -101.762955
v -146.148071 -52.955452 -91.133972
v -146.540039 -52.955452 -91.133972
v -146.540039 -53.085396 -91.055923
v -146.084824 -53.085396 -91.055923
v -146.078400 -52.955452 -102.266693
v -146.078400 -52.955452 -101.818878
v -146.015259 -53.085403 -101.819687
v -146.015259 -53.085403 -102.343140
v -147.704315 -52.955452 -91.245621
v -147.704315 -52.955452 -91.754166
v -147.767456 -53.085396 -91.754166
v -147.767456 -53.085396 -91.169189
v -147.634644 -52.955452 -102.378357
v -147.242508 -52.955452 -102.378357
v -147.242508 -53.085403 -102.456390
v -147.697906 -53.085403 -102.456390
v -147.721710 -56.686058 -90.948700
v -147.362701 -56.686058 -90.948700
v -146.907104 -53.136253 -91.055923
v -147.697906 -53.085396 -91.055923
v -146.078400 -52.955452 -91.754166
v -146.216110 -52.898094 -91.754166
v -146.216110 -52.898094 -91.401016
v -146.078400 -52.955452 -91.245621
v -146.540039 -52.955452 -102.378357
v -146.540039 -52.898102 -102.208160
v -146.285736 -52.898102 -102.208160
v -146.148071 -52.955452 -102.378357
v -147.704315 -52.974564 -101.792664
v -147.566605 -52.917213 -101.794403
v -147.566605 -52.898102 -102.111298
v -147.704315 -52.955452 -102.266693
v -146.907104 -53.006310 -91.133972
v -146.907104 -52.948952 -91.304169
v -147.496979 -52.898094 -91.304169
v -147.634644 -52.955452 -91.133972
v -146.281372 -53.126991 -91.806000
v -146.281372 -53.126991 -91.443130
v -146.580307 -53.126991 -102.123810
v -147.493576 -53.146103 -101.741974
v -147.493576 -53.126991 -102.071396
v -146.884964 -53.177841 -91.390717
v -147.429428 -53.126991 -91.390717
v -145.928497 -56.686058 -102.480255
v -145.841751 -60.286713 -102.541428
v -146.015259 -53.085396 -91.169189
v -147.733963 -60.286713 -90.794113
v -147.767456 -53.085403 -102.343140
v -146.084824 -53.085403 -102.456390
v -145.998047 -56.686058 -90.948700
v -147.784683 -56.686058 -102.601593
v -147.854218 -56.686058 -102.480255
v -146.285736 -52.898094 -91.304169
v -146.216110 -52.898102 -102.111298
v -147.496979 -52.898102 -102.208160
v -147.566605 -52.898094 -91.401016
v -146.345520 -53.126991 -91.390717
v -147.429428 -53.126991 -102.123810
v -147.493576 -53.126991 -91.443130
v -147.871460 -60.286713 -102.670837
v -147.362701 -56.686058 -102.601593
v -147.482895 -60.286713 -102.670837
v -147.429733 -53.146103 -101.742798
v -147.194489 -53.146103 -101.745773
v -147.194489 -53.126991 -102.123810
v -146.540039 -53.085403 -102.456390
v -146.299667 -60.286713 -90.802155
v -146.419846 -56.686058 -90.948700
v -147.482895 -60.286713 -90.841476
v -147.242508 -52.898102 -102.208160
v -146.540039 -52.898094 -91.304169
v -146.580307 -53.126991 -91.390717
v -146.580307 -53.126991 -101.759155
v -145.911270 -60.286713 -90.841476
v -145.841751 -60.286713 -102.095978
v -145.928497 -56.686058 -101.957825
v -147.767456 -53.104515 -101.791855
v -147.833450 -56.686058 -101.589508
v -146.345520 -53.126991 -91.806000
v -146.015259 -53.085396 -91.754166
v -146.216110 -52.898102 -101.817139
v -147.566605 -52.898094 -91.754166
v -147.493576 -53.126991 -91.806000
v -146.884964 -53.177841 -91.806000
v -147.429504 -53.132339 -91.806000
v -146.580307 -53.126991 -91.806000
v -147.940979 -60.286713 -102.464127
v -147.899429 -60.286713 -101.387146
v -145.606033 -59.955597 66.085739
v -145.792740 -56.354942 66.110779
v -145.749496 -56.354942 66.647614
v -145.662750 -59.955597 66.742722
v -147.675217 -56.354942 66.586945
v -147.716690 -56.354942 66.119812
v -147.761978 -59.955597 66.248230
v -147.761978 -59.955597 66.742722
v -146.120651 -59.955605 55.478321
v -146.240845 -56.354942 55.565571
v -145.819046 -56.354950 55.586399
v -145.732269 -59.955605 55.519978
v -146.102371 -52.795876 56.094975
v -146.166519 -52.795876 56.044697
v -146.166519 -52.795876 56.391613
v -146.102371 -52.795876 56.390827
v -145.969070 -52.624336 66.586304
v -146.361038 -52.624336 66.586304
v -146.361038 -52.754288 66.661148
v -145.905823 -52.754288 66.661148
v -145.899399 -52.624344 55.907635
v -145.899399 -52.624344 56.337185
v -145.836258 -52.754288 56.336414
v -145.836258 -52.754288 55.834324
v -147.525314 -52.624336 66.479202
v -147.525314 -52.624336 65.991394
v -147.588455 -52.754288 65.991394
v -147.588455 -52.754288 66.552505
v -147.455643 -52.624344 55.800533
v -147.063507 -52.624344 55.800533
v -147.063507 -52.754288 55.725681
v -147.518906 -52.754288 55.725681
v -147.542709 -56.354942 66.764008
v -147.183701 -56.354942 66.764008
v -146.728104 -52.805145 66.661148
v -147.518906 -52.754288 66.661148
v -145.899399 -52.624336 65.991394
v -146.037109 -52.566986 65.991394
v -146.037109 -52.566986 66.330139
v -145.899399 -52.624336 66.479202
v -146.361038 -52.624336 55.800533
v -146.361038 -52.566986 55.963787
v -146.106735 -52.566986 55.963787
v -145.969070 -52.624344 55.800533
v -147.525314 -52.643456 56.362339
v -147.387604 -52.586098 56.360668
v -147.387604 -52.566986 56.056690
v -147.525314 -52.624344 55.907635
v -146.728104 -52.675194 66.586304
v -146.728104 -52.617844 66.423050
v -147.317978 -52.566986 66.423050
v -147.455643 -52.624336 66.586304
v -146.102371 -52.795876 65.941666
v -146.102371 -52.795876 66.289749
v -146.401306 -52.795876 56.044697
v -147.314575 -52.814987 56.410954
v -147.314575 -52.795876 56.094975
v -146.705963 -52.846733 66.340012
v -147.250427 -52.795876 66.340012
v -145.749496 -56.354950 55.702793
v -145.662750 -59.955605 55.644108
v -145.836258 -52.754288 66.552505
v -147.554962 -59.955597 66.912292
v -147.588455 -52.754288 55.834324
v -145.905823 -52.754288 55.725681
v -145.819046 -56.354942 66.764008
v -147.605682 -56.354942 55.586399
v -147.675217 -56.354942 55.702793
v -146.106735 -52.566986 66.423050
v -146.037109 -52.566986 56.056690
v -147.317978 -52.566986 55.963787
v -147.387604 -52.566986 66.330139
v -146.166519 -52.795876 66.340012
v -147.250427 -52.795876 56.044697
v -147.314575 -52.795876 66.289749
v -147.692459 -59.955597 55.519978
v -147.183701 -56.354942 55.586399
v -147.303894 -59.955597 55.519978
v -147.250732 -52.814987 56.410175
v -147.015488 -52.814987 56.407322
v -147.015488 -52.795876 56.044697
v -146.361038 -52.754288 55.725681
v -146.120667 -59.955597 66.904587
v -146.240845 -56.354942 66.764008
v -147.303894 -59.955597 66.866852
v -147.063507 -52.566986 55.963787
v -146.361038 -52.566986 66.423050
v -146.401306 -52.795876 66.340012
v -146.401306 -52.795876 56.394474
v -145.732269 -59.955597 66.866852
v -145.662750 -59.955605 56.071384
v -145.749496 -56.354950 56.203907
v -147.588455 -52.773399 56.363117
v -147.654449 -56.354942 56.557209
v -146.166519 -52.795876 65.941666
v -145.836258 -52.754288 65.991394
v -146.037109 -52.566986 56.338856
v -147.387604 -52.566986 65.991394
v -147.314575 -52.795876 65.941666
v -146.705963 -52.846733 65.941666
v -147.250504 -52.801231 65.941666
v -146.401306 -52.795876 65.941666
v -147.761978 -59.955605 55.718266
v -147.720428 -59.955605 56.751316
v -144.096024 -65.674957 -93.055801
v -144.282730 -62.190437 -93.029709
v -144.239487 -62.190437 -92.470047
v -144.152740 -65.674957 -92.370895
v -146.165207 -62.190437 -92.533295
v -146.206680 -62.190437 -93.020279
v -146.251968 -65.674957 -92.886398
v -146.251968 -65.674957 -92.370895
v -144.610641 -65.674957 -104.114258
v -144.730835 -62.190437 -104.023300
v -144.309036 -62.190437 -104.001587
v -144.222260 -65.674957 -104.070831
v -144.592361 -58.746170 -103.471390
v -144.656509 -58.746170 -103.523804
v -144.656509 -58.746170 -103.162140
v -144.592361 -58.746170 -103.162949
v -144.459061 -58.580162 -92.533966
v -144.851028 -58.580162 -92.533966
v -144.851028 -58.705917 -92.455917
v -144.395813 -58.705917 -92.455917
v -144.389389 -58.580162 -103.666687
v -144.389389 -58.580162 -103.218872
v -144.326248 -58.705917 -103.219681
v -144.326248 -58.705917 -103.743134
v -146.015305 -58.580162 -92.645615
v -146.015305 -58.580162 -93.154160
v -146.078445 -58.705917 -93.154160
v -146.078445 -58.705917 -92.569183
v -145.945633 -58.580162 -103.778351
v -145.553497 -58.580162 -103.778351
v -145.553497 -58.705917 -103.856384
v -146.008896 -58.705917 -103.856384
v -146.032700 -62.190437 -92.348694
v -145.673691 -62.190437 -92.348694
v -145.218094 -58.755135 -92.455917
v -146.008896 -58.705917 -92.455917
v -144.389389 -58.580162 -93.154160
v -144.527100 -58.524658 -93.154160
v -144.527100 -58.524658 -92.801010
v -144.389389 -58.580162 -92.645615
v -144.851028 -58.580162 -103.778351
v -144.851028 -58.524658 -103.608154
v -144.596725 -58.524658 -103.608154
v -144.459061 -58.580162 -103.778351
v -146.015305 -58.598656 -103.192657
v -145.877594 -58.543152 -103.194397
v -145.877594 -58.524658 -103.511292
v -146.015305 -58.580162 -103.666687
v -145.218094 -58.629379 -92.533966
v -145.218094 -58.573868 -92.704163
v -145.807968 -58.524658 -92.704163
v -145.945633 -58.580162 -92.533966
v -144.592361 -58.746170 -93.205994
v -144.592361 -58.746170 -92.843124
v -144.891296 -58.746170 -103.523804
v -145.804565 -58.764664 -103.141968
v -145.804565 -58.746170 -103.471390
v -145.195953 -58.795380 -92.790710
v -145.740417 -58.746170 -92.790710
v -144.239487 -62.190437 -103.880249
v -144.152740 -65.674957 -103.941422
v -144.326248 -58.705917 -92.569183
v -146.044952 -65.674957 -92.194107
v -146.078445 -58.705917 -103.743134
v -144.395813 -58.705917 -103.856384
v -144.309036 -62.190437 -92.348694
v -146.095673 -62.190437 -104.001587
v -146.165207 -62.190437 -103.880249
v -144.596725 -58.524658 -92.704163
v -144.527100 -58.524658 -103.511292
v -145.807968 -58.524658 -103.608154
v -145.877594 -58.524658 -92.801010
v -144.656509 -58.746170 -92.790710
v -145.740417 -58.746170 -103.523804
v -145.804565 -58.746170 -92.843124
v -146.182449 -65.674957 -104.070831
v -145.673691 -62.190437 -104.001587
v -145.793884 -65.674957 -104.070831
v -145.740723 -58.764664 -103.142792
v -145.505478 -58.764664 -103.145767
v -145.505478 -58.746170 -103.523804
v -144.851028 -58.705917 -103.856384
v -144.610657 -65.674957 -92.202148
v -144.730835 -62.190437 -92.348694
v -145.793884 -65.674957 -92.241470
v -145.553497 -58.524658 -103.608154
v -144.851028 -58.524658 -92.704163
v -144.891296 -58.746170 -92.790710
v -144.891296 -58.746170 -103.159149
v -144.222260 -65.674957 -92.241470
v -144.152740 -65.674957 -103.495972
v -144.239487 -62.190437 -103.357819
v -146.078445 -58.724411 -103.191849
v -146.144440 -62.190437 -102.989502
v -144.656509 -58.746170 -93.205994
v -144.326248 -58.705917 -93.154160
v -144.527100 -58.524658 -103.217133
v -145.877594 -58.524658 -93.154160
v -145.804565 -58.746170 -93.205994
v -145.195953 -58.795380 -93.205994
v -145.740494 -58.751350 -93.205994
v -144.891296 -58.746170 -93.205994
v -146.251968 -65.674957 -103.864120
v -146.210419 -65.674957 -102.787140
v -145.785034 -60.286705 26.634083
v -145.971741 -56.686050 26.660183
v -145.928497 -56.686050 27.219852
v -145.841751 -60.286705 27.319000
v -147.854218 -56.686050 27.156597
v -147.895691 -56.686050 26.669609
v -147.940979 -60.286705 26.803493
v -147.940979 -60.286705 27.319000
v -146.299652 -60.286705 15.575634
v -146.419846 -56.686050 15.666592
v -145.998047 -56.686050 15.688305
v -145.911270 -60.286705 15.619061
v -146.281372 -53.126984 16.218510
v -146.345520 -53.126984 16.166096
v -146.345520 -53.126984 16.527760
v -146.281372 -53.126984 16.526943
v -146.148071 -52.955444 27.155926
v -146.540039 -52.955444 27.155926
v -146.540039 -53.085388 27.233967
v -146.084824 -53.085388 27.233967
v -146.078400 -52.955444 16.023205
v -146.078400 -52.955444 16.471016
v -146.015259 -53.085396 16.470215
v -146.015259 -53.085396 15.946770
v -147.704315 -52.955444 27.044270
v -147.704315 -52.955444 26.535725
v -147.767456 -53.085388 26.535725
v -147.767456 -53.085388 27.120701
v -147.634644 -52.955444 15.911545
v -147.242508 -52.955444 15.911545
v -147.242508 -53.085396 15.833508
v -147.697906 -53.085396 15.833508
v -147.721710 -56.686050 27.341190
v -147.362701 -56.686050 27.341190
v -146.907104 -53.136246 27.233967
v -147.697906 -53.085388 27.233967
v -146.078400 -52.955444 26.535725
v -146.216110 -52.898087 26.535725
v -146.216110 -52.898087 26.888878
v -146.078400 -52.955444 27.044270
v -146.540039 -52.955444 15.911545
v -146.540039 -52.898094 16.081741
v -146.285736 -52.898094 16.081741
v -146.148071 -52.955444 15.911545
v -147.704315 -52.974556 16.497242
v -147.566605 -52.917206 16.495499
v -147.566605 -52.898094 16.178593
v -147.704315 -52.955444 16.023205
v -146.907104 -53.006302 27.155926
v -146.907104 -52.948944 26.985729
v -147.496979 -52.898087 26.985729
v -147.634644 -52.955444 27.155926
v -146.281372 -53.126984 26.483891
v -146.281372 -53.126984 26.846760
v -146.580307 -53.126984 16.166096
v -147.493576 -53.146095 16.547924
v -147.493576 -53.126984 16.218510
v -146.884964 -53.177834 26.899174
v -147.429428 -53.126984 26.899174
v -145.928497 -56.686050 15.809643
v -145.841751 -60.286705 15.748474
v -146.015259 -53.085388 27.120701
v -147.733963 -60.286705 27.495777
v -147.767456 -53.085396 15.946770
v -146.084824 -53.085396 15.833508
v -145.998047 -56.686050 27.341190
v -147.784683 -56.686050 15.688305
v -147.854218 -56.686050 15.809643
v -146.285736 -52.898087 26.985729
v -146.216110 -52.898094 16.178593
v -147.496979 -52.898094 16.081741
v -147.566605 -52.898087 26.888878
v -146.345520 -53.126984 26.899174
v -147.429428 -53.126984 16.166096
v -147.493576 -53.126984 26.846760
v -147.871460 -60.286705 15.619061
v -147.362701 -56.686050 15.688305
v -147.482895 -60.286705 15.619061
v -147.429733 -53.146095 16.547115
v -147.194489 -53.146095 16.544132
v -147.194489 -53.126984 16.166096
v -146.540039 -53.085396 15.833508
v -146.299667 -60.286705 27.487747
v -146.419846 -56.686050 27.341190
v -147.482895 -60.286705 27.448414
v -147.242508 -52.898094 16.081741
v -146.540039 -52.898087 26.985729
v -146.580307 -53.126984 26.899174
v -146.580307 -53.126984 16.530735
v -145.911270 -60.286705 27.448414
v -145.841751 -60.286705 16.193916
v -145.928497 -56.686050 16.332066
v -147.767456 -53.104507 16.498043
v -147.833450 -56.686050 16.700401
v -146.345520 -53.126984 26.483891
v -146.015259 -53.085388 26.535725
v -146.216110 -52.898094 16.472763
v -147.566605 -52.898087 26.535725
v -147.493576 -53.126984 26.483891
v -146.884964 -53.177834 26.483891
v -147.429504 -53.132332 26.483891
v -146.580307 -53.126984 26.483891
v -147.940979 -60.286705 15.825775
v -147.899429 -60.286705 16.902760
v -144.096024 -65.674950 26.532185
v -144.282730 -62.190430 26.558285
v -144.239487 -62.190430 27.117950
v -144.152740 -65.674950 27.217098
v -146.165207 -62.190430 27.054695
v -146.206680 -62.190430 26.567707
v -146.251968 -65.674950 26.701591
v -146.251968 -65.674950 27.217098
v -144.610641 -65.674950 15.473732
v -144.730835 -62.190430 15.564690
v -144.309036 -62.190430 15.586403
v -144.222260 -65.674950 15.517159
v -144.592361 -58.746162 16.116608
v -144.656509 -58.746162 16.064194
v -144.656509 -58.746162 16.425858
v -144.592361 -58.746162 16.425045
v -144.459061 -58.580154 27.054028
v -144.851028 -58.580154 27.054028
v -144.851028 -58.705910 27.132065
v -144.395813 -58.705910 27.132065
v -144.389389 -58.580154 15.921303
v -144.389389 -58.580154 16.369114
v -144.326248 -58.705910 16.368317
v -144.326248 -58.705910 15.844868
v -146.015305 -58.580154 26.942371
v -146.015305 -58.580154 26.433826
v -146.078445 -58.705910 26.433826
v -146.078445 -58.705910 27.018803
v -145.945633 -58.580154 15.809647
v -145.553497 -58.580154 15.809647
v -145.553497 -58.705910 15.731606
v -146.008896 -58.705910 15.731606
v -146.032700 -62.190430 27.239292
v -145.673691 -62.190430 27.239292
v -145.218094 -58.755127 27.132065
v -146.008896 -58.705910 27.132065
v -144.389389 -58.580154 26.433826
v -144.527100 -58.524651 26.433826
v -144.527100 -58.524651 26.786980
v -144.389389 -58.580154 26.942371
v -144.851028 -58.580154 15.809647
v -144.851028 -58.524651 15.979839
v -144.596725 -58.524651 15.979839
v -144.459061 -58.580154 15.809647
v -146.015305 -58.598648 16.395344
v -145.877594 -58.543144 16.393597
v -145.877594 -58.524651 16.076694
v -146.015305 -58.580154 15.921303
v -145.218094 -58.629372 27.054028
v -145.218094 -58.573860 26.883831
v -145.807968 -58.524651 26.883831
v -145.945633 -58.580154 27.054028
v -144.592361 -58.746162 26.381992
v -144.592361 -58.746162 26.744862
v -144.891296 -58.746162 16.064194
v -145.804565 -58.764656 16.446026
v -145.804565 -58.746162 16.116608
v -145.195953 -58.795372 26.797276
v -145.740417 -58.746162 26.797276
v -144.239487 -62.190430 15.707745
v -144.152740 -65.674950 15.646572
v -144.326248 -58.705910 27.018803
v -146.044952 -65.674950 27.393879
v -146.078445 -58.705910 15.844868
v -144.395813 -58.705910 15.731606
v -144.309036 -62.190430 27.239292
v -146.095673 -62.190430 15.586403
v -146.165207 -62.190430 15.707745
v -144.596725 -58.524651 26.883831
v -144.527100 -58.524651 16.076694
v -145.807968 -58.524651 15.979839
v -145.877594 -58.524651 26.786980
v -144.656509 -58.746162 26.797276
v -145.740417 -58.746162 16.064194
v -145.804565 -58.746162 26.744862
v -146.182449 -65.674950 15.517159
v -145.673691 -62.190430 15.586403
v -145.793884 -65.674950 15.517159
v -145.740723 -58.764656 16.445213
v -145.505478 -58.764656 16.442230
v -145.505478 -58.746162 16.064194
v -144.851028 -58.705910 15.731606
v -144.610657 -65.674950 27.385845
v -144.730835 -62.190430 27.239292
v -145.793884 -65.674950 27.346516
v -145.553497 -58.524651 15.979839
v -144.851028 -58.524651 26.883831
v -144.891296 -58.746162 26.797276
v -144.891296 -58.746162 16.428837
v -144.222260 -65.674950 27.346516
v -144.152740 -65.674950 16.092014
v -144.239487 -62.190430 16.230167
v -146.078445 -58.724403 16.396145
v -146.144440 -62.190430 16.598499
v -144.656509 -58.746162 26.381992
v -144.326248 -58.705910 26.433826
v -144.527100 -58.524651 16.370861
v -145.877594 -58.524651 26.433826
v -145.804565 -58.746162 26.381992
v -145.195953 -58.795372 26.381992
v -145.740494 -58.751343 26.381992
v -144.891296 -58.746162 26.381992
v -146.251968 -65.674950 15.723873
v -146.210419 -65.674950 16.800858
v -158.315369 -60.066803 68.434875
v -158.341476 -56.466148 68.248169
v -158.901138 -56.466148 68.291412
v -159.000290 -60.066803 68.378174
v -158.837891 -56.466148 66.365692
v -158.350906 -56.466148 66.324219
v -158.484787 -60.066803 66.278946
v -159.000290 -60.066803 66.278946
v -147.256927 -60.066803 67.920258
v -147.347885 -56.466148 67.800064
v -147.369598 -56.466148 68.221878
v -147.300354 -60.066803 68.308655
v -147.899796 -52.907082 67.938553
v -147.847382 -52.907082 67.874390
v -148.209045 -52.907082 67.874390
v -148.208237 -52.907082 67.938553
v -158.837219 -52.735542 68.071838
v -158.837219 -52.735542 67.679871
v -158.915253 -52.865494 67.679871
v -158.915253 -52.865494 68.135101
v -147.704498 -52.735542 68.141510
v -148.152313 -52.735542 68.141510
v -148.151505 -52.865494 68.204651
v -147.628067 -52.865494 68.204651
v -158.725555 -52.735542 66.515594
v -158.217010 -52.735542 66.515594
v -158.217010 -52.865494 66.452454
v -158.801987 -52.865494 66.452454
v -147.592834 -52.735542 66.585266
v -147.592834 -52.735542 66.977402
v -147.514801 -52.865494 66.977402
v -147.514801 -52.865494 66.522018
v -159.022476 -56.466148 66.498199
v -159.022476 -56.466148 66.857208
v -158.915253 -52.916344 67.312820
v -158.915253 -52.865494 66.522018
v -158.217010 -52.735542 68.141510
v -158.217010 -52.678192 68.003799
v -158.570175 -52.678192 68.003799
v -158.725555 -52.735542 68.141510
v -147.592834 -52.735542 67.679871
v -147.763031 -52.678192 67.679871
v -147.763031 -52.678192 67.934174
v -147.592834 -52.735542 68.071838
v -148.178528 -52.754654 66.515594
v -148.176788 -52.697304 66.653305
v -147.859894 -52.678192 66.653305
v -147.704498 -52.735542 66.515594
v -158.837219 -52.786400 67.312820
v -158.667023 -52.729042 67.312820
v -158.667023 -52.678192 66.722931
v -158.837219 -52.735542 66.585266
v -158.165176 -52.907082 67.938553
v -158.528046 -52.907082 67.938553
v -147.847382 -52.907082 67.639603
v -148.229218 -52.926193 66.726334
v -147.899796 -52.907082 66.726334
v -158.580460 -52.957932 67.334961
v -158.580460 -52.907082 66.790482
v -147.490936 -56.466148 68.291412
v -147.429764 -60.066803 68.378174
v -158.801987 -52.865494 68.204651
v -159.177063 -60.066803 66.485947
v -147.628067 -52.865494 66.452454
v -147.514801 -52.865494 68.135101
v -159.022476 -56.466148 68.221878
v -147.369598 -56.466148 66.435242
v -147.490936 -56.466148 66.365692
v -158.667023 -52.678192 67.934174
v -147.859894 -52.678192 68.003799
v -147.763031 -52.678192 66.722931
v -158.570175 -52.678192 66.653305
v -158.580460 -52.907082 67.874390
v -147.847382 -52.907082 66.790482
v -158.528046 -52.907082 66.726334
v -147.300354 -60.066803 66.348465
v -147.369598 -56.466148 66.857208
v -147.300354 -60.066803 66.737015
v -148.228409 -52.926193 66.790192
v -148.225418 -52.926193 67.025421
v -147.847382 -52.907082 67.025421
v -147.514801 -52.865494 67.679871
v -159.169037 -60.066803 67.920258
v -159.022476 -56.466148 67.800064
v -159.129700 -60.066803 66.737015
v -147.763031 -52.678192 66.977402
v -158.667023 -52.678192 67.679871
v -158.580460 -52.907082 67.639603
v -148.212036 -52.907082 67.639603
v -159.129700 -60.066803 68.308655
v -147.875214 -60.066803 68.378174
v -148.013351 -56.466148 68.291412
v -148.179337 -52.884605 66.452454
v -148.381699 -56.466148 66.386475
v -158.165176 -52.907082 67.874390
v -158.217010 -52.865494 68.204651
v -148.154053 -52.678192 68.003799
v -158.217010 -52.678192 66.653305
v -158.165176 -52.907082 66.726334
v -158.165176 -52.957932 67.334961
v -158.165176 -52.912437 66.790405
v -158.165176 -52.907082 67.639603
v -147.507065 -60.066803 66.278946
v -148.584045 -60.066803 66.320480
v -158.213379 -65.455048 70.123169
v -158.239487 -61.970528 69.936462
v -158.799149 -61.970528 69.979706
v -158.898300 -65.455048 70.066467
v -158.735901 -61.970528 68.053986
v -158.248917 -61.970528 68.012512
v -158.382797 -65.455048 67.967239
v -158.898300 -65.455048 67.967239
v -147.154938 -65.455048 69.608551
v -147.245895 -61.970528 69.488358
v -147.267609 -61.970528 69.910172
v -147.198364 -65.455048 69.996948
v -147.797806 -58.526260 69.626846
v -147.745392 -58.526260 69.562683
v -148.107056 -58.526260 69.562683
v -148.106247 -58.526260 69.626846
v -158.735229 -58.360252 69.760132
v -158.735229 -58.360252 69.368164
v -158.813263 -58.486008 69.368164
v -158.813263 -58.486008 69.823395
v -147.602509 -58.360252 69.829803
v -148.050323 -58.360252 69.829803
v -148.049515 -58.486008 69.892944
v -147.526077 -58.486008 69.892944
v -158.623566 -58.360252 68.203888
v -158.115021 -58.360252 68.203888
v -158.115021 -58.486008 68.140747
v -158.699997 -58.486008 68.140747
v -147.490845 -58.360252 68.273560
v -147.490845 -58.360252 68.665695
v -147.412811 -58.486008 68.665695
v -147.412811 -58.486008 68.210312
v -158.920486 -61.970528 68.186493
v -158.920486 -61.970528 68.545502
v -158.813263 -58.535225 69.001114
v -158.813263 -58.486008 68.210312
v -158.115021 -58.360252 69.829803
v -158.115021 -58.304749 69.692093
v -158.468185 -58.304749 69.692093
v -158.623566 -58.360252 69.829803
v -147.490845 -58.360252 69.368164
v -147.661041 -58.304749 69.368164
v -147.661041 -58.304749 69.622467
v -147.490845 -58.360252 69.760132
v -148.076538 -58.378746 68.203888
v -148.074799 -58.323242 68.341599
v -147.757904 -58.304749 68.341599
v -147.602509 -58.360252 68.203888
v -158.735229 -58.409470 69.001114
v -158.565033 -58.353966 69.001114
v -158.565033 -58.304749 68.411224
v -158.735229 -58.360252 68.273560
v -158.063187 -58.526260 69.626846
v -158.426056 -58.526260 69.626846
v -147.745392 -58.526260 69.327896
v -148.127228 -58.544754 68.414627
v -147.797806 -58.526260 68.414627
v -158.478470 -58.575470 69.023254
v -158.478470 -58.526260 68.478775
v -147.388947 -61.970528 69.979706
v -147.327774 -65.455048 70.066467
v -158.699997 -58.486008 69.892944
v -159.075073 -65.455048 68.174240
v -147.526077 -58.486008 68.140747
v -147.412811 -58.486008 69.823395
v -158.920486 -61.970528 69.910172
v -147.267609 -61.970528 68.123535
v -147.388947 -61.970528 68.053986
v -158.565033 -58.304749 69.622467
v -147.757904 -58.304749 69.692093
v -147.661041 -58.304749 68.411224
v -158.468185 -58.304749 68.341599
v -158.478470 -58.526260 69.562683
v -147.745392 -58.526260 68.478775
v -158.426056 -58.526260 68.414627
v -147.198364 -65.455048 68.036758
v -147.267609 -61.970528 68.545502
v -147.198364 -65.455048 68.425308
v -148.126419 -58.544754 68.478485
v -148.123428 -58.544754 68.713715
v -147.745392 -58.526260 68.713715
v -147.412811 -58.486008 69.368164
v -159.067047 -65.455048 69.608551
v -158.920486 -61.970528 69.488358
v -159.027710 -65.455048 68.425308
v -147.661041 -58.304749 68.665695
v -158.565033 -58.304749 69.368164
v -158.478470 -58.526260 69.327896
v -148.110046 -58.526260 69.327896
v -159.027710 -65.455048 69.996948
v -147.773224 -65.455048 70.066467
v -147.911362 -61.970528 69.979706
v -148.077347 -58.504501 68.140747
v -148.279709 -61.970528 68.074768
v -158.063187 -58.526260 69.562683
v -158.115021 -58.486008 69.892944
v -148.052063 -58.304749 69.692093
v -158.115021 -58.304749 68.341599
v -158.063187 -58.526260 68.414627
v -158.063187 -58.575470 69.023254
v -158.063187 -58.531441 68.478699
v -158.063187 -58.526260 69.327896
v -147.405075 -65.455048 67.967239
v -148.482056 -65.455048 68.008774
v -171.464371 -60.066803 68.434875
v -171.490479 -56.466148 68.248169
v -172.050140 -56.466148 68.291412
v -172.149292 -60.066803 68.378174
v -171.986893 -56.466148 66.365692
v -171.499908 -56.466148 66.324219
v -171.633789 -60.066803 66.278946
v -172.149292 -60.066803 66.278946
v -160.405930 -60.066803 67.920258
v -160.496887 -56.466148 67.800064
v -160.518600 -56.466148 68.221878
v -160.449356 -60.066803 68.308655
v -161.048798 -52.907082 67.938553
v -160.996384 -52.907082 67.874390
v -161.358047 -52.907082 67.874390
v -161.357239 -52.907082 67.938553
v -171.986221 -52.735542 68.071838
v -171.986221 -52.735542 67.679871
v -172.064255 -52.865494 67.679871
v -172.064255 -52.865494 68.135101
v -160.853500 -52.735542 68.141510
v -161.301315 -52.735542 68.141510
v -161.300507 -52.865494 68.204651
v -160.777069 -52.865494 68.204651
v -171.874557 -52.735542 66.515594
v -171.366013 -52.735542 66.515594
v -171.366013 -52.865494 66.452454
v -171.950989 -52.865494 66.452454
v -160.741837 -52.735542 66.585266
v -160.741837 -52.735542 66.977402
v -160.663803 -52.865494 66.977402
v -160.663803 -52.865494 66.522018
v -172.171478 -56.466148 66.498199
v -172.171478 -56.466148 66.857208
v -172.064255 -52.916344 67.312820
v -172.064255 -52.865494 66.522018
v -171.366013 -52.735542 68.141510
v -171.366013 -52.678192 68.003799
v -171.719177 -52.678192 68.003799
v -171.874557 -52.735542 68.141510
v -160.741837 -52.735542 67.679871
v -160.912033 -52.678192 67.679871
v -160.912033 -52.678192 67.934174
v -160.741837 -52.735542 68.071838
v -161.327545 -52.754654 66.515594
v -161.325790 -52.697304 66.653305
v -161.008896 -52.678192 66.653305
v -160.853500 -52.735542 66.515594
v -171.986221 -52.786400 67.312820
v -171.816025 -52.729042 67.312820
v -171.816025 -52.678192 66.722931
v -171.986221 -52.735542 66.585266
v -171.314178 -52.907082 67.938553
v -171.677048 -52.907082 67.938553
v -160.996384 -52.907082 67.639603
v -161.378220 -52.926193 66.726334
v -161.048798 -52.907082 66.726334
v -171.729462 -52.957932 67.334961
v -171.729462 -52.907082 66.790482
v -160.639938 -56.466148 68.291412
v -160.578766 -60.066803 68.378174
v -171.950989 -52.865494 68.204651
v -172.326065 -60.066803 66.485947
v -160.777069 -52.865494 66.452454
v -160.663803 -52.865494 68.135101
v -172.171478 -56.466148 68.221878
v -160.518600 -56.466148 66.435242
v -160.639938 -56.466148 66.365692
v -171.816025 -52.678192 67.934174
v -161.008896 -52.678192 68.003799
v -160.912033 -52.678192 66.722931
v -171.719177 -52.678192 66.653305
v -171.729462 -52.907082 67.874390
v -160.996384 -52.907082 66.790482
v -171.677048 -52.907082 66.726334
v -160.449356 -60.066803 66.348465
v -160.518600 -56.466148 66.857208
v -160.449356 -60.066803 66.737015
v -161.377411 -52.926193 66.790192
v -161.374420 -52.926193 67.025421
v -160.996384 -52.907082 67.025421
v -160.663803 -52.865494 67.679871
v -172.318039 -60.066803 67.920258
v -172.171478 -56.466148 67.800064
v -172.278717 -60.066803 66.737015
v -160.912033 -52.678192 66.977402
v -171.816025 -52.678192 67.679871
v -171.729462 -52.907082 67.639603
v -161.361023 -52.907082 67.639603
v -172.278717 -60.066803 68.308655
v -161.024216 -60.066803 68.378174
v -161.162354 -56.466148 68.291412
v -161.328339 -52.884605 66.452454
v -161.530701 -56.466148 66.386475
v -171.314178 -52.907082 67.874390
v -171.366013 -52.865494 68.204651
v -161.303055 -52.678192 68.003799
v -171.366013 -52.678192 66.653305
v -171.314178 -52.907082 66.726334
v -171.314178 -52.957932 67.334961
v -171.314178 -52.912437 66.790405
v -171.314178 -52.907082 67.639603
v -160.656067 -60.066803 66.278946
v -161.733047 -60.066803 66.320480
v -171.362381 -65.455048 70.123169
v -171.388489 -61.970528 69.936462
v -171.948151 -61.970528 69.979706
v -172.047302 -65.455048 70.066467
v -171.884903 -61.970528 68.053986
v -171.397919 -61.970528 68.012512
v -171.531799 -65.455048 67.967239
v -172.047302 -65.455048 67.967239
v -160.303940 -65.455048 69.608551
v -160.394897 -61.970528 69.488358
v -160.416611 -61.970528 69.910172
v -160.347366 -65.455048 69.996948
v -160.946808 -58.526260 69.626846
v -160.894394 -58.526260 69.562683
v -161.256058 -58.526260 69.562683
v -161.255249 -58.526260 69.626846
v -171.884232 -58.360252 69.760132
v -171.884232 -58.360252 69.368164
v -171.962265 -58.486008 69.368164
v -171.962265 -58.486008 69.823395
v -160.751511 -58.360252 69.829803
v -161.199326 -58.360252 69.829803
v -161.198517 -58.486008 69.892944
v -160.675079 -58.486008 69.892944
v -171.772568 -58.360252 68.203888
v -171.264023 -58.360252 68.203888
v -171.264023 -58.486008 68.140747
v -171.848999 -58.486008 68.140747
v -160.639847 -58.360252 68.273560
v -160.639847 -58.360252 68.665695
v -160.561813 -58.486008 68.665695
v -160.561813 -58.486008 68.210312
v -172.069489 -61.970528 68.186493
v -172.069489 -61.970528 68.545502
v -171.962265 -58.535225 69.001114
v -171.962265 -58.486008 68.210312
v -171.264023 -58.360252 69.829803
v -171.264023 -58.304749 69.692093
v -171.617188 -58.304749 69.692093
v -171.772568 -58.360252 69.829803
v -160.639847 -58.360252 69.368164
v -160.810043 -58.304749 69.368164
v -160.810043 -58.304749 69.622467
v -160.639847 -58.360252 69.760132
v -161.225555 -58.378746 68.203888
v -161.223801 -58.323242 68.341599
v -160.906906 -58.304749 68.341599
v -160.751511 -58.360252 68.203888
v -171.884232 -58.409470 69.001114
v -171.714035 -58.353966 69.001114
v -171.714035 -58.304749 68.411224
v -171.884232 -58.360252 68.273560
v -171.212189 -58.526260 69.626846
v -171.575058 -58.526260 69.626846
v -160.894394 -58.526260 69.327896
v -161.276230 -58.544754 68.414627
v -160.946808 -58.526260 68.414627
v -171.627472 -58.575470 69.023254
v -171.627472 -58.526260 68.478775
v -160.537949 -61.970528 69.979706
v -160.476776 -65.455048 70.066467
v -171.848999 -58.486008 69.892944
v -172.224075 -65.455048 68.174240
v -160.675079 -58.486008 68.140747
v -160.561813 -58.486008 69.823395
v -172.069489 -61.970528 69.910172
v -160.416611 -61.970528 68.123535
v -160.537949 -61.970528 68.053986
v -171.714035 -58.304749 69.622467
v -160.906906 -58.304749 69.692093
v -160.810043 -58.304749 68.411224
v -171.617188 -58.304749 68.341599
v -171.627472 -58.526260 69.562683
v -160.894394 -58.526260 68.478775
v -171.575058 -58.526260 68.414627
v -160.347366 -65.455048 68.036758
v -160.416611 -61.970528 68.545502
v -160.347366 -65.455048 68.425308
v -161.275421 -58.544754 68.478485
v -161.272430 -58.544754 68.713715
v -160.894394 -58.526260 68.713715
v -160.561813 -58.486008 69.368164
v -172.216049 -65.455048 69.608551
v -172.069489 -61.970528 69.488358
v -172.176727 -65.455048 68.425308
v -160.810043 -58.304749 68.665695
v -171.714035 -58.304749 69.368164
v -171.627472 -58.526260 69.327896
v -161.259033 -58.526260 69.327896
v -172.176727 -65.455048 69.996948
v -160.922226 -65.455048 70.066467
v -161.060364 -61.970528 69.979706
v -161.226349 -58.504501 68.140747
v -161.428711 -61.970528 68.074768
v -171.212189 -58.526260 69.562683
v -171.264023 -58.486008 69.892944
v -161.201065 -58.304749 69.692093
v -171.264023 -58.304749 68.341599
v -171.212189 -58.526260 68.414627
v -171.212189 -58.575470 69.023254
v -171.212189 -58.531441 68.478699
v -171.212189 -58.526260 69.327896
v -160.554077 -65.455048 67.967239
v -161.631058 -65.455048 68.008774
v -143.973465 -65.674942 67.568680
v -144.142593 -62.190430 67.592941
v -144.103424 -62.190422 68.113312
v -144.024826 -65.674942 68.205490
v -145.847946 -62.190422 68.054489
v -145.885513 -62.190422 67.601700
v -145.926529 -65.674942 67.726181
v -145.926529 -65.674942 68.205490
v -144.439651 -65.674942 57.286747
v -144.548538 -62.190430 57.371319
v -144.166412 -62.190430 57.391506
v -144.087814 -65.674942 57.327122
v -144.423080 -58.746155 57.884480
v -144.481201 -58.746155 57.835743
v -144.481201 -58.746155 58.172016
v -144.423080 -58.746155 58.171253
v -144.302338 -58.580147 68.053879
v -144.657425 -58.580147 68.053879
v -144.657425 -58.705910 68.126434
v -144.245026 -58.705910 68.126434
v -144.239212 -58.580154 57.702885
v -144.239212 -58.580154 58.119251
v -144.182022 -58.705910 58.118519
v -144.182022 -58.705910 57.631824
v -145.712143 -58.580147 67.950058
v -145.712143 -58.580147 67.477219
v -145.769348 -58.705910 67.477219
v -145.769348 -58.705910 68.021118
v -145.649033 -58.580154 57.599072
v -145.293793 -58.580154 57.599072
v -145.293793 -58.705910 57.526508
v -145.706329 -58.705910 57.526508
v -145.727905 -62.190422 68.226135
v -145.402679 -62.190422 68.226135
v -144.989944 -58.755119 68.126434
v -145.706329 -58.705910 68.126434
v -144.239227 -58.580147 67.477219
v -144.363968 -58.524643 67.477219
v -144.363968 -58.524643 67.805573
v -144.239227 -58.580147 67.950058
v -144.657425 -58.580147 57.599072
v -144.657425 -58.524651 57.757313
v -144.427048 -58.524651 57.757313
v -144.302338 -58.580154 57.599072
v -145.712143 -58.598648 58.143642
v -145.587387 -58.543144 58.142017
v -145.587387 -58.524651 57.847370
v -145.712143 -58.580154 57.702885
v -144.989944 -58.629364 68.053879
v -144.989944 -58.573860 67.895630
v -145.524307 -58.524643 67.895630
v -145.649033 -58.580147 68.053879
v -144.423080 -58.746155 67.429031
v -144.423080 -58.746155 67.766418
v -144.693893 -58.746155 57.835743
v -145.521240 -58.764648 58.190769
v -145.521240 -58.746155 57.884480
v -144.969879 -58.795372 67.815155
v -145.463120 -58.746155 67.815155
v -144.103424 -62.190430 57.504322
v -144.024826 -65.674942 57.447453
v -144.182022 -58.705910 68.021118
v -145.739014 -65.674942 68.369858
v -145.769348 -58.705910 57.631824
v -144.245026 -58.705910 57.526508
v -144.166428 -62.190430 68.226135
v -145.784943 -62.190422 57.391506
v -145.847946 -62.190422 57.504322
v -144.427048 -58.524643 67.895630
v -144.363968 -58.524651 57.847370
v -145.524307 -58.524651 57.757313
v -145.587402 -58.524643 67.805573
v -144.481201 -58.746155 67.815155
v -145.463120 -58.746155 57.835743
v -145.521240 -58.746155 67.766418
v -145.863556 -65.674942 57.327122
v -145.402679 -62.190430 57.391506
v -145.511566 -65.674942 57.327122
v -145.463394 -58.764648 58.190006
v -145.250290 -58.764648 58.187237
v -145.250290 -58.746155 57.835743
v -144.657425 -58.705910 57.526508
v -144.439651 -65.674942 68.362396
v -144.548538 -62.190430 68.226135
v -145.511566 -65.674942 68.325821
v -145.293793 -58.524651 57.757313
v -144.657425 -58.524643 67.895630
v -144.693893 -58.746155 67.815155
v -144.693893 -58.746155 58.174786
v -144.087814 -65.674942 68.325821
v -144.024826 -65.674942 57.861614
v -144.103424 -62.190430 57.990063
v -145.769348 -58.724403 58.144390
v -145.829117 -62.190422 58.332539
v -144.481201 -58.746155 67.429031
v -144.182022 -58.705910 67.477219
v -144.363968 -58.524651 58.120884
v -145.587402 -58.524643 67.477219
v -145.521240 -58.746155 67.429031
v -144.969879 -58.795372 67.429031
v -145.463196 -58.751335 67.429031
v -144.693893 -58.746155 67.429031
v -145.926529 -65.674942 57.519321
v -145.888901 -65.674942 58.520679
vn 0.0231 0.0819 -0.9964
vn -0.0365 0.0662 -0.9971
vn 0.2283 0.0721 -0.9709
vn 0.2880 0.0610 -0.9557
vn 0.3417 0.0483 0.9386
vn 0.0355 0.0446 0.9984
vn 0.0052 0.0351 0.9994
vn 0.4314 0.0810 0.8985
vn -0.9983 0.0459 -0.0359
vn -0.9976 0.0682 -0.0142
vn -0.8526 0.0696 -0.5179
vn -0.9857 0.0498 -0.1608
vn 0.2322 0.8242 0.5165
vn 0.4746 0.8621 0.1776
vn -0.0000 1.0000 -0.0000
vn -0.0000 0.8631 0.5050
vn 0.5643 0.7916 -0.2345
vn 0.4642 0.8851 0.0347
vn 0.8905 0.4547 0.0159
vn 0.6118 0.7535 -0.2406
vn -0.1175 0.8359 -0.5362
vn -0.0000 0.8728 -0.4882
vn 0.0010 0.3939 -0.9191
vn -0.2598 0.4439 -0.8576
vn 0.1175 0.8359 0.5362
vn -0.0004 0.7232 0.6906
vn -0.0017 0.4041 0.9147
vn 0.2693 0.4417 0.8558
vn -0.5643 0.7916 0.2345
vn -0.6261 0.7797 -0.0000
vn -0.8886 0.4588 0.0019
vn -0.6095 0.7554 0.2404
vn 0.8842 0.0659 0.4624
vn 0.9977 0.0680 -0.0008
vn 0.8993 0.4373 0.0079
vn 0.7931 0.5110 0.3315
vn -0.0000 0.8739 -0.4860
vn -0.0000 0.9109 0.4126
vn -0.1187 0.9540 0.2753
vn 0.1562 0.9245 -0.3478
vn -0.4053 0.9142 -0.0000
vn 0.3771 0.9262 -0.0000
vn 0.1802 0.9775 0.1096
vn -0.2304 0.9374 -0.2610
vn 0.0168 0.8725 0.4884
vn 0.0150 0.9206 -0.3903
vn 0.1249 0.9600 -0.2506
vn -0.1419 0.9211 0.3625
vn 0.4249 0.9041 -0.0464
vn -0.3780 0.9258 0.0098
vn -0.1559 0.9796 -0.1265
vn 0.2538 0.9375 0.2381
vn -0.1860 0.8384 0.5123
vn 0.4540 0.8910 -0.0000
vn 0.0115 0.8768 -0.4808
vn 0.1999 0.8437 -0.4982
vn -0.4412 0.8972 0.0174
vn -0.4660 0.8641 -0.1900
vn -0.2598 0.0611 -0.9637
vn -0.2467 0.0542 -0.9676
vn 0.2582 0.4361 -0.8621
vn 0.9554 0.0802 0.2841
vn -0.2573 0.4437 0.8585
vn -0.5271 0.7706 -0.3584
vn 0.8666 0.0742 -0.4934
vn -0.8686 0.0705 0.4905
vn -0.2498 0.0593 0.9665
vn -0.1971 0.9744 0.1079
vn 0.1241 0.9597 0.2520
vn 0.1929 0.9750 -0.1099
vn -0.1163 0.9649 -0.2356
vn -0.4645 0.8742 0.1414
vn 0.4762 0.8685 -0.1381
vn -0.2272 0.8366 -0.4984
vn -0.8144 0.0496 0.5782
vn -0.9982 0.0593 0.0115
vn -0.9990 0.0412 0.0156
vn 0.0138 0.9999 -0.0012
vn 0.0132 0.9999 0.0080
vn 0.4635 0.8861 0.0028
vn -0.8879 0.4600 -0.0020
vn 0.9962 0.0769 -0.0412
vn 0.9979 0.0651 -0.0033
vn 0.9953 0.0531 -0.0813
vn -0.3658 0.9301 0.0317
vn -0.4492 0.8925 0.0406
vn 0.0023 1.0000 0.0052
vn 0.8355 0.0851 -0.5429
vn 0.0015 0.0503 -0.9987
vn 0.0021 0.0473 -0.9989
vn 0.0055 0.3896 0.9210
vn 0.0114 0.0401 0.9991
vn -0.0000 0.3838 -0.9234
vn -0.0004 0.9209 -0.3898
vn -0.0005 0.8649 -0.5020
vn 0.0009 0.9998 0.0218
vn -0.0016 0.9991 -0.0420
vn 0.0010 0.9991 0.0416
vn -0.1427 0.0430 0.9888
vn 0.0147 0.0371 0.9992
vn 0.0707 0.0525 -0.9961
vn -0.0092 0.0816 -0.9966
vn 0.2763 -0.0769 -0.9580
vn 0.3386 -0.1274 -0.9323
vn 0.3838 -0.1686 0.9079
vn 0.0638 0.0145 0.9979
vn 0.0216 0.0283 0.9994
vn 0.4576 -0.1786 0.8710
vn -0.8478 0.5297 -0.0274
vn -0.8389 0.5442 -0.0108
vn -0.7405 0.4909 -0.4590
vn -0.8422 0.5307 -0.0952
vn 0.6591 0.5528 0.5100
vn 0.8759 0.4595 0.1468
vn 0.5000 0.8660 -0.0000
vn 0.4315 0.7475 0.5050
vn 0.9186 0.3281 -0.2203
vn 0.8911 0.4526 0.0333
vn 0.9917 -0.1278 0.0135
vn 0.9467 0.2696 -0.1761
vn 0.2795 0.7947 -0.5388
vn 0.4364 0.7559 -0.4881
vn 0.1980 0.3404 -0.9192
vn -0.0588 0.5261 -0.8484
vn 0.5485 0.6394 0.5388
vn 0.3609 0.6261 0.6912
vn 0.2001 0.3508 0.9148
vn 0.4920 0.2063 0.8458
vn -0.1752 0.9596 0.2203
vn -0.2469 0.9690 -0.0000
vn -0.6047 0.7965 0.0014
vn -0.2385 0.9550 0.1765
vn 0.8179 -0.4126 0.4010
vn 0.8907 -0.4546 -0.0006
vn 0.9894 -0.1450 0.0066
vn 0.9546 -0.0005 0.2978
vn 0.4370 0.7568 -0.4861
vn 0.4555 0.7889 0.4126
vn 0.3730 0.8917 0.2563
vn 0.6272 0.6977 -0.3461
vn 0.0116 0.9999 -0.0000
vn 0.8113 0.5847 -0.0000
vn 0.6670 0.7339 0.1284
vn 0.1914 0.9501 -0.2463
vn 0.4533 0.7453 0.4890
vn 0.4769 0.7872 -0.3910
vn 0.5965 0.7684 -0.2319
vn 0.3042 0.8815 0.3612
vn 0.8710 0.4890 -0.0478
vn 0.0972 0.9952 0.0097
vn 0.3295 0.9328 -0.1463
vn 0.7458 0.6272 0.2244
vn 0.2004 0.8381 0.5074
vn 0.8709 0.4914 -0.0000
vn 0.4519 0.7518 -0.4801
vn 0.6422 0.5869 -0.4930
vn 0.0056 0.9998 0.0171
vn -0.0345 0.9864 -0.1604
vn -0.2475 0.2112 -0.9456
vn -0.2372 0.1981 -0.9511
vn 0.4797 0.2060 -0.8529
vn 0.8703 -0.4297 0.2407
vn -0.0556 0.5248 0.8494
vn -0.1526 0.9451 -0.2891
vn 0.8071 -0.3958 -0.4382
vn -0.7490 0.4987 0.4363
vn -0.2369 0.2030 0.9501
vn 0.2813 0.9514 0.1254
vn 0.5908 0.7715 0.2362
vn 0.6791 0.7229 -0.1276
vn 0.3823 0.8972 -0.2208
vn -0.0262 0.9928 0.1171
vn 0.8809 0.4591 -0.1151
vn 0.1590 0.8554 -0.4929
vn -0.7060 0.4556 0.5422
vn -0.8426 0.5385 0.0087
vn -0.8499 0.5268 0.0118
vn 0.5156 0.8568 -0.0015
vn 0.5150 0.8572 0.0080
vn 0.8780 0.4786 0.0032
vn -0.6039 0.7971 -0.0015
vn 0.8934 -0.4482 -0.0314
vn 0.8897 -0.4566 -0.0025
vn 0.8838 -0.4637 -0.0620
vn 0.1127 0.9931 0.0311
vn -0.0075 0.9992 0.0391
vn 0.5020 0.8648 0.0050
vn 0.7897 -0.3759 -0.4849
vn 0.0271 0.0435 -0.9987
vn 0.0260 0.0396 -0.9989
vn 0.2003 0.3336 0.9212
vn 0.0327 0.0278 0.9991
vn 0.1919 0.3323 -0.9234
vn 0.4600 0.7978 -0.3898
vn 0.4319 0.7493 -0.5020
vn 0.5009 0.8652 0.0221
vn 0.4976 0.8664 -0.0418
vn 0.5007 0.8646 0.0413
vn -0.1364 0.1278 0.9824
vn 0.0357 0.0220 0.9991
vn 0.3418 0.0483 0.9386
vn -0.0000 0.8728 -0.4881
vn -0.0004 0.7233 0.6906
vn 0.2693 0.4418 0.8558
vn 0.1562 0.9245 -0.3477
vn -0.2573 0.4437 0.8584
vn 0.4762 0.8684 -0.1381
vn 0.3770 0.9262 -0.0000
vn -0.1428 0.0430 0.9888
vn 0.4316 0.7475 0.5050
vn 0.9186 0.3282 -0.2203
vn 0.9467 0.2697 -0.1761
vn 0.4364 0.7558 -0.4881
vn 0.3608 0.6262 0.6911
vn 0.2000 0.3509 0.9148
vn 0.1915 0.9501 -0.2463
vn 0.7458 0.6272 0.2243
vn 0.2004 0.8381 0.5073
vn -0.1526 0.9450 -0.2892
vn 0.2814 0.9514 0.1254
vn 0.5010 0.8652 0.0221
vn 0.3418 0.0483 0.9385
vn 0.5642 0.7916 -0.2345
vn -0.2597 0.4439 -0.8576
vn -0.1186 0.9540 0.2753
vn 0.2582 0.4360 -0.8621
vn -0.5270 0.7706 -0.3584
vn 0.1930 0.9750 -0.1099
vn -0.0004 0.9209 -0.3899
vn 0.6591 0.5528 0.5099
vn 0.3609 0.6262 0.6912
vn 0.2000 0.3508 0.9148
vn 0.4316 0.7474 0.5050
vn 0.4519 0.7519 -0.4801
vn -0.0346 0.9864 -0.1604
vn 0.4797 0.2061 -0.8529
vn -0.1525 0.9451 -0.2892
vn 0.8071 -0.3958 -0.4381
vn 0.5908 0.7714 0.2362
vn 0.3823 0.8972 -0.2209
vn 0.1589 0.8555 -0.4929
vn 0.9987 0.0418 0.0302
vn 0.9987 0.0346 -0.0376
vn 0.9737 0.0386 0.2245
vn 0.9576 0.0320 0.2862
vn -0.9386 0.0249 0.3441
vn -0.9990 0.0234 0.0375
vn -0.9998 0.0186 0.0017
vn -0.9038 0.0424 0.4259
vn 0.0366 0.0239 -0.9990
vn 0.0142 0.0355 -0.9993
vn 0.5209 0.0318 -0.8530
vn 0.1604 0.0193 -0.9869
vn -0.6087 0.7421 0.2806
vn -0.2205 0.7747 0.5926
vn -0.5989 0.8008 -0.0000
vn 0.3321 0.6206 0.7104
vn -0.0562 0.7582 0.6496
vn -0.0205 0.2990 0.9540
vn 0.3161 0.6425 0.6980
vn 0.6995 0.6920 -0.1785
vn 0.6792 0.7339 -0.0000
vn 0.9703 0.2420 0.0009
vn 0.9135 0.2960 -0.2791
vn -0.6995 0.6920 0.1785
vn -0.8430 0.5379 -0.0007
vn -0.9689 0.2476 -0.0015
vn -0.9124 0.2950 0.2836
vn -0.3321 0.6206 -0.7103
vn -0.0000 0.6120 -0.7908
vn -0.0010 0.2954 -0.9554
vn -0.3156 0.6421 -0.6987
vn -0.4619 0.0335 0.8863
vn 0.0003 0.0363 0.9993
vn -0.0090 0.2738 0.9617
vn -0.3645 0.3819 0.8493
vn 0.6775 0.7356 -0.0000
vn -0.4355 0.9002 -0.0000
vn -0.2881 0.9472 -0.1409
vn 0.5262 0.8219 0.2181
vn -0.0000 0.7980 -0.6026
vn -0.0000 0.9022 0.4313
vn -0.1315 0.9700 0.2045
vn 0.3612 0.8448 -0.3948
vn -0.6817 0.7312 0.0234
vn 0.4255 0.9045 0.0270
vn 0.2589 0.9522 0.1621
vn -0.5396 0.8180 -0.1992
vn 0.0385 0.7769 0.6285
vn -0.0206 0.8945 -0.4466
vn 0.1678 0.9713 -0.1689
vn -0.3287 0.8462 0.4194
vn -0.6050 0.7574 -0.2455
vn -0.0000 0.8234 0.5675
vn 0.5806 0.8139 0.0213
vn 0.6054 0.7490 0.2691
vn -0.0303 0.8384 -0.5442
vn 0.2510 0.7661 -0.5917
vn 0.9654 0.0320 -0.2588
vn 0.9690 0.0284 -0.2455
vn 0.9155 0.2908 0.2779
vn -0.2775 0.0418 0.9598
vn -0.9145 0.2962 -0.2757
vn 0.4315 0.6544 -0.6210
vn 0.4945 0.0390 0.8683
vn -0.4929 0.0357 -0.8694
vn -0.9682 0.0310 -0.2482
vn -0.1309 0.9666 -0.2203
vn -0.2688 0.9522 0.1454
vn 0.1331 0.9671 0.2167
vn 0.2568 0.9563 -0.1398
vn -0.1904 0.7891 -0.5840
vn 0.1901 0.7764 0.6009
vn 0.6011 0.7483 -0.2805
vn -0.5783 0.0257 -0.8154
vn -0.0115 0.0312 -0.9994
vn -0.0168 0.0219 -0.9996
vn 0.0022 0.9997 0.0263
vn -0.0152 0.9996 0.0251
vn -0.0057 0.8117 0.5841
vn 0.0010 0.2958 -0.9553
vn 0.0380 0.0396 0.9985
vn 0.0018 0.0339 0.9994
vn 0.0791 0.0279 0.9965
vn -0.0000 0.9022 0.4312
vn -0.0593 0.9076 -0.4157
vn -0.0685 0.8156 -0.5746
vn -0.0100 0.9999 0.0043
vn 0.5465 0.0451 0.8362
vn 0.9996 0.0278 0.0011
vn 0.9997 0.0248 0.0021
vn -0.9711 0.2384 0.0052
vn -0.9997 0.0216 0.0105
vn 0.9716 0.2366 -0.0000
vn 0.4209 0.9071 -0.0008
vn 0.6184 0.7859 -0.0008
vn -0.0412 0.9991 0.0017
vn 0.0799 0.9968 -0.0030
vn -0.0787 0.9969 0.0019
vn -0.9895 0.0223 -0.1427
vn -0.9997 0.0192 0.0156
vn -0.0562 0.7581 0.6497
vn -0.0205 0.2989 0.9541
vn -0.0089 0.2738 0.9617
vn -0.0593 0.9075 -0.4157
vn -0.6087 0.7421 0.2807
vn -0.0000 0.9023 0.4312
vn -0.3321 0.6206 -0.7104
vn -0.0000 0.6120 -0.7909
vn 0.3612 0.8448 -0.3949
vn 0.0385 0.7769 0.6284
vn 0.6995 0.6919 -0.1785
vn -0.0000 0.7980 -0.6027
vn 0.1678 0.9712 -0.1689
vn 0.0010 0.2957 -0.9553
vn 0.3321 0.6206 0.7103
vn 0.2510 0.7661 -0.5916
vn -0.0205 0.2989 0.9540
vn 0.6011 0.7483 -0.2806
vn 0.9987 0.0404 0.0305
vn 0.9987 0.0335 -0.0377
vn 0.9738 0.0373 0.2244
vn 0.9577 0.0310 0.2861
vn -0.9386 0.0241 0.3442
vn -0.9990 0.0226 0.0376
vn -0.9998 0.0180 0.0016
vn -0.9040 0.0410 0.4257
vn 0.0366 0.0231 -0.9991
vn 0.0142 0.0344 -0.9993
vn 0.5210 0.0304 -0.8530
vn 0.1604 0.0182 -0.9869
vn -0.6120 0.7387 0.2825
vn -0.2220 0.7709 0.5971
vn -0.6024 0.7982 -0.0000
vn 0.3370 0.6106 0.7166
vn -0.0575 0.7504 0.6585
vn -0.0207 0.2916 0.9563
vn 0.3196 0.6364 0.7020
vn 0.7068 0.6836 -0.1819
vn 0.6882 0.7255 -0.0000
vn 0.9719 0.2353 0.0009
vn 0.9157 0.2888 -0.2796
vn -0.7068 0.6837 0.1818
vn -0.8496 0.5275 -0.0007
vn -0.9706 0.2407 -0.0015
vn -0.9146 0.2878 0.2840
vn -0.3369 0.6107 -0.7166
vn -0.0000 0.6022 -0.7984
vn -0.0010 0.2877 -0.9577
vn -0.3191 0.6359 -0.7027
vn -0.4619 0.0324 0.8864
vn 0.0003 0.0352 0.9994
vn -0.0090 0.2662 0.9639
vn -0.3658 0.3752 0.8517
vn 0.6864 0.7272 -0.0000
vn -0.4342 0.9008 -0.0000
vn -0.2865 0.9476 -0.1416
vn 0.5346 0.8156 0.2214
vn -0.0000 0.7906 -0.6123
vn -0.0000 0.9020 0.4317
vn -0.1318 0.9701 0.2039
vn 0.3662 0.8389 -0.4028
vn -0.6908 0.7227 0.0238
vn 0.4249 0.9048 0.0278
vn 0.2569 0.9525 0.1638
vn -0.5479 0.8117 -0.2023
vn 0.0381 0.7687 0.6385
vn -0.0214 0.8937 -0.4481
vn 0.1694 0.9712 -0.1676
vn -0.3331 0.8405 0.4273
vn -0.6084 0.7539 -0.2480
vn -0.0000 0.8203 0.5719
vn 0.5842 0.8113 0.0220
vn 0.6096 0.7445 0.2723
vn -0.0312 0.8360 -0.5479
vn 0.2536 0.7614 -0.5966
vn 0.9654 0.0310 -0.2587
vn 0.9690 0.0275 -0.2455
vn 0.9176 0.2837 0.2784
vn -0.2772 0.0404 0.9600
vn -0.9166 0.2890 -0.2761
vn 0.4348 0.6480 -0.6253
vn 0.4945 0.0377 0.8683
vn -0.4930 0.0345 -0.8694
vn -0.9683 0.0300 -0.2481
vn -0.1313 0.9667 -0.2195
vn -0.2675 0.9525 0.1459
vn 0.1335 0.9672 0.2159
vn 0.2557 0.9565 -0.1405
vn -0.1925 0.7851 -0.5887
vn 0.1924 0.7719 0.6059
vn 0.6049 0.7445 -0.2826
vn -0.5783 0.0249 -0.8154
vn -0.0115 0.0301 -0.9995
vn -0.0168 0.0213 -0.9996
vn 0.0023 0.9996 0.0272
vn -0.0157 0.9995 0.0260
vn -0.0059 0.8081 0.5890
vn 0.0010 0.2881 -0.9576
vn 0.0378 0.0383 0.9985
vn 0.0017 0.0328 0.9995
vn 0.0790 0.0270 0.9965
vn -0.0612 0.9074 -0.4159
vn -0.0703 0.8117 -0.5798
vn -0.0103 0.9999 0.0045
vn 0.5466 0.0437 0.8362
vn 0.9996 0.0270 0.0010
vn 0.9997 0.0240 0.0021
vn -0.9728 0.2318 0.0052
vn -0.9997 0.0209 0.0105
vn 0.9732 0.2301 -0.0000
vn 0.4200 0.9075 -0.0008
vn 0.6232 0.7821 -0.0008
vn -0.0425 0.9991 0.0018
vn 0.0826 0.9966 -0.0031
vn -0.0813 0.9967 0.0020
vn -0.9895 0.0216 -0.1427
vn -0.9997 0.0186 0.0156
vn -0.7068 0.6837 0.1819
vn -0.0000 0.6022 -0.7983
vn -0.0010 0.2878 -0.9577
vn -0.4929 0.0345 -0.8694
vn -0.0168 0.0212 -0.9996
vn -0.0000 0.9020 0.4316
vn -0.0612 0.9074 -0.4158
vn -0.2864 0.9476 -0.1416
vn -0.9167 0.2890 -0.2761
vn 0.1924 0.7719 0.6060
vn 0.3662 0.8389 -0.4027
vn -0.3331 0.8405 0.4274
vn 0.9655 0.0310 -0.2587
vn 0.4348 0.6481 -0.6253
vn -0.2674 0.9525 0.1459
vn -0.9039 0.0410 0.4257
vn 0.1603 0.0182 -0.9869
vn -0.8496 0.5275 -0.0008
vn -0.3370 0.6106 -0.7166
vn 0.0381 0.7686 0.6385
vn 0.4946 0.0377 0.8683
vn -0.4343 0.9008 -0.0000
vn -0.6120 0.7386 0.2825
vn -0.3191 0.6359 -0.7028
vn 0.2569 0.9524 0.1638
vn -0.2220 0.7709 0.5970
vn 0.1923 0.7719 0.6059
vn -0.6121 0.7386 0.2825
vn -0.2221 0.7708 0.5971
vn 0.3370 0.6107 0.7166
vn 0.3196 0.6365 0.7020
vn 0.7068 0.6836 -0.1818
vn -0.3370 0.6107 -0.7166
vn -0.3190 0.6359 -0.7028
vn -0.9166 0.2890 -0.2762
vn 0.9987 0.0404 0.0321
vn 0.9987 0.0335 -0.0393
vn 0.9721 0.0373 0.2316
vn 0.9547 0.0308 0.2961
vn -0.9345 0.0239 0.3552
vn -0.9990 0.0226 0.0392
vn -0.9998 0.0180 0.0015
vn -0.8997 0.0405 0.4346
vn 0.0351 0.0222 -0.9991
vn 0.0136 0.0330 -0.9994
vn 0.5124 0.0292 -0.8582
vn 0.1505 0.0173 -0.9885
vn -0.6106 0.7364 0.2914
vn -0.2156 0.7682 0.6028
vn 0.3338 0.6020 0.7253
vn -0.0569 0.7403 0.6699
vn -0.0200 0.2820 0.9592
vn 0.3116 0.6297 0.7117
vn 0.7071 0.6814 -0.1889
vn 0.9138 0.2868 -0.2877
vn -0.7070 0.6815 0.1889
vn -0.8496 0.5274 -0.0008
vn -0.9127 0.2858 0.2920
vn -0.3338 0.6021 -0.7253
vn -0.0000 0.5897 -0.8076
vn -0.0009 0.2782 -0.9605
vn -0.3111 0.6290 -0.7124
vn -0.4530 0.0312 0.8910
vn 0.0003 0.0337 0.9994
vn -0.0087 0.2572 0.9663
vn -0.3607 0.3692 0.8565
vn -0.2823 0.9487 -0.1422
vn 0.5341 0.8139 0.2286
vn -0.0000 0.7810 -0.6245
vn -0.0000 0.9019 0.4319
vn -0.1349 0.9693 0.2057
vn 0.3629 0.8346 -0.4145
vn -0.6910 0.7225 0.0245
vn 0.4252 0.9046 0.0290
vn 0.2526 0.9533 0.1653
vn -0.5476 0.8103 -0.2088
vn 0.0385 0.7584 0.6507
vn -0.0215 0.8934 -0.4487
vn 0.1729 0.9704 -0.1686
vn -0.3302 0.8357 0.4388
vn -0.6072 0.7518 -0.2572
vn -0.0000 0.8165 0.5774
vn 0.5840 0.8114 0.0230
vn 0.6083 0.7418 0.2822
vn -0.0311 0.8325 -0.5532
vn 0.2473 0.7585 -0.6029
vn 0.9631 0.0309 -0.2675
vn 0.9668 0.0274 -0.2539
vn 0.9157 0.2817 0.2865
vn -0.2708 0.0390 0.9618
vn -0.9148 0.2871 -0.2841
vn 0.4266 0.6433 -0.6358
vn 0.4867 0.0366 0.8728
vn -0.4852 0.0334 -0.8738
vn -0.9661 0.0299 -0.2564
vn -0.1342 0.9659 -0.2216
vn -0.2636 0.9535 0.1461
vn 0.1364 0.9664 0.2180
vn 0.2520 0.9575 -0.1406
vn -0.1868 0.7821 -0.5944
vn 0.1870 0.7681 0.6123
vn 0.6036 0.7420 -0.2918
vn -0.5733 0.0242 -0.8190
vn -0.0110 0.0289 -0.9995
vn -0.0162 0.0204 -0.9997
vn 0.0024 0.9996 0.0284
vn -0.0157 0.9995 0.0271
vn -0.0061 0.8035 0.5952
vn 0.0009 0.2785 -0.9604
vn 0.0363 0.0368 0.9987
vn 0.0017 0.0315 0.9995
vn 0.0759 0.0259 0.9968
vn -0.0612 0.9073 -0.4160
vn -0.0699 0.8075 -0.5857
vn -0.0102 0.9999 0.0045
vn 0.5380 0.0423 0.8419
vn 0.9996 0.0271 0.0010
vn 0.9997 0.0240 0.0022
vn -0.9728 0.2316 0.0053
vn -0.9997 0.0209 0.0109
vn 0.4200 0.9075 -0.0009
vn -0.0426 0.9991 0.0019
vn 0.0825 0.9966 -0.0033
vn -0.0812 0.9967 0.0021
vn -0.9887 0.0215 -0.1482
vn -0.9997 0.0185 0.0163
vn 0.3161 0.6426 0.6980
vn 0.4314 0.6544 -0.6210
vn -0.0115 0.0311 -0.9994
vn -0.0593 0.9075 -0.4158
vn -0.3369 0.6106 -0.7166
vn -0.0562 0.7582 0.6497
vn -0.0305 0.0404 0.9987
vn 0.0377 0.0335 0.9987
vn -0.2243 0.0373 0.9738
vn -0.2861 0.0310 0.9577
vn -0.3442 0.0241 -0.9386
vn -0.0376 0.0226 -0.9990
vn -0.0016 0.0180 -0.9998
vn -0.4257 0.0410 -0.9040
vn 0.9991 0.0231 0.0366
vn 0.9993 0.0344 0.0142
vn 0.8530 0.0304 0.5210
vn 0.9869 0.0182 0.1603
vn -0.2825 0.7386 -0.6121
vn -0.5971 0.7708 -0.2220
vn -0.0000 0.7982 -0.6024
vn -0.7166 0.6106 0.3370
vn -0.6585 0.7504 -0.0575
vn -0.9563 0.2916 -0.0207
vn -0.7020 0.6364 0.3196
vn 0.1819 0.6836 0.7068
vn -0.0000 0.7255 0.6882
vn -0.0009 0.2353 0.9719
vn 0.2795 0.2888 0.9157
vn -0.1818 0.6836 -0.7068
vn 0.0007 0.5275 -0.8495
vn 0.0015 0.2407 -0.9706
vn -0.2840 0.2878 -0.9146
vn 0.7166 0.6106 -0.3370
vn 0.7984 0.6022 -0.0000
vn 0.9577 0.2877 -0.0010
vn 0.7028 0.6359 -0.3191
vn -0.8864 0.0324 -0.4618
vn -0.9994 0.0352 0.0003
vn -0.9639 0.2662 -0.0090
vn -0.8517 0.3752 -0.3658
vn -0.0000 0.7272 0.6864
vn -0.0000 0.9008 -0.4343
vn 0.1416 0.9476 -0.2865
vn -0.2214 0.8156 0.5346
vn 0.6123 0.7906 -0.0000
vn -0.4317 0.9020 -0.0000
vn -0.2039 0.9701 -0.1318
vn 0.4028 0.8389 0.3662
vn -0.0238 0.7227 -0.6908
vn -0.0278 0.9048 0.4249
vn -0.1638 0.9524 0.2569
vn 0.2023 0.8117 -0.5479
vn -0.6385 0.7686 0.0381
vn 0.4481 0.8937 -0.0214
vn 0.1676 0.9712 0.1694
vn -0.4274 0.8405 -0.3331
vn 0.2481 0.7539 -0.6084
vn -0.5719 0.8203 -0.0000
vn -0.0220 0.8113 0.5842
vn -0.2723 0.7445 0.6096
vn 0.5479 0.8360 -0.0312
vn 0.5966 0.7614 0.2536
vn 0.2587 0.0310 0.9655
vn 0.2455 0.0275 0.9690
vn -0.2783 0.2837 0.9176
vn -0.9599 0.0404 -0.2772
vn 0.2762 0.2890 -0.9166
vn 0.6253 0.6481 0.4348
vn -0.8683 0.0377 0.4946
vn 0.8694 0.0345 -0.4929
vn 0.2482 0.0300 -0.9683
vn 0.2195 0.9667 -0.1313
vn -0.1460 0.9524 -0.2675
vn -0.2159 0.9672 0.1335
vn 0.1405 0.9565 0.2557
vn 0.5887 0.7851 -0.1924
vn -0.6060 0.7719 0.1924
vn 0.2826 0.7445 0.6049
vn 0.8154 0.0249 -0.5783
vn 0.9995 0.0301 -0.0115
vn 0.9996 0.0212 -0.0168
vn -0.0272 0.9996 0.0023
vn -0.0260 0.9995 -0.0157
vn -0.5890 0.8081 -0.0059
vn 0.9576 0.2881 0.0010
vn -0.9985 0.0383 0.0379
vn -0.9995 0.0328 0.0017
vn -0.9965 0.0270 0.0790
vn 0.4158 0.9074 -0.0612
vn 0.5798 0.8117 -0.0703
vn -0.0045 0.9999 -0.0103
vn -0.8362 0.0437 0.5466
vn -0.0010 0.0270 0.9996
vn -0.0021 0.0240 0.9997
vn -0.0052 0.2318 -0.9728
vn -0.0105 0.0209 -0.9997
vn -0.0000 0.2301 0.9732
vn 0.0008 0.9075 0.4200
vn 0.0008 0.7820 0.6232
vn -0.0018 0.9991 -0.0425
vn 0.0031 0.9966 0.0826
vn -0.0020 0.9967 -0.0813
vn 0.1427 0.0216 -0.9895
vn -0.0156 0.0186 -0.9997
vn -0.0302 0.0418 0.9987
vn 0.0376 0.0346 0.9987
vn -0.2245 0.0386 0.9737
vn -0.2862 0.0320 0.9576
vn -0.3441 0.0249 -0.9386
vn -0.0375 0.0234 -0.9990
vn -0.0017 0.0186 -0.9998
vn -0.4259 0.0423 -0.9038
vn 0.9990 0.0239 0.0366
vn 0.9993 0.0355 0.0142
vn 0.8530 0.0318 0.5209
vn 0.9869 0.0193 0.1604
vn -0.2807 0.7421 -0.6087
vn -0.5926 0.7747 -0.2205
vn -0.0000 0.8008 -0.5989
vn -0.7104 0.6206 0.3321
vn -0.6497 0.7581 -0.0562
vn -0.9541 0.2989 -0.0205
vn -0.6980 0.6425 0.3161
vn 0.1785 0.6920 0.6995
vn -0.0000 0.7339 0.6792
vn -0.0009 0.2420 0.9703
vn 0.2790 0.2960 0.9135
vn -0.1785 0.6920 -0.6995
vn 0.0007 0.5379 -0.8430
vn 0.0015 0.2476 -0.9689
vn -0.2837 0.2950 -0.9124
vn 0.7104 0.6206 -0.3321
vn 0.7909 0.6120 -0.0000
vn 0.9554 0.2954 -0.0010
vn 0.6987 0.6421 -0.3156
vn -0.8863 0.0335 -0.4619
vn -0.9993 0.0363 0.0003
vn -0.9617 0.2738 -0.0090
vn -0.8493 0.3819 -0.3644
vn -0.0000 0.7355 0.6775
vn -0.0000 0.9002 -0.4355
vn 0.1409 0.9472 -0.2881
vn -0.2181 0.8219 0.5262
vn 0.6027 0.7980 -0.0000
vn -0.4313 0.9022 -0.0000
vn -0.2045 0.9700 -0.1315
vn 0.3949 0.8448 0.3612
vn -0.0234 0.7313 -0.6817
vn -0.0270 0.9045 0.4255
vn -0.1621 0.9522 0.2589
vn 0.1992 0.8180 -0.5396
vn -0.6285 0.7769 0.0385
vn 0.4466 0.8945 -0.0206
vn 0.1689 0.9713 0.1677
vn -0.4194 0.8462 -0.3287
vn 0.2455 0.7574 -0.6050
vn -0.5675 0.8234 -0.0000
vn -0.0213 0.8139 0.5806
vn -0.2691 0.7490 0.6054
vn 0.5442 0.8384 -0.0303
vn 0.5916 0.7661 0.2510
vn 0.2587 0.0320 0.9654
vn 0.2455 0.0284 0.9690
vn -0.2778 0.2909 0.9155
vn -0.9598 0.0418 -0.2775
vn 0.2757 0.2962 -0.9145
vn 0.6210 0.6544 0.4315
vn -0.8683 0.0390 0.4946
vn 0.8694 0.0357 -0.4928
vn 0.2482 0.0310 -0.9682
vn 0.2203 0.9666 -0.1309
vn -0.1454 0.9522 -0.2688
vn -0.2167 0.9671 0.1331
vn 0.1398 0.9563 0.2568
vn 0.5840 0.7891 -0.1904
vn -0.6009 0.7763 0.1901
vn 0.2805 0.7484 0.6011
vn 0.8154 0.0257 -0.5783
vn 0.9994 0.0312 -0.0115
vn 0.9996 0.0219 -0.0168
vn -0.0263 0.9997 0.0022
vn -0.0251 0.9996 -0.0152
vn -0.5841 0.8117 -0.0057
vn 0.9553 0.2958 0.0010
vn -0.9985 0.0396 0.0380
vn -0.9994 0.0339 0.0018
vn -0.9965 0.0279 0.0791
vn -0.4312 0.9022 -0.0000
vn 0.4157 0.9076 -0.0593
vn 0.5746 0.8156 -0.0685
vn -0.0043 0.9999 -0.0100
vn -0.8362 0.0451 0.5465
vn -0.0011 0.0278 0.9996
vn -0.0021 0.0248 0.9997
vn -0.0052 0.2385 -0.9711
vn -0.0105 0.0216 -0.9997
vn -0.0000 0.2366 0.9716
vn 0.0008 0.9071 0.4209
vn 0.0008 0.7859 0.6184
vn -0.0017 0.9991 -0.0412
vn 0.0030 0.9968 0.0799
vn -0.0019 0.9969 -0.0787
vn 0.1427 0.0223 -0.9895
vn -0.0155 0.0192 -0.9997
vn -0.2244 0.0373 0.9738
vn -0.9599 0.0404 -0.2773
vn -0.9985 0.0383 0.0378
vn -0.9985 0.0397 0.0380
vn -0.9965 0.0279 0.0790
vn -0.0052 0.2384 -0.9711
vn 0.9988 0.0378 0.0300
vn 0.9988 0.0313 -0.0367
vn 0.9750 0.0350 0.2196
vn 0.9596 0.0290 0.2799
vn -0.9410 0.0226 0.3375
vn -0.9991 0.0212 0.0367
vn -0.9999 0.0169 0.0014
vn -0.9069 0.0386 0.4196
vn 0.0376 0.0222 -0.9990
vn 0.0146 0.0330 -0.9993
vn 0.5264 0.0285 -0.8497
vn 0.1664 0.0167 -0.9859
vn -0.6193 0.7333 0.2804
vn -0.2290 0.7648 0.6022
vn -0.6092 0.7930 -0.0000
vn 0.3487 0.5958 0.7235
vn -0.0606 0.7408 0.6690
vn -0.0215 0.2830 0.9589
vn 0.3313 0.6283 0.7039
vn 0.7211 0.6679 -0.1842
vn 0.7059 0.7083 -0.0000
vn 0.9750 0.2222 0.0008
vn 0.9210 0.2756 -0.2754
vn -0.7210 0.6680 0.1841
vn -0.8623 0.5064 -0.0007
vn -0.9738 0.2273 -0.0014
vn -0.9200 0.2746 0.2795
vn -0.3487 0.5958 -0.7235
vn -0.0000 0.5899 -0.8074
vn -0.0009 0.2786 -0.9604
vn -0.3307 0.6276 -0.7048
vn -0.4673 0.0309 0.8836
vn 0.0003 0.0338 0.9994
vn -0.0092 0.2566 0.9665
vn -0.3716 0.3655 0.8534
vn 0.7042 0.7100 -0.0000
vn -0.4311 0.9023 -0.0000
vn -0.2850 0.9479 -0.1425
vn 0.5515 0.8036 0.2237
vn -0.0000 0.7814 -0.6240
vn -0.1301 0.9709 0.2011
vn 0.3782 0.8294 -0.4112
vn -0.7086 0.7052 0.0241
vn 0.4229 0.9057 0.0289
vn 0.2549 0.9526 0.1663
vn -0.5646 0.7996 -0.2044
vn 0.0369 0.7581 0.6511
vn -0.0230 0.8926 -0.4502
vn 0.1703 0.9717 -0.1639
vn -0.3436 0.8318 0.4360
vn -0.6156 0.7482 -0.2474
vn -0.0000 0.8166 0.5772
vn 0.5915 0.8060 0.0228
vn 0.6185 0.7371 0.2724
vn -0.0331 0.8334 -0.5517
vn 0.2630 0.7537 -0.6023
vn 0.9670 0.0291 -0.2532
vn 0.9704 0.0258 -0.2402
vn 0.9228 0.2707 0.2742
vn -0.2807 0.0387 0.9590
vn -0.9219 0.2758 -0.2720
vn 0.4463 0.6383 -0.6272
vn 0.4994 0.0360 0.8656
vn -0.4978 0.0327 -0.8667
vn -0.9696 0.0282 -0.2429
vn -0.1299 0.9677 -0.2161
vn -0.2665 0.9526 0.1468
vn 0.1321 0.9681 0.2127
vn 0.2551 0.9565 -0.1417
vn -0.2000 0.7792 -0.5941
vn 0.2002 0.7653 0.6117
vn 0.6131 0.7384 -0.2810
vn -0.5813 0.0237 -0.8133
vn -0.0118 0.0290 -0.9995
vn -0.0174 0.0204 -0.9996
vn 0.0024 0.9996 0.0283
vn -0.0167 0.9995 0.0270
vn -0.0063 0.8039 0.5948
vn 0.0009 0.2789 -0.9603
vn 0.0386 0.0368 0.9986
vn 0.0808 0.0260 0.9964
vn -0.0653 0.9073 -0.4154
vn -0.0745 0.8066 -0.5864
vn -0.0111 0.9999 0.0048
vn 0.5522 0.0417 0.8327
vn 0.9997 0.0253 0.0010
vn 0.9997 0.0225 0.0020
vn -0.9758 0.2188 0.0050
vn -0.9998 0.0196 0.0102
vn 0.9761 0.2174 -0.0000
vn 0.4175 0.9087 -0.0009
vn 0.6327 0.7744 -0.0008
vn -0.0453 0.9990 0.0019
vn 0.0882 0.9961 -0.0032
vn -0.0868 0.9962 0.0021
vn -0.9900 0.0202 -0.1393
vn -0.9997 0.0174 0.0152
vt 0.922990 0.978771
vt 0.925016 0.775168
vt 0.962695 0.774739
vt 0.969609 0.978244
vt 0.959825 0.221249
vt 0.926680 0.220438
vt 0.935912 0.017318
vt 0.970670 0.017655
vt 0.050561 0.024580
vt 0.071140 0.227750
vt 0.036656 0.229667
vt 0.018773 0.026360
vt 0.221362 0.541109
vt 0.218513 0.538073
vt 0.241571 0.538797
vt 0.241220 0.542453
vt 0.960680 0.559617
vt 0.963012 0.527347
vt 0.970447 0.527713
vt 0.968383 0.567285
vt 0.205371 0.563336
vt 0.236420 0.564226
vt 0.236286 0.571658
vt 0.199744 0.570578
vt 0.952959 0.431305
vt 0.917802 0.430453
vt 0.917857 0.423044
vt 0.958507 0.424139
vt 0.197564 0.435336
vt 0.195350 0.467641
vt 0.187665 0.467212
vt 0.189850 0.427443
vt 0.022073 0.692652
vt 0.051239 0.692685
vt 0.087299 0.893195
vt 0.020325 0.897148
vt 0.917341 0.565255
vt 0.917241 0.555337
vt 0.942146 0.553955
vt 0.952466 0.564544
vt 0.195100 0.525927
vt 0.205548 0.525368
vt 0.207837 0.546558
vt 0.197187 0.558264
vt 0.238623 0.429188
vt 0.238627 0.439307
vt 0.216072 0.440750
vt 0.205772 0.430336
vt 0.964395 0.496221
vt 0.953217 0.496689
vt 0.950717 0.447912
vt 0.961168 0.436415
vt 0.913209 0.543291
vt 0.936763 0.542090
vt 0.218217 0.521196
vt 0.243038 0.451607
vt 0.221730 0.452715
vt 0.940069 0.498752
vt 0.940158 0.456709
vt 0.176815 0.976571
vt 0.181691 0.772720
vt 0.191678 0.773480
vt 0.187240 0.977029
vt 0.958008 0.571831
vt 0.991311 0.018897
vt 0.976097 0.222261
vt 0.200260 0.423191
vt 0.189346 0.565924
vt 0.972694 0.773997
vt 0.968790 0.428872
vt 0.182776 0.221427
vt 0.192699 0.220395
vt 0.950212 0.547809
vt 0.215818 0.552850
vt 0.208142 0.447019
vt 0.942619 0.441697
vt 0.939728 0.539091
vt 0.218767 0.455879
vt 0.937214 0.453721
vt 0.178717 0.017504
vt 0.148220 0.223651
vt 0.147052 0.019486
vt 0.243158 0.455276
vt 0.242902 0.472906
vt 0.218387 0.472879
vt 0.972744 0.495846
vt 0.187408 0.526348
vt 0.138172 0.489161
vt 0.128220 0.692757
vt 0.041814 0.489176
vt 0.205790 0.468159
vt 0.952829 0.526795
vt 0.940358 0.522020
vt 0.241856 0.521207
vt 0.169902 0.489293
vt 0.162621 0.692747
vt 0.217442 0.977424
vt 0.227094 0.774189
vt 0.238681 0.421489
vt 0.252985 0.219954
vt 0.913078 0.539646
vt 0.917350 0.572720
vt 0.236760 0.554380
vt 0.917669 0.440301
vt 0.913586 0.452515
vt 0.913194 0.498880
vt 0.913355 0.456087
vt 0.913176 0.522137
vt 0.090973 0.430533
vt 0.051478 0.434800
vt 0.021133 0.489031
vt 0.980031 0.977810
vt 0.193794 0.016883
vt 0.150173 0.427312
vt 0.119165 0.895492
vt 0.158738 0.897556
vt 0.266783 0.016711
s 1
f 1/1/1 2/2/2 3/3/3
f 3/3/3 4/4/4 1/1/1
f 5/5/5 6/6/6 7/7/7
f 7/7/7 8/8/8 5/5/5
f 9/9/9 10/10/10 11/11/11
f 11/11/11 12/12/12 9/9/9
f 13/13/13 14/14/14 15/15/15
f 15/15/15 16/16/16 13/13/13
f 17/17/17 18/18/18 19/19/19
f 19/19/19 20/20/20 17/17/17
f 21/21/21 22/22/22 23/23/23
f 23/23/23 24/24/24 21/21/21
f 25/25/25 26/26/26 27/27/27
f 27/27/27 28/28/28 25/25/25
f 29/29/29 30/30/30 31/31/31
f 31/31/31 32/32/32 29/29/29
f 33/33/33 34/34/34 35/35/35
f 35/35/35 36/36/36 33/33/33
f 37/37/37 38/38/38 39/39/39
f 39/39/39 40/40/40 37/37/37
f 41/41/41 42/42/42 43/43/43
f 43/43/43 44/44/44 41/41/41
f 45/45/45 46/46/46 47/47/47
f 47/47/47 48/48/48 45/45/45
f 49/49/49 50/50/50 51/51/51
f 51/51/51 52/52/52 49/49/49
f 39/39/39 38/38/38 53/53/16
f 53/53/16 54/54/53 39/39/39
f 42/42/42 55/55/54 14/14/14
f 14/14/14 43/43/43 42/42/42
f 47/47/47 46/46/46 56/56/55
f 56/56/55 57/57/56 47/47/47
f 50/50/50 58/58/57 59/59/58
f 59/59/58 51/51/51 50/50/50
f 12/60/12 11/61/11 60/62/59
f 60/62/59 61/63/60 12/60/12
f 40/40/40 17/17/17 20/20/20
f 20/20/20 62/64/61 40/40/40
f 63/65/62 33/66/33 5/5/5
f 5/5/5 8/8/8 63/65/62
f 48/48/48 29/29/29 32/32/32
f 32/32/32 64/67/63 48/48/48
f 24/24/24 65/68/64 44/44/44
f 44/44/44 21/21/21 24/24/24
f 20/20/20 66/69/65 3/3/3
f 3/3/3 62/64/61 20/20/20
f 28/28/28 36/70/36 52/52/52
f 52/52/52 25/25/25 28/28/28
f 32/32/32 67/71/66 68/72/67
f 68/72/67 64/67/63 32/32/32
f 17/17/17 40/40/40 39/39/39
f 39/39/39 69/73/68 17/17/17
f 21/21/21 44/44/44 43/43/43
f 43/43/43 70/74/69 21/21/21
f 29/29/29 48/48/48 47/47/47
f 47/47/47 71/75/70 29/29/29
f 25/25/25 52/52/52 51/51/51
f 51/51/51 72/76/71 25/25/25
f 69/73/68 39/39/39 54/54/53
f 54/54/53 73/77/72 69/73/68
f 70/74/69 43/43/43 14/14/14
f 14/14/14 13/13/13 70/74/69
f 71/75/70 47/47/47 57/57/56
f 57/57/56 74/78/73 71/75/70
f 72/76/71 51/51/51 59/59/58
f 59/59/58 75/79/74 72/76/71
f 76/80/75 67/71/66 77/81/76
f 77/81/76 78/82/77 76/80/75
f 74/78/73 79/83/78 80/84/79
f 80/84/79 81/85/80 74/78/73
f 52/52/52 36/70/36 35/86/35
f 35/86/35 49/49/49 52/52/52
f 41/41/41 82/87/81 31/31/31
f 31/31/31 30/30/30 41/41/41
f 83/88/82 84/89/83 34/34/34
f 34/34/34 85/90/84 83/88/82
f 30/30/30 29/29/29 71/75/70
f 71/75/70 86/91/42 30/30/30
f 18/18/18 87/92/85 50/50/50
f 50/50/50 49/49/49 18/18/18
f 71/75/70 74/78/73 81/85/80
f 81/85/80 86/91/42 71/75/70
f 87/92/85 88/93/86 58/58/57
f 58/58/57 50/50/50 87/92/85
f 78/82/77 77/81/76 10/10/10
f 10/10/10 9/9/9 78/82/77
f 81/85/80 80/84/79 89/94/87
f 89/94/87 55/55/54 81/85/80
f 49/49/49 35/86/35 19/19/19
f 19/19/19 18/18/18 49/49/49
f 30/30/30 86/91/42 42/42/42
f 42/42/42 41/41/41 30/30/30
f 86/91/42 81/85/80 55/55/54
f 55/55/54 42/42/42 86/91/42
f 44/44/44 65/68/64 82/87/81
f 82/87/81 41/41/41 44/44/44
f 90/95/88 66/96/65 84/89/83
f 84/89/83 83/88/82 90/95/88
f 18/18/18 17/17/17 69/73/68
f 69/73/68 87/92/85 18/18/18
f 69/73/68 73/77/72 88/93/86
f 88/93/86 87/92/85 69/73/68
f 91/97/89 92/98/90 2/2/2
f 2/2/2 1/1/1 91/97/89
f 27/27/27 93/99/91 94/100/92
f 94/100/92 6/6/6 27/27/27
f 54/54/53 53/53/16 95/101/15
f 95/101/15 73/77/72 54/54/53
f 40/40/40 62/64/61 96/102/93
f 96/102/93 37/37/37 40/40/40
f 45/45/45 93/99/91 27/27/27
f 27/27/27 26/26/26 45/45/45
f 22/22/22 97/103/38 38/38/38
f 38/38/38 37/37/37 22/22/22
f 26/26/26 25/25/25 72/76/71
f 72/76/71 98/104/94 26/26/26
f 97/103/38 16/16/16 53/53/16
f 53/53/16 38/38/38 97/103/38
f 72/76/71 75/79/74 99/105/95
f 99/105/95 98/104/94 72/76/71
f 58/58/57 100/106/96 101/107/97
f 101/107/97 59/59/58 58/58/57
f 58/58/57 88/93/86 102/108/98
f 102/108/98 100/106/96 58/58/57
f 53/53/16 16/16/16 15/15/15
f 15/15/15 95/101/15 53/53/16
f 37/37/37 96/102/93 23/23/23
f 23/23/23 22/22/22 37/37/37
f 26/26/26 98/104/94 46/46/46
f 46/46/46 45/45/45 26/26/26
f 98/104/94 99/105/95 56/56/55
f 56/56/55 46/46/46 98/104/94
f 100/106/96 80/84/79 79/83/78
f 79/83/78 101/107/97 100/106/96
f 80/84/79 100/106/96 102/108/98
f 102/108/98 89/94/87 80/84/79
f 91/97/89 61/63/60 60/62/59
f 60/62/59 92/98/90 91/97/89
f 93/99/91 64/67/63 68/72/67
f 68/72/67 94/100/92 93/99/91
f 48/48/48 64/67/63 93/99/91
f 93/99/91 45/45/45 48/48/48
f 22/22/22 21/21/21 70/74/69
f 70/74/69 97/103/38 22/22/22
f 70/74/69 13/13/13 16/16/16
f 16/16/16 97/103/38 70/74/69
f 2/2/2 96/102/93 62/64/61
f 62/64/61 3/3/3 2/2/2
f 28/28/28 27/27/27 6/6/6
f 6/6/6 5/5/5 28/28/28
f 82/109/81 65/110/64 11/11/11
f 11/11/11 10/10/10 82/109/81
f 63/111/62 85/90/84 34/34/34
f 34/34/34 33/33/33 63/111/62
f 65/68/64 24/24/24 60/62/59
f 60/62/59 11/61/11 65/68/64
f 36/70/36 28/28/28 5/5/5
f 5/5/5 33/66/33 36/70/36
f 90/112/88 4/4/4 3/3/3
f 3/3/3 66/69/65 90/112/88
f 76/80/75 103/113/99 68/72/67
f 68/72/67 67/71/66 76/80/75
f 32/32/32 31/114/31 77/81/76
f 77/81/76 67/71/66 32/32/32
f 19/115/19 35/35/35 34/34/34
f 34/34/34 84/89/83 19/115/19
f 31/114/31 82/109/81 10/10/10
f 10/10/10 77/81/76 31/114/31
f 20/116/20 19/115/19 84/89/83
f 84/89/83 66/96/65 20/116/20
f 23/23/23 96/102/93 2/2/2
f 2/2/2 92/98/90 23/23/23
f 104/117/100 7/7/7 6/6/6
f 6/6/6 94/100/92 104/117/100
f 24/24/24 23/23/23 92/98/90
f 92/98/90 60/62/59 24/24/24
f 103/113/99 104/117/100 94/100/92
f 94/100/92 68/72/67 103/113/99
f 55/55/54 89/94/87 15/15/15
f 15/15/15 14/14/14 55/55/54
f 89/94/87 102/108/98 95/101/15
f 95/101/15 15/15/15 89/94/87
f 102/108/98 88/93/86 73/77/72
f 73/77/72 95/101/15 102/108/98
f 57/57/56 56/56/55 79/83/78
f 79/83/78 74/78/73 57/57/56
f 56/56/55 99/105/95 101/107/97
f 101/107/97 79/83/78 56/56/55
f 101/107/97 99/105/95 75/79/74
f 75/79/74 59/59/58 101/107/97
f 105/1/101 106/2/102 107/3/103
f 107/3/103 108/4/104 105/1/101
f 109/5/105 110/6/106 111/7/107
f 111/7/107 112/8/108 109/5/105
f 113/9/109 114/10/110 115/11/111
f 115/11/111 116/12/112 113/9/109
f 117/13/113 118/14/114 119/15/115
f 119/15/115 120/16/116 117/13/113
f 121/17/117 122/18/118 123/19/119
f 123/19/119 124/20/120 121/17/117
f 125/21/121 126/22/122 127/23/123
f 127/23/123 128/24/124 125/21/121
f 129/25/125 130/26/126 131/27/127
f 131/27/127 132/28/128 129/25/125
f 133/29/129 134/30/130 135/31/131
f 135/31/131 136/32/132 133/29/129
f 137/33/133 138/34/134 139/35/135
f 139/35/135 140/36/136 137/33/133
f 141/37/137 142/38/138 143/39/139
f 143/39/139 144/40/140 141/37/137
f 145/41/141 146/42/142 147/43/143
f 147/43/143 148/44/144 145/41/141
f 149/45/145 150/46/146 151/47/147
f 151/47/147 152/48/148 149/45/145
f 153/49/149 154/50/150 155/51/151
f 155/51/151 156/52/152 153/49/149
f 143/39/139 142/38/138 157/53/116
f 157/53/116 158/54/153 143/39/139
f 146/42/142 159/55/154 118/14/114
f 118/14/114 147/43/143 146/42/142
f 151/47/147 150/46/146 160/56/155
f 160/56/155 161/57/156 151/47/147
f 154/50/150 162/58/157 163/59/158
f 163/59/158 155/51/151 154/50/150
f 116/60/112 115/61/111 164/62/159
f 164/62/159 165/63/160 116/60/112
f 144/40/140 121/17/117 124/20/120
f 124/20/120 166/64/161 144/40/140
f 167/65/162 137/66/133 109/5/105
f 109/5/105 112/8/108 167/65/162
f 152/48/148 133/29/129 136/32/132
f 136/32/132 168/67/163 152/48/148
f 128/24/124 169/68/164 148/44/144
f 148/44/144 125/21/121 128/24/124
f 124/20/120 170/69/165 107/3/103
f 107/3/103 166/64/161 124/20/120
f 132/28/128 140/70/136 156/52/152
f 156/52/152 129/25/125 132/28/128
f 136/32/132 171/71/166 172/72/167
f 172/72/167 168/67/163 136/32/132
f 121/17/117 144/40/140 143/39/139
f 143/39/139 173/73/168 121/17/117
f 125/21/121 148/44/144 147/43/143
f 147/43/143 174/74/169 125/21/121
f 133/29/129 152/48/148 151/47/147
f 151/47/147 175/75/170 133/29/129
f 129/25/125 156/52/152 155/51/151
f 155/51/151 176/76/171 129/25/125
f 173/73/168 143/39/139 158/54/153
f 158/54/153 177/77/172 173/73/168
f 174/74/169 147/43/143 118/14/114
f 118/14/114 117/13/113 174/74/169
f 175/75/170 151/47/147 161/57/156
f 161/57/156 178/78/173 175/75/170
f 176/76/171 155/51/151 163/59/158
f 163/59/158 179/79/174 176/76/171
f 180/80/175 171/71/166 181/81/176
f 181/81/176 182/82/177 180/80/175
f 178/78/173 183/83/178 184/84/179
f 184/84/179 185/85/180 178/78/173
f 156/52/152 140/70/136 139/86/135
f 139/86/135 153/49/149 156/52/152
f 145/41/141 186/87/181 135/31/131
f 135/31/131 134/30/130 145/41/141
f 187/88/182 188/89/183 138/34/134
f 138/34/134 189/90/184 187/88/182
f 134/30/130 133/29/129 175/75/170
f 175/75/170 190/91/142 134/30/130
f 122/18/118 191/92/185 154/50/150
f 154/50/150 153/49/149 122/18/118
f 175/75/170 178/78/173 185/85/180
f 185/85/180 190/91/142 175/75/170
f 191/92/185 192/93/186 162/58/157
f 162/58/157 154/50/150 191/92/185
f 182/82/177 181/81/176 114/10/110
f 114/10/110 113/9/109 182/82/177
f 185/85/180 184/84/179 193/94/187
f 193/94/187 159/55/154 185/85/180
f 153/49/149 139/86/135 123/19/119
f 123/19/119 122/18/118 153/49/149
f 134/30/130 190/91/142 146/42/142
f 146/42/142 145/41/141 134/30/130
f 190/91/142 185/85/180 159/55/154
f 159/55/154 146/42/142 190/91/142
f 148/44/144 169/68/164 186/87/181
f 186/87/181 145/41/141 148/44/144
f 194/95/188 170/96/165 188/89/183
f 188/89/183 187/88/182 194/95/188
f 122/18/118 121/17/117 173/73/168
f 173/73/168 191/92/185 122/18/118
f 173/73/168 177/77/172 192/93/186
f 192/93/186 191/92/185 173/73/168
f 195/97/189 196/98/190 106/2/102
f 106/2/102 105/1/101 195/97/189
f 131/27/127 197/99/191 198/100/192
f 198/100/192 110/6/106 131/27/127
f 158/54/153 157/53/116 199/101/115
f 199/101/115 177/77/172 158/54/153
f 144/40/140 166/64/161 200/102/193
f 200/102/193 141/37/137 144/40/140
f 149/45/145 197/99/191 131/27/127
f 131/27/127 130/26/126 149/45/145
f 126/22/122 201/103/138 142/38/138
f 142/38/138 141/37/137 126/22/122
f 130/26/126 129/25/125 176/76/171
f 176/76/171 202/104/194 130/26/126
f 201/103/138 120/16/116 157/53/116
f 157/53/116 142/38/138 201/103/138
f 176/76/171 179/79/174 203/105/195
f 203/105/195 202/104/194 176/76/171
f 162/58/157 204/106/196 205/107/197
f 205/107/197 163/59/158 162/58/157
f 162/58/157 192/93/186 206/108/198
f 206/108/198 204/106/196 162/58/157
f 157/53/116 120/16/116 119/15/115
f 119/15/115 199/101/115 157/53/116
f 141/37/137 200/102/193 127/23/123
f 127/23/123 126/22/122 141/37/137
f 130/26/126 202/104/194 150/46/146
f 150/46/146 149/45/145 130/26/126
f 202/104/194 203/105/195 160/56/155
f 160/56/155 150/46/146 202/104/194
f 204/106/196 184/84/179 183/83/178
f 183/83/178 205/107/197 204/106/196
f 184/84/179 204/106/196 206/108/198
f 206/108/198 193/94/187 184/84/179
f 195/97/189 165/63/160 164/62/159
f 164/62/159 196/98/190 195/97/189
f 197/99/191 168/67/163 172/72/167
f 172/72/167 198/100/192 197/99/191
f 152/48/148 168/67/163 197/99/191
f 197/99/191 149/45/145 152/48/148
f 126/22/122 125/21/121 174/74/169
f 174/74/169 201/103/138 126/22/122
f 174/74/169 117/13/113 120/16/116
f 120/16/116 201/103/138 174/74/169
f 106/2/102 200/102/193 166/64/161
f 166/64/161 107/3/103 106/2/102
f 132/28/128 131/27/127 110/6/106
f 110/6/106 109/5/105 132/28/128
f 186/109/181 169/110/164 115/11/111
f 115/11/111 114/10/110 186/109/181
f 167/111/162 189/90/184 138/34/134
f 138/34/134 137/33/133 167/111/162
f 169/68/164 128/24/124 164/62/159
f 164/62/159 115/61/111 169/68/164
f 140/70/136 132/28/128 109/5/105
f 109/5/105 137/66/133 140/70/136
f 194/112/188 108/4/104 107/3/103
f 107/3/103 170/69/165 194/112/188
f 180/80/175 207/113/199 172/72/167
f 172/72/167 171/71/166 180/80/175
f 136/32/132 135/114/131 181/81/176
f 181/81/176 171/71/166 136/32/132
f 123/115/119 139/35/135 138/34/134
f 138/34/134 188/89/183 123/115/119
f 135/114/131 186/109/181 114/10/110
f 114/10/110 181/81/176 135/114/131
f 124/116/120 123/115/119 188/89/183
f 188/89/183 170/96/165 124/116/120
f 127/23/123 200/102/193 106/2/102
f 106/2/102 196/98/190 127/23/123
f 208/117/200 111/7/107 110/6/106
f 110/6/106 198/100/192 208/117/200
f 128/24/124 127/23/123 196/98/190
f 196/98/190 164/62/159 128/24/124
f 207/113/199 208/117/200 198/100/192
f 198/100/192 172/72/167 207/113/199
f 159/55/154 193/94/187 119/15/115
f 119/15/115 118/14/114 159/55/154
f 193/94/187 206/108/198 199/101/115
f 199/101/115 119/15/115 193/94/187
f 206/108/198 192/93/186 177/77/172
f 177/77/172 199/101/115 206/108/198
f 161/57/156 160/56/155 183/83/178
f 183/83/178 178/78/173 161/57/156
f 160/56/155 203/105/195 205/107/197
f 205/107/197 183/83/178 160/56/155
f 205/107/197 203/105/195 179/79/174
f 179/79/174 163/59/158 205/107/197
f 209/1/1 210/2/2 211/3/3
f 211/3/3 212/4/4 209/1/1
f 213/5/201 214/6/6 215/7/7
f 215/7/7 216/8/8 213/5/201
f 217/9/9 218/10/10 219/11/11
f 219/11/11 220/12/12 217/9/9
f 221/13/13 222/14/14 223/15/15
f 223/15/15 224/16/16 221/13/13
f 225/17/17 226/18/18 227/19/19
f 227/19/19 228/20/20 225/17/17
f 229/21/21 230/22/202 231/23/23
f 231/23/23 232/24/24 229/21/21
f 233/25/25 234/26/203 235/27/27
f 235/27/27 236/28/204 233/25/25
f 237/29/29 238/30/30 239/31/31
f 239/31/31 240/32/32 237/29/29
f 241/33/33 242/34/34 243/35/35
f 243/35/35 244/36/36 241/33/33
f 245/37/37 246/38/38 247/39/39
f 247/39/39 248/40/205 245/37/37
f 249/41/41 250/42/42 251/43/43
f 251/43/43 252/44/44 249/41/41
f 253/45/45 254/46/46 255/47/47
f 255/47/47 256/48/48 253/45/45
f 257/49/49 258/50/50 259/51/51
f 259/51/51 260/52/52 257/49/49
f 247/39/39 246/38/38 261/53/16
f 261/53/16 262/54/53 247/39/39
f 250/42/42 263/55/54 222/14/14
f 222/14/14 251/43/43 250/42/42
f 255/47/47 254/46/46 264/56/55
f 264/56/55 265/57/56 255/47/47
f 258/50/50 266/58/57 267/59/58
f 267/59/58 259/51/51 258/50/50
f 220/60/12 219/61/11 268/62/59
f 268/62/59 269/63/60 220/60/12
f 248/40/205 225/17/17 228/20/20
f 228/20/20 270/64/61 248/40/205
f 271/65/62 241/66/33 213/5/201
f 213/5/201 216/8/8 271/65/62
f 256/48/48 237/29/29 240/32/32
f 240/32/32 272/67/206 256/48/48
f 232/24/24 273/68/64 252/44/44
f 252/44/44 229/21/21 232/24/24
f 228/20/20 274/69/65 211/3/3
f 211/3/3 270/64/61 228/20/20
f 236/28/204 244/70/36 260/52/52
f 260/52/52 233/25/25 236/28/204
f 240/32/32 275/71/66 276/72/67
f 276/72/67 272/67/206 240/32/32
f 225/17/17 248/40/205 247/39/39
f 247/39/39 277/73/68 225/17/17
f 229/21/21 252/44/44 251/43/43
f 251/43/43 278/74/69 229/21/21
f 237/29/29 256/48/48 255/47/47
f 255/47/47 279/75/70 237/29/29
f 233/25/25 260/52/52 259/51/51
f 259/51/51 280/76/71 233/25/25
f 277/73/68 247/39/39 262/54/53
f 262/54/53 281/77/72 277/73/68
f 278/74/69 251/43/43 222/14/14
f 222/14/14 221/13/13 278/74/69
f 279/75/70 255/47/47 265/57/56
f 265/57/56 282/78/207 279/75/70
f 280/76/71 259/51/51 267/59/58
f 267/59/58 283/79/74 280/76/71
f 284/80/75 275/71/66 285/81/76
f 285/81/76 286/82/77 284/80/75
f 282/78/207 287/83/78 288/84/79
f 288/84/79 289/85/80 282/78/207
f 260/52/52 244/70/36 243/86/35
f 243/86/35 257/49/49 260/52/52
f 249/41/41 290/87/81 239/31/31
f 239/31/31 238/30/30 249/41/41
f 291/88/82 292/89/83 242/34/34
f 242/34/34 293/90/84 291/88/82
f 238/30/30 237/29/29 279/75/70
f 279/75/70 294/91/208 238/30/30
f 226/18/18 295/92/85 258/50/50
f 258/50/50 257/49/49 226/18/18
f 279/75/70 282/78/207 289/85/80
f 289/85/80 294/91/208 279/75/70
f 295/92/85 296/93/86 266/58/57
f 266/58/57 258/50/50 295/92/85
f 286/82/77 285/81/76 218/10/10
f 218/10/10 217/9/9 286/82/77
f 289/85/80 288/84/79 297/94/87
f 297/94/87 263/55/54 289/85/80
f 257/49/49 243/86/35 227/19/19
f 227/19/19 226/18/18 257/49/49
f 238/30/30 294/91/208 250/42/42
f 250/42/42 249/41/41 238/30/30
f 294/91/208 289/85/80 263/55/54
f 263/55/54 250/42/42 294/91/208
f 252/44/44 273/68/64 290/87/81
f 290/87/81 249/41/41 252/44/44
f 298/95/88 274/96/65 292/89/83
f 292/89/83 291/88/82 298/95/88
f 226/18/18 225/17/17 277/73/68
f 277/73/68 295/92/85 226/18/18
f 277/73/68 281/77/72 296/93/86
f 296/93/86 295/92/85 277/73/68
f 299/97/89 300/98/90 210/2/2
f 210/2/2 209/1/1 299/97/89
f 235/27/27 301/99/91 302/100/92
f 302/100/92 214/6/6 235/27/27
f 262/54/53 261/53/16 303/101/15
f 303/101/15 281/77/72 262/54/53
f 248/40/205 270/64/61 304/102/93
f 304/102/93 245/37/37 248/40/205
f 253/45/45 301/99/91 235/27/27
f 235/27/27 234/26/203 253/45/45
f 230/22/202 305/103/38 246/38/38
f 246/38/38 245/37/37 230/22/202
f 234/26/203 233/25/25 280/76/71
f 280/76/71 306/104/94 234/26/203
f 305/103/38 224/16/16 261/53/16
f 261/53/16 246/38/38 305/103/38
f 280/76/71 283/79/74 307/105/95
f 307/105/95 306/104/94 280/76/71
f 266/58/57 308/106/96 309/107/97
f 309/107/97 267/59/58 266/58/57
f 266/58/57 296/93/86 310/108/98
f 310/108/98 308/106/96 266/58/57
f 261/53/16 224/16/16 223/15/15
f 223/15/15 303/101/15 261/53/16
f 245/37/37 304/102/93 231/23/23
f 231/23/23 230/22/202 245/37/37
f 234/26/203 306/104/94 254/46/46
f 254/46/46 253/45/45 234/26/203
f 306/104/94 307/105/95 264/56/55
f 264/56/55 254/46/46 306/104/94
f 308/106/96 288/84/79 287/83/78
f 287/83/78 309/107/97 308/106/96
f 288/84/79 308/106/96 310/108/98
f 310/108/98 297/94/87 288/84/79
f 299/97/89 269/63/60 268/62/59
f 268/62/59 300/98/90 299/97/89
f 301/99/91 272/67/206 276/72/67
f 276/72/67 302/100/92 301/99/91
f 256/48/48 272/67/206 301/99/91
f 301/99/91 253/45/45 256/48/48
f 230/22/202 229/21/21 278/74/69
f 278/74/69 305/103/38 230/22/202
f 278/74/69 221/13/13 224/16/16
f 224/16/16 305/103/38 278/74/69
f 210/2/2 304/102/93 270/64/61
f 270/64/61 211/3/3 210/2/2
f 236/28/204 235/27/27 214/6/6
f 214/6/6 213/5/201 236/28/204
f 290/109/81 273/110/64 219/11/11
f 219/11/11 218/10/10 290/109/81
f 271/111/62 293/90/84 242/34/34
f 242/34/34 241/33/33 271/111/62
f 273/68/64 232/24/24 268/62/59
f 268/62/59 219/61/11 273/68/64
f 244/70/36 236/28/204 213/5/201
f 213/5/201 241/66/33 244/70/36
f 298/112/88 212/4/4 211/3/3
f 211/3/3 274/69/65 298/112/88
f 284/80/75 311/113/209 276/72/67
f 276/72/67 275/71/66 284/80/75
f 240/32/32 239/114/31 285/81/76
f 285/81/76 275/71/66 240/32/32
f 227/115/19 243/35/35 242/34/34
f 242/34/34 292/89/83 227/115/19
f 239/114/31 290/109/81 218/10/10
f 218/10/10 285/81/76 239/114/31
f 228/116/20 227/115/19 292/89/83
f 292/89/83 274/96/65 228/116/20
f 231/23/23 304/102/93 210/2/2
f 210/2/2 300/98/90 231/23/23
f 312/117/100 215/7/7 214/6/6
f 214/6/6 302/100/92 312/117/100
f 232/24/24 231/23/23 300/98/90
f 300/98/90 268/62/59 232/24/24
f 311/113/209 312/117/100 302/100/92
f 302/100/92 276/72/67 311/113/209
f 263/55/54 297/94/87 223/15/15
f 223/15/15 222/14/14 263/55/54
f 297/94/87 310/108/98 303/101/15
f 303/101/15 223/15/15 297/94/87
f 310/108/98 296/93/86 281/77/72
f 281/77/72 303/101/15 310/108/98
f 265/57/56 264/56/55 287/83/78
f 287/83/78 282/78/207 265/57/56
f 264/56/55 307/105/95 309/107/97
f 309/107/97 287/83/78 264/56/55
f 309/107/97 307/105/95 283/79/74
f 283/79/74 267/59/58 309/107/97
f 313/1/101 314/2/102 315/3/103
f 315/3/103 316/4/104 313/1/101
f 317/5/105 318/6/106 319/7/107
f 319/7/107 320/8/108 317/5/105
f 321/9/109 322/10/110 323/11/111
f 323/11/111 324/12/112 321/9/109
f 325/13/113 326/14/114 327/15/115
f 327/15/115 328/16/210 325/13/113
f 329/17/211 330/18/118 331/19/119
f 331/19/119 332/20/212 329/17/211
f 333/21/121 334/22/213 335/23/123
f 335/23/123 336/24/124 333/21/121
f 337/25/125 338/26/214 339/27/215
f 339/27/215 340/28/128 337/25/125
f 341/29/129 342/30/130 343/31/131
f 343/31/131 344/32/132 341/29/129
f 345/33/133 346/34/134 347/35/135
f 347/35/135 348/36/136 345/33/133
f 349/37/137 350/38/138 351/39/139
f 351/39/139 352/40/140 349/37/137
f 353/41/141 354/42/142 355/43/143
f 355/43/143 356/44/216 353/41/141
f 357/45/145 358/46/146 359/47/147
f 359/47/147 360/48/148 357/45/145
f 361/49/149 362/50/150 363/51/151
f 363/51/151 364/52/217 361/49/149
f 351/39/139 350/38/138 365/53/116
f 365/53/116 366/54/218 351/39/139
f 354/42/142 367/55/154 326/14/114
f 326/14/114 355/43/143 354/42/142
f 359/47/147 358/46/146 368/56/155
f 368/56/155 369/57/156 359/47/147
f 362/50/150 370/58/157 371/59/158
f 371/59/158 363/51/151 362/50/150
f 324/60/112 323/61/111 372/62/159
f 372/62/159 373/63/160 324/60/112
f 352/40/140 329/17/211 332/20/212
f 332/20/212 374/64/161 352/40/140
f 375/65/162 345/66/133 317/5/105
f 317/5/105 320/8/108 375/65/162
f 360/48/148 341/29/129 344/32/132
f 344/32/132 376/67/163 360/48/148
f 336/24/124 377/68/219 356/44/216
f 356/44/216 333/21/121 336/24/124
f 332/20/212 378/69/165 315/3/103
f 315/3/103 374/64/161 332/20/212
f 340/28/128 348/70/136 364/52/217
f 364/52/217 337/25/125 340/28/128
f 344/32/132 379/71/166 380/72/167
f 380/72/167 376/67/163 344/32/132
f 329/17/211 352/40/140 351/39/139
f 351/39/139 381/73/220 329/17/211
f 333/21/121 356/44/216 355/43/143
f 355/43/143 382/74/169 333/21/121
f 341/29/129 360/48/148 359/47/147
f 359/47/147 383/75/170 341/29/129
f 337/25/125 364/52/217 363/51/151
f 363/51/151 384/76/171 337/25/125
f 381/73/220 351/39/139 366/54/218
f 366/54/218 385/77/172 381/73/220
f 382/74/169 355/43/143 326/14/114
f 326/14/114 325/13/113 382/74/169
f 383/75/170 359/47/147 369/57/156
f 369/57/156 386/78/173 383/75/170
f 384/76/171 363/51/151 371/59/158
f 371/59/158 387/79/174 384/76/171
f 388/80/175 379/71/166 389/81/176
f 389/81/176 390/82/177 388/80/175
f 386/78/173 391/83/178 392/84/179
f 392/84/179 393/85/180 386/78/173
f 364/52/217 348/70/136 347/86/135
f 347/86/135 361/49/149 364/52/217
f 353/41/141 394/87/181 343/31/131
f 343/31/131 342/30/130 353/41/141
f 395/88/182 396/89/183 346/34/134
f 346/34/134 397/90/184 395/88/182
f 342/30/130 341/29/129 383/75/170
f 383/75/170 398/91/142 342/30/130
f 330/18/118 399/92/185 362/50/150
f 362/50/150 361/49/149 330/18/118
f 383/75/170 386/78/173 393/85/180
f 393/85/180 398/91/142 383/75/170
f 399/92/185 400/93/186 370/58/157
f 370/58/157 362/50/150 399/92/185
f 390/82/177 389/81/176 322/10/110
f 322/10/110 321/9/109 390/82/177
f 393/85/180 392/84/179 401/94/187
f 401/94/187 367/55/154 393/85/180
f 361/49/149 347/86/135 331/19/119
f 331/19/119 330/18/118 361/49/149
f 342/30/130 398/91/142 354/42/142
f 354/42/142 353/41/141 342/30/130
f 398/91/142 393/85/180 367/55/154
f 367/55/154 354/42/142 398/91/142
f 356/44/216 377/68/219 394/87/181
f 394/87/181 353/41/141 356/44/216
f 402/95/188 378/96/165 396/89/183
f 396/89/183 395/88/182 402/95/188
f 330/18/118 329/17/211 381/73/220
f 381/73/220 399/92/185 330/18/118
f 381/73/220 385/77/172 400/93/186
f 400/93/186 399/92/185 381/73/220
f 403/97/189 404/98/190 314/2/102
f 314/2/102 313/1/101 403/97/189
f 339/27/215 405/99/191 406/100/192
f 406/100/192 318/6/106 339/27/215
f 366/54/218 365/53/116 407/101/115
f 407/101/115 385/77/172 366/54/218
f 352/40/140 374/64/161 408/102/193
f 408/102/193 349/37/137 352/40/140
f 357/45/145 405/99/191 339/27/215
f 339/27/215 338/26/214 357/45/145
f 334/22/213 409/103/138 350/38/138
f 350/38/138 349/37/137 334/22/213
f 338/26/214 337/25/125 384/76/171
f 384/76/171 410/104/194 338/26/214
f 409/103/138 328/16/210 365/53/116
f 365/53/116 350/38/138 409/103/138
f 384/76/171 387/79/174 411/105/195
f 411/105/195 410/104/194 384/76/171
f 370/58/157 412/106/221 413/107/197
f 413/107/197 371/59/158 370/58/157
f 370/58/157 400/93/186 414/108/198
f 414/108/198 412/106/221 370/58/157
f 365/53/116 328/16/210 327/15/115
f 327/15/115 407/101/115 365/53/116
f 349/37/137 408/102/193 335/23/123
f 335/23/123 334/22/213 349/37/137
f 338/26/214 410/104/194 358/46/146
f 358/46/146 357/45/145 338/26/214
f 410/104/194 411/105/195 368/56/155
f 368/56/155 358/46/146 410/104/194
f 412/106/221 392/84/179 391/83/178
f 391/83/178 413/107/197 412/106/221
f 392/84/179 412/106/221 414/108/198
f 414/108/198 401/94/187 392/84/179
f 403/97/189 373/63/160 372/62/159
f 372/62/159 404/98/190 403/97/189
f 405/99/191 376/67/163 380/72/167
f 380/72/167 406/100/192 405/99/191
f 360/48/148 376/67/163 405/99/191
f 405/99/191 357/45/145 360/48/148
f 334/22/213 333/21/121 382/74/169
f 382/74/169 409/103/138 334/22/213
f 382/74/169 325/13/113 328/16/210
f 328/16/210 409/103/138 382/74/169
f 314/2/102 408/102/193 374/64/161
f 374/64/161 315/3/103 314/2/102
f 340/28/128 339/27/215 318/6/106
f 318/6/106 317/5/105 340/28/128
f 394/109/181 377/110/219 323/11/111
f 323/11/111 322/10/110 394/109/181
f 375/111/162 397/90/184 346/34/134
f 346/34/134 345/33/133 375/111/162
f 377/68/219 336/24/124 372/62/159
f 372/62/159 323/61/111 377/68/219
f 348/70/136 340/28/128 317/5/105
f 317/5/105 345/66/133 348/70/136
f 402/112/188 316/4/104 315/3/103
f 315/3/103 378/69/165 402/112/188
f 388/80/175 415/113/199 380/72/167
f 380/72/167 379/71/166 388/80/175
f 344/32/132 343/114/131 389/81/176
f 389/81/176 379/71/166 344/32/132
f 331/115/119 347/35/135 346/34/134
f 346/34/134 396/89/183 331/115/119
f 343/114/131 394/109/181 322/10/110
f 322/10/110 389/81/176 343/114/131
f 332/116/212 331/115/119 396/89/183
f 396/89/183 378/96/165 332/116/212
f 335/23/123 408/102/193 314/2/102
f 314/2/102 404/98/190 335/23/123
f 416/117/200 319/7/107 318/6/106
f 318/6/106 406/100/192 416/117/200
f 336/24/124 335/23/123 404/98/190
f 404/98/190 372/62/159 336/24/124
f 415/113/199 416/117/200 406/100/192
f 406/100/192 380/72/167 415/113/199
f 367/55/154 401/94/187 327/15/115
f 327/15/115 326/14/114 367/55/154
f 401/94/187 414/108/198 407/101/115
f 407/101/115 327/15/115 401/94/187
f 414/108/198 400/93/186 385/77/172
f 385/77/172 407/101/115 414/108/198
f 369/57/156 368/56/155 391/83/178
f 391/83/178 386/78/173 369/57/156
f 368/56/155 411/105/195 413/107/197
f 413/107/197 391/83/178 368/56/155
f 413/107/197 411/105/195 387/79/174
f 387/79/174 371/59/158 413/107/197
f 417/1/1 418/2/2 419/3/3
f 419/3/3 420/4/4 417/1/1
f 421/5/222 422/6/6 423/7/7
f 423/7/7 424/8/8 421/5/222
f 425/9/9 426/10/10 427/11/11
f 427/11/11 428/12/12 425/9/9
f 429/13/13 430/14/14 431/15/15
f 431/15/15 432/16/16 429/13/13
f 433/17/223 434/18/18 435/19/19
f 435/19/19 436/20/20 433/17/223
f 437/21/21 438/22/202 439/23/23
f 439/23/23 440/24/224 437/21/21
f 441/25/25 442/26/26 443/27/27
f 443/27/27 444/28/28 441/25/25
f 445/29/29 446/30/30 447/31/31
f 447/31/31 448/32/32 445/29/29
f 449/33/33 450/34/34 451/35/35
f 451/35/35 452/36/36 449/33/33
f 453/37/37 454/38/38 455/39/225
f 455/39/225 456/40/40 453/37/37
f 457/41/41 458/42/42 459/43/43
f 459/43/43 460/44/44 457/41/41
f 461/45/45 462/46/46 463/47/47
f 463/47/47 464/48/48 461/45/45
f 465/49/49 466/50/50 467/51/51
f 467/51/51 468/52/52 465/49/49
f 455/39/225 454/38/38 469/53/16
f 469/53/16 470/54/53 455/39/225
f 458/42/42 471/55/54 430/14/14
f 430/14/14 459/43/43 458/42/42
f 463/47/47 462/46/46 472/56/55
f 472/56/55 473/57/56 463/47/47
f 466/50/50 474/58/57 475/59/58
f 475/59/58 467/51/51 466/50/50
f 428/60/12 427/61/11 476/62/59
f 476/62/59 477/63/60 428/60/12
f 456/40/40 433/17/223 436/20/20
f 436/20/20 478/64/226 456/40/40
f 479/65/62 449/66/33 421/5/222
f 421/5/222 424/8/8 479/65/62
f 464/48/48 445/29/29 448/32/32
f 448/32/32 480/67/63 464/48/48
f 440/24/224 481/68/227 460/44/44
f 460/44/44 437/21/21 440/24/224
f 436/20/20 482/69/65 419/3/3
f 419/3/3 478/64/226 436/20/20
f 444/28/28 452/70/36 468/52/52
f 468/52/52 441/25/25 444/28/28
f 448/32/32 483/71/66 484/72/67
f 484/72/67 480/67/63 448/32/32
f 433/17/223 456/40/40 455/39/225
f 455/39/225 485/73/68 433/17/223
f 437/21/21 460/44/44 459/43/43
f 459/43/43 486/74/69 437/21/21
f 445/29/29 464/48/48 463/47/47
f 463/47/47 487/75/228 445/29/29
f 441/25/25 468/52/52 467/51/51
f 467/51/51 488/76/71 441/25/25
f 485/73/68 455/39/225 470/54/53
f 470/54/53 489/77/72 485/73/68
f 486/74/69 459/43/43 430/14/14
f 430/14/14 429/13/13 486/74/69
f 487/75/228 463/47/47 473/57/56
f 473/57/56 490/78/207 487/75/228
f 488/76/71 467/51/51 475/59/58
f 475/59/58 491/79/74 488/76/71
f 492/80/75 483/71/66 493/81/76
f 493/81/76 494/82/77 492/80/75
f 490/78/207 495/83/78 496/84/79
f 496/84/79 497/85/80 490/78/207
f 468/52/52 452/70/36 451/86/35
f 451/86/35 465/49/49 468/52/52
f 457/41/41 498/87/81 447/31/31
f 447/31/31 446/30/30 457/41/41
f 499/88/82 500/89/83 450/34/34
f 450/34/34 501/90/84 499/88/82
f 446/30/30 445/29/29 487/75/228
f 487/75/228 502/91/208 446/30/30
f 434/18/18 503/92/85 466/50/50
f 466/50/50 465/49/49 434/18/18
f 487/75/228 490/78/207 497/85/80
f 497/85/80 502/91/208 487/75/228
f 503/92/85 504/93/86 474/58/57
f 474/58/57 466/50/50 503/92/85
f 494/82/77 493/81/76 426/10/10
f 426/10/10 425/9/9 494/82/77
f 497/85/80 496/84/79 505/94/87
f 505/94/87 471/55/54 497/85/80
f 465/49/49 451/86/35 435/19/19
f 435/19/19 434/18/18 465/49/49
f 446/30/30 502/91/208 458/42/42
f 458/42/42 457/41/41 446/30/30
f 502/91/208 497/85/80 471/55/54
f 471/55/54 458/42/42 502/91/208
f 460/44/44 481/68/227 498/87/81
f 498/87/81 457/41/41 460/44/44
f 506/95/88 482/96/65 500/89/83
f 500/89/83 499/88/82 506/95/88
f 434/18/18 433/17/223 485/73/68
f 485/73/68 503/92/85 434/18/18
f 485/73/68 489/77/72 504/93/86
f 504/93/86 503/92/85 485/73/68
f 507/97/89 508/98/90 418/2/2
f 418/2/2 417/1/1 507/97/89
f 443/27/27 509/99/91 510/100/92
f 510/100/92 422/6/6 443/27/27
f 470/54/53 469/53/16 511/101/15
f 511/101/15 489/77/72 470/54/53
f 456/40/40 478/64/226 512/102/93
f 512/102/93 453/37/37 456/40/40
f 461/45/45 509/99/91 443/27/27
f 443/27/27 442/26/26 461/45/45
f 438/22/202 513/103/38 454/38/38
f 454/38/38 453/37/37 438/22/202
f 442/26/26 441/25/25 488/76/71
f 488/76/71 514/104/229 442/26/26
f 513/103/38 432/16/16 469/53/16
f 469/53/16 454/38/38 513/103/38
f 488/76/71 491/79/74 515/105/95
f 515/105/95 514/104/229 488/76/71
f 474/58/57 516/106/96 517/107/97
f 517/107/97 475/59/58 474/58/57
f 474/58/57 504/93/86 518/108/98
f 518/108/98 516/106/96 474/58/57
f 469/53/16 432/16/16 431/15/15
f 431/15/15 511/101/15 469/53/16
f 453/37/37 512/102/93 439/23/23
f 439/23/23 438/22/202 453/37/37
f 442/26/26 514/104/229 462/46/46
f 462/46/46 461/45/45 442/26/26
f 514/104/229 515/105/95 472/56/55
f 472/56/55 462/46/46 514/104/229
f 516/106/96 496/84/79 495/83/78
f 495/83/78 517/107/97 516/106/96
f 496/84/79 516/106/96 518/108/98
f 518/108/98 505/94/87 496/84/79
f 507/97/89 477/63/60 476/62/59
f 476/62/59 508/98/90 507/97/89
f 509/99/91 480/67/63 484/72/67
f 484/72/67 510/100/92 509/99/91
f 464/48/48 480/67/63 509/99/91
f 509/99/91 461/45/45 464/48/48
f 438/22/202 437/21/21 486/74/69
f 486/74/69 513/103/38 438/22/202
f 486/74/69 429/13/13 432/16/16
f 432/16/16 513/103/38 486/74/69
f 418/2/2 512/102/93 478/64/226
f 478/64/226 419/3/3 418/2/2
f 444/28/28 443/27/27 422/6/6
f 422/6/6 421/5/222 444/28/28
f 498/109/81 481/110/227 427/11/11
f 427/11/11 426/10/10 498/109/81
f 479/111/62 501/90/84 450/34/34
f 450/34/34 449/33/33 479/111/62
f 481/68/227 440/24/224 476/62/59
f 476/62/59 427/61/11 481/68/227
f 452/70/36 444/28/28 421/5/222
f 421/5/222 449/66/33 452/70/36
f 506/112/88 420/4/4 419/3/3
f 419/3/3 482/69/65 506/112/88
f 492/80/75 519/113/209 484/72/67
f 484/72/67 483/71/66 492/80/75
f 448/32/32 447/114/31 493/81/76
f 493/81/76 483/71/66 448/32/32
f 435/115/19 451/35/35 450/34/34
f 450/34/34 500/89/83 435/115/19
f 447/114/31 498/109/81 426/10/10
f 426/10/10 493/81/76 447/114/31
f 436/116/20 435/115/19 500/89/83
f 500/89/83 482/96/65 436/116/20
f 439/23/23 512/102/93 418/2/2
f 418/2/2 508/98/90 439/23/23
f 520/117/100 423/7/7 422/6/6
f 422/6/6 510/100/92 520/117/100
f 440/24/224 439/23/23 508/98/90
f 508/98/90 476/62/59 440/24/224
f 519/113/209 520/117/100 510/100/92
f 510/100/92 484/72/67 519/113/209
f 471/55/54 505/94/87 431/15/15
f 431/15/15 430/14/14 471/55/54
f 505/94/87 518/108/98 511/101/15
f 511/101/15 431/15/15 505/94/87
f 518/108/98 504/93/86 489/77/72
f 489/77/72 511/101/15 518/108/98
f 473/57/56 472/56/55 495/83/78
f 495/83/78 490/78/207 473/57/56
f 472/56/55 515/105/95 517/107/97
f 517/107/97 495/83/78 472/56/55
f 517/107/97 515/105/95 491/79/74
f 491/79/74 475/59/58 517/107/97
f 521/1/101 522/2/102 523/3/103
f 523/3/103 524/4/104 521/1/101
f 525/5/105 526/6/106 527/7/107
f 527/7/107 528/8/108 525/5/105
f 529/9/109 530/10/110 531/11/111
f 531/11/111 532/12/112 529/9/109
f 533/13/230 534/14/114 535/15/115
f 535/15/115 536/16/116 533/13/230
f 537/17/211 538/18/118 539/19/119
f 539/19/119 540/20/212 537/17/211
f 541/21/121 542/22/122 543/23/123
f 543/23/123 544/24/124 541/21/121
f 545/25/125 546/26/231 547/27/232
f 547/27/232 548/28/128 545/25/125
f 549/29/129 550/30/130 551/31/131
f 551/31/131 552/32/132 549/29/129
f 553/33/133 554/34/134 555/35/135
f 555/35/135 556/36/136 553/33/133
f 557/37/137 558/38/138 559/39/139
f 559/39/139 560/40/140 557/37/137
f 561/41/141 562/42/142 563/43/143
f 563/43/143 564/44/216 561/41/141
f 565/45/145 566/46/146 567/47/147
f 567/47/147 568/48/148 565/45/145
f 569/49/149 570/50/150 571/51/151
f 571/51/151 572/52/152 569/49/149
f 559/39/139 558/38/138 573/53/233
f 573/53/233 574/54/153 559/39/139
f 562/42/142 575/55/154 534/14/114
f 534/14/114 563/43/143 562/42/142
f 567/47/147 566/46/146 576/56/234
f 576/56/234 577/57/156 567/47/147
f 570/50/150 578/58/157 579/59/235
f 579/59/235 571/51/151 570/50/150
f 532/60/112 531/61/111 580/62/159
f 580/62/159 581/63/160 532/60/112
f 560/40/140 537/17/211 540/20/212
f 540/20/212 582/64/236 560/40/140
f 583/65/162 553/66/133 525/5/105
f 525/5/105 528/8/108 583/65/162
f 568/48/148 549/29/129 552/32/132
f 552/32/132 584/67/163 568/48/148
f 544/24/124 585/68/237 564/44/216
f 564/44/216 541/21/121 544/24/124
f 540/20/212 586/69/238 523/3/103
f 523/3/103 582/64/236 540/20/212
f 548/28/128 556/70/136 572/52/152
f 572/52/152 545/25/125 548/28/128
f 552/32/132 587/71/166 588/72/167
f 588/72/167 584/67/163 552/32/132
f 537/17/211 560/40/140 559/39/139
f 559/39/139 589/73/220 537/17/211
f 541/21/121 564/44/216 563/43/143
f 563/43/143 590/74/239 541/21/121
f 549/29/129 568/48/148 567/47/147
f 567/47/147 591/75/170 549/29/129
f 545/25/125 572/52/152 571/51/151
f 571/51/151 592/76/240 545/25/125
f 589/73/220 559/39/139 574/54/153
f 574/54/153 593/77/172 589/73/220
f 590/74/239 563/43/143 534/14/114
f 534/14/114 533/13/230 590/74/239
f 591/75/170 567/47/147 577/57/156
f 577/57/156 594/78/173 591/75/170
f 592/76/240 571/51/151 579/59/235
f 579/59/235 595/79/241 592/76/240
f 596/80/175 587/71/166 597/81/176
f 597/81/176 598/82/177 596/80/175
f 594/78/173 599/83/178 600/84/179
f 600/84/179 601/85/180 594/78/173
f 572/52/152 556/70/136 555/86/135
f 555/86/135 569/49/149 572/52/152
f 561/41/141 602/87/181 551/31/131
f 551/31/131 550/30/130 561/41/141
f 603/88/182 604/89/183 554/34/134
f 554/34/134 605/90/184 603/88/182
f 550/30/130 549/29/129 591/75/170
f 591/75/170 606/91/142 550/30/130
f 538/18/118 607/92/185 570/50/150
f 570/50/150 569/49/149 538/18/118
f 591/75/170 594/78/173 601/85/180
f 601/85/180 606/91/142 591/75/170
f 607/92/185 608/93/186 578/58/157
f 578/58/157 570/50/150 607/92/185
f 598/82/177 597/81/176 530/10/110
f 530/10/110 529/9/109 598/82/177
f 601/85/180 600/84/179 609/94/187
f 609/94/187 575/55/154 601/85/180
f 569/49/149 555/86/135 539/19/119
f 539/19/119 538/18/118 569/49/149
f 550/30/130 606/91/142 562/42/142
f 562/42/142 561/41/141 550/30/130
f 606/91/142 601/85/180 575/55/154
f 575/55/154 562/42/142 606/91/142
f 564/44/216 585/68/237 602/87/181
f 602/87/181 561/41/141 564/44/216
f 610/95/188 586/96/238 604/89/183
f 604/89/183 603/88/182 610/95/188
f 538/18/118 537/17/211 589/73/220
f 589/73/220 607/92/185 538/18/118
f 589/73/220 593/77/172 608/93/186
f 608/93/186 607/92/185 589/73/220
f 611/97/189 612/98/190 522/2/102
f 522/2/102 521/1/101 611/97/189
f 547/27/232 613/99/191 614/100/192
f 614/100/192 526/6/106 547/27/232
f 574/54/153 573/53/233 615/101/115
f 615/101/115 593/77/172 574/54/153
f 560/40/140 582/64/236 616/102/193
f 616/102/193 557/37/137 560/40/140
f 565/45/145 613/99/191 547/27/232
f 547/27/232 546/26/231 565/45/145
f 542/22/122 617/103/138 558/38/138
f 558/38/138 557/37/137 542/22/122
f 546/26/231 545/25/125 592/76/240
f 592/76/240 618/104/194 546/26/231
f 617/103/138 536/16/116 573/53/233
f 573/53/233 558/38/138 617/103/138
f 592/76/240 595/79/241 619/105/195
f 619/105/195 618/104/194 592/76/240
f 578/58/157 620/106/196 621/107/197
f 621/107/197 579/59/235 578/58/157
f 578/58/157 608/93/186 622/108/198
f 622/108/198 620/106/196 578/58/157
f 573/53/233 536/16/116 535/15/115
f 535/15/115 615/101/115 573/53/233
f 557/37/137 616/102/193 543/23/123
f 543/23/123 542/22/122 557/37/137
f 546/26/231 618/104/194 566/46/146
f 566/46/146 565/45/145 546/26/231
f 618/104/194 619/105/195 576/56/234
f 576/56/234 566/46/146 618/104/194
f 620/106/196 600/84/179 599/83/178
f 599/83/178 621/107/197 620/106/196
f 600/84/179 620/106/196 622/108/198
f 622/108/198 609/94/187 600/84/179
f 611/97/189 581/63/160 580/62/159
f 580/62/159 612/98/190 611/97/189
f 613/99/191 584/67/163 588/72/167
f 588/72/167 614/100/192 613/99/191
f 568/48/148 584/67/163 613/99/191
f 613/99/191 565/45/145 568/48/148
f 542/22/122 541/21/121 590/74/239
f 590/74/239 617/103/138 542/22/122
f 590/74/239 533/13/230 536/16/116
f 536/16/116 617/103/138 590/74/239
f 522/2/102 616/102/193 582/64/236
f 582/64/236 523/3/103 522/2/102
f 548/28/128 547/27/232 526/6/106
f 526/6/106 525/5/105 548/28/128
f 602/109/181 585/110/237 531/11/111
f 531/11/111 530/10/110 602/109/181
f 583/111/162 605/90/184 554/34/134
f 554/34/134 553/33/133 583/111/162
f 585/68/237 544/24/124 580/62/159
f 580/62/159 531/61/111 585/68/237
f 556/70/136 548/28/128 525/5/105
f 525/5/105 553/66/133 556/70/136
f 610/112/188 524/4/104 523/3/103
f 523/3/103 586/69/238 610/112/188
f 596/80/175 623/113/199 588/72/167
f 588/72/167 587/71/166 596/80/175
f 552/32/132 551/114/131 597/81/176
f 597/81/176 587/71/166 552/32/132
f 539/115/119 555/35/135 554/34/134
f 554/34/134 604/89/183 539/115/119
f 551/114/131 602/109/181 530/10/110
f 530/10/110 597/81/176 551/114/131
f 540/116/212 539/115/119 604/89/183
f 604/89/183 586/96/238 540/116/212
f 543/23/123 616/102/193 522/2/102
f 522/2/102 612/98/190 543/23/123
f 624/117/200 527/7/107 526/6/106
f 526/6/106 614/100/192 624/117/200
f 544/24/124 543/23/123 612/98/190
f 612/98/190 580/62/159 544/24/124
f 623/113/199 624/117/200 614/100/192
f 614/100/192 588/72/167 623/113/199
f 575/55/154 609/94/187 535/15/115
f 535/15/115 534/14/114 575/55/154
f 609/94/187 622/108/198 615/101/115
f 615/101/115 535/15/115 609/94/187
f 622/108/198 608/93/186 593/77/172
f 593/77/172 615/101/115 622/108/198
f 577/57/156 576/56/234 599/83/178
f 599/83/178 594/78/173 577/57/156
f 576/56/234 619/105/195 621/107/197
f 621/107/197 599/83/178 576/56/234
f 621/107/197 619/105/195 595/79/241
f 595/79/241 579/59/235 621/107/197
f 625/1/242 626/2/243 627/3/244
f 627/3/244 628/4/245 625/1/242
f 629/5/246 630/6/247 631/7/248
f 631/7/248 632/8/249 629/5/246
f 633/9/250 634/10/251 635/11/252
f 635/11/252 636/12/253 633/9/250
f 637/13/254 638/14/255 639/15/15
f 639/15/15 640/16/256 637/13/254
f 641/17/257 642/18/258 643/19/259
f 643/19/259 644/20/260 641/17/257
f 645/21/261 646/22/262 647/23/263
f 647/23/263 648/24/264 645/21/261
f 649/25/265 650/26/266 651/27/267
f 651/27/267 652/28/268 649/25/265
f 653/29/269 654/30/270 655/31/271
f 655/31/271 656/32/272 653/29/269
f 657/33/273 658/34/274 659/35/275
f 659/35/275 660/36/276 657/33/273
f 661/37/277 662/38/278 663/39/279
f 663/39/279 664/40/280 661/37/277
f 665/41/281 666/42/282 667/43/283
f 667/43/283 668/44/284 665/41/281
f 669/45/285 670/46/286 671/47/287
f 671/47/287 672/48/288 669/45/285
f 673/49/289 674/50/290 675/51/291
f 675/51/291 676/52/292 673/49/289
f 663/39/279 662/38/278 677/53/256
f 677/53/256 678/54/293 663/39/279
f 666/42/282 679/55/294 638/14/255
f 638/14/255 667/43/283 666/42/282
f 671/47/287 670/46/286 680/56/295
f 680/56/295 681/57/296 671/47/287
f 674/50/290 682/58/297 683/59/298
f 683/59/298 675/51/291 674/50/290
f 636/60/253 635/61/252 684/62/299
f 684/62/299 685/63/300 636/60/253
f 664/40/280 641/17/257 644/20/260
f 644/20/260 686/64/301 664/40/280
f 687/65/302 657/66/273 629/5/246
f 629/5/246 632/8/249 687/65/302
f 672/48/288 653/29/269 656/32/272
f 656/32/272 688/67/303 672/48/288
f 648/24/264 689/68/304 668/44/284
f 668/44/284 645/21/261 648/24/264
f 644/20/260 690/69/305 627/3/244
f 627/3/244 686/64/301 644/20/260
f 652/28/268 660/70/276 676/52/292
f 676/52/292 649/25/265 652/28/268
f 656/32/272 691/71/306 692/72/307
f 692/72/307 688/67/303 656/32/272
f 641/17/257 664/40/280 663/39/279
f 663/39/279 693/73/308 641/17/257
f 645/21/261 668/44/284 667/43/283
f 667/43/283 694/74/309 645/21/261
f 653/29/269 672/48/288 671/47/287
f 671/47/287 695/75/310 653/29/269
f 649/25/265 676/52/292 675/51/291
f 675/51/291 696/76/311 649/25/265
f 693/73/308 663/39/279 678/54/293
f 678/54/293 697/77/312 693/73/308
f 694/74/309 667/43/283 638/14/255
f 638/14/255 637/13/254 694/74/309
f 695/75/310 671/47/287 681/57/296
f 681/57/296 698/78/313 695/75/310
f 696/76/311 675/51/291 683/59/298
f 683/59/298 699/79/314 696/76/311
f 700/80/315 691/71/306 701/81/316
f 701/81/316 702/82/317 700/80/315
f 698/78/313 703/83/318 704/84/319
f 704/84/319 705/85/320 698/78/313
f 676/52/292 660/70/276 659/86/275
f 659/86/275 673/49/289 676/52/292
f 665/41/281 706/87/321 655/31/271
f 655/31/271 654/30/270 665/41/281
f 707/88/322 708/89/323 658/34/274
f 658/34/274 709/90/324 707/88/322
f 654/30/270 653/29/269 695/75/310
f 695/75/310 710/91/325 654/30/270
f 642/18/258 711/92/326 674/50/290
f 674/50/290 673/49/289 642/18/258
f 695/75/310 698/78/313 705/85/320
f 705/85/320 710/91/325 695/75/310
f 711/92/326 712/93/327 682/58/297
f 682/58/297 674/50/290 711/92/326
f 702/82/317 701/81/316 634/10/251
f 634/10/251 633/9/250 702/82/317
f 705/85/320 704/84/319 713/94/328
f 713/94/328 679/55/294 705/85/320
f 673/49/289 659/86/275 643/19/259
f 643/19/259 642/18/258 673/49/289
f 654/30/270 710/91/325 666/42/282
f 666/42/282 665/41/281 654/30/270
f 710/91/325 705/85/320 679/55/294
f 679/55/294 666/42/282 710/91/325
f 668/44/284 689/68/304 706/87/321
f 706/87/321 665/41/281 668/44/284
f 714/95/329 690/96/305 708/89/323
f 708/89/323 707/88/322 714/95/329
f 642/18/258 641/17/257 693/73/308
f 693/73/308 711/92/326 642/18/258
f 693/73/308 697/77/312 712/93/327
f 712/93/327 711/92/326 693/73/308
f 715/97/330 716/98/331 626/2/243
f 626/2/243 625/1/242 715/97/330
f 651/27/267 717/99/332 718/100/333
f 718/100/333 630/6/247 651/27/267
f 678/54/293 677/53/256 719/101/15
f 719/101/15 697/77/312 678/54/293
f 664/40/280 686/64/301 720/102/334
f 720/102/334 661/37/277 664/40/280
f 669/45/285 717/99/332 651/27/267
f 651/27/267 650/26/266 669/45/285
f 646/22/262 721/103/278 662/38/278
f 662/38/278 661/37/277 646/22/262
f 650/26/266 649/25/265 696/76/311
f 696/76/311 722/104/335 650/26/266
f 721/103/278 640/16/256 677/53/256
f 677/53/256 662/38/278 721/103/278
f 696/76/311 699/79/314 723/105/336
f 723/105/336 722/104/335 696/76/311
f 682/58/297 724/106/337 725/107/338
f 725/107/338 683/59/298 682/58/297
f 682/58/297 712/93/327 726/108/339
f 726/108/339 724/106/337 682/58/297
f 677/53/256 640/16/256 639/15/15
f 639/15/15 719/101/15 677/53/256
f 661/37/277 720/102/334 647/23/263
f 647/23/263 646/22/262 661/37/277
f 650/26/266 722/104/335 670/46/286
f 670/46/286 669/45/285 650/26/266
f 722/104/335 723/105/336 680/56/295
f 680/56/295 670/46/286 722/104/335
f 724/106/337 704/84/319 703/83/318
f 703/83/318 725/107/338 724/106/337
f 704/84/319 724/106/337 726/108/339
f 726/108/339 713/94/328 704/84/319
f 715/97/330 685/63/300 684/62/299
f 684/62/299 716/98/331 715/97/330
f 717/99/332 688/67/303 692/72/307
f 692/72/307 718/100/333 717/99/332
f 672/48/288 688/67/303 717/99/332
f 717/99/332 669/45/285 672/48/288
f 646/22/262 645/21/261 694/74/309
f 694/74/309 721/103/278 646/22/262
f 694/74/309 637/13/254 640/16/256
f 640/16/256 721/103/278 694/74/309
f 626/2/243 720/102/334 686/64/301
f 686/64/301 627/3/244 626/2/243
f 652/28/268 651/27/267 630/6/247
f 630/6/247 629/5/246 652/28/268
f 706/109/321 689/110/304 635/11/252
f 635/11/252 634/10/251 706/109/321
f 687/111/302 709/90/324 658/34/274
f 658/34/274 657/33/273 687/111/302
f 689/68/304 648/24/264 684/62/299
f 684/62/299 635/61/252 689/68/304
f 660/70/276 652/28/268 629/5/246
f 629/5/246 657/66/273 660/70/276
f 714/112/329 628/4/245 627/3/244
f 627/3/244 690/69/305 714/112/329
f 700/80/315 727/113/340 692/72/307
f 692/72/307 691/71/306 700/80/315
f 656/32/272 655/114/271 701/81/316
f 701/81/316 691/71/306 656/32/272
f 643/115/259 659/35/275 658/34/274
f 658/34/274 708/89/323 643/115/259
f 655/114/271 706/109/321 634/10/251
f 634/10/251 701/81/316 655/114/271
f 644/116/260 643/115/259 708/89/323
f 708/89/323 690/96/305 644/116/260
f 647/23/263 720/102/334 626/2/243
f 626/2/243 716/98/331 647/23/263
f 728/117/341 631/7/248 630/6/247
f 630/6/247 718/100/333 728/117/341
f 648/24/264 647/23/263 716/98/331
f 716/98/331 684/62/299 648/24/264
f 727/113/340 728/117/341 718/100/333
f 718/100/333 692/72/307 727/113/340
f 679/55/294 713/94/328 639/15/15
f 639/15/15 638/14/255 679/55/294
f 713/94/328 726/108/339 719/101/15
f 719/101/15 639/15/15 713/94/328
f 726/108/339 712/93/327 697/77/312
f 697/77/312 719/101/15 726/108/339
f 681/57/296 680/56/295 703/83/318
f 703/83/318 698/78/313 681/57/296
f 680/56/295 723/105/336 725/107/338
f 725/107/338 703/83/318 680/56/295
f 725/107/338 723/105/336 699/79/314
f 699/79/314 683/59/298 725/107/338
f 729/1/242 730/2/243 731/3/244
f 731/3/244 732/4/245 729/1/242
f 733/5/246 734/6/247 735/7/248
f 735/7/248 736/8/249 733/5/246
f 737/9/250 738/10/251 739/11/252
f 739/11/252 740/12/253 737/9/250
f 741/13/254 742/14/255 743/15/15
f 743/15/15 744/16/256 741/13/254
f 745/17/257 746/18/342 747/19/343
f 747/19/343 748/20/260 745/17/257
f 749/21/261 750/22/262 751/23/263
f 751/23/263 752/24/264 749/21/261
f 753/25/265 754/26/266 755/27/267
f 755/27/267 756/28/268 753/25/265
f 757/29/269 758/30/270 759/31/271
f 759/31/271 760/32/272 757/29/269
f 761/33/273 762/34/274 763/35/344
f 763/35/344 764/36/276 761/33/273
f 765/37/277 766/38/278 767/39/279
f 767/39/279 768/40/280 765/37/277
f 769/41/281 770/42/282 771/43/283
f 771/43/283 772/44/284 769/41/281
f 773/45/285 774/46/286 775/47/287
f 775/47/287 776/48/288 773/45/285
f 777/49/289 778/50/290 779/51/291
f 779/51/291 780/52/292 777/49/289
f 767/39/279 766/38/278 781/53/256
f 781/53/256 782/54/293 767/39/279
f 770/42/282 783/55/294 742/14/255
f 742/14/255 771/43/283 770/42/282
f 775/47/287 774/46/286 784/56/295
f 784/56/295 785/57/296 775/47/287
f 778/50/290 786/58/297 787/59/298
f 787/59/298 779/51/291 778/50/290
f 740/60/253 739/61/252 788/62/299
f 788/62/299 789/63/300 740/60/253
f 768/40/280 745/17/257 748/20/260
f 748/20/260 790/64/301 768/40/280
f 791/65/302 761/66/273 733/5/246
f 733/5/246 736/8/249 791/65/302
f 776/48/288 757/29/269 760/32/272
f 760/32/272 792/67/303 776/48/288
f 752/24/264 793/68/304 772/44/284
f 772/44/284 749/21/261 752/24/264
f 748/20/260 794/69/305 731/3/244
f 731/3/244 790/64/301 748/20/260
f 756/28/268 764/70/276 780/52/292
f 780/52/292 753/25/265 756/28/268
f 760/32/272 795/71/306 796/72/307
f 796/72/307 792/67/303 760/32/272
f 745/17/257 768/40/280 767/39/279
f 767/39/279 797/73/308 745/17/257
f 749/21/261 772/44/284 771/43/283
f 771/43/283 798/74/309 749/21/261
f 757/29/269 776/48/288 775/47/287
f 775/47/287 799/75/310 757/29/269
f 753/25/265 780/52/292 779/51/291
f 779/51/291 800/76/311 753/25/265
f 797/73/308 767/39/279 782/54/293
f 782/54/293 801/77/312 797/73/308
f 798/74/309 771/43/283 742/14/255
f 742/14/255 741/13/254 798/74/309
f 799/75/310 775/47/287 785/57/296
f 785/57/296 802/78/313 799/75/310
f 800/76/311 779/51/291 787/59/298
f 787/59/298 803/79/314 800/76/311
f 804/80/315 795/71/306 805/81/316
f 805/81/316 806/82/317 804/80/315
f 802/78/313 807/83/318 808/84/319
f 808/84/319 809/85/320 802/78/313
f 780/52/292 764/70/276 763/86/344
f 763/86/344 777/49/289 780/52/292
f 769/41/281 810/87/321 759/31/271
f 759/31/271 758/30/270 769/41/281
f 811/88/322 812/89/323 762/34/274
f 762/34/274 813/90/324 811/88/322
f 758/30/270 757/29/269 799/75/310
f 799/75/310 814/91/325 758/30/270
f 746/18/342 815/92/345 778/50/290
f 778/50/290 777/49/289 746/18/342
f 799/75/310 802/78/313 809/85/320
f 809/85/320 814/91/325 799/75/310
f 815/92/345 816/93/327 786/58/297
f 786/58/297 778/50/290 815/92/345
f 806/82/317 805/81/316 738/10/251
f 738/10/251 737/9/250 806/82/317
f 809/85/320 808/84/319 817/94/328
f 817/94/328 783/55/294 809/85/320
f 777/49/289 763/86/344 747/19/343
f 747/19/343 746/18/342 777/49/289
f 758/30/270 814/91/325 770/42/282
f 770/42/282 769/41/281 758/30/270
f 814/91/325 809/85/320 783/55/294
f 783/55/294 770/42/282 814/91/325
f 772/44/284 793/68/304 810/87/321
f 810/87/321 769/41/281 772/44/284
f 818/95/329 794/96/305 812/89/323
f 812/89/323 811/88/322 818/95/329
f 746/18/342 745/17/257 797/73/308
f 797/73/308 815/92/345 746/18/342
f 797/73/308 801/77/312 816/93/327
f 816/93/327 815/92/345 797/73/308
f 819/97/330 820/98/331 730/2/243
f 730/2/243 729/1/242 819/97/330
f 755/27/267 821/99/332 822/100/333
f 822/100/333 734/6/247 755/27/267
f 782/54/293 781/53/256 823/101/15
f 823/101/15 801/77/312 782/54/293
f 768/40/280 790/64/301 824/102/334
f 824/102/334 765/37/277 768/40/280
f 773/45/285 821/99/332 755/27/267
f 755/27/267 754/26/266 773/45/285
f 750/22/262 825/103/278 766/38/278
f 766/38/278 765/37/277 750/22/262
f 754/26/266 753/25/265 800/76/311
f 800/76/311 826/104/335 754/26/266
f 825/103/278 744/16/256 781/53/256
f 781/53/256 766/38/278 825/103/278
f 800/76/311 803/79/314 827/105/336
f 827/105/336 826/104/335 800/76/311
f 786/58/297 828/106/337 829/107/338
f 829/107/338 787/59/298 786/58/297
f 786/58/297 816/93/327 830/108/339
f 830/108/339 828/106/337 786/58/297
f 781/53/256 744/16/256 743/15/15
f 743/15/15 823/101/15 781/53/256
f 765/37/277 824/102/334 751/23/263
f 751/23/263 750/22/262 765/37/277
f 754/26/266 826/104/335 774/46/286
f 774/46/286 773/45/285 754/26/266
f 826/104/335 827/105/336 784/56/295
f 784/56/295 774/46/286 826/104/335
f 828/106/337 808/84/319 807/83/318
f 807/83/318 829/107/338 828/106/337
f 808/84/319 828/106/337 830/108/339
f 830/108/339 817/94/328 808/84/319
f 819/97/330 789/63/300 788/62/299
f 788/62/299 820/98/331 819/97/330
f 821/99/332 792/67/303 796/72/307
f 796/72/307 822/100/333 821/99/332
f 776/48/288 792/67/303 821/99/332
f 821/99/332 773/45/285 776/48/288
f 750/22/262 749/21/261 798/74/309
f 798/74/309 825/103/278 750/22/262
f 798/74/309 741/13/254 744/16/256
f 744/16/256 825/103/278 798/74/309
f 730/2/243 824/102/334 790/64/301
f 790/64/301 731/3/244 730/2/243
f 756/28/268 755/27/267 734/6/247
f 734/6/247 733/5/246 756/28/268
f 810/109/321 793/110/304 739/11/252
f 739/11/252 738/10/251 810/109/321
f 791/111/302 813/90/324 762/34/274
f 762/34/274 761/33/273 791/111/302
f 793/68/304 752/24/264 788/62/299
f 788/62/299 739/61/252 793/68/304
f 764/70/276 756/28/268 733/5/246
f 733/5/246 761/66/273 764/70/276
f 818/112/329 732/4/245 731/3/244
f 731/3/244 794/69/305 818/112/329
f 804/80/315 831/113/340 796/72/307
f 796/72/307 795/71/306 804/80/315
f 760/32/272 759/114/271 805/81/316
f 805/81/316 795/71/306 760/32/272
f 747/115/343 763/35/344 762/34/274
f 762/34/274 812/89/323 747/115/343
f 759/114/271 810/109/321 738/10/251
f 738/10/251 805/81/316 759/114/271
f 748/116/260 747/115/343 812/89/323
f 812/89/323 794/96/305 748/116/260
f 751/23/263 824/102/334 730/2/243
f 730/2/243 820/98/331 751/23/263
f 832/117/341 735/7/248 734/6/247
f 734/6/247 822/100/333 832/117/341
f 752/24/264 751/23/263 820/98/331
f 820/98/331 788/62/299 752/24/264
f 831/113/340 832/117/341 822/100/333
f 822/100/333 796/72/307 831/113/340
f 783/55/294 817/94/328 743/15/15
f 743/15/15 742/14/255 783/55/294
f 817/94/328 830/108/339 823/101/15
f 823/101/15 743/15/15 817/94/328
f 830/108/339 816/93/327 801/77/312
f 801/77/312 823/101/15 830/108/339
f 785/57/296 784/56/295 807/83/318
f 807/83/318 802/78/313 785/57/296
f 784/56/295 827/105/336 829/107/338
f 829/107/338 807/83/318 784/56/295
f 829/107/338 827/105/336 803/79/314
f 803/79/314 787/59/298 829/107/338
f 833/1/242 834/2/243 835/3/244
f 835/3/244 836/4/245 833/1/242
f 837/5/246 838/6/247 839/7/248
f 839/7/248 840/8/249 837/5/246
f 841/9/250 842/10/251 843/11/252
f 843/11/252 844/12/253 841/9/250
f 845/13/346 846/14/255 847/15/15
f 847/15/15 848/16/256 845/13/346
f 849/17/257 850/18/342 851/19/343
f 851/19/343 852/20/260 849/17/257
f 853/21/261 854/22/262 855/23/263
f 855/23/263 856/24/264 853/21/261
f 857/25/265 858/26/266 859/27/267
f 859/27/267 860/28/268 857/25/265
f 861/29/269 862/30/270 863/31/271
f 863/31/271 864/32/272 861/29/269
f 865/33/273 866/34/274 867/35/344
f 867/35/344 868/36/276 865/33/273
f 869/37/277 870/38/278 871/39/279
f 871/39/279 872/40/280 869/37/277
f 873/41/281 874/42/325 875/43/283
f 875/43/283 876/44/284 873/41/281
f 877/45/285 878/46/286 879/47/287
f 879/47/287 880/48/288 877/45/285
f 881/49/289 882/50/290 883/51/291
f 883/51/291 884/52/292 881/49/289
f 871/39/279 870/38/278 885/53/256
f 885/53/256 886/54/293 871/39/279
f 874/42/325 887/55/294 846/14/255
f 846/14/255 875/43/283 874/42/325
f 879/47/287 878/46/286 888/56/295
f 888/56/295 889/57/296 879/47/287
f 882/50/290 890/58/297 891/59/298
f 891/59/298 883/51/291 882/50/290
f 844/60/253 843/61/252 892/62/299
f 892/62/299 893/63/300 844/60/253
f 872/40/280 849/17/257 852/20/260
f 852/20/260 894/64/301 872/40/280
f 895/65/302 865/66/273 837/5/246
f 837/5/246 840/8/249 895/65/302
f 880/48/288 861/29/269 864/32/272
f 864/32/272 896/67/303 880/48/288
f 856/24/264 897/68/304 876/44/284
f 876/44/284 853/21/261 856/24/264
f 852/20/260 898/69/305 835/3/244
f 835/3/244 894/64/301 852/20/260
f 860/28/268 868/70/276 884/52/292
f 884/52/292 857/25/265 860/28/268
f 864/32/272 899/71/306 900/72/307
f 900/72/307 896/67/303 864/32/272
f 849/17/257 872/40/280 871/39/279
f 871/39/279 901/73/308 849/17/257
f 853/21/261 876/44/284 875/43/283
f 875/43/283 902/74/309 853/21/261
f 861/29/269 880/48/288 879/47/287
f 879/47/287 903/75/310 861/29/269
f 857/25/265 884/52/292 883/51/291
f 883/51/291 904/76/311 857/25/265
f 901/73/308 871/39/279 886/54/293
f 886/54/293 905/77/312 901/73/308
f 902/74/309 875/43/283 846/14/255
f 846/14/255 845/13/346 902/74/309
f 903/75/310 879/47/287 889/57/296
f 889/57/296 906/78/313 903/75/310
f 904/76/311 883/51/291 891/59/298
f 891/59/298 907/79/314 904/76/311
f 908/80/315 899/71/306 909/81/316
f 909/81/316 910/82/317 908/80/315
f 906/78/313 911/83/318 912/84/319
f 912/84/319 913/85/320 906/78/313
f 884/52/292 868/70/276 867/86/344
f 867/86/344 881/49/289 884/52/292
f 873/41/281 914/87/321 863/31/271
f 863/31/271 862/30/270 873/41/281
f 915/88/322 916/89/323 866/34/274
f 866/34/274 917/90/324 915/88/322
f 862/30/270 861/29/269 903/75/310
f 903/75/310 918/91/347 862/30/270
f 850/18/342 919/92/345 882/50/290
f 882/50/290 881/49/289 850/18/342
f 903/75/310 906/78/313 913/85/320
f 913/85/320 918/91/347 903/75/310
f 919/92/345 920/93/327 890/58/297
f 890/58/297 882/50/290 919/92/345
f 910/82/317 909/81/316 842/10/251
f 842/10/251 841/9/250 910/82/317
f 913/85/320 912/84/319 921/94/328
f 921/94/328 887/55/294 913/85/320
f 881/49/289 867/86/344 851/19/343
f 851/19/343 850/18/342 881/49/289
f 862/30/270 918/91/347 874/42/325
f 874/42/325 873/41/281 862/30/270
f 918/91/347 913/85/320 887/55/294
f 887/55/294 874/42/325 918/91/347
f 876/44/284 897/68/304 914/87/321
f 914/87/321 873/41/281 876/44/284
f 922/95/329 898/96/305 916/89/323
f 916/89/323 915/88/322 922/95/329
f 850/18/342 849/17/257 901/73/308
f 901/73/308 919/92/345 850/18/342
f 901/73/308 905/77/312 920/93/327
f 920/93/327 919/92/345 901/73/308
f 923/97/330 924/98/331 834/2/243
f 834/2/243 833/1/242 923/97/330
f 859/27/267 925/99/332 926/100/333
f 926/100/333 838/6/247 859/27/267
f 886/54/293 885/53/256 927/101/15
f 927/101/15 905/77/312 886/54/293
f 872/40/280 894/64/301 928/102/334
f 928/102/334 869/37/277 872/40/280
f 877/45/285 925/99/332 859/27/267
f 859/27/267 858/26/266 877/45/285
f 854/22/262 929/103/278 870/38/278
f 870/38/278 869/37/277 854/22/262
f 858/26/266 857/25/265 904/76/311
f 904/76/311 930/104/335 858/26/266
f 929/103/278 848/16/256 885/53/256
f 885/53/256 870/38/278 929/103/278
f 904/76/311 907/79/314 931/105/336
f 931/105/336 930/104/335 904/76/311
f 890/58/297 932/106/337 933/107/338
f 933/107/338 891/59/298 890/58/297
f 890/58/297 920/93/327 934/108/339
f 934/108/339 932/106/337 890/58/297
f 885/53/256 848/16/256 847/15/15
f 847/15/15 927/101/15 885/53/256
f 869/37/277 928/102/334 855/23/263
f 855/23/263 854/22/262 869/37/277
f 858/26/266 930/104/335 878/46/286
f 878/46/286 877/45/285 858/26/266
f 930/104/335 931/105/336 888/56/295
f 888/56/295 878/46/286 930/104/335
f 932/106/337 912/84/319 911/83/318
f 911/83/318 933/107/338 932/106/337
f 912/84/319 932/106/337 934/108/339
f 934/108/339 921/94/328 912/84/319
f 923/97/330 893/63/300 892/62/299
f 892/62/299 924/98/331 923/97/330
f 925/99/332 896/67/303 900/72/307
f 900/72/307 926/100/333 925/99/332
f 880/48/288 896/67/303 925/99/332
f 925/99/332 877/45/285 880/48/288
f 854/22/262 853/21/261 902/74/309
f 902/74/309 929/103/278 854/22/262
f 902/74/309 845/13/346 848/16/256
f 848/16/256 929/103/278 902/74/309
f 834/2/243 928/102/334 894/64/301
f 894/64/301 835/3/244 834/2/243
f 860/28/268 859/27/267 838/6/247
f 838/6/247 837/5/246 860/28/268
f 914/109/321 897/110/304 843/11/252
f 843/11/252 842/10/251 914/109/321
f 895/111/302 917/90/324 866/34/274
f 866/34/274 865/33/273 895/111/302
f 897/68/304 856/24/264 892/62/299
f 892/62/299 843/61/252 897/68/304
f 868/70/276 860/28/268 837/5/246
f 837/5/246 865/66/273 868/70/276
f 922/112/329 836/4/245 835/3/244
f 835/3/244 898/69/305 922/112/329
f 908/80/315 935/113/340 900/72/307
f 900/72/307 899/71/306 908/80/315
f 864/32/272 863/114/271 909/81/316
f 909/81/316 899/71/306 864/32/272
f 851/115/343 867/35/344 866/34/274
f 866/34/274 916/89/323 851/115/343
f 863/114/271 914/109/321 842/10/251
f 842/10/251 909/81/316 863/114/271
f 852/116/260 851/115/343 916/89/323
f 916/89/323 898/96/305 852/116/260
f 855/23/263 928/102/334 834/2/243
f 834/2/243 924/98/331 855/23/263
f 936/117/341 839/7/248 838/6/247
f 838/6/247 926/100/333 936/117/341
f 856/24/264 855/23/263 924/98/331
f 924/98/331 892/62/299 856/24/264
f 935/113/340 936/117/341 926/100/333
f 926/100/333 900/72/307 935/113/340
f 887/55/294 921/94/328 847/15/15
f 847/15/15 846/14/255 887/55/294
f 921/94/328 934/108/339 927/101/15
f 927/101/15 847/15/15 921/94/328
f 934/108/339 920/93/327 905/77/312
f 905/77/312 927/101/15 934/108/339
f 889/57/296 888/56/295 911/83/318
f 911/83/318 906/78/313 889/57/296
f 888/56/295 931/105/336 933/107/338
f 933/107/338 911/83/318 888/56/295
f 933/107/338 931/105/336 907/79/314
f 907/79/314 891/59/298 933/107/338
f 937/1/242 938/2/243 939/3/244
f 939/3/244 940/4/245 937/1/242
f 941/5/246 942/6/247 943/7/248
f 943/7/248 944/8/249 941/5/246
f 945/9/250 946/10/251 947/11/252
f 947/11/252 948/12/253 945/9/250
f 949/13/346 950/14/255 951/15/15
f 951/15/15 952/16/256 949/13/346
f 953/17/257 954/18/258 955/19/259
f 955/19/259 956/20/260 953/17/257
f 957/21/261 958/22/262 959/23/263
f 959/23/263 960/24/264 957/21/261
f 961/25/265 962/26/266 963/27/267
f 963/27/267 964/28/268 961/25/265
f 965/29/348 966/30/349 967/31/271
f 967/31/271 968/32/272 965/29/348
f 969/33/273 970/34/274 971/35/275
f 971/35/275 972/36/276 969/33/273
f 973/37/277 974/38/278 975/39/279
f 975/39/279 976/40/280 973/37/277
f 977/41/281 978/42/325 979/43/283
f 979/43/283 980/44/350 977/41/281
f 981/45/285 982/46/286 983/47/287
f 983/47/287 984/48/288 981/45/285
f 985/49/351 986/50/290 987/51/291
f 987/51/291 988/52/292 985/49/351
f 975/39/279 974/38/278 989/53/256
f 989/53/256 990/54/293 975/39/279
f 978/42/325 991/55/294 950/14/255
f 950/14/255 979/43/283 978/42/325
f 983/47/287 982/46/286 992/56/295
f 992/56/295 993/57/296 983/47/287
f 986/50/290 994/58/297 995/59/298
f 995/59/298 987/51/291 986/50/290
f 948/60/253 947/61/252 996/62/299
f 996/62/299 997/63/300 948/60/253
f 976/40/280 953/17/257 956/20/260
f 956/20/260 998/64/301 976/40/280
f 999/65/302 969/66/273 941/5/246
f 941/5/246 944/8/249 999/65/302
f 984/48/288 965/29/348 968/32/272
f 968/32/272 1000/67/303 984/48/288
f 960/24/264 1001/68/304 980/44/350
f 980/44/350 957/21/261 960/24/264
f 956/20/260 1002/69/305 939/3/244
f 939/3/244 998/64/301 956/20/260
f 964/28/268 972/70/276 988/52/292
f 988/52/292 961/25/265 964/28/268
f 968/32/272 1003/71/306 1004/72/307
f 1004/72/307 1000/67/303 968/32/272
f 953/17/257 976/40/280 975/39/279
f 975/39/279 1005/73/308 953/17/257
f 957/21/261 980/44/350 979/43/283
f 979/43/283 1006/74/309 957/21/261
f 965/29/348 984/48/288 983/47/287
f 983/47/287 1007/75/310 965/29/348
f 961/25/265 988/52/292 987/51/291
f 987/51/291 1008/76/311 961/25/265
f 1005/73/308 975/39/279 990/54/293
f 990/54/293 1009/77/312 1005/73/308
f 1006/74/309 979/43/283 950/14/255
f 950/14/255 949/13/346 1006/74/309
f 1007/75/310 983/47/287 993/57/296
f 993/57/296 1010/78/313 1007/75/310
f 1008/76/311 987/51/291 995/59/298
f 995/59/298 1011/79/314 1008/76/311
f 1012/80/315 1003/71/306 1013/81/316
f 1013/81/316 1014/82/317 1012/80/315
f 1010/78/313 1015/83/318 1016/84/319
f 1016/84/319 1017/85/320 1010/78/313
f 988/52/292 972/70/276 971/86/275
f 971/86/275 985/49/351 988/52/292
f 977/41/281 1018/87/321 967/31/271
f 967/31/271 966/30/349 977/41/281
f 1019/88/322 1020/89/323 970/34/274
f 970/34/274 1021/90/324 1019/88/322
f 966/30/349 965/29/348 1007/75/310
f 1007/75/310 1022/91/347 966/30/349
f 954/18/258 1023/92/326 986/50/290
f 986/50/290 985/49/351 954/18/258
f 1007/75/310 1010/78/313 1017/85/320
f 1017/85/320 1022/91/347 1007/75/310
f 1023/92/326 1024/93/327 994/58/297
f 994/58/297 986/50/290 1023/92/326
f 1014/82/317 1013/81/316 946/10/251
f 946/10/251 945/9/250 1014/82/317
f 1017/85/320 1016/84/319 1025/94/328
f 1025/94/328 991/55/294 1017/85/320
f 985/49/351 971/86/275 955/19/259
f 955/19/259 954/18/258 985/49/351
f 966/30/349 1022/91/347 978/42/325
f 978/42/325 977/41/281 966/30/349
f 1022/91/347 1017/85/320 991/55/294
f 991/55/294 978/42/325 1022/91/347
f 980/44/350 1001/68/304 1018/87/321
f 1018/87/321 977/41/281 980/44/350
f 1026/95/329 1002/96/305 1020/89/323
f 1020/89/323 1019/88/322 1026/95/329
f 954/18/258 953/17/257 1005/73/308
f 1005/73/308 1023/92/326 954/18/258
f 1005/73/308 1009/77/312 1024/93/327
f 1024/93/327 1023/92/326 1005/73/308
f 1027/97/330 1028/98/331 938/2/243
f 938/2/243 937/1/242 1027/97/330
f 963/27/267 1029/99/332 1030/100/333
f 1030/100/333 942/6/247 963/27/267
f 990/54/293 989/53/256 1031/101/15
f 1031/101/15 1009/77/312 990/54/293
f 976/40/280 998/64/301 1032/102/334
f 1032/102/334 973/37/277 976/40/280
f 981/45/285 1029/99/332 963/27/267
f 963/27/267 962/26/266 981/45/285
f 958/22/262 1033/103/278 974/38/278
f 974/38/278 973/37/277 958/22/262
f 962/26/266 961/25/265 1008/76/311
f 1008/76/311 1034/104/335 962/26/266
f 1033/103/278 952/16/256 989/53/256
f 989/53/256 974/38/278 1033/103/278
f 1008/76/311 1011/79/314 1035/105/336
f 1035/105/336 1034/104/335 1008/76/311
f 994/58/297 1036/106/337 1037/107/338
f 1037/107/338 995/59/298 994/58/297
f 994/58/297 1024/93/327 1038/108/339
f 1038/108/339 1036/106/337 994/58/297
f 989/53/256 952/16/256 951/15/15
f 951/15/15 1031/101/15 989/53/256
f 973/37/277 1032/102/334 959/23/263
f 959/23/263 958/22/262 973/37/277
f 962/26/266 1034/104/335 982/46/286
f 982/46/286 981/45/285 962/26/266
f 1034/104/335 1035/105/336 992/56/295
f 992/56/295 982/46/286 1034/104/335
f 1036/106/337 1016/84/319 1015/83/318
f 1015/83/318 1037/107/338 1036/106/337
f 1016/84/319 1036/106/337 1038/108/339
f 1038/108/339 1025/94/328 1016/84/319
f 1027/97/330 997/63/300 996/62/299
f 996/62/299 1028/98/331 1027/97/330
f 1029/99/332 1000/67/303 1004/72/307
f 1004/72/307 1030/100/333 1029/99/332
f 984/48/288 1000/67/303 1029/99/332
f 1029/99/332 981/45/285 984/48/288
f 958/22/262 957/21/261 1006/74/309
f 1006/74/309 1033/103/278 958/22/262
f 1006/74/309 949/13/346 952/16/256
f 952/16/256 1033/103/278 1006/74/309
f 938/2/243 1032/102/334 998/64/301
f 998/64/301 939/3/244 938/2/243
f 964/28/268 963/27/267 942/6/247
f 942/6/247 941/5/246 964/28/268
f 1018/109/321 1001/110/304 947/11/252
f 947/11/252 946/10/251 1018/109/321
f 999/111/302 1021/90/324 970/34/274
f 970/34/274 969/33/273 999/111/302
f 1001/68/304 960/24/264 996/62/299
f 996/62/299 947/61/252 1001/68/304
f 972/70/276 964/28/268 941/5/246
f 941/5/246 969/66/273 972/70/276
f 1026/112/329 940/4/245 939/3/244
f 939/3/244 1002/69/305 1026/112/329
f 1012/80/315 1039/113/340 1004/72/307
f 1004/72/307 1003/71/306 1012/80/315
f 968/32/272 967/114/271 1013/81/316
f 1013/81/316 1003/71/306 968/32/272
f 955/115/259 971/35/275 970/34/274
f 970/34/274 1020/89/323 955/115/259
f 967/114/271 1018/109/321 946/10/251
f 946/10/251 1013/81/316 967/114/271
f 956/116/260 955/115/259 1020/89/323
f 1020/89/323 1002/96/305 956/116/260
f 959/23/263 1032/102/334 938/2/243
f 938/2/243 1028/98/331 959/23/263
f 1040/117/341 943/7/248 942/6/247
f 942/6/247 1030/100/333 1040/117/341
f 960/24/264 959/23/263 1028/98/331
f 1028/98/331 996/62/299 960/24/264
f 1039/113/340 1040/117/341 1030/100/333
f 1030/100/333 1004/72/307 1039/113/340
f 991/55/294 1025/94/328 951/15/15
f 951/15/15 950/14/255 991/55/294
f 1025/94/328 1038/108/339 1031/101/15
f 1031/101/15 951/15/15 1025/94/328
f 1038/108/339 1024/93/327 1009/77/312
f 1009/77/312 1031/101/15 1038/108/339
f 993/57/296 992/56/295 1015/83/318
f 1015/83/318 1010/78/313 993/57/296
f 992/56/295 1035/105/336 1037/107/338
f 1037/107/338 1015/83/318 992/56/295
f 1037/107/338 1035/105/336 1011/79/314
f 1011/79/314 995/59/298 1037/107/338
f 1041/1/242 1042/2/243 1043/3/244
f 1043/3/244 1044/4/245 1041/1/242
f 1045/5/246 1046/6/247 1047/7/248
f 1047/7/248 1048/8/249 1045/5/246
f 1049/9/250 1050/10/251 1051/11/252
f 1051/11/252 1052/12/253 1049/9/250
f 1053/13/346 1054/14/255 1055/15/15
f 1055/15/15 1056/16/256 1053/13/346
f 1057/17/257 1058/18/342 1059/19/343
f 1059/19/343 1060/20/260 1057/17/257
f 1061/21/352 1062/22/262 1063/23/263
f 1063/23/263 1064/24/264 1061/21/352
f 1065/25/265 1066/26/266 1067/27/267
f 1067/27/267 1068/28/268 1065/25/265
f 1069/29/348 1070/30/349 1071/31/271
f 1071/31/271 1072/32/272 1069/29/348
f 1073/33/273 1074/34/274 1075/35/275
f 1075/35/275 1076/36/276 1073/33/273
f 1077/37/277 1078/38/278 1079/39/279
f 1079/39/279 1080/40/280 1077/37/277
f 1081/41/353 1082/42/282 1083/43/283
f 1083/43/283 1084/44/350 1081/41/353
f 1085/45/285 1086/46/286 1087/47/287
f 1087/47/287 1088/48/288 1085/45/285
f 1089/49/289 1090/50/290 1091/51/354
f 1091/51/354 1092/52/292 1089/49/289
f 1079/39/279 1078/38/278 1093/53/256
f 1093/53/256 1094/54/293 1079/39/279
f 1082/42/282 1095/55/294 1054/14/255
f 1054/14/255 1083/43/283 1082/42/282
f 1087/47/287 1086/46/286 1096/56/295
f 1096/56/295 1097/57/296 1087/47/287
f 1090/50/290 1098/58/297 1099/59/298
f 1099/59/298 1091/51/354 1090/50/290
f 1052/60/253 1051/61/252 1100/62/299
f 1100/62/299 1101/63/300 1052/60/253
f 1080/40/280 1057/17/257 1060/20/260
f 1060/20/260 1102/64/301 1080/40/280
f 1103/65/302 1073/66/273 1045/5/246
f 1045/5/246 1048/8/249 1103/65/302
f 1088/48/288 1069/29/348 1072/32/272
f 1072/32/272 1104/67/303 1088/48/288
f 1064/24/264 1105/68/304 1084/44/350
f 1084/44/350 1061/21/352 1064/24/264
f 1060/20/260 1106/69/305 1043/3/244
f 1043/3/244 1102/64/301 1060/20/260
f 1068/28/268 1076/70/276 1092/52/292
f 1092/52/292 1065/25/265 1068/28/268
f 1072/32/272 1107/71/306 1108/72/307
f 1108/72/307 1104/67/303 1072/32/272
f 1057/17/257 1080/40/280 1079/39/279
f 1079/39/279 1109/73/308 1057/17/257
f 1061/21/352 1084/44/350 1083/43/283
f 1083/43/283 1110/74/309 1061/21/352
f 1069/29/348 1088/48/288 1087/47/287
f 1087/47/287 1111/75/310 1069/29/348
f 1065/25/265 1092/52/292 1091/51/354
f 1091/51/354 1112/76/311 1065/25/265
f 1109/73/308 1079/39/279 1094/54/293
f 1094/54/293 1113/77/312 1109/73/308
f 1110/74/309 1083/43/283 1054/14/255
f 1054/14/255 1053/13/346 1110/74/309
f 1111/75/310 1087/47/287 1097/57/296
f 1097/57/296 1114/78/313 1111/75/310
f 1112/76/311 1091/51/354 1099/59/298
f 1099/59/298 1115/79/314 1112/76/311
f 1116/80/315 1107/71/306 1117/81/316
f 1117/81/316 1118/82/317 1116/80/315
f 1114/78/313 1119/83/318 1120/84/319
f 1120/84/319 1121/85/320 1114/78/313
f 1092/52/292 1076/70/276 1075/86/275
f 1075/86/275 1089/49/289 1092/52/292
f 1081/41/353 1122/87/355 1071/31/271
f 1071/31/271 1070/30/349 1081/41/353
f 1123/88/322 1124/89/323 1074/34/274
f 1074/34/274 1125/90/324 1123/88/322
f 1070/30/349 1069/29/348 1111/75/310
f 1111/75/310 1126/91/325 1070/30/349
f 1058/18/342 1127/92/326 1090/50/290
f 1090/50/290 1089/49/289 1058/18/342
f 1111/75/310 1114/78/313 1121/85/320
f 1121/85/320 1126/91/325 1111/75/310
f 1127/92/326 1128/93/327 1098/58/297
f 1098/58/297 1090/50/290 1127/92/326
f 1118/82/317 1117/81/316 1050/10/251
f 1050/10/251 1049/9/250 1118/82/317
f 1121/85/320 1120/84/319 1129/94/328
f 1129/94/328 1095/55/294 1121/85/320
f 1089/49/289 1075/86/275 1059/19/343
f 1059/19/343 1058/18/342 1089/49/289
f 1070/30/349 1126/91/325 1082/42/282
f 1082/42/282 1081/41/353 1070/30/349
f 1126/91/325 1121/85/320 1095/55/294
f 1095/55/294 1082/42/282 1126/91/325
f 1084/44/350 1105/68/304 1122/87/355
f 1122/87/355 1081/41/353 1084/44/350
f 1130/95/329 1106/96/305 1124/89/323
f 1124/89/323 1123/88/322 1130/95/329
f 1058/18/342 1057/17/257 1109/73/308
f 1109/73/308 1127/92/326 1058/18/342
f 1109/73/308 1113/77/312 1128/93/327
f 1128/93/327 1127/92/326 1109/73/308
f 1131/97/330 1132/98/331 1042/2/243
f 1042/2/243 1041/1/242 1131/97/330
f 1067/27/267 1133/99/332 1134/100/333
f 1134/100/333 1046/6/247 1067/27/267
f 1094/54/293 1093/53/256 1135/101/15
f 1135/101/15 1113/77/312 1094/54/293
f 1080/40/280 1102/64/301 1136/102/334
f 1136/102/334 1077/37/277 1080/40/280
f 1085/45/285 1133/99/332 1067/27/267
f 1067/27/267 1066/26/266 1085/45/285
f 1062/22/262 1137/103/278 1078/38/278
f 1078/38/278 1077/37/277 1062/22/262
f 1066/26/266 1065/25/265 1112/76/311
f 1112/76/311 1138/104/335 1066/26/266
f 1137/103/278 1056/16/256 1093/53/256
f 1093/53/256 1078/38/278 1137/103/278
f 1112/76/311 1115/79/314 1139/105/336
f 1139/105/336 1138/104/335 1112/76/311
f 1098/58/297 1140/106/337 1141/107/338
f 1141/107/338 1099/59/298 1098/58/297
f 1098/58/297 1128/93/327 1142/108/339
f 1142/108/339 1140/106/337 1098/58/297
f 1093/53/256 1056/16/256 1055/15/15
f 1055/15/15 1135/101/15 1093/53/256
f 1077/37/277 1136/102/334 1063/23/263
f 1063/23/263 1062/22/262 1077/37/277
f 1066/26/266 1138/104/335 1086/46/286
f 1086/46/286 1085/45/285 1066/26/266
f 1138/104/335 1139/105/336 1096/56/295
f 1096/56/295 1086/46/286 1138/104/335
f 1140/106/337 1120/84/319 1119/83/318
f 1119/83/318 1141/107/338 1140/106/337
f 1120/84/319 1140/106/337 1142/108/339
f 1142/108/339 1129/94/328 1120/84/319
f 1131/97/330 1101/63/300 1100/62/299
f 1100/62/299 1132/98/331 1131/97/330
f 1133/99/332 1104/67/303 1108/72/307
f 1108/72/307 1134/100/333 1133/99/332
f 1088/48/288 1104/67/303 1133/99/332
f 1133/99/332 1085/45/285 1088/48/288
f 1062/22/262 1061/21/352 1110/74/309
f 1110/74/309 1137/103/278 1062/22/262
f 1110/74/309 1053/13/346 1056/16/256
f 1056/16/256 1137/103/278 1110/74/309
f 1042/2/243 1136/102/334 1102/64/301
f 1102/64/301 1043/3/244 1042/2/243
f 1068/28/268 1067/27/267 1046/6/247
f 1046/6/247 1045/5/246 1068/28/268
f 1122/109/355 1105/110/304 1051/11/252
f 1051/11/252 1050/10/251 1122/109/355
f 1103/111/302 1125/90/324 1074/34/274
f 1074/34/274 1073/33/273 1103/111/302
f 1105/68/304 1064/24/264 1100/62/299
f 1100/62/299 1051/61/252 1105/68/304
f 1076/70/276 1068/28/268 1045/5/246
f 1045/5/246 1073/66/273 1076/70/276
f 1130/112/329 1044/4/245 1043/3/244
f 1043/3/244 1106/69/305 1130/112/329
f 1116/80/315 1143/113/340 1108/72/307
f 1108/72/307 1107/71/306 1116/80/315
f 1072/32/272 1071/114/271 1117/81/316
f 1117/81/316 1107/71/306 1072/32/272
f 1059/115/343 1075/35/275 1074/34/274
f 1074/34/274 1124/89/323 1059/115/343
f 1071/114/271 1122/109/355 1050/10/251
f 1050/10/251 1117/81/316 1071/114/271
f 1060/116/260 1059/115/343 1124/89/323
f 1124/89/323 1106/96/305 1060/116/260
f 1063/23/263 1136/102/334 1042/2/243
f 1042/2/243 1132/98/331 1063/23/263
f 1144/117/341 1047/7/248 1046/6/247
f 1046/6/247 1134/100/333 1144/117/341
f 1064/24/264 1063/23/263 1132/98/331
f 1132/98/331 1100/62/299 1064/24/264
f 1143/113/340 1144/117/341 1134/100/333
f 1134/100/333 1108/72/307 1143/113/340
f 1095/55/294 1129/94/328 1055/15/15
f 1055/15/15 1054/14/255 1095/55/294
f 1129/94/328 1142/108/339 1135/101/15
f 1135/101/15 1055/15/15 1129/94/328
f 1142/108/339 1128/93/327 1113/77/312
f 1113/77/312 1135/101/15 1142/108/339
f 1097/57/296 1096/56/295 1119/83/318
f 1119/83/318 1114/78/313 1097/57/296
f 1096/56/295 1139/105/336 1141/107/338
f 1141/107/338 1119/83/318 1096/56/295
f 1141/107/338 1139/105/336 1115/79/314
f 1115/79/314 1099/59/298 1141/107/338
f 1145/1/242 1146/2/243 1147/3/244
f 1147/3/244 1148/4/245 1145/1/242
f 1149/5/246 1150/6/247 1151/7/248
f 1151/7/248 1152/8/249 1149/5/246
f 1153/9/250 1154/10/251 1155/11/252
f 1155/11/252 1156/12/253 1153/9/250
f 1157/13/346 1158/14/255 1159/15/15
f 1159/15/15 1160/16/256 1157/13/346
f 1161/17/257 1162/18/342 1163/19/343
f 1163/19/343 1164/20/260 1161/17/257
f 1165/21/261 1166/22/262 1167/23/263
f 1167/23/263 1168/24/264 1165/21/261
f 1169/25/265 1170/26/266 1171/27/267
f 1171/27/267 1172/28/268 1169/25/265
f 1173/29/269 1174/30/349 1175/31/271
f 1175/31/271 1176/32/272 1173/29/269
f 1177/33/273 1178/34/274 1179/35/275
f 1179/35/275 1180/36/276 1177/33/273
f 1181/37/277 1182/38/278 1183/39/279
f 1183/39/279 1184/40/280 1181/37/277
f 1185/41/353 1186/42/282 1187/43/283
f 1187/43/283 1188/44/350 1185/41/353
f 1189/45/285 1190/46/286 1191/47/287
f 1191/47/287 1192/48/288 1189/45/285
f 1193/49/289 1194/50/290 1195/51/291
f 1195/51/291 1196/52/292 1193/49/289
f 1183/39/279 1182/38/278 1197/53/256
f 1197/53/256 1198/54/293 1183/39/279
f 1186/42/282 1199/55/294 1158/14/255
f 1158/14/255 1187/43/283 1186/42/282
f 1191/47/287 1190/46/286 1200/56/295
f 1200/56/295 1201/57/296 1191/47/287
f 1194/50/290 1202/58/297 1203/59/298
f 1203/59/298 1195/51/291 1194/50/290
f 1156/60/253 1155/61/252 1204/62/299
f 1204/62/299 1205/63/300 1156/60/253
f 1184/40/280 1161/17/257 1164/20/260
f 1164/20/260 1206/64/301 1184/40/280
f 1207/65/302 1177/66/273 1149/5/246
f 1149/5/246 1152/8/249 1207/65/302
f 1192/48/288 1173/29/269 1176/32/272
f 1176/32/272 1208/67/303 1192/48/288
f 1168/24/264 1209/68/304 1188/44/350
f 1188/44/350 1165/21/261 1168/24/264
f 1164/20/260 1210/69/305 1147/3/244
f 1147/3/244 1206/64/301 1164/20/260
f 1172/28/268 1180/70/276 1196/52/292
f 1196/52/292 1169/25/265 1172/28/268
f 1176/32/272 1211/71/306 1212/72/307
f 1212/72/307 1208/67/303 1176/32/272
f 1161/17/257 1184/40/280 1183/39/279
f 1183/39/279 1213/73/308 1161/17/257
f 1165/21/261 1188/44/350 1187/43/283
f 1187/43/283 1214/74/309 1165/21/261
f 1173/29/269 1192/48/288 1191/47/287
f 1191/47/287 1215/75/310 1173/29/269
f 1169/25/265 1196/52/292 1195/51/291
f 1195/51/291 1216/76/311 1169/25/265
f 1213/73/308 1183/39/279 1198/54/293
f 1198/54/293 1217/77/312 1213/73/308
f 1214/74/309 1187/43/283 1158/14/255
f 1158/14/255 1157/13/346 1214/74/309
f 1215/75/310 1191/47/287 1201/57/296
f 1201/57/296 1218/78/313 1215/75/310
f 1216/76/311 1195/51/291 1203/59/298
f 1203/59/298 1219/79/314 1216/76/311
f 1220/80/315 1211/71/306 1221/81/316
f 1221/81/316 1222/82/317 1220/80/315
f 1218/78/313 1223/83/318 1224/84/319
f 1224/84/319 1225/85/320 1218/78/313
f 1196/52/292 1180/70/276 1179/86/275
f 1179/86/275 1193/49/289 1196/52/292
f 1185/41/353 1226/87/321 1175/31/271
f 1175/31/271 1174/30/349 1185/41/353
f 1227/88/322 1228/89/323 1178/34/274
f 1178/34/274 1229/90/324 1227/88/322
f 1174/30/349 1173/29/269 1215/75/310
f 1215/75/310 1230/91/325 1174/30/349
f 1162/18/342 1231/92/326 1194/50/290
f 1194/50/290 1193/49/289 1162/18/342
f 1215/75/310 1218/78/313 1225/85/320
f 1225/85/320 1230/91/325 1215/75/310
f 1231/92/326 1232/93/327 1202/58/297
f 1202/58/297 1194/50/290 1231/92/326
f 1222/82/317 1221/81/316 1154/10/251
f 1154/10/251 1153/9/250 1222/82/317
f 1225/85/320 1224/84/319 1233/94/328
f 1233/94/328 1199/55/294 1225/85/320
f 1193/49/289 1179/86/275 1163/19/343
f 1163/19/343 1162/18/342 1193/49/289
f 1174/30/349 1230/91/325 1186/42/282
f 1186/42/282 1185/41/353 1174/30/349
f 1230/91/325 1225/85/320 1199/55/294
f 1199/55/294 1186/42/282 1230/91/325
f 1188/44/350 1209/68/304 1226/87/321
f 1226/87/321 1185/41/353 1188/44/350
f 1234/95/329 1210/96/305 1228/89/323
f 1228/89/323 1227/88/322 1234/95/329
f 1162/18/342 1161/17/257 1213/73/308
f 1213/73/308 1231/92/326 1162/18/342
f 1213/73/308 1217/77/312 1232/93/327
f 1232/93/327 1231/92/326 1213/73/308
f 1235/97/330 1236/98/331 1146/2/243
f 1146/2/243 1145/1/242 1235/97/330
f 1171/27/267 1237/99/332 1238/100/333
f 1238/100/333 1150/6/247 1171/27/267
f 1198/54/293 1197/53/256 1239/101/15
f 1239/101/15 1217/77/312 1198/54/293
f 1184/40/280 1206/64/301 1240/102/334
f 1240/102/334 1181/37/277 1184/40/280
f 1189/45/285 1237/99/332 1171/27/267
f 1171/27/267 1170/26/266 1189/45/285
f 1166/22/262 1241/103/278 1182/38/278
f 1182/38/278 1181/37/277 1166/22/262
f 1170/26/266 1169/25/265 1216/76/311
f 1216/76/311 1242/104/335 1170/26/266
f 1241/103/278 1160/16/256 1197/53/256
f 1197/53/256 1182/38/278 1241/103/278
f 1216/76/311 1219/79/314 1243/105/336
f 1243/105/336 1242/104/335 1216/76/311
f 1202/58/297 1244/106/337 1245/107/338
f 1245/107/338 1203/59/298 1202/58/297
f 1202/58/297 1232/93/327 1246/108/339
f 1246/108/339 1244/106/337 1202/58/297
f 1197/53/256 1160/16/256 1159/15/15
f 1159/15/15 1239/101/15 1197/53/256
f 1181/37/277 1240/102/334 1167/23/263
f 1167/23/263 1166/22/262 1181/37/277
f 1170/26/266 1242/104/335 1190/46/286
f 1190/46/286 1189/45/285 1170/26/266
f 1242/104/335 1243/105/336 1200/56/295
f 1200/56/295 1190/46/286 1242/104/335
f 1244/106/337 1224/84/319 1223/83/318
f 1223/83/318 1245/107/338 1244/106/337
f 1224/84/319 1244/106/337 1246/108/339
f 1246/108/339 1233/94/328 1224/84/319
f 1235/97/330 1205/63/300 1204/62/299
f 1204/62/299 1236/98/331 1235/97/330
f 1237/99/332 1208/67/303 1212/72/307
f 1212/72/307 1238/100/333 1237/99/332
f 1192/48/288 1208/67/303 1237/99/332
f 1237/99/332 1189/45/285 1192/48/288
f 1166/22/262 1165/21/261 1214/74/309
f 1214/74/309 1241/103/278 1166/22/262
f 1214/74/309 1157/13/346 1160/16/256
f 1160/16/256 1241/103/278 1214/74/309
f 1146/2/243 1240/102/334 1206/64/301
f 1206/64/301 1147/3/244 1146/2/243
f 1172/28/268 1171/27/267 1150/6/247
f 1150/6/247 1149/5/246 1172/28/268
f 1226/109/321 1209/110/304 1155/11/252
f 1155/11/252 1154/10/251 1226/109/321
f 1207/111/302 1229/90/324 1178/34/274
f 1178/34/274 1177/33/273 1207/111/302
f 1209/68/304 1168/24/264 1204/62/299
f 1204/62/299 1155/61/252 1209/68/304
f 1180/70/276 1172/28/268 1149/5/246
f 1149/5/246 1177/66/273 1180/70/276
f 1234/112/329 1148/4/245 1147/3/244
f 1147/3/244 1210/69/305 1234/112/329
f 1220/80/315 1247/113/340 1212/72/307
f 1212/72/307 1211/71/306 1220/80/315
f 1176/32/272 1175/114/271 1221/81/316
f 1221/81/316 1211/71/306 1176/32/272
f 1163/115/343 1179/35/275 1178/34/274
f 1178/34/274 1228/89/323 1163/115/343
f 1175/114/271 1226/109/321 1154/10/251
f 1154/10/251 1221/81/316 1175/114/271
f 1164/116/260 1163/115/343 1228/89/323
f 1228/89/323 1210/96/305 1164/116/260
f 1167/23/263 1240/102/334 1146/2/243
f 1146/2/243 1236/98/331 1167/23/263
f 1248/117/341 1151/7/248 1150/6/247
f 1150/6/247 1238/100/333 1248/117/341
f 1168/24/264 1167/23/263 1236/98/331
f 1236/98/331 1204/62/299 1168/24/264
f 1247/113/340 1248/117/341 1238/100/333
f 1238/100/333 1212/72/307 1247/113/340
f 1199/55/294 1233/94/328 1159/15/15
f 1159/15/15 1158/14/255 1199/55/294
f 1233/94/328 1246/108/339 1239/101/15
f 1239/101/15 1159/15/15 1233/94/328
f 1246/108/339 1232/93/327 1217/77/312
f 1217/77/312 1239/101/15 1246/108/339
f 1201/57/296 1200/56/295 1223/83/318
f 1223/83/318 1218/78/313 1201/57/296
f 1200/56/295 1243/105/336 1245/107/338
f 1245/107/338 1223/83/318 1200/56/295
f 1245/107/338 1243/105/336 1219/79/314
f 1219/79/314 1203/59/298 1245/107/338
f 1249/1/242 1250/2/243 1251/3/244
f 1251/3/244 1252/4/245 1249/1/242
f 1253/5/246 1254/6/247 1255/7/248
f 1255/7/248 1256/8/249 1253/5/246
f 1257/9/250 1258/10/251 1259/11/252
f 1259/11/252 1260/12/253 1257/9/250
f 1261/13/346 1262/14/255 1263/15/15
f 1263/15/15 1264/16/256 1261/13/346
f 1265/17/356 1266/18/342 1267/19/259
f 1267/19/259 1268/20/260 1265/17/356
f 1269/21/261 1270/22/262 1271/23/263
f 1271/23/263 1272/24/264 1269/21/261
f 1273/25/265 1274/26/266 1275/27/267
f 1275/27/267 1276/28/268 1273/25/265
f 1277/29/348 1278/30/270 1279/31/271
f 1279/31/271 1280/32/272 1277/29/348
f 1281/33/273 1282/34/274 1283/35/344
f 1283/35/344 1284/36/276 1281/33/273
f 1285/37/277 1286/38/278 1287/39/279
f 1287/39/279 1288/40/280 1285/37/277
f 1289/41/353 1290/42/325 1291/43/283
f 1291/43/283 1292/44/350 1289/41/353
f 1293/45/285 1294/46/286 1295/47/287
f 1295/47/287 1296/48/288 1293/45/285
f 1297/49/351 1298/50/290 1299/51/291
f 1299/51/291 1300/52/292 1297/49/351
f 1287/39/279 1286/38/278 1301/53/256
f 1301/53/256 1302/54/293 1287/39/279
f 1290/42/325 1303/55/294 1262/14/255
f 1262/14/255 1291/43/283 1290/42/325
f 1295/47/287 1294/46/286 1304/56/295
f 1304/56/295 1305/57/296 1295/47/287
f 1298/50/290 1306/58/297 1307/59/357
f 1307/59/357 1299/51/291 1298/50/290
f 1260/60/253 1259/61/252 1308/62/299
f 1308/62/299 1309/63/300 1260/60/253
f 1288/40/280 1265/17/356 1268/20/260
f 1268/20/260 1310/64/301 1288/40/280
f 1311/65/302 1281/66/273 1253/5/246
f 1253/5/246 1256/8/249 1311/65/302
f 1296/48/288 1277/29/348 1280/32/272
f 1280/32/272 1312/67/303 1296/48/288
f 1272/24/264 1313/68/304 1292/44/350
f 1292/44/350 1269/21/261 1272/24/264
f 1268/20/260 1314/69/305 1251/3/244
f 1251/3/244 1310/64/301 1268/20/260
f 1276/28/268 1284/70/276 1300/52/292
f 1300/52/292 1273/25/265 1276/28/268
f 1280/32/272 1315/71/306 1316/72/307
f 1316/72/307 1312/67/303 1280/32/272
f 1265/17/356 1288/40/280 1287/39/279
f 1287/39/279 1317/73/308 1265/17/356
f 1269/21/261 1292/44/350 1291/43/283
f 1291/43/283 1318/74/309 1269/21/261
f 1277/29/348 1296/48/288 1295/47/287
f 1295/47/287 1319/75/310 1277/29/348
f 1273/25/265 1300/52/292 1299/51/291
f 1299/51/291 1320/76/311 1273/25/265
f 1317/73/308 1287/39/279 1302/54/293
f 1302/54/293 1321/77/312 1317/73/308
f 1318/74/309 1291/43/283 1262/14/255
f 1262/14/255 1261/13/346 1318/74/309
f 1319/75/310 1295/47/287 1305/57/296
f 1305/57/296 1322/78/313 1319/75/310
f 1320/76/311 1299/51/291 1307/59/357
f 1307/59/357 1323/79/314 1320/76/311
f 1324/80/315 1315/71/306 1325/81/316
f 1325/81/316 1326/82/317 1324/80/315
f 1322/78/313 1327/83/318 1328/84/319
f 1328/84/319 1329/85/320 1322/78/313
f 1300/52/292 1284/70/276 1283/86/344
f 1283/86/344 1297/49/351 1300/52/292
f 1289/41/353 1330/87/321 1279/31/271
f 1279/31/271 1278/30/270 1289/41/353
f 1331/88/322 1332/89/323 1282/34/274
f 1282/34/274 1333/90/324 1331/88/322
f 1278/30/270 1277/29/348 1319/75/310
f 1319/75/310 1334/91/347 1278/30/270
f 1266/18/342 1335/92/326 1298/50/290
f 1298/50/290 1297/49/351 1266/18/342
f 1319/75/310 1322/78/313 1329/85/320
f 1329/85/320 1334/91/347 1319/75/310
f 1335/92/326 1336/93/327 1306/58/297
f 1306/58/297 1298/50/290 1335/92/326
f 1326/82/317 1325/81/316 1258/10/251
f 1258/10/251 1257/9/250 1326/82/317
f 1329/85/320 1328/84/319 1337/94/328
f 1337/94/328 1303/55/294 1329/85/320
f 1297/49/351 1283/86/344 1267/19/259
f 1267/19/259 1266/18/342 1297/49/351
f 1278/30/270 1334/91/347 1290/42/325
f 1290/42/325 1289/41/353 1278/30/270
f 1334/91/347 1329/85/320 1303/55/294
f 1303/55/294 1290/42/325 1334/91/347
f 1292/44/350 1313/68/304 1330/87/321
f 1330/87/321 1289/41/353 1292/44/350
f 1338/95/329 1314/96/305 1332/89/323
f 1332/89/323 1331/88/322 1338/95/329
f 1266/18/342 1265/17/356 1317/73/308
f 1317/73/308 1335/92/326 1266/18/342
f 1317/73/308 1321/77/312 1336/93/327
f 1336/93/327 1335/92/326 1317/73/308
f 1339/97/330 1340/98/331 1250/2/243
f 1250/2/243 1249/1/242 1339/97/330
f 1275/27/267 1341/99/332 1342/100/333
f 1342/100/333 1254/6/247 1275/27/267
f 1302/54/293 1301/53/256 1343/101/15
f 1343/101/15 1321/77/312 1302/54/293
f 1288/40/280 1310/64/301 1344/102/334
f 1344/102/334 1285/37/277 1288/40/280
f 1293/45/285 1341/99/332 1275/27/267
f 1275/27/267 1274/26/266 1293/45/285
f 1270/22/262 1345/103/278 1286/38/278
f 1286/38/278 1285/37/277 1270/22/262
f 1274/26/266 1273/25/265 1320/76/311
f 1320/76/311 1346/104/335 1274/26/266
f 1345/103/278 1264/16/256 1301/53/256
f 1301/53/256 1286/38/278 1345/103/278
f 1320/76/311 1323/79/314 1347/105/336
f 1347/105/336 1346/104/335 1320/76/311
f 1306/58/297 1348/106/337 1349/107/338
f 1349/107/338 1307/59/357 1306/58/297
f 1306/58/297 1336/93/327 1350/108/339
f 1350/108/339 1348/106/337 1306/58/297
f 1301/53/256 1264/16/256 1263/15/15
f 1263/15/15 1343/101/15 1301/53/256
f 1285/37/277 1344/102/334 1271/23/263
f 1271/23/263 1270/22/262 1285/37/277
f 1274/26/266 1346/104/335 1294/46/286
f 1294/46/286 1293/45/285 1274/26/266
f 1346/104/335 1347/105/336 1304/56/295
f 1304/56/295 1294/46/286 1346/104/335
f 1348/106/337 1328/84/319 1327/83/318
f 1327/83/318 1349/107/338 1348/106/337
f 1328/84/319 1348/106/337 1350/108/339
f 1350/108/339 1337/94/328 1328/84/319
f 1339/97/330 1309/63/300 1308/62/299
f 1308/62/299 1340/98/331 1339/97/330
f 1341/99/332 1312/67/303 1316/72/307
f 1316/72/307 1342/100/333 1341/99/332
f 1296/48/288 1312/67/303 1341/99/332
f 1341/99/332 1293/45/285 1296/48/288
f 1270/22/262 1269/21/261 1318/74/309
f 1318/74/309 1345/103/278 1270/22/262
f 1318/74/309 1261/13/346 1264/16/256
f 1264/16/256 1345/103/278 1318/74/309
f 1250/2/243 1344/102/334 1310/64/301
f 1310/64/301 1251/3/244 1250/2/243
f 1276/28/268 1275/27/267 1254/6/247
f 1254/6/247 1253/5/246 1276/28/268
f 1330/109/321 1313/110/304 1259/11/252
f 1259/11/252 1258/10/251 1330/109/321
f 1311/111/302 1333/90/324 1282/34/274
f 1282/34/274 1281/33/273 1311/111/302
f 1313/68/304 1272/24/264 1308/62/299
f 1308/62/299 1259/61/252 1313/68/304
f 1284/70/276 1276/28/268 1253/5/246
f 1253/5/246 1281/66/273 1284/70/276
f 1338/112/329 1252/4/245 1251/3/244
f 1251/3/244 1314/69/305 1338/112/329
f 1324/80/315 1351/113/340 1316/72/307
f 1316/72/307 1315/71/306 1324/80/315
f 1280/32/272 1279/114/271 1325/81/316
f 1325/81/316 1315/71/306 1280/32/272
f 1267/115/259 1283/35/344 1282/34/274
f 1282/34/274 1332/89/323 1267/115/259
f 1279/114/271 1330/109/321 1258/10/251
f 1258/10/251 1325/81/316 1279/114/271
f 1268/116/260 1267/115/259 1332/89/323
f 1332/89/323 1314/96/305 1268/116/260
f 1271/23/263 1344/102/334 1250/2/243
f 1250/2/243 1340/98/331 1271/23/263
f 1352/117/341 1255/7/248 1254/6/247
f 1254/6/247 1342/100/333 1352/117/341
f 1272/24/264 1271/23/263 1340/98/331
f 1340/98/331 1308/62/299 1272/24/264
f 1351/113/340 1352/117/341 1342/100/333
f 1342/100/333 1316/72/307 1351/113/340
f 1303/55/294 1337/94/328 1263/15/15
f 1263/15/15 1262/14/255 1303/55/294
f 1337/94/328 1350/108/339 1343/101/15
f 1343/101/15 1263/15/15 1337/94/328
f 1350/108/339 1336/93/327 1321/77/312
f 1321/77/312 1343/101/15 1350/108/339
f 1305/57/296 1304/56/295 1327/83/318
f 1327/83/318 1322/78/313 1305/57/296
f 1304/56/295 1347/105/336 1349/107/338
f 1349/107/338 1327/83/318 1304/56/295
f 1349/107/338 1347/105/336 1323/79/314
f 1323/79/314 1307/59/357 1349/107/338
f 1353/1/242 1354/2/243 1355/3/244
f 1355/3/244 1356/4/245 1353/1/242
f 1357/5/246 1358/6/247 1359/7/248
f 1359/7/248 1360/8/249 1357/5/246
f 1361/9/250 1362/10/251 1363/11/252
f 1363/11/252 1364/12/253 1361/9/250
f 1365/13/346 1366/14/255 1367/15/15
f 1367/15/15 1368/16/256 1365/13/346
f 1369/17/257 1370/18/258 1371/19/358
f 1371/19/358 1372/20/260 1369/17/257
f 1373/21/261 1374/22/262 1375/23/263
f 1375/23/263 1376/24/264 1373/21/261
f 1377/25/265 1378/26/266 1379/27/267
f 1379/27/267 1380/28/268 1377/25/265
f 1381/29/348 1382/30/349 1383/31/271
f 1383/31/271 1384/32/272 1381/29/348
f 1385/33/273 1386/34/274 1387/35/275
f 1387/35/275 1388/36/276 1385/33/273
f 1389/37/277 1390/38/278 1391/39/279
f 1391/39/279 1392/40/280 1389/37/277
f 1393/41/353 1394/42/282 1395/43/283
f 1395/43/283 1396/44/284 1393/41/353
f 1397/45/285 1398/46/286 1399/47/287
f 1399/47/287 1400/48/288 1397/45/285
f 1401/49/351 1402/50/290 1403/51/291
f 1403/51/291 1404/52/292 1401/49/351
f 1391/39/279 1390/38/278 1405/53/256
f 1405/53/256 1406/54/293 1391/39/279
f 1394/42/282 1407/55/294 1366/14/255
f 1366/14/255 1395/43/283 1394/42/282
f 1399/47/287 1398/46/286 1408/56/295
f 1408/56/295 1409/57/296 1399/47/287
f 1402/50/290 1410/58/297 1411/59/298
f 1411/59/298 1403/51/291 1402/50/290
f 1364/60/253 1363/61/252 1412/62/299
f 1412/62/299 1413/63/300 1364/60/253
f 1392/40/280 1369/17/257 1372/20/260
f 1372/20/260 1414/64/301 1392/40/280
f 1415/65/302 1385/66/273 1357/5/246
f 1357/5/246 1360/8/249 1415/65/302
f 1400/48/288 1381/29/348 1384/32/272
f 1384/32/272 1416/67/303 1400/48/288
f 1376/24/264 1417/68/304 1396/44/284
f 1396/44/284 1373/21/261 1376/24/264
f 1372/20/260 1418/69/305 1355/3/244
f 1355/3/244 1414/64/301 1372/20/260
f 1380/28/268 1388/70/276 1404/52/292
f 1404/52/292 1377/25/265 1380/28/268
f 1384/32/272 1419/71/306 1420/72/307
f 1420/72/307 1416/67/303 1384/32/272
f 1369/17/257 1392/40/280 1391/39/279
f 1391/39/279 1421/73/308 1369/17/257
f 1373/21/261 1396/44/284 1395/43/283
f 1395/43/283 1422/74/309 1373/21/261
f 1381/29/348 1400/48/288 1399/47/287
f 1399/47/287 1423/75/310 1381/29/348
f 1377/25/265 1404/52/292 1403/51/291
f 1403/51/291 1424/76/311 1377/25/265
f 1421/73/308 1391/39/279 1406/54/293
f 1406/54/293 1425/77/312 1421/73/308
f 1422/74/309 1395/43/283 1366/14/255
f 1366/14/255 1365/13/346 1422/74/309
f 1423/75/310 1399/47/287 1409/57/296
f 1409/57/296 1426/78/313 1423/75/310
f 1424/76/311 1403/51/291 1411/59/298
f 1411/59/298 1427/79/359 1424/76/311
f 1428/80/315 1419/71/306 1429/81/316
f 1429/81/316 1430/82/317 1428/80/315
f 1426/78/313 1431/83/318 1432/84/319
f 1432/84/319 1433/85/320 1426/78/313
f 1404/52/292 1388/70/276 1387/86/275
f 1387/86/275 1401/49/351 1404/52/292
f 1393/41/353 1434/87/321 1383/31/271
f 1383/31/271 1382/30/349 1393/41/353
f 1435/88/322 1436/89/323 1386/34/274
f 1386/34/274 1437/90/324 1435/88/322
f 1382/30/349 1381/29/348 1423/75/310
f 1423/75/310 1438/91/347 1382/30/349
f 1370/18/258 1439/92/345 1402/50/290
f 1402/50/290 1401/49/351 1370/18/258
f 1423/75/310 1426/78/313 1433/85/320
f 1433/85/320 1438/91/347 1423/75/310
f 1439/92/345 1440/93/327 1410/58/297
f 1410/58/297 1402/50/290 1439/92/345
f 1430/82/317 1429/81/316 1362/10/251
f 1362/10/251 1361/9/250 1430/82/317
f 1433/85/320 1432/84/319 1441/94/328
f 1441/94/328 1407/55/294 1433/85/320
f 1401/49/351 1387/86/275 1371/19/358
f 1371/19/358 1370/18/258 1401/49/351
f 1382/30/349 1438/91/347 1394/42/282
f 1394/42/282 1393/41/353 1382/30/349
f 1438/91/347 1433/85/320 1407/55/294
f 1407/55/294 1394/42/282 1438/91/347
f 1396/44/284 1417/68/304 1434/87/321
f 1434/87/321 1393/41/353 1396/44/284
f 1442/95/329 1418/96/305 1436/89/323
f 1436/89/323 1435/88/322 1442/95/329
f 1370/18/258 1369/17/257 1421/73/308
f 1421/73/308 1439/92/345 1370/18/258
f 1421/73/308 1425/77/312 1440/93/327
f 1440/93/327 1439/92/345 1421/73/308
f 1443/97/330 1444/98/331 1354/2/243
f 1354/2/243 1353/1/242 1443/97/330
f 1379/27/267 1445/99/332 1446/100/333
f 1446/100/333 1358/6/247 1379/27/267
f 1406/54/293 1405/53/256 1447/101/15
f 1447/101/15 1425/77/312 1406/54/293
f 1392/40/280 1414/64/301 1448/102/334
f 1448/102/334 1389/37/277 1392/40/280
f 1397/45/285 1445/99/332 1379/27/267
f 1379/27/267 1378/26/266 1397/45/285
f 1374/22/262 1449/103/278 1390/38/278
f 1390/38/278 1389/37/277 1374/22/262
f 1378/26/266 1377/25/265 1424/76/311
f 1424/76/311 1450/104/335 1378/26/266
f 1449/103/278 1368/16/256 1405/53/256
f 1405/53/256 1390/38/278 1449/103/278
f 1424/76/311 1427/79/359 1451/105/336
f 1451/105/336 1450/104/335 1424/76/311
f 1410/58/297 1452/106/337 1453/107/338
f 1453/107/338 1411/59/298 1410/58/297
f 1410/58/297 1440/93/327 1454/108/339
f 1454/108/339 1452/106/337 1410/58/297
f 1405/53/256 1368/16/256 1367/15/15
f 1367/15/15 1447/101/15 1405/53/256
f 1389/37/277 1448/102/334 1375/23/263
f 1375/23/263 1374/22/262 1389/37/277
f 1378/26/266 1450/104/335 1398/46/286
f 1398/46/286 1397/45/285 1378/26/266
f 1450/104/335 1451/105/336 1408/56/295
f 1408/56/295 1398/46/286 1450/104/335
f 1452/106/337 1432/84/319 1431/83/318
f 1431/83/318 1453/107/338 1452/106/337
f 1432/84/319 1452/106/337 1454/108/339
f 1454/108/339 1441/94/328 1432/84/319
f 1443/97/330 1413/63/300 1412/62/299
f 1412/62/299 1444/98/331 1443/97/330
f 1445/99/332 1416/67/303 1420/72/307
f 1420/72/307 1446/100/333 1445/99/332
f 1400/48/288 1416/67/303 1445/99/332
f 1445/99/332 1397/45/285 1400/48/288
f 1374/22/262 1373/21/261 1422/74/309
f 1422/74/309 1449/103/278 1374/22/262
f 1422/74/309 1365/13/346 1368/16/256
f 1368/16/256 1449/103/278 1422/74/309
f 1354/2/243 1448/102/334 1414/64/301
f 1414/64/301 1355/3/244 1354/2/243
f 1380/28/268 1379/27/267 1358/6/247
f 1358/6/247 1357/5/246 1380/28/268
f 1434/109/321 1417/110/304 1363/11/252
f 1363/11/252 1362/10/251 1434/109/321
f 1415/111/302 1437/90/324 1386/34/274
f 1386/34/274 1385/33/273 1415/111/302
f 1417/68/304 1376/24/264 1412/62/299
f 1412/62/299 1363/61/252 1417/68/304
f 1388/70/276 1380/28/268 1357/5/246
f 1357/5/246 1385/66/273 1388/70/276
f 1442/112/329 1356/4/245 1355/3/244
f 1355/3/244 1418/69/305 1442/112/329
f 1428/80/315 1455/113/340 1420/72/307
f 1420/72/307 1419/71/306 1428/80/315
f 1384/32/272 1383/114/271 1429/81/316
f 1429/81/316 1419/71/306 1384/32/272
f 1371/115/358 1387/35/275 1386/34/274
f 1386/34/274 1436/89/323 1371/115/358
f 1383/114/271 1434/109/321 1362/10/251
f 1362/10/251 1429/81/316 1383/114/271
f 1372/116/260 1371/115/358 1436/89/323
f 1436/89/323 1418/96/305 1372/116/260
f 1375/23/263 1448/102/334 1354/2/243
f 1354/2/243 1444/98/331 1375/23/263
f 1456/117/341 1359/7/248 1358/6/247
f 1358/6/247 1446/100/333 1456/117/341
f 1376/24/264 1375/23/263 1444/98/331
f 1444/98/331 1412/62/299 1376/24/264
f 1455/113/340 1456/117/341 1446/100/333
f 1446/100/333 1420/72/307 1455/113/340
f 1407/55/294 1441/94/328 1367/15/15
f 1367/15/15 1366/14/255 1407/55/294
f 1441/94/328 1454/108/339 1447/101/15
f 1447/101/15 1367/15/15 1441/94/328
f 1454/108/339 1440/93/327 1425/77/312
f 1425/77/312 1447/101/15 1454/108/339
f 1409/57/296 1408/56/295 1431/83/318
f 1431/83/318 1426/78/313 1409/57/296
f 1408/56/295 1451/105/336 1453/107/338
f 1453/107/338 1431/83/318 1408/56/295
f 1453/107/338 1451/105/336 1427/79/359
f 1427/79/359 1411/59/298 1453/107/338
f 1457/1/360 1458/2/361 1459/3/362
f 1459/3/362 1460/4/363 1457/1/360
f 1461/5/364 1462/6/365 1463/7/366
f 1463/7/366 1464/8/367 1461/5/364
f 1465/9/368 1466/10/369 1467/11/370
f 1467/11/370 1468/12/371 1465/9/368
f 1469/13/372 1470/14/373 1471/15/15
f 1471/15/15 1472/16/374 1469/13/372
f 1473/17/375 1474/18/376 1475/19/377
f 1475/19/377 1476/20/378 1473/17/375
f 1477/21/379 1478/22/380 1479/23/381
f 1479/23/381 1480/24/382 1477/21/379
f 1481/25/383 1482/26/384 1483/27/385
f 1483/27/385 1484/28/386 1481/25/383
f 1485/29/387 1486/30/388 1487/31/389
f 1487/31/389 1488/32/390 1485/29/387
f 1489/33/391 1490/34/392 1491/35/393
f 1491/35/393 1492/36/394 1489/33/391
f 1493/37/395 1494/38/396 1495/39/397
f 1495/39/397 1496/40/398 1493/37/395
f 1497/41/399 1498/42/400 1499/43/401
f 1499/43/401 1500/44/402 1497/41/399
f 1501/45/403 1502/46/404 1503/47/405
f 1503/47/405 1504/48/406 1501/45/403
f 1505/49/407 1506/50/408 1507/51/409
f 1507/51/409 1508/52/410 1505/49/407
f 1495/39/397 1494/38/396 1509/53/374
f 1509/53/374 1510/54/411 1495/39/397
f 1498/42/400 1511/55/412 1470/14/373
f 1470/14/373 1499/43/401 1498/42/400
f 1503/47/405 1502/46/404 1512/56/413
f 1512/56/413 1513/57/414 1503/47/405
f 1506/50/408 1514/58/415 1515/59/416
f 1515/59/416 1507/51/409 1506/50/408
f 1468/60/371 1467/61/370 1516/62/417
f 1516/62/417 1517/63/418 1468/60/371
f 1496/40/398 1473/17/375 1476/20/378
f 1476/20/378 1518/64/419 1496/40/398
f 1519/65/420 1489/66/391 1461/5/364
f 1461/5/364 1464/8/367 1519/65/420
f 1504/48/406 1485/29/387 1488/32/390
f 1488/32/390 1520/67/421 1504/48/406
f 1480/24/382 1521/68/422 1500/44/402
f 1500/44/402 1477/21/379 1480/24/382
f 1476/20/378 1522/69/423 1459/3/362
f 1459/3/362 1518/64/419 1476/20/378
f 1484/28/386 1492/70/394 1508/52/410
f 1508/52/410 1481/25/383 1484/28/386
f 1488/32/390 1523/71/424 1524/72/425
f 1524/72/425 1520/67/421 1488/32/390
f 1473/17/375 1496/40/398 1495/39/397
f 1495/39/397 1525/73/426 1473/17/375
f 1477/21/379 1500/44/402 1499/43/401
f 1499/43/401 1526/74/427 1477/21/379
f 1485/29/387 1504/48/406 1503/47/405
f 1503/47/405 1527/75/428 1485/29/387
f 1481/25/383 1508/52/410 1507/51/409
f 1507/51/409 1528/76/429 1481/25/383
f 1525/73/426 1495/39/397 1510/54/411
f 1510/54/411 1529/77/430 1525/73/426
f 1526/74/427 1499/43/401 1470/14/373
f 1470/14/373 1469/13/372 1526/74/427
f 1527/75/428 1503/47/405 1513/57/414
f 1513/57/414 1530/78/431 1527/75/428
f 1528/76/429 1507/51/409 1515/59/416
f 1515/59/416 1531/79/432 1528/76/429
f 1532/80/433 1523/71/424 1533/81/434
f 1533/81/434 1534/82/435 1532/80/433
f 1530/78/431 1535/83/436 1536/84/437
f 1536/84/437 1537/85/438 1530/78/431
f 1508/52/410 1492/70/394 1491/86/393
f 1491/86/393 1505/49/407 1508/52/410
f 1497/41/399 1538/87/439 1487/31/389
f 1487/31/389 1486/30/388 1497/41/399
f 1539/88/440 1540/89/441 1490/34/392
f 1490/34/392 1541/90/442 1539/88/440
f 1486/30/388 1485/29/387 1527/75/428
f 1527/75/428 1542/91/400 1486/30/388
f 1474/18/376 1543/92/443 1506/50/408
f 1506/50/408 1505/49/407 1474/18/376
f 1527/75/428 1530/78/431 1537/85/438
f 1537/85/438 1542/91/400 1527/75/428
f 1543/92/443 1544/93/444 1514/58/415
f 1514/58/415 1506/50/408 1543/92/443
f 1534/82/435 1533/81/434 1466/10/369
f 1466/10/369 1465/9/368 1534/82/435
f 1537/85/438 1536/84/437 1545/94/445
f 1545/94/445 1511/55/412 1537/85/438
f 1505/49/407 1491/86/393 1475/19/377
f 1475/19/377 1474/18/376 1505/49/407
f 1486/30/388 1542/91/400 1498/42/400
f 1498/42/400 1497/41/399 1486/30/388
f 1542/91/400 1537/85/438 1511/55/412
f 1511/55/412 1498/42/400 1542/91/400
f 1500/44/402 1521/68/422 1538/87/439
f 1538/87/439 1497/41/399 1500/44/402
f 1546/95/446 1522/96/423 1540/89/441
f 1540/89/441 1539/88/440 1546/95/446
f 1474/18/376 1473/17/375 1525/73/426
f 1525/73/426 1543/92/443 1474/18/376
f 1525/73/426 1529/77/430 1544/93/444
f 1544/93/444 1543/92/443 1525/73/426
f 1547/97/447 1548/98/448 1458/2/361
f 1458/2/361 1457/1/360 1547/97/447
f 1483/27/385 1549/99/449 1550/100/450
f 1550/100/450 1462/6/365 1483/27/385
f 1510/54/411 1509/53/374 1551/101/15
f 1551/101/15 1529/77/430 1510/54/411
f 1496/40/398 1518/64/419 1552/102/451
f 1552/102/451 1493/37/395 1496/40/398
f 1501/45/403 1549/99/449 1483/27/385
f 1483/27/385 1482/26/384 1501/45/403
f 1478/22/380 1553/103/396 1494/38/396
f 1494/38/396 1493/37/395 1478/22/380
f 1482/26/384 1481/25/383 1528/76/429
f 1528/76/429 1554/104/452 1482/26/384
f 1553/103/396 1472/16/374 1509/53/374
f 1509/53/374 1494/38/396 1553/103/396
f 1528/76/429 1531/79/432 1555/105/453
f 1555/105/453 1554/104/452 1528/76/429
f 1514/58/415 1556/106/454 1557/107/455
f 1557/107/455 1515/59/416 1514/58/415
f 1514/58/415 1544/93/444 1558/108/456
f 1558/108/456 1556/106/454 1514/58/415
f 1509/53/374 1472/16/374 1471/15/15
f 1471/15/15 1551/101/15 1509/53/374
f 1493/37/395 1552/102/451 1479/23/381
f 1479/23/381 1478/22/380 1493/37/395
f 1482/26/384 1554/104/452 1502/46/404
f 1502/46/404 1501/45/403 1482/26/384
f 1554/104/452 1555/105/453 1512/56/413
f 1512/56/413 1502/46/404 1554/104/452
f 1556/106/454 1536/84/437 1535/83/436
f 1535/83/436 1557/107/455 1556/106/454
f 1536/84/437 1556/106/454 1558/108/456
f 1558/108/456 1545/94/445 1536/84/437
f 1547/97/447 1517/63/418 1516/62/417
f 1516/62/417 1548/98/448 1547/97/447
f 1549/99/449 1520/67/421 1524/72/425
f 1524/72/425 1550/100/450 1549/99/449
f 1504/48/406 1520/67/421 1549/99/449
f 1549/99/449 1501/45/403 1504/48/406
f 1478/22/380 1477/21/379 1526/74/427
f 1526/74/427 1553/103/396 1478/22/380
f 1526/74/427 1469/13/372 1472/16/374
f 1472/16/374 1553/103/396 1526/74/427
f 1458/2/361 1552/102/451 1518/64/419
f 1518/64/419 1459/3/362 1458/2/361
f 1484/28/386 1483/27/385 1462/6/365
f 1462/6/365 1461/5/364 1484/28/386
f 1538/109/439 1521/110/422 1467/11/370
f 1467/11/370 1466/10/369 1538/109/439
f 1519/111/420 1541/90/442 1490/34/392
f 1490/34/392 1489/33/391 1519/111/420
f 1521/68/422 1480/24/382 1516/62/417
f 1516/62/417 1467/61/370 1521/68/422
f 1492/70/394 1484/28/386 1461/5/364
f 1461/5/364 1489/66/391 1492/70/394
f 1546/112/446 1460/4/363 1459/3/362
f 1459/3/362 1522/69/423 1546/112/446
f 1532/80/433 1559/113/457 1524/72/425
f 1524/72/425 1523/71/424 1532/80/433
f 1488/32/390 1487/114/389 1533/81/434
f 1533/81/434 1523/71/424 1488/32/390
f 1475/115/377 1491/35/393 1490/34/392
f 1490/34/392 1540/89/441 1475/115/377
f 1487/114/389 1538/109/439 1466/10/369
f 1466/10/369 1533/81/434 1487/114/389
f 1476/116/378 1475/115/377 1540/89/441
f 1540/89/441 1522/96/423 1476/116/378
f 1479/23/381 1552/102/451 1458/2/361
f 1458/2/361 1548/98/448 1479/23/381
f 1560/117/458 1463/7/366 1462/6/365
f 1462/6/365 1550/100/450 1560/117/458
f 1480/24/382 1479/23/381 1548/98/448
f 1548/98/448 1516/62/417 1480/24/382
f 1559/113/457 1560/117/458 1550/100/450
f 1550/100/450 1524/72/425 1559/113/457
f 1511/55/412 1545/94/445 1471/15/15
f 1471/15/15 1470/14/373 1511/55/412
f 1545/94/445 1558/108/456 1551/101/15
f 1551/101/15 1471/15/15 1545/94/445
f 1558/108/456 1544/93/444 1529/77/430
f 1529/77/430 1551/101/15 1558/108/456
f 1513/57/414 1512/56/413 1535/83/436
f 1535/83/436 1530/78/431 1513/57/414
f 1512/56/413 1555/105/453 1557/107/455
f 1557/107/455 1535/83/436 1512/56/413
f 1557/107/455 1555/105/453 1531/79/432
f 1531/79/432 1515/59/416 1557/107/455
f 1561/1/360 1562/2/361 1563/3/362
f 1563/3/362 1564/4/363 1561/1/360
f 1565/5/364 1566/6/365 1567/7/366
f 1567/7/366 1568/8/367 1565/5/364
f 1569/9/368 1570/10/369 1571/11/370
f 1571/11/370 1572/12/371 1569/9/368
f 1573/13/372 1574/14/373 1575/15/15
f 1575/15/15 1576/16/374 1573/13/372
f 1577/17/375 1578/18/376 1579/19/377
f 1579/19/377 1580/20/378 1577/17/375
f 1581/21/379 1582/22/380 1583/23/381
f 1583/23/381 1584/24/382 1581/21/379
f 1585/25/459 1586/26/384 1587/27/385
f 1587/27/385 1588/28/386 1585/25/459
f 1589/29/387 1590/30/460 1591/31/461
f 1591/31/461 1592/32/390 1589/29/387
f 1593/33/391 1594/34/392 1595/35/393
f 1595/35/393 1596/36/394 1593/33/391
f 1597/37/395 1598/38/396 1599/39/397
f 1599/39/397 1600/40/398 1597/37/395
f 1601/41/399 1602/42/400 1603/43/401
f 1603/43/401 1604/44/402 1601/41/399
f 1605/45/403 1606/46/404 1607/47/405
f 1607/47/405 1608/48/406 1605/45/403
f 1609/49/407 1610/50/408 1611/51/409
f 1611/51/409 1612/52/410 1609/49/407
f 1599/39/397 1598/38/396 1613/53/374
f 1613/53/374 1614/54/411 1599/39/397
f 1602/42/400 1615/55/412 1574/14/373
f 1574/14/373 1603/43/401 1602/42/400
f 1607/47/405 1606/46/404 1616/56/413
f 1616/56/413 1617/57/414 1607/47/405
f 1610/50/408 1618/58/415 1619/59/416
f 1619/59/416 1611/51/409 1610/50/408
f 1572/60/371 1571/61/370 1620/62/417
f 1620/62/417 1621/63/418 1572/60/371
f 1600/40/398 1577/17/375 1580/20/378
f 1580/20/378 1622/64/419 1600/40/398
f 1623/65/420 1593/66/391 1565/5/364
f 1565/5/364 1568/8/367 1623/65/420
f 1608/48/406 1589/29/387 1592/32/390
f 1592/32/390 1624/67/421 1608/48/406
f 1584/24/382 1625/68/422 1604/44/402
f 1604/44/402 1581/21/379 1584/24/382
f 1580/20/378 1626/69/423 1563/3/362
f 1563/3/362 1622/64/419 1580/20/378
f 1588/28/386 1596/70/394 1612/52/410
f 1612/52/410 1585/25/459 1588/28/386
f 1592/32/390 1627/71/462 1628/72/425
f 1628/72/425 1624/67/421 1592/32/390
f 1577/17/375 1600/40/398 1599/39/397
f 1599/39/397 1629/73/426 1577/17/375
f 1581/21/379 1604/44/402 1603/43/401
f 1603/43/401 1630/74/427 1581/21/379
f 1589/29/387 1608/48/406 1607/47/405
f 1607/47/405 1631/75/428 1589/29/387
f 1585/25/459 1612/52/410 1611/51/409
f 1611/51/409 1632/76/429 1585/25/459
f 1629/73/426 1599/39/397 1614/54/411
f 1614/54/411 1633/77/430 1629/73/426
f 1630/74/427 1603/43/401 1574/14/373
f 1574/14/373 1573/13/372 1630/74/427
f 1631/75/428 1607/47/405 1617/57/414
f 1617/57/414 1634/78/431 1631/75/428
f 1632/76/429 1611/51/409 1619/59/416
f 1619/59/416 1635/79/432 1632/76/429
f 1636/80/433 1627/71/462 1637/81/434
f 1637/81/434 1638/82/463 1636/80/433
f 1634/78/431 1639/83/436 1640/84/437
f 1640/84/437 1641/85/438 1634/78/431
f 1612/52/410 1596/70/394 1595/86/393
f 1595/86/393 1609/49/407 1612/52/410
f 1601/41/399 1642/87/439 1591/31/461
f 1591/31/461 1590/30/460 1601/41/399
f 1643/88/440 1644/89/441 1594/34/392
f 1594/34/392 1645/90/442 1643/88/440
f 1590/30/460 1589/29/387 1631/75/428
f 1631/75/428 1646/91/464 1590/30/460
f 1578/18/376 1647/92/465 1610/50/408
f 1610/50/408 1609/49/407 1578/18/376
f 1631/75/428 1634/78/431 1641/85/438
f 1641/85/438 1646/91/464 1631/75/428
f 1647/92/465 1648/93/444 1618/58/415
f 1618/58/415 1610/50/408 1647/92/465
f 1638/82/463 1637/81/434 1570/10/369
f 1570/10/369 1569/9/368 1638/82/463
f 1641/85/438 1640/84/437 1649/94/445
f 1649/94/445 1615/55/412 1641/85/438
f 1609/49/407 1595/86/393 1579/19/377
f 1579/19/377 1578/18/376 1609/49/407
f 1590/30/460 1646/91/464 1602/42/400
f 1602/42/400 1601/41/399 1590/30/460
f 1646/91/464 1641/85/438 1615/55/412
f 1615/55/412 1602/42/400 1646/91/464
f 1604/44/402 1625/68/422 1642/87/439
f 1642/87/439 1601/41/399 1604/44/402
f 1650/95/446 1626/96/423 1644/89/441
f 1644/89/441 1643/88/440 1650/95/446
f 1578/18/376 1577/17/375 1629/73/426
f 1629/73/426 1647/92/465 1578/18/376
f 1629/73/426 1633/77/430 1648/93/444
f 1648/93/444 1647/92/465 1629/73/426
f 1651/97/447 1652/98/448 1562/2/361
f 1562/2/361 1561/1/360 1651/97/447
f 1587/27/385 1653/99/449 1654/100/450
f 1654/100/450 1566/6/365 1587/27/385
f 1614/54/411 1613/53/374 1655/101/15
f 1655/101/15 1633/77/430 1614/54/411
f 1600/40/398 1622/64/419 1656/102/451
f 1656/102/451 1597/37/395 1600/40/398
f 1605/45/403 1653/99/449 1587/27/385
f 1587/27/385 1586/26/384 1605/45/403
f 1582/22/380 1657/103/396 1598/38/396
f 1598/38/396 1597/37/395 1582/22/380
f 1586/26/384 1585/25/459 1632/76/429
f 1632/76/429 1658/104/452 1586/26/384
f 1657/103/396 1576/16/374 1613/53/374
f 1613/53/374 1598/38/396 1657/103/396
f 1632/76/429 1635/79/432 1659/105/453
f 1659/105/453 1658/104/452 1632/76/429
f 1618/58/415 1660/106/454 1661/107/455
f 1661/107/455 1619/59/416 1618/58/415
f 1618/58/415 1648/93/444 1662/108/456
f 1662/108/456 1660/106/454 1618/58/415
f 1613/53/374 1576/16/374 1575/15/15
f 1575/15/15 1655/101/15 1613/53/374
f 1597/37/395 1656/102/451 1583/23/381
f 1583/23/381 1582/22/380 1597/37/395
f 1586/26/384 1658/104/452 1606/46/404
f 1606/46/404 1605/45/403 1586/26/384
f 1658/104/452 1659/105/453 1616/56/413
f 1616/56/413 1606/46/404 1658/104/452
f 1660/106/454 1640/84/437 1639/83/436
f 1639/83/436 1661/107/455 1660/106/454
f 1640/84/437 1660/106/454 1662/108/456
f 1662/108/456 1649/94/445 1640/84/437
f 1651/97/447 1621/63/418 1620/62/417
f 1620/62/417 1652/98/448 1651/97/447
f 1653/99/449 1624/67/421 1628/72/425
f 1628/72/425 1654/100/450 1653/99/449
f 1608/48/406 1624/67/421 1653/99/449
f 1653/99/449 1605/45/403 1608/48/406
f 1582/22/380 1581/21/379 1630/74/427
f 1630/74/427 1657/103/396 1582/22/380
f 1630/74/427 1573/13/372 1576/16/374
f 1576/16/374 1657/103/396 1630/74/427
f 1562/2/361 1656/102/451 1622/64/419
f 1622/64/419 1563/3/362 1562/2/361
f 1588/28/386 1587/27/385 1566/6/365
f 1566/6/365 1565/5/364 1588/28/386
f 1642/109/439 1625/110/422 1571/11/370
f 1571/11/370 1570/10/369 1642/109/439
f 1623/111/420 1645/90/442 1594/34/392
f 1594/34/392 1593/33/391 1623/111/420
f 1625/68/422 1584/24/382 1620/62/417
f 1620/62/417 1571/61/370 1625/68/422
f 1596/70/394 1588/28/386 1565/5/364
f 1565/5/364 1593/66/391 1596/70/394
f 1650/112/446 1564/4/363 1563/3/362
f 1563/3/362 1626/69/423 1650/112/446
f 1636/80/433 1663/113/457 1628/72/425
f 1628/72/425 1627/71/462 1636/80/433
f 1592/32/390 1591/114/461 1637/81/434
f 1637/81/434 1627/71/462 1592/32/390
f 1579/115/377 1595/35/393 1594/34/392
f 1594/34/392 1644/89/441 1579/115/377
f 1591/114/461 1642/109/439 1570/10/369
f 1570/10/369 1637/81/434 1591/114/461
f 1580/116/378 1579/115/377 1644/89/441
f 1644/89/441 1626/96/423 1580/116/378
f 1583/23/381 1656/102/451 1562/2/361
f 1562/2/361 1652/98/448 1583/23/381
f 1664/117/458 1567/7/366 1566/6/365
f 1566/6/365 1654/100/450 1664/117/458
f 1584/24/382 1583/23/381 1652/98/448
f 1652/98/448 1620/62/417 1584/24/382
f 1663/113/457 1664/117/458 1654/100/450
f 1654/100/450 1628/72/425 1663/113/457
f 1615/55/412 1649/94/445 1575/15/15
f 1575/15/15 1574/14/373 1615/55/412
f 1649/94/445 1662/108/456 1655/101/15
f 1655/101/15 1575/15/15 1649/94/445
f 1662/108/456 1648/93/444 1633/77/430
f 1633/77/430 1655/101/15 1662/108/456
f 1617/57/414 1616/56/413 1639/83/436
f 1639/83/436 1634/78/431 1617/57/414
f 1616/56/413 1659/105/453 1661/107/455
f 1661/107/455 1639/83/436 1616/56/413
f 1661/107/455 1659/105/453 1635/79/432
f 1635/79/432 1619/59/416 1661/107/455
f 1665/1/360 1666/2/361 1667/3/362
f 1667/3/362 1668/4/363 1665/1/360
f 1669/5/364 1670/6/365 1671/7/366
f 1671/7/366 1672/8/367 1669/5/364
f 1673/9/368 1674/10/369 1675/11/370
f 1675/11/370 1676/12/371 1673/9/368
f 1677/13/372 1678/14/373 1679/15/15
f 1679/15/15 1680/16/374 1677/13/372
f 1681/17/375 1682/18/376 1683/19/377
f 1683/19/377 1684/20/378 1681/17/375
f 1685/21/379 1686/22/380 1687/23/381
f 1687/23/381 1688/24/382 1685/21/379
f 1689/25/383 1690/26/384 1691/27/385
f 1691/27/385 1692/28/386 1689/25/383
f 1693/29/387 1694/30/460 1695/31/461
f 1695/31/461 1696/32/390 1693/29/387
f 1697/33/391 1698/34/392 1699/35/393
f 1699/35/393 1700/36/394 1697/33/391
f 1701/37/395 1702/38/396 1703/39/466
f 1703/39/466 1704/40/398 1701/37/395
f 1705/41/399 1706/42/400 1707/43/401
f 1707/43/401 1708/44/402 1705/41/399
f 1709/45/403 1710/46/404 1711/47/405
f 1711/47/405 1712/48/406 1709/45/403
f 1713/49/407 1714/50/408 1715/51/409
f 1715/51/409 1716/52/410 1713/49/407
f 1703/39/466 1702/38/396 1717/53/374
f 1717/53/374 1718/54/411 1703/39/466
f 1706/42/400 1719/55/412 1678/14/373
f 1678/14/373 1707/43/401 1706/42/400
f 1711/47/405 1710/46/404 1720/56/413
f 1720/56/413 1721/57/414 1711/47/405
f 1714/50/408 1722/58/415 1723/59/416
f 1723/59/416 1715/51/409 1714/50/408
f 1676/60/371 1675/61/370 1724/62/417
f 1724/62/417 1725/63/418 1676/60/371
f 1704/40/398 1681/17/375 1684/20/378
f 1684/20/378 1726/64/419 1704/40/398
f 1727/65/420 1697/66/391 1669/5/364
f 1669/5/364 1672/8/367 1727/65/420
f 1712/48/406 1693/29/387 1696/32/390
f 1696/32/390 1728/67/467 1712/48/406
f 1688/24/382 1729/68/422 1708/44/402
f 1708/44/402 1685/21/379 1688/24/382
f 1684/20/378 1730/69/423 1667/3/362
f 1667/3/362 1726/64/419 1684/20/378
f 1692/28/386 1700/70/394 1716/52/410
f 1716/52/410 1689/25/383 1692/28/386
f 1696/32/390 1731/71/424 1732/72/425
f 1732/72/425 1728/67/467 1696/32/390
f 1681/17/375 1704/40/398 1703/39/466
f 1703/39/466 1733/73/426 1681/17/375
f 1685/21/379 1708/44/402 1707/43/401
f 1707/43/401 1734/74/427 1685/21/379
f 1693/29/387 1712/48/406 1711/47/405
f 1711/47/405 1735/75/428 1693/29/387
f 1689/25/383 1716/52/410 1715/51/409
f 1715/51/409 1736/76/429 1689/25/383
f 1733/73/426 1703/39/466 1718/54/411
f 1718/54/411 1737/77/430 1733/73/426
f 1734/74/427 1707/43/401 1678/14/373
f 1678/14/373 1677/13/372 1734/74/427
f 1735/75/428 1711/47/405 1721/57/414
f 1721/57/414 1738/78/468 1735/75/428
f 1736/76/429 1715/51/409 1723/59/416
f 1723/59/416 1739/79/432 1736/76/429
f 1740/80/433 1731/71/424 1741/81/434
f 1741/81/434 1742/82/463 1740/80/433
f 1738/78/468 1743/83/436 1744/84/437
f 1744/84/437 1745/85/438 1738/78/468
f 1716/52/410 1700/70/394 1699/86/393
f 1699/86/393 1713/49/407 1716/52/410
f 1705/41/399 1746/87/439 1695/31/461
f 1695/31/461 1694/30/460 1705/41/399
f 1747/88/440 1748/89/441 1698/34/392
f 1698/34/392 1749/90/442 1747/88/440
f 1694/30/460 1693/29/387 1735/75/428
f 1735/75/428 1750/91/400 1694/30/460
f 1682/18/376 1751/92/443 1714/50/408
f 1714/50/408 1713/49/407 1682/18/376
f 1735/75/428 1738/78/468 1745/85/438
f 1745/85/438 1750/91/400 1735/75/428
f 1751/92/443 1752/93/444 1722/58/415
f 1722/58/415 1714/50/408 1751/92/443
f 1742/82/463 1741/81/434 1674/10/369
f 1674/10/369 1673/9/368 1742/82/463
f 1745/85/438 1744/84/437 1753/94/445
f 1753/94/445 1719/55/412 1745/85/438
f 1713/49/407 1699/86/393 1683/19/377
f 1683/19/377 1682/18/376 1713/49/407
f 1694/30/460 1750/91/400 1706/42/400
f 1706/42/400 1705/41/399 1694/30/460
f 1750/91/400 1745/85/438 1719/55/412
f 1719/55/412 1706/42/400 1750/91/400
f 1708/44/402 1729/68/422 1746/87/439
f 1746/87/439 1705/41/399 1708/44/402
f 1754/95/446 1730/96/423 1748/89/441
f 1748/89/441 1747/88/440 1754/95/446
f 1682/18/376 1681/17/375 1733/73/426
f 1733/73/426 1751/92/443 1682/18/376
f 1733/73/426 1737/77/430 1752/93/444
f 1752/93/444 1751/92/443 1733/73/426
f 1755/97/447 1756/98/448 1666/2/361
f 1666/2/361 1665/1/360 1755/97/447
f 1691/27/385 1757/99/449 1758/100/450
f 1758/100/450 1670/6/365 1691/27/385
f 1718/54/411 1717/53/374 1759/101/15
f 1759/101/15 1737/77/430 1718/54/411
f 1704/40/398 1726/64/419 1760/102/451
f 1760/102/451 1701/37/395 1704/40/398
f 1709/45/403 1757/99/449 1691/27/385
f 1691/27/385 1690/26/384 1709/45/403
f 1686/22/380 1761/103/396 1702/38/396
f 1702/38/396 1701/37/395 1686/22/380
f 1690/26/384 1689/25/383 1736/76/429
f 1736/76/429 1762/104/452 1690/26/384
f 1761/103/396 1680/16/374 1717/53/374
f 1717/53/374 1702/38/396 1761/103/396
f 1736/76/429 1739/79/432 1763/105/453
f 1763/105/453 1762/104/452 1736/76/429
f 1722/58/415 1764/106/454 1765/107/455
f 1765/107/455 1723/59/416 1722/58/415
f 1722/58/415 1752/93/444 1766/108/456
f 1766/108/456 1764/106/454 1722/58/415
f 1717/53/374 1680/16/374 1679/15/15
f 1679/15/15 1759/101/15 1717/53/374
f 1701/37/395 1760/102/451 1687/23/381
f 1687/23/381 1686/22/380 1701/37/395
f 1690/26/384 1762/104/452 1710/46/404
f 1710/46/404 1709/45/403 1690/26/384
f 1762/104/452 1763/105/453 1720/56/413
f 1720/56/413 1710/46/404 1762/104/452
f 1764/106/454 1744/84/437 1743/83/436
f 1743/83/436 1765/107/455 1764/106/454
f 1744/84/437 1764/106/454 1766/108/456
f 1766/108/456 1753/94/445 1744/84/437
f 1755/97/447 1725/63/418 1724/62/417
f 1724/62/417 1756/98/448 1755/97/447
f 1757/99/449 1728/67/467 1732/72/425
f 1732/72/425 1758/100/450 1757/99/449
f 1712/48/406 1728/67/467 1757/99/449
f 1757/99/449 1709/45/403 1712/48/406
f 1686/22/380 1685/21/379 1734/74/427
f 1734/74/427 1761/103/396 1686/22/380
f 1734/74/427 1677/13/372 1680/16/374
f 1680/16/374 1761/103/396 1734/74/427
f 1666/2/361 1760/102/451 1726/64/419
f 1726/64/419 1667/3/362 1666/2/361
f 1692/28/386 1691/27/385 1670/6/365
f 1670/6/365 1669/5/364 1692/28/386
f 1746/109/439 1729/110/422 1675/11/370
f 1675/11/370 1674/10/369 1746/109/439
f 1727/111/420 1749/90/442 1698/34/392
f 1698/34/392 1697/33/391 1727/111/420
f 1729/68/422 1688/24/382 1724/62/417
f 1724/62/417 1675/61/370 1729/68/422
f 1700/70/394 1692/28/386 1669/5/364
f 1669/5/364 1697/66/391 1700/70/394
f 1754/112/446 1668/4/363 1667/3/362
f 1667/3/362 1730/69/423 1754/112/446
f 1740/80/433 1767/113/457 1732/72/425
f 1732/72/425 1731/71/424 1740/80/433
f 1696/32/390 1695/114/461 1741/81/434
f 1741/81/434 1731/71/424 1696/32/390
f 1683/115/377 1699/35/393 1698/34/392
f 1698/34/392 1748/89/441 1683/115/377
f 1695/114/461 1746/109/439 1674/10/369
f 1674/10/369 1741/81/434 1695/114/461
f 1684/116/378 1683/115/377 1748/89/441
f 1748/89/441 1730/96/423 1684/116/378
f 1687/23/381 1760/102/451 1666/2/361
f 1666/2/361 1756/98/448 1687/23/381
f 1768/117/458 1671/7/366 1670/6/365
f 1670/6/365 1758/100/450 1768/117/458
f 1688/24/382 1687/23/381 1756/98/448
f 1756/98/448 1724/62/417 1688/24/382
f 1767/113/457 1768/117/458 1758/100/450
f 1758/100/450 1732/72/425 1767/113/457
f 1719/55/412 1753/94/445 1679/15/15
f 1679/15/15 1678/14/373 1719/55/412
f 1753/94/445 1766/108/456 1759/101/15
f 1759/101/15 1679/15/15 1753/94/445
f 1766/108/456 1752/93/444 1737/77/430
f 1737/77/430 1759/101/15 1766/108/456
f 1721/57/414 1720/56/413 1743/83/436
f 1743/83/436 1738/78/468 1721/57/414
f 1720/56/413 1763/105/453 1765/107/455
f 1765/107/455 1743/83/436 1720/56/413
f 1765/107/455 1763/105/453 1739/79/432
f 1739/79/432 1723/59/416 1765/107/455
f 1769/1/360 1770/2/361 1771/3/362
f 1771/3/362 1772/4/363 1769/1/360
f 1773/5/364 1774/6/365 1775/7/366
f 1775/7/366 1776/8/367 1773/5/364
f 1777/9/368 1778/10/369 1779/11/370
f 1779/11/370 1780/12/371 1777/9/368
f 1781/13/372 1782/14/373 1783/15/15
f 1783/15/15 1784/16/374 1781/13/372
f 1785/17/375 1786/18/376 1787/19/377
f 1787/19/377 1788/20/378 1785/17/375
f 1789/21/379 1790/22/380 1791/23/381
f 1791/23/381 1792/24/382 1789/21/379
f 1793/25/383 1794/26/384 1795/27/385
f 1795/27/385 1796/28/386 1793/25/383
f 1797/29/387 1798/30/460 1799/31/461
f 1799/31/461 1800/32/390 1797/29/387
f 1801/33/391 1802/34/392 1803/35/393
f 1803/35/393 1804/36/394 1801/33/391
f 1805/37/395 1806/38/396 1807/39/397
f 1807/39/397 1808/40/398 1805/37/395
f 1809/41/399 1810/42/400 1811/43/401
f 1811/43/401 1812/44/469 1809/41/399
f 1813/45/403 1814/46/404 1815/47/405
f 1815/47/405 1816/48/406 1813/45/403
f 1817/49/407 1818/50/408 1819/51/409
f 1819/51/409 1820/52/470 1817/49/407
f 1807/39/397 1806/38/396 1821/53/374
f 1821/53/374 1822/54/411 1807/39/397
f 1810/42/400 1823/55/412 1782/14/373
f 1782/14/373 1811/43/401 1810/42/400
f 1815/47/405 1814/46/404 1824/56/413
f 1824/56/413 1825/57/414 1815/47/405
f 1818/50/408 1826/58/415 1827/59/416
f 1827/59/416 1819/51/409 1818/50/408
f 1780/60/371 1779/61/370 1828/62/471
f 1828/62/471 1829/63/418 1780/60/371
f 1808/40/398 1785/17/375 1788/20/378
f 1788/20/378 1830/64/419 1808/40/398
f 1831/65/420 1801/66/391 1773/5/364
f 1773/5/364 1776/8/367 1831/65/420
f 1816/48/406 1797/29/387 1800/32/390
f 1800/32/390 1832/67/467 1816/48/406
f 1792/24/382 1833/68/472 1812/44/469
f 1812/44/469 1789/21/379 1792/24/382
f 1788/20/378 1834/69/423 1771/3/362
f 1771/3/362 1830/64/419 1788/20/378
f 1796/28/386 1804/70/394 1820/52/470
f 1820/52/470 1793/25/383 1796/28/386
f 1800/32/390 1835/71/424 1836/72/425
f 1836/72/425 1832/67/467 1800/32/390
f 1785/17/375 1808/40/398 1807/39/397
f 1807/39/397 1837/73/426 1785/17/375
f 1789/21/379 1812/44/469 1811/43/401
f 1811/43/401 1838/74/473 1789/21/379
f 1797/29/387 1816/48/406 1815/47/405
f 1815/47/405 1839/75/428 1797/29/387
f 1793/25/383 1820/52/470 1819/51/409
f 1819/51/409 1840/76/429 1793/25/383
f 1837/73/426 1807/39/397 1822/54/411
f 1822/54/411 1841/77/430 1837/73/426
f 1838/74/473 1811/43/401 1782/14/373
f 1782/14/373 1781/13/372 1838/74/473
f 1839/75/428 1815/47/405 1825/57/414
f 1825/57/414 1842/78/431 1839/75/428
f 1840/76/429 1819/51/409 1827/59/416
f 1827/59/416 1843/79/432 1840/76/429
f 1844/80/433 1835/71/424 1845/81/434
f 1845/81/434 1846/82/463 1844/80/433
f 1842/78/431 1847/83/436 1848/84/437
f 1848/84/437 1849/85/438 1842/78/431
f 1820/52/470 1804/70/394 1803/86/393
f 1803/86/393 1817/49/407 1820/52/470
f 1809/41/399 1850/87/439 1799/31/461
f 1799/31/461 1798/30/460 1809/41/399
f 1851/88/440 1852/89/441 1802/34/392
f 1802/34/392 1853/90/442 1851/88/440
f 1798/30/460 1797/29/387 1839/75/428
f 1839/75/428 1854/91/400 1798/30/460
f 1786/18/376 1855/92/443 1818/50/408
f 1818/50/408 1817/49/407 1786/18/376
f 1839/75/428 1842/78/431 1849/85/438
f 1849/85/438 1854/91/400 1839/75/428
f 1855/92/443 1856/93/444 1826/58/415
f 1826/58/415 1818/50/408 1855/92/443
f 1846/82/463 1845/81/434 1778/10/369
f 1778/10/369 1777/9/368 1846/82/463
f 1849/85/438 1848/84/437 1857/94/445
f 1857/94/445 1823/55/412 1849/85/438
f 1817/49/407 1803/86/393 1787/19/377
f 1787/19/377 1786/18/376 1817/49/407
f 1798/30/460 1854/91/400 1810/42/400
f 1810/42/400 1809/41/399 1798/30/460
f 1854/91/400 1849/85/438 1823/55/412
f 1823/55/412 1810/42/400 1854/91/400
f 1812/44/469 1833/68/472 1850/87/439
f 1850/87/439 1809/41/399 1812/44/469
f 1858/95/446 1834/96/423 1852/89/441
f 1852/89/441 1851/88/440 1858/95/446
f 1786/18/376 1785/17/375 1837/73/426
f 1837/73/426 1855/92/443 1786/18/376
f 1837/73/426 1841/77/430 1856/93/444
f 1856/93/444 1855/92/443 1837/73/426
f 1859/97/447 1860/98/448 1770/2/361
f 1770/2/361 1769/1/360 1859/97/447
f 1795/27/385 1861/99/449 1862/100/450
f 1862/100/450 1774/6/365 1795/27/385
f 1822/54/411 1821/53/374 1863/101/15
f 1863/101/15 1841/77/430 1822/54/411
f 1808/40/398 1830/64/419 1864/102/451
f 1864/102/451 1805/37/395 1808/40/398
f 1813/45/403 1861/99/449 1795/27/385
f 1795/27/385 1794/26/384 1813/45/403
f 1790/22/380 1865/103/396 1806/38/396
f 1806/38/396 1805/37/395 1790/22/380
f 1794/26/384 1793/25/383 1840/76/429
f 1840/76/429 1866/104/452 1794/26/384
f 1865/103/396 1784/16/374 1821/53/374
f 1821/53/374 1806/38/396 1865/103/396
f 1840/76/429 1843/79/432 1867/105/453
f 1867/105/453 1866/104/452 1840/76/429
f 1826/58/415 1868/106/454 1869/107/455
f 1869/107/455 1827/59/416 1826/58/415
f 1826/58/415 1856/93/444 1870/108/456
f 1870/108/456 1868/106/454 1826/58/415
f 1821/53/374 1784/16/374 1783/15/15
f 1783/15/15 1863/101/15 1821/53/374
f 1805/37/395 1864/102/451 1791/23/381
f 1791/23/381 1790/22/380 1805/37/395
f 1794/26/384 1866/104/452 1814/46/404
f 1814/46/404 1813/45/403 1794/26/384
f 1866/104/452 1867/105/453 1824/56/413
f 1824/56/413 1814/46/404 1866/104/452
f 1868/106/454 1848/84/437 1847/83/436
f 1847/83/436 1869/107/455 1868/106/454
f 1848/84/437 1868/106/454 1870/108/456
f 1870/108/456 1857/94/445 1848/84/437
f 1859/97/447 1829/63/418 1828/62/471
f 1828/62/471 1860/98/448 1859/97/447
f 1861/99/449 1832/67/467 1836/72/425
f 1836/72/425 1862/100/450 1861/99/449
f 1816/48/406 1832/67/467 1861/99/449
f 1861/99/449 1813/45/403 1816/48/406
f 1790/22/380 1789/21/379 1838/74/473
f 1838/74/473 1865/103/396 1790/22/380
f 1838/74/473 1781/13/372 1784/16/374
f 1784/16/374 1865/103/396 1838/74/473
f 1770/2/361 1864/102/451 1830/64/419
f 1830/64/419 1771/3/362 1770/2/361
f 1796/28/386 1795/27/385 1774/6/365
f 1774/6/365 1773/5/364 1796/28/386
f 1850/109/439 1833/110/472 1779/11/370
f 1779/11/370 1778/10/369 1850/109/439
f 1831/111/420 1853/90/442 1802/34/392
f 1802/34/392 1801/33/391 1831/111/420
f 1833/68/472 1792/24/382 1828/62/471
f 1828/62/471 1779/61/370 1833/68/472
f 1804/70/394 1796/28/386 1773/5/364
f 1773/5/364 1801/66/391 1804/70/394
f 1858/112/446 1772/4/363 1771/3/362
f 1771/3/362 1834/69/423 1858/112/446
f 1844/80/433 1871/113/457 1836/72/425
f 1836/72/425 1835/71/424 1844/80/433
f 1800/32/390 1799/114/461 1845/81/434
f 1845/81/434 1835/71/424 1800/32/390
f 1787/115/377 1803/35/393 1802/34/392
f 1802/34/392 1852/89/441 1787/115/377
f 1799/114/461 1850/109/439 1778/10/369
f 1778/10/369 1845/81/434 1799/114/461
f 1788/116/378 1787/115/377 1852/89/441
f 1852/89/441 1834/96/423 1788/116/378
f 1791/23/381 1864/102/451 1770/2/361
f 1770/2/361 1860/98/448 1791/23/381
f 1872/117/458 1775/7/366 1774/6/365
f 1774/6/365 1862/100/450 1872/117/458
f 1792/24/382 1791/23/381 1860/98/448
f 1860/98/448 1828/62/471 1792/24/382
f 1871/113/457 1872/117/458 1862/100/450
f 1862/100/450 1836/72/425 1871/113/457
f 1823/55/412 1857/94/445 1783/15/15
f 1783/15/15 1782/14/373 1823/55/412
f 1857/94/445 1870/108/456 1863/101/15
f 1863/101/15 1783/15/15 1857/94/445
f 1870/108/456 1856/93/444 1841/77/430
f 1841/77/430 1863/101/15 1870/108/456
f 1825/57/414 1824/56/413 1847/83/436
f 1847/83/436 1842/78/431 1825/57/414
f 1824/56/413 1867/105/453 1869/107/455
f 1869/107/455 1847/83/436 1824/56/413
f 1869/107/455 1867/105/453 1843/79/432
f 1843/79/432 1827/59/416 1869/107/455
f 1873/1/360 1874/2/361 1875/3/362
f 1875/3/362 1876/4/363 1873/1/360
f 1877/5/364 1878/6/365 1879/7/366
f 1879/7/366 1880/8/474 1877/5/364
f 1881/9/368 1882/10/369 1883/11/370
f 1883/11/370 1884/12/475 1881/9/368
f 1885/13/372 1886/14/373 1887/15/15
f 1887/15/15 1888/16/374 1885/13/372
f 1889/17/375 1890/18/376 1891/19/377
f 1891/19/377 1892/20/378 1889/17/375
f 1893/21/379 1894/22/380 1895/23/381
f 1895/23/381 1896/24/382 1893/21/379
f 1897/25/383 1898/26/476 1899/27/385
f 1899/27/385 1900/28/386 1897/25/383
f 1901/29/477 1902/30/388 1903/31/389
f 1903/31/389 1904/32/390 1901/29/477
f 1905/33/391 1906/34/392 1907/35/393
f 1907/35/393 1908/36/394 1905/33/391
f 1909/37/395 1910/38/396 1911/39/466
f 1911/39/466 1912/40/398 1909/37/395
f 1913/41/399 1914/42/400 1915/43/401
f 1915/43/401 1916/44/402 1913/41/399
f 1917/45/403 1918/46/404 1919/47/405
f 1919/47/405 1920/48/406 1917/45/403
f 1921/49/478 1922/50/408 1923/51/409
f 1923/51/409 1924/52/470 1921/49/478
f 1911/39/466 1910/38/396 1925/53/374
f 1925/53/374 1926/54/411 1911/39/466
f 1914/42/400 1927/55/412 1886/14/373
f 1886/14/373 1915/43/401 1914/42/400
f 1919/47/405 1918/46/404 1928/56/413
f 1928/56/413 1929/57/414 1919/47/405
f 1922/50/408 1930/58/415 1931/59/416
f 1931/59/416 1923/51/409 1922/50/408
f 1884/60/475 1883/61/370 1932/62/417
f 1932/62/417 1933/63/418 1884/60/475
f 1912/40/398 1889/17/375 1892/20/378
f 1892/20/378 1934/64/419 1912/40/398
f 1935/65/420 1905/66/391 1877/5/364
f 1877/5/364 1880/8/474 1935/65/420
f 1920/48/406 1901/29/477 1904/32/390
f 1904/32/390 1936/67/467 1920/48/406
f 1896/24/382 1937/68/422 1916/44/402
f 1916/44/402 1893/21/379 1896/24/382
f 1892/20/378 1938/69/479 1875/3/362
f 1875/3/362 1934/64/419 1892/20/378
f 1900/28/386 1908/70/394 1924/52/470
f 1924/52/470 1897/25/383 1900/28/386
f 1904/32/390 1939/71/462 1940/72/425
f 1940/72/425 1936/67/467 1904/32/390
f 1889/17/375 1912/40/398 1911/39/466
f 1911/39/466 1941/73/426 1889/17/375
f 1893/21/379 1916/44/402 1915/43/401
f 1915/43/401 1942/74/427 1893/21/379
f 1901/29/477 1920/48/406 1919/47/405
f 1919/47/405 1943/75/428 1901/29/477
f 1897/25/383 1924/52/470 1923/51/409
f 1923/51/409 1944/76/429 1897/25/383
f 1941/73/426 1911/39/466 1926/54/411
f 1926/54/411 1945/77/430 1941/73/426
f 1942/74/427 1915/43/401 1886/14/373
f 1886/14/373 1885/13/372 1942/74/427
f 1943/75/428 1919/47/405 1929/57/414
f 1929/57/414 1946/78/468 1943/75/428
f 1944/76/429 1923/51/409 1931/59/416
f 1931/59/416 1947/79/432 1944/76/429
f 1948/80/433 1939/71/462 1949/81/434
f 1949/81/434 1950/82/463 1948/80/433
f 1946/78/468 1951/83/436 1952/84/437
f 1952/84/437 1953/85/438 1946/78/468
f 1924/52/470 1908/70/394 1907/86/393
f 1907/86/393 1921/49/478 1924/52/470
f 1913/41/399 1954/87/439 1903/31/389
f 1903/31/389 1902/30/388 1913/41/399
f 1955/88/440 1956/89/441 1906/34/392
f 1906/34/392 1957/90/442 1955/88/440
f 1902/30/388 1901/29/477 1943/75/428
f 1943/75/428 1958/91/400 1902/30/388
f 1890/18/376 1959/92/443 1922/50/408
f 1922/50/408 1921/49/478 1890/18/376
f 1943/75/428 1946/78/468 1953/85/438
f 1953/85/438 1958/91/400 1943/75/428
f 1959/92/443 1960/93/444 1930/58/415
f 1930/58/415 1922/50/408 1959/92/443
f 1950/82/463 1949/81/434 1882/10/369
f 1882/10/369 1881/9/368 1950/82/463
f 1953/85/438 1952/84/437 1961/94/445
f 1961/94/445 1927/55/412 1953/85/438
f 1921/49/478 1907/86/393 1891/19/377
f 1891/19/377 1890/18/376 1921/49/478
f 1902/30/388 1958/91/400 1914/42/400
f 1914/42/400 1913/41/399 1902/30/388
f 1958/91/400 1953/85/438 1927/55/412
f 1927/55/412 1914/42/400 1958/91/400
f 1916/44/402 1937/68/422 1954/87/439
f 1954/87/439 1913/41/399 1916/44/402
f 1962/95/446 1938/96/479 1956/89/441
f 1956/89/441 1955/88/440 1962/95/446
f 1890/18/376 1889/17/375 1941/73/426
f 1941/73/426 1959/92/443 1890/18/376
f 1941/73/426 1945/77/430 1960/93/444
f 1960/93/444 1959/92/443 1941/73/426
f 1963/97/447 1964/98/448 1874/2/361
f 1874/2/361 1873/1/360 1963/97/447
f 1899/27/385 1965/99/449 1966/100/450
f 1966/100/450 1878/6/365 1899/27/385
f 1926/54/411 1925/53/374 1967/101/15
f 1967/101/15 1945/77/430 1926/54/411
f 1912/40/398 1934/64/419 1968/102/451
f 1968/102/451 1909/37/395 1912/40/398
f 1917/45/403 1965/99/449 1899/27/385
f 1899/27/385 1898/26/476 1917/45/403
f 1894/22/380 1969/103/396 1910/38/396
f 1910/38/396 1909/37/395 1894/22/380
f 1898/26/476 1897/25/383 1944/76/429
f 1944/76/429 1970/104/452 1898/26/476
f 1969/103/396 1888/16/374 1925/53/374
f 1925/53/374 1910/38/396 1969/103/396
f 1944/76/429 1947/79/432 1971/105/453
f 1971/105/453 1970/104/452 1944/76/429
f 1930/58/415 1972/106/454 1973/107/455
f 1973/107/455 1931/59/416 1930/58/415
f 1930/58/415 1960/93/444 1974/108/456
f 1974/108/456 1972/106/454 1930/58/415
f 1925/53/374 1888/16/374 1887/15/15
f 1887/15/15 1967/101/15 1925/53/374
f 1909/37/395 1968/102/451 1895/23/381
f 1895/23/381 1894/22/380 1909/37/395
f 1898/26/476 1970/104/452 1918/46/404
f 1918/46/404 1917/45/403 1898/26/476
f 1970/104/452 1971/105/453 1928/56/413
f 1928/56/413 1918/46/404 1970/104/452
f 1972/106/454 1952/84/437 1951/83/436
f 1951/83/436 1973/107/455 1972/106/454
f 1952/84/437 1972/106/454 1974/108/456
f 1974/108/456 1961/94/445 1952/84/437
f 1963/97/447 1933/63/418 1932/62/417
f 1932/62/417 1964/98/448 1963/97/447
f 1965/99/449 1936/67/467 1940/72/425
f 1940/72/425 1966/100/450 1965/99/449
f 1920/48/406 1936/67/467 1965/99/449
f 1965/99/449 1917/45/403 1920/48/406
f 1894/22/380 1893/21/379 1942/74/427
f 1942/74/427 1969/103/396 1894/22/380
f 1942/74/427 1885/13/372 1888/16/374
f 1888/16/374 1969/103/396 1942/74/427
f 1874/2/361 1968/102/451 1934/64/419
f 1934/64/419 1875/3/362 1874/2/361
f 1900/28/386 1899/27/385 1878/6/365
f 1878/6/365 1877/5/364 1900/28/386
f 1954/109/439 1937/110/422 1883/11/370
f 1883/11/370 1882/10/369 1954/109/439
f 1935/111/420 1957/90/442 1906/34/392
f 1906/34/392 1905/33/391 1935/111/420
f 1937/68/422 1896/24/382 1932/62/417
f 1932/62/417 1883/61/370 1937/68/422
f 1908/70/394 1900/28/386 1877/5/364
f 1877/5/364 1905/66/391 1908/70/394
f 1962/112/446 1876/4/363 1875/3/362
f 1875/3/362 1938/69/479 1962/112/446
f 1948/80/433 1975/113/457 1940/72/425
f 1940/72/425 1939/71/462 1948/80/433
f 1904/32/390 1903/114/389 1949/81/434
f 1949/81/434 1939/71/462 1904/32/390
f 1891/115/377 1907/35/393 1906/34/392
f 1906/34/392 1956/89/441 1891/115/377
f 1903/114/389 1954/109/439 1882/10/369
f 1882/10/369 1949/81/434 1903/114/389
f 1892/116/378 1891/115/377 1956/89/441
f 1956/89/441 1938/96/479 1892/116/378
f 1895/23/381 1968/102/451 1874/2/361
f 1874/2/361 1964/98/448 1895/23/381
f 1976/117/458 1879/7/366 1878/6/365
f 1878/6/365 1966/100/450 1976/117/458
f 1896/24/382 1895/23/381 1964/98/448
f 1964/98/448 1932/62/417 1896/24/382
f 1975/113/457 1976/117/458 1966/100/450
f 1966/100/450 1940/72/425 1975/113/457
f 1927/55/412 1961/94/445 1887/15/15
f 1887/15/15 1886/14/373 1927/55/412
f 1961/94/445 1974/108/456 1967/101/15
f 1967/101/15 1887/15/15 1961/94/445
f 1974/108/456 1960/93/444 1945/77/430
f 1945/77/430 1967/101/15 1974/108/456
f 1929/57/414 1928/56/413 1951/83/436
f 1951/83/436 1946/78/468 1929/57/414
f 1928/56/413 1971/105/453 1973/107/455
f 1973/107/455 1951/83/436 1928/56/413
f 1973/107/455 1971/105/453 1947/79/432
f 1947/79/432 1931/59/416 1973/107/455
f 1977/1/360 1978/2/361 1979/3/362
f 1979/3/362 1980/4/363 1977/1/360
f 1981/5/364 1982/6/365 1983/7/366
f 1983/7/366 1984/8/474 1981/5/364
f 1985/9/368 1986/10/369 1987/11/370
f 1987/11/370 1988/12/475 1985/9/368
f 1989/13/372 1990/14/373 1991/15/15
f 1991/15/15 1992/16/374 1989/13/372
f 1993/17/375 1994/18/376 1995/19/377
f 1995/19/377 1996/20/378 1993/17/375
f 1997/21/379 1998/22/380 1999/23/381
f 1999/23/381 2000/24/382 1997/21/379
f 2001/25/383 2002/26/476 2003/27/385
f 2003/27/385 2004/28/386 2001/25/383
f 2005/29/477 2006/30/388 2007/31/389
f 2007/31/389 2008/32/390 2005/29/477
f 2009/33/391 2010/34/392 2011/35/393
f 2011/35/393 2012/36/394 2009/33/391
f 2013/37/395 2014/38/480 2015/39/466
f 2015/39/466 2016/40/398 2013/37/395
f 2017/41/399 2018/42/400 2019/43/401
f 2019/43/401 2020/44/402 2017/41/399
f 2021/45/403 2022/46/404 2023/47/405
f 2023/47/405 2024/48/406 2021/45/403
f 2025/49/478 2026/50/408 2027/51/409
f 2027/51/409 2028/52/470 2025/49/478
f 2015/39/466 2014/38/480 2029/53/374
f 2029/53/374 2030/54/411 2015/39/466
f 2018/42/400 2031/55/412 1990/14/373
f 1990/14/373 2019/43/401 2018/42/400
f 2023/47/405 2022/46/404 2032/56/413
f 2032/56/413 2033/57/414 2023/47/405
f 2026/50/408 2034/58/415 2035/59/416
f 2035/59/416 2027/51/409 2026/50/408
f 1988/60/475 1987/61/370 2036/62/417
f 2036/62/417 2037/63/418 1988/60/475
f 2016/40/398 1993/17/375 1996/20/378
f 1996/20/378 2038/64/419 2016/40/398
f 2039/65/420 2009/66/391 1981/5/364
f 1981/5/364 1984/8/474 2039/65/420
f 2024/48/406 2005/29/477 2008/32/390
f 2008/32/390 2040/67/467 2024/48/406
f 2000/24/382 2041/68/422 2020/44/402
f 2020/44/402 1997/21/379 2000/24/382
f 1996/20/378 2042/69/479 1979/3/362
f 1979/3/362 2038/64/419 1996/20/378
f 2004/28/386 2012/70/394 2028/52/470
f 2028/52/470 2001/25/383 2004/28/386
f 2008/32/390 2043/71/462 2044/72/425
f 2044/72/425 2040/67/467 2008/32/390
f 1993/17/375 2016/40/398 2015/39/466
f 2015/39/466 2045/73/426 1993/17/375
f 1997/21/379 2020/44/402 2019/43/401
f 2019/43/401 2046/74/427 1997/21/379
f 2005/29/477 2024/48/406 2023/47/405
f 2023/47/405 2047/75/428 2005/29/477
f 2001/25/383 2028/52/470 2027/51/409
f 2027/51/409 2048/76/429 2001/25/383
f 2045/73/426 2015/39/466 2030/54/411
f 2030/54/411 2049/77/430 2045/73/426
f 2046/74/427 2019/43/401 1990/14/373
f 1990/14/373 1989/13/372 2046/74/427
f 2047/75/428 2023/47/405 2033/57/414
f 2033/57/414 2050/78/431 2047/75/428
f 2048/76/429 2027/51/409 2035/59/416
f 2035/59/416 2051/79/432 2048/76/429
f 2052/80/433 2043/71/462 2053/81/434
f 2053/81/434 2054/82/463 2052/80/433
f 2050/78/431 2055/83/436 2056/84/437
f 2056/84/437 2057/85/438 2050/78/431
f 2028/52/470 2012/70/394 2011/86/393
f 2011/86/393 2025/49/478 2028/52/470
f 2017/41/399 2058/87/439 2007/31/389
f 2007/31/389 2006/30/388 2017/41/399
f 2059/88/440 2060/89/441 2010/34/392
f 2010/34/392 2061/90/442 2059/88/440
f 2006/30/388 2005/29/477 2047/75/428
f 2047/75/428 2062/91/400 2006/30/388
f 1994/18/376 2063/92/443 2026/50/408
f 2026/50/408 2025/49/478 1994/18/376
f 2047/75/428 2050/78/431 2057/85/438
f 2057/85/438 2062/91/400 2047/75/428
f 2063/92/443 2064/93/444 2034/58/415
f 2034/58/415 2026/50/408 2063/92/443
f 2054/82/463 2053/81/434 1986/10/369
f 1986/10/369 1985/9/368 2054/82/463
f 2057/85/438 2056/84/437 2065/94/445
f 2065/94/445 2031/55/412 2057/85/438
f 2025/49/478 2011/86/393 1995/19/377
f 1995/19/377 1994/18/376 2025/49/478
f 2006/30/388 2062/91/400 2018/42/400
f 2018/42/400 2017/41/399 2006/30/388
f 2062/91/400 2057/85/438 2031/55/412
f 2031/55/412 2018/42/400 2062/91/400
f 2020/44/402 2041/68/422 2058/87/439
f 2058/87/439 2017/41/399 2020/44/402
f 2066/95/446 2042/96/479 2060/89/441
f 2060/89/441 2059/88/440 2066/95/446
f 1994/18/376 1993/17/375 2045/73/426
f 2045/73/426 2063/92/443 1994/18/376
f 2045/73/426 2049/77/430 2064/93/444
f 2064/93/444 2063/92/443 2045/73/426
f 2067/97/447 2068/98/448 1978/2/361
f 1978/2/361 1977/1/360 2067/97/447
f 2003/27/385 2069/99/449 2070/100/450
f 2070/100/450 1982/6/365 2003/27/385
f 2030/54/411 2029/53/374 2071/101/15
f 2071/101/15 2049/77/430 2030/54/411
f 2016/40/398 2038/64/419 2072/102/451
f 2072/102/451 2013/37/395 2016/40/398
f 2021/45/403 2069/99/449 2003/27/385
f 2003/27/385 2002/26/476 2021/45/403
f 1998/22/380 2073/103/396 2014/38/480
f 2014/38/480 2013/37/395 1998/22/380
f 2002/26/476 2001/25/383 2048/76/429
f 2048/76/429 2074/104/452 2002/26/476
f 2073/103/396 1992/16/374 2029/53/374
f 2029/53/374 2014/38/480 2073/103/396
f 2048/76/429 2051/79/432 2075/105/453
f 2075/105/453 2074/104/452 2048/76/429
f 2034/58/415 2076/106/454 2077/107/455
f 2077/107/455 2035/59/416 2034/58/415
f 2034/58/415 2064/93/444 2078/108/456
f 2078/108/456 2076/106/454 2034/58/415
f 2029/53/374 1992/16/374 1991/15/15
f 1991/15/15 2071/101/15 2029/53/374
f 2013/37/395 2072/102/451 1999/23/381
f 1999/23/381 1998/22/380 2013/37/395
f 2002/26/476 2074/104/452 2022/46/404
f 2022/46/404 2021/45/403 2002/26/476
f 2074/104/452 2075/105/453 2032/56/413
f 2032/56/413 2022/46/404 2074/104/452
f 2076/106/454 2056/84/437 2055/83/436
f 2055/83/436 2077/107/455 2076/106/454
f 2056/84/437 2076/106/454 2078/108/456
f 2078/108/456 2065/94/445 2056/84/437
f 2067/97/447 2037/63/418 2036/62/417
f 2036/62/417 2068/98/448 2067/97/447
f 2069/99/449 2040/67/467 2044/72/425
f 2044/72/425 2070/100/450 2069/99/449
f 2024/48/406 2040/67/467 2069/99/449
f 2069/99/449 2021/45/403 2024/48/406
f 1998/22/380 1997/21/379 2046/74/427
f 2046/74/427 2073/103/396 1998/22/380
f 2046/74/427 1989/13/372 1992/16/374
f 1992/16/374 2073/103/396 2046/74/427
f 1978/2/361 2072/102/451 2038/64/419
f 2038/64/419 1979/3/362 1978/2/361
f 2004/28/386 2003/27/385 1982/6/365
f 1982/6/365 1981/5/364 2004/28/386
f 2058/109/439 2041/110/422 1987/11/370
f 1987/11/370 1986/10/369 2058/109/439
f 2039/111/420 2061/90/442 2010/34/392
f 2010/34/392 2009/33/391 2039/111/420
f 2041/68/422 2000/24/382 2036/62/417
f 2036/62/417 1987/61/370 2041/68/422
f 2012/70/394 2004/28/386 1981/5/364
f 1981/5/364 2009/66/391 2012/70/394
f 2066/112/446 1980/4/363 1979/3/362
f 1979/3/362 2042/69/479 2066/112/446
f 2052/80/433 2079/113/457 2044/72/425
f 2044/72/425 2043/71/462 2052/80/433
f 2008/32/390 2007/114/389 2053/81/434
f 2053/81/434 2043/71/462 2008/32/390
f 1995/115/377 2011/35/393 2010/34/392
f 2010/34/392 2060/89/441 1995/115/377
f 2007/114/389 2058/109/439 1986/10/369
f 1986/10/369 2053/81/434 2007/114/389
f 1996/116/378 1995/115/377 2060/89/441
f 2060/89/441 2042/96/479 1996/116/378
f 1999/23/381 2072/102/451 1978/2/361
f 1978/2/361 2068/98/448 1999/23/381
f 2080/117/458 1983/7/366 1982/6/365
f 1982/6/365 2070/100/450 2080/117/458
f 2000/24/382 1999/23/381 2068/98/448
f 2068/98/448 2036/62/417 2000/24/382
f 2079/113/457 2080/117/458 2070/100/450
f 2070/100/450 2044/72/425 2079/113/457
f 2031/55/412 2065/94/445 1991/15/15
f 1991/15/15 1990/14/373 2031/55/412
f 2065/94/445 2078/108/456 2071/101/15
f 2071/101/15 1991/15/15 2065/94/445
f 2078/108/456 2064/93/444 2049/77/430
f 2049/77/430 2071/101/15 2078/108/456
f 2033/57/414 2032/56/413 2055/83/436
f 2055/83/436 2050/78/431 2033/57/414
f 2032/56/413 2075/105/453 2077/107/455
f 2077/107/455 2055/83/436 2032/56/413
f 2077/107/455 2075/105/453 2051/79/432
f 2051/79/432 2035/59/416 2077/107/455
f 2081/1/360 2082/2/361 2083/3/362
f 2083/3/362 2084/4/363 2081/1/360
f 2085/5/364 2086/6/365 2087/7/366
f 2087/7/366 2088/8/367 2085/5/364
f 2089/9/368 2090/10/369 2091/11/370
f 2091/11/370 2092/12/371 2089/9/368
f 2093/13/481 2094/14/373 2095/15/15
f 2095/15/15 2096/16/374 2093/13/481
f 2097/17/375 2098/18/376 2099/19/377
f 2099/19/377 2100/20/378 2097/17/375
f 2101/21/379 2102/22/380 2103/23/381
f 2103/23/381 2104/24/382 2101/21/379
f 2105/25/383 2106/26/384 2107/27/385
f 2107/27/385 2108/28/386 2105/25/383
f 2109/29/477 2110/30/388 2111/31/389
f 2111/31/389 2112/32/482 2109/29/477
f 2113/33/391 2114/34/392 2115/35/393
f 2115/35/393 2116/36/394 2113/33/391
f 2117/37/395 2118/38/480 2119/39/397
f 2119/39/397 2120/40/398 2117/37/395
f 2121/41/399 2122/42/400 2123/43/401
f 2123/43/401 2124/44/402 2121/41/399
f 2125/45/403 2126/46/404 2127/47/483
f 2127/47/483 2128/48/406 2125/45/403
f 2129/49/407 2130/50/408 2131/51/409
f 2131/51/409 2132/52/410 2129/49/407
f 2119/39/397 2118/38/480 2133/53/374
f 2133/53/374 2134/54/411 2119/39/397
f 2122/42/400 2135/55/412 2094/14/373
f 2094/14/373 2123/43/401 2122/42/400
f 2127/47/483 2126/46/404 2136/56/413
f 2136/56/413 2137/57/414 2127/47/483
f 2130/50/408 2138/58/415 2139/59/416
f 2139/59/416 2131/51/409 2130/50/408
f 2092/60/371 2091/61/370 2140/62/417
f 2140/62/417 2141/63/418 2092/60/371
f 2120/40/398 2097/17/375 2100/20/378
f 2100/20/378 2142/64/419 2120/40/398
f 2143/65/420 2113/66/391 2085/5/364
f 2085/5/364 2088/8/367 2143/65/420
f 2128/48/406 2109/29/477 2112/32/482
f 2112/32/482 2144/67/421 2128/48/406
f 2104/24/382 2145/68/422 2124/44/402
f 2124/44/402 2101/21/379 2104/24/382
f 2100/20/378 2146/69/479 2083/3/362
f 2083/3/362 2142/64/419 2100/20/378
f 2108/28/386 2116/70/394 2132/52/410
f 2132/52/410 2105/25/383 2108/28/386
f 2112/32/482 2147/71/462 2148/72/425
f 2148/72/425 2144/67/421 2112/32/482
f 2097/17/375 2120/40/398 2119/39/397
f 2119/39/397 2149/73/426 2097/17/375
f 2101/21/379 2124/44/402 2123/43/401
f 2123/43/401 2150/74/427 2101/21/379
f 2109/29/477 2128/48/406 2127/47/483
f 2127/47/483 2151/75/428 2109/29/477
f 2105/25/383 2132/52/410 2131/51/409
f 2131/51/409 2152/76/429 2105/25/383
f 2149/73/426 2119/39/397 2134/54/411
f 2134/54/411 2153/77/430 2149/73/426
f 2150/74/427 2123/43/401 2094/14/373
f 2094/14/373 2093/13/481 2150/74/427
f 2151/75/428 2127/47/483 2137/57/414
f 2137/57/414 2154/78/431 2151/75/428
f 2152/76/429 2131/51/409 2139/59/416
f 2139/59/416 2155/79/432 2152/76/429
f 2156/80/433 2147/71/462 2157/81/434
f 2157/81/434 2158/82/435 2156/80/433
f 2154/78/431 2159/83/436 2160/84/437
f 2160/84/437 2161/85/438 2154/78/431
f 2132/52/410 2116/70/394 2115/86/393
f 2115/86/393 2129/49/407 2132/52/410
f 2121/41/399 2162/87/439 2111/31/389
f 2111/31/389 2110/30/388 2121/41/399
f 2163/88/440 2164/89/441 2114/34/392
f 2114/34/392 2165/90/442 2163/88/440
f 2110/30/388 2109/29/477 2151/75/428
f 2151/75/428 2166/91/464 2110/30/388
f 2098/18/376 2167/92/465 2130/50/408
f 2130/50/408 2129/49/407 2098/18/376
f 2151/75/428 2154/78/431 2161/85/438
f 2161/85/438 2166/91/464 2151/75/428
f 2167/92/465 2168/93/444 2138/58/415
f 2138/58/415 2130/50/408 2167/92/465
f 2158/82/435 2157/81/434 2090/10/369
f 2090/10/369 2089/9/368 2158/82/435
f 2161/85/438 2160/84/437 2169/94/445
f 2169/94/445 2135/55/412 2161/85/438
f 2129/49/407 2115/86/393 2099/19/377
f 2099/19/377 2098/18/376 2129/49/407
f 2110/30/388 2166/91/464 2122/42/400
f 2122/42/400 2121/41/399 2110/30/388
f 2166/91/464 2161/85/438 2135/55/412
f 2135/55/412 2122/42/400 2166/91/464
f 2124/44/402 2145/68/422 2162/87/439
f 2162/87/439 2121/41/399 2124/44/402
f 2170/95/446 2146/96/479 2164/89/441
f 2164/89/441 2163/88/440 2170/95/446
f 2098/18/376 2097/17/375 2149/73/426
f 2149/73/426 2167/92/465 2098/18/376
f 2149/73/426 2153/77/430 2168/93/444
f 2168/93/444 2167/92/465 2149/73/426
f 2171/97/447 2172/98/448 2082/2/361
f 2082/2/361 2081/1/360 2171/97/447
f 2107/27/385 2173/99/449 2174/100/450
f 2174/100/450 2086/6/365 2107/27/385
f 2134/54/411 2133/53/374 2175/101/15
f 2175/101/15 2153/77/430 2134/54/411
f 2120/40/398 2142/64/419 2176/102/451
f 2176/102/451 2117/37/395 2120/40/398
f 2125/45/403 2173/99/449 2107/27/385
f 2107/27/385 2106/26/384 2125/45/403
f 2102/22/380 2177/103/396 2118/38/480
f 2118/38/480 2117/37/395 2102/22/380
f 2106/26/384 2105/25/383 2152/76/429
f 2152/76/429 2178/104/452 2106/26/384
f 2177/103/396 2096/16/374 2133/53/374
f 2133/53/374 2118/38/480 2177/103/396
f 2152/76/429 2155/79/432 2179/105/453
f 2179/105/453 2178/104/452 2152/76/429
f 2138/58/415 2180/106/454 2181/107/455
f 2181/107/455 2139/59/416 2138/58/415
f 2138/58/415 2168/93/444 2182/108/456
f 2182/108/456 2180/106/454 2138/58/415
f 2133/53/374 2096/16/374 2095/15/15
f 2095/15/15 2175/101/15 2133/53/374
f 2117/37/395 2176/102/451 2103/23/381
f 2103/23/381 2102/22/380 2117/37/395
f 2106/26/384 2178/104/452 2126/46/404
f 2126/46/404 2125/45/403 2106/26/384
f 2178/104/452 2179/105/453 2136/56/413
f 2136/56/413 2126/46/404 2178/104/452
f 2180/106/454 2160/84/437 2159/83/436
f 2159/83/436 2181/107/455 2180/106/454
f 2160/84/437 2180/106/454 2182/108/456
f 2182/108/456 2169/94/445 2160/84/437
f 2171/97/447 2141/63/418 2140/62/417
f 2140/62/417 2172/98/448 2171/97/447
f 2173/99/449 2144/67/421 2148/72/425
f 2148/72/425 2174/100/450 2173/99/449
f 2128/48/406 2144/67/421 2173/99/449
f 2173/99/449 2125/45/403 2128/48/406
f 2102/22/380 2101/21/379 2150/74/427
f 2150/74/427 2177/103/396 2102/22/380
f 2150/74/427 2093/13/481 2096/16/374
f 2096/16/374 2177/103/396 2150/74/427
f 2082/2/361 2176/102/451 2142/64/419
f 2142/64/419 2083/3/362 2082/2/361
f 2108/28/386 2107/27/385 2086/6/365
f 2086/6/365 2085/5/364 2108/28/386
f 2162/109/439 2145/110/422 2091/11/370
f 2091/11/370 2090/10/369 2162/109/439
f 2143/111/420 2165/90/442 2114/34/392
f 2114/34/392 2113/33/391 2143/111/420
f 2145/68/422 2104/24/382 2140/62/417
f 2140/62/417 2091/61/370 2145/68/422
f 2116/70/394 2108/28/386 2085/5/364
f 2085/5/364 2113/66/391 2116/70/394
f 2170/112/446 2084/4/363 2083/3/362
f 2083/3/362 2146/69/479 2170/112/446
f 2156/80/433 2183/113/457 2148/72/425
f 2148/72/425 2147/71/462 2156/80/433
f 2112/32/482 2111/114/389 2157/81/434
f 2157/81/434 2147/71/462 2112/32/482
f 2099/115/377 2115/35/393 2114/34/392
f 2114/34/392 2164/89/441 2099/115/377
f 2111/114/389 2162/109/439 2090/10/369
f 2090/10/369 2157/81/434 2111/114/389
f 2100/116/378 2099/115/377 2164/89/441
f 2164/89/441 2146/96/479 2100/116/378
f 2103/23/381 2176/102/451 2082/2/361
f 2082/2/361 2172/98/448 2103/23/381
f 2184/117/458 2087/7/366 2086/6/365
f 2086/6/365 2174/100/450 2184/117/458
f 2104/24/382 2103/23/381 2172/98/448
f 2172/98/448 2140/62/417 2104/24/382
f 2183/113/457 2184/117/458 2174/100/450
f 2174/100/450 2148/72/425 2183/113/457
f 2135/55/412 2169/94/445 2095/15/15
f 2095/15/15 2094/14/373 2135/55/412
f 2169/94/445 2182/108/456 2175/101/15
f 2175/101/15 2095/15/15 2169/94/445
f 2182/108/456 2168/93/444 2153/77/430
f 2153/77/430 2175/101/15 2182/108/456
f 2137/57/414 2136/56/413 2159/83/436
f 2159/83/436 2154/78/431 2137/57/414
f 2136/56/413 2179/105/453 2181/107/455
f 2181/107/455 2159/83/436 2136/56/413
f 2181/107/455 2179/105/453 2155/79/432
f 2155/79/432 2139/59/416 2181/107/455
f 2185/1/360 2186/2/361 2187/3/362
f 2187/3/362 2188/4/363 2185/1/360
f 2189/5/364 2190/6/365 2191/7/366
f 2191/7/366 2192/8/367 2189/5/364
f 2193/9/368 2194/10/369 2195/11/370
f 2195/11/370 2196/12/371 2193/9/368
f 2197/13/481 2198/14/484 2199/15/15
f 2199/15/15 2200/16/374 2197/13/481
f 2201/17/375 2202/18/376 2203/19/377
f 2203/19/377 2204/20/378 2201/17/375
f 2205/21/379 2206/22/380 2207/23/381
f 2207/23/381 2208/24/382 2205/21/379
f 2209/25/383 2210/26/384 2211/27/385
f 2211/27/385 2212/28/386 2209/25/383
f 2213/29/477 2214/30/388 2215/31/389
f 2215/31/389 2216/32/482 2213/29/477
f 2217/33/391 2218/34/392 2219/35/393
f 2219/35/393 2220/36/394 2217/33/391
f 2221/37/395 2222/38/396 2223/39/397
f 2223/39/397 2224/40/398 2221/37/395
f 2225/41/399 2226/42/400 2227/43/401
f 2227/43/401 2228/44/402 2225/41/399
f 2229/45/403 2230/46/404 2231/47/405
f 2231/47/405 2232/48/406 2229/45/403
f 2233/49/407 2234/50/408 2235/51/409
f 2235/51/409 2236/52/410 2233/49/407
f 2223/39/397 2222/38/396 2237/53/374
f 2237/53/374 2238/54/411 2223/39/397
f 2226/42/400 2239/55/412 2198/14/484
f 2198/14/484 2227/43/401 2226/42/400
f 2231/47/405 2230/46/404 2240/56/413
f 2240/56/413 2241/57/414 2231/47/405
f 2234/50/408 2242/58/415 2243/59/416
f 2243/59/416 2235/51/409 2234/50/408
f 2196/60/371 2195/61/370 2244/62/417
f 2244/62/417 2245/63/418 2196/60/371
f 2224/40/398 2201/17/375 2204/20/378
f 2204/20/378 2246/64/419 2224/40/398
f 2247/65/420 2217/66/391 2189/5/364
f 2189/5/364 2192/8/367 2247/65/420
f 2232/48/406 2213/29/477 2216/32/482
f 2216/32/482 2248/67/421 2232/48/406
f 2208/24/382 2249/68/422 2228/44/402
f 2228/44/402 2205/21/379 2208/24/382
f 2204/20/378 2250/69/479 2187/3/362
f 2187/3/362 2246/64/419 2204/20/378
f 2212/28/386 2220/70/394 2236/52/410
f 2236/52/410 2209/25/383 2212/28/386
f 2216/32/482 2251/71/462 2252/72/425
f 2252/72/425 2248/67/421 2216/32/482
f 2201/17/375 2224/40/398 2223/39/397
f 2223/39/397 2253/73/426 2201/17/375
f 2205/21/379 2228/44/402 2227/43/401
f 2227/43/401 2254/74/427 2205/21/379
f 2213/29/477 2232/48/406 2231/47/405
f 2231/47/405 2255/75/428 2213/29/477
f 2209/25/383 2236/52/410 2235/51/409
f 2235/51/409 2256/76/429 2209/25/383
f 2253/73/426 2223/39/397 2238/54/411
f 2238/54/411 2257/77/430 2253/73/426
f 2254/74/427 2227/43/401 2198/14/484
f 2198/14/484 2197/13/481 2254/74/427
f 2255/75/428 2231/47/405 2241/57/414
f 2241/57/414 2258/78/485 2255/75/428
f 2256/76/429 2235/51/409 2243/59/416
f 2243/59/416 2259/79/432 2256/76/429
f 2260/80/433 2251/71/462 2261/81/434
f 2261/81/434 2262/82/435 2260/80/433
f 2258/78/485 2263/83/436 2264/84/437
f 2264/84/437 2265/85/438 2258/78/485
f 2236/52/410 2220/70/394 2219/86/393
f 2219/86/393 2233/49/407 2236/52/410
f 2225/41/399 2266/87/439 2215/31/389
f 2215/31/389 2214/30/388 2225/41/399
f 2267/88/440 2268/89/441 2218/34/392
f 2218/34/392 2269/90/442 2267/88/440
f 2214/30/388 2213/29/477 2255/75/428
f 2255/75/428 2270/91/464 2214/30/388
f 2202/18/376 2271/92/443 2234/50/408
f 2234/50/408 2233/49/407 2202/18/376
f 2255/75/428 2258/78/485 2265/85/438
f 2265/85/438 2270/91/464 2255/75/428
f 2271/92/443 2272/93/444 2242/58/415
f 2242/58/415 2234/50/408 2271/92/443
f 2262/82/435 2261/81/434 2194/10/369
f 2194/10/369 2193/9/368 2262/82/435
f 2265/85/438 2264/84/437 2273/94/445
f 2273/94/445 2239/55/412 2265/85/438
f 2233/49/407 2219/86/393 2203/19/377
f 2203/19/377 2202/18/376 2233/49/407
f 2214/30/388 2270/91/464 2226/42/400
f 2226/42/400 2225/41/399 2214/30/388
f 2270/91/464 2265/85/438 2239/55/412
f 2239/55/412 2226/42/400 2270/91/464
f 2228/44/402 2249/68/422 2266/87/439
f 2266/87/439 2225/41/399 2228/44/402
f 2274/95/446 2250/96/479 2268/89/441
f 2268/89/441 2267/88/440 2274/95/446
f 2202/18/376 2201/17/375 2253/73/426
f 2253/73/426 2271/92/443 2202/18/376
f 2253/73/426 2257/77/430 2272/93/444
f 2272/93/444 2271/92/443 2253/73/426
f 2275/97/447 2276/98/448 2186/2/361
f 2186/2/361 2185/1/360 2275/97/447
f 2211/27/385 2277/99/449 2278/100/450
f 2278/100/450 2190/6/365 2211/27/385
f 2238/54/411 2237/53/374 2279/101/15
f 2279/101/15 2257/77/430 2238/54/411
f 2224/40/398 2246/64/419 2280/102/451
f 2280/102/451 2221/37/395 2224/40/398
f 2229/45/403 2277/99/449 2211/27/385
f 2211/27/385 2210/26/384 2229/45/403
f 2206/22/380 2281/103/480 2222/38/396
f 2222/38/396 2221/37/395 2206/22/380
f 2210/26/384 2209/25/383 2256/76/429
f 2256/76/429 2282/104/452 2210/26/384
f 2281/103/480 2200/16/374 2237/53/374
f 2237/53/374 2222/38/396 2281/103/480
f 2256/76/429 2259/79/432 2283/105/453
f 2283/105/453 2282/104/452 2256/76/429
f 2242/58/415 2284/106/454 2285/107/455
f 2285/107/455 2243/59/416 2242/58/415
f 2242/58/415 2272/93/444 2286/108/456
f 2286/108/456 2284/106/454 2242/58/415
f 2237/53/374 2200/16/374 2199/15/15
f 2199/15/15 2279/101/15 2237/53/374
f 2221/37/395 2280/102/451 2207/23/381
f 2207/23/381 2206/22/380 2221/37/395
f 2210/26/384 2282/104/452 2230/46/404
f 2230/46/404 2229/45/403 2210/26/384
f 2282/104/452 2283/105/453 2240/56/413
f 2240/56/413 2230/46/404 2282/104/452
f 2284/106/454 2264/84/437 2263/83/436
f 2263/83/436 2285/107/455 2284/106/454
f 2264/84/437 2284/106/454 2286/108/456
f 2286/108/456 2273/94/445 2264/84/437
f 2275/97/447 2245/63/418 2244/62/417
f 2244/62/417 2276/98/448 2275/97/447
f 2277/99/449 2248/67/421 2252/72/425
f 2252/72/425 2278/100/450 2277/99/449
f 2232/48/406 2248/67/421 2277/99/449
f 2277/99/449 2229/45/403 2232/48/406
f 2206/22/380 2205/21/379 2254/74/427
f 2254/74/427 2281/103/480 2206/22/380
f 2254/74/427 2197/13/481 2200/16/374
f 2200/16/374 2281/103/480 2254/74/427
f 2186/2/361 2280/102/451 2246/64/419
f 2246/64/419 2187/3/362 2186/2/361
f 2212/28/386 2211/27/385 2190/6/365
f 2190/6/365 2189/5/364 2212/28/386
f 2266/109/439 2249/110/422 2195/11/370
f 2195/11/370 2194/10/369 2266/109/439
f 2247/111/420 2269/90/442 2218/34/392
f 2218/34/392 2217/33/391 2247/111/420
f 2249/68/422 2208/24/382 2244/62/417
f 2244/62/417 2195/61/370 2249/68/422
f 2220/70/394 2212/28/386 2189/5/364
f 2189/5/364 2217/66/391 2220/70/394
f 2274/112/446 2188/4/363 2187/3/362
f 2187/3/362 2250/69/479 2274/112/446
f 2260/80/433 2287/113/457 2252/72/425
f 2252/72/425 2251/71/462 2260/80/433
f 2216/32/482 2215/114/389 2261/81/434
f 2261/81/434 2251/71/462 2216/32/482
f 2203/115/377 2219/35/393 2218/34/392
f 2218/34/392 2268/89/441 2203/115/377
f 2215/114/389 2266/109/439 2194/10/369
f 2194/10/369 2261/81/434 2215/114/389
f 2204/116/378 2203/115/377 2268/89/441
f 2268/89/441 2250/96/479 2204/116/378
f 2207/23/381 2280/102/451 2186/2/361
f 2186/2/361 2276/98/448 2207/23/381
f 2288/117/458 2191/7/366 2190/6/365
f 2190/6/365 2278/100/450 2288/117/458
f 2208/24/382 2207/23/381 2276/98/448
f 2276/98/448 2244/62/417 2208/24/382
f 2287/113/457 2288/117/458 2278/100/450
f 2278/100/450 2252/72/425 2287/113/457
f 2239/55/412 2273/94/445 2199/15/15
f 2199/15/15 2198/14/484 2239/55/412
f 2273/94/445 2286/108/456 2279/101/15
f 2279/101/15 2199/15/15 2273/94/445
f 2286/108/456 2272/93/444 2257/77/430
f 2257/77/430 2279/101/15 2286/108/456
f 2241/57/414 2240/56/413 2263/83/436
f 2263/83/436 2258/78/485 2241/57/414
f 2240/56/413 2283/105/453 2285/107/455
f 2285/107/455 2263/83/436 2240/56/413
f 2285/107/455 2283/105/453 2259/79/432
f 2259/79/432 2243/59/416 2285/107/455
f 2289/1/360 2290/2/361 2291/3/362
f 2291/3/362 2292/4/363 2289/1/360
f 2293/5/364 2294/6/365 2295/7/366
f 2295/7/366 2296/8/367 2293/5/364
f 2297/9/368 2298/10/369 2299/11/370
f 2299/11/370 2300/12/475 2297/9/368
f 2301/13/486 2302/14/487 2303/15/15
f 2303/15/15 2304/16/374 2301/13/486
f 2305/17/488 2306/18/376 2307/19/377
f 2307/19/377 2308/20/489 2305/17/488
f 2309/21/490 2310/22/380 2311/23/381
f 2311/23/381 2312/24/382 2309/21/490
f 2313/25/383 2314/26/384 2315/27/385
f 2315/27/385 2316/28/386 2313/25/383
f 2317/29/491 2318/30/388 2319/31/389
f 2319/31/389 2320/32/492 2317/29/491
f 2321/33/391 2322/34/392 2323/35/393
f 2323/35/393 2324/36/394 2321/33/391
f 2325/37/395 2326/38/396 2327/39/397
f 2327/39/397 2328/40/398 2325/37/395
f 2329/41/399 2330/42/400 2331/43/401
f 2331/43/401 2332/44/402 2329/41/399
f 2333/45/403 2334/46/404 2335/47/483
f 2335/47/483 2336/48/406 2333/45/403
f 2337/49/407 2338/50/408 2339/51/409
f 2339/51/409 2340/52/410 2337/49/407
f 2327/39/397 2326/38/396 2341/53/374
f 2341/53/374 2342/54/411 2327/39/397
f 2330/42/400 2343/55/412 2302/14/487
f 2302/14/487 2331/43/401 2330/42/400
f 2335/47/483 2334/46/404 2344/56/413
f 2344/56/413 2345/57/414 2335/47/483
f 2338/50/408 2346/58/415 2347/59/416
f 2347/59/416 2339/51/409 2338/50/408
f 2300/60/475 2299/61/370 2348/62/417
f 2348/62/417 2349/63/418 2300/60/475
f 2328/40/398 2305/17/488 2308/20/489
f 2308/20/489 2350/64/419 2328/40/398
f 2351/65/420 2321/66/391 2293/5/364
f 2293/5/364 2296/8/367 2351/65/420
f 2336/48/406 2317/29/491 2320/32/492
f 2320/32/492 2352/67/493 2336/48/406
f 2312/24/382 2353/68/422 2332/44/402
f 2332/44/402 2309/21/490 2312/24/382
f 2308/20/489 2354/69/479 2291/3/362
f 2291/3/362 2350/64/419 2308/20/489
f 2316/28/386 2324/70/394 2340/52/410
f 2340/52/410 2313/25/383 2316/28/386
f 2320/32/492 2355/71/462 2356/72/425
f 2356/72/425 2352/67/493 2320/32/492
f 2305/17/488 2328/40/398 2327/39/397
f 2327/39/397 2357/73/426 2305/17/488
f 2309/21/490 2332/44/402 2331/43/401
f 2331/43/401 2358/74/427 2309/21/490
f 2317/29/491 2336/48/406 2335/47/483
f 2335/47/483 2359/75/428 2317/29/491
f 2313/25/383 2340/52/410 2339/51/409
f 2339/51/409 2360/76/429 2313/25/383
f 2357/73/426 2327/39/397 2342/54/411
f 2342/54/411 2361/77/430 2357/73/426
f 2358/74/427 2331/43/401 2302/14/487
f 2302/14/487 2301/13/486 2358/74/427
f 2359/75/428 2335/47/483 2345/57/414
f 2345/57/414 2362/78/431 2359/75/428
f 2360/76/429 2339/51/409 2347/59/416
f 2347/59/416 2363/79/432 2360/76/429
f 2364/80/433 2355/71/462 2365/81/434
f 2365/81/434 2366/82/463 2364/80/433
f 2362/78/431 2367/83/436 2368/84/437
f 2368/84/437 2369/85/438 2362/78/431
f 2340/52/410 2324/70/394 2323/86/393
f 2323/86/393 2337/49/407 2340/52/410
f 2329/41/399 2370/87/439 2319/31/389
f 2319/31/389 2318/30/388 2329/41/399
f 2371/88/440 2372/89/441 2322/34/392
f 2322/34/392 2373/90/442 2371/88/440
f 2318/30/388 2317/29/491 2359/75/428
f 2359/75/428 2374/91/400 2318/30/388
f 2306/18/376 2375/92/443 2338/50/408
f 2338/50/408 2337/49/407 2306/18/376
f 2359/75/428 2362/78/431 2369/85/438
f 2369/85/438 2374/91/400 2359/75/428
f 2375/92/443 2376/93/444 2346/58/415
f 2346/58/415 2338/50/408 2375/92/443
f 2366/82/463 2365/81/434 2298/10/369
f 2298/10/369 2297/9/368 2366/82/463
f 2369/85/438 2368/84/437 2377/94/445
f 2377/94/445 2343/55/412 2369/85/438
f 2337/49/407 2323/86/393 2307/19/377
f 2307/19/377 2306/18/376 2337/49/407
f 2318/30/388 2374/91/400 2330/42/400
f 2330/42/400 2329/41/399 2318/30/388
f 2374/91/400 2369/85/438 2343/55/412
f 2343/55/412 2330/42/400 2374/91/400
f 2332/44/402 2353/68/422 2370/87/439
f 2370/87/439 2329/41/399 2332/44/402
f 2378/95/446 2354/96/479 2372/89/441
f 2372/89/441 2371/88/440 2378/95/446
f 2306/18/376 2305/17/488 2357/73/426
f 2357/73/426 2375/92/443 2306/18/376
f 2357/73/426 2361/77/430 2376/93/444
f 2376/93/444 2375/92/443 2357/73/426
f 2379/97/447 2380/98/448 2290/2/361
f 2290/2/361 2289/1/360 2379/97/447
f 2315/27/385 2381/99/449 2382/100/450
f 2382/100/450 2294/6/365 2315/27/385
f 2342/54/411 2341/53/374 2383/101/15
f 2383/101/15 2361/77/430 2342/54/411
f 2328/40/398 2350/64/419 2384/102/451
f 2384/102/451 2325/37/395 2328/40/398
f 2333/45/403 2381/99/449 2315/27/385
f 2315/27/385 2314/26/384 2333/45/403
f 2310/22/380 2385/103/396 2326/38/396
f 2326/38/396 2325/37/395 2310/22/380
f 2314/26/384 2313/25/383 2360/76/429
f 2360/76/429 2386/104/452 2314/26/384
f 2385/103/396 2304/16/374 2341/53/374
f 2341/53/374 2326/38/396 2385/103/396
f 2360/76/429 2363/79/432 2387/105/453
f 2387/105/453 2386/104/452 2360/76/429
f 2346/58/415 2388/106/454 2389/107/455
f 2389/107/455 2347/59/416 2346/58/415
f 2346/58/415 2376/93/444 2390/108/456
f 2390/108/456 2388/106/454 2346/58/415
f 2341/53/374 2304/16/374 2303/15/15
f 2303/15/15 2383/101/15 2341/53/374
f 2325/37/395 2384/102/451 2311/23/381
f 2311/23/381 2310/22/380 2325/37/395
f 2314/26/384 2386/104/452 2334/46/404
f 2334/46/404 2333/45/403 2314/26/384
f 2386/104/452 2387/105/453 2344/56/413
f 2344/56/413 2334/46/404 2386/104/452
f 2388/106/454 2368/84/437 2367/83/436
f 2367/83/436 2389/107/455 2388/106/454
f 2368/84/437 2388/106/454 2390/108/456
f 2390/108/456 2377/94/445 2368/84/437
f 2379/97/447 2349/63/418 2348/62/417
f 2348/62/417 2380/98/448 2379/97/447
f 2381/99/449 2352/67/493 2356/72/425
f 2356/72/425 2382/100/450 2381/99/449
f 2336/48/406 2352/67/493 2381/99/449
f 2381/99/449 2333/45/403 2336/48/406
f 2310/22/380 2309/21/490 2358/74/427
f 2358/74/427 2385/103/396 2310/22/380
f 2358/74/427 2301/13/486 2304/16/374
f 2304/16/374 2385/103/396 2358/74/427
f 2290/2/361 2384/102/451 2350/64/419
f 2350/64/419 2291/3/362 2290/2/361
f 2316/28/386 2315/27/385 2294/6/365
f 2294/6/365 2293/5/364 2316/28/386
f 2370/109/439 2353/110/422 2299/11/370
f 2299/11/370 2298/10/369 2370/109/439
f 2351/111/420 2373/90/442 2322/34/392
f 2322/34/392 2321/33/391 2351/111/420
f 2353/68/422 2312/24/382 2348/62/417
f 2348/62/417 2299/61/370 2353/68/422
f 2324/70/394 2316/28/386 2293/5/364
f 2293/5/364 2321/66/391 2324/70/394
f 2378/112/446 2292/4/363 2291/3/362
f 2291/3/362 2354/69/479 2378/112/446
f 2364/80/433 2391/113/457 2356/72/425
f 2356/72/425 2355/71/462 2364/80/433
f 2320/32/492 2319/114/389 2365/81/434
f 2365/81/434 2355/71/462 2320/32/492
f 2307/115/377 2323/35/393 2322/34/392
f 2322/34/392 2372/89/441 2307/115/377
f 2319/114/389 2370/109/439 2298/10/369
f 2298/10/369 2365/81/434 2319/114/389
f 2308/116/489 2307/115/377 2372/89/441
f 2372/89/441 2354/96/479 2308/116/489
f 2311/23/381 2384/102/451 2290/2/361
f 2290/2/361 2380/98/448 2311/23/381
f 2392/117/458 2295/7/366 2294/6/365
f 2294/6/365 2382/100/450 2392/117/458
f 2312/24/382 2311/23/381 2380/98/448
f 2380/98/448 2348/62/417 2312/24/382
f 2391/113/457 2392/117/458 2382/100/450
f 2382/100/450 2356/72/425 2391/113/457
f 2343/55/412 2377/94/445 2303/15/15
f 2303/15/15 2302/14/487 2343/55/412
f 2377/94/445 2390/108/456 2383/101/15
f 2383/101/15 2303/15/15 2377/94/445
f 2390/108/456 2376/93/444 2361/77/430
f 2361/77/430 2383/101/15 2390/108/456
f 2345/57/414 2344/56/413 2367/83/436
f 2367/83/436 2362/78/431 2345/57/414
f 2344/56/413 2387/105/453 2389/107/455
f 2389/107/455 2367/83/436 2344/56/413
f 2389/107/455 2387/105/453 2363/79/432
f 2363/79/432 2347/59/416 2389/107/455
f 2393/1/494 2394/2/495 2395/3/496
f 2395/3/496 2396/4/497 2393/1/494
f 2397/5/498 2398/6/499 2399/7/500
f 2399/7/500 2400/8/501 2397/5/498
f 2401/9/502 2402/10/503 2403/11/504
f 2403/11/504 2404/12/505 2401/9/502
f 2405/13/506 2406/14/507 2407/15/15
f 2407/15/15 2408/16/374 2405/13/506
f 2409/17/508 2410/18/509 2411/19/510
f 2411/19/510 2412/20/511 2409/17/508
f 2413/21/512 2414/22/380 2415/23/381
f 2415/23/381 2416/24/513 2413/21/512
f 2417/25/514 2418/26/515 2419/27/385
f 2419/27/385 2420/28/516 2417/25/514
f 2421/29/517 2422/30/518 2423/31/519
f 2423/31/519 2424/32/520 2421/29/517
f 2425/33/521 2426/34/522 2427/35/523
f 2427/35/523 2428/36/524 2425/33/521
f 2429/37/395 2430/38/396 2431/39/525
f 2431/39/525 2432/40/526 2429/37/395
f 2433/41/527 2434/42/528 2435/43/529
f 2435/43/529 2436/44/530 2433/41/527
f 2437/45/531 2438/46/532 2439/47/533
f 2439/47/533 2440/48/534 2437/45/531
f 2441/49/535 2442/50/536 2443/51/537
f 2443/51/537 2444/52/538 2441/49/535
f 2431/39/525 2430/38/396 2445/53/374
f 2445/53/374 2446/54/539 2431/39/525
f 2434/42/528 2447/55/540 2406/14/507
f 2406/14/507 2435/43/529 2434/42/528
f 2439/47/533 2438/46/532 2448/56/541
f 2448/56/541 2449/57/542 2439/47/533
f 2442/50/536 2450/58/543 2451/59/544
f 2451/59/544 2443/51/537 2442/50/536
f 2404/60/505 2403/61/504 2452/62/545
f 2452/62/545 2453/63/546 2404/60/505
f 2432/40/526 2409/17/508 2412/20/511
f 2412/20/511 2454/64/547 2432/40/526
f 2455/65/548 2425/66/521 2397/5/498
f 2397/5/498 2400/8/501 2455/65/548
f 2440/48/534 2421/29/517 2424/32/520
f 2424/32/520 2456/67/549 2440/48/534
f 2416/24/513 2457/68/550 2436/44/530
f 2436/44/530 2413/21/512 2416/24/513
f 2412/20/511 2458/69/551 2395/3/496
f 2395/3/496 2454/64/547 2412/20/511
f 2420/28/516 2428/70/524 2444/52/538
f 2444/52/538 2417/25/514 2420/28/516
f 2424/32/520 2459/71/552 2460/72/553
f 2460/72/553 2456/67/549 2424/32/520
f 2409/17/508 2432/40/526 2431/39/525
f 2431/39/525 2461/73/554 2409/17/508
f 2413/21/512 2436/44/530 2435/43/529
f 2435/43/529 2462/74/555 2413/21/512
f 2421/29/517 2440/48/534 2439/47/533
f 2439/47/533 2463/75/556 2421/29/517
f 2417/25/514 2444/52/538 2443/51/537
f 2443/51/537 2464/76/557 2417/25/514
f 2461/73/554 2431/39/525 2446/54/539
f 2446/54/539 2465/77/558 2461/73/554
f 2462/74/555 2435/43/529 2406/14/507
f 2406/14/507 2405/13/506 2462/74/555
f 2463/75/556 2439/47/533 2449/57/542
f 2449/57/542 2466/78/559 2463/75/556
f 2464/76/557 2443/51/537 2451/59/544
f 2451/59/544 2467/79/560 2464/76/557
f 2468/80/561 2459/71/552 2469/81/562
f 2469/81/562 2470/82/563 2468/80/561
f 2466/78/559 2471/83/564 2472/84/565
f 2472/84/565 2473/85/566 2466/78/559
f 2444/52/538 2428/70/524 2427/86/523
f 2427/86/523 2441/49/535 2444/52/538
f 2433/41/527 2474/87/567 2423/31/519
f 2423/31/519 2422/30/518 2433/41/527
f 2475/88/568 2476/89/569 2426/34/522
f 2426/34/522 2477/90/570 2475/88/568
f 2422/30/518 2421/29/517 2463/75/556
f 2463/75/556 2478/91/528 2422/30/518
f 2410/18/509 2479/92/571 2442/50/536
f 2442/50/536 2441/49/535 2410/18/509
f 2463/75/556 2466/78/559 2473/85/566
f 2473/85/566 2478/91/528 2463/75/556
f 2479/92/571 2480/93/572 2450/58/543
f 2450/58/543 2442/50/536 2479/92/571
f 2470/82/563 2469/81/562 2402/10/503
f 2402/10/503 2401/9/502 2470/82/563
f 2473/85/566 2472/84/565 2481/94/573
f 2481/94/573 2447/55/540 2473/85/566
f 2441/49/535 2427/86/523 2411/19/510
f 2411/19/510 2410/18/509 2441/49/535
f 2422/30/518 2478/91/528 2434/42/528
f 2434/42/528 2433/41/527 2422/30/518
f 2478/91/528 2473/85/566 2447/55/540
f 2447/55/540 2434/42/528 2478/91/528
f 2436/44/530 2457/68/550 2474/87/567
f 2474/87/567 2433/41/527 2436/44/530
f 2482/95/574 2458/96/551 2476/89/569
f 2476/89/569 2475/88/568 2482/95/574
f 2410/18/509 2409/17/508 2461/73/554
f 2461/73/554 2479/92/571 2410/18/509
f 2461/73/554 2465/77/558 2480/93/572
f 2480/93/572 2479/92/571 2461/73/554
f 2483/97/575 2484/98/576 2394/2/495
f 2394/2/495 2393/1/494 2483/97/575
f 2419/27/385 2485/99/577 2486/100/578
f 2486/100/578 2398/6/499 2419/27/385
f 2446/54/539 2445/53/374 2487/101/15
f 2487/101/15 2465/77/558 2446/54/539
f 2432/40/526 2454/64/547 2488/102/451
f 2488/102/451 2429/37/395 2432/40/526
f 2437/45/531 2485/99/577 2419/27/385
f 2419/27/385 2418/26/515 2437/45/531
f 2414/22/380 2489/103/396 2430/38/396
f 2430/38/396 2429/37/395 2414/22/380
f 2418/26/515 2417/25/514 2464/76/557
f 2464/76/557 2490/104/579 2418/26/515
f 2489/103/396 2408/16/374 2445/53/374
f 2445/53/374 2430/38/396 2489/103/396
f 2464/76/557 2467/79/560 2491/105/453
f 2491/105/453 2490/104/579 2464/76/557
f 2450/58/543 2492/106/580 2493/107/581
f 2493/107/581 2451/59/544 2450/58/543
f 2450/58/543 2480/93/572 2494/108/582
f 2494/108/582 2492/106/580 2450/58/543
f 2445/53/374 2408/16/374 2407/15/15
f 2407/15/15 2487/101/15 2445/53/374
f 2429/37/395 2488/102/451 2415/23/381
f 2415/23/381 2414/22/380 2429/37/395
f 2418/26/515 2490/104/579 2438/46/532
f 2438/46/532 2437/45/531 2418/26/515
f 2490/104/579 2491/105/453 2448/56/541
f 2448/56/541 2438/46/532 2490/104/579
f 2492/106/580 2472/84/565 2471/83/564
f 2471/83/564 2493/107/581 2492/106/580
f 2472/84/565 2492/106/580 2494/108/582
f 2494/108/582 2481/94/573 2472/84/565
f 2483/97/575 2453/63/546 2452/62/545
f 2452/62/545 2484/98/576 2483/97/575
f 2485/99/577 2456/67/549 2460/72/553
f 2460/72/553 2486/100/578 2485/99/577
f 2440/48/534 2456/67/549 2485/99/577
f 2485/99/577 2437/45/531 2440/48/534
f 2414/22/380 2413/21/512 2462/74/555
f 2462/74/555 2489/103/396 2414/22/380
f 2462/74/555 2405/13/506 2408/16/374
f 2408/16/374 2489/103/396 2462/74/555
f 2394/2/495 2488/102/451 2454/64/547
f 2454/64/547 2395/3/496 2394/2/495
f 2420/28/516 2419/27/385 2398/6/499
f 2398/6/499 2397/5/498 2420/28/516
f 2474/109/567 2457/110/550 2403/11/504
f 2403/11/504 2402/10/503 2474/109/567
f 2455/111/548 2477/90/570 2426/34/522
f 2426/34/522 2425/33/521 2455/111/548
f 2457/68/550 2416/24/513 2452/62/545
f 2452/62/545 2403/61/504 2457/68/550
f 2428/70/524 2420/28/516 2397/5/498
f 2397/5/498 2425/66/521 2428/70/524
f 2482/112/574 2396/4/497 2395/3/496
f 2395/3/496 2458/69/551 2482/112/574
f 2468/80/561 2495/113/583 2460/72/553
f 2460/72/553 2459/71/552 2468/80/561
f 2424/32/520 2423/114/519 2469/81/562
f 2469/81/562 2459/71/552 2424/32/520
f 2411/115/510 2427/35/523 2426/34/522
f 2426/34/522 2476/89/569 2411/115/510
f 2423/114/519 2474/109/567 2402/10/503
f 2402/10/503 2469/81/562 2423/114/519
f 2412/116/511 2411/115/510 2476/89/569
f 2476/89/569 2458/96/551 2412/116/511
f 2415/23/381 2488/102/451 2394/2/495
f 2394/2/495 2484/98/576 2415/23/381
f 2496/117/584 2399/7/500 2398/6/499
f 2398/6/499 2486/100/578 2496/117/584
f 2416/24/513 2415/23/381 2484/98/576
f 2484/98/576 2452/62/545 2416/24/513
f 2495/113/583 2496/117/584 2486/100/578
f 2486/100/578 2460/72/553 2495/113/583
f 2447/55/540 2481/94/573 2407/15/15
f 2407/15/15 2406/14/507 2447/55/540
f 2481/94/573 2494/108/582 2487/101/15
f 2487/101/15 2407/15/15 2481/94/573
f 2494/108/582 2480/93/572 2465/77/558
f 2465/77/558 2487/101/15 2494/108/582
f 2449/57/542 2448/56/541 2471/83/564
f 2471/83/564 2466/78/559 2449/57/542
f 2448/56/541 2491/105/453 2493/107/581
f 2493/107/581 2471/83/564 2448/56/541
f 2493/107/581 2491/105/453 2467/79/560
f 2467/79/560 2451/59/544 2493/107/581
f 2497/1/242 2498/2/243 2499/3/244
f 2499/3/244 2500/4/245 2497/1/242
f 2501/5/246 2502/6/247 2503/7/248
f 2503/7/248 2504/8/249 2501/5/246
f 2505/9/250 2506/10/251 2507/11/252
f 2507/11/252 2508/12/253 2505/9/250
f 2509/13/346 2510/14/255 2511/15/15
f 2511/15/15 2512/16/256 2509/13/346
f 2513/17/356 2514/18/342 2515/19/343
f 2515/19/343 2516/20/585 2513/17/356
f 2517/21/352 2518/22/262 2519/23/263
f 2519/23/263 2520/24/264 2517/21/352
f 2521/25/265 2522/26/266 2523/27/267
f 2523/27/267 2524/28/268 2521/25/265
f 2525/29/348 2526/30/270 2527/31/271
f 2527/31/271 2528/32/272 2525/29/348
f 2529/33/273 2530/34/274 2531/35/344
f 2531/35/344 2532/36/276 2529/33/273
f 2533/37/277 2534/38/278 2535/39/279
f 2535/39/279 2536/40/280 2533/37/277
f 2537/41/353 2538/42/282 2539/43/283
f 2539/43/283 2540/44/350 2537/41/353
f 2541/45/285 2542/46/286 2543/47/287
f 2543/47/287 2544/48/288 2541/45/285
f 2545/49/289 2546/50/290 2547/51/291
f 2547/51/291 2548/52/292 2545/49/289
f 2535/39/279 2534/38/278 2549/53/256
f 2549/53/256 2550/54/293 2535/39/279
f 2538/42/282 2551/55/294 2510/14/255
f 2510/14/255 2539/43/283 2538/42/282
f 2543/47/287 2542/46/286 2552/56/295
f 2552/56/295 2553/57/296 2543/47/287
f 2546/50/290 2554/58/297 2555/59/298
f 2555/59/298 2547/51/291 2546/50/290
f 2508/60/253 2507/61/252 2556/62/299
f 2556/62/299 2557/63/300 2508/60/253
f 2536/40/280 2513/17/356 2516/20/585
f 2516/20/585 2558/64/301 2536/40/280
f 2559/65/302 2529/66/273 2501/5/246
f 2501/5/246 2504/8/249 2559/65/302
f 2544/48/288 2525/29/348 2528/32/272
f 2528/32/272 2560/67/303 2544/48/288
f 2520/24/264 2561/68/586 2540/44/350
f 2540/44/350 2517/21/352 2520/24/264
f 2516/20/585 2562/69/305 2499/3/244
f 2499/3/244 2558/64/301 2516/20/585
f 2524/28/268 2532/70/276 2548/52/292
f 2548/52/292 2521/25/265 2524/28/268
f 2528/32/272 2563/71/306 2564/72/307
f 2564/72/307 2560/67/303 2528/32/272
f 2513/17/356 2536/40/280 2535/39/279
f 2535/39/279 2565/73/308 2513/17/356
f 2517/21/352 2540/44/350 2539/43/283
f 2539/43/283 2566/74/309 2517/21/352
f 2525/29/348 2544/48/288 2543/47/287
f 2543/47/287 2567/75/310 2525/29/348
f 2521/25/265 2548/52/292 2547/51/291
f 2547/51/291 2568/76/311 2521/25/265
f 2565/73/308 2535/39/279 2550/54/293
f 2550/54/293 2569/77/312 2565/73/308
f 2566/74/309 2539/43/283 2510/14/255
f 2510/14/255 2509/13/346 2566/74/309
f 2567/75/310 2543/47/287 2553/57/296
f 2553/57/296 2570/78/313 2567/75/310
f 2568/76/311 2547/51/291 2555/59/298
f 2555/59/298 2571/79/359 2568/76/311
f 2572/80/315 2563/71/306 2573/81/587
f 2573/81/587 2574/82/317 2572/80/315
f 2570/78/313 2575/83/318 2576/84/319
f 2576/84/319 2577/85/320 2570/78/313
f 2548/52/292 2532/70/276 2531/86/344
f 2531/86/344 2545/49/289 2548/52/292
f 2537/41/353 2578/87/321 2527/31/271
f 2527/31/271 2526/30/270 2537/41/353
f 2579/88/322 2580/89/323 2530/34/274
f 2530/34/274 2581/90/324 2579/88/322
f 2526/30/270 2525/29/348 2567/75/310
f 2567/75/310 2582/91/325 2526/30/270
f 2514/18/342 2583/92/588 2546/50/290
f 2546/50/290 2545/49/289 2514/18/342
f 2567/75/310 2570/78/313 2577/85/320
f 2577/85/320 2582/91/325 2567/75/310
f 2583/92/588 2584/93/327 2554/58/297
f 2554/58/297 2546/50/290 2583/92/588
f 2574/82/317 2573/81/587 2506/10/251
f 2506/10/251 2505/9/250 2574/82/317
f 2577/85/320 2576/84/319 2585/94/328
f 2585/94/328 2551/55/294 2577/85/320
f 2545/49/289 2531/86/344 2515/19/343
f 2515/19/343 2514/18/342 2545/49/289
f 2526/30/270 2582/91/325 2538/42/282
f 2538/42/282 2537/41/353 2526/30/270
f 2582/91/325 2577/85/320 2551/55/294
f 2551/55/294 2538/42/282 2582/91/325
f 2540/44/350 2561/68/586 2578/87/321
f 2578/87/321 2537/41/353 2540/44/350
f 2586/95/329 2562/96/305 2580/89/323
f 2580/89/323 2579/88/322 2586/95/329
f 2514/18/342 2513/17/356 2565/73/308
f 2565/73/308 2583/92/588 2514/18/342
f 2565/73/308 2569/77/312 2584/93/327
f 2584/93/327 2583/92/588 2565/73/308
f 2587/97/330 2588/98/331 2498/2/243
f 2498/2/243 2497/1/242 2587/97/330
f 2523/27/267 2589/99/332 2590/100/333
f 2590/100/333 2502/6/247 2523/27/267
f 2550/54/293 2549/53/256 2591/101/15
f 2591/101/15 2569/77/312 2550/54/293
f 2536/40/280 2558/64/301 2592/102/334
f 2592/102/334 2533/37/277 2536/40/280
f 2541/45/285 2589/99/332 2523/27/267
f 2523/27/267 2522/26/266 2541/45/285
f 2518/22/262 2593/103/278 2534/38/278
f 2534/38/278 2533/37/277 2518/22/262
f 2522/26/266 2521/25/265 2568/76/311
f 2568/76/311 2594/104/335 2522/26/266
f 2593/103/278 2512/16/256 2549/53/256
f 2549/53/256 2534/38/278 2593/103/278
f 2568/76/311 2571/79/359 2595/105/336
f 2595/105/336 2594/104/335 2568/76/311
f 2554/58/297 2596/106/337 2597/107/338
f 2597/107/338 2555/59/298 2554/58/297
f 2554/58/297 2584/93/327 2598/108/339
f 2598/108/339 2596/106/337 2554/58/297
f 2549/53/256 2512/16/256 2511/15/15
f 2511/15/15 2591/101/15 2549/53/256
f 2533/37/277 2592/102/334 2519/23/263
f 2519/23/263 2518/22/262 2533/37/277
f 2522/26/266 2594/104/335 2542/46/286
f 2542/46/286 2541/45/285 2522/26/266
f 2594/104/335 2595/105/336 2552/56/295
f 2552/56/295 2542/46/286 2594/104/335
f 2596/106/337 2576/84/319 2575/83/318
f 2575/83/318 2597/107/338 2596/106/337
f 2576/84/319 2596/106/337 2598/108/339
f 2598/108/339 2585/94/328 2576/84/319
f 2587/97/330 2557/63/300 2556/62/299
f 2556/62/299 2588/98/331 2587/97/330
f 2589/99/332 2560/67/303 2564/72/307
f 2564/72/307 2590/100/333 2589/99/332
f 2544/48/288 2560/67/303 2589/99/332
f 2589/99/332 2541/45/285 2544/48/288
f 2518/22/262 2517/21/352 2566/74/309
f 2566/74/309 2593/103/278 2518/22/262
f 2566/74/309 2509/13/346 2512/16/256
f 2512/16/256 2593/103/278 2566/74/309
f 2498/2/243 2592/102/334 2558/64/301
f 2558/64/301 2499/3/244 2498/2/243
f 2524/28/268 2523/27/267 2502/6/247
f 2502/6/247 2501/5/246 2524/28/268
f 2578/109/321 2561/110/586 2507/11/252
f 2507/11/252 2506/10/251 2578/109/321
f 2559/111/302 2581/90/324 2530/34/274
f 2530/34/274 2529/33/273 2559/111/302
f 2561/68/586 2520/24/264 2556/62/299
f 2556/62/299 2507/61/252 2561/68/586
f 2532/70/276 2524/28/268 2501/5/246
f 2501/5/246 2529/66/273 2532/70/276
f 2586/112/329 2500/4/245 2499/3/244
f 2499/3/244 2562/69/305 2586/112/329
f 2572/80/315 2599/113/340 2564/72/307
f 2564/72/307 2563/71/306 2572/80/315
f 2528/32/272 2527/114/271 2573/81/587
f 2573/81/587 2563/71/306 2528/32/272
f 2515/115/343 2531/35/344 2530/34/274
f 2530/34/274 2580/89/323 2515/115/343
f 2527/114/271 2578/109/321 2506/10/251
f 2506/10/251 2573/81/587 2527/114/271
f 2516/116/585 2515/115/343 2580/89/323
f 2580/89/323 2562/96/305 2516/116/585
f 2519/23/263 2592/102/334 2498/2/243
f 2498/2/243 2588/98/331 2519/23/263
f 2600/117/341 2503/7/248 2502/6/247
f 2502/6/247 2590/100/333 2600/117/341
f 2520/24/264 2519/23/263 2588/98/331
f 2588/98/331 2556/62/299 2520/24/264
f 2599/113/340 2600/117/341 2590/100/333
f 2590/100/333 2564/72/307 2599/113/340
f 2551/55/294 2585/94/328 2511/15/15
f 2511/15/15 2510/14/255 2551/55/294
f 2585/94/328 2598/108/339 2591/101/15
f 2591/101/15 2511/15/15 2585/94/328
f 2598/108/339 2584/93/327 2569/77/312
f 2569/77/312 2591/101/15 2598/108/339
f 2553/57/296 2552/56/295 2575/83/318
f 2575/83/318 2570/78/313 2553/57/296
f 2552/56/295 2595/105/336 2597/107/338
f 2597/107/338 2575/83/318 2552/56/295
f 2597/107/338 2595/105/336 2571/79/359
f 2571/79/359 2555/59/298 2597/107/338
f 2601/1/360 2602/2/361 2603/3/362
f 2603/3/362 2604/4/363 2601/1/360
f 2605/5/364 2606/6/365 2607/7/366
f 2607/7/366 2608/8/367 2605/5/364
f 2609/9/368 2610/10/369 2611/11/370
f 2611/11/370 2612/12/371 2609/9/368
f 2613/13/372 2614/14/373 2615/15/15
f 2615/15/15 2616/16/374 2613/13/372
f 2617/17/375 2618/18/376 2619/19/377
f 2619/19/377 2620/20/378 2617/17/375
f 2621/21/379 2622/22/380 2623/23/381
f 2623/23/381 2624/24/382 2621/21/379
f 2625/25/383 2626/26/384 2627/27/385
f 2627/27/385 2628/28/386 2625/25/383
f 2629/29/589 2630/30/460 2631/31/461
f 2631/31/461 2632/32/482 2629/29/589
f 2633/33/391 2634/34/392 2635/35/393
f 2635/35/393 2636/36/394 2633/33/391
f 2637/37/395 2638/38/480 2639/39/466
f 2639/39/466 2640/40/398 2637/37/395
f 2641/41/399 2642/42/400 2643/43/401
f 2643/43/401 2644/44/402 2641/41/399
f 2645/45/403 2646/46/404 2647/47/405
f 2647/47/405 2648/48/406 2645/45/403
f 2649/49/407 2650/50/408 2651/51/409
f 2651/51/409 2652/52/410 2649/49/407
f 2639/39/466 2638/38/480 2653/53/374
f 2653/53/374 2654/54/411 2639/39/466
f 2642/42/400 2655/55/412 2614/14/373
f 2614/14/373 2643/43/401 2642/42/400
f 2647/47/405 2646/46/404 2656/56/413
f 2656/56/413 2657/57/414 2647/47/405
f 2650/50/408 2658/58/415 2659/59/416
f 2659/59/416 2651/51/409 2650/50/408
f 2612/60/371 2611/61/370 2660/62/417
f 2660/62/417 2661/63/418 2612/60/371
f 2640/40/398 2617/17/375 2620/20/378
f 2620/20/378 2662/64/419 2640/40/398
f 2663/65/420 2633/66/391 2605/5/364
f 2605/5/364 2608/8/367 2663/65/420
f 2648/48/406 2629/29/589 2632/32/482
f 2632/32/482 2664/67/421 2648/48/406
f 2624/24/382 2665/68/422 2644/44/402
f 2644/44/402 2621/21/379 2624/24/382
f 2620/20/378 2666/69/423 2603/3/362
f 2603/3/362 2662/64/419 2620/20/378
f 2628/28/386 2636/70/394 2652/52/410
f 2652/52/410 2625/25/383 2628/28/386
f 2632/32/482 2667/71/462 2668/72/425
f 2668/72/425 2664/67/421 2632/32/482
f 2617/17/375 2640/40/398 2639/39/466
f 2639/39/466 2669/73/426 2617/17/375
f 2621/21/379 2644/44/402 2643/43/401
f 2643/43/401 2670/74/427 2621/21/379
f 2629/29/589 2648/48/406 2647/47/405
f 2647/47/405 2671/75/428 2629/29/589
f 2625/25/383 2652/52/410 2651/51/409
f 2651/51/409 2672/76/429 2625/25/383
f 2669/73/426 2639/39/466 2654/54/411
f 2654/54/411 2673/77/430 2669/73/426
f 2670/74/427 2643/43/401 2614/14/373
f 2614/14/373 2613/13/372 2670/74/427
f 2671/75/428 2647/47/405 2657/57/414
f 2657/57/414 2674/78/431 2671/75/428
f 2672/76/429 2651/51/409 2659/59/416
f 2659/59/416 2675/79/432 2672/76/429
f 2676/80/433 2667/71/462 2677/81/434
f 2677/81/434 2678/82/463 2676/80/433
f 2674/78/431 2679/83/436 2680/84/437
f 2680/84/437 2681/85/438 2674/78/431
f 2652/52/410 2636/70/394 2635/86/393
f 2635/86/393 2649/49/407 2652/52/410
f 2641/41/399 2682/87/439 2631/31/461
f 2631/31/461 2630/30/460 2641/41/399
f 2683/88/440 2684/89/441 2634/34/392
f 2634/34/392 2685/90/442 2683/88/440
f 2630/30/460 2629/29/589 2671/75/428
f 2671/75/428 2686/91/400 2630/30/460
f 2618/18/376 2687/92/443 2650/50/408
f 2650/50/408 2649/49/407 2618/18/376
f 2671/75/428 2674/78/431 2681/85/438
f 2681/85/438 2686/91/400 2671/75/428
f 2687/92/443 2688/93/444 2658/58/415
f 2658/58/415 2650/50/408 2687/92/443
f 2678/82/463 2677/81/434 2610/10/369
f 2610/10/369 2609/9/368 2678/82/463
f 2681/85/438 2680/84/437 2689/94/445
f 2689/94/445 2655/55/412 2681/85/438
f 2649/49/407 2635/86/393 2619/19/377
f 2619/19/377 2618/18/376 2649/49/407
f 2630/30/460 2686/91/400 2642/42/400
f 2642/42/400 2641/41/399 2630/30/460
f 2686/91/400 2681/85/438 2655/55/412
f 2655/55/412 2642/42/400 2686/91/400
f 2644/44/402 2665/68/422 2682/87/439
f 2682/87/439 2641/41/399 2644/44/402
f 2690/95/446 2666/96/423 2684/89/441
f 2684/89/441 2683/88/440 2690/95/446
f 2618/18/376 2617/17/375 2669/73/426
f 2669/73/426 2687/92/443 2618/18/376
f 2669/73/426 2673/77/430 2688/93/444
f 2688/93/444 2687/92/443 2669/73/426
f 2691/97/447 2692/98/448 2602/2/361
f 2602/2/361 2601/1/360 2691/97/447
f 2627/27/385 2693/99/449 2694/100/450
f 2694/100/450 2606/6/365 2627/27/385
f 2654/54/411 2653/53/374 2695/101/15
f 2695/101/15 2673/77/430 2654/54/411
f 2640/40/398 2662/64/419 2696/102/451
f 2696/102/451 2637/37/395 2640/40/398
f 2645/45/403 2693/99/449 2627/27/385
f 2627/27/385 2626/26/384 2645/45/403
f 2622/22/380 2697/103/396 2638/38/480
f 2638/38/480 2637/37/395 2622/22/380
f 2626/26/384 2625/25/383 2672/76/429
f 2672/76/429 2698/104/452 2626/26/384
f 2697/103/396 2616/16/374 2653/53/374
f 2653/53/374 2638/38/480 2697/103/396
f 2672/76/429 2675/79/432 2699/105/453
f 2699/105/453 2698/104/452 2672/76/429
f 2658/58/415 2700/106/454 2701/107/455
f 2701/107/455 2659/59/416 2658/58/415
f 2658/58/415 2688/93/444 2702/108/456
f 2702/108/456 2700/106/454 2658/58/415
f 2653/53/374 2616/16/374 2615/15/15
f 2615/15/15 2695/101/15 2653/53/374
f 2637/37/395 2696/102/451 2623/23/381
f 2623/23/381 2622/22/380 2637/37/395
f 2626/26/384 2698/104/452 2646/46/404
f 2646/46/404 2645/45/403 2626/26/384
f 2698/104/452 2699/105/453 2656/56/413
f 2656/56/413 2646/46/404 2698/104/452
f 2700/106/454 2680/84/437 2679/83/436
f 2679/83/436 2701/107/455 2700/106/454
f 2680/84/437 2700/106/454 2702/108/456
f 2702/108/456 2689/94/445 2680/84/437
f 2691/97/447 2661/63/418 2660/62/417
f 2660/62/417 2692/98/448 2691/97/447
f 2693/99/449 2664/67/421 2668/72/425
f 2668/72/425 2694/100/450 2693/99/449
f 2648/48/406 2664/67/421 2693/99/449
f 2693/99/449 2645/45/403 2648/48/406
f 2622/22/380 2621/21/379 2670/74/427
f 2670/74/427 2697/103/396 2622/22/380
f 2670/74/427 2613/13/372 2616/16/374
f 2616/16/374 2697/103/396 2670/74/427
f 2602/2/361 2696/102/451 2662/64/419
f 2662/64/419 2603/3/362 2602/2/361
f 2628/28/386 2627/27/385 2606/6/365
f 2606/6/365 2605/5/364 2628/28/386
f 2682/109/439 2665/110/422 2611/11/370
f 2611/11/370 2610/10/369 2682/109/439
f 2663/111/420 2685/90/442 2634/34/392
f 2634/34/392 2633/33/391 2663/111/420
f 2665/68/422 2624/24/382 2660/62/417
f 2660/62/417 2611/61/370 2665/68/422
f 2636/70/394 2628/28/386 2605/5/364
f 2605/5/364 2633/66/391 2636/70/394
f 2690/112/446 2604/4/363 2603/3/362
f 2603/3/362 2666/69/423 2690/112/446
f 2676/80/433 2703/113/457 2668/72/425
f 2668/72/425 2667/71/462 2676/80/433
f 2632/32/482 2631/114/461 2677/81/434
f 2677/81/434 2667/71/462 2632/32/482
f 2619/115/377 2635/35/393 2634/34/392
f 2634/34/392 2684/89/441 2619/115/377
f 2631/114/461 2682/109/439 2610/10/369
f 2610/10/369 2677/81/434 2631/114/461
f 2620/116/378 2619/115/377 2684/89/441
f 2684/89/441 2666/96/423 2620/116/378
f 2623/23/381 2696/102/451 2602/2/361
f 2602/2/361 2692/98/448 2623/23/381
f 2704/117/458 2607/7/366 2606/6/365
f 2606/6/365 2694/100/450 2704/117/458
f 2624/24/382 2623/23/381 2692/98/448
f 2692/98/448 2660/62/417 2624/24/382
f 2703/113/457 2704/117/458 2694/100/450
f 2694/100/450 2668/72/425 2703/113/457
f 2655/55/412 2689/94/445 2615/15/15
f 2615/15/15 2614/14/373 2655/55/412
f 2689/94/445 2702/108/456 2695/101/15
f 2695/101/15 2615/15/15 2689/94/445
f 2702/108/456 2688/93/444 2673/77/430
f 2673/77/430 2695/101/15 2702/108/456
f 2657/57/414 2656/56/413 2679/83/436
f 2679/83/436 2674/78/431 2657/57/414
f 2656/56/413 2699/105/453 2701/107/455
f 2701/107/455 2679/83/436 2656/56/413
f 2701/107/455 2699/105/453 2675/79/432
f 2675/79/432 2659/59/416 2701/107/455
f 2705/1/242 2706/2/243 2707/3/244
f 2707/3/244 2708/4/245 2705/1/242
f 2709/5/246 2710/6/247 2711/7/248
f 2711/7/248 2712/8/249 2709/5/246
f 2713/9/250 2714/10/251 2715/11/252
f 2715/11/252 2716/12/253 2713/9/250
f 2717/13/346 2718/14/255 2719/15/15
f 2719/15/15 2720/16/256 2717/13/346
f 2721/17/257 2722/18/590 2723/19/358
f 2723/19/358 2724/20/260 2721/17/257
f 2725/21/352 2726/22/262 2727/23/263
f 2727/23/263 2728/24/264 2725/21/352
f 2729/25/265 2730/26/266 2731/27/267
f 2731/27/267 2732/28/268 2729/25/265
f 2733/29/269 2734/30/270 2735/31/271
f 2735/31/271 2736/32/272 2733/29/269
f 2737/33/273 2738/34/274 2739/35/344
f 2739/35/344 2740/36/276 2737/33/273
f 2741/37/277 2742/38/278 2743/39/279
f 2743/39/279 2744/40/280 2741/37/277
f 2745/41/281 2746/42/282 2747/43/283
f 2747/43/283 2748/44/284 2745/41/281
f 2749/45/285 2750/46/286 2751/47/287
f 2751/47/287 2752/48/288 2749/45/285
f 2753/49/289 2754/50/290 2755/51/291
f 2755/51/291 2756/52/292 2753/49/289
f 2743/39/279 2742/38/278 2757/53/256
f 2757/53/256 2758/54/293 2743/39/279
f 2746/42/282 2759/55/294 2718/14/255
f 2718/14/255 2747/43/283 2746/42/282
f 2751/47/287 2750/46/286 2760/56/295
f 2760/56/295 2761/57/296 2751/47/287
f 2754/50/290 2762/58/297 2763/59/298
f 2763/59/298 2755/51/291 2754/50/290
f 2716/60/253 2715/61/252 2764/62/299
f 2764/62/299 2765/63/300 2716/60/253
f 2744/40/280 2721/17/257 2724/20/260
f 2724/20/260 2766/64/301 2744/40/280
f 2767/65/302 2737/66/273 2709/5/246
f 2709/5/246 2712/8/249 2767/65/302
f 2752/48/288 2733/29/269 2736/32/272
f 2736/32/272 2768/67/303 2752/48/288
f 2728/24/264 2769/68/304 2748/44/284
f 2748/44/284 2725/21/352 2728/24/264
f 2724/20/260 2770/69/305 2707/3/244
f 2707/3/244 2766/64/301 2724/20/260
f 2732/28/268 2740/70/276 2756/52/292
f 2756/52/292 2729/25/265 2732/28/268
f 2736/32/272 2771/71/306 2772/72/307
f 2772/72/307 2768/67/303 2736/32/272
f 2721/17/257 2744/40/280 2743/39/279
f 2743/39/279 2773/73/308 2721/17/257
f 2725/21/352 2748/44/284 2747/43/283
f 2747/43/283 2774/74/309 2725/21/352
f 2733/29/269 2752/48/288 2751/47/287
f 2751/47/287 2775/75/310 2733/29/269
f 2729/25/265 2756/52/292 2755/51/291
f 2755/51/291 2776/76/311 2729/25/265
f 2773/73/308 2743/39/279 2758/54/293
f 2758/54/293 2777/77/312 2773/73/308
f 2774/74/309 2747/43/283 2718/14/255
f 2718/14/255 2717/13/346 2774/74/309
f 2775/75/310 2751/47/287 2761/57/296
f 2761/57/296 2778/78/313 2775/75/310
f 2776/76/311 2755/51/291 2763/59/298
f 2763/59/298 2779/79/314 2776/76/311
f 2780/80/315 2771/71/306 2781/81/316
f 2781/81/316 2782/82/317 2780/80/315
f 2778/78/313 2783/83/318 2784/84/319
f 2784/84/319 2785/85/320 2778/78/313
f 2756/52/292 2740/70/276 2739/86/344
f 2739/86/344 2753/49/289 2756/52/292
f 2745/41/281 2786/87/321 2735/31/271
f 2735/31/271 2734/30/270 2745/41/281
f 2787/88/322 2788/89/323 2738/34/274
f 2738/34/274 2789/90/324 2787/88/322
f 2734/30/270 2733/29/269 2775/75/310
f 2775/75/310 2790/91/325 2734/30/270
f 2722/18/590 2791/92/345 2754/50/290
f 2754/50/290 2753/49/289 2722/18/590
f 2775/75/310 2778/78/313 2785/85/320
f 2785/85/320 2790/91/325 2775/75/310
f 2791/92/345 2792/93/327 2762/58/297
f 2762/58/297 2754/50/290 2791/92/345
f 2782/82/317 2781/81/316 2714/10/251
f 2714/10/251 2713/9/250 2782/82/317
f 2785/85/320 2784/84/319 2793/94/328
f 2793/94/328 2759/55/294 2785/85/320
f 2753/49/289 2739/86/344 2723/19/358
f 2723/19/358 2722/18/590 2753/49/289
f 2734/30/270 2790/91/325 2746/42/282
f 2746/42/282 2745/41/281 2734/30/270
f 2790/91/325 2785/85/320 2759/55/294
f 2759/55/294 2746/42/282 2790/91/325
f 2748/44/284 2769/68/304 2786/87/321
f 2786/87/321 2745/41/281 2748/44/284
f 2794/95/329 2770/96/305 2788/89/323
f 2788/89/323 2787/88/322 2794/95/329
f 2722/18/590 2721/17/257 2773/73/308
f 2773/73/308 2791/92/345 2722/18/590
f 2773/73/308 2777/77/312 2792/93/327
f 2792/93/327 2791/92/345 2773/73/308
f 2795/97/330 2796/98/331 2706/2/243
f 2706/2/243 2705/1/242 2795/97/330
f 2731/27/267 2797/99/332 2798/100/333
f 2798/100/333 2710/6/247 2731/27/267
f 2758/54/293 2757/53/256 2799/101/15
f 2799/101/15 2777/77/312 2758/54/293
f 2744/40/280 2766/64/301 2800/102/334
f 2800/102/334 2741/37/277 2744/40/280
f 2749/45/285 2797/99/332 2731/27/267
f 2731/27/267 2730/26/266 2749/45/285
f 2726/22/262 2801/103/278 2742/38/278
f 2742/38/278 2741/37/277 2726/22/262
f 2730/26/266 2729/25/265 2776/76/311
f 2776/76/311 2802/104/335 2730/26/266
f 2801/103/278 2720/16/256 2757/53/256
f 2757/53/256 2742/38/278 2801/103/278
f 2776/76/311 2779/79/314 2803/105/336
f 2803/105/336 2802/104/335 2776/76/311
f 2762/58/297 2804/106/337 2805/107/338
f 2805/107/338 2763/59/298 2762/58/297
f 2762/58/297 2792/93/327 2806/108/339
f 2806/108/339 2804/106/337 2762/58/297
f 2757/53/256 2720/16/256 2719/15/15
f 2719/15/15 2799/101/15 2757/53/256
f 2741/37/277 2800/102/334 2727/23/263
f 2727/23/263 2726/22/262 2741/37/277
f 2730/26/266 2802/104/335 2750/46/286
f 2750/46/286 2749/45/285 2730/26/266
f 2802/104/335 2803/105/336 2760/56/295
f 2760/56/295 2750/46/286 2802/104/335
f 2804/106/337 2784/84/319 2783/83/318
f 2783/83/318 2805/107/338 2804/106/337
f 2784/84/319 2804/106/337 2806/108/339
f 2806/108/339 2793/94/328 2784/84/319
f 2795/97/330 2765/63/300 2764/62/299
f 2764/62/299 2796/98/331 2795/97/330
f 2797/99/332 2768/67/303 2772/72/307
f 2772/72/307 2798/100/333 2797/99/332
f 2752/48/288 2768/67/303 2797/99/332
f 2797/99/332 2749/45/285 2752/48/288
f 2726/22/262 2725/21/352 2774/74/309
f 2774/74/309 2801/103/278 2726/22/262
f 2774/74/309 2717/13/346 2720/16/256
f 2720/16/256 2801/103/278 2774/74/309
f 2706/2/243 2800/102/334 2766/64/301
f 2766/64/301 2707/3/244 2706/2/243
f 2732/28/268 2731/27/267 2710/6/247
f 2710/6/247 2709/5/246 2732/28/268
f 2786/109/321 2769/110/304 2715/11/252
f 2715/11/252 2714/10/251 2786/109/321
f 2767/111/302 2789/90/324 2738/34/274
f 2738/34/274 2737/33/273 2767/111/302
f 2769/68/304 2728/24/264 2764/62/299
f 2764/62/299 2715/61/252 2769/68/304
f 2740/70/276 2732/28/268 2709/5/246
f 2709/5/246 2737/66/273 2740/70/276
f 2794/112/329 2708/4/245 2707/3/244
f 2707/3/244 2770/69/305 2794/112/329
f 2780/80/315 2807/113/340 2772/72/307
f 2772/72/307 2771/71/306 2780/80/315
f 2736/32/272 2735/114/271 2781/81/316
f 2781/81/316 2771/71/306 2736/32/272
f 2723/115/358 2739/35/344 2738/34/274
f 2738/34/274 2788/89/323 2723/115/358
f 2735/114/271 2786/109/321 2714/10/251
f 2714/10/251 2781/81/316 2735/114/271
f 2724/116/260 2723/115/358 2788/89/323
f 2788/89/323 2770/96/305 2724/116/260
f 2727/23/263 2800/102/334 2706/2/243
f 2706/2/243 2796/98/331 2727/23/263
f 2808/117/341 2711/7/248 2710/6/247
f 2710/6/247 2798/100/333 2808/117/341
f 2728/24/264 2727/23/263 2796/98/331
f 2796/98/331 2764/62/299 2728/24/264
f 2807/113/340 2808/117/341 2798/100/333
f 2798/100/333 2772/72/307 2807/113/340
f 2759/55/294 2793/94/328 2719/15/15
f 2719/15/15 2718/14/255 2759/55/294
f 2793/94/328 2806/108/339 2799/101/15
f 2799/101/15 2719/15/15 2793/94/328
f 2806/108/339 2792/93/327 2777/77/312
f 2777/77/312 2799/101/15 2806/108/339
f 2761/57/296 2760/56/295 2783/83/318
f 2783/83/318 2778/78/313 2761/57/296
f 2760/56/295 2803/105/336 2805/107/338
f 2805/107/338 2783/83/318 2760/56/295
f 2805/107/338 2803/105/336 2779/79/314
f 2779/79/314 2763/59/298 2805/107/338
f 2809/1/591 2810/2/592 2811/3/593
f 2811/3/593 2812/4/594 2809/1/591
f 2813/5/595 2814/6/596 2815/7/597
f 2815/7/597 2816/8/598 2813/5/595
f 2817/9/599 2818/10/600 2819/11/601
f 2819/11/601 2820/12/602 2817/9/599
f 2821/13/603 2822/14/604 2823/15/15
f 2823/15/15 2824/16/605 2821/13/603
f 2825/17/606 2826/18/607 2827/19/608
f 2827/19/608 2828/20/609 2825/17/606
f 2829/21/610 2830/22/611 2831/23/612
f 2831/23/612 2832/24/613 2829/21/610
f 2833/25/614 2834/26/615 2835/27/616
f 2835/27/616 2836/28/617 2833/25/614
f 2837/29/618 2838/30/619 2839/31/620
f 2839/31/620 2840/32/621 2837/29/618
f 2841/33/622 2842/34/623 2843/35/624
f 2843/35/624 2844/36/625 2841/33/622
f 2845/37/626 2846/38/627 2847/39/628
f 2847/39/628 2848/40/629 2845/37/626
f 2849/41/630 2850/42/631 2851/43/632
f 2851/43/632 2852/44/633 2849/41/630
f 2853/45/634 2854/46/635 2855/47/636
f 2855/47/636 2856/48/637 2853/45/634
f 2857/49/638 2858/50/639 2859/51/640
f 2859/51/640 2860/52/641 2857/49/638
f 2847/39/628 2846/38/627 2861/53/605
f 2861/53/605 2862/54/642 2847/39/628
f 2850/42/631 2863/55/643 2822/14/604
f 2822/14/604 2851/43/632 2850/42/631
f 2855/47/636 2854/46/635 2864/56/644
f 2864/56/644 2865/57/645 2855/47/636
f 2858/50/639 2866/58/646 2867/59/647
f 2867/59/647 2859/51/640 2858/50/639
f 2820/60/602 2819/61/601 2868/62/648
f 2868/62/648 2869/63/649 2820/60/602
f 2848/40/629 2825/17/606 2828/20/609
f 2828/20/609 2870/64/650 2848/40/629
f 2871/65/651 2841/66/622 2813/5/595
f 2813/5/595 2816/8/598 2871/65/651
f 2856/48/637 2837/29/618 2840/32/621
f 2840/32/621 2872/67/652 2856/48/637
f 2832/24/613 2873/68/653 2852/44/633
f 2852/44/633 2829/21/610 2832/24/613
f 2828/20/609 2874/69/654 2811/3/593
f 2811/3/593 2870/64/650 2828/20/609
f 2836/28/617 2844/70/625 2860/52/641
f 2860/52/641 2833/25/614 2836/28/617
f 2840/32/621 2875/71/655 2876/72/656
f 2876/72/656 2872/67/652 2840/32/621
f 2825/17/606 2848/40/629 2847/39/628
f 2847/39/628 2877/73/657 2825/17/606
f 2829/21/610 2852/44/633 2851/43/632
f 2851/43/632 2878/74/658 2829/21/610
f 2837/29/618 2856/48/637 2855/47/636
f 2855/47/636 2879/75/659 2837/29/618
f 2833/25/614 2860/52/641 2859/51/640
f 2859/51/640 2880/76/660 2833/25/614
f 2877/73/657 2847/39/628 2862/54/642
f 2862/54/642 2881/77/661 2877/73/657
f 2878/74/658 2851/43/632 2822/14/604
f 2822/14/604 2821/13/603 2878/74/658
f 2879/75/659 2855/47/636 2865/57/645
f 2865/57/645 2882/78/662 2879/75/659
f 2880/76/660 2859/51/640 2867/59/647
f 2867/59/647 2883/79/663 2880/76/660
f 2884/80/664 2875/71/655 2885/81/665
f 2885/81/665 2886/82/666 2884/80/664
f 2882/78/662 2887/83/667 2888/84/668
f 2888/84/668 2889/85/669 2882/78/662
f 2860/52/641 2844/70/625 2843/86/624
f 2843/86/624 2857/49/638 2860/52/641
f 2849/41/630 2890/87/670 2839/31/620
f 2839/31/620 2838/30/619 2849/41/630
f 2891/88/671 2892/89/672 2842/34/623
f 2842/34/623 2893/90/673 2891/88/671
f 2838/30/619 2837/29/618 2879/75/659
f 2879/75/659 2894/91/631 2838/30/619
f 2826/18/607 2895/92/674 2858/50/639
f 2858/50/639 2857/49/638 2826/18/607
f 2879/75/659 2882/78/662 2889/85/669
f 2889/85/669 2894/91/631 2879/75/659
f 2895/92/674 2896/93/675 2866/58/646
f 2866/58/646 2858/50/639 2895/92/674
f 2886/82/666 2885/81/665 2818/10/600
f 2818/10/600 2817/9/599 2886/82/666
f 2889/85/669 2888/84/668 2897/94/676
f 2897/94/676 2863/55/643 2889/85/669
f 2857/49/638 2843/86/624 2827/19/608
f 2827/19/608 2826/18/607 2857/49/638
f 2838/30/619 2894/91/631 2850/42/631
f 2850/42/631 2849/41/630 2838/30/619
f 2894/91/631 2889/85/669 2863/55/643
f 2863/55/643 2850/42/631 2894/91/631
f 2852/44/633 2873/68/653 2890/87/670
f 2890/87/670 2849/41/630 2852/44/633
f 2898/95/677 2874/96/654 2892/89/672
f 2892/89/672 2891/88/671 2898/95/677
f 2826/18/607 2825/17/606 2877/73/657
f 2877/73/657 2895/92/674 2826/18/607
f 2877/73/657 2881/77/661 2896/93/675
f 2896/93/675 2895/92/674 2877/73/657
f 2899/97/678 2900/98/679 2810/2/592
f 2810/2/592 2809/1/591 2899/97/678
f 2835/27/616 2901/99/680 2902/100/681
f 2902/100/681 2814/6/596 2835/27/616
f 2862/54/642 2861/53/605 2903/101/15
f 2903/101/15 2881/77/661 2862/54/642
f 2848/40/629 2870/64/650 2904/102/682
f 2904/102/682 2845/37/626 2848/40/629
f 2853/45/634 2901/99/680 2835/27/616
f 2835/27/616 2834/26/615 2853/45/634
f 2830/22/611 2905/103/627 2846/38/627
f 2846/38/627 2845/37/626 2830/22/611
f 2834/26/615 2833/25/614 2880/76/660
f 2880/76/660 2906/104/683 2834/26/615
f 2905/103/627 2824/16/605 2861/53/605
f 2861/53/605 2846/38/627 2905/103/627
f 2880/76/660 2883/79/663 2907/105/684
f 2907/105/684 2906/104/683 2880/76/660
f 2866/58/646 2908/106/685 2909/107/686
f 2909/107/686 2867/59/647 2866/58/646
f 2866/58/646 2896/93/675 2910/108/687
f 2910/108/687 2908/106/685 2866/58/646
f 2861/53/605 2824/16/605 2823/15/15
f 2823/15/15 2903/101/15 2861/53/605
f 2845/37/626 2904/102/682 2831/23/612
f 2831/23/612 2830/22/611 2845/37/626
f 2834/26/615 2906/104/683 2854/46/635
f 2854/46/635 2853/45/634 2834/26/615
f 2906/104/683 2907/105/684 2864/56/644
f 2864/56/644 2854/46/635 2906/104/683
f 2908/106/685 2888/84/668 2887/83/667
f 2887/83/667 2909/107/686 2908/106/685
f 2888/84/668 2908/106/685 2910/108/687
f 2910/108/687 2897/94/676 2888/84/668
f 2899/97/678 2869/63/649 2868/62/648
f 2868/62/648 2900/98/679 2899/97/678
f 2901/99/680 2872/67/652 2876/72/656
f 2876/72/656 2902/100/681 2901/99/680
f 2856/48/637 2872/67/652 2901/99/680
f 2901/99/680 2853/45/634 2856/48/637
f 2830/22/611 2829/21/610 2878/74/658
f 2878/74/658 2905/103/627 2830/22/611
f 2878/74/658 2821/13/603 2824/16/605
f 2824/16/605 2905/103/627 2878/74/658
f 2810/2/592 2904/102/682 2870/64/650
f 2870/64/650 2811/3/593 2810/2/592
f 2836/28/617 2835/27/616 2814/6/596
f 2814/6/596 2813/5/595 2836/28/617
f 2890/109/670 2873/110/653 2819/11/601
f 2819/11/601 2818/10/600 2890/109/670
f 2871/111/651 2893/90/673 2842/34/623
f 2842/34/623 2841/33/622 2871/111/651
f 2873/68/653 2832/24/613 2868/62/648
f 2868/62/648 2819/61/601 2873/68/653
f 2844/70/625 2836/28/617 2813/5/595
f 2813/5/595 2841/66/622 2844/70/625
f 2898/112/677 2812/4/594 2811/3/593
f 2811/3/593 2874/69/654 2898/112/677
f 2884/80/664 2911/113/688 2876/72/656
f 2876/72/656 2875/71/655 2884/80/664
f 2840/32/621 2839/114/620 2885/81/665
f 2885/81/665 2875/71/655 2840/32/621
f 2827/115/608 2843/35/624 2842/34/623
f 2842/34/623 2892/89/672 2827/115/608
f 2839/114/620 2890/109/670 2818/10/600
f 2818/10/600 2885/81/665 2839/114/620
f 2828/116/609 2827/115/608 2892/89/672
f 2892/89/672 2874/96/654 2828/116/609
f 2831/23/612 2904/102/682 2810/2/592
f 2810/2/592 2900/98/679 2831/23/612
f 2912/117/689 2815/7/597 2814/6/596
f 2814/6/596 2902/100/681 2912/117/689
f 2832/24/613 2831/23/612 2900/98/679
f 2900/98/679 2868/62/648 2832/24/613
f 2911/113/688 2912/117/689 2902/100/681
f 2902/100/681 2876/72/656 2911/113/688
f 2863/55/643 2897/94/676 2823/15/15
f 2823/15/15 2822/14/604 2863/55/643
f 2897/94/676 2910/108/687 2903/101/15
f 2903/101/15 2823/15/15 2897/94/676
f 2910/108/687 2896/93/675 2881/77/661
f 2881/77/661 2903/101/15 2910/108/687
f 2865/57/645 2864/56/644 2887/83/667
f 2887/83/667 2882/78/662 2865/57/645
f 2864/56/644 2907/105/684 2909/107/686
f 2909/107/686 2887/83/667 2864/56/644
f 2909/107/686 2907/105/684 2883/79/663
f 2883/79/663 2867/59/647 2909/107/686
f 2913/1/690 2914/2/691 2915/3/692
f 2915/3/692 2916/4/693 2913/1/690
f 2917/5/694 2918/6/695 2919/7/696
f 2919/7/696 2920/8/697 2917/5/694
f 2921/9/698 2922/10/699 2923/11/700
f 2923/11/700 2924/12/701 2921/9/698
f 2925/13/702 2926/14/703 2927/15/15
f 2927/15/15 2928/16/704 2925/13/702
f 2929/17/705 2930/18/706 2931/19/707
f 2931/19/707 2932/20/708 2929/17/705
f 2933/21/709 2934/22/710 2935/23/711
f 2935/23/711 2936/24/712 2933/21/709
f 2937/25/713 2938/26/714 2939/27/715
f 2939/27/715 2940/28/716 2937/25/713
f 2941/29/717 2942/30/718 2943/31/719
f 2943/31/719 2944/32/720 2941/29/717
f 2945/33/721 2946/34/722 2947/35/723
f 2947/35/723 2948/36/724 2945/33/721
f 2949/37/725 2950/38/726 2951/39/727
f 2951/39/727 2952/40/728 2949/37/725
f 2953/41/729 2954/42/730 2955/43/731
f 2955/43/731 2956/44/732 2953/41/729
f 2957/45/733 2958/46/734 2959/47/735
f 2959/47/735 2960/48/736 2957/45/733
f 2961/49/737 2962/50/738 2963/51/739
f 2963/51/739 2964/52/740 2961/49/737
f 2951/39/727 2950/38/726 2965/53/704
f 2965/53/704 2966/54/741 2951/39/727
f 2954/42/730 2967/55/742 2926/14/703
f 2926/14/703 2955/43/731 2954/42/730
f 2959/47/735 2958/46/734 2968/56/743
f 2968/56/743 2969/57/744 2959/47/735
f 2962/50/738 2970/58/745 2971/59/746
f 2971/59/746 2963/51/739 2962/50/738
f 2924/60/701 2923/61/700 2972/62/747
f 2972/62/747 2973/63/748 2924/60/701
f 2952/40/728 2929/17/705 2932/20/708
f 2932/20/708 2974/64/749 2952/40/728
f 2975/65/750 2945/66/721 2917/5/694
f 2917/5/694 2920/8/697 2975/65/750
f 2960/48/736 2941/29/717 2944/32/720
f 2944/32/720 2976/67/751 2960/48/736
f 2936/24/712 2977/68/752 2956/44/732
f 2956/44/732 2933/21/709 2936/24/712
f 2932/20/708 2978/69/753 2915/3/692
f 2915/3/692 2974/64/749 2932/20/708
f 2940/28/716 2948/70/724 2964/52/740
f 2964/52/740 2937/25/713 2940/28/716
f 2944/32/720 2979/71/754 2980/72/755
f 2980/72/755 2976/67/751 2944/32/720
f 2929/17/705 2952/40/728 2951/39/727
f 2951/39/727 2981/73/756 2929/17/705
f 2933/21/709 2956/44/732 2955/43/731
f 2955/43/731 2982/74/757 2933/21/709
f 2941/29/717 2960/48/736 2959/47/735
f 2959/47/735 2983/75/758 2941/29/717
f 2937/25/713 2964/52/740 2963/51/739
f 2963/51/739 2984/76/759 2937/25/713
f 2981/73/756 2951/39/727 2966/54/741
f 2966/54/741 2985/77/760 2981/73/756
f 2982/74/757 2955/43/731 2926/14/703
f 2926/14/703 2925/13/702 2982/74/757
f 2983/75/758 2959/47/735 2969/57/744
f 2969/57/744 2986/78/761 2983/75/758
f 2984/76/759 2963/51/739 2971/59/746
f 2971/59/746 2987/79/762 2984/76/759
f 2988/80/763 2979/71/754 2989/81/764
f 2989/81/764 2990/82/765 2988/80/763
f 2986/78/761 2991/83/766 2992/84/767
f 2992/84/767 2993/85/768 2986/78/761
f 2964/52/740 2948/70/724 2947/86/723
f 2947/86/723 2961/49/737 2964/52/740
f 2953/41/729 2994/87/769 2943/31/719
f 2943/31/719 2942/30/718 2953/41/729
f 2995/88/770 2996/89/771 2946/34/722
f 2946/34/722 2997/90/772 2995/88/770
f 2942/30/718 2941/29/717 2983/75/758
f 2983/75/758 2998/91/773 2942/30/718
f 2930/18/706 2999/92/774 2962/50/738
f 2962/50/738 2961/49/737 2930/18/706
f 2983/75/758 2986/78/761 2993/85/768
f 2993/85/768 2998/91/773 2983/75/758
f 2999/92/774 3000/93/775 2970/58/745
f 2970/58/745 2962/50/738 2999/92/774
f 2990/82/765 2989/81/764 2922/10/699
f 2922/10/699 2921/9/698 2990/82/765
f 2993/85/768 2992/84/767 3001/94/776
f 3001/94/776 2967/55/742 2993/85/768
f 2961/49/737 2947/86/723 2931/19/707
f 2931/19/707 2930/18/706 2961/49/737
f 2942/30/718 2998/91/773 2954/42/730
f 2954/42/730 2953/41/729 2942/30/718
f 2998/91/773 2993/85/768 2967/55/742
f 2967/55/742 2954/42/730 2998/91/773
f 2956/44/732 2977/68/752 2994/87/769
f 2994/87/769 2953/41/729 2956/44/732
f 3002/95/777 2978/96/753 2996/89/771
f 2996/89/771 2995/88/770 3002/95/777
f 2930/18/706 2929/17/705 2981/73/756
f 2981/73/756 2999/92/774 2930/18/706
f 2981/73/756 2985/77/760 3000/93/775
f 3000/93/775 2999/92/774 2981/73/756
f 3003/97/778 3004/98/779 2914/2/691
f 2914/2/691 2913/1/690 3003/97/778
f 2939/27/715 3005/99/780 3006/100/781
f 3006/100/781 2918/6/695 2939/27/715
f 2966/54/741 2965/53/704 3007/101/15
f 3007/101/15 2985/77/760 2966/54/741
f 2952/40/728 2974/64/749 3008/102/782
f 3008/102/782 2949/37/725 2952/40/728
f 2957/45/733 3005/99/780 2939/27/715
f 2939/27/715 2938/26/714 2957/45/733
f 2934/22/710 3009/103/726 2950/38/726
f 2950/38/726 2949/37/725 2934/22/710
f 2938/26/714 2937/25/713 2984/76/759
f 2984/76/759 3010/104/783 2938/26/714
f 3009/103/726 2928/16/704 2965/53/704
f 2965/53/704 2950/38/726 3009/103/726
f 2984/76/759 2987/79/762 3011/105/784
f 3011/105/784 3010/104/783 2984/76/759
f 2970/58/745 3012/106/785 3013/107/786
f 3013/107/786 2971/59/746 2970/58/745
f 2970/58/745 3000/93/775 3014/108/787
f 3014/108/787 3012/106/785 2970/58/745
f 2965/53/704 2928/16/704 2927/15/15
f 2927/15/15 3007/101/15 2965/53/704
f 2949/37/725 3008/102/782 2935/23/711
f 2935/23/711 2934/22/710 2949/37/725
f 2938/26/714 3010/104/783 2958/46/734
f 2958/46/734 2957/45/733 2938/26/714
f 3010/104/783 3011/105/784 2968/56/743
f 2968/56/743 2958/46/734 3010/104/783
f 3012/106/785 2992/84/767 2991/83/766
f 2991/83/766 3013/107/786 3012/106/785
f 2992/84/767 3012/106/785 3014/108/787
f 3014/108/787 3001/94/776 2992/84/767
f 3003/97/778 2973/63/748 2972/62/747
f 2972/62/747 3004/98/779 3003/97/778
f 3005/99/780 2976/67/751 2980/72/755
f 2980/72/755 3006/100/781 3005/99/780
f 2960/48/736 2976/67/751 3005/99/780
f 3005/99/780 2957/45/733 2960/48/736
f 2934/22/710 2933/21/709 2982/74/757
f 2982/74/757 3009/103/726 2934/22/710
f 2982/74/757 2925/13/702 2928/16/704
f 2928/16/704 3009/103/726 2982/74/757
f 2914/2/691 3008/102/782 2974/64/749
f 2974/64/749 2915/3/692 2914/2/691
f 2940/28/716 2939/27/715 2918/6/695
f 2918/6/695 2917/5/694 2940/28/716
f 2994/109/769 2977/110/752 2923/11/700
f 2923/11/700 2922/10/699 2994/109/769
f 2975/111/750 2997/90/772 2946/34/722
f 2946/34/722 2945/33/721 2975/111/750
f 2977/68/752 2936/24/712 2972/62/747
f 2972/62/747 2923/61/700 2977/68/752
f 2948/70/724 2940/28/716 2917/5/694
f 2917/5/694 2945/66/721 2948/70/724
f 3002/112/777 2916/4/693 2915/3/692
f 2915/3/692 2978/69/753 3002/112/777
f 2988/80/763 3015/113/788 2980/72/755
f 2980/72/755 2979/71/754 2988/80/763
f 2944/32/720 2943/114/719 2989/81/764
f 2989/81/764 2979/71/754 2944/32/720
f 2931/115/707 2947/35/723 2946/34/722
f 2946/34/722 2996/89/771 2931/115/707
f 2943/114/719 2994/109/769 2922/10/699
f 2922/10/699 2989/81/764 2943/114/719
f 2932/116/708 2931/115/707 2996/89/771
f 2996/89/771 2978/96/753 2932/116/708
f 2935/23/711 3008/102/782 2914/2/691
f 2914/2/691 3004/98/779 2935/23/711
f 3016/117/789 2919/7/696 2918/6/695
f 2918/6/695 3006/100/781 3016/117/789
f 2936/24/712 2935/23/711 3004/98/779
f 3004/98/779 2972/62/747 2936/24/712
f 3015/113/788 3016/117/789 3006/100/781
f 3006/100/781 2980/72/755 3015/113/788
f 2967/55/742 3001/94/776 2927/15/15
f 2927/15/15 2926/14/703 2967/55/742
f 3001/94/776 3014/108/787 3007/101/15
f 3007/101/15 2927/15/15 3001/94/776
f 3014/108/787 3000/93/775 2985/77/760
f 2985/77/760 3007/101/15 3014/108/787
f 2969/57/744 2968/56/743 2991/83/766
f 2991/83/766 2986/78/761 2969/57/744
f 2968/56/743 3011/105/784 3013/107/786
f 3013/107/786 2991/83/766 2968/56/743
f 3013/107/786 3011/105/784 2987/79/762
f 2987/79/762 2971/59/746 3013/107/786
f 3017/1/591 3018/2/592 3019/3/790
f 3019/3/790 3020/4/594 3017/1/591
f 3021/5/595 3022/6/596 3023/7/597
f 3023/7/597 3024/8/598 3021/5/595
f 3025/9/599 3026/10/600 3027/11/601
f 3027/11/601 3028/12/602 3025/9/599
f 3029/13/603 3030/14/604 3031/15/15
f 3031/15/15 3032/16/605 3029/13/603
f 3033/17/606 3034/18/607 3035/19/608
f 3035/19/608 3036/20/609 3033/17/606
f 3037/21/610 3038/22/611 3039/23/612
f 3039/23/612 3040/24/613 3037/21/610
f 3041/25/614 3042/26/615 3043/27/616
f 3043/27/616 3044/28/617 3041/25/614
f 3045/29/618 3046/30/619 3047/31/620
f 3047/31/620 3048/32/621 3045/29/618
f 3049/33/622 3050/34/623 3051/35/624
f 3051/35/624 3052/36/625 3049/33/622
f 3053/37/626 3054/38/627 3055/39/628
f 3055/39/628 3056/40/629 3053/37/626
f 3057/41/630 3058/42/631 3059/43/632
f 3059/43/632 3060/44/633 3057/41/630
f 3061/45/634 3062/46/635 3063/47/636
f 3063/47/636 3064/48/637 3061/45/634
f 3065/49/638 3066/50/639 3067/51/640
f 3067/51/640 3068/52/641 3065/49/638
f 3055/39/628 3054/38/627 3069/53/605
f 3069/53/605 3070/54/642 3055/39/628
f 3058/42/631 3071/55/643 3030/14/604
f 3030/14/604 3059/43/632 3058/42/631
f 3063/47/636 3062/46/635 3072/56/644
f 3072/56/644 3073/57/645 3063/47/636
f 3066/50/639 3074/58/646 3075/59/647
f 3075/59/647 3067/51/640 3066/50/639
f 3028/60/602 3027/61/601 3076/62/648
f 3076/62/648 3077/63/649 3028/60/602
f 3056/40/629 3033/17/606 3036/20/609
f 3036/20/609 3078/64/650 3056/40/629
f 3079/65/791 3049/66/622 3021/5/595
f 3021/5/595 3024/8/598 3079/65/791
f 3064/48/637 3045/29/618 3048/32/621
f 3048/32/621 3080/67/652 3064/48/637
f 3040/24/613 3081/68/653 3060/44/633
f 3060/44/633 3037/21/610 3040/24/613
f 3036/20/609 3082/69/654 3019/3/790
f 3019/3/790 3078/64/650 3036/20/609
f 3044/28/617 3052/70/625 3068/52/641
f 3068/52/641 3041/25/614 3044/28/617
f 3048/32/621 3083/71/655 3084/72/656
f 3084/72/656 3080/67/652 3048/32/621
f 3033/17/606 3056/40/629 3055/39/628
f 3055/39/628 3085/73/657 3033/17/606
f 3037/21/610 3060/44/633 3059/43/632
f 3059/43/632 3086/74/658 3037/21/610
f 3045/29/618 3064/48/637 3063/47/636
f 3063/47/636 3087/75/659 3045/29/618
f 3041/25/614 3068/52/641 3067/51/640
f 3067/51/640 3088/76/660 3041/25/614
f 3085/73/657 3055/39/628 3070/54/642
f 3070/54/642 3089/77/661 3085/73/657
f 3086/74/658 3059/43/632 3030/14/604
f 3030/14/604 3029/13/603 3086/74/658
f 3087/75/659 3063/47/636 3073/57/645
f 3073/57/645 3090/78/662 3087/75/659
f 3088/76/660 3067/51/640 3075/59/647
f 3075/59/647 3091/79/663 3088/76/660
f 3092/80/664 3083/71/655 3093/81/665
f 3093/81/665 3094/82/666 3092/80/664
f 3090/78/662 3095/83/667 3096/84/668
f 3096/84/668 3097/85/669 3090/78/662
f 3068/52/641 3052/70/625 3051/86/624
f 3051/86/624 3065/49/638 3068/52/641
f 3057/41/630 3098/87/670 3047/31/620
f 3047/31/620 3046/30/619 3057/41/630
f 3099/88/792 3100/89/672 3050/34/623
f 3050/34/623 3101/90/673 3099/88/792
f 3046/30/619 3045/29/618 3087/75/659
f 3087/75/659 3102/91/631 3046/30/619
f 3034/18/607 3103/92/674 3066/50/639
f 3066/50/639 3065/49/638 3034/18/607
f 3087/75/659 3090/78/662 3097/85/669
f 3097/85/669 3102/91/631 3087/75/659
f 3103/92/674 3104/93/675 3074/58/646
f 3074/58/646 3066/50/639 3103/92/674
f 3094/82/666 3093/81/665 3026/10/600
f 3026/10/600 3025/9/599 3094/82/666
f 3097/85/669 3096/84/668 3105/94/676
f 3105/94/676 3071/55/643 3097/85/669
f 3065/49/638 3051/86/624 3035/19/608
f 3035/19/608 3034/18/607 3065/49/638
f 3046/30/619 3102/91/631 3058/42/631
f 3058/42/631 3057/41/630 3046/30/619
f 3102/91/631 3097/85/669 3071/55/643
f 3071/55/643 3058/42/631 3102/91/631
f 3060/44/633 3081/68/653 3098/87/670
f 3098/87/670 3057/41/630 3060/44/633
f 3106/95/677 3082/96/654 3100/89/672
f 3100/89/672 3099/88/792 3106/95/677
f 3034/18/607 3033/17/606 3085/73/657
f 3085/73/657 3103/92/674 3034/18/607
f 3085/73/657 3089/77/661 3104/93/675
f 3104/93/675 3103/92/674 3085/73/657
f 3107/97/678 3108/98/679 3018/2/592
f 3018/2/592 3017/1/591 3107/97/678
f 3043/27/616 3109/99/680 3110/100/681
f 3110/100/681 3022/6/596 3043/27/616
f 3070/54/642 3069/53/605 3111/101/15
f 3111/101/15 3089/77/661 3070/54/642
f 3056/40/629 3078/64/650 3112/102/682
f 3112/102/682 3053/37/626 3056/40/629
f 3061/45/634 3109/99/680 3043/27/616
f 3043/27/616 3042/26/615 3061/45/634
f 3038/22/611 3113/103/627 3054/38/627
f 3054/38/627 3053/37/626 3038/22/611
f 3042/26/615 3041/25/614 3088/76/660
f 3088/76/660 3114/104/683 3042/26/615
f 3113/103/627 3032/16/605 3069/53/605
f 3069/53/605 3054/38/627 3113/103/627
f 3088/76/660 3091/79/663 3115/105/684
f 3115/105/684 3114/104/683 3088/76/660
f 3074/58/646 3116/106/685 3117/107/686
f 3117/107/686 3075/59/647 3074/58/646
f 3074/58/646 3104/93/675 3118/108/687
f 3118/108/687 3116/106/685 3074/58/646
f 3069/53/605 3032/16/605 3031/15/15
f 3031/15/15 3111/101/15 3069/53/605
f 3053/37/626 3112/102/682 3039/23/612
f 3039/23/612 3038/22/611 3053/37/626
f 3042/26/615 3114/104/683 3062/46/635
f 3062/46/635 3061/45/634 3042/26/615
f 3114/104/683 3115/105/684 3072/56/644
f 3072/56/644 3062/46/635 3114/104/683
f 3116/106/685 3096/84/668 3095/83/667
f 3095/83/667 3117/107/686 3116/106/685
f 3096/84/668 3116/106/685 3118/108/687
f 3118/108/687 3105/94/676 3096/84/668
f 3107/97/678 3077/63/649 3076/62/648
f 3076/62/648 3108/98/679 3107/97/678
f 3109/99/680 3080/67/652 3084/72/656
f 3084/72/656 3110/100/681 3109/99/680
f 3064/48/637 3080/67/652 3109/99/680
f 3109/99/680 3061/45/634 3064/48/637
f 3038/22/611 3037/21/610 3086/74/658
f 3086/74/658 3113/103/627 3038/22/611
f 3086/74/658 3029/13/603 3032/16/605
f 3032/16/605 3113/103/627 3086/74/658
f 3018/2/592 3112/102/682 3078/64/650
f 3078/64/650 3019/3/790 3018/2/592
f 3044/28/617 3043/27/616 3022/6/596
f 3022/6/596 3021/5/595 3044/28/617
f 3098/109/670 3081/110/653 3027/11/601
f 3027/11/601 3026/10/600 3098/109/670
f 3079/111/791 3101/90/673 3050/34/623
f 3050/34/623 3049/33/622 3079/111/791
f 3081/68/653 3040/24/613 3076/62/648
f 3076/62/648 3027/61/601 3081/68/653
f 3052/70/625 3044/28/617 3021/5/595
f 3021/5/595 3049/66/622 3052/70/625
f 3106/112/677 3020/4/594 3019/3/790
f 3019/3/790 3082/69/654 3106/112/677
f 3092/80/664 3119/113/688 3084/72/656
f 3084/72/656 3083/71/655 3092/80/664
f 3048/32/621 3047/114/620 3093/81/665
f 3093/81/665 3083/71/655 3048/32/621
f 3035/115/608 3051/35/624 3050/34/623
f 3050/34/623 3100/89/672 3035/115/608
f 3047/114/620 3098/109/670 3026/10/600
f 3026/10/600 3093/81/665 3047/114/620
f 3036/116/609 3035/115/608 3100/89/672
f 3100/89/672 3082/96/654 3036/116/609
f 3039/23/612 3112/102/682 3018/2/592
f 3018/2/592 3108/98/679 3039/23/612
f 3120/117/689 3023/7/597 3022/6/596
f 3022/6/596 3110/100/681 3120/117/689
f 3040/24/613 3039/23/612 3108/98/679
f 3108/98/679 3076/62/648 3040/24/613
f 3119/113/688 3120/117/689 3110/100/681
f 3110/100/681 3084/72/656 3119/113/688
f 3071/55/643 3105/94/676 3031/15/15
f 3031/15/15 3030/14/604 3071/55/643
f 3105/94/676 3118/108/687 3111/101/15
f 3111/101/15 3031/15/15 3105/94/676
f 3118/108/687 3104/93/675 3089/77/661
f 3089/77/661 3111/101/15 3118/108/687
f 3073/57/645 3072/56/644 3095/83/667
f 3095/83/667 3090/78/662 3073/57/645
f 3072/56/644 3115/105/684 3117/107/686
f 3117/107/686 3095/83/667 3072/56/644
f 3117/107/686 3115/105/684 3091/79/663
f 3091/79/663 3075/59/647 3117/107/686
f 3121/1/690 3122/2/691 3123/3/692
f 3123/3/692 3124/4/693 3121/1/690
f 3125/5/694 3126/6/695 3127/7/696
f 3127/7/696 3128/8/697 3125/5/694
f 3129/9/698 3130/10/699 3131/11/700
f 3131/11/700 3132/12/701 3129/9/698
f 3133/13/702 3134/14/703 3135/15/15
f 3135/15/15 3136/16/704 3133/13/702
f 3137/17/705 3138/18/706 3139/19/707
f 3139/19/707 3140/20/708 3137/17/705
f 3141/21/709 3142/22/710 3143/23/711
f 3143/23/711 3144/24/712 3141/21/709
f 3145/25/713 3146/26/714 3147/27/715
f 3147/27/715 3148/28/716 3145/25/713
f 3149/29/717 3150/30/718 3151/31/719
f 3151/31/719 3152/32/720 3149/29/717
f 3153/33/721 3154/34/722 3155/35/723
f 3155/35/723 3156/36/724 3153/33/721
f 3157/37/725 3158/38/726 3159/39/727
f 3159/39/727 3160/40/728 3157/37/725
f 3161/41/729 3162/42/730 3163/43/731
f 3163/43/731 3164/44/732 3161/41/729
f 3165/45/733 3166/46/734 3167/47/735
f 3167/47/735 3168/48/736 3165/45/733
f 3169/49/737 3170/50/738 3171/51/739
f 3171/51/739 3172/52/740 3169/49/737
f 3159/39/727 3158/38/726 3173/53/704
f 3173/53/704 3174/54/741 3159/39/727
f 3162/42/730 3175/55/742 3134/14/703
f 3134/14/703 3163/43/731 3162/42/730
f 3167/47/735 3166/46/734 3176/56/743
f 3176/56/743 3177/57/744 3167/47/735
f 3170/50/738 3178/58/745 3179/59/746
f 3179/59/746 3171/51/739 3170/50/738
f 3132/60/701 3131/61/700 3180/62/747
f 3180/62/747 3181/63/748 3132/60/701
f 3160/40/728 3137/17/705 3140/20/708
f 3140/20/708 3182/64/749 3160/40/728
f 3183/65/750 3153/66/721 3125/5/694
f 3125/5/694 3128/8/697 3183/65/750
f 3168/48/736 3149/29/717 3152/32/720
f 3152/32/720 3184/67/751 3168/48/736
f 3144/24/712 3185/68/752 3164/44/732
f 3164/44/732 3141/21/709 3144/24/712
f 3140/20/708 3186/69/753 3123/3/692
f 3123/3/692 3182/64/749 3140/20/708
f 3148/28/716 3156/70/724 3172/52/740
f 3172/52/740 3145/25/713 3148/28/716
f 3152/32/720 3187/71/754 3188/72/755
f 3188/72/755 3184/67/751 3152/32/720
f 3137/17/705 3160/40/728 3159/39/727
f 3159/39/727 3189/73/756 3137/17/705
f 3141/21/709 3164/44/732 3163/43/731
f 3163/43/731 3190/74/757 3141/21/709
f 3149/29/717 3168/48/736 3167/47/735
f 3167/47/735 3191/75/758 3149/29/717
f 3145/25/713 3172/52/740 3171/51/739
f 3171/51/739 3192/76/759 3145/25/713
f 3189/73/756 3159/39/727 3174/54/741
f 3174/54/741 3193/77/760 3189/73/756
f 3190/74/757 3163/43/731 3134/14/703
f 3134/14/703 3133/13/702 3190/74/757
f 3191/75/758 3167/47/735 3177/57/744
f 3177/57/744 3194/78/761 3191/75/758
f 3192/76/759 3171/51/739 3179/59/746
f 3179/59/746 3195/79/762 3192/76/759
f 3196/80/763 3187/71/754 3197/81/764
f 3197/81/764 3198/82/765 3196/80/763
f 3194/78/761 3199/83/766 3200/84/767
f 3200/84/767 3201/85/768 3194/78/761
f 3172/52/740 3156/70/724 3155/86/723
f 3155/86/723 3169/49/737 3172/52/740
f 3161/41/729 3202/87/769 3151/31/719
f 3151/31/719 3150/30/718 3161/41/729
f 3203/88/793 3204/89/771 3154/34/722
f 3154/34/722 3205/90/794 3203/88/793
f 3150/30/718 3149/29/717 3191/75/758
f 3191/75/758 3206/91/773 3150/30/718
f 3138/18/706 3207/92/774 3170/50/738
f 3170/50/738 3169/49/737 3138/18/706
f 3191/75/758 3194/78/761 3201/85/768
f 3201/85/768 3206/91/773 3191/75/758
f 3207/92/774 3208/93/775 3178/58/745
f 3178/58/745 3170/50/738 3207/92/774
f 3198/82/765 3197/81/764 3130/10/699
f 3130/10/699 3129/9/698 3198/82/765
f 3201/85/768 3200/84/767 3209/94/776
f 3209/94/776 3175/55/742 3201/85/768
f 3169/49/737 3155/86/723 3139/19/707
f 3139/19/707 3138/18/706 3169/49/737
f 3150/30/718 3206/91/773 3162/42/730
f 3162/42/730 3161/41/729 3150/30/718
f 3206/91/773 3201/85/768 3175/55/742
f 3175/55/742 3162/42/730 3206/91/773
f 3164/44/732 3185/68/752 3202/87/769
f 3202/87/769 3161/41/729 3164/44/732
f 3210/95/777 3186/96/753 3204/89/771
f 3204/89/771 3203/88/793 3210/95/777
f 3138/18/706 3137/17/705 3189/73/756
f 3189/73/756 3207/92/774 3138/18/706
f 3189/73/756 3193/77/760 3208/93/775
f 3208/93/775 3207/92/774 3189/73/756
f 3211/97/778 3212/98/779 3122/2/691
f 3122/2/691 3121/1/690 3211/97/778
f 3147/27/715 3213/99/795 3214/100/781
f 3214/100/781 3126/6/695 3147/27/715
f 3174/54/741 3173/53/704 3215/101/15
f 3215/101/15 3193/77/760 3174/54/741
f 3160/40/728 3182/64/749 3216/102/782
f 3216/102/782 3157/37/725 3160/40/728
f 3165/45/733 3213/99/795 3147/27/715
f 3147/27/715 3146/26/714 3165/45/733
f 3142/22/710 3217/103/726 3158/38/726
f 3158/38/726 3157/37/725 3142/22/710
f 3146/26/714 3145/25/713 3192/76/759
f 3192/76/759 3218/104/783 3146/26/714
f 3217/103/726 3136/16/704 3173/53/704
f 3173/53/704 3158/38/726 3217/103/726
f 3192/76/759 3195/79/762 3219/105/784
f 3219/105/784 3218/104/783 3192/76/759
f 3178/58/745 3220/106/785 3221/107/786
f 3221/107/786 3179/59/746 3178/58/745
f 3178/58/745 3208/93/775 3222/108/787
f 3222/108/787 3220/106/785 3178/58/745
f 3173/53/704 3136/16/704 3135/15/15
f 3135/15/15 3215/101/15 3173/53/704
f 3157/37/725 3216/102/782 3143/23/711
f 3143/23/711 3142/22/710 3157/37/725
f 3146/26/714 3218/104/783 3166/46/734
f 3166/46/734 3165/45/733 3146/26/714
f 3218/104/783 3219/105/784 3176/56/743
f 3176/56/743 3166/46/734 3218/104/783
f 3220/106/785 3200/84/767 3199/83/766
f 3199/83/766 3221/107/786 3220/106/785
f 3200/84/767 3220/106/785 3222/108/787
f 3222/108/787 3209/94/776 3200/84/767
f 3211/97/778 3181/63/748 3180/62/747
f 3180/62/747 3212/98/779 3211/97/778
f 3213/99/795 3184/67/751 3188/72/755
f 3188/72/755 3214/100/781 3213/99/795
f 3168/48/736 3184/67/751 3213/99/795
f 3213/99/795 3165/45/733 3168/48/736
f 3142/22/710 3141/21/709 3190/74/757
f 3190/74/757 3217/103/726 3142/22/710
f 3190/74/757 3133/13/702 3136/16/704
f 3136/16/704 3217/103/726 3190/74/757
f 3122/2/691 3216/102/782 3182/64/749
f 3182/64/749 3123/3/692 3122/2/691
f 3148/28/716 3147/27/715 3126/6/695
f 3126/6/695 3125/5/694 3148/28/716
f 3202/109/769 3185/110/752 3131/11/700
f 3131/11/700 3130/10/699 3202/109/769
f 3183/111/750 3205/90/794 3154/34/722
f 3154/34/722 3153/33/721 3183/111/750
f 3185/68/752 3144/24/712 3180/62/747
f 3180/62/747 3131/61/700 3185/68/752
f 3156/70/724 3148/28/716 3125/5/694
f 3125/5/694 3153/66/721 3156/70/724
f 3210/112/777 3124/4/693 3123/3/692
f 3123/3/692 3186/69/753 3210/112/777
f 3196/80/763 3223/113/788 3188/72/755
f 3188/72/755 3187/71/754 3196/80/763
f 3152/32/720 3151/114/719 3197/81/764
f 3197/81/764 3187/71/754 3152/32/720
f 3139/115/707 3155/35/723 3154/34/722
f 3154/34/722 3204/89/771 3139/115/707
f 3151/114/719 3202/109/769 3130/10/699
f 3130/10/699 3197/81/764 3151/114/719
f 3140/116/708 3139/115/707 3204/89/771
f 3204/89/771 3186/96/753 3140/116/708
f 3143/23/711 3216/102/782 3122/2/691
f 3122/2/691 3212/98/779 3143/23/711
f 3224/117/789 3127/7/696 3126/6/695
f 3126/6/695 3214/100/781 3224/117/789
f 3144/24/712 3143/23/711 3212/98/779
f 3212/98/779 3180/62/747 3144/24/712
f 3223/113/788 3224/117/789 3214/100/781
f 3214/100/781 3188/72/755 3223/113/788
f 3175/55/742 3209/94/776 3135/15/15
f 3135/15/15 3134/14/703 3175/55/742
f 3209/94/776 3222/108/787 3215/101/15
f 3215/101/15 3135/15/15 3209/94/776
f 3222/108/787 3208/93/775 3193/77/760
f 3193/77/760 3215/101/15 3222/108/787
f 3177/57/744 3176/56/743 3199/83/766
f 3199/83/766 3194/78/761 3177/57/744
f 3176/56/743 3219/105/784 3221/107/786
f 3221/107/786 3199/83/766 3176/56/743
f 3221/107/786 3219/105/784 3195/79/762
f 3195/79/762 3179/59/746 3221/107/786
f 3225/1/796 3226/2/797 3227/3/798
f 3227/3/798 3228/4/799 3225/1/796
f 3229/5/800 3230/6/801 3231/7/802
f 3231/7/802 3232/8/803 3229/5/800
f 3233/9/804 3234/10/805 3235/11/806
f 3235/11/806 3236/12/807 3233/9/804
f 3237/13/808 3238/14/809 3239/15/15
f 3239/15/15 3240/16/810 3237/13/808
f 3241/17/811 3242/18/812 3243/19/813
f 3243/19/813 3244/20/814 3241/17/811
f 3245/21/815 3246/22/816 3247/23/817
f 3247/23/817 3248/24/818 3245/21/815
f 3249/25/819 3250/26/820 3251/27/821
f 3251/27/821 3252/28/822 3249/25/819
f 3253/29/823 3254/30/824 3255/31/825
f 3255/31/825 3256/32/826 3253/29/823
f 3257/33/827 3258/34/828 3259/35/829
f 3259/35/829 3260/36/830 3257/33/827
f 3261/37/831 3262/38/832 3263/39/833
f 3263/39/833 3264/40/834 3261/37/831
f 3265/41/835 3266/42/528 3267/43/836
f 3267/43/836 3268/44/837 3265/41/835
f 3269/45/838 3270/46/839 3271/47/840
f 3271/47/840 3272/48/841 3269/45/838
f 3273/49/842 3274/50/843 3275/51/844
f 3275/51/844 3276/52/845 3273/49/842
f 3263/39/833 3262/38/832 3277/53/810
f 3277/53/810 3278/54/846 3263/39/833
f 3266/42/528 3279/55/847 3238/14/809
f 3238/14/809 3267/43/836 3266/42/528
f 3271/47/840 3270/46/839 3280/56/848
f 3280/56/848 3281/57/849 3271/47/840
f 3274/50/843 3282/58/850 3283/59/851
f 3283/59/851 3275/51/844 3274/50/843
f 3236/60/807 3235/61/806 3284/62/852
f 3284/62/852 3285/63/853 3236/60/807
f 3264/40/834 3241/17/811 3244/20/814
f 3244/20/814 3286/64/854 3264/40/834
f 3287/65/855 3257/66/827 3229/5/800
f 3229/5/800 3232/8/803 3287/65/855
f 3272/48/841 3253/29/823 3256/32/826
f 3256/32/826 3288/67/856 3272/48/841
f 3248/24/818 3289/68/857 3268/44/837
f 3268/44/837 3245/21/815 3248/24/818
f 3244/20/814 3290/69/858 3227/3/798
f 3227/3/798 3286/64/854 3244/20/814
f 3252/28/822 3260/70/830 3276/52/845
f 3276/52/845 3249/25/819 3252/28/822
f 3256/32/826 3291/71/859 3292/72/860
f 3292/72/860 3288/67/856 3256/32/826
f 3241/17/811 3264/40/834 3263/39/833
f 3263/39/833 3293/73/861 3241/17/811
f 3245/21/815 3268/44/837 3267/43/836
f 3267/43/836 3294/74/862 3245/21/815
f 3253/29/823 3272/48/841 3271/47/840
f 3271/47/840 3295/75/863 3253/29/823
f 3249/25/819 3276/52/845 3275/51/844
f 3275/51/844 3296/76/864 3249/25/819
f 3293/73/861 3263/39/833 3278/54/846
f 3278/54/846 3297/77/865 3293/73/861
f 3294/74/862 3267/43/836 3238/14/809
f 3238/14/809 3237/13/808 3294/74/862
f 3295/75/863 3271/47/840 3281/57/849
f 3281/57/849 3298/78/866 3295/75/863
f 3296/76/864 3275/51/844 3283/59/851
f 3283/59/851 3299/79/867 3296/76/864
f 3300/80/868 3291/71/859 3301/81/869
f 3301/81/869 3302/82/870 3300/80/868
f 3298/78/866 3303/83/871 3304/84/872
f 3304/84/872 3305/85/873 3298/78/866
f 3276/52/845 3260/70/830 3259/86/829
f 3259/86/829 3273/49/842 3276/52/845
f 3265/41/835 3306/87/874 3255/31/825
f 3255/31/825 3254/30/824 3265/41/835
f 3307/88/875 3308/89/569 3258/34/828
f 3258/34/828 3309/90/876 3307/88/875
f 3254/30/824 3253/29/823 3295/75/863
f 3295/75/863 3310/91/528 3254/30/824
f 3242/18/812 3311/92/877 3274/50/843
f 3274/50/843 3273/49/842 3242/18/812
f 3295/75/863 3298/78/866 3305/85/873
f 3305/85/873 3310/91/528 3295/75/863
f 3311/92/877 3312/93/878 3282/58/850
f 3282/58/850 3274/50/843 3311/92/877
f 3302/82/870 3301/81/869 3234/10/805
f 3234/10/805 3233/9/804 3302/82/870
f 3305/85/873 3304/84/872 3313/94/879
f 3313/94/879 3279/55/847 3305/85/873
f 3273/49/842 3259/86/829 3243/19/813
f 3243/19/813 3242/18/812 3273/49/842
f 3254/30/824 3310/91/528 3266/42/528
f 3266/42/528 3265/41/835 3254/30/824
f 3310/91/528 3305/85/873 3279/55/847
f 3279/55/847 3266/42/528 3310/91/528
f 3268/44/837 3289/68/857 3306/87/874
f 3306/87/874 3265/41/835 3268/44/837
f 3314/95/880 3290/96/858 3308/89/569
f 3308/89/569 3307/88/875 3314/95/880
f 3242/18/812 3241/17/811 3293/73/861
f 3293/73/861 3311/92/877 3242/18/812
f 3293/73/861 3297/77/865 3312/93/878
f 3312/93/878 3311/92/877 3293/73/861
f 3315/97/881 3316/98/882 3226/2/797
f 3226/2/797 3225/1/796 3315/97/881
f 3251/27/821 3317/99/883 3318/100/884
f 3318/100/884 3230/6/801 3251/27/821
f 3278/54/846 3277/53/810 3319/101/15
f 3319/101/15 3297/77/865 3278/54/846
f 3264/40/834 3286/64/854 3320/102/885
f 3320/102/885 3261/37/831 3264/40/834
f 3269/45/838 3317/99/883 3251/27/821
f 3251/27/821 3250/26/820 3269/45/838
f 3246/22/816 3321/103/832 3262/38/832
f 3262/38/832 3261/37/831 3246/22/816
f 3250/26/820 3249/25/819 3296/76/864
f 3296/76/864 3322/104/886 3250/26/820
f 3321/103/832 3240/16/810 3277/53/810
f 3277/53/810 3262/38/832 3321/103/832
f 3296/76/864 3299/79/867 3323/105/887
f 3323/105/887 3322/104/886 3296/76/864
f 3282/58/850 3324/106/888 3325/107/889
f 3325/107/889 3283/59/851 3282/58/850
f 3282/58/850 3312/93/878 3326/108/890
f 3326/108/890 3324/106/888 3282/58/850
f 3277/53/810 3240/16/810 3239/15/15
f 3239/15/15 3319/101/15 3277/53/810
f 3261/37/831 3320/102/885 3247/23/817
f 3247/23/817 3246/22/816 3261/37/831
f 3250/26/820 3322/104/886 3270/46/839
f 3270/46/839 3269/45/838 3250/26/820
f 3322/104/886 3323/105/887 3280/56/848
f 3280/56/848 3270/46/839 3322/104/886
f 3324/106/888 3304/84/872 3303/83/871
f 3303/83/871 3325/107/889 3324/106/888
f 3304/84/872 3324/106/888 3326/108/890
f 3326/108/890 3313/94/879 3304/84/872
f 3315/97/881 3285/63/853 3284/62/852
f 3284/62/852 3316/98/882 3315/97/881
f 3317/99/883 3288/67/856 3292/72/860
f 3292/72/860 3318/100/884 3317/99/883
f 3272/48/841 3288/67/856 3317/99/883
f 3317/99/883 3269/45/838 3272/48/841
f 3246/22/816 3245/21/815 3294/74/862
f 3294/74/862 3321/103/832 3246/22/816
f 3294/74/862 3237/13/808 3240/16/810
f 3240/16/810 3321/103/832 3294/74/862
f 3226/2/797 3320/102/885 3286/64/854
f 3286/64/854 3227/3/798 3226/2/797
f 3252/28/822 3251/27/821 3230/6/801
f 3230/6/801 3229/5/800 3252/28/822
f 3306/109/874 3289/110/857 3235/11/806
f 3235/11/806 3234/10/805 3306/109/874
f 3287/111/855 3309/90/876 3258/34/828
f 3258/34/828 3257/33/827 3287/111/855
f 3289/68/857 3248/24/818 3284/62/852
f 3284/62/852 3235/61/806 3289/68/857
f 3260/70/830 3252/28/822 3229/5/800
f 3229/5/800 3257/66/827 3260/70/830
f 3314/112/880 3228/4/799 3227/3/798
f 3227/3/798 3290/69/858 3314/112/880
f 3300/80/868 3327/113/891 3292/72/860
f 3292/72/860 3291/71/859 3300/80/868
f 3256/32/826 3255/114/825 3301/81/869
f 3301/81/869 3291/71/859 3256/32/826
f 3243/115/813 3259/35/829 3258/34/828
f 3258/34/828 3308/89/569 3243/115/813
f 3255/114/825 3306/109/874 3234/10/805
f 3234/10/805 3301/81/869 3255/114/825
f 3244/116/814 3243/115/813 3308/89/569
f 3308/89/569 3290/96/858 3244/116/814
f 3247/23/817 3320/102/885 3226/2/797
f 3226/2/797 3316/98/882 3247/23/817
f 3328/117/892 3231/7/802 3230/6/801
f 3230/6/801 3318/100/884 3328/117/892
f 3248/24/818 3247/23/817 3316/98/882
f 3316/98/882 3284/62/852 3248/24/818
f 3327/113/891 3328/117/892 3318/100/884
f 3318/100/884 3292/72/860 3327/113/891
f 3279/55/847 3313/94/879 3239/15/15
f 3239/15/15 3238/14/809 3279/55/847
f 3313/94/879 3326/108/890 3319/101/15
f 3319/101/15 3239/15/15 3313/94/879
f 3326/108/890 3312/93/878 3297/77/865
f 3297/77/865 3319/101/15 3326/108/890
f 3281/57/849 3280/56/848 3303/83/871
f 3303/83/871 3298/78/866 3281/57/849
f 3280/56/848 3323/105/887 3325/107/889
f 3325/107/889 3303/83/871 3280/56/848
f 3325/107/889 3323/105/887 3299/79/867
f 3299/79/867 3283/59/851 3325/107/889
