# Blender 4.5.0
# www.blender.org
o medium_wall.xml.102
v -10.741276 -42.364872 -89.641449
v -10.720502 -34.641685 -89.233398
v -10.275040 -34.641685 -89.327911
v -10.196123 -42.364872 -89.517517
v -10.325388 -34.641685 -85.119339
v -10.713001 -34.641685 -85.028702
v -10.606438 -42.364872 -84.929749
v -10.196123 -42.364872 -84.929749
v -19.543182 -42.364876 -88.516769
v -19.470783 -34.641685 -88.254089
v -19.453501 -34.641689 -89.175934
v -19.508617 -42.364876 -89.365585
v -19.031488 -27.007702 -88.556747
v -19.073208 -27.007702 -88.416534
v -18.785343 -27.007702 -88.416534
v -18.785992 -27.007702 -88.556747
v -10.325920 -26.639759 -88.848053
v -10.325920 -26.639759 -87.991425
v -10.263805 -26.918491 -87.991425
v -10.263805 -26.918491 -88.986298
v -19.186939 -26.639763 -89.000320
v -18.830505 -26.639763 -89.000320
v -18.831142 -26.918491 -89.138306
v -19.247776 -26.918491 -89.138306
v -10.414793 -26.639759 -85.446945
v -10.819565 -26.639759 -85.446945
v -10.819566 -26.918491 -85.308960
v -10.353956 -26.918491 -85.308960
v -19.275814 -26.639763 -85.599213
v -19.275814 -26.639763 -86.456207
v -19.337929 -26.918491 -86.456207
v -19.337929 -26.918491 -85.460968
v -10.178459 -34.641685 -85.408920
v -10.178459 -34.641685 -86.193527
v -10.263805 -27.027569 -87.189240
v -10.263805 -26.918491 -85.460968
v -10.819565 -26.639759 -89.000320
v -10.819565 -26.516739 -88.699356
v -10.538475 -26.516739 -88.699356
v -10.414792 -26.639759 -89.000320
v -19.275814 -26.639759 -87.991425
v -19.140347 -26.516739 -87.991425
v -19.140347 -26.516739 -88.547180
v -19.275814 -26.639763 -88.848053
v -18.809631 -26.680756 -85.446945
v -18.811020 -26.557735 -85.747894
v -19.063257 -26.516739 -85.747894
v -19.186939 -26.639763 -85.446945
v -10.325920 -26.748840 -87.189240
v -10.461386 -26.625820 -87.189240
v -10.461386 -26.516739 -85.900085
v -10.325920 -26.639759 -85.599213
v -10.860823 -27.007702 -88.556747
v -10.571999 -27.007702 -88.556747
v -19.073208 -27.007702 -87.903427
v -18.769293 -27.048695 -85.907501
v -19.031488 -27.007702 -85.907501
v -10.530279 -27.116779 -87.237625
v -10.530279 -27.007702 -86.047714
v -19.356922 -34.641689 -89.327911
v -19.405609 -42.364876 -89.517517
v -10.353956 -26.918491 -89.138306
v -10.055418 -42.364872 -85.382141
v -19.247776 -26.918491 -85.308960
v -19.337929 -26.918491 -88.986298
v -10.178459 -34.641685 -89.175934
v -19.453501 -34.641685 -85.271317
v -19.356922 -34.641685 -85.119354
v -10.461386 -26.516739 -88.547180
v -19.063257 -26.516739 -88.699356
v -19.140347 -26.516739 -85.900085
v -10.538475 -26.516739 -85.747894
v -10.530279 -27.007702 -88.416534
v -19.073208 -27.007702 -86.047714
v -10.571999 -27.007702 -85.907501
v -19.508617 -42.364872 -85.081680
v -19.453501 -34.641685 -86.193527
v -19.508617 -42.364872 -85.930847
v -18.769938 -27.048695 -86.047043
v -18.772312 -27.048695 -86.561142
v -19.073208 -27.007702 -86.561142
v -19.337929 -26.918491 -87.991425
v -10.061810 -42.364872 -88.516769
v -10.178459 -34.641685 -88.254089
v -10.093114 -42.364872 -85.930847
v -19.140347 -26.516739 -86.456207
v -10.461386 -26.516739 -87.991425
v -10.530279 -27.007702 -87.903427
v -18.782972 -27.007702 -87.903427
v -10.093114 -42.364872 -89.365585
v -19.051062 -42.364876 -89.517517
v -18.941103 -34.641689 -89.327911
v -18.808992 -26.959484 -85.308960
v -18.647928 -34.641685 -85.164749
v -10.860823 -27.007702 -88.416534
v -10.819565 -26.918491 -89.138306
v -18.829115 -26.516739 -88.699356
v -10.819565 -26.516739 -85.747894
v -10.860823 -27.007702 -85.907501
v -10.860823 -27.116779 -87.237625
v -10.860823 -27.019180 -86.047531
v -10.860823 -27.007702 -87.903427
v -19.344082 -42.364876 -84.929749
v -18.486862 -42.364876 -85.020538
v 49.867531 -42.364872 -89.641449
v 49.888298 -34.641685 -89.233398
v 50.333763 -34.641685 -89.327911
v 50.412682 -42.364872 -89.517517
v 50.283417 -34.641685 -85.119339
v 49.895805 -34.641685 -85.028702
v 50.002373 -42.364872 -84.929749
v 50.412682 -42.364872 -84.929749
v 41.065620 -42.364876 -88.516769
v 41.138023 -34.641685 -88.254089
v 41.155304 -34.641689 -89.175934
v 41.100189 -42.364876 -89.365585
v 41.577316 -27.007702 -88.556747
v 41.535599 -27.007702 -88.416534
v 41.823463 -27.007702 -88.416534
v 41.822815 -27.007702 -88.556747
v 50.282890 -26.639759 -88.848053
v 50.282890 -26.639759 -87.991425
v 50.345001 -26.918491 -87.991425
v 50.345001 -26.918491 -88.986298
v 41.421860 -26.639763 -89.000320
v 41.778297 -26.639763 -89.000320
v 41.777657 -26.918491 -89.138306
v 41.361031 -26.918491 -89.138306
v 50.194008 -26.639759 -85.446945
v 49.789238 -26.639759 -85.446945
v 49.789238 -26.918491 -85.308960
v 50.254845 -26.918491 -85.308960
v 41.332993 -26.639763 -85.599213
v 41.332993 -26.639763 -86.456207
v 41.270874 -26.918491 -86.456207
v 41.270874 -26.918491 -85.460968
v 50.430351 -34.641685 -85.408920
v 50.430351 -34.641685 -86.193527
v 50.345001 -27.027569 -87.189240
v 50.345001 -26.918491 -85.460968
v 49.789238 -26.639759 -89.000320
v 49.789238 -26.516739 -88.699356
v 50.070335 -26.516739 -88.699356
v 50.194008 -26.639759 -89.000320
v 41.332993 -26.639759 -87.991425
v 41.468460 -26.516739 -87.991425
v 41.468460 -26.516739 -88.547180
v 41.332993 -26.639763 -88.848053
v 41.799171 -26.680756 -85.446945
v 41.797783 -26.557735 -85.747894
v 41.545547 -26.516739 -85.747894
v 41.421860 -26.639763 -85.446945
v 50.282890 -26.748840 -87.189240
v 50.147423 -26.625820 -87.189240
v 50.147423 -26.516739 -85.900085
v 50.282890 -26.639759 -85.599213
v 49.747978 -27.007702 -88.556747
v 50.036812 -27.007702 -88.556747
v 41.535599 -27.007702 -87.903427
v 41.839508 -27.048695 -85.907501
v 41.577316 -27.007702 -85.907501
v 50.078529 -27.116779 -87.237625
v 50.078529 -27.007702 -86.047714
v 41.251884 -34.641689 -89.327911
v 41.203194 -42.364876 -89.517517
v 50.254845 -26.918491 -89.138306
v 50.553383 -42.364872 -85.382141
v 41.361031 -26.918491 -85.308960
v 41.270874 -26.918491 -88.986298
v 50.430351 -34.641685 -89.175934
v 41.155304 -34.641685 -85.271317
v 41.251884 -34.641685 -85.119354
v 50.147423 -26.516739 -88.547180
v 41.545547 -26.516739 -88.699356
v 41.468460 -26.516739 -85.900085
v 50.070335 -26.516739 -85.747894
v 50.078529 -27.007702 -88.416534
v 41.535599 -27.007702 -86.047714
v 50.036812 -27.007702 -85.907501
v 41.100189 -42.364872 -85.081680
v 41.155304 -34.641685 -86.193527
v 41.100189 -42.364872 -85.930847
v 41.838867 -27.048695 -86.047043
v 41.836494 -27.048695 -86.561142
v 41.535599 -27.007702 -86.561142
v 41.270874 -26.918491 -87.991425
v 50.546997 -42.364872 -88.516769
v 50.430351 -34.641685 -88.254089
v 50.515694 -42.364872 -85.930847
v 41.468460 -26.516739 -86.456207
v 50.147423 -26.516739 -87.991425
v 50.078529 -27.007702 -87.903427
v 41.825829 -27.007702 -87.903427
v 50.515694 -42.364872 -89.365585
v 41.557739 -42.364876 -89.517517
v 41.667702 -34.641689 -89.327911
v 41.799812 -26.959484 -85.308960
v 41.960876 -34.641685 -85.164749
v 49.747978 -27.007702 -88.416534
v 49.789238 -26.918491 -89.138306
v 41.779686 -26.516739 -88.699356
v 49.789238 -26.516739 -85.747894
v 49.747978 -27.007702 -85.907501
v 49.747978 -27.116779 -87.237625
v 49.747978 -27.019180 -86.047531
v 49.747978 -27.007702 -87.903427
v 41.264725 -42.364876 -84.929749
v 42.121941 -42.364876 -85.020538
v 34.763527 -42.364872 -89.641449
v 34.784302 -34.641685 -89.233398
v 35.229759 -34.641685 -89.327911
v 35.308678 -42.364872 -89.517517
v 35.179413 -34.641685 -85.119339
v 34.791801 -34.641685 -85.028702
v 34.898361 -42.364872 -84.929749
v 35.308678 -42.364872 -84.929749
v 25.961620 -42.364876 -88.516769
v 26.034016 -34.641685 -88.254089
v 26.051300 -34.641689 -89.175934
v 25.996181 -42.364876 -89.365585
v 26.473312 -27.007702 -88.556747
v 26.431591 -27.007702 -88.416534
v 26.719456 -27.007702 -88.416534
v 26.718807 -27.007702 -88.556747
v 35.178879 -26.639759 -88.848053
v 35.178879 -26.639759 -87.991425
v 35.240997 -26.918491 -87.991425
v 35.240997 -26.918491 -88.986298
v 26.317860 -26.639763 -89.000320
v 26.674294 -26.639763 -89.000320
v 26.673656 -26.918491 -89.138306
v 26.257023 -26.918491 -89.138306
v 35.090012 -26.639759 -85.446945
v 34.685234 -26.639759 -85.446945
v 34.685234 -26.918491 -85.308960
v 35.150848 -26.918491 -85.308960
v 26.228985 -26.639763 -85.599213
v 26.228985 -26.639763 -86.456207
v 26.166874 -26.918491 -86.456207
v 26.166874 -26.918491 -85.460968
v 35.326340 -34.641685 -85.408920
v 35.326340 -34.641685 -86.193527
v 35.240997 -27.027569 -87.189240
v 35.240997 -26.918491 -85.460968
v 34.685234 -26.639759 -89.000320
v 34.685234 -26.516739 -88.699356
v 34.966324 -26.516739 -88.699356
v 35.090012 -26.639759 -89.000320
v 26.228985 -26.639759 -87.991425
v 26.364452 -26.516739 -87.991425
v 26.364452 -26.516739 -88.547180
v 26.228985 -26.639763 -88.848053
v 26.695171 -26.680756 -85.446945
v 26.693779 -26.557735 -85.747894
v 26.441544 -26.516739 -85.747894
v 26.317860 -26.639763 -85.446945
v 35.178879 -26.748840 -87.189240
v 35.043419 -26.625820 -87.189240
v 35.043419 -26.516739 -85.900085
v 35.178879 -26.639759 -85.599213
v 34.643982 -27.007702 -88.556747
v 34.932800 -27.007702 -88.556747
v 26.431591 -27.007702 -87.903427
v 26.735508 -27.048695 -85.907501
v 26.473312 -27.007702 -85.907501
v 34.974525 -27.116779 -87.237625
v 34.974525 -27.007702 -86.047714
v 26.147877 -34.641689 -89.327911
v 26.099194 -42.364876 -89.517517
v 35.150848 -26.918491 -89.138306
v 35.449387 -42.364872 -85.382141
v 26.257023 -26.918491 -85.308960
v 26.166874 -26.918491 -88.986298
v 35.326340 -34.641685 -89.175934
v 26.051300 -34.641685 -85.271317
v 26.147877 -34.641685 -85.119354
v 35.043419 -26.516739 -88.547180
v 26.441544 -26.516739 -88.699356
v 26.364452 -26.516739 -85.900085
v 34.966324 -26.516739 -85.747894
v 34.974525 -27.007702 -88.416534
v 26.431591 -27.007702 -86.047714
v 34.932800 -27.007702 -85.907501
v 25.996181 -42.364872 -85.081680
v 26.051300 -34.641685 -86.193527
v 25.996181 -42.364872 -85.930847
v 26.734863 -27.048695 -86.047043
v 26.732487 -27.048695 -86.561142
v 26.431591 -27.007702 -86.561142
v 26.166874 -26.918491 -87.991425
v 35.442993 -42.364872 -88.516769
v 35.326340 -34.641685 -88.254089
v 35.411690 -42.364872 -85.930847
v 26.364452 -26.516739 -86.456207
v 35.043419 -26.516739 -87.991425
v 34.974525 -27.007702 -87.903427
v 26.721828 -27.007702 -87.903427
v 35.411690 -42.364872 -89.365585
v 26.453739 -42.364876 -89.517517
v 26.563698 -34.641689 -89.327911
v 26.695808 -26.959484 -85.308960
v 26.856873 -34.641685 -85.164749
v 34.643982 -27.007702 -88.416534
v 34.685234 -26.918491 -89.138306
v 26.675686 -26.516739 -88.699356
v 34.685234 -26.516739 -85.747894
v 34.643982 -27.007702 -85.907501
v 34.643982 -27.116779 -87.237625
v 34.643982 -27.019180 -86.047531
v 34.643982 -27.007702 -87.903427
v 26.160717 -42.364876 -84.929749
v 27.017937 -42.364876 -85.020538
v 19.659824 -42.364872 -89.641449
v 19.680599 -34.641685 -89.233398
v 20.126060 -34.641685 -89.327911
v 20.204979 -42.364872 -89.517517
v 20.075714 -34.641685 -85.119339
v 19.688099 -34.641685 -85.028702
v 19.794662 -42.364872 -84.929749
v 20.204979 -42.364872 -84.929749
v 10.857920 -42.364876 -88.516769
v 10.930317 -34.641685 -88.254089
v 10.947601 -34.641689 -89.175934
v 10.892485 -42.364876 -89.365585
v 11.369614 -27.007702 -88.556747
v 11.327894 -27.007702 -88.416534
v 11.615757 -27.007702 -88.416534
v 11.615110 -27.007702 -88.556747
v 20.075180 -26.639759 -88.848053
v 20.075180 -26.639759 -87.991425
v 20.137295 -26.918491 -87.991425
v 20.137295 -26.918491 -88.986298
v 11.214161 -26.639763 -89.000320
v 11.570595 -26.639763 -89.000320
v 11.569958 -26.918491 -89.138306
v 11.153324 -26.918491 -89.138306
v 19.986309 -26.639759 -85.446945
v 19.581535 -26.639759 -85.446945
v 19.581535 -26.918491 -85.308960
v 20.047146 -26.918491 -85.308960
v 11.125288 -26.639763 -85.599213
v 11.125288 -26.639763 -86.456207
v 11.063173 -26.918491 -86.456207
v 11.063173 -26.918491 -85.460968
v 20.222641 -34.641685 -85.408920
v 20.222641 -34.641685 -86.193527
v 20.137295 -27.027569 -87.189240
v 20.137295 -26.918491 -85.460968
v 19.581535 -26.639759 -89.000320
v 19.581535 -26.516739 -88.699356
v 19.862625 -26.516739 -88.699356
v 19.986309 -26.639759 -89.000320
v 11.125288 -26.639759 -87.991425
v 11.260754 -26.516739 -87.991425
v 11.260754 -26.516739 -88.547180
v 11.125288 -26.639763 -88.848053
v 11.591471 -26.680756 -85.446945
v 11.590080 -26.557735 -85.747894
v 11.337845 -26.516739 -85.747894
v 11.214161 -26.639763 -85.446945
v 20.075180 -26.748840 -87.189240
v 19.939716 -26.625820 -87.189240
v 19.939716 -26.516739 -85.900085
v 20.075180 -26.639759 -85.599213
v 19.540279 -27.007702 -88.556747
v 19.829102 -27.007702 -88.556747
v 11.327894 -27.007702 -87.903427
v 11.631809 -27.048695 -85.907501
v 11.369614 -27.007702 -85.907501
v 19.870823 -27.116779 -87.237625
v 19.870823 -27.007702 -86.047714
v 11.044180 -34.641689 -89.327911
v 10.995493 -42.364876 -89.517517
v 20.047146 -26.918491 -89.138306
v 20.345684 -42.364872 -85.382141
v 11.153324 -26.918491 -85.308960
v 11.063173 -26.918491 -88.986298
v 20.222641 -34.641685 -89.175934
v 10.947601 -34.641685 -85.271317
v 11.044180 -34.641685 -85.119354
v 19.939716 -26.516739 -88.547180
v 11.337845 -26.516739 -88.699356
v 11.260754 -26.516739 -85.900085
v 19.862625 -26.516739 -85.747894
v 19.870823 -27.007702 -88.416534
v 11.327894 -27.007702 -86.047714
v 19.829102 -27.007702 -85.907501
v 10.892485 -42.364872 -85.081680
v 10.947601 -34.641685 -86.193527
v 10.892485 -42.364872 -85.930847
v 11.631165 -27.048695 -86.047043
v 11.628788 -27.048695 -86.561142
v 11.327894 -27.007702 -86.561142
v 11.063173 -26.918491 -87.991425
v 20.339291 -42.364872 -88.516769
v 20.222641 -34.641685 -88.254089
v 20.307987 -42.364872 -85.930847
v 11.260754 -26.516739 -86.456207
v 19.939716 -26.516739 -87.991425
v 19.870823 -27.007702 -87.903427
v 11.618130 -27.007702 -87.903427
v 20.307987 -42.364872 -89.365585
v 11.350040 -42.364876 -89.517517
v 11.459999 -34.641689 -89.327911
v 11.592110 -26.959484 -85.308960
v 11.753174 -34.641685 -85.164749
v 19.540279 -27.007702 -88.416534
v 19.581535 -26.918491 -89.138306
v 11.571987 -26.516739 -88.699356
v 19.581535 -26.516739 -85.747894
v 19.540279 -27.007702 -85.907501
v 19.540279 -27.116779 -87.237625
v 19.540279 -27.019180 -86.047531
v 19.540279 -27.007702 -87.903427
v 11.057020 -42.364876 -84.929749
v 11.914238 -42.364876 -85.020538
v 4.017838 -43.399693 -89.641144
v 4.902180 -35.727264 -89.233109
v 5.418636 -35.785149 -89.327621
v 4.649872 -43.470531 -89.517212
v 5.360264 -35.778606 -85.119049
v 4.910877 -35.728237 -85.028397
v 4.174164 -43.417213 -84.929443
v 4.649872 -43.470531 -84.929443
v -6.186834 -42.255913 -88.516464
v -5.242640 -34.590195 -88.253799
v -5.222603 -34.592442 -89.175644
v -6.146761 -42.260406 -89.365280
v -3.883013 -27.060799 -88.556442
v -3.931379 -27.055378 -88.416245
v -3.597638 -27.092785 -88.416245
v -3.598390 -27.092701 -88.556442
v 6.250952 -27.826408 -88.847748
v 6.250952 -27.826408 -87.991119
v 6.291920 -28.111473 -87.991119
v 6.291920 -28.111473 -88.985992
v -4.022255 -26.674946 -89.000015
v -3.609016 -26.721264 -89.000015
v -3.640801 -26.998177 -89.138016
v -4.123834 -26.944038 -89.138016
v 6.147915 -27.814857 -85.446655
v 5.678635 -27.762260 -85.446655
v 5.647587 -28.039253 -85.308655
v 6.187401 -28.099758 -85.308655
v -4.125292 -26.663399 -85.598907
v -4.125292 -26.663399 -86.455902
v -4.228353 -26.932323 -86.455902
v -4.228353 -26.932323 -85.460663
v 5.530609 -35.797699 -85.408630
v 5.530609 -35.797699 -86.193222
v 6.279770 -28.219875 -87.188934
v 6.291920 -28.111473 -85.460663
v 5.678635 -27.762260 -89.000015
v 5.692337 -27.640003 -88.699066
v 6.018227 -27.676533 -88.699066
v 6.147917 -27.814857 -89.000015
v -4.125292 -26.663395 -87.991119
v -3.954534 -26.558746 -87.991119
v -3.954534 -26.558746 -88.546890
v -4.125292 -26.663399 -88.847748
v -3.589380 -26.764717 -85.446655
v -3.577288 -26.642281 -85.747604
v -3.865158 -26.568764 -85.747604
v -4.022255 -26.674946 -85.446655
v 6.238802 -27.934807 -87.188934
v 6.095451 -27.794949 -87.188934
v 6.107601 -27.686550 -85.899780
v 6.250952 -27.826408 -85.598907
v 5.589819 -28.122547 -88.556442
v 5.924673 -28.160080 -88.556442
v -3.931379 -27.055378 -87.903137
v -3.583595 -27.135609 -85.907211
v -3.883013 -27.060799 -85.907211
v 5.960890 -28.273903 -87.237320
v 5.973040 -28.165501 -86.047409
v -5.110632 -34.604992 -89.327621
v -6.027336 -42.273788 -89.517227
v 6.187401 -28.099758 -89.138016
v 4.813000 -43.488815 -85.381836
v -4.123834 -26.944038 -85.308655
v -4.228353 -26.932323 -88.985992
v 5.530609 -35.797703 -89.175644
v -5.222603 -34.592438 -85.271027
v -5.110632 -34.604988 -85.119049
v 6.107601 -27.686550 -88.546890
v -3.865158 -26.568764 -88.699066
v -3.954534 -26.558746 -85.899780
v 6.018227 -27.676533 -85.747604
v 5.973040 -28.165501 -88.416245
v -3.931379 -27.055378 -86.047409
v 5.924673 -28.160080 -85.907211
v -6.146760 -42.260403 -85.081375
v -5.222603 -34.592438 -86.193222
v -6.146760 -42.260403 -85.930557
v -3.584344 -27.135525 -86.046753
v -3.587097 -27.135216 -86.560852
v -3.931379 -27.055378 -86.560852
v -4.228353 -26.932323 -87.991119
v 4.805592 -43.487984 -88.516464
v 5.530609 -35.797703 -88.253799
v 4.769299 -43.483917 -85.930557
v -3.954534 -26.558746 -86.455902
v 6.107601 -27.686550 -87.991119
v 5.973040 -28.165501 -87.903137
v -3.594891 -27.093090 -87.903137
v 4.769297 -43.483917 -89.365280
v -5.616285 -42.319862 -89.517227
v -4.628544 -34.659023 -89.327621
v -3.619686 -27.041794 -85.308655
v -4.288646 -34.697117 -85.164444
v 5.589819 -28.122547 -88.416245
v 5.647587 -28.039253 -89.138016
v -3.593700 -26.599190 -88.699066
v 5.692337 -27.640003 -85.747604
v 5.589819 -28.122547 -85.907211
v 5.577669 -28.230949 -87.237320
v 5.588539 -28.133961 -86.047226
v 5.589819 -28.122547 -87.903137
v -5.956003 -42.281784 -84.929443
v -4.962170 -42.393177 -85.020233
v -64.956123 -42.367775 -84.169540
v -64.976898 -34.644585 -84.577591
v -65.422363 -34.644585 -84.483078
v -65.501282 -42.367775 -84.293472
v -65.372017 -34.644585 -88.691650
v -64.984398 -34.644585 -88.782288
v -65.090965 -42.367775 -88.881241
v -65.501282 -42.367775 -88.881241
v -56.154221 -42.367775 -85.294220
v -56.226616 -34.644585 -85.556900
v -56.243896 -34.644585 -84.635056
v -56.188782 -42.367775 -84.445404
v -56.665909 -27.010601 -85.254242
v -56.624191 -27.010601 -85.394455
v -56.912056 -27.010601 -85.394455
v -56.911407 -27.010601 -85.254242
v -65.371483 -26.642662 -84.962936
v -65.371483 -26.642662 -85.819565
v -65.433594 -26.921391 -85.819565
v -65.433594 -26.921391 -84.824692
v -56.510460 -26.642662 -84.810684
v -56.866898 -26.642662 -84.810684
v -56.866257 -26.921391 -84.672684
v -56.449623 -26.921391 -84.672684
v -65.282608 -26.642662 -88.364044
v -64.877838 -26.642662 -88.364044
v -64.877838 -26.921391 -88.502045
v -65.343445 -26.921391 -88.502045
v -56.421585 -26.642662 -88.211777
v -56.421585 -26.642662 -87.354797
v -56.359474 -26.921391 -87.354797
v -56.359474 -26.921391 -88.350021
v -65.518944 -34.644585 -88.402069
v -65.518944 -34.644585 -87.617462
v -65.433594 -27.030468 -86.621750
v -65.433594 -26.921391 -88.350021
v -64.877838 -26.642662 -84.810684
v -64.877838 -26.519638 -85.111633
v -65.158928 -26.519638 -85.111633
v -65.282608 -26.642662 -84.810684
v -56.421585 -26.642658 -85.819565
v -56.557053 -26.519638 -85.819565
v -56.557053 -26.519638 -85.263809
v -56.421585 -26.642662 -84.962936
v -56.887772 -26.683655 -88.364044
v -56.886383 -26.560631 -88.063095
v -56.634140 -26.519638 -88.063095
v -56.510460 -26.642662 -88.364044
v -65.371483 -26.751740 -86.621750
v -65.236015 -26.628719 -86.621750
v -65.236015 -26.519638 -87.910904
v -65.371483 -26.642662 -88.211777
v -64.836578 -27.010601 -85.254242
v -65.125404 -27.010601 -85.254242
v -56.624191 -27.010601 -85.907562
v -56.928108 -27.051594 -87.903488
v -56.665909 -27.010601 -87.903488
v -65.167122 -27.119678 -86.573364
v -65.167122 -27.010601 -87.763275
v -56.340477 -34.644585 -84.483078
v -56.291794 -42.367775 -84.293472
v -65.343445 -26.921391 -84.672684
v -65.641983 -42.367771 -88.428848
v -56.449623 -26.921391 -88.502045
v -56.359474 -26.921391 -84.824692
v -65.518944 -34.644585 -84.635056
v -56.243896 -34.644585 -88.539673
v -56.340477 -34.644585 -88.691635
v -65.236015 -26.519638 -85.263809
v -56.634140 -26.519638 -85.111633
v -56.557053 -26.519638 -87.910904
v -65.158928 -26.519638 -88.063095
v -65.167122 -27.010601 -85.394455
v -56.624191 -27.010601 -87.763275
v -65.125404 -27.010601 -87.903488
v -56.188782 -42.367771 -88.729309
v -56.243896 -34.644585 -87.617462
v -56.188782 -42.367771 -87.880142
v -56.927467 -27.051594 -87.763947
v -56.925087 -27.051594 -87.249847
v -56.624191 -27.010601 -87.249847
v -56.359474 -26.921391 -85.819565
v -65.635590 -42.367775 -85.294220
v -65.518944 -34.644585 -85.556900
v -65.604286 -42.367771 -87.880142
v -56.557053 -26.519638 -87.354797
v -65.236015 -26.519638 -85.819565
v -65.167122 -27.010601 -85.907562
v -56.914429 -27.010601 -85.907562
v -65.604286 -42.367775 -84.445404
v -56.646339 -42.367775 -84.293472
v -56.756294 -34.644585 -84.483078
v -56.888405 -26.962383 -88.502045
v -57.049469 -34.644585 -88.646240
v -64.836578 -27.010601 -85.394455
v -64.877838 -26.921391 -84.672684
v -56.868286 -26.519638 -85.111633
v -64.877838 -26.519638 -88.063095
v -64.836578 -27.010601 -87.903488
v -64.836578 -27.119678 -86.573364
v -64.836578 -27.022083 -87.763458
v -64.836578 -27.010601 -85.907562
v -56.353317 -42.367775 -88.881241
v -57.210533 -42.367775 -88.790451
v -49.819420 -42.367775 -84.169540
v -49.840195 -34.644585 -84.577591
v -50.285660 -34.644585 -84.483078
v -50.364571 -42.367775 -84.293472
v -50.235306 -34.644585 -88.691650
v -49.847694 -34.644585 -88.782288
v -49.954262 -42.367775 -88.881241
v -50.364571 -42.367775 -88.881241
v -41.017517 -42.367775 -85.294220
v -41.089912 -34.644585 -85.556900
v -41.107193 -34.644585 -84.635056
v -41.052078 -42.367775 -84.445404
v -41.529205 -27.010601 -85.254242
v -41.487488 -27.010601 -85.394455
v -41.775352 -27.010601 -85.394455
v -41.774704 -27.010601 -85.254242
v -50.234779 -26.642662 -84.962936
v -50.234779 -26.642662 -85.819565
v -50.296890 -26.921391 -85.819565
v -50.296890 -26.921391 -84.824692
v -41.373756 -26.642662 -84.810684
v -41.730194 -26.642662 -84.810684
v -41.729553 -26.921391 -84.672684
v -41.312920 -26.921391 -84.672684
v -50.145905 -26.642662 -88.364044
v -49.741135 -26.642662 -88.364044
v -49.741135 -26.921391 -88.502045
v -50.206741 -26.921391 -88.502045
v -41.284882 -26.642662 -88.211777
v -41.284882 -26.642662 -87.354797
v -41.222771 -26.921391 -87.354797
v -41.222771 -26.921391 -88.350021
v -50.382240 -34.644585 -88.402069
v -50.382240 -34.644585 -87.617462
v -50.296890 -27.030468 -86.621750
v -50.296890 -26.921391 -88.350021
v -49.741135 -26.642662 -84.810684
v -49.741135 -26.519638 -85.111633
v -50.022224 -26.519638 -85.111633
v -50.145905 -26.642662 -84.810684
v -41.284882 -26.642658 -85.819565
v -41.420349 -26.519638 -85.819565
v -41.420349 -26.519638 -85.263809
v -41.284882 -26.642662 -84.962936
v -41.751068 -26.683655 -88.364044
v -41.749680 -26.560631 -88.063095
v -41.497437 -26.519638 -88.063095
v -41.373756 -26.642662 -88.364044
v -50.234779 -26.751740 -86.621750
v -50.099312 -26.628719 -86.621750
v -50.099312 -26.519638 -87.910904
v -50.234779 -26.642662 -88.211777
v -49.699875 -27.010601 -85.254242
v -49.988701 -27.010601 -85.254242
v -41.487488 -27.010601 -85.907562
v -41.791405 -27.051594 -87.903488
v -41.529205 -27.010601 -87.903488
v -50.030418 -27.119678 -86.573364
v -50.030418 -27.010601 -87.763275
v -41.203773 -34.644585 -84.483078
v -41.155090 -42.367775 -84.293472
v -50.206741 -26.921391 -84.672684
v -50.505280 -42.367771 -88.428848
v -41.312920 -26.921391 -88.502045
v -41.222771 -26.921391 -84.824692
v -50.382240 -34.644585 -84.635056
v -41.107193 -34.644585 -88.539673
v -41.203773 -34.644585 -88.691635
v -50.099312 -26.519638 -85.263809
v -41.497437 -26.519638 -85.111633
v -41.420349 -26.519638 -87.910904
v -50.022224 -26.519638 -88.063095
v -50.030418 -27.010601 -85.394455
v -41.487488 -27.010601 -87.763275
v -49.988701 -27.010601 -87.903488
v -41.052078 -42.367771 -88.729309
v -41.107193 -34.644585 -87.617462
v -41.052078 -42.367771 -87.880142
v -41.790764 -27.051594 -87.763947
v -41.788383 -27.051594 -87.249847
v -41.487488 -27.010601 -87.249847
v -41.222771 -26.921391 -85.819565
v -50.498886 -42.367775 -85.294220
v -50.382240 -34.644585 -85.556900
v -50.467583 -42.367771 -87.880142
v -41.420349 -26.519638 -87.354797
v -50.099312 -26.519638 -85.819565
v -50.030418 -27.010601 -85.907562
v -41.777725 -27.010601 -85.907562
v -50.467583 -42.367775 -84.445404
v -41.509636 -42.367775 -84.293472
v -41.619591 -34.644585 -84.483078
v -41.751701 -26.962383 -88.502045
v -41.912766 -34.644585 -88.646240
v -49.699875 -27.010601 -85.394455
v -49.741135 -26.921391 -84.672684
v -41.731583 -26.519638 -85.111633
v -49.741135 -26.519638 -88.063095
v -49.699875 -27.010601 -87.903488
v -49.699875 -27.119678 -86.573364
v -49.699875 -27.022083 -87.763458
v -49.699875 -27.010601 -85.907562
v -41.216614 -42.367775 -88.881241
v -42.073830 -42.367775 -88.790451
v -34.651611 -42.367775 -84.169540
v -34.674133 -34.644585 -84.577591
v -35.157066 -34.644585 -84.483078
v -35.242622 -42.367775 -84.293472
v -35.102486 -34.644585 -88.691650
v -34.682266 -34.644585 -88.782288
v -34.797791 -42.367775 -88.881241
v -35.242622 -42.367775 -88.881241
v -25.109230 -42.367775 -85.294220
v -25.187719 -34.644585 -85.556900
v -25.206455 -34.644585 -84.635056
v -25.146704 -42.367775 -84.445404
v -25.663971 -27.010601 -85.254242
v -25.618744 -27.010601 -85.394455
v -25.930824 -27.010601 -85.394455
v -25.930122 -27.010601 -85.254242
v -35.101906 -26.642662 -84.962936
v -35.101906 -26.642662 -85.819565
v -35.169250 -26.921391 -85.819565
v -35.169250 -26.921391 -84.824692
v -25.495441 -26.642662 -84.810684
v -25.881863 -26.642662 -84.810684
v -25.881172 -26.921391 -84.672684
v -25.429489 -26.921391 -84.672684
v -35.005562 -26.642662 -88.364044
v -34.566734 -26.642662 -88.364044
v -34.566734 -26.921391 -88.502045
v -35.071510 -26.921391 -88.502045
v -25.399094 -26.642662 -88.211777
v -25.399094 -26.642662 -87.354797
v -25.331753 -26.921391 -87.354797
v -25.331753 -26.921391 -88.350021
v -35.261772 -34.644585 -88.402069
v -35.261772 -34.644585 -87.617462
v -35.169250 -27.030468 -86.621750
v -35.169250 -26.921391 -88.350021
v -34.566734 -26.642662 -84.810684
v -34.566734 -26.519638 -85.111633
v -34.871475 -26.519638 -85.111633
v -35.005562 -26.642662 -84.810684
v -25.399094 -26.642658 -85.819565
v -25.545956 -26.519638 -85.819565
v -25.545956 -26.519638 -85.263809
v -25.399094 -26.642662 -84.962936
v -25.904493 -26.683655 -88.364044
v -25.902987 -26.560631 -88.063095
v -25.629530 -26.519638 -88.063095
v -25.495441 -26.642662 -88.364044
v -35.101906 -26.751740 -86.621750
v -34.955048 -26.628719 -86.621750
v -34.955048 -26.519638 -87.910904
v -35.101906 -26.642662 -88.211777
v -34.522003 -27.010601 -85.254242
v -34.835129 -27.010601 -85.254242
v -25.618744 -27.010601 -85.907562
v -25.948227 -27.051594 -87.903488
v -25.663971 -27.010601 -87.903488
v -34.880356 -27.119678 -86.573364
v -34.880356 -27.010601 -87.763275
v -25.311161 -34.644585 -84.483078
v -25.258377 -42.367775 -84.293472
v -35.071510 -26.921391 -84.672684
v -35.395164 -42.367771 -88.428848
v -25.429489 -26.921391 -88.502045
v -25.331753 -26.921391 -84.824692
v -35.261772 -34.644585 -84.635056
v -25.206455 -34.644585 -88.539673
v -25.311161 -34.644585 -88.691635
v -34.955048 -26.519638 -85.263809
v -25.629530 -26.519638 -85.111633
v -25.545956 -26.519638 -87.910904
v -34.871475 -26.519638 -88.063095
v -34.880356 -27.010601 -85.394455
v -25.618744 -27.010601 -87.763275
v -34.835129 -27.010601 -87.903488
v -25.146704 -42.367771 -88.729309
v -25.206455 -34.644585 -87.617462
v -25.146704 -42.367771 -87.880142
v -25.947527 -27.051594 -87.763947
v -25.944952 -27.051594 -87.249847
v -25.618744 -27.010601 -87.249847
v -25.331753 -26.921391 -85.819565
v -35.388237 -42.367775 -85.294220
v -35.261772 -34.644585 -85.556900
v -35.354301 -42.367771 -87.880142
v -25.545956 -26.519638 -87.354797
v -34.955048 -26.519638 -85.819565
v -34.880356 -27.010601 -85.907562
v -25.933395 -27.010601 -85.907562
v -35.354301 -42.367775 -84.445404
v -25.642750 -42.367775 -84.293472
v -25.761959 -34.644585 -84.483078
v -25.905186 -26.962383 -88.502045
v -26.079800 -34.644585 -88.646240
v -34.522003 -27.010601 -85.394455
v -34.566734 -26.921391 -84.672684
v -25.883369 -26.519638 -85.111633
v -34.566734 -26.519638 -88.063095
v -34.522003 -27.010601 -87.903488
v -34.522003 -27.119678 -86.573364
v -34.522003 -27.022083 -87.763458
v -34.522003 -27.010601 -85.907562
v -25.325081 -42.367775 -88.881241
v -26.254414 -42.367775 -88.790451
v 64.974022 -42.364872 -89.641449
v 64.994797 -34.641685 -89.233398
v 65.440262 -34.641685 -89.327911
v 65.519180 -42.364872 -89.517517
v 65.389915 -34.641685 -85.119339
v 65.002296 -34.641685 -85.028702
v 65.108864 -42.364872 -84.929749
v 65.519180 -42.364872 -84.929749
v 56.172119 -42.364876 -88.516769
v 56.244514 -34.641685 -88.254089
v 56.261803 -34.641689 -89.175934
v 56.206688 -42.364876 -89.365585
v 56.683815 -27.007702 -88.556747
v 56.642097 -27.007702 -88.416534
v 56.929955 -27.007702 -88.416534
v 56.929314 -27.007702 -88.556747
v 65.389381 -26.639759 -88.848053
v 65.389381 -26.639759 -87.991425
v 65.451492 -26.918491 -87.991425
v 65.451492 -26.918491 -88.986298
v 56.528358 -26.639763 -89.000320
v 56.884796 -26.639763 -89.000320
v 56.884155 -26.918491 -89.138306
v 56.467522 -26.918491 -89.138306
v 65.300507 -26.639759 -85.446945
v 64.895737 -26.639759 -85.446945
v 64.895737 -26.918491 -85.308960
v 65.361343 -26.918491 -85.308960
v 56.439491 -26.639763 -85.599213
v 56.439491 -26.639763 -86.456207
v 56.377373 -26.918491 -86.456207
v 56.377373 -26.918491 -85.460968
v 65.536842 -34.641685 -85.408920
v 65.536842 -34.641685 -86.193527
v 65.451492 -27.027569 -87.189240
v 65.451492 -26.918491 -85.460968
v 64.895737 -26.639759 -89.000320
v 64.895737 -26.516739 -88.699356
v 65.176826 -26.516739 -88.699356
v 65.300507 -26.639759 -89.000320
v 56.439491 -26.639759 -87.991425
v 56.574959 -26.516739 -87.991425
v 56.574959 -26.516739 -88.547180
v 56.439491 -26.639763 -88.848053
v 56.905670 -26.680756 -85.446945
v 56.904282 -26.557735 -85.747894
v 56.652046 -26.516739 -85.747894
v 56.528358 -26.639763 -85.446945
v 65.389381 -26.748840 -87.189240
v 65.253914 -26.625820 -87.189240
v 65.253914 -26.516739 -85.900085
v 65.389381 -26.639759 -85.599213
v 64.854477 -27.007702 -88.556747
v 65.143303 -27.007702 -88.556747
v 56.642097 -27.007702 -87.903427
v 56.946007 -27.048695 -85.907501
v 56.683815 -27.007702 -85.907501
v 65.185020 -27.116779 -87.237625
v 65.185020 -27.007702 -86.047714
v 56.358376 -34.641689 -89.327911
v 56.309692 -42.364876 -89.517517
v 65.361343 -26.918491 -89.138306
v 65.659882 -42.364872 -85.382141
v 56.467522 -26.918491 -85.308960
v 56.377373 -26.918491 -88.986298
v 65.536842 -34.641685 -89.175934
v 56.261803 -34.641685 -85.271317
v 56.358376 -34.641685 -85.119354
v 65.253914 -26.516739 -88.547180
v 56.652046 -26.516739 -88.699356
v 56.574959 -26.516739 -85.900085
v 65.176826 -26.516739 -85.747894
v 65.185020 -27.007702 -88.416534
v 56.642097 -27.007702 -86.047714
v 65.143303 -27.007702 -85.907501
v 56.206688 -42.364872 -85.081680
v 56.261803 -34.641685 -86.193527
v 56.206688 -42.364872 -85.930847
v 56.945366 -27.048695 -86.047043
v 56.942986 -27.048695 -86.561142
v 56.642097 -27.007702 -86.561142
v 56.377373 -26.918491 -87.991425
v 65.653488 -42.364872 -88.516769
v 65.536842 -34.641685 -88.254089
v 65.622185 -42.364872 -85.930847
v 56.574959 -26.516739 -86.456207
v 65.253914 -26.516739 -87.991425
v 65.185020 -27.007702 -87.903427
v 56.932327 -27.007702 -87.903427
v 65.622185 -42.364872 -89.365585
v 56.664238 -42.364876 -89.517517
v 56.774193 -34.641689 -89.327911
v 56.906303 -26.959484 -85.308960
v 57.067375 -34.641685 -85.164749
v 64.854477 -27.007702 -88.416534
v 64.895737 -26.918491 -89.138306
v 56.886185 -26.516739 -88.699356
v 64.895737 -26.516739 -85.747894
v 64.854477 -27.007702 -85.907501
v 64.854477 -27.116779 -87.237625
v 64.854477 -27.019180 -86.047531
v 64.854477 -27.007702 -87.903427
v 56.371223 -42.364876 -84.929749
v 57.228439 -42.364876 -85.020538
v 57.136032 -53.162834 -81.815643
v 57.156807 -46.671936 -81.407608
v 57.602272 -46.671936 -81.502121
v 57.681183 -53.162834 -81.691711
v 57.551918 -46.671936 -77.293549
v 57.164307 -46.671936 -77.202896
v 57.270866 -53.162834 -77.103943
v 57.681183 -53.162834 -77.103943
v 48.334122 -53.162834 -80.690964
v 48.406525 -46.671936 -80.428299
v 48.423805 -46.671936 -81.350143
v 48.368690 -53.162834 -81.539780
v 48.845818 -40.256008 -80.730942
v 48.804100 -40.256008 -80.590744
v 49.091965 -40.256008 -80.590744
v 49.091316 -40.256008 -80.730942
v 57.551384 -39.946777 -81.022247
v 57.551384 -39.946777 -80.165619
v 57.613503 -40.181034 -80.165619
v 57.613503 -40.181034 -81.160492
v 48.690369 -39.946777 -81.174515
v 49.046799 -39.946777 -81.174515
v 49.046165 -40.181034 -81.312515
v 48.629532 -40.181034 -81.312515
v 57.462517 -39.946777 -77.621155
v 57.057747 -39.946777 -77.621155
v 57.057747 -40.181034 -77.483154
v 57.523354 -40.181034 -77.483154
v 48.601494 -39.946777 -77.773407
v 48.601494 -39.946777 -78.630402
v 48.539375 -40.181034 -78.630402
v 48.539375 -40.181034 -77.635162
v 57.698845 -46.671936 -77.583130
v 57.698845 -46.671936 -78.367722
v 57.613503 -40.272709 -79.363434
v 57.613503 -40.181034 -77.635162
v 57.057747 -39.946777 -81.174515
v 57.057747 -39.843384 -80.873566
v 57.338829 -39.843384 -80.873566
v 57.462517 -39.946777 -81.174515
v 48.601494 -39.946777 -80.165619
v 48.736961 -39.843384 -80.165619
v 48.736961 -39.843384 -80.721390
v 48.601494 -39.946777 -81.022247
v 49.067673 -39.981232 -77.621155
v 49.066284 -39.877838 -77.922104
v 48.814049 -39.843384 -77.922104
v 48.690369 -39.946777 -77.621155
v 57.551384 -40.038452 -79.363434
v 57.415916 -39.935059 -79.363434
v 57.415916 -39.843384 -78.074280
v 57.551384 -39.946777 -77.773407
v 57.016487 -40.256008 -80.730942
v 57.305305 -40.256008 -80.730942
v 48.804100 -40.256008 -80.077637
v 49.108009 -40.290462 -78.081711
v 48.845818 -40.256008 -78.081711
v 57.347023 -40.347683 -79.411819
v 57.347023 -40.256008 -78.221909
v 48.520386 -46.671936 -81.502121
v 48.471695 -53.162834 -81.691727
v 57.523354 -40.181034 -81.312515
v 57.821892 -53.162830 -77.556335
v 48.629532 -40.181034 -77.483154
v 48.539375 -40.181034 -81.160492
v 57.698845 -46.671936 -81.350143
v 48.423805 -46.671936 -77.445526
v 48.520386 -46.671936 -77.293549
v 57.415916 -39.843384 -80.721390
v 48.814049 -39.843384 -80.873566
v 48.736961 -39.843384 -78.074280
v 57.338829 -39.843384 -77.922104
v 57.347023 -40.256008 -80.590744
v 48.804100 -40.256008 -78.221909
v 57.305305 -40.256008 -78.081711
v 48.368690 -53.162834 -77.255875
v 48.423805 -46.671936 -78.367722
v 48.368690 -53.162834 -78.105057
v 49.107368 -40.290462 -78.221252
v 49.104996 -40.290462 -78.735352
v 48.804100 -40.256008 -78.735352
v 48.539375 -40.181034 -80.165619
v 57.815498 -53.162834 -80.690964
v 57.698845 -46.671936 -80.428299
v 57.784195 -53.162830 -78.105057
v 48.736961 -39.843384 -78.630402
v 57.415916 -39.843384 -80.165619
v 57.347023 -40.256008 -80.077637
v 49.094330 -40.256008 -80.077637
v 57.784195 -53.162834 -81.539780
v 48.826241 -53.162834 -81.691711
v 48.936203 -46.671936 -81.502121
v 49.068314 -40.215485 -77.483154
v 49.229378 -46.671936 -77.338943
v 57.016487 -40.256008 -80.590744
v 57.057747 -40.181034 -81.312515
v 49.048187 -39.843384 -80.873566
v 57.057747 -39.843384 -77.922104
v 57.016487 -40.256008 -78.081711
v 57.016487 -40.347683 -79.411819
v 57.016487 -40.265659 -78.221725
v 57.016487 -40.256008 -80.077637
v 48.533226 -53.162834 -77.103943
v 49.390442 -53.162834 -77.194733
v 33.913475 -53.162834 -77.103943
v 33.892700 -46.671936 -77.511993
v 33.447243 -46.671936 -77.417480
v 33.368324 -53.162834 -77.227875
v 33.497589 -46.671936 -81.626053
v 33.885201 -46.671936 -81.716690
v 33.778641 -53.162834 -81.815643
v 33.368324 -53.162834 -81.815643
v 42.715385 -53.162834 -78.228622
v 42.642982 -46.671936 -78.491302
v 42.625702 -46.671936 -77.569458
v 42.680817 -53.162834 -77.379807
v 42.203690 -40.256008 -78.188644
v 42.245407 -40.256008 -78.328857
v 41.957542 -40.256008 -78.328857
v 41.958191 -40.256008 -78.188644
v 33.498123 -39.946777 -77.897339
v 33.498123 -39.946777 -78.753967
v 33.436005 -40.181034 -78.753967
v 33.436005 -40.181034 -77.759094
v 42.359138 -39.946777 -77.745087
v 42.002708 -39.946777 -77.745087
v 42.003342 -40.181034 -77.607086
v 42.419975 -40.181034 -77.607086
v 33.586990 -39.946777 -81.298447
v 33.991768 -39.946777 -81.298447
v 33.991768 -40.181034 -81.436447
v 33.526161 -40.181034 -81.436447
v 42.448013 -39.946777 -81.146179
v 42.448013 -39.946777 -80.289200
v 42.510132 -40.181034 -80.289200
v 42.510132 -40.181034 -81.284424
v 33.350662 -46.671936 -81.336472
v 33.350662 -46.671936 -80.551865
v 33.436005 -40.272709 -79.556152
v 33.436005 -40.181034 -81.284424
v 33.991768 -39.946777 -77.745087
v 33.991768 -39.843384 -78.046036
v 33.710678 -39.843384 -78.046036
v 33.586990 -39.946777 -77.745087
v 42.448013 -39.946777 -78.753967
v 42.312546 -39.843384 -78.753967
v 42.312546 -39.843384 -78.198212
v 42.448013 -39.946777 -77.897339
v 41.981834 -39.981228 -81.298447
v 41.983223 -39.877838 -80.997498
v 42.235458 -39.843384 -80.997498
v 42.359138 -39.946777 -81.298447
v 33.498123 -40.038452 -79.556152
v 33.633591 -39.935059 -79.556152
v 33.633591 -39.843384 -80.845306
v 33.498123 -39.946777 -81.146179
v 34.033028 -40.256008 -78.188644
v 33.744202 -40.256008 -78.188644
v 42.245407 -40.256008 -78.841965
v 41.941490 -40.290462 -80.837891
v 42.203690 -40.256008 -80.837891
v 33.702484 -40.347683 -79.507767
v 33.702484 -40.256008 -80.697678
v 42.529121 -46.671936 -77.417480
v 42.577812 -53.162834 -77.227875
v 33.526161 -40.181034 -77.607086
v 33.227623 -53.162830 -81.363251
v 42.419975 -40.181034 -81.436447
v 42.510132 -40.181034 -77.759094
v 33.350662 -46.671936 -77.569458
v 42.625702 -46.671936 -81.474075
v 42.529121 -46.671936 -81.626038
v 33.633583 -39.843384 -78.198212
v 42.235458 -39.843384 -78.046036
v 42.312546 -39.843384 -80.845306
v 33.710678 -39.843384 -80.997498
v 33.702484 -40.256008 -78.328857
v 42.245407 -40.256008 -80.697678
v 33.744202 -40.256008 -80.837891
v 42.680817 -53.162830 -81.663712
v 42.625702 -46.671936 -80.551865
v 42.680817 -53.162830 -80.814545
v 41.942139 -40.290462 -80.698349
v 41.944511 -40.290462 -80.184250
v 42.245407 -40.256008 -80.184250
v 42.510132 -40.181034 -78.753967
v 33.234009 -53.162834 -78.228622
v 33.350662 -46.671936 -78.491302
v 33.265320 -53.162830 -80.814545
v 42.312546 -39.843384 -80.289200
v 33.633583 -39.843384 -78.753967
v 33.702484 -40.256008 -78.841965
v 41.955177 -40.256008 -78.841965
v 33.265320 -53.162834 -77.379807
v 42.223267 -53.162834 -77.227875
v 42.113304 -46.671936 -77.417480
v 41.981194 -40.215485 -81.436447
v 41.820129 -46.671936 -81.580643
v 34.033028 -40.256008 -78.328857
v 33.991768 -40.181034 -77.607086
v 42.001320 -39.843384 -78.046036
v 33.991768 -39.843384 -80.997498
v 34.033028 -40.256008 -80.837891
v 34.033028 -40.347683 -79.507767
v 34.033028 -40.265659 -80.697861
v 34.033028 -40.256008 -78.841965
v 42.516281 -53.162834 -81.815643
v 41.659065 -53.162834 -81.724854
v 26.925526 -53.162834 -81.815643
v 26.946301 -46.671936 -81.407608
v 27.391762 -46.671936 -81.502121
v 27.470676 -53.162834 -81.691711
v 27.341412 -46.671936 -77.293549
v 26.953800 -46.671936 -77.202896
v 27.060360 -53.162834 -77.103943
v 27.470676 -53.162834 -77.103943
v 18.123619 -53.162834 -80.690964
v 18.196018 -46.671936 -80.428299
v 18.213299 -46.671936 -81.350143
v 18.158184 -53.162834 -81.539780
v 18.635311 -40.256008 -80.730942
v 18.593594 -40.256008 -80.590744
v 18.881458 -40.256008 -80.590744
v 18.880810 -40.256008 -80.730942
v 27.340878 -39.946777 -81.022247
v 27.340878 -39.946777 -80.165619
v 27.402996 -40.181034 -80.165619
v 27.402996 -40.181034 -81.160492
v 18.479862 -39.946777 -81.174515
v 18.836292 -39.946777 -81.174515
v 18.835659 -40.181034 -81.312515
v 18.419025 -40.181034 -81.312515
v 27.252010 -39.946777 -77.621155
v 26.847233 -39.946777 -77.621155
v 26.847233 -40.181034 -77.483154
v 27.312843 -40.181034 -77.483154
v 18.390987 -39.946777 -77.773407
v 18.390987 -39.946777 -78.630402
v 18.328873 -40.181034 -78.630402
v 18.328873 -40.181034 -77.635162
v 27.488338 -46.671936 -77.583130
v 27.488338 -46.671936 -78.367722
v 27.402996 -40.272709 -79.363434
v 27.402996 -40.181034 -77.635162
v 26.847233 -39.946777 -81.174515
v 26.847233 -39.843384 -80.873566
v 27.128326 -39.843384 -80.873566
v 27.252010 -39.946777 -81.174515
v 18.390987 -39.946777 -80.165619
v 18.526455 -39.843384 -80.165619
v 18.526455 -39.843384 -80.721390
v 18.390987 -39.946777 -81.022247
v 18.857170 -39.981232 -77.621155
v 18.855782 -39.877838 -77.922104
v 18.603542 -39.843384 -77.922104
v 18.479862 -39.946777 -77.621155
v 27.340878 -40.038452 -79.363434
v 27.205414 -39.935059 -79.363434
v 27.205414 -39.843384 -78.074280
v 27.340878 -39.946777 -77.773407
v 26.805977 -40.256008 -80.730942
v 27.094803 -40.256008 -80.730942
v 18.593594 -40.256008 -80.077637
v 18.897511 -40.290462 -78.081711
v 18.635311 -40.256008 -78.081711
v 27.136520 -40.347683 -79.411819
v 27.136520 -40.256008 -78.221909
v 18.309879 -46.671936 -81.502121
v 18.261192 -53.162834 -81.691727
v 27.312843 -40.181034 -81.312515
v 27.611382 -53.162830 -77.556335
v 18.419025 -40.181034 -77.483154
v 18.328873 -40.181034 -81.160492
v 27.488338 -46.671936 -81.350143
v 18.213299 -46.671936 -77.445526
v 18.309879 -46.671936 -77.293549
v 27.205418 -39.843384 -80.721390
v 18.603542 -39.843384 -80.873566
v 18.526455 -39.843384 -78.074280
v 27.128326 -39.843384 -77.922104
v 27.136520 -40.256008 -80.590744
v 18.593594 -40.256008 -78.221909
v 27.094803 -40.256008 -78.081711
v 18.158184 -53.162834 -77.255875
v 18.213299 -46.671936 -78.367722
v 18.158184 -53.162834 -78.105057
v 18.896862 -40.290462 -78.221252
v 18.894489 -40.290462 -78.735352
v 18.593594 -40.256008 -78.735352
v 18.328873 -40.181034 -80.165619
v 27.604992 -53.162834 -80.690964
v 27.488338 -46.671936 -80.428299
v 27.573689 -53.162830 -78.105057
v 18.526455 -39.843384 -78.630402
v 27.205418 -39.843384 -80.165619
v 27.136520 -40.256008 -80.077637
v 18.883831 -40.256008 -80.077637
v 27.573689 -53.162834 -81.539780
v 18.615738 -53.162834 -81.691711
v 18.725697 -46.671936 -81.502121
v 18.857807 -40.215485 -77.483154
v 19.018871 -46.671936 -77.338943
v 26.805977 -40.256008 -80.590744
v 26.847233 -40.181034 -81.312515
v 18.837685 -39.843384 -80.873566
v 26.847233 -39.843384 -77.922104
v 26.805977 -40.256008 -78.081711
v 26.805977 -40.347683 -79.411819
v 26.805977 -40.265659 -78.221725
v 26.805977 -40.256008 -80.077637
v 18.322720 -53.162834 -77.103943
v 19.179935 -53.162834 -77.194733
v 3.705797 -53.162834 -77.103943
v 3.685022 -46.671936 -77.511993
v 3.239559 -46.671936 -77.417480
v 3.160645 -53.162834 -77.227875
v 3.289907 -46.671936 -81.626053
v 3.677521 -46.671936 -81.716690
v 3.570959 -53.162834 -81.815643
v 3.160645 -53.162834 -81.815643
v 12.507702 -53.162834 -78.228622
v 12.435305 -46.671936 -78.491302
v 12.418020 -46.671936 -77.569458
v 12.473137 -53.162834 -77.379807
v 11.996008 -40.256008 -78.188644
v 12.037727 -40.256008 -78.328857
v 11.749863 -40.256008 -78.328857
v 11.750511 -40.256008 -78.188644
v 3.290440 -39.946777 -77.897339
v 3.290440 -39.946777 -78.753967
v 3.228325 -40.181034 -78.753967
v 3.228325 -40.181034 -77.759094
v 12.151461 -39.946777 -77.745087
v 11.795027 -39.946777 -77.745087
v 11.795664 -40.181034 -77.607086
v 12.212296 -40.181034 -77.607086
v 3.379313 -39.946777 -81.298447
v 3.784084 -39.946777 -81.298447
v 3.784084 -40.181034 -81.436447
v 3.318478 -40.181034 -81.436447
v 12.240334 -39.946777 -81.146179
v 12.240334 -39.946777 -80.289200
v 12.302448 -40.181034 -80.289200
v 12.302448 -40.181034 -81.284424
v 3.142981 -46.671936 -81.336472
v 3.142981 -46.671936 -80.551865
v 3.228325 -40.272709 -79.556152
v 3.228325 -40.181034 -81.284424
v 3.784084 -39.946777 -77.745087
v 3.784084 -39.843384 -78.046036
v 3.502995 -39.843384 -78.046036
v 3.379313 -39.946777 -77.745087
v 12.240334 -39.946777 -78.753967
v 12.104866 -39.843384 -78.753967
v 12.104866 -39.843384 -78.198212
v 12.240334 -39.946777 -77.897339
v 11.774151 -39.981228 -81.298447
v 11.775539 -39.877838 -80.997498
v 12.027777 -39.843384 -80.997498
v 12.151461 -39.946777 -81.298447
v 3.290440 -40.038452 -79.556152
v 3.425905 -39.935059 -79.556152
v 3.425905 -39.843384 -80.845306
v 3.290440 -39.946777 -81.146179
v 3.825342 -40.256008 -78.188644
v 3.536518 -40.256008 -78.188644
v 12.037727 -40.256008 -78.841965
v 11.733812 -40.290462 -80.837891
v 11.996008 -40.256008 -80.837891
v 3.494801 -40.347683 -79.507767
v 3.494801 -40.256008 -80.697678
v 12.321442 -46.671936 -77.417480
v 12.370129 -53.162834 -77.227875
v 3.318478 -40.181034 -77.607086
v 3.019939 -53.162830 -81.363251
v 12.212296 -40.181034 -81.436447
v 12.302448 -40.181034 -77.759094
v 3.142981 -46.671936 -77.569458
v 12.418020 -46.671936 -81.474075
v 12.321442 -46.671936 -81.626038
v 3.425905 -39.843384 -78.198212
v 12.027777 -39.843384 -78.046036
v 12.104866 -39.843384 -80.845306
v 3.502995 -39.843384 -80.997498
v 3.494801 -40.256008 -78.328857
v 12.037727 -40.256008 -80.697678
v 3.536518 -40.256008 -80.837891
v 12.473137 -53.162830 -81.663712
v 12.418020 -46.671936 -80.551865
v 12.473137 -53.162830 -80.814545
v 11.734457 -40.290462 -80.698349
v 11.736832 -40.290462 -80.184250
v 12.037727 -40.256008 -80.184250
v 12.302448 -40.181034 -78.753967
v 3.026331 -53.162834 -78.228622
v 3.142981 -46.671936 -78.491302
v 3.057634 -53.162830 -80.814545
v 12.104866 -39.843384 -80.289200
v 3.425905 -39.843384 -78.753967
v 3.494801 -40.256008 -78.841965
v 11.747492 -40.256008 -78.841965
v 3.057634 -53.162834 -77.379807
v 12.015583 -53.162834 -77.227875
v 11.905622 -46.671936 -77.417480
v 11.773512 -40.215485 -81.436447
v 11.612448 -46.671936 -81.580643
v 3.825342 -40.256008 -78.328857
v 3.784084 -40.181034 -77.607086
v 11.793634 -39.843384 -78.046036
v 3.784084 -39.843384 -80.997498
v 3.825342 -40.256008 -80.837891
v 3.825342 -40.347683 -79.507767
v 3.825342 -40.265659 -80.697861
v 3.825342 -40.256008 -78.841965
v 12.308601 -53.162834 -81.815643
v 11.451384 -53.162834 -81.724854
v -3.325446 -53.162834 -81.815643
v -3.304672 -46.671936 -81.407608
v -2.859209 -46.671936 -81.502121
v -2.780293 -53.162834 -81.691711
v -2.909557 -46.671936 -77.293549
v -3.297171 -46.671936 -77.202896
v -3.190608 -53.162834 -77.103943
v -2.780293 -53.162834 -77.103943
v -12.127352 -53.162834 -80.690964
v -12.054954 -46.671936 -80.428299
v -12.037670 -46.671936 -81.350143
v -12.092787 -53.162834 -81.539780
v -11.615658 -40.256008 -80.730942
v -11.657377 -40.256008 -80.590744
v -11.369513 -40.256008 -80.590744
v -11.370161 -40.256008 -80.730942
v -2.910090 -39.946777 -81.022247
v -2.910090 -39.946777 -80.165619
v -2.847975 -40.181034 -80.165619
v -2.847975 -40.181034 -81.160492
v -11.771111 -39.946777 -81.174515
v -11.414677 -39.946777 -81.174515
v -11.415314 -40.181034 -81.312515
v -11.831945 -40.181034 -81.312515
v -2.998962 -39.946777 -77.621155
v -3.403735 -39.946777 -77.621155
v -3.403735 -40.181034 -77.483154
v -2.938127 -40.181034 -77.483154
v -11.859983 -39.946777 -77.773407
v -11.859983 -39.946777 -78.630402
v -11.922098 -40.181034 -78.630402
v -11.922098 -40.181034 -77.635162
v -2.762630 -46.671936 -77.583130
v -2.762630 -46.671936 -78.367722
v -2.847975 -40.272709 -79.363434
v -2.847975 -40.181034 -77.635162
v -3.403735 -39.946777 -81.174515
v -3.403735 -39.843384 -80.873566
v -3.122644 -39.843384 -80.873566
v -2.998962 -39.946777 -81.174515
v -11.859983 -39.946777 -80.165619
v -11.724517 -39.843384 -80.165619
v -11.724517 -39.843384 -80.721390
v -11.859983 -39.946777 -81.022247
v -11.393801 -39.981232 -77.621155
v -11.395189 -39.877838 -77.922104
v -11.647427 -39.843384 -77.922104
v -11.771111 -39.946777 -77.621155
v -2.910090 -40.038452 -79.363434
v -3.045555 -39.935059 -79.363434
v -3.045555 -39.843384 -78.074280
v -2.910090 -39.946777 -77.773407
v -3.444992 -40.256008 -80.730942
v -3.156168 -40.256008 -80.730942
v -11.657377 -40.256008 -80.077637
v -11.353462 -40.290462 -78.081711
v -11.615658 -40.256008 -78.081711
v -3.114450 -40.347683 -79.411819
v -3.114450 -40.256008 -78.221909
v -11.941092 -46.671936 -81.502121
v -11.989779 -53.162834 -81.691727
v -2.938127 -40.181034 -81.312515
v -2.639587 -53.162830 -77.556335
v -11.831945 -40.181034 -77.483154
v -11.922098 -40.181034 -81.160492
v -2.762630 -46.671936 -81.350143
v -12.037670 -46.671936 -77.445526
v -11.941092 -46.671936 -77.293549
v -3.045555 -39.843384 -80.721390
v -11.647427 -39.843384 -80.873566
v -11.724517 -39.843384 -78.074280
v -3.122644 -39.843384 -77.922104
v -3.114450 -40.256008 -80.590744
v -11.657377 -40.256008 -78.221909
v -3.156168 -40.256008 -78.081711
v -12.092787 -53.162834 -77.255875
v -12.037670 -46.671936 -78.367722
v -12.092787 -53.162834 -78.105057
v -11.354107 -40.290462 -78.221252
v -11.356482 -40.290462 -78.735352
v -11.657377 -40.256008 -78.735352
v -11.922098 -40.181034 -80.165619
v -2.645979 -53.162834 -80.690964
v -2.762630 -46.671936 -80.428299
v -2.677284 -53.162830 -78.105057
v -11.724517 -39.843384 -78.630402
v -3.045555 -39.843384 -80.165619
v -3.114450 -40.256008 -80.077637
v -11.367142 -40.256008 -80.077637
v -2.677284 -53.162834 -81.539780
v -11.635232 -53.162834 -81.691711
v -11.525272 -46.671936 -81.502121
v -11.393162 -40.215485 -77.483154
v -11.232098 -46.671936 -77.338943
v -3.444992 -40.256008 -80.590744
v -3.403735 -40.181034 -81.312515
v -11.413284 -39.843384 -80.873566
v -3.403735 -39.843384 -77.922104
v -3.444993 -40.256008 -78.081711
v -3.444992 -40.347683 -79.411819
v -3.444992 -40.265659 -78.221725
v -3.444992 -40.256008 -80.077637
v -11.928251 -53.162834 -77.103943
v -11.071033 -53.162834 -77.194733
vn 0.0957 0.0403 -0.9946
vn -0.1019 0.0329 -0.9943
vn 0.3917 0.0359 -0.9194
vn 0.5628 0.0260 -0.8262
vn 0.6159 0.0193 0.7876
vn 0.1045 0.0232 0.9943
vn -0.0020 0.0185 0.9998
vn 0.5923 0.0297 0.8052
vn -0.9999 0.0086 -0.0134
vn -0.9999 0.0128 -0.0052
vn -0.9574 0.0188 -0.2880
vn -0.9486 0.0142 -0.3161
vn 0.4626 0.6895 0.5572
vn 0.6771 0.7297 0.0951
vn -0.0000 1.0000 -0.0000
vn -0.0000 0.7997 0.6004
vn 0.7685 0.6099 -0.1936
vn 0.8586 0.5115 0.0351
vn 0.9928 0.1194 0.0084
vn 0.9420 0.1788 -0.2841
vn -0.3630 0.6997 -0.6153
vn -0.0000 0.7320 -0.6813
vn 0.0015 0.2383 -0.9712
vn -0.4759 0.2423 -0.8455
vn 0.3630 0.6997 0.6153
vn -0.0019 0.7323 0.6810
vn -0.0028 0.2437 0.9699
vn 0.4790 0.2429 0.8435
vn -0.7685 0.6099 0.1936
vn -0.8646 0.5024 -0.0000
vn -0.9931 0.1173 0.0004
vn -0.9416 0.1806 0.2841
vn 0.9724 0.0143 0.2329
vn 0.9999 0.0131 -0.0001
vn 0.9941 0.1083 0.0035
vn 0.9422 0.1794 0.2829
vn -0.0000 0.9004 0.4350
vn -0.0726 0.9792 0.1896
vn 0.3617 0.6994 -0.6165
vn 0.3418 0.9398 -0.0000
vn 0.2019 0.9655 0.1644
vn -0.7650 0.6141 -0.1941
vn 0.0424 0.7215 0.6911
vn 0.0734 0.8973 -0.4353
vn 0.1332 0.9792 -0.1531
vn -0.3300 0.7078 0.6246
vn 0.8740 0.4858 0.0134
vn -0.3616 0.9320 0.0233
vn -0.1538 0.9644 -0.2150
vn 0.7686 0.6124 0.1848
vn -0.4422 0.7020 0.5582
vn 0.6575 0.7535 -0.0000
vn 0.0605 0.8171 -0.5734
vn 0.4954 0.6675 -0.5558
vn -0.6319 0.7745 0.0299
vn -0.6924 0.7101 -0.1276
vn -0.4822 0.0268 -0.8756
vn -0.4667 0.0246 -0.8841
vn 0.4747 0.2376 -0.8474
vn 0.9925 0.0164 0.1208
vn -0.4663 0.2483 0.8490
vn -0.9413 0.1816 -0.2846
vn 0.9601 0.0175 -0.2792
vn -0.9601 0.0174 0.2790
vn -0.4546 0.0260 0.8903
vn -0.2161 0.9634 0.1589
vn 0.0667 0.9815 0.1792
vn 0.2127 0.9637 -0.1616
vn -0.0599 0.9835 -0.1708
vn -0.6716 0.7363 0.0827
vn 0.7158 0.6929 -0.0872
vn -0.4681 0.6894 -0.5529
vn -0.9148 0.0132 0.4038
vn -0.9999 0.0112 0.0042
vn -1.0000 0.0079 0.0061
vn 0.0717 0.9974 -0.0053
vn 0.0700 0.9974 0.0162
vn 0.7037 0.7104 0.0080
vn -0.9931 0.1175 -0.0004
vn 0.9998 0.0143 -0.0139
vn 0.9999 0.0122 -0.0006
vn 0.9995 0.0101 -0.0291
vn -0.3286 0.9424 0.0618
vn -0.6722 0.7378 0.0614
vn 0.0048 1.0000 0.0086
vn 0.9496 0.0199 -0.3128
vn -0.0006 0.0312 -0.9995
vn 0.0057 0.0245 -0.9997
vn 0.0118 0.2311 0.9729
vn 0.0263 0.0225 0.9994
vn -0.0000 0.2338 -0.9723
vn -0.0023 0.9074 -0.4202
vn -0.0021 0.7840 -0.6207
vn 0.0052 0.9990 0.0444
vn -0.0119 0.9969 -0.0784
vn 0.0050 0.9970 0.0776
vn -0.3134 0.0208 0.9494
vn 0.0448 0.0181 0.9988
vn -0.1018 0.0329 -0.9943
vn 0.6158 0.0193 0.7876
vn 0.9420 0.1788 -0.2842
vn 0.3616 0.6994 -0.6165
vn 0.4747 0.2376 -0.8475
vn -0.2161 0.9634 0.1588
vn 0.7158 0.6929 -0.0871
vn 0.9941 0.1084 0.0035
vn -0.0725 0.9792 0.1896
vn -0.4422 0.7020 0.5583
vn 0.4748 0.2376 -0.8474
vn -0.4664 0.2483 0.8490
vn -0.9413 0.1816 -0.2845
vn -0.4680 0.6894 -0.5529
vn 0.0853 0.0311 -0.9959
vn -0.0836 0.0428 -0.9956
vn 0.3737 -0.0054 -0.9275
vn 0.5193 -0.0309 -0.8541
vn 0.5756 -0.0442 0.8165
vn 0.0919 0.0130 0.9957
vn 0.0009 0.0185 0.9998
vn 0.5742 -0.0329 0.8181
vn -0.9925 0.1213 -0.0156
vn -0.9920 0.1262 -0.0060
vn -0.9377 0.1267 -0.3236
vn -0.9275 0.1201 -0.3541
vn 0.5165 0.6425 0.5661
vn 0.7480 0.6545 0.1096
vn 0.1114 0.9938 -0.0000
vn 0.0891 0.7947 0.6004
vn 0.8068 0.5532 -0.2074
vn 0.8857 0.4627 0.0383
vn 0.9996 0.0272 0.0097
vn 0.9441 0.0943 -0.3159
vn -0.2480 0.7438 -0.6206
vn 0.0815 0.7274 -0.6813
vn 0.0280 0.2368 -0.9712
vn -0.4185 0.2981 -0.8579
vn 0.4066 0.6705 0.6206
vn 0.0800 0.7278 0.6811
vn 0.0245 0.2426 0.9698
vn 0.4775 0.1980 0.8560
vn -0.6643 0.7181 0.2074
vn -0.7690 0.6392 -0.0000
vn -0.9694 0.2456 0.0004
vn -0.8991 0.3031 0.3159
vn 0.9601 -0.0909 0.2644
vn 0.9954 -0.0962 -0.0001
vn 0.9999 0.0144 0.0041
vn 0.9445 0.0949 0.3144
vn 0.1003 0.8948 0.4350
vn 0.0129 0.9794 0.2014
vn 0.4051 0.6701 -0.6220
vn 0.4682 0.8836 -0.0000
vn 0.3166 0.9342 0.1643
vn -0.6609 0.7211 -0.2079
vn 0.1173 0.7143 0.6900
vn 0.1628 0.8865 -0.4331
vn 0.2554 0.9523 -0.1671
vn -0.2194 0.7458 0.6290
vn 0.9001 0.4354 0.0149
vn -0.2819 0.9592 0.0229
vn -0.0541 0.9757 -0.2125
vn 0.8082 0.5549 0.1973
vn -0.3370 0.7518 0.5667
vn 0.7297 0.6837 -0.0000
vn 0.1424 0.8054 -0.5753
vn 0.5385 0.6252 -0.5649
vn -0.5327 0.8458 0.0300
vn -0.5991 0.7880 -0.1420
vn -0.4447 0.0777 -0.8923
vn -0.4290 0.0735 -0.9003
vn 0.4725 0.1934 -0.8599
vn 0.9861 -0.0914 0.1388
vn -0.4099 0.3018 0.8608
vn -0.8986 0.3040 -0.3163
vn 0.9457 -0.0859 -0.3135
vn -0.9413 0.1255 0.3132
vn -0.4209 0.0742 0.9041
vn -0.1175 0.9802 0.1593
vn 0.2001 0.9612 0.1897
vn 0.3280 0.9307 -0.1620
vn 0.0246 0.9832 -0.1809
vn -0.5777 0.8107 0.0952
vn 0.7765 0.6223 -0.0991
vn -0.3659 0.7425 -0.5611
vn -0.8915 0.1147 0.4382
vn -0.9922 0.1244 0.0049
vn -0.9927 0.1205 0.0072
vn 0.1725 0.9850 -0.0047
vn 0.1708 0.9852 0.0160
vn 0.7653 0.6436 0.0078
vn -0.9693 0.2457 -0.0004
vn 0.9954 -0.0948 -0.0162
vn 0.9953 -0.0973 -0.0007
vn 0.9944 -0.0997 -0.0339
vn 0.4681 0.8837 -0.0000
vn -0.2467 0.9671 0.0613
vn -0.5759 0.8152 0.0623
vn 0.1161 0.9932 0.0088
vn 0.9331 -0.0817 -0.3502
vn 0.0034 0.0304 -0.9995
vn 0.0076 0.0238 -0.9997
vn 0.0362 0.2295 0.9726
vn 0.0252 0.0196 0.9995
vn 0.0260 0.2324 -0.9723
vn 0.0991 0.9020 -0.4203
vn 0.0856 0.7794 -0.6207
vn 0.1156 0.9923 0.0438
vn 0.1014 0.9917 -0.0790
vn 0.1154 0.9902 0.0781
vn -0.2805 0.0526 0.9584
vn 0.0400 0.0139 0.9991
vn -0.0957 0.0403 0.9946
vn 0.1019 0.0329 0.9943
vn -0.3918 0.0359 0.9194
vn -0.5628 0.0260 0.8262
vn -0.6158 0.0193 -0.7876
vn -0.1045 0.0232 -0.9943
vn 0.0020 0.0185 -0.9998
vn -0.5923 0.0297 -0.8052
vn 0.9999 0.0086 0.0134
vn 0.9999 0.0128 0.0052
vn 0.9574 0.0188 0.2880
vn 0.9486 0.0142 0.3161
vn -0.4626 0.6895 -0.5572
vn -0.6771 0.7297 -0.0951
vn -0.0000 0.7997 -0.6004
vn -0.8586 0.5115 -0.0351
vn -0.9928 0.1194 -0.0084
vn -0.9420 0.1788 0.2841
vn 0.3630 0.6998 0.6153
vn -0.0000 0.7320 0.6813
vn -0.0015 0.2383 0.9712
vn 0.4759 0.2423 0.8455
vn -0.3630 0.6998 -0.6153
vn 0.0019 0.7323 -0.6810
vn 0.0028 0.2437 -0.9699
vn -0.4790 0.2429 -0.8435
vn 0.8646 0.5024 -0.0000
vn 0.9931 0.1173 -0.0004
vn 0.9416 0.1806 -0.2841
vn -0.9724 0.0143 -0.2329
vn -0.9999 0.0131 0.0001
vn -0.9941 0.1083 -0.0035
vn -0.9422 0.1794 -0.2829
vn -0.0000 0.9004 -0.4350
vn 0.0726 0.9792 -0.1896
vn -0.3617 0.6994 0.6165
vn -0.3418 0.9398 -0.0000
vn -0.2019 0.9655 -0.1644
vn 0.7650 0.6141 0.1941
vn -0.0424 0.7215 -0.6911
vn -0.0734 0.8973 0.4353
vn -0.1332 0.9792 0.1531
vn 0.3300 0.7078 -0.6246
vn -0.8740 0.4858 -0.0134
vn 0.3616 0.9320 -0.0233
vn 0.1538 0.9644 0.2150
vn -0.7686 0.6124 -0.1848
vn 0.4422 0.7020 -0.5583
vn -0.6575 0.7535 -0.0000
vn -0.0605 0.8171 0.5734
vn -0.4954 0.6675 0.5558
vn 0.6319 0.7745 -0.0299
vn 0.6924 0.7101 0.1276
vn 0.4822 0.0268 0.8756
vn 0.4667 0.0246 0.8841
vn -0.4747 0.2376 0.8474
vn -0.9925 0.0164 -0.1207
vn 0.4664 0.2483 -0.8490
vn 0.9413 0.1816 0.2846
vn -0.9601 0.0175 0.2792
vn 0.9601 0.0174 -0.2790
vn 0.4546 0.0260 -0.8903
vn 0.2161 0.9634 -0.1588
vn -0.0667 0.9816 -0.1792
vn -0.2127 0.9637 0.1616
vn 0.0599 0.9835 0.1708
vn 0.6716 0.7363 -0.0827
vn -0.7158 0.6929 0.0871
vn 0.4681 0.6894 0.5529
vn 0.9148 0.0132 -0.4038
vn 0.9999 0.0112 -0.0042
vn 1.0000 0.0079 -0.0061
vn -0.0717 0.9974 0.0053
vn -0.0700 0.9974 -0.0162
vn -0.7037 0.7104 -0.0080
vn 0.9931 0.1175 0.0004
vn -0.9998 0.0143 0.0139
vn -0.9999 0.0122 0.0006
vn -0.9995 0.0101 0.0291
vn 0.3286 0.9424 -0.0618
vn 0.6722 0.7378 -0.0614
vn -0.0048 1.0000 -0.0086
vn -0.9496 0.0199 0.3128
vn 0.0006 0.0312 0.9995
vn -0.0057 0.0245 0.9997
vn -0.0118 0.2311 -0.9729
vn -0.0263 0.0225 -0.9994
vn -0.0000 0.2338 0.9723
vn 0.0023 0.9074 0.4202
vn 0.0021 0.7840 0.6207
vn -0.0052 0.9990 -0.0444
vn 0.0119 0.9969 0.0784
vn -0.0050 0.9970 -0.0776
vn 0.3134 0.0208 -0.9494
vn -0.0448 0.0181 -0.9988
vn -0.3917 0.0359 0.9194
vn 0.4422 0.7020 -0.5582
vn -0.4748 0.2376 0.8474
vn -0.9925 0.0164 -0.1208
vn 0.9413 0.1816 0.2845
vn -0.7158 0.6929 0.0872
vn -0.0879 0.0404 0.9953
vn 0.0943 0.0331 0.9950
vn -0.3819 0.0361 0.9235
vn -0.5402 0.0266 0.8411
vn -0.5957 0.0198 -0.8030
vn -0.0966 0.0232 -0.9951
vn 0.0015 0.0185 -0.9998
vn -0.5832 0.0305 -0.8118
vn 0.9999 0.0093 0.0145
vn 0.9999 0.0138 0.0056
vn 0.9517 0.0202 0.3065
vn 0.9418 0.0152 0.3358
vn -0.4520 0.6929 -0.5618
vn -0.6738 0.7318 -0.1025
vn -0.7538 0.6256 0.2008
vn -0.8433 0.5362 -0.0368
vn -0.9916 0.1290 -0.0090
vn -0.9347 0.1892 0.3007
vn 0.3455 0.7060 0.6182
vn -0.0015 0.2384 0.9712
vn 0.4621 0.2461 0.8520
vn -0.3455 0.7060 -0.6182
vn 0.0017 0.7322 -0.6810
vn 0.0027 0.2437 -0.9698
vn -0.4654 0.2466 -0.8501
vn 0.7538 0.6256 -0.2008
vn 0.8498 0.5272 -0.0000
vn 0.9919 0.1268 -0.0004
vn 0.9343 0.1912 -0.3007
vn -0.9684 0.0155 -0.2491
vn -0.9999 0.0142 0.0001
vn -0.9931 0.1171 -0.0038
vn -0.9351 0.1899 -0.2994
vn 0.0856 0.9770 -0.1955
vn -0.3441 0.7056 0.6195
vn 0.8497 0.5272 -0.0000
vn -0.3553 0.9348 -0.0000
vn -0.2068 0.9645 -0.1644
vn 0.7505 0.6294 0.2013
vn -0.0395 0.7223 -0.6905
vn -0.0678 0.8983 0.4341
vn -0.1412 0.9769 0.1603
vn 0.3151 0.7125 -0.6270
vn -0.8598 0.5105 -0.0142
vn 0.3753 0.9266 -0.0231
vn 0.1586 0.9639 0.2138
vn -0.7545 0.6278 -0.1914
vn 0.4302 0.7059 -0.5627
vn -0.6532 0.7572 -0.0000
vn -0.0558 0.8167 0.5744
vn -0.4800 0.6748 0.5606
vn 0.6277 0.7779 -0.0299
vn 0.6877 0.7134 0.1349
vn 0.4659 0.0273 0.8844
vn 0.4501 0.0250 0.8926
vn -0.4610 0.2414 0.8540
vn -0.9914 0.0177 -0.1300
vn 0.4533 0.2514 -0.8552
vn 0.9340 0.1922 0.3011
vn -0.9547 0.0187 0.2970
vn 0.9548 0.0187 -0.2968
vn 0.4403 0.0265 -0.8975
vn 0.2217 0.9620 -0.1592
vn -0.0805 0.9795 -0.1845
vn -0.2181 0.9624 0.1619
vn 0.0737 0.9817 0.1758
vn 0.6680 0.7388 -0.0891
vn -0.7088 0.6992 0.0932
vn 0.4570 0.6934 0.5572
vn 0.9065 0.0140 -0.4220
vn 0.9999 0.0121 -0.0045
vn 0.9999 0.0085 -0.0066
vn -0.0663 0.9978 0.0050
vn -0.0646 0.9978 -0.0161
vn -0.6960 0.7180 -0.0079
vn 0.9919 0.1270 0.0004
vn -0.9998 0.0155 0.0151
vn -0.9999 0.0132 0.0007
vn -0.9994 0.0109 0.0316
vn -0.3552 0.9348 -0.0000
vn 0.3417 0.9378 -0.0615
vn 0.6676 0.7419 -0.0619
vn -0.0048 1.0000 -0.0087
vn -0.9430 0.0214 0.3322
vn 0.0002 0.0309 0.9995
vn -0.0053 0.0245 0.9997
vn -0.0110 0.2316 -0.9727
vn -0.0245 0.0224 -0.9994
vn 0.0021 0.9074 0.4202
vn 0.0019 0.7840 0.6207
vn -0.0047 0.9990 -0.0441
vn 0.0107 0.9968 0.0787
vn -0.0047 0.9970 -0.0779
vn 0.2983 0.0209 -0.9542
vn -0.0412 0.0182 -0.9990
vn 0.3918 0.0359 -0.9194
vn -0.4823 0.0268 -0.8756
vn 0.0941 0.0481 -0.9944
vn -0.1020 0.0394 -0.9940
vn 0.3926 0.0426 -0.9187
vn 0.5625 0.0310 -0.8262
vn 0.6155 0.0230 0.7878
vn 0.1042 0.0275 0.9942
vn -0.0013 0.0220 0.9998
vn 0.5921 0.0353 0.8051
vn -0.9999 0.0102 -0.0134
vn -0.9999 0.0152 -0.0052
vn -0.9574 0.0223 -0.2880
vn -0.9484 0.0169 -0.3167
vn 0.4584 0.7056 0.5403
vn 0.6665 0.7397 0.0924
vn -0.0000 0.8145 0.5802
vn 0.7368 0.6528 -0.1760
vn 0.8257 0.5631 0.0324
vn 0.9901 0.1402 0.0082
vn 0.9354 0.2095 -0.2848
vn -0.3427 0.7425 -0.5756
vn -0.0000 0.7746 -0.6324
vn 0.0017 0.2756 -0.9613
vn -0.4711 0.2765 -0.8376
vn 0.3427 0.7425 0.5756
vn -0.0017 0.7748 0.6322
vn -0.0031 0.2819 0.9594
vn 0.4749 0.2772 0.8353
vn -0.7368 0.6528 0.1760
vn -0.8315 0.5556 -0.0000
vn -0.9903 0.1386 0.0004
vn -0.9349 0.2117 0.2848
vn 0.9723 0.0171 0.2329
vn 0.9999 0.0155 -0.0001
vn 0.9916 0.1293 0.0036
vn 0.9356 0.2098 0.2840
vn -0.0000 0.8989 0.4382
vn -0.0832 0.9759 0.2017
vn 0.3413 0.7423 -0.5766
vn 0.3698 0.9291 -0.0000
vn 0.2282 0.9605 0.1593
vn -0.7336 0.6563 -0.1764
vn 0.0379 0.7667 0.6408
vn 0.0618 0.8993 -0.4329
vn 0.1328 0.9766 -0.1690
vn -0.3128 0.7489 0.5842
vn 0.8405 0.5416 0.0127
vn -0.3863 0.9222 0.0189
vn -0.1806 0.9626 -0.2020
vn 0.7374 0.6543 0.1677
vn -0.4343 0.7199 0.5415
vn 0.6478 0.7618 -0.0000
vn 0.0516 0.8311 -0.5537
vn 0.4811 0.6944 -0.5351
vn -0.6261 0.7794 0.0254
vn -0.6783 0.7250 -0.1195
vn -0.4823 0.0319 -0.8754
vn -0.4664 0.0293 -0.8841
vn 0.4698 0.2711 -0.8401
vn 0.9924 0.0196 0.1216
vn -0.4620 0.2822 0.8408
vn -0.9345 0.2128 -0.2853
vn 0.9600 0.0208 -0.2792
vn -0.9601 0.0208 0.2790
vn -0.4549 0.0310 0.8900
vn -0.2447 0.9575 0.1529
vn 0.0782 0.9786 0.1905
vn 0.2407 0.9580 -0.1558
vn -0.0706 0.9810 -0.1810
vn -0.6606 0.7466 0.0787
vn 0.6987 0.7107 -0.0821
vn -0.4624 0.7084 -0.5333
vn -0.9145 0.0157 0.4043
vn -0.9999 0.0133 0.0042
vn -0.9999 0.0094 0.0060
vn 0.0604 0.9982 -0.0045
vn 0.0590 0.9982 0.0137
vn 0.6874 0.7262 0.0067
vn -0.9903 0.1388 -0.0004
vn 0.9998 0.0170 -0.0142
vn 0.9999 0.0145 -0.0008
vn 0.9995 0.0120 -0.0293
vn -0.3575 0.9325 0.0516
vn -0.6591 0.7502 0.0528
vn 0.0040 1.0000 0.0073
vn 0.9494 0.0236 -0.3131
vn 0.0001 0.0362 -0.9993
vn 0.0057 0.0291 -0.9996
vn 0.0119 0.2685 0.9632
vn 0.0267 0.0265 0.9993
vn -0.0000 0.2701 -0.9628
vn -0.0019 0.9069 -0.4214
vn -0.0018 0.8047 -0.5937
vn 0.0043 0.9993 0.0375
vn -0.0100 0.9978 -0.0659
vn 0.0042 0.9979 0.0654
vn -0.3131 0.0248 0.9494
vn 0.0445 0.0218 0.9988
vn -0.0940 0.0481 0.9944
vn 0.1020 0.0394 0.9940
vn -0.3925 0.0426 0.9187
vn -0.5625 0.0310 0.8262
vn -0.6155 0.0230 -0.7878
vn -0.1042 0.0275 -0.9942
vn 0.0013 0.0220 -0.9998
vn -0.5921 0.0353 -0.8051
vn 0.9999 0.0102 0.0134
vn 0.9999 0.0152 0.0052
vn 0.9574 0.0223 0.2880
vn 0.9484 0.0169 0.3167
vn -0.4584 0.7056 -0.5403
vn -0.6665 0.7397 -0.0924
vn -0.0000 0.8145 -0.5802
vn -0.8257 0.5631 -0.0324
vn -0.9901 0.1402 -0.0082
vn -0.9354 0.2095 0.2849
vn -0.0000 0.7746 0.6324
vn -0.0017 0.2756 0.9613
vn 0.4711 0.2765 0.8376
vn 0.0017 0.7748 -0.6322
vn 0.0031 0.2819 -0.9594
vn -0.4748 0.2772 -0.8353
vn 0.8315 0.5556 -0.0000
vn 0.9903 0.1386 -0.0004
vn 0.9349 0.2117 -0.2848
vn -0.9723 0.0171 -0.2329
vn -0.9999 0.0155 0.0001
vn -0.9916 0.1293 -0.0036
vn -0.9356 0.2099 -0.2840
vn -0.0000 0.8989 -0.4382
vn 0.0832 0.9759 -0.2017
vn -0.3413 0.7423 0.5766
vn -0.3698 0.9291 -0.0000
vn -0.2282 0.9605 -0.1593
vn 0.7336 0.6563 0.1764
vn -0.0379 0.7668 -0.6408
vn -0.0618 0.8993 0.4329
vn -0.1328 0.9766 0.1690
vn 0.3128 0.7489 -0.5842
vn -0.8405 0.5416 -0.0127
vn 0.3863 0.9222 -0.0189
vn 0.1806 0.9626 0.2020
vn -0.7374 0.6543 -0.1677
vn 0.4343 0.7199 -0.5415
vn -0.6478 0.7618 -0.0000
vn -0.0516 0.8311 0.5537
vn -0.4811 0.6944 0.5351
vn 0.6261 0.7794 -0.0254
vn 0.6783 0.7250 0.1195
vn 0.4823 0.0319 0.8754
vn 0.4664 0.0293 0.8841
vn -0.4698 0.2711 0.8401
vn -0.9924 0.0196 -0.1216
vn 0.4620 0.2822 -0.8408
vn 0.9345 0.2128 0.2853
vn -0.9600 0.0208 0.2792
vn 0.9601 0.0208 -0.2790
vn 0.4549 0.0310 -0.8900
vn 0.2447 0.9575 -0.1529
vn -0.0782 0.9786 -0.1905
vn -0.2407 0.9580 0.1558
vn 0.0706 0.9810 0.1810
vn 0.6606 0.7466 -0.0787
vn -0.6987 0.7107 0.0821
vn 0.4624 0.7084 0.5333
vn 0.9145 0.0157 -0.4043
vn 0.9999 0.0133 -0.0042
vn 0.9999 0.0094 -0.0060
vn -0.0604 0.9982 0.0045
vn -0.0590 0.9982 -0.0137
vn -0.6874 0.7262 -0.0067
vn 0.9903 0.1388 0.0004
vn -0.9998 0.0170 0.0142
vn -0.9999 0.0145 0.0008
vn -0.9995 0.0120 0.0293
vn 0.3575 0.9325 -0.0516
vn 0.6591 0.7502 -0.0528
vn -0.0040 1.0000 -0.0073
vn -0.9494 0.0236 0.3131
vn -0.0001 0.0362 0.9993
vn -0.0057 0.0291 0.9996
vn -0.0119 0.2685 -0.9632
vn -0.0267 0.0265 -0.9993
vn -0.0000 0.2701 0.9628
vn -0.0000 0.8989 -0.4381
vn 0.0019 0.9069 0.4214
vn 0.0018 0.8047 0.5937
vn -0.0043 0.9993 -0.0375
vn 0.0100 0.9978 0.0659
vn -0.0042 0.9979 -0.0654
vn 0.3131 0.0248 -0.9494
vn -0.0445 0.0218 -0.9988
vn 0.3925 0.0426 -0.9187
vn 0.7369 0.6527 -0.1760
vn 0.9354 0.2095 -0.2849
vn 0.4748 0.2772 0.8353
vn -0.7368 0.6527 0.1760
vn -0.1805 0.9626 -0.2020
vn 0.7368 0.6527 -0.1760
vn -0.9356 0.2098 -0.2840
vn 0.1805 0.9626 0.2020
vn 0.4824 0.0319 0.8754
vn -0.4824 0.0319 -0.8754
vt 0.922990 0.978771
vt 0.925016 0.775168
vt 0.962695 0.774739
vt 0.969609 0.978244
vt 0.959825 0.221249
vt 0.926680 0.220438
vt 0.935912 0.017318
vt 0.970670 0.017655
vt 0.050561 0.024580
vt 0.071140 0.227750
vt 0.036656 0.229667
vt 0.018773 0.026360
vt 0.221362 0.541109
vt 0.218513 0.538073
vt 0.241571 0.538797
vt 0.241220 0.542453
vt 0.960680 0.559617
vt 0.963012 0.527347
vt 0.970447 0.527713
vt 0.968383 0.567285
vt 0.205371 0.563336
vt 0.236420 0.564226
vt 0.236286 0.571658
vt 0.199744 0.570578
vt 0.952959 0.431305
vt 0.917802 0.430453
vt 0.917857 0.423044
vt 0.958507 0.424139
vt 0.197564 0.435336
vt 0.195350 0.467641
vt 0.187665 0.467212
vt 0.189850 0.427443
vt 0.022073 0.692652
vt 0.051239 0.692685
vt 0.087299 0.893195
vt 0.020325 0.897148
vt 0.917341 0.565255
vt 0.917241 0.555337
vt 0.942146 0.553955
vt 0.952466 0.564544
vt 0.195100 0.525927
vt 0.205548 0.525368
vt 0.207837 0.546558
vt 0.197187 0.558264
vt 0.238623 0.429188
vt 0.238627 0.439307
vt 0.216072 0.440750
vt 0.205772 0.430336
vt 0.964395 0.496221
vt 0.953217 0.496689
vt 0.950717 0.447912
vt 0.961168 0.436415
vt 0.913209 0.543291
vt 0.936763 0.542090
vt 0.218217 0.521196
vt 0.243038 0.451607
vt 0.221730 0.452715
vt 0.940069 0.498752
vt 0.940158 0.456709
vt 0.176815 0.976571
vt 0.181691 0.772720
vt 0.191678 0.773480
vt 0.187240 0.977029
vt 0.958008 0.571831
vt 0.991311 0.018897
vt 0.976097 0.222261
vt 0.200260 0.423191
vt 0.189346 0.565924
vt 0.972694 0.773997
vt 0.968790 0.428872
vt 0.182776 0.221427
vt 0.192699 0.220395
vt 0.950212 0.547809
vt 0.215818 0.552850
vt 0.208142 0.447019
vt 0.942619 0.441697
vt 0.939728 0.539091
vt 0.218767 0.455879
vt 0.937214 0.453721
vt 0.178717 0.017504
vt 0.148220 0.223651
vt 0.147052 0.019486
vt 0.243158 0.455276
vt 0.242902 0.472906
vt 0.218387 0.472879
vt 0.972744 0.495846
vt 0.187408 0.526348
vt 0.138172 0.489161
vt 0.128220 0.692757
vt 0.041814 0.489176
vt 0.205790 0.468159
vt 0.952829 0.526795
vt 0.940358 0.522020
vt 0.241856 0.521207
vt 0.169902 0.489293
vt 0.162621 0.692747
vt 0.217442 0.977424
vt 0.227094 0.774189
vt 0.238681 0.421489
vt 0.252985 0.219954
vt 0.913078 0.539646
vt 0.917350 0.572720
vt 0.236760 0.554380
vt 0.917669 0.440301
vt 0.913586 0.452515
vt 0.913194 0.498880
vt 0.913355 0.456087
vt 0.913176 0.522137
vt 0.090973 0.430533
vt 0.051478 0.434800
vt 0.021133 0.489031
vt 0.980031 0.977810
vt 0.193794 0.016883
vt 0.150173 0.427312
vt 0.119165 0.895492
vt 0.158738 0.897556
vt 0.266783 0.016711
s 1
f 1/1/1 2/2/2 3/3/3
f 3/3/3 4/4/4 1/1/1
f 5/5/5 6/6/6 7/7/7
f 7/7/7 8/8/8 5/5/5
f 9/9/9 10/10/10 11/11/11
f 11/11/11 12/12/12 9/9/9
f 13/13/13 14/14/14 15/15/15
f 15/15/15 16/16/16 13/13/13
f 17/17/17 18/18/18 19/19/19
f 19/19/19 20/20/20 17/17/17
f 21/21/21 22/22/22 23/23/23
f 23/23/23 24/24/24 21/21/21
f 25/25/25 26/26/26 27/27/27
f 27/27/27 28/28/28 25/25/25
f 29/29/29 30/30/30 31/31/31
f 31/31/31 32/32/32 29/29/29
f 33/33/33 34/34/34 35/35/35
f 35/35/35 36/36/36 33/33/33
f 37/37/22 38/38/37 39/39/38
f 39/39/38 40/40/39 37/37/22
f 41/41/30 42/42/40 43/43/41
f 43/43/41 44/44/42 41/41/30
f 45/45/43 46/46/44 47/47/45
f 47/47/45 48/48/46 45/45/43
f 49/49/47 50/50/48 51/51/49
f 51/51/49 52/52/50 49/49/47
f 39/39/38 38/38/37 53/53/16
f 53/53/16 54/54/51 39/39/38
f 42/42/40 55/55/52 14/14/14
f 14/14/14 43/43/41 42/42/40
f 47/47/45 46/46/44 56/56/53
f 56/56/53 57/57/54 47/47/45
f 50/50/48 58/58/55 59/59/56
f 59/59/56 51/51/49 50/50/48
f 12/60/12 11/61/11 60/62/57
f 60/62/57 61/63/58 12/60/12
f 40/40/39 17/17/17 20/20/20
f 20/20/20 62/64/59 40/40/39
f 63/65/60 33/66/33 5/5/5
f 5/5/5 8/8/8 63/65/60
f 48/48/46 29/29/29 32/32/32
f 32/32/32 64/67/61 48/48/46
f 24/24/24 65/68/62 44/44/42
f 44/44/42 21/21/21 24/24/24
f 20/20/20 66/69/63 3/3/3
f 3/3/3 62/64/59 20/20/20
f 28/28/28 36/70/36 52/52/50
f 52/52/50 25/25/25 28/28/28
f 32/32/32 67/71/64 68/72/65
f 68/72/65 64/67/61 32/32/32
f 17/17/17 40/40/39 39/39/38
f 39/39/38 69/73/66 17/17/17
f 21/21/21 44/44/42 43/43/41
f 43/43/41 70/74/67 21/21/21
f 29/29/29 48/48/46 47/47/45
f 47/47/45 71/75/68 29/29/29
f 25/25/25 52/52/50 51/51/49
f 51/51/49 72/76/69 25/25/25
f 69/73/66 39/39/38 54/54/51
f 54/54/51 73/77/70 69/73/66
f 70/74/67 43/43/41 14/14/14
f 14/14/14 13/13/13 70/74/67
f 71/75/68 47/47/45 57/57/54
f 57/57/54 74/78/71 71/75/68
f 72/76/69 51/51/49 59/59/56
f 59/59/56 75/79/72 72/76/69
f 76/80/73 67/71/64 77/81/74
f 77/81/74 78/82/75 76/80/73
f 74/78/71 79/83/76 80/84/77
f 80/84/77 81/85/78 74/78/71
f 52/52/50 36/70/36 35/86/35
f 35/86/35 49/49/47 52/52/50
f 41/41/30 82/87/79 31/31/31
f 31/31/31 30/30/30 41/41/30
f 83/88/80 84/89/81 34/34/34
f 34/34/34 85/90/82 83/88/80
f 30/30/30 29/29/29 71/75/68
f 71/75/68 86/91/40 30/30/30
f 18/18/18 87/92/83 50/50/48
f 50/50/48 49/49/47 18/18/18
f 71/75/68 74/78/71 81/85/78
f 81/85/78 86/91/40 71/75/68
f 87/92/83 88/93/84 58/58/55
f 58/58/55 50/50/48 87/92/83
f 78/82/75 77/81/74 10/10/10
f 10/10/10 9/9/9 78/82/75
f 81/85/78 80/84/77 89/94/85
f 89/94/85 55/55/52 81/85/78
f 49/49/47 35/86/35 19/19/19
f 19/19/19 18/18/18 49/49/47
f 30/30/30 86/91/40 42/42/40
f 42/42/40 41/41/30 30/30/30
f 86/91/40 81/85/78 55/55/52
f 55/55/52 42/42/40 86/91/40
f 44/44/42 65/68/62 82/87/79
f 82/87/79 41/41/30 44/44/42
f 90/95/86 66/96/63 84/89/81
f 84/89/81 83/88/80 90/95/86
f 18/18/18 17/17/17 69/73/66
f 69/73/66 87/92/83 18/18/18
f 69/73/66 73/77/70 88/93/84
f 88/93/84 87/92/83 69/73/66
f 91/97/87 92/98/88 2/2/2
f 2/2/2 1/1/1 91/97/87
f 27/27/27 93/99/89 94/100/90
f 94/100/90 6/6/6 27/27/27
f 54/54/51 53/53/16 95/101/15
f 95/101/15 73/77/70 54/54/51
f 40/40/39 62/64/59 96/102/91
f 96/102/91 37/37/22 40/40/39
f 45/45/43 93/99/89 27/27/27
f 27/27/27 26/26/26 45/45/43
f 22/22/22 97/103/37 38/38/37
f 38/38/37 37/37/22 22/22/22
f 26/26/26 25/25/25 72/76/69
f 72/76/69 98/104/92 26/26/26
f 97/103/37 16/16/16 53/53/16
f 53/53/16 38/38/37 97/103/37
f 72/76/69 75/79/72 99/105/93
f 99/105/93 98/104/92 72/76/69
f 58/58/55 100/106/94 101/107/95
f 101/107/95 59/59/56 58/58/55
f 58/58/55 88/93/84 102/108/96
f 102/108/96 100/106/94 58/58/55
f 53/53/16 16/16/16 15/15/15
f 15/15/15 95/101/15 53/53/16
f 37/37/22 96/102/91 23/23/23
f 23/23/23 22/22/22 37/37/22
f 26/26/26 98/104/92 46/46/44
f 46/46/44 45/45/43 26/26/26
f 98/104/92 99/105/93 56/56/53
f 56/56/53 46/46/44 98/104/92
f 100/106/94 80/84/77 79/83/76
f 79/83/76 101/107/95 100/106/94
f 80/84/77 100/106/94 102/108/96
f 102/108/96 89/94/85 80/84/77
f 91/97/87 61/63/58 60/62/57
f 60/62/57 92/98/88 91/97/87
f 93/99/89 64/67/61 68/72/65
f 68/72/65 94/100/90 93/99/89
f 48/48/46 64/67/61 93/99/89
f 93/99/89 45/45/43 48/48/46
f 22/22/22 21/21/21 70/74/67
f 70/74/67 97/103/37 22/22/22
f 70/74/67 13/13/13 16/16/16
f 16/16/16 97/103/37 70/74/67
f 2/2/2 96/102/91 62/64/59
f 62/64/59 3/3/3 2/2/2
f 28/28/28 27/27/27 6/6/6
f 6/6/6 5/5/5 28/28/28
f 82/109/79 65/110/62 11/11/11
f 11/11/11 10/10/10 82/109/79
f 63/111/60 85/90/82 34/34/34
f 34/34/34 33/33/33 63/111/60
f 65/68/62 24/24/24 60/62/57
f 60/62/57 11/61/11 65/68/62
f 36/70/36 28/28/28 5/5/5
f 5/5/5 33/66/33 36/70/36
f 90/112/86 4/4/4 3/3/3
f 3/3/3 66/69/63 90/112/86
f 76/80/73 103/113/97 68/72/65
f 68/72/65 67/71/64 76/80/73
f 32/32/32 31/114/31 77/81/74
f 77/81/74 67/71/64 32/32/32
f 19/115/19 35/35/35 34/34/34
f 34/34/34 84/89/81 19/115/19
f 31/114/31 82/109/79 10/10/10
f 10/10/10 77/81/74 31/114/31
f 20/116/20 19/115/19 84/89/81
f 84/89/81 66/96/63 20/116/20
f 23/23/23 96/102/91 2/2/2
f 2/2/2 92/98/88 23/23/23
f 104/117/98 7/7/7 6/6/6
f 6/6/6 94/100/90 104/117/98
f 24/24/24 23/23/23 92/98/88
f 92/98/88 60/62/57 24/24/24
f 103/113/97 104/117/98 94/100/90
f 94/100/90 68/72/65 103/113/97
f 55/55/52 89/94/85 15/15/15
f 15/15/15 14/14/14 55/55/52
f 89/94/85 102/108/96 95/101/15
f 95/101/15 15/15/15 89/94/85
f 102/108/96 88/93/84 73/77/70
f 73/77/70 95/101/15 102/108/96
f 57/57/54 56/56/53 79/83/76
f 79/83/76 74/78/71 57/57/54
f 56/56/53 99/105/93 101/107/95
f 101/107/95 79/83/76 56/56/53
f 101/107/95 99/105/93 75/79/72
f 75/79/72 59/59/56 101/107/95
f 105/1/1 106/2/99 107/3/3
f 107/3/3 108/4/4 105/1/1
f 109/5/100 110/6/6 111/7/7
f 111/7/7 112/8/8 109/5/100
f 113/9/9 114/10/10 115/11/11
f 115/11/11 116/12/12 113/9/9
f 117/13/13 118/14/14 119/15/15
f 119/15/15 120/16/16 117/13/13
f 121/17/17 122/18/18 123/19/19
f 123/19/19 124/20/101 121/17/17
f 125/21/21 126/22/22 127/23/23
f 127/23/23 128/24/24 125/21/21
f 129/25/25 130/26/26 131/27/27
f 131/27/27 132/28/28 129/25/25
f 133/29/29 134/30/30 135/31/31
f 135/31/31 136/32/32 133/29/29
f 137/33/33 138/34/34 139/35/35
f 139/35/35 140/36/36 137/33/33
f 141/37/22 142/38/37 143/39/38
f 143/39/38 144/40/102 141/37/22
f 145/41/30 146/42/40 147/43/41
f 147/43/41 148/44/42 145/41/30
f 149/45/43 150/46/44 151/47/45
f 151/47/45 152/48/46 149/45/43
f 153/49/47 154/50/48 155/51/49
f 155/51/49 156/52/50 153/49/47
f 143/39/38 142/38/37 157/53/16
f 157/53/16 158/54/51 143/39/38
f 146/42/40 159/55/52 118/14/14
f 118/14/14 147/43/41 146/42/40
f 151/47/45 150/46/44 160/56/53
f 160/56/53 161/57/54 151/47/45
f 154/50/48 162/58/55 163/59/56
f 163/59/56 155/51/49 154/50/48
f 116/60/12 115/61/11 164/62/57
f 164/62/57 165/63/58 116/60/12
f 144/40/102 121/17/17 124/20/101
f 124/20/101 166/64/103 144/40/102
f 167/65/60 137/66/33 109/5/100
f 109/5/100 112/8/8 167/65/60
f 152/48/46 133/29/29 136/32/32
f 136/32/32 168/67/61 152/48/46
f 128/24/24 169/68/62 148/44/42
f 148/44/42 125/21/21 128/24/24
f 124/20/101 170/69/63 107/3/3
f 107/3/3 166/64/103 124/20/101
f 132/28/28 140/70/36 156/52/50
f 156/52/50 129/25/25 132/28/28
f 136/32/32 171/71/64 172/72/65
f 172/72/65 168/67/61 136/32/32
f 121/17/17 144/40/102 143/39/38
f 143/39/38 173/73/104 121/17/17
f 125/21/21 148/44/42 147/43/41
f 147/43/41 174/74/67 125/21/21
f 133/29/29 152/48/46 151/47/45
f 151/47/45 175/75/68 133/29/29
f 129/25/25 156/52/50 155/51/49
f 155/51/49 176/76/69 129/25/25
f 173/73/104 143/39/38 158/54/51
f 158/54/51 177/77/70 173/73/104
f 174/74/67 147/43/41 118/14/14
f 118/14/14 117/13/13 174/74/67
f 175/75/68 151/47/45 161/57/54
f 161/57/54 178/78/105 175/75/68
f 176/76/69 155/51/49 163/59/56
f 163/59/56 179/79/72 176/76/69
f 180/80/73 171/71/64 181/81/74
f 181/81/74 182/82/75 180/80/73
f 178/78/105 183/83/76 184/84/77
f 184/84/77 185/85/78 178/78/105
f 156/52/50 140/70/36 139/86/35
f 139/86/35 153/49/47 156/52/50
f 145/41/30 186/87/79 135/31/31
f 135/31/31 134/30/30 145/41/30
f 187/88/80 188/89/81 138/34/34
f 138/34/34 189/90/82 187/88/80
f 134/30/30 133/29/29 175/75/68
f 175/75/68 190/91/40 134/30/30
f 122/18/18 191/92/83 154/50/48
f 154/50/48 153/49/47 122/18/18
f 175/75/68 178/78/105 185/85/78
f 185/85/78 190/91/40 175/75/68
f 191/92/83 192/93/84 162/58/55
f 162/58/55 154/50/48 191/92/83
f 182/82/75 181/81/74 114/10/10
f 114/10/10 113/9/9 182/82/75
f 185/85/78 184/84/77 193/94/85
f 193/94/85 159/55/52 185/85/78
f 153/49/47 139/86/35 123/19/19
f 123/19/19 122/18/18 153/49/47
f 134/30/30 190/91/40 146/42/40
f 146/42/40 145/41/30 134/30/30
f 190/91/40 185/85/78 159/55/52
f 159/55/52 146/42/40 190/91/40
f 148/44/42 169/68/62 186/87/79
f 186/87/79 145/41/30 148/44/42
f 194/95/86 170/96/63 188/89/81
f 188/89/81 187/88/80 194/95/86
f 122/18/18 121/17/17 173/73/104
f 173/73/104 191/92/83 122/18/18
f 173/73/104 177/77/70 192/93/84
f 192/93/84 191/92/83 173/73/104
f 195/97/87 196/98/88 106/2/99
f 106/2/99 105/1/1 195/97/87
f 131/27/27 197/99/89 198/100/90
f 198/100/90 110/6/6 131/27/27
f 158/54/51 157/53/16 199/101/15
f 199/101/15 177/77/70 158/54/51
f 144/40/102 166/64/103 200/102/91
f 200/102/91 141/37/22 144/40/102
f 149/45/43 197/99/89 131/27/27
f 131/27/27 130/26/26 149/45/43
f 126/22/22 201/103/37 142/38/37
f 142/38/37 141/37/22 126/22/22
f 130/26/26 129/25/25 176/76/69
f 176/76/69 202/104/92 130/26/26
f 201/103/37 120/16/16 157/53/16
f 157/53/16 142/38/37 201/103/37
f 176/76/69 179/79/72 203/105/93
f 203/105/93 202/104/92 176/76/69
f 162/58/55 204/106/94 205/107/95
f 205/107/95 163/59/56 162/58/55
f 162/58/55 192/93/84 206/108/96
f 206/108/96 204/106/94 162/58/55
f 157/53/16 120/16/16 119/15/15
f 119/15/15 199/101/15 157/53/16
f 141/37/22 200/102/91 127/23/23
f 127/23/23 126/22/22 141/37/22
f 130/26/26 202/104/92 150/46/44
f 150/46/44 149/45/43 130/26/26
f 202/104/92 203/105/93 160/56/53
f 160/56/53 150/46/44 202/104/92
f 204/106/94 184/84/77 183/83/76
f 183/83/76 205/107/95 204/106/94
f 184/84/77 204/106/94 206/108/96
f 206/108/96 193/94/85 184/84/77
f 195/97/87 165/63/58 164/62/57
f 164/62/57 196/98/88 195/97/87
f 197/99/89 168/67/61 172/72/65
f 172/72/65 198/100/90 197/99/89
f 152/48/46 168/67/61 197/99/89
f 197/99/89 149/45/43 152/48/46
f 126/22/22 125/21/21 174/74/67
f 174/74/67 201/103/37 126/22/22
f 174/74/67 117/13/13 120/16/16
f 120/16/16 201/103/37 174/74/67
f 106/2/99 200/102/91 166/64/103
f 166/64/103 107/3/3 106/2/99
f 132/28/28 131/27/27 110/6/6
f 110/6/6 109/5/100 132/28/28
f 186/109/79 169/110/62 115/11/11
f 115/11/11 114/10/10 186/109/79
f 167/111/60 189/90/82 138/34/34
f 138/34/34 137/33/33 167/111/60
f 169/68/62 128/24/24 164/62/57
f 164/62/57 115/61/11 169/68/62
f 140/70/36 132/28/28 109/5/100
f 109/5/100 137/66/33 140/70/36
f 194/112/86 108/4/4 107/3/3
f 107/3/3 170/69/63 194/112/86
f 180/80/73 207/113/97 172/72/65
f 172/72/65 171/71/64 180/80/73
f 136/32/32 135/114/31 181/81/74
f 181/81/74 171/71/64 136/32/32
f 123/115/19 139/35/35 138/34/34
f 138/34/34 188/89/81 123/115/19
f 135/114/31 186/109/79 114/10/10
f 114/10/10 181/81/74 135/114/31
f 124/116/101 123/115/19 188/89/81
f 188/89/81 170/96/63 124/116/101
f 127/23/23 200/102/91 106/2/99
f 106/2/99 196/98/88 127/23/23
f 208/117/98 111/7/7 110/6/6
f 110/6/6 198/100/90 208/117/98
f 128/24/24 127/23/23 196/98/88
f 196/98/88 164/62/57 128/24/24
f 207/113/97 208/117/98 198/100/90
f 198/100/90 172/72/65 207/113/97
f 159/55/52 193/94/85 119/15/15
f 119/15/15 118/14/14 159/55/52
f 193/94/85 206/108/96 199/101/15
f 199/101/15 119/15/15 193/94/85
f 206/108/96 192/93/84 177/77/70
f 177/77/70 199/101/15 206/108/96
f 161/57/54 160/56/53 183/83/76
f 183/83/76 178/78/105 161/57/54
f 160/56/53 203/105/93 205/107/95
f 205/107/95 183/83/76 160/56/53
f 205/107/95 203/105/93 179/79/72
f 179/79/72 163/59/56 205/107/95
f 209/1/1 210/2/2 211/3/3
f 211/3/3 212/4/4 209/1/1
f 213/5/5 214/6/6 215/7/7
f 215/7/7 216/8/8 213/5/5
f 217/9/9 218/10/10 219/11/11
f 219/11/11 220/12/12 217/9/9
f 221/13/13 222/14/14 223/15/15
f 223/15/15 224/16/16 221/13/13
f 225/17/17 226/18/18 227/19/19
f 227/19/19 228/20/20 225/17/17
f 229/21/21 230/22/22 231/23/23
f 231/23/23 232/24/24 229/21/21
f 233/25/25 234/26/26 235/27/27
f 235/27/27 236/28/28 233/25/25
f 237/29/29 238/30/30 239/31/31
f 239/31/31 240/32/32 237/29/29
f 241/33/33 242/34/34 243/35/106
f 243/35/106 244/36/36 241/33/33
f 245/37/22 246/38/37 247/39/107
f 247/39/107 248/40/39 245/37/22
f 249/41/30 250/42/40 251/43/41
f 251/43/41 252/44/42 249/41/30
f 253/45/43 254/46/44 255/47/45
f 255/47/45 256/48/46 253/45/43
f 257/49/47 258/50/48 259/51/49
f 259/51/49 260/52/50 257/49/47
f 247/39/107 246/38/37 261/53/16
f 261/53/16 262/54/108 247/39/107
f 250/42/40 263/55/52 222/14/14
f 222/14/14 251/43/41 250/42/40
f 255/47/45 254/46/44 264/56/53
f 264/56/53 265/57/54 255/47/45
f 258/50/48 266/58/55 267/59/56
f 267/59/56 259/51/49 258/50/48
f 220/60/12 219/61/11 268/62/57
f 268/62/57 269/63/58 220/60/12
f 248/40/39 225/17/17 228/20/20
f 228/20/20 270/64/109 248/40/39
f 271/65/60 241/66/33 213/5/5
f 213/5/5 216/8/8 271/65/60
f 256/48/46 237/29/29 240/32/32
f 240/32/32 272/67/110 256/48/46
f 232/24/24 273/68/111 252/44/42
f 252/44/42 229/21/21 232/24/24
f 228/20/20 274/69/63 211/3/3
f 211/3/3 270/64/109 228/20/20
f 236/28/28 244/70/36 260/52/50
f 260/52/50 233/25/25 236/28/28
f 240/32/32 275/71/64 276/72/65
f 276/72/65 272/67/110 240/32/32
f 225/17/17 248/40/39 247/39/107
f 247/39/107 277/73/66 225/17/17
f 229/21/21 252/44/42 251/43/41
f 251/43/41 278/74/67 229/21/21
f 237/29/29 256/48/46 255/47/45
f 255/47/45 279/75/68 237/29/29
f 233/25/25 260/52/50 259/51/49
f 259/51/49 280/76/69 233/25/25
f 277/73/66 247/39/107 262/54/108
f 262/54/108 281/77/70 277/73/66
f 278/74/67 251/43/41 222/14/14
f 222/14/14 221/13/13 278/74/67
f 279/75/68 255/47/45 265/57/54
f 265/57/54 282/78/71 279/75/68
f 280/76/69 259/51/49 267/59/56
f 267/59/56 283/79/112 280/76/69
f 284/80/73 275/71/64 285/81/74
f 285/81/74 286/82/75 284/80/73
f 282/78/71 287/83/76 288/84/77
f 288/84/77 289/85/78 282/78/71
f 260/52/50 244/70/36 243/86/106
f 243/86/106 257/49/47 260/52/50
f 249/41/30 290/87/79 239/31/31
f 239/31/31 238/30/30 249/41/30
f 291/88/80 292/89/81 242/34/34
f 242/34/34 293/90/82 291/88/80
f 238/30/30 237/29/29 279/75/68
f 279/75/68 294/91/40 238/30/30
f 226/18/18 295/92/83 258/50/48
f 258/50/48 257/49/47 226/18/18
f 279/75/68 282/78/71 289/85/78
f 289/85/78 294/91/40 279/75/68
f 295/92/83 296/93/84 266/58/55
f 266/58/55 258/50/48 295/92/83
f 286/82/75 285/81/74 218/10/10
f 218/10/10 217/9/9 286/82/75
f 289/85/78 288/84/77 297/94/85
f 297/94/85 263/55/52 289/85/78
f 257/49/47 243/86/106 227/19/19
f 227/19/19 226/18/18 257/49/47
f 238/30/30 294/91/40 250/42/40
f 250/42/40 249/41/30 238/30/30
f 294/91/40 289/85/78 263/55/52
f 263/55/52 250/42/40 294/91/40
f 252/44/42 273/68/111 290/87/79
f 290/87/79 249/41/30 252/44/42
f 298/95/86 274/96/63 292/89/81
f 292/89/81 291/88/80 298/95/86
f 226/18/18 225/17/17 277/73/66
f 277/73/66 295/92/83 226/18/18
f 277/73/66 281/77/70 296/93/84
f 296/93/84 295/92/83 277/73/66
f 299/97/87 300/98/88 210/2/2
f 210/2/2 209/1/1 299/97/87
f 235/27/27 301/99/89 302/100/90
f 302/100/90 214/6/6 235/27/27
f 262/54/108 261/53/16 303/101/15
f 303/101/15 281/77/70 262/54/108
f 248/40/39 270/64/109 304/102/91
f 304/102/91 245/37/22 248/40/39
f 253/45/43 301/99/89 235/27/27
f 235/27/27 234/26/26 253/45/43
f 230/22/22 305/103/37 246/38/37
f 246/38/37 245/37/22 230/22/22
f 234/26/26 233/25/25 280/76/69
f 280/76/69 306/104/92 234/26/26
f 305/103/37 224/16/16 261/53/16
f 261/53/16 246/38/37 305/103/37
f 280/76/69 283/79/112 307/105/93
f 307/105/93 306/104/92 280/76/69
f 266/58/55 308/106/94 309/107/95
f 309/107/95 267/59/56 266/58/55
f 266/58/55 296/93/84 310/108/96
f 310/108/96 308/106/94 266/58/55
f 261/53/16 224/16/16 223/15/15
f 223/15/15 303/101/15 261/53/16
f 245/37/22 304/102/91 231/23/23
f 231/23/23 230/22/22 245/37/22
f 234/26/26 306/104/92 254/46/44
f 254/46/44 253/45/43 234/26/26
f 306/104/92 307/105/93 264/56/53
f 264/56/53 254/46/44 306/104/92
f 308/106/94 288/84/77 287/83/76
f 287/83/76 309/107/95 308/106/94
f 288/84/77 308/106/94 310/108/96
f 310/108/96 297/94/85 288/84/77
f 299/97/87 269/63/58 268/62/57
f 268/62/57 300/98/88 299/97/87
f 301/99/89 272/67/110 276/72/65
f 276/72/65 302/100/90 301/99/89
f 256/48/46 272/67/110 301/99/89
f 301/99/89 253/45/43 256/48/46
f 230/22/22 229/21/21 278/74/67
f 278/74/67 305/103/37 230/22/22
f 278/74/67 221/13/13 224/16/16
f 224/16/16 305/103/37 278/74/67
f 210/2/2 304/102/91 270/64/109
f 270/64/109 211/3/3 210/2/2
f 236/28/28 235/27/27 214/6/6
f 214/6/6 213/5/5 236/28/28
f 290/109/79 273/110/111 219/11/11
f 219/11/11 218/10/10 290/109/79
f 271/111/60 293/90/82 242/34/34
f 242/34/34 241/33/33 271/111/60
f 273/68/111 232/24/24 268/62/57
f 268/62/57 219/61/11 273/68/111
f 244/70/36 236/28/28 213/5/5
f 213/5/5 241/66/33 244/70/36
f 298/112/86 212/4/4 211/3/3
f 211/3/3 274/69/63 298/112/86
f 284/80/73 311/113/97 276/72/65
f 276/72/65 275/71/64 284/80/73
f 240/32/32 239/114/31 285/81/74
f 285/81/74 275/71/64 240/32/32
f 227/115/19 243/35/106 242/34/34
f 242/34/34 292/89/81 227/115/19
f 239/114/31 290/109/79 218/10/10
f 218/10/10 285/81/74 239/114/31
f 228/116/20 227/115/19 292/89/81
f 292/89/81 274/96/63 228/116/20
f 231/23/23 304/102/91 210/2/2
f 210/2/2 300/98/88 231/23/23
f 312/117/98 215/7/7 214/6/6
f 214/6/6 302/100/90 312/117/98
f 232/24/24 231/23/23 300/98/88
f 300/98/88 268/62/57 232/24/24
f 311/113/97 312/117/98 302/100/90
f 302/100/90 276/72/65 311/113/97
f 263/55/52 297/94/85 223/15/15
f 223/15/15 222/14/14 263/55/52
f 297/94/85 310/108/96 303/101/15
f 303/101/15 223/15/15 297/94/85
f 310/108/96 296/93/84 281/77/70
f 281/77/70 303/101/15 310/108/96
f 265/57/54 264/56/53 287/83/76
f 287/83/76 282/78/71 265/57/54
f 264/56/53 307/105/93 309/107/95
f 309/107/95 287/83/76 264/56/53
f 309/107/95 307/105/93 283/79/112
f 283/79/112 267/59/56 309/107/95
f 313/1/1 314/2/2 315/3/3
f 315/3/3 316/4/4 313/1/1
f 317/5/5 318/6/6 319/7/7
f 319/7/7 320/8/8 317/5/5
f 321/9/9 322/10/10 323/11/11
f 323/11/11 324/12/12 321/9/9
f 325/13/13 326/14/14 327/15/15
f 327/15/15 328/16/16 325/13/13
f 329/17/17 330/18/18 331/19/19
f 331/19/19 332/20/20 329/17/17
f 333/21/21 334/22/22 335/23/23
f 335/23/23 336/24/24 333/21/21
f 337/25/25 338/26/26 339/27/27
f 339/27/27 340/28/28 337/25/25
f 341/29/29 342/30/30 343/31/31
f 343/31/31 344/32/32 341/29/29
f 345/33/33 346/34/34 347/35/35
f 347/35/35 348/36/36 345/33/33
f 349/37/22 350/38/37 351/39/38
f 351/39/38 352/40/39 349/37/22
f 353/41/30 354/42/40 355/43/41
f 355/43/41 356/44/42 353/41/30
f 357/45/43 358/46/44 359/47/45
f 359/47/45 360/48/46 357/45/43
f 361/49/47 362/50/48 363/51/49
f 363/51/49 364/52/50 361/49/47
f 351/39/38 350/38/37 365/53/16
f 365/53/16 366/54/108 351/39/38
f 354/42/40 367/55/52 326/14/14
f 326/14/14 355/43/41 354/42/40
f 359/47/45 358/46/44 368/56/53
f 368/56/53 369/57/54 359/47/45
f 362/50/48 370/58/55 371/59/56
f 371/59/56 363/51/49 362/50/48
f 324/60/12 323/61/11 372/62/57
f 372/62/57 373/63/58 324/60/12
f 352/40/39 329/17/17 332/20/20
f 332/20/20 374/64/109 352/40/39
f 375/65/60 345/66/33 317/5/5
f 317/5/5 320/8/8 375/65/60
f 360/48/46 341/29/29 344/32/32
f 344/32/32 376/67/61 360/48/46
f 336/24/24 377/68/62 356/44/42
f 356/44/42 333/21/21 336/24/24
f 332/20/20 378/69/63 315/3/3
f 315/3/3 374/64/109 332/20/20
f 340/28/28 348/70/36 364/52/50
f 364/52/50 337/25/25 340/28/28
f 344/32/32 379/71/64 380/72/65
f 380/72/65 376/67/61 344/32/32
f 329/17/17 352/40/39 351/39/38
f 351/39/38 381/73/66 329/17/17
f 333/21/21 356/44/42 355/43/41
f 355/43/41 382/74/67 333/21/21
f 341/29/29 360/48/46 359/47/45
f 359/47/45 383/75/68 341/29/29
f 337/25/25 364/52/50 363/51/49
f 363/51/49 384/76/69 337/25/25
f 381/73/66 351/39/38 366/54/108
f 366/54/108 385/77/70 381/73/66
f 382/74/67 355/43/41 326/14/14
f 326/14/14 325/13/13 382/74/67
f 383/75/68 359/47/45 369/57/54
f 369/57/54 386/78/71 383/75/68
f 384/76/69 363/51/49 371/59/56
f 371/59/56 387/79/112 384/76/69
f 388/80/73 379/71/64 389/81/74
f 389/81/74 390/82/75 388/80/73
f 386/78/71 391/83/76 392/84/77
f 392/84/77 393/85/78 386/78/71
f 364/52/50 348/70/36 347/86/35
f 347/86/35 361/49/47 364/52/50
f 353/41/30 394/87/79 343/31/31
f 343/31/31 342/30/30 353/41/30
f 395/88/80 396/89/81 346/34/34
f 346/34/34 397/90/82 395/88/80
f 342/30/30 341/29/29 383/75/68
f 383/75/68 398/91/40 342/30/30
f 330/18/18 399/92/83 362/50/48
f 362/50/48 361/49/47 330/18/18
f 383/75/68 386/78/71 393/85/78
f 393/85/78 398/91/40 383/75/68
f 399/92/83 400/93/84 370/58/55
f 370/58/55 362/50/48 399/92/83
f 390/82/75 389/81/74 322/10/10
f 322/10/10 321/9/9 390/82/75
f 393/85/78 392/84/77 401/94/85
f 401/94/85 367/55/52 393/85/78
f 361/49/47 347/86/35 331/19/19
f 331/19/19 330/18/18 361/49/47
f 342/30/30 398/91/40 354/42/40
f 354/42/40 353/41/30 342/30/30
f 398/91/40 393/85/78 367/55/52
f 367/55/52 354/42/40 398/91/40
f 356/44/42 377/68/62 394/87/79
f 394/87/79 353/41/30 356/44/42
f 402/95/86 378/96/63 396/89/81
f 396/89/81 395/88/80 402/95/86
f 330/18/18 329/17/17 381/73/66
f 381/73/66 399/92/83 330/18/18
f 381/73/66 385/77/70 400/93/84
f 400/93/84 399/92/83 381/73/66
f 403/97/87 404/98/88 314/2/2
f 314/2/2 313/1/1 403/97/87
f 339/27/27 405/99/89 406/100/90
f 406/100/90 318/6/6 339/27/27
f 366/54/108 365/53/16 407/101/15
f 407/101/15 385/77/70 366/54/108
f 352/40/39 374/64/109 408/102/91
f 408/102/91 349/37/22 352/40/39
f 357/45/43 405/99/89 339/27/27
f 339/27/27 338/26/26 357/45/43
f 334/22/22 409/103/37 350/38/37
f 350/38/37 349/37/22 334/22/22
f 338/26/26 337/25/25 384/76/69
f 384/76/69 410/104/92 338/26/26
f 409/103/37 328/16/16 365/53/16
f 365/53/16 350/38/37 409/103/37
f 384/76/69 387/79/112 411/105/93
f 411/105/93 410/104/92 384/76/69
f 370/58/55 412/106/94 413/107/95
f 413/107/95 371/59/56 370/58/55
f 370/58/55 400/93/84 414/108/96
f 414/108/96 412/106/94 370/58/55
f 365/53/16 328/16/16 327/15/15
f 327/15/15 407/101/15 365/53/16
f 349/37/22 408/102/91 335/23/23
f 335/23/23 334/22/22 349/37/22
f 338/26/26 410/104/92 358/46/44
f 358/46/44 357/45/43 338/26/26
f 410/104/92 411/105/93 368/56/53
f 368/56/53 358/46/44 410/104/92
f 412/106/94 392/84/77 391/83/76
f 391/83/76 413/107/95 412/106/94
f 392/84/77 412/106/94 414/108/96
f 414/108/96 401/94/85 392/84/77
f 403/97/87 373/63/58 372/62/57
f 372/62/57 404/98/88 403/97/87
f 405/99/89 376/67/61 380/72/65
f 380/72/65 406/100/90 405/99/89
f 360/48/46 376/67/61 405/99/89
f 405/99/89 357/45/43 360/48/46
f 334/22/22 333/21/21 382/74/67
f 382/74/67 409/103/37 334/22/22
f 382/74/67 325/13/13 328/16/16
f 328/16/16 409/103/37 382/74/67
f 314/2/2 408/102/91 374/64/109
f 374/64/109 315/3/3 314/2/2
f 340/28/28 339/27/27 318/6/6
f 318/6/6 317/5/5 340/28/28
f 394/109/79 377/110/62 323/11/11
f 323/11/11 322/10/10 394/109/79
f 375/111/60 397/90/82 346/34/34
f 346/34/34 345/33/33 375/111/60
f 377/68/62 336/24/24 372/62/57
f 372/62/57 323/61/11 377/68/62
f 348/70/36 340/28/28 317/5/5
f 317/5/5 345/66/33 348/70/36
f 402/112/86 316/4/4 315/3/3
f 315/3/3 378/69/63 402/112/86
f 388/80/73 415/113/97 380/72/65
f 380/72/65 379/71/64 388/80/73
f 344/32/32 343/114/31 389/81/74
f 389/81/74 379/71/64 344/32/32
f 331/115/19 347/35/35 346/34/34
f 346/34/34 396/89/81 331/115/19
f 343/114/31 394/109/79 322/10/10
f 322/10/10 389/81/74 343/114/31
f 332/116/20 331/115/19 396/89/81
f 396/89/81 378/96/63 332/116/20
f 335/23/23 408/102/91 314/2/2
f 314/2/2 404/98/88 335/23/23
f 416/117/98 319/7/7 318/6/6
f 318/6/6 406/100/90 416/117/98
f 336/24/24 335/23/23 404/98/88
f 404/98/88 372/62/57 336/24/24
f 415/113/97 416/117/98 406/100/90
f 406/100/90 380/72/65 415/113/97
f 367/55/52 401/94/85 327/15/15
f 327/15/15 326/14/14 367/55/52
f 401/94/85 414/108/96 407/101/15
f 407/101/15 327/15/15 401/94/85
f 414/108/96 400/93/84 385/77/70
f 385/77/70 407/101/15 414/108/96
f 369/57/54 368/56/53 391/83/76
f 391/83/76 386/78/71 369/57/54
f 368/56/53 411/105/93 413/107/95
f 413/107/95 391/83/76 368/56/53
f 413/107/95 411/105/93 387/79/112
f 387/79/112 371/59/56 413/107/95
f 417/1/113 418/2/114 419/3/115
f 419/3/115 420/4/116 417/1/113
f 421/5/117 422/6/118 423/7/119
f 423/7/119 424/8/120 421/5/117
f 425/9/121 426/10/122 427/11/123
f 427/11/123 428/12/124 425/9/121
f 429/13/125 430/14/126 431/15/127
f 431/15/127 432/16/128 429/13/125
f 433/17/129 434/18/130 435/19/131
f 435/19/131 436/20/132 433/17/129
f 437/21/133 438/22/134 439/23/135
f 439/23/135 440/24/136 437/21/133
f 441/25/137 442/26/138 443/27/139
f 443/27/139 444/28/140 441/25/137
f 445/29/141 446/30/142 447/31/143
f 447/31/143 448/32/144 445/29/141
f 449/33/145 450/34/146 451/35/147
f 451/35/147 452/36/148 449/33/145
f 453/37/134 454/38/149 455/39/150
f 455/39/150 456/40/151 453/37/134
f 457/41/142 458/42/152 459/43/153
f 459/43/153 460/44/154 457/41/142
f 461/45/155 462/46/156 463/47/157
f 463/47/157 464/48/158 461/45/155
f 465/49/159 466/50/160 467/51/161
f 467/51/161 468/52/162 465/49/159
f 455/39/150 454/38/149 469/53/128
f 469/53/128 470/54/163 455/39/150
f 458/42/152 471/55/164 430/14/126
f 430/14/126 459/43/153 458/42/152
f 463/47/157 462/46/156 472/56/165
f 472/56/165 473/57/166 463/47/157
f 466/50/160 474/58/167 475/59/168
f 475/59/168 467/51/161 466/50/160
f 428/60/124 427/61/123 476/62/169
f 476/62/169 477/63/170 428/60/124
f 456/40/151 433/17/129 436/20/132
f 436/20/132 478/64/171 456/40/151
f 479/65/172 449/66/145 421/5/117
f 421/5/117 424/8/120 479/65/172
f 464/48/158 445/29/141 448/32/144
f 448/32/144 480/67/173 464/48/158
f 440/24/136 481/68/174 460/44/154
f 460/44/154 437/21/133 440/24/136
f 436/20/132 482/69/175 419/3/115
f 419/3/115 478/64/171 436/20/132
f 444/28/140 452/70/148 468/52/162
f 468/52/162 441/25/137 444/28/140
f 448/32/144 483/71/176 484/72/177
f 484/72/177 480/67/173 448/32/144
f 433/17/129 456/40/151 455/39/150
f 455/39/150 485/73/178 433/17/129
f 437/21/133 460/44/154 459/43/153
f 459/43/153 486/74/179 437/21/133
f 445/29/141 464/48/158 463/47/157
f 463/47/157 487/75/180 445/29/141
f 441/25/137 468/52/162 467/51/161
f 467/51/161 488/76/181 441/25/137
f 485/73/178 455/39/150 470/54/163
f 470/54/163 489/77/182 485/73/178
f 486/74/179 459/43/153 430/14/126
f 430/14/126 429/13/125 486/74/179
f 487/75/180 463/47/157 473/57/166
f 473/57/166 490/78/183 487/75/180
f 488/76/181 467/51/161 475/59/168
f 475/59/168 491/79/184 488/76/181
f 492/80/185 483/71/176 493/81/186
f 493/81/186 494/82/187 492/80/185
f 490/78/183 495/83/188 496/84/189
f 496/84/189 497/85/190 490/78/183
f 468/52/162 452/70/148 451/86/147
f 451/86/147 465/49/159 468/52/162
f 457/41/142 498/87/191 447/31/143
f 447/31/143 446/30/142 457/41/142
f 499/88/192 500/89/193 450/34/146
f 450/34/146 501/90/194 499/88/192
f 446/30/142 445/29/141 487/75/180
f 487/75/180 502/91/195 446/30/142
f 434/18/130 503/92/196 466/50/160
f 466/50/160 465/49/159 434/18/130
f 487/75/180 490/78/183 497/85/190
f 497/85/190 502/91/195 487/75/180
f 503/92/196 504/93/197 474/58/167
f 474/58/167 466/50/160 503/92/196
f 494/82/187 493/81/186 426/10/122
f 426/10/122 425/9/121 494/82/187
f 497/85/190 496/84/189 505/94/198
f 505/94/198 471/55/164 497/85/190
f 465/49/159 451/86/147 435/19/131
f 435/19/131 434/18/130 465/49/159
f 446/30/142 502/91/195 458/42/152
f 458/42/152 457/41/142 446/30/142
f 502/91/195 497/85/190 471/55/164
f 471/55/164 458/42/152 502/91/195
f 460/44/154 481/68/174 498/87/191
f 498/87/191 457/41/142 460/44/154
f 506/95/199 482/96/175 500/89/193
f 500/89/193 499/88/192 506/95/199
f 434/18/130 433/17/129 485/73/178
f 485/73/178 503/92/196 434/18/130
f 485/73/178 489/77/182 504/93/197
f 504/93/197 503/92/196 485/73/178
f 507/97/200 508/98/201 418/2/114
f 418/2/114 417/1/113 507/97/200
f 443/27/139 509/99/202 510/100/203
f 510/100/203 422/6/118 443/27/139
f 470/54/163 469/53/128 511/101/127
f 511/101/127 489/77/182 470/54/163
f 456/40/151 478/64/171 512/102/204
f 512/102/204 453/37/134 456/40/151
f 461/45/155 509/99/202 443/27/139
f 443/27/139 442/26/138 461/45/155
f 438/22/134 513/103/149 454/38/149
f 454/38/149 453/37/134 438/22/134
f 442/26/138 441/25/137 488/76/181
f 488/76/181 514/104/205 442/26/138
f 513/103/149 432/16/128 469/53/128
f 469/53/128 454/38/149 513/103/149
f 488/76/181 491/79/184 515/105/206
f 515/105/206 514/104/205 488/76/181
f 474/58/167 516/106/207 517/107/208
f 517/107/208 475/59/168 474/58/167
f 474/58/167 504/93/197 518/108/209
f 518/108/209 516/106/207 474/58/167
f 469/53/128 432/16/128 431/15/127
f 431/15/127 511/101/127 469/53/128
f 453/37/134 512/102/204 439/23/135
f 439/23/135 438/22/134 453/37/134
f 442/26/138 514/104/205 462/46/156
f 462/46/156 461/45/155 442/26/138
f 514/104/205 515/105/206 472/56/165
f 472/56/165 462/46/156 514/104/205
f 516/106/207 496/84/189 495/83/188
f 495/83/188 517/107/208 516/106/207
f 496/84/189 516/106/207 518/108/209
f 518/108/209 505/94/198 496/84/189
f 507/97/200 477/63/170 476/62/169
f 476/62/169 508/98/201 507/97/200
f 509/99/202 480/67/173 484/72/177
f 484/72/177 510/100/203 509/99/202
f 464/48/158 480/67/173 509/99/202
f 509/99/202 461/45/155 464/48/158
f 438/22/134 437/21/133 486/74/179
f 486/74/179 513/103/149 438/22/134
f 486/74/179 429/13/125 432/16/128
f 432/16/128 513/103/149 486/74/179
f 418/2/114 512/102/204 478/64/171
f 478/64/171 419/3/115 418/2/114
f 444/28/140 443/27/139 422/6/118
f 422/6/118 421/5/117 444/28/140
f 498/109/191 481/110/174 427/11/123
f 427/11/123 426/10/122 498/109/191
f 479/111/172 501/90/194 450/34/146
f 450/34/146 449/33/145 479/111/172
f 481/68/174 440/24/136 476/62/169
f 476/62/169 427/61/123 481/68/174
f 452/70/148 444/28/140 421/5/117
f 421/5/117 449/66/145 452/70/148
f 506/112/199 420/4/116 419/3/115
f 419/3/115 482/69/175 506/112/199
f 492/80/185 519/113/210 484/72/177
f 484/72/177 483/71/176 492/80/185
f 448/32/144 447/114/143 493/81/186
f 493/81/186 483/71/176 448/32/144
f 435/115/131 451/35/147 450/34/146
f 450/34/146 500/89/193 435/115/131
f 447/114/143 498/109/191 426/10/122
f 426/10/122 493/81/186 447/114/143
f 436/116/132 435/115/131 500/89/193
f 500/89/193 482/96/175 436/116/132
f 439/23/135 512/102/204 418/2/114
f 418/2/114 508/98/201 439/23/135
f 520/117/211 423/7/119 422/6/118
f 422/6/118 510/100/203 520/117/211
f 440/24/136 439/23/135 508/98/201
f 508/98/201 476/62/169 440/24/136
f 519/113/210 520/117/211 510/100/203
f 510/100/203 484/72/177 519/113/210
f 471/55/164 505/94/198 431/15/127
f 431/15/127 430/14/126 471/55/164
f 505/94/198 518/108/209 511/101/127
f 511/101/127 431/15/127 505/94/198
f 518/108/209 504/93/197 489/77/182
f 489/77/182 511/101/127 518/108/209
f 473/57/166 472/56/165 495/83/188
f 495/83/188 490/78/183 473/57/166
f 472/56/165 515/105/206 517/107/208
f 517/107/208 495/83/188 472/56/165
f 517/107/208 515/105/206 491/79/184
f 491/79/184 475/59/168 517/107/208
f 521/1/212 522/2/213 523/3/214
f 523/3/214 524/4/215 521/1/212
f 525/5/216 526/6/217 527/7/218
f 527/7/218 528/8/219 525/5/216
f 529/9/220 530/10/221 531/11/222
f 531/11/222 532/12/223 529/9/220
f 533/13/224 534/14/225 535/15/15
f 535/15/15 536/16/226 533/13/224
f 537/17/29 538/18/227 539/19/228
f 539/19/228 540/20/229 537/17/29
f 541/21/230 542/22/231 543/23/232
f 543/23/232 544/24/233 541/21/230
f 545/25/234 546/26/235 547/27/236
f 547/27/236 548/28/237 545/25/234
f 549/29/17 550/30/238 551/31/239
f 551/31/239 552/32/240 549/29/17
f 553/33/241 554/34/242 555/35/243
f 555/35/243 556/36/244 553/33/241
f 557/37/231 558/38/245 559/39/246
f 559/39/246 560/40/247 557/37/231
f 561/41/238 562/42/248 563/43/249
f 563/43/249 564/44/250 561/41/238
f 565/45/251 566/46/252 567/47/253
f 567/47/253 568/48/254 565/45/251
f 569/49/255 570/50/256 571/51/257
f 571/51/257 572/52/258 569/49/255
f 559/39/246 558/38/245 573/53/226
f 573/53/226 574/54/259 559/39/246
f 562/42/248 575/55/260 534/14/225
f 534/14/225 563/43/249 562/42/248
f 567/47/253 566/46/252 576/56/261
f 576/56/261 577/57/262 567/47/253
f 570/50/256 578/58/263 579/59/264
f 579/59/264 571/51/257 570/50/256
f 532/60/223 531/61/222 580/62/265
f 580/62/265 581/63/266 532/60/223
f 560/40/247 537/17/29 540/20/229
f 540/20/229 582/64/267 560/40/247
f 583/65/268 553/66/241 525/5/216
f 525/5/216 528/8/219 583/65/268
f 568/48/254 549/29/17 552/32/240
f 552/32/240 584/67/269 568/48/254
f 544/24/233 585/68/270 564/44/250
f 564/44/250 541/21/230 544/24/233
f 540/20/229 586/69/271 523/3/214
f 523/3/214 582/64/267 540/20/229
f 548/28/237 556/70/244 572/52/258
f 572/52/258 545/25/234 548/28/237
f 552/32/240 587/71/272 588/72/273
f 588/72/273 584/67/269 552/32/240
f 537/17/29 560/40/247 559/39/246
f 559/39/246 589/73/274 537/17/29
f 541/21/230 564/44/250 563/43/249
f 563/43/249 590/74/275 541/21/230
f 549/29/17 568/48/254 567/47/253
f 567/47/253 591/75/276 549/29/17
f 545/25/234 572/52/258 571/51/257
f 571/51/257 592/76/277 545/25/234
f 589/73/274 559/39/246 574/54/259
f 574/54/259 593/77/278 589/73/274
f 590/74/275 563/43/249 534/14/225
f 534/14/225 533/13/224 590/74/275
f 591/75/276 567/47/253 577/57/262
f 577/57/262 594/78/279 591/75/276
f 592/76/277 571/51/257 579/59/264
f 579/59/264 595/79/280 592/76/277
f 596/80/281 587/71/272 597/81/282
f 597/81/282 598/82/283 596/80/281
f 594/78/279 599/83/284 600/84/285
f 600/84/285 601/85/286 594/78/279
f 572/52/258 556/70/244 555/86/243
f 555/86/243 569/49/255 572/52/258
f 561/41/238 602/87/287 551/31/239
f 551/31/239 550/30/238 561/41/238
f 603/88/288 604/89/289 554/34/242
f 554/34/242 605/90/290 603/88/288
f 550/30/238 549/29/17 591/75/276
f 591/75/276 606/91/248 550/30/238
f 538/18/227 607/92/291 570/50/256
f 570/50/256 569/49/255 538/18/227
f 591/75/276 594/78/279 601/85/286
f 601/85/286 606/91/248 591/75/276
f 607/92/291 608/93/292 578/58/263
f 578/58/263 570/50/256 607/92/291
f 598/82/283 597/81/282 530/10/221
f 530/10/221 529/9/220 598/82/283
f 601/85/286 600/84/285 609/94/293
f 609/94/293 575/55/260 601/85/286
f 569/49/255 555/86/243 539/19/228
f 539/19/228 538/18/227 569/49/255
f 550/30/238 606/91/248 562/42/248
f 562/42/248 561/41/238 550/30/238
f 606/91/248 601/85/286 575/55/260
f 575/55/260 562/42/248 606/91/248
f 564/44/250 585/68/270 602/87/287
f 602/87/287 561/41/238 564/44/250
f 610/95/294 586/96/271 604/89/289
f 604/89/289 603/88/288 610/95/294
f 538/18/227 537/17/29 589/73/274
f 589/73/274 607/92/291 538/18/227
f 589/73/274 593/77/278 608/93/292
f 608/93/292 607/92/291 589/73/274
f 611/97/295 612/98/296 522/2/213
f 522/2/213 521/1/212 611/97/295
f 547/27/236 613/99/297 614/100/298
f 614/100/298 526/6/217 547/27/236
f 574/54/259 573/53/226 615/101/15
f 615/101/15 593/77/278 574/54/259
f 560/40/247 582/64/267 616/102/299
f 616/102/299 557/37/231 560/40/247
f 565/45/251 613/99/297 547/27/236
f 547/27/236 546/26/235 565/45/251
f 542/22/231 617/103/245 558/38/245
f 558/38/245 557/37/231 542/22/231
f 546/26/235 545/25/234 592/76/277
f 592/76/277 618/104/300 546/26/235
f 617/103/245 536/16/226 573/53/226
f 573/53/226 558/38/245 617/103/245
f 592/76/277 595/79/280 619/105/301
f 619/105/301 618/104/300 592/76/277
f 578/58/263 620/106/302 621/107/303
f 621/107/303 579/59/264 578/58/263
f 578/58/263 608/93/292 622/108/304
f 622/108/304 620/106/302 578/58/263
f 573/53/226 536/16/226 535/15/15
f 535/15/15 615/101/15 573/53/226
f 557/37/231 616/102/299 543/23/232
f 543/23/232 542/22/231 557/37/231
f 546/26/235 618/104/300 566/46/252
f 566/46/252 565/45/251 546/26/235
f 618/104/300 619/105/301 576/56/261
f 576/56/261 566/46/252 618/104/300
f 620/106/302 600/84/285 599/83/284
f 599/83/284 621/107/303 620/106/302
f 600/84/285 620/106/302 622/108/304
f 622/108/304 609/94/293 600/84/285
f 611/97/295 581/63/266 580/62/265
f 580/62/265 612/98/296 611/97/295
f 613/99/297 584/67/269 588/72/273
f 588/72/273 614/100/298 613/99/297
f 568/48/254 584/67/269 613/99/297
f 613/99/297 565/45/251 568/48/254
f 542/22/231 541/21/230 590/74/275
f 590/74/275 617/103/245 542/22/231
f 590/74/275 533/13/224 536/16/226
f 536/16/226 617/103/245 590/74/275
f 522/2/213 616/102/299 582/64/267
f 582/64/267 523/3/214 522/2/213
f 548/28/237 547/27/236 526/6/217
f 526/6/217 525/5/216 548/28/237
f 602/109/287 585/110/270 531/11/222
f 531/11/222 530/10/221 602/109/287
f 583/111/268 605/90/290 554/34/242
f 554/34/242 553/33/241 583/111/268
f 585/68/270 544/24/233 580/62/265
f 580/62/265 531/61/222 585/68/270
f 556/70/244 548/28/237 525/5/216
f 525/5/216 553/66/241 556/70/244
f 610/112/294 524/4/215 523/3/214
f 523/3/214 586/69/271 610/112/294
f 596/80/281 623/113/305 588/72/273
f 588/72/273 587/71/272 596/80/281
f 552/32/240 551/114/239 597/81/282
f 597/81/282 587/71/272 552/32/240
f 539/115/228 555/35/243 554/34/242
f 554/34/242 604/89/289 539/115/228
f 551/114/239 602/109/287 530/10/221
f 530/10/221 597/81/282 551/114/239
f 540/116/229 539/115/228 604/89/289
f 604/89/289 586/96/271 540/116/229
f 543/23/232 616/102/299 522/2/213
f 522/2/213 612/98/296 543/23/232
f 624/117/306 527/7/218 526/6/217
f 526/6/217 614/100/298 624/117/306
f 544/24/233 543/23/232 612/98/296
f 612/98/296 580/62/265 544/24/233
f 623/113/305 624/117/306 614/100/298
f 614/100/298 588/72/273 623/113/305
f 575/55/260 609/94/293 535/15/15
f 535/15/15 534/14/225 575/55/260
f 609/94/293 622/108/304 615/101/15
f 615/101/15 535/15/15 609/94/293
f 622/108/304 608/93/292 593/77/278
f 593/77/278 615/101/15 622/108/304
f 577/57/262 576/56/261 599/83/284
f 599/83/284 594/78/279 577/57/262
f 576/56/261 619/105/301 621/107/303
f 621/107/303 599/83/284 576/56/261
f 621/107/303 619/105/301 595/79/280
f 595/79/280 579/59/264 621/107/303
f 625/1/212 626/2/213 627/3/307
f 627/3/307 628/4/215 625/1/212
f 629/5/216 630/6/217 631/7/218
f 631/7/218 632/8/219 629/5/216
f 633/9/220 634/10/221 635/11/222
f 635/11/222 636/12/223 633/9/220
f 637/13/224 638/14/225 639/15/15
f 639/15/15 640/16/226 637/13/224
f 641/17/29 642/18/227 643/19/228
f 643/19/228 644/20/229 641/17/29
f 645/21/230 646/22/231 647/23/232
f 647/23/232 648/24/233 645/21/230
f 649/25/21 650/26/235 651/27/236
f 651/27/236 652/28/237 649/25/21
f 653/29/17 654/30/238 655/31/239
f 655/31/239 656/32/240 653/29/17
f 657/33/241 658/34/242 659/35/243
f 659/35/243 660/36/244 657/33/241
f 661/37/231 662/38/245 663/39/246
f 663/39/246 664/40/247 661/37/231
f 665/41/238 666/42/248 667/43/249
f 667/43/249 668/44/250 665/41/238
f 669/45/251 670/46/252 671/47/253
f 671/47/253 672/48/254 669/45/251
f 673/49/255 674/50/256 675/51/257
f 675/51/257 676/52/258 673/49/255
f 663/39/246 662/38/245 677/53/226
f 677/53/226 678/54/308 663/39/246
f 666/42/248 679/55/260 638/14/225
f 638/14/225 667/43/249 666/42/248
f 671/47/253 670/46/252 680/56/261
f 680/56/261 681/57/262 671/47/253
f 674/50/256 682/58/263 683/59/264
f 683/59/264 675/51/257 674/50/256
f 636/60/223 635/61/222 684/62/265
f 684/62/265 685/63/266 636/60/223
f 664/40/247 641/17/29 644/20/229
f 644/20/229 686/64/309 664/40/247
f 687/65/310 657/66/241 629/5/216
f 629/5/216 632/8/219 687/65/310
f 672/48/254 653/29/17 656/32/240
f 656/32/240 688/67/269 672/48/254
f 648/24/233 689/68/311 668/44/250
f 668/44/250 645/21/230 648/24/233
f 644/20/229 690/69/271 627/3/307
f 627/3/307 686/64/309 644/20/229
f 652/28/237 660/70/244 676/52/258
f 676/52/258 649/25/21 652/28/237
f 656/32/240 691/71/272 692/72/273
f 692/72/273 688/67/269 656/32/240
f 641/17/29 664/40/247 663/39/246
f 663/39/246 693/73/274 641/17/29
f 645/21/230 668/44/250 667/43/249
f 667/43/249 694/74/275 645/21/230
f 653/29/17 672/48/254 671/47/253
f 671/47/253 695/75/276 653/29/17
f 649/25/21 676/52/258 675/51/257
f 675/51/257 696/76/277 649/25/21
f 693/73/274 663/39/246 678/54/308
f 678/54/308 697/77/278 693/73/274
f 694/74/275 667/43/249 638/14/225
f 638/14/225 637/13/224 694/74/275
f 695/75/276 671/47/253 681/57/262
f 681/57/262 698/78/312 695/75/276
f 696/76/277 675/51/257 683/59/264
f 683/59/264 699/79/280 696/76/277
f 700/80/281 691/71/272 701/81/282
f 701/81/282 702/82/283 700/80/281
f 698/78/312 703/83/284 704/84/285
f 704/84/285 705/85/286 698/78/312
f 676/52/258 660/70/244 659/86/243
f 659/86/243 673/49/255 676/52/258
f 665/41/238 706/87/287 655/31/239
f 655/31/239 654/30/238 665/41/238
f 707/88/288 708/89/289 658/34/242
f 658/34/242 709/90/290 707/88/288
f 654/30/238 653/29/17 695/75/276
f 695/75/276 710/91/248 654/30/238
f 642/18/227 711/92/291 674/50/256
f 674/50/256 673/49/255 642/18/227
f 695/75/276 698/78/312 705/85/286
f 705/85/286 710/91/248 695/75/276
f 711/92/291 712/93/292 682/58/263
f 682/58/263 674/50/256 711/92/291
f 702/82/283 701/81/282 634/10/221
f 634/10/221 633/9/220 702/82/283
f 705/85/286 704/84/285 713/94/293
f 713/94/293 679/55/260 705/85/286
f 673/49/255 659/86/243 643/19/228
f 643/19/228 642/18/227 673/49/255
f 654/30/238 710/91/248 666/42/248
f 666/42/248 665/41/238 654/30/238
f 710/91/248 705/85/286 679/55/260
f 679/55/260 666/42/248 710/91/248
f 668/44/250 689/68/311 706/87/287
f 706/87/287 665/41/238 668/44/250
f 714/95/294 690/96/271 708/89/289
f 708/89/289 707/88/288 714/95/294
f 642/18/227 641/17/29 693/73/274
f 693/73/274 711/92/291 642/18/227
f 693/73/274 697/77/278 712/93/292
f 712/93/292 711/92/291 693/73/274
f 715/97/295 716/98/296 626/2/213
f 626/2/213 625/1/212 715/97/295
f 651/27/236 717/99/297 718/100/298
f 718/100/298 630/6/217 651/27/236
f 678/54/308 677/53/226 719/101/15
f 719/101/15 697/77/278 678/54/308
f 664/40/247 686/64/309 720/102/299
f 720/102/299 661/37/231 664/40/247
f 669/45/251 717/99/297 651/27/236
f 651/27/236 650/26/235 669/45/251
f 646/22/231 721/103/245 662/38/245
f 662/38/245 661/37/231 646/22/231
f 650/26/235 649/25/21 696/76/277
f 696/76/277 722/104/300 650/26/235
f 721/103/245 640/16/226 677/53/226
f 677/53/226 662/38/245 721/103/245
f 696/76/277 699/79/280 723/105/301
f 723/105/301 722/104/300 696/76/277
f 682/58/263 724/106/302 725/107/303
f 725/107/303 683/59/264 682/58/263
f 682/58/263 712/93/292 726/108/304
f 726/108/304 724/106/302 682/58/263
f 677/53/226 640/16/226 639/15/15
f 639/15/15 719/101/15 677/53/226
f 661/37/231 720/102/299 647/23/232
f 647/23/232 646/22/231 661/37/231
f 650/26/235 722/104/300 670/46/252
f 670/46/252 669/45/251 650/26/235
f 722/104/300 723/105/301 680/56/261
f 680/56/261 670/46/252 722/104/300
f 724/106/302 704/84/285 703/83/284
f 703/83/284 725/107/303 724/106/302
f 704/84/285 724/106/302 726/108/304
f 726/108/304 713/94/293 704/84/285
f 715/97/295 685/63/266 684/62/265
f 684/62/265 716/98/296 715/97/295
f 717/99/297 688/67/269 692/72/273
f 692/72/273 718/100/298 717/99/297
f 672/48/254 688/67/269 717/99/297
f 717/99/297 669/45/251 672/48/254
f 646/22/231 645/21/230 694/74/275
f 694/74/275 721/103/245 646/22/231
f 694/74/275 637/13/224 640/16/226
f 640/16/226 721/103/245 694/74/275
f 626/2/213 720/102/299 686/64/309
f 686/64/309 627/3/307 626/2/213
f 652/28/237 651/27/236 630/6/217
f 630/6/217 629/5/216 652/28/237
f 706/109/287 689/110/311 635/11/222
f 635/11/222 634/10/221 706/109/287
f 687/111/310 709/90/290 658/34/242
f 658/34/242 657/33/241 687/111/310
f 689/68/311 648/24/233 684/62/265
f 684/62/265 635/61/222 689/68/311
f 660/70/244 652/28/237 629/5/216
f 629/5/216 657/66/241 660/70/244
f 714/112/294 628/4/215 627/3/307
f 627/3/307 690/69/271 714/112/294
f 700/80/281 727/113/305 692/72/273
f 692/72/273 691/71/272 700/80/281
f 656/32/240 655/114/239 701/81/282
f 701/81/282 691/71/272 656/32/240
f 643/115/228 659/35/243 658/34/242
f 658/34/242 708/89/289 643/115/228
f 655/114/239 706/109/287 634/10/221
f 634/10/221 701/81/282 655/114/239
f 644/116/229 643/115/228 708/89/289
f 708/89/289 690/96/271 644/116/229
f 647/23/232 720/102/299 626/2/213
f 626/2/213 716/98/296 647/23/232
f 728/117/306 631/7/218 630/6/217
f 630/6/217 718/100/298 728/117/306
f 648/24/233 647/23/232 716/98/296
f 716/98/296 684/62/265 648/24/233
f 727/113/305 728/117/306 718/100/298
f 718/100/298 692/72/273 727/113/305
f 679/55/260 713/94/293 639/15/15
f 639/15/15 638/14/225 679/55/260
f 713/94/293 726/108/304 719/101/15
f 719/101/15 639/15/15 713/94/293
f 726/108/304 712/93/292 697/77/278
f 697/77/278 719/101/15 726/108/304
f 681/57/262 680/56/261 703/83/284
f 703/83/284 698/78/312 681/57/262
f 680/56/261 723/105/301 725/107/303
f 725/107/303 703/83/284 680/56/261
f 725/107/303 723/105/301 699/79/280
f 699/79/280 683/59/264 725/107/303
f 729/1/313 730/2/314 731/3/315
f 731/3/315 732/4/316 729/1/313
f 733/5/317 734/6/318 735/7/319
f 735/7/319 736/8/320 733/5/317
f 737/9/321 738/10/322 739/11/323
f 739/11/323 740/12/324 737/9/321
f 741/13/325 742/14/326 743/15/15
f 743/15/15 744/16/226 741/13/325
f 745/17/327 746/18/328 747/19/329
f 747/19/329 748/20/330 745/17/327
f 749/21/331 750/22/231 751/23/332
f 751/23/332 752/24/333 749/21/331
f 753/25/334 754/26/335 755/27/336
f 755/27/336 756/28/337 753/25/334
f 757/29/338 758/30/339 759/31/340
f 759/31/340 760/32/341 757/29/338
f 761/33/342 762/34/343 763/35/344
f 763/35/344 764/36/345 761/33/342
f 765/37/231 766/38/245 767/39/346
f 767/39/346 768/40/347 765/37/231
f 769/41/348 770/42/349 771/43/350
f 771/43/350 772/44/351 769/41/348
f 773/45/352 774/46/353 775/47/354
f 775/47/354 776/48/355 773/45/352
f 777/49/356 778/50/357 779/51/358
f 779/51/358 780/52/359 777/49/356
f 767/39/346 766/38/245 781/53/226
f 781/53/226 782/54/360 767/39/346
f 770/42/349 783/55/361 742/14/326
f 742/14/326 771/43/350 770/42/349
f 775/47/354 774/46/353 784/56/362
f 784/56/362 785/57/363 775/47/354
f 778/50/357 786/58/364 787/59/365
f 787/59/365 779/51/358 778/50/357
f 740/60/324 739/61/323 788/62/366
f 788/62/366 789/63/367 740/60/324
f 768/40/347 745/17/327 748/20/330
f 748/20/330 790/64/368 768/40/347
f 791/65/369 761/66/342 733/5/317
f 733/5/317 736/8/320 791/65/369
f 776/48/355 757/29/338 760/32/341
f 760/32/341 792/67/370 776/48/355
f 752/24/333 793/68/371 772/44/351
f 772/44/351 749/21/331 752/24/333
f 748/20/330 794/69/372 731/3/315
f 731/3/315 790/64/368 748/20/330
f 756/28/337 764/70/345 780/52/359
f 780/52/359 753/25/334 756/28/337
f 760/32/341 795/71/373 796/72/374
f 796/72/374 792/67/370 760/32/341
f 745/17/327 768/40/347 767/39/346
f 767/39/346 797/73/375 745/17/327
f 749/21/331 772/44/351 771/43/350
f 771/43/350 798/74/376 749/21/331
f 757/29/338 776/48/355 775/47/354
f 775/47/354 799/75/377 757/29/338
f 753/25/334 780/52/359 779/51/358
f 779/51/358 800/76/378 753/25/334
f 797/73/375 767/39/346 782/54/360
f 782/54/360 801/77/379 797/73/375
f 798/74/376 771/43/350 742/14/326
f 742/14/326 741/13/325 798/74/376
f 799/75/377 775/47/354 785/57/363
f 785/57/363 802/78/380 799/75/377
f 800/76/378 779/51/358 787/59/365
f 787/59/365 803/79/381 800/76/378
f 804/80/382 795/71/373 805/81/383
f 805/81/383 806/82/384 804/80/382
f 802/78/380 807/83/385 808/84/386
f 808/84/386 809/85/387 802/78/380
f 780/52/359 764/70/345 763/86/344
f 763/86/344 777/49/356 780/52/359
f 769/41/348 810/87/388 759/31/340
f 759/31/340 758/30/339 769/41/348
f 811/88/389 812/89/390 762/34/343
f 762/34/343 813/90/391 811/88/389
f 758/30/339 757/29/338 799/75/377
f 799/75/377 814/91/392 758/30/339
f 746/18/328 815/92/393 778/50/357
f 778/50/357 777/49/356 746/18/328
f 799/75/377 802/78/380 809/85/387
f 809/85/387 814/91/392 799/75/377
f 815/92/393 816/93/394 786/58/364
f 786/58/364 778/50/357 815/92/393
f 806/82/384 805/81/383 738/10/322
f 738/10/322 737/9/321 806/82/384
f 809/85/387 808/84/386 817/94/395
f 817/94/395 783/55/361 809/85/387
f 777/49/356 763/86/344 747/19/329
f 747/19/329 746/18/328 777/49/356
f 758/30/339 814/91/392 770/42/349
f 770/42/349 769/41/348 758/30/339
f 814/91/392 809/85/387 783/55/361
f 783/55/361 770/42/349 814/91/392
f 772/44/351 793/68/371 810/87/388
f 810/87/388 769/41/348 772/44/351
f 818/95/396 794/96/372 812/89/390
f 812/89/390 811/88/389 818/95/396
f 746/18/328 745/17/327 797/73/375
f 797/73/375 815/92/393 746/18/328
f 797/73/375 801/77/379 816/93/394
f 816/93/394 815/92/393 797/73/375
f 819/97/397 820/98/398 730/2/314
f 730/2/314 729/1/313 819/97/397
f 755/27/336 821/99/399 822/100/400
f 822/100/400 734/6/318 755/27/336
f 782/54/360 781/53/226 823/101/15
f 823/101/15 801/77/379 782/54/360
f 768/40/347 790/64/368 824/102/299
f 824/102/299 765/37/231 768/40/347
f 773/45/352 821/99/399 755/27/336
f 755/27/336 754/26/335 773/45/352
f 750/22/231 825/103/245 766/38/245
f 766/38/245 765/37/231 750/22/231
f 754/26/335 753/25/334 800/76/378
f 800/76/378 826/104/401 754/26/335
f 825/103/245 744/16/226 781/53/226
f 781/53/226 766/38/245 825/103/245
f 800/76/378 803/79/381 827/105/402
f 827/105/402 826/104/401 800/76/378
f 786/58/364 828/106/403 829/107/404
f 829/107/404 787/59/365 786/58/364
f 786/58/364 816/93/394 830/108/405
f 830/108/405 828/106/403 786/58/364
f 781/53/226 744/16/226 743/15/15
f 743/15/15 823/101/15 781/53/226
f 765/37/231 824/102/299 751/23/332
f 751/23/332 750/22/231 765/37/231
f 754/26/335 826/104/401 774/46/353
f 774/46/353 773/45/352 754/26/335
f 826/104/401 827/105/402 784/56/362
f 784/56/362 774/46/353 826/104/401
f 828/106/403 808/84/386 807/83/385
f 807/83/385 829/107/404 828/106/403
f 808/84/386 828/106/403 830/108/405
f 830/108/405 817/94/395 808/84/386
f 819/97/397 789/63/367 788/62/366
f 788/62/366 820/98/398 819/97/397
f 821/99/399 792/67/370 796/72/374
f 796/72/374 822/100/400 821/99/399
f 776/48/355 792/67/370 821/99/399
f 821/99/399 773/45/352 776/48/355
f 750/22/231 749/21/331 798/74/376
f 798/74/376 825/103/245 750/22/231
f 798/74/376 741/13/325 744/16/226
f 744/16/226 825/103/245 798/74/376
f 730/2/314 824/102/299 790/64/368
f 790/64/368 731/3/315 730/2/314
f 756/28/337 755/27/336 734/6/318
f 734/6/318 733/5/317 756/28/337
f 810/109/388 793/110/371 739/11/323
f 739/11/323 738/10/322 810/109/388
f 791/111/369 813/90/391 762/34/343
f 762/34/343 761/33/342 791/111/369
f 793/68/371 752/24/333 788/62/366
f 788/62/366 739/61/323 793/68/371
f 764/70/345 756/28/337 733/5/317
f 733/5/317 761/66/342 764/70/345
f 818/112/396 732/4/316 731/3/315
f 731/3/315 794/69/372 818/112/396
f 804/80/382 831/113/406 796/72/374
f 796/72/374 795/71/373 804/80/382
f 760/32/341 759/114/340 805/81/383
f 805/81/383 795/71/373 760/32/341
f 747/115/329 763/35/344 762/34/343
f 762/34/343 812/89/390 747/115/329
f 759/114/340 810/109/388 738/10/322
f 738/10/322 805/81/383 759/114/340
f 748/116/330 747/115/329 812/89/390
f 812/89/390 794/96/372 748/116/330
f 751/23/332 824/102/299 730/2/314
f 730/2/314 820/98/398 751/23/332
f 832/117/407 735/7/319 734/6/318
f 734/6/318 822/100/400 832/117/407
f 752/24/333 751/23/332 820/98/398
f 820/98/398 788/62/366 752/24/333
f 831/113/406 832/117/407 822/100/400
f 822/100/400 796/72/374 831/113/406
f 783/55/361 817/94/395 743/15/15
f 743/15/15 742/14/326 783/55/361
f 817/94/395 830/108/405 823/101/15
f 823/101/15 743/15/15 817/94/395
f 830/108/405 816/93/394 801/77/379
f 801/77/379 823/101/15 830/108/405
f 785/57/363 784/56/362 807/83/385
f 807/83/385 802/78/380 785/57/363
f 784/56/362 827/105/402 829/107/404
f 829/107/404 807/83/385 784/56/362
f 829/107/404 827/105/402 803/79/381
f 803/79/381 787/59/365 829/107/404
f 833/1/1 834/2/2 835/3/408
f 835/3/408 836/4/4 833/1/1
f 837/5/100 838/6/6 839/7/7
f 839/7/7 840/8/8 837/5/100
f 841/9/9 842/10/10 843/11/11
f 843/11/11 844/12/12 841/9/9
f 845/13/13 846/14/14 847/15/15
f 847/15/15 848/16/16 845/13/13
f 849/17/17 850/18/18 851/19/19
f 851/19/19 852/20/20 849/17/17
f 853/21/21 854/22/22 855/23/23
f 855/23/23 856/24/24 853/21/21
f 857/25/25 858/26/26 859/27/27
f 859/27/27 860/28/28 857/25/25
f 861/29/29 862/30/30 863/31/31
f 863/31/31 864/32/32 861/29/29
f 865/33/33 866/34/34 867/35/35
f 867/35/35 868/36/36 865/33/33
f 869/37/22 870/38/37 871/39/38
f 871/39/38 872/40/39 869/37/22
f 873/41/30 874/42/40 875/43/41
f 875/43/41 876/44/42 873/41/30
f 877/45/43 878/46/44 879/47/45
f 879/47/45 880/48/46 877/45/43
f 881/49/47 882/50/48 883/51/49
f 883/51/49 884/52/50 881/49/47
f 871/39/38 870/38/37 885/53/16
f 885/53/16 886/54/108 871/39/38
f 874/42/40 887/55/52 846/14/14
f 846/14/14 875/43/41 874/42/40
f 879/47/45 878/46/44 888/56/53
f 888/56/53 889/57/54 879/47/45
f 882/50/48 890/58/55 891/59/56
f 891/59/56 883/51/49 882/50/48
f 844/60/12 843/61/11 892/62/409
f 892/62/409 893/63/58 844/60/12
f 872/40/39 849/17/17 852/20/20
f 852/20/20 894/64/59 872/40/39
f 895/65/60 865/66/33 837/5/100
f 837/5/100 840/8/8 895/65/60
f 880/48/46 861/29/29 864/32/32
f 864/32/32 896/67/61 880/48/46
f 856/24/24 897/68/62 876/44/42
f 876/44/42 853/21/21 856/24/24
f 852/20/20 898/69/63 835/3/408
f 835/3/408 894/64/59 852/20/20
f 860/28/28 868/70/36 884/52/50
f 884/52/50 857/25/25 860/28/28
f 864/32/32 899/71/64 900/72/65
f 900/72/65 896/67/61 864/32/32
f 849/17/17 872/40/39 871/39/38
f 871/39/38 901/73/66 849/17/17
f 853/21/21 876/44/42 875/43/41
f 875/43/41 902/74/67 853/21/21
f 861/29/29 880/48/46 879/47/45
f 879/47/45 903/75/68 861/29/29
f 857/25/25 884/52/50 883/51/49
f 883/51/49 904/76/69 857/25/25
f 901/73/66 871/39/38 886/54/108
f 886/54/108 905/77/70 901/73/66
f 902/74/67 875/43/41 846/14/14
f 846/14/14 845/13/13 902/74/67
f 903/75/68 879/47/45 889/57/54
f 889/57/54 906/78/71 903/75/68
f 904/76/69 883/51/49 891/59/56
f 891/59/56 907/79/72 904/76/69
f 908/80/73 899/71/64 909/81/74
f 909/81/74 910/82/75 908/80/73
f 906/78/71 911/83/76 912/84/77
f 912/84/77 913/85/78 906/78/71
f 884/52/50 868/70/36 867/86/35
f 867/86/35 881/49/47 884/52/50
f 873/41/30 914/87/79 863/31/31
f 863/31/31 862/30/30 873/41/30
f 915/88/80 916/89/81 866/34/34
f 866/34/34 917/90/82 915/88/80
f 862/30/30 861/29/29 903/75/68
f 903/75/68 918/91/40 862/30/30
f 850/18/18 919/92/83 882/50/48
f 882/50/48 881/49/47 850/18/18
f 903/75/68 906/78/71 913/85/78
f 913/85/78 918/91/40 903/75/68
f 919/92/83 920/93/84 890/58/55
f 890/58/55 882/50/48 919/92/83
f 910/82/75 909/81/74 842/10/10
f 842/10/10 841/9/9 910/82/75
f 913/85/78 912/84/77 921/94/85
f 921/94/85 887/55/52 913/85/78
f 881/49/47 867/86/35 851/19/19
f 851/19/19 850/18/18 881/49/47
f 862/30/30 918/91/40 874/42/40
f 874/42/40 873/41/30 862/30/30
f 918/91/40 913/85/78 887/55/52
f 887/55/52 874/42/40 918/91/40
f 876/44/42 897/68/62 914/87/79
f 914/87/79 873/41/30 876/44/42
f 922/95/86 898/96/63 916/89/81
f 916/89/81 915/88/80 922/95/86
f 850/18/18 849/17/17 901/73/66
f 901/73/66 919/92/83 850/18/18
f 901/73/66 905/77/70 920/93/84
f 920/93/84 919/92/83 901/73/66
f 923/97/87 924/98/88 834/2/2
f 834/2/2 833/1/1 923/97/87
f 859/27/27 925/99/89 926/100/90
f 926/100/90 838/6/6 859/27/27
f 886/54/108 885/53/16 927/101/15
f 927/101/15 905/77/70 886/54/108
f 872/40/39 894/64/59 928/102/91
f 928/102/91 869/37/22 872/40/39
f 877/45/43 925/99/89 859/27/27
f 859/27/27 858/26/26 877/45/43
f 854/22/22 929/103/37 870/38/37
f 870/38/37 869/37/22 854/22/22
f 858/26/26 857/25/25 904/76/69
f 904/76/69 930/104/92 858/26/26
f 929/103/37 848/16/16 885/53/16
f 885/53/16 870/38/37 929/103/37
f 904/76/69 907/79/72 931/105/93
f 931/105/93 930/104/92 904/76/69
f 890/58/55 932/106/94 933/107/95
f 933/107/95 891/59/56 890/58/55
f 890/58/55 920/93/84 934/108/96
f 934/108/96 932/106/94 890/58/55
f 885/53/16 848/16/16 847/15/15
f 847/15/15 927/101/15 885/53/16
f 869/37/22 928/102/91 855/23/23
f 855/23/23 854/22/22 869/37/22
f 858/26/26 930/104/92 878/46/44
f 878/46/44 877/45/43 858/26/26
f 930/104/92 931/105/93 888/56/53
f 888/56/53 878/46/44 930/104/92
f 932/106/94 912/84/77 911/83/76
f 911/83/76 933/107/95 932/106/94
f 912/84/77 932/106/94 934/108/96
f 934/108/96 921/94/85 912/84/77
f 923/97/87 893/63/58 892/62/409
f 892/62/409 924/98/88 923/97/87
f 925/99/89 896/67/61 900/72/65
f 900/72/65 926/100/90 925/99/89
f 880/48/46 896/67/61 925/99/89
f 925/99/89 877/45/43 880/48/46
f 854/22/22 853/21/21 902/74/67
f 902/74/67 929/103/37 854/22/22
f 902/74/67 845/13/13 848/16/16
f 848/16/16 929/103/37 902/74/67
f 834/2/2 928/102/91 894/64/59
f 894/64/59 835/3/408 834/2/2
f 860/28/28 859/27/27 838/6/6
f 838/6/6 837/5/100 860/28/28
f 914/109/79 897/110/62 843/11/11
f 843/11/11 842/10/10 914/109/79
f 895/111/60 917/90/82 866/34/34
f 866/34/34 865/33/33 895/111/60
f 897/68/62 856/24/24 892/62/409
f 892/62/409 843/61/11 897/68/62
f 868/70/36 860/28/28 837/5/100
f 837/5/100 865/66/33 868/70/36
f 922/112/86 836/4/4 835/3/408
f 835/3/408 898/69/63 922/112/86
f 908/80/73 935/113/97 900/72/65
f 900/72/65 899/71/64 908/80/73
f 864/32/32 863/114/31 909/81/74
f 909/81/74 899/71/64 864/32/32
f 851/115/19 867/35/35 866/34/34
f 866/34/34 916/89/81 851/115/19
f 863/114/31 914/109/79 842/10/10
f 842/10/10 909/81/74 863/114/31
f 852/116/20 851/115/19 916/89/81
f 916/89/81 898/96/63 852/116/20
f 855/23/23 928/102/91 834/2/2
f 834/2/2 924/98/88 855/23/23
f 936/117/98 839/7/7 838/6/6
f 838/6/6 926/100/90 936/117/98
f 856/24/24 855/23/23 924/98/88
f 924/98/88 892/62/409 856/24/24
f 935/113/97 936/117/98 926/100/90
f 926/100/90 900/72/65 935/113/97
f 887/55/52 921/94/85 847/15/15
f 847/15/15 846/14/14 887/55/52
f 921/94/85 934/108/96 927/101/15
f 927/101/15 847/15/15 921/94/85
f 934/108/96 920/93/84 905/77/70
f 905/77/70 927/101/15 934/108/96
f 889/57/54 888/56/53 911/83/76
f 911/83/76 906/78/71 889/57/54
f 888/56/53 931/105/93 933/107/95
f 933/107/95 911/83/76 888/56/53
f 933/107/95 931/105/93 907/79/72
f 907/79/72 891/59/56 933/107/95
f 937/1/410 938/2/411 939/3/412
f 939/3/412 940/4/413 937/1/410
f 941/5/414 942/6/415 943/7/416
f 943/7/416 944/8/417 941/5/414
f 945/9/418 946/10/419 947/11/420
f 947/11/420 948/12/421 945/9/418
f 949/13/422 950/14/423 951/15/15
f 951/15/15 952/16/424 949/13/422
f 953/17/425 954/18/426 955/19/427
f 955/19/427 956/20/428 953/17/425
f 957/21/429 958/22/430 959/23/431
f 959/23/431 960/24/432 957/21/429
f 961/25/433 962/26/434 963/27/435
f 963/27/435 964/28/436 961/25/433
f 965/29/437 966/30/438 967/31/439
f 967/31/439 968/32/440 965/29/437
f 969/33/441 970/34/442 971/35/443
f 971/35/443 972/36/444 969/33/441
f 973/37/430 974/38/445 975/39/446
f 975/39/446 976/40/447 973/37/430
f 977/41/438 978/42/448 979/43/449
f 979/43/449 980/44/450 977/41/438
f 981/45/451 982/46/452 983/47/453
f 983/47/453 984/48/454 981/45/451
f 985/49/455 986/50/456 987/51/457
f 987/51/457 988/52/458 985/49/455
f 975/39/446 974/38/445 989/53/424
f 989/53/424 990/54/459 975/39/446
f 978/42/448 991/55/460 950/14/423
f 950/14/423 979/43/449 978/42/448
f 983/47/453 982/46/452 992/56/461
f 992/56/461 993/57/462 983/47/453
f 986/50/456 994/58/463 995/59/464
f 995/59/464 987/51/457 986/50/456
f 948/60/421 947/61/420 996/62/465
f 996/62/465 997/63/466 948/60/421
f 976/40/447 953/17/425 956/20/428
f 956/20/428 998/64/467 976/40/447
f 999/65/468 969/66/441 941/5/414
f 941/5/414 944/8/417 999/65/468
f 984/48/454 965/29/437 968/32/440
f 968/32/440 1000/67/469 984/48/454
f 960/24/432 1001/68/470 980/44/450
f 980/44/450 957/21/429 960/24/432
f 956/20/428 1002/69/471 939/3/412
f 939/3/412 998/64/467 956/20/428
f 964/28/436 972/70/444 988/52/458
f 988/52/458 961/25/433 964/28/436
f 968/32/440 1003/71/472 1004/72/473
f 1004/72/473 1000/67/469 968/32/440
f 953/17/425 976/40/447 975/39/446
f 975/39/446 1005/73/474 953/17/425
f 957/21/429 980/44/450 979/43/449
f 979/43/449 1006/74/475 957/21/429
f 965/29/437 984/48/454 983/47/453
f 983/47/453 1007/75/476 965/29/437
f 961/25/433 988/52/458 987/51/457
f 987/51/457 1008/76/477 961/25/433
f 1005/73/474 975/39/446 990/54/459
f 990/54/459 1009/77/478 1005/73/474
f 1006/74/475 979/43/449 950/14/423
f 950/14/423 949/13/422 1006/74/475
f 1007/75/476 983/47/453 993/57/462
f 993/57/462 1010/78/479 1007/75/476
f 1008/76/477 987/51/457 995/59/464
f 995/59/464 1011/79/480 1008/76/477
f 1012/80/481 1003/71/472 1013/81/482
f 1013/81/482 1014/82/483 1012/80/481
f 1010/78/479 1015/83/484 1016/84/485
f 1016/84/485 1017/85/486 1010/78/479
f 988/52/458 972/70/444 971/86/443
f 971/86/443 985/49/455 988/52/458
f 977/41/438 1018/87/487 967/31/439
f 967/31/439 966/30/438 977/41/438
f 1019/88/488 1020/89/489 970/34/442
f 970/34/442 1021/90/490 1019/88/488
f 966/30/438 965/29/437 1007/75/476
f 1007/75/476 1022/91/448 966/30/438
f 954/18/426 1023/92/491 986/50/456
f 986/50/456 985/49/455 954/18/426
f 1007/75/476 1010/78/479 1017/85/486
f 1017/85/486 1022/91/448 1007/75/476
f 1023/92/491 1024/93/492 994/58/463
f 994/58/463 986/50/456 1023/92/491
f 1014/82/483 1013/81/482 946/10/419
f 946/10/419 945/9/418 1014/82/483
f 1017/85/486 1016/84/485 1025/94/493
f 1025/94/493 991/55/460 1017/85/486
f 985/49/455 971/86/443 955/19/427
f 955/19/427 954/18/426 985/49/455
f 966/30/438 1022/91/448 978/42/448
f 978/42/448 977/41/438 966/30/438
f 1022/91/448 1017/85/486 991/55/460
f 991/55/460 978/42/448 1022/91/448
f 980/44/450 1001/68/470 1018/87/487
f 1018/87/487 977/41/438 980/44/450
f 1026/95/494 1002/96/471 1020/89/489
f 1020/89/489 1019/88/488 1026/95/494
f 954/18/426 953/17/425 1005/73/474
f 1005/73/474 1023/92/491 954/18/426
f 1005/73/474 1009/77/478 1024/93/492
f 1024/93/492 1023/92/491 1005/73/474
f 1027/97/495 1028/98/496 938/2/411
f 938/2/411 937/1/410 1027/97/495
f 963/27/435 1029/99/497 1030/100/498
f 1030/100/498 942/6/415 963/27/435
f 990/54/459 989/53/424 1031/101/15
f 1031/101/15 1009/77/478 990/54/459
f 976/40/447 998/64/467 1032/102/499
f 1032/102/499 973/37/430 976/40/447
f 981/45/451 1029/99/497 963/27/435
f 963/27/435 962/26/434 981/45/451
f 958/22/430 1033/103/445 974/38/445
f 974/38/445 973/37/430 958/22/430
f 962/26/434 961/25/433 1008/76/477
f 1008/76/477 1034/104/500 962/26/434
f 1033/103/445 952/16/424 989/53/424
f 989/53/424 974/38/445 1033/103/445
f 1008/76/477 1011/79/480 1035/105/501
f 1035/105/501 1034/104/500 1008/76/477
f 994/58/463 1036/106/502 1037/107/503
f 1037/107/503 995/59/464 994/58/463
f 994/58/463 1024/93/492 1038/108/504
f 1038/108/504 1036/106/502 994/58/463
f 989/53/424 952/16/424 951/15/15
f 951/15/15 1031/101/15 989/53/424
f 973/37/430 1032/102/499 959/23/431
f 959/23/431 958/22/430 973/37/430
f 962/26/434 1034/104/500 982/46/452
f 982/46/452 981/45/451 962/26/434
f 1034/104/500 1035/105/501 992/56/461
f 992/56/461 982/46/452 1034/104/500
f 1036/106/502 1016/84/485 1015/83/484
f 1015/83/484 1037/107/503 1036/106/502
f 1016/84/485 1036/106/502 1038/108/504
f 1038/108/504 1025/94/493 1016/84/485
f 1027/97/495 997/63/466 996/62/465
f 996/62/465 1028/98/496 1027/97/495
f 1029/99/497 1000/67/469 1004/72/473
f 1004/72/473 1030/100/498 1029/99/497
f 984/48/454 1000/67/469 1029/99/497
f 1029/99/497 981/45/451 984/48/454
f 958/22/430 957/21/429 1006/74/475
f 1006/74/475 1033/103/445 958/22/430
f 1006/74/475 949/13/422 952/16/424
f 952/16/424 1033/103/445 1006/74/475
f 938/2/411 1032/102/499 998/64/467
f 998/64/467 939/3/412 938/2/411
f 964/28/436 963/27/435 942/6/415
f 942/6/415 941/5/414 964/28/436
f 1018/109/487 1001/110/470 947/11/420
f 947/11/420 946/10/419 1018/109/487
f 999/111/468 1021/90/490 970/34/442
f 970/34/442 969/33/441 999/111/468
f 1001/68/470 960/24/432 996/62/465
f 996/62/465 947/61/420 1001/68/470
f 972/70/444 964/28/436 941/5/414
f 941/5/414 969/66/441 972/70/444
f 1026/112/494 940/4/413 939/3/412
f 939/3/412 1002/69/471 1026/112/494
f 1012/80/481 1039/113/505 1004/72/473
f 1004/72/473 1003/71/472 1012/80/481
f 968/32/440 967/114/439 1013/81/482
f 1013/81/482 1003/71/472 968/32/440
f 955/115/427 971/35/443 970/34/442
f 970/34/442 1020/89/489 955/115/427
f 967/114/439 1018/109/487 946/10/419
f 946/10/419 1013/81/482 967/114/439
f 956/116/428 955/115/427 1020/89/489
f 1020/89/489 1002/96/471 956/116/428
f 959/23/431 1032/102/499 938/2/411
f 938/2/411 1028/98/496 959/23/431
f 1040/117/506 943/7/416 942/6/415
f 942/6/415 1030/100/498 1040/117/506
f 960/24/432 959/23/431 1028/98/496
f 1028/98/496 996/62/465 960/24/432
f 1039/113/505 1040/117/506 1030/100/498
f 1030/100/498 1004/72/473 1039/113/505
f 991/55/460 1025/94/493 951/15/15
f 951/15/15 950/14/423 991/55/460
f 1025/94/493 1038/108/504 1031/101/15
f 1031/101/15 951/15/15 1025/94/493
f 1038/108/504 1024/93/492 1009/77/478
f 1009/77/478 1031/101/15 1038/108/504
f 993/57/462 992/56/461 1015/83/484
f 1015/83/484 1010/78/479 993/57/462
f 992/56/461 1035/105/501 1037/107/503
f 1037/107/503 1015/83/484 992/56/461
f 1037/107/503 1035/105/501 1011/79/480
f 1011/79/480 995/59/464 1037/107/503
f 1041/1/507 1042/2/508 1043/3/509
f 1043/3/509 1044/4/510 1041/1/507
f 1045/5/511 1046/6/512 1047/7/513
f 1047/7/513 1048/8/514 1045/5/511
f 1049/9/515 1050/10/516 1051/11/517
f 1051/11/517 1052/12/518 1049/9/515
f 1053/13/519 1054/14/520 1055/15/15
f 1055/15/15 1056/16/521 1053/13/519
f 1057/17/437 1058/18/522 1059/19/523
f 1059/19/523 1060/20/524 1057/17/437
f 1061/21/433 1062/22/525 1063/23/526
f 1063/23/526 1064/24/527 1061/21/433
f 1065/25/429 1066/26/528 1067/27/529
f 1067/27/529 1068/28/530 1065/25/429
f 1069/29/425 1070/30/531 1071/31/532
f 1071/31/532 1072/32/533 1069/29/425
f 1073/33/534 1074/34/535 1075/35/536
f 1075/35/536 1076/36/537 1073/33/534
f 1077/37/525 1078/38/538 1079/39/539
f 1079/39/539 1080/40/540 1077/37/525
f 1081/41/531 1082/42/541 1083/43/542
f 1083/43/542 1084/44/543 1081/41/531
f 1085/45/544 1086/46/545 1087/47/546
f 1087/47/546 1088/48/547 1085/45/544
f 1089/49/548 1090/50/549 1091/51/550
f 1091/51/550 1092/52/551 1089/49/548
f 1079/39/539 1078/38/538 1093/53/521
f 1093/53/521 1094/54/552 1079/39/539
f 1082/42/541 1095/55/553 1054/14/520
f 1054/14/520 1083/43/542 1082/42/541
f 1087/47/546 1086/46/545 1096/56/554
f 1096/56/554 1097/57/555 1087/47/546
f 1090/50/549 1098/58/556 1099/59/557
f 1099/59/557 1091/51/550 1090/50/549
f 1052/60/518 1051/61/517 1100/62/558
f 1100/62/558 1101/63/559 1052/60/518
f 1080/40/540 1057/17/437 1060/20/524
f 1060/20/524 1102/64/560 1080/40/540
f 1103/65/561 1073/66/534 1045/5/511
f 1045/5/511 1048/8/514 1103/65/561
f 1088/48/547 1069/29/425 1072/32/533
f 1072/32/533 1104/67/562 1088/48/547
f 1064/24/527 1105/68/563 1084/44/543
f 1084/44/543 1061/21/433 1064/24/527
f 1060/20/524 1106/69/564 1043/3/509
f 1043/3/509 1102/64/560 1060/20/524
f 1068/28/530 1076/70/537 1092/52/551
f 1092/52/551 1065/25/429 1068/28/530
f 1072/32/533 1107/71/565 1108/72/566
f 1108/72/566 1104/67/562 1072/32/533
f 1057/17/437 1080/40/540 1079/39/539
f 1079/39/539 1109/73/567 1057/17/437
f 1061/21/433 1084/44/543 1083/43/542
f 1083/43/542 1110/74/568 1061/21/433
f 1069/29/425 1088/48/547 1087/47/546
f 1087/47/546 1111/75/569 1069/29/425
f 1065/25/429 1092/52/551 1091/51/550
f 1091/51/550 1112/76/570 1065/25/429
f 1109/73/567 1079/39/539 1094/54/552
f 1094/54/552 1113/77/571 1109/73/567
f 1110/74/568 1083/43/542 1054/14/520
f 1054/14/520 1053/13/519 1110/74/568
f 1111/75/569 1087/47/546 1097/57/555
f 1097/57/555 1114/78/572 1111/75/569
f 1112/76/570 1091/51/550 1099/59/557
f 1099/59/557 1115/79/573 1112/76/570
f 1116/80/574 1107/71/565 1117/81/575
f 1117/81/575 1118/82/576 1116/80/574
f 1114/78/572 1119/83/577 1120/84/578
f 1120/84/578 1121/85/579 1114/78/572
f 1092/52/551 1076/70/537 1075/86/536
f 1075/86/536 1089/49/548 1092/52/551
f 1081/41/531 1122/87/580 1071/31/532
f 1071/31/532 1070/30/531 1081/41/531
f 1123/88/581 1124/89/582 1074/34/535
f 1074/34/535 1125/90/583 1123/88/581
f 1070/30/531 1069/29/425 1111/75/569
f 1111/75/569 1126/91/541 1070/30/531
f 1058/18/522 1127/92/584 1090/50/549
f 1090/50/549 1089/49/548 1058/18/522
f 1111/75/569 1114/78/572 1121/85/579
f 1121/85/579 1126/91/541 1111/75/569
f 1127/92/584 1128/93/585 1098/58/556
f 1098/58/556 1090/50/549 1127/92/584
f 1118/82/576 1117/81/575 1050/10/516
f 1050/10/516 1049/9/515 1118/82/576
f 1121/85/579 1120/84/578 1129/94/586
f 1129/94/586 1095/55/553 1121/85/579
f 1089/49/548 1075/86/536 1059/19/523
f 1059/19/523 1058/18/522 1089/49/548
f 1070/30/531 1126/91/541 1082/42/541
f 1082/42/541 1081/41/531 1070/30/531
f 1126/91/541 1121/85/579 1095/55/553
f 1095/55/553 1082/42/541 1126/91/541
f 1084/44/543 1105/68/563 1122/87/580
f 1122/87/580 1081/41/531 1084/44/543
f 1130/95/587 1106/96/564 1124/89/582
f 1124/89/582 1123/88/581 1130/95/587
f 1058/18/522 1057/17/437 1109/73/567
f 1109/73/567 1127/92/584 1058/18/522
f 1109/73/567 1113/77/571 1128/93/585
f 1128/93/585 1127/92/584 1109/73/567
f 1131/97/588 1132/98/589 1042/2/508
f 1042/2/508 1041/1/507 1131/97/588
f 1067/27/529 1133/99/590 1134/100/591
f 1134/100/591 1046/6/512 1067/27/529
f 1094/54/552 1093/53/521 1135/101/15
f 1135/101/15 1113/77/571 1094/54/552
f 1080/40/540 1102/64/560 1136/102/592
f 1136/102/592 1077/37/525 1080/40/540
f 1085/45/544 1133/99/590 1067/27/529
f 1067/27/529 1066/26/528 1085/45/544
f 1062/22/525 1137/103/593 1078/38/538
f 1078/38/538 1077/37/525 1062/22/525
f 1066/26/528 1065/25/429 1112/76/570
f 1112/76/570 1138/104/594 1066/26/528
f 1137/103/593 1056/16/521 1093/53/521
f 1093/53/521 1078/38/538 1137/103/593
f 1112/76/570 1115/79/573 1139/105/595
f 1139/105/595 1138/104/594 1112/76/570
f 1098/58/556 1140/106/596 1141/107/597
f 1141/107/597 1099/59/557 1098/58/556
f 1098/58/556 1128/93/585 1142/108/598
f 1142/108/598 1140/106/596 1098/58/556
f 1093/53/521 1056/16/521 1055/15/15
f 1055/15/15 1135/101/15 1093/53/521
f 1077/37/525 1136/102/592 1063/23/526
f 1063/23/526 1062/22/525 1077/37/525
f 1066/26/528 1138/104/594 1086/46/545
f 1086/46/545 1085/45/544 1066/26/528
f 1138/104/594 1139/105/595 1096/56/554
f 1096/56/554 1086/46/545 1138/104/594
f 1140/106/596 1120/84/578 1119/83/577
f 1119/83/577 1141/107/597 1140/106/596
f 1120/84/578 1140/106/596 1142/108/598
f 1142/108/598 1129/94/586 1120/84/578
f 1131/97/588 1101/63/559 1100/62/558
f 1100/62/558 1132/98/589 1131/97/588
f 1133/99/590 1104/67/562 1108/72/566
f 1108/72/566 1134/100/591 1133/99/590
f 1088/48/547 1104/67/562 1133/99/590
f 1133/99/590 1085/45/544 1088/48/547
f 1062/22/525 1061/21/433 1110/74/568
f 1110/74/568 1137/103/593 1062/22/525
f 1110/74/568 1053/13/519 1056/16/521
f 1056/16/521 1137/103/593 1110/74/568
f 1042/2/508 1136/102/592 1102/64/560
f 1102/64/560 1043/3/509 1042/2/508
f 1068/28/530 1067/27/529 1046/6/512
f 1046/6/512 1045/5/511 1068/28/530
f 1122/109/580 1105/110/563 1051/11/517
f 1051/11/517 1050/10/516 1122/109/580
f 1103/111/561 1125/90/583 1074/34/535
f 1074/34/535 1073/33/534 1103/111/561
f 1105/68/563 1064/24/527 1100/62/558
f 1100/62/558 1051/61/517 1105/68/563
f 1076/70/537 1068/28/530 1045/5/511
f 1045/5/511 1073/66/534 1076/70/537
f 1130/112/587 1044/4/510 1043/3/509
f 1043/3/509 1106/69/564 1130/112/587
f 1116/80/574 1143/113/599 1108/72/566
f 1108/72/566 1107/71/565 1116/80/574
f 1072/32/533 1071/114/532 1117/81/575
f 1117/81/575 1107/71/565 1072/32/533
f 1059/115/523 1075/35/536 1074/34/535
f 1074/34/535 1124/89/582 1059/115/523
f 1071/114/532 1122/109/580 1050/10/516
f 1050/10/516 1117/81/575 1071/114/532
f 1060/116/524 1059/115/523 1124/89/582
f 1124/89/582 1106/96/564 1060/116/524
f 1063/23/526 1136/102/592 1042/2/508
f 1042/2/508 1132/98/589 1063/23/526
f 1144/117/600 1047/7/513 1046/6/512
f 1046/6/512 1134/100/591 1144/117/600
f 1064/24/527 1063/23/526 1132/98/589
f 1132/98/589 1100/62/558 1064/24/527
f 1143/113/599 1144/117/600 1134/100/591
f 1134/100/591 1108/72/566 1143/113/599
f 1095/55/553 1129/94/586 1055/15/15
f 1055/15/15 1054/14/520 1095/55/553
f 1129/94/586 1142/108/598 1135/101/15
f 1135/101/15 1055/15/15 1129/94/586
f 1142/108/598 1128/93/585 1113/77/571
f 1113/77/571 1135/101/15 1142/108/598
f 1097/57/555 1096/56/554 1119/83/577
f 1119/83/577 1114/78/572 1097/57/555
f 1096/56/554 1139/105/595 1141/107/597
f 1141/107/597 1119/83/577 1096/56/554
f 1141/107/597 1139/105/595 1115/79/573
f 1115/79/573 1099/59/557 1141/107/597
f 1145/1/410 1146/2/411 1147/3/601
f 1147/3/601 1148/4/413 1145/1/410
f 1149/5/414 1150/6/415 1151/7/416
f 1151/7/416 1152/8/417 1149/5/414
f 1153/9/418 1154/10/419 1155/11/420
f 1155/11/420 1156/12/421 1153/9/418
f 1157/13/422 1158/14/423 1159/15/15
f 1159/15/15 1160/16/424 1157/13/422
f 1161/17/602 1162/18/426 1163/19/427
f 1163/19/427 1164/20/603 1161/17/602
f 1165/21/429 1166/22/430 1167/23/431
f 1167/23/431 1168/24/432 1165/21/429
f 1169/25/433 1170/26/434 1171/27/435
f 1171/27/435 1172/28/604 1169/25/433
f 1173/29/605 1174/30/438 1175/31/439
f 1175/31/439 1176/32/440 1173/29/605
f 1177/33/441 1178/34/442 1179/35/443
f 1179/35/443 1180/36/444 1177/33/441
f 1181/37/430 1182/38/445 1183/39/446
f 1183/39/446 1184/40/447 1181/37/430
f 1185/41/438 1186/42/448 1187/43/449
f 1187/43/449 1188/44/450 1185/41/438
f 1189/45/451 1190/46/452 1191/47/453
f 1191/47/453 1192/48/454 1189/45/451
f 1193/49/455 1194/50/456 1195/51/606
f 1195/51/606 1196/52/458 1193/49/455
f 1183/39/446 1182/38/445 1197/53/424
f 1197/53/424 1198/54/459 1183/39/446
f 1186/42/448 1199/55/460 1158/14/423
f 1158/14/423 1187/43/449 1186/42/448
f 1191/47/453 1190/46/452 1200/56/461
f 1200/56/461 1201/57/462 1191/47/453
f 1194/50/456 1202/58/463 1203/59/464
f 1203/59/464 1195/51/606 1194/50/456
f 1156/60/421 1155/61/420 1204/62/465
f 1204/62/465 1205/63/466 1156/60/421
f 1184/40/447 1161/17/602 1164/20/603
f 1164/20/603 1206/64/467 1184/40/447
f 1207/65/468 1177/66/441 1149/5/414
f 1149/5/414 1152/8/417 1207/65/468
f 1192/48/454 1173/29/605 1176/32/440
f 1176/32/440 1208/67/469 1192/48/454
f 1168/24/432 1209/68/470 1188/44/450
f 1188/44/450 1165/21/429 1168/24/432
f 1164/20/603 1210/69/471 1147/3/601
f 1147/3/601 1206/64/467 1164/20/603
f 1172/28/604 1180/70/444 1196/52/458
f 1196/52/458 1169/25/433 1172/28/604
f 1176/32/440 1211/71/472 1212/72/473
f 1212/72/473 1208/67/469 1176/32/440
f 1161/17/602 1184/40/447 1183/39/446
f 1183/39/446 1213/73/474 1161/17/602
f 1165/21/429 1188/44/450 1187/43/449
f 1187/43/449 1214/74/475 1165/21/429
f 1173/29/605 1192/48/454 1191/47/453
f 1191/47/453 1215/75/476 1173/29/605
f 1169/25/433 1196/52/458 1195/51/606
f 1195/51/606 1216/76/477 1169/25/433
f 1213/73/474 1183/39/446 1198/54/459
f 1198/54/459 1217/77/478 1213/73/474
f 1214/74/475 1187/43/449 1158/14/423
f 1158/14/423 1157/13/422 1214/74/475
f 1215/75/476 1191/47/453 1201/57/462
f 1201/57/462 1218/78/479 1215/75/476
f 1216/76/477 1195/51/606 1203/59/464
f 1203/59/464 1219/79/480 1216/76/477
f 1220/80/481 1211/71/472 1221/81/482
f 1221/81/482 1222/82/483 1220/80/481
f 1218/78/479 1223/83/484 1224/84/485
f 1224/84/485 1225/85/486 1218/78/479
f 1196/52/458 1180/70/444 1179/86/443
f 1179/86/443 1193/49/455 1196/52/458
f 1185/41/438 1226/87/487 1175/31/439
f 1175/31/439 1174/30/438 1185/41/438
f 1227/88/488 1228/89/489 1178/34/442
f 1178/34/442 1229/90/490 1227/88/488
f 1174/30/438 1173/29/605 1215/75/476
f 1215/75/476 1230/91/448 1174/30/438
f 1162/18/426 1231/92/491 1194/50/456
f 1194/50/456 1193/49/455 1162/18/426
f 1215/75/476 1218/78/479 1225/85/486
f 1225/85/486 1230/91/448 1215/75/476
f 1231/92/491 1232/93/492 1202/58/463
f 1202/58/463 1194/50/456 1231/92/491
f 1222/82/483 1221/81/482 1154/10/419
f 1154/10/419 1153/9/418 1222/82/483
f 1225/85/486 1224/84/485 1233/94/493
f 1233/94/493 1199/55/460 1225/85/486
f 1193/49/455 1179/86/443 1163/19/427
f 1163/19/427 1162/18/426 1193/49/455
f 1174/30/438 1230/91/448 1186/42/448
f 1186/42/448 1185/41/438 1174/30/438
f 1230/91/448 1225/85/486 1199/55/460
f 1199/55/460 1186/42/448 1230/91/448
f 1188/44/450 1209/68/470 1226/87/487
f 1226/87/487 1185/41/438 1188/44/450
f 1234/95/494 1210/96/471 1228/89/489
f 1228/89/489 1227/88/488 1234/95/494
f 1162/18/426 1161/17/602 1213/73/474
f 1213/73/474 1231/92/491 1162/18/426
f 1213/73/474 1217/77/478 1232/93/492
f 1232/93/492 1231/92/491 1213/73/474
f 1235/97/495 1236/98/496 1146/2/411
f 1146/2/411 1145/1/410 1235/97/495
f 1171/27/435 1237/99/497 1238/100/498
f 1238/100/498 1150/6/415 1171/27/435
f 1198/54/459 1197/53/424 1239/101/15
f 1239/101/15 1217/77/478 1198/54/459
f 1184/40/447 1206/64/467 1240/102/499
f 1240/102/499 1181/37/430 1184/40/447
f 1189/45/451 1237/99/497 1171/27/435
f 1171/27/435 1170/26/434 1189/45/451
f 1166/22/430 1241/103/445 1182/38/445
f 1182/38/445 1181/37/430 1166/22/430
f 1170/26/434 1169/25/433 1216/76/477
f 1216/76/477 1242/104/500 1170/26/434
f 1241/103/445 1160/16/424 1197/53/424
f 1197/53/424 1182/38/445 1241/103/445
f 1216/76/477 1219/79/480 1243/105/501
f 1243/105/501 1242/104/500 1216/76/477
f 1202/58/463 1244/106/502 1245/107/503
f 1245/107/503 1203/59/464 1202/58/463
f 1202/58/463 1232/93/492 1246/108/504
f 1246/108/504 1244/106/502 1202/58/463
f 1197/53/424 1160/16/424 1159/15/15
f 1159/15/15 1239/101/15 1197/53/424
f 1181/37/430 1240/102/499 1167/23/431
f 1167/23/431 1166/22/430 1181/37/430
f 1170/26/434 1242/104/500 1190/46/452
f 1190/46/452 1189/45/451 1170/26/434
f 1242/104/500 1243/105/501 1200/56/461
f 1200/56/461 1190/46/452 1242/104/500
f 1244/106/502 1224/84/485 1223/83/484
f 1223/83/484 1245/107/503 1244/106/502
f 1224/84/485 1244/106/502 1246/108/504
f 1246/108/504 1233/94/493 1224/84/485
f 1235/97/495 1205/63/466 1204/62/465
f 1204/62/465 1236/98/496 1235/97/495
f 1237/99/497 1208/67/469 1212/72/473
f 1212/72/473 1238/100/498 1237/99/497
f 1192/48/454 1208/67/469 1237/99/497
f 1237/99/497 1189/45/451 1192/48/454
f 1166/22/430 1165/21/429 1214/74/475
f 1214/74/475 1241/103/445 1166/22/430
f 1214/74/475 1157/13/422 1160/16/424
f 1160/16/424 1241/103/445 1214/74/475
f 1146/2/411 1240/102/499 1206/64/467
f 1206/64/467 1147/3/601 1146/2/411
f 1172/28/604 1171/27/435 1150/6/415
f 1150/6/415 1149/5/414 1172/28/604
f 1226/109/487 1209/110/470 1155/11/420
f 1155/11/420 1154/10/419 1226/109/487
f 1207/111/468 1229/90/490 1178/34/442
f 1178/34/442 1177/33/441 1207/111/468
f 1209/68/470 1168/24/432 1204/62/465
f 1204/62/465 1155/61/420 1209/68/470
f 1180/70/444 1172/28/604 1149/5/414
f 1149/5/414 1177/66/441 1180/70/444
f 1234/112/494 1148/4/413 1147/3/601
f 1147/3/601 1210/69/471 1234/112/494
f 1220/80/481 1247/113/505 1212/72/473
f 1212/72/473 1211/71/472 1220/80/481
f 1176/32/440 1175/114/439 1221/81/482
f 1221/81/482 1211/71/472 1176/32/440
f 1163/115/427 1179/35/443 1178/34/442
f 1178/34/442 1228/89/489 1163/115/427
f 1175/114/439 1226/109/487 1154/10/419
f 1154/10/419 1221/81/482 1175/114/439
f 1164/116/603 1163/115/427 1228/89/489
f 1228/89/489 1210/96/471 1164/116/603
f 1167/23/431 1240/102/499 1146/2/411
f 1146/2/411 1236/98/496 1167/23/431
f 1248/117/506 1151/7/416 1150/6/415
f 1150/6/415 1238/100/498 1248/117/506
f 1168/24/432 1167/23/431 1236/98/496
f 1236/98/496 1204/62/465 1168/24/432
f 1247/113/505 1248/117/506 1238/100/498
f 1238/100/498 1212/72/473 1247/113/505
f 1199/55/460 1233/94/493 1159/15/15
f 1159/15/15 1158/14/423 1199/55/460
f 1233/94/493 1246/108/504 1239/101/15
f 1239/101/15 1159/15/15 1233/94/493
f 1246/108/504 1232/93/492 1217/77/478
f 1217/77/478 1239/101/15 1246/108/504
f 1201/57/462 1200/56/461 1223/83/484
f 1223/83/484 1218/78/479 1201/57/462
f 1200/56/461 1243/105/501 1245/107/503
f 1245/107/503 1223/83/484 1200/56/461
f 1245/107/503 1243/105/501 1219/79/480
f 1219/79/480 1203/59/464 1245/107/503
f 1249/1/507 1250/2/508 1251/3/509
f 1251/3/509 1252/4/510 1249/1/507
f 1253/5/511 1254/6/512 1255/7/513
f 1255/7/513 1256/8/514 1253/5/511
f 1257/9/515 1258/10/516 1259/11/517
f 1259/11/517 1260/12/518 1257/9/515
f 1261/13/519 1262/14/520 1263/15/15
f 1263/15/15 1264/16/521 1261/13/519
f 1265/17/605 1266/18/522 1267/19/523
f 1267/19/523 1268/20/524 1265/17/605
f 1269/21/433 1270/22/525 1271/23/526
f 1271/23/526 1272/24/527 1269/21/433
f 1273/25/429 1274/26/528 1275/27/529
f 1275/27/529 1276/28/530 1273/25/429
f 1277/29/607 1278/30/531 1279/31/532
f 1279/31/532 1280/32/533 1277/29/607
f 1281/33/534 1282/34/535 1283/35/536
f 1283/35/536 1284/36/608 1281/33/534
f 1285/37/525 1286/38/538 1287/39/539
f 1287/39/539 1288/40/540 1285/37/525
f 1289/41/531 1290/42/541 1291/43/542
f 1291/43/542 1292/44/543 1289/41/531
f 1293/45/544 1294/46/545 1295/47/546
f 1295/47/546 1296/48/547 1293/45/544
f 1297/49/548 1298/50/549 1299/51/609
f 1299/51/609 1300/52/551 1297/49/548
f 1287/39/539 1286/38/538 1301/53/521
f 1301/53/521 1302/54/552 1287/39/539
f 1290/42/541 1303/55/553 1262/14/520
f 1262/14/520 1291/43/542 1290/42/541
f 1295/47/546 1294/46/545 1304/56/554
f 1304/56/554 1305/57/555 1295/47/546
f 1298/50/549 1306/58/556 1307/59/557
f 1307/59/557 1299/51/609 1298/50/549
f 1260/60/518 1259/61/517 1308/62/610
f 1308/62/610 1309/63/559 1260/60/518
f 1288/40/540 1265/17/605 1268/20/524
f 1268/20/524 1310/64/560 1288/40/540
f 1311/65/561 1281/66/534 1253/5/511
f 1253/5/511 1256/8/514 1311/65/561
f 1296/48/547 1277/29/607 1280/32/533
f 1280/32/533 1312/67/562 1296/48/547
f 1272/24/527 1313/68/563 1292/44/543
f 1292/44/543 1269/21/433 1272/24/527
f 1268/20/524 1314/69/564 1251/3/509
f 1251/3/509 1310/64/560 1268/20/524
f 1276/28/530 1284/70/608 1300/52/551
f 1300/52/551 1273/25/429 1276/28/530
f 1280/32/533 1315/71/565 1316/72/566
f 1316/72/566 1312/67/562 1280/32/533
f 1265/17/605 1288/40/540 1287/39/539
f 1287/39/539 1317/73/567 1265/17/605
f 1269/21/433 1292/44/543 1291/43/542
f 1291/43/542 1318/74/568 1269/21/433
f 1277/29/607 1296/48/547 1295/47/546
f 1295/47/546 1319/75/569 1277/29/607
f 1273/25/429 1300/52/551 1299/51/609
f 1299/51/609 1320/76/570 1273/25/429
f 1317/73/567 1287/39/539 1302/54/552
f 1302/54/552 1321/77/571 1317/73/567
f 1318/74/568 1291/43/542 1262/14/520
f 1262/14/520 1261/13/519 1318/74/568
f 1319/75/569 1295/47/546 1305/57/555
f 1305/57/555 1322/78/572 1319/75/569
f 1320/76/570 1299/51/609 1307/59/557
f 1307/59/557 1323/79/573 1320/76/570
f 1324/80/574 1315/71/565 1325/81/575
f 1325/81/575 1326/82/576 1324/80/574
f 1322/78/572 1327/83/577 1328/84/578
f 1328/84/578 1329/85/579 1322/78/572
f 1300/52/551 1284/70/608 1283/86/536
f 1283/86/536 1297/49/548 1300/52/551
f 1289/41/531 1330/87/580 1279/31/532
f 1279/31/532 1278/30/531 1289/41/531
f 1331/88/581 1332/89/582 1282/34/535
f 1282/34/535 1333/90/583 1331/88/581
f 1278/30/531 1277/29/607 1319/75/569
f 1319/75/569 1334/91/541 1278/30/531
f 1266/18/522 1335/92/584 1298/50/549
f 1298/50/549 1297/49/548 1266/18/522
f 1319/75/569 1322/78/572 1329/85/579
f 1329/85/579 1334/91/541 1319/75/569
f 1335/92/584 1336/93/585 1306/58/556
f 1306/58/556 1298/50/549 1335/92/584
f 1326/82/576 1325/81/575 1258/10/516
f 1258/10/516 1257/9/515 1326/82/576
f 1329/85/579 1328/84/578 1337/94/586
f 1337/94/586 1303/55/553 1329/85/579
f 1297/49/548 1283/86/536 1267/19/523
f 1267/19/523 1266/18/522 1297/49/548
f 1278/30/531 1334/91/541 1290/42/541
f 1290/42/541 1289/41/531 1278/30/531
f 1334/91/541 1329/85/579 1303/55/553
f 1303/55/553 1290/42/541 1334/91/541
f 1292/44/543 1313/68/563 1330/87/580
f 1330/87/580 1289/41/531 1292/44/543
f 1338/95/587 1314/96/564 1332/89/582
f 1332/89/582 1331/88/581 1338/95/587
f 1266/18/522 1265/17/605 1317/73/567
f 1317/73/567 1335/92/584 1266/18/522
f 1317/73/567 1321/77/571 1336/93/585
f 1336/93/585 1335/92/584 1317/73/567
f 1339/97/588 1340/98/589 1250/2/508
f 1250/2/508 1249/1/507 1339/97/588
f 1275/27/529 1341/99/590 1342/100/591
f 1342/100/591 1254/6/512 1275/27/529
f 1302/54/552 1301/53/521 1343/101/15
f 1343/101/15 1321/77/571 1302/54/552
f 1288/40/540 1310/64/560 1344/102/592
f 1344/102/592 1285/37/525 1288/40/540
f 1293/45/544 1341/99/590 1275/27/529
f 1275/27/529 1274/26/528 1293/45/544
f 1270/22/525 1345/103/538 1286/38/538
f 1286/38/538 1285/37/525 1270/22/525
f 1274/26/528 1273/25/429 1320/76/570
f 1320/76/570 1346/104/594 1274/26/528
f 1345/103/538 1264/16/521 1301/53/521
f 1301/53/521 1286/38/538 1345/103/538
f 1320/76/570 1323/79/573 1347/105/595
f 1347/105/595 1346/104/594 1320/76/570
f 1306/58/556 1348/106/596 1349/107/597
f 1349/107/597 1307/59/557 1306/58/556
f 1306/58/556 1336/93/585 1350/108/598
f 1350/108/598 1348/106/596 1306/58/556
f 1301/53/521 1264/16/521 1263/15/15
f 1263/15/15 1343/101/15 1301/53/521
f 1285/37/525 1344/102/592 1271/23/526
f 1271/23/526 1270/22/525 1285/37/525
f 1274/26/528 1346/104/594 1294/46/545
f 1294/46/545 1293/45/544 1274/26/528
f 1346/104/594 1347/105/595 1304/56/554
f 1304/56/554 1294/46/545 1346/104/594
f 1348/106/596 1328/84/578 1327/83/577
f 1327/83/577 1349/107/597 1348/106/596
f 1328/84/578 1348/106/596 1350/108/598
f 1350/108/598 1337/94/586 1328/84/578
f 1339/97/588 1309/63/559 1308/62/610
f 1308/62/610 1340/98/589 1339/97/588
f 1341/99/590 1312/67/562 1316/72/566
f 1316/72/566 1342/100/591 1341/99/590
f 1296/48/547 1312/67/562 1341/99/590
f 1341/99/590 1293/45/544 1296/48/547
f 1270/22/525 1269/21/433 1318/74/568
f 1318/74/568 1345/103/538 1270/22/525
f 1318/74/568 1261/13/519 1264/16/521
f 1264/16/521 1345/103/538 1318/74/568
f 1250/2/508 1344/102/592 1310/64/560
f 1310/64/560 1251/3/509 1250/2/508
f 1276/28/530 1275/27/529 1254/6/512
f 1254/6/512 1253/5/511 1276/28/530
f 1330/109/580 1313/110/563 1259/11/517
f 1259/11/517 1258/10/516 1330/109/580
f 1311/111/561 1333/90/583 1282/34/535
f 1282/34/535 1281/33/534 1311/111/561
f 1313/68/563 1272/24/527 1308/62/610
f 1308/62/610 1259/61/517 1313/68/563
f 1284/70/608 1276/28/530 1253/5/511
f 1253/5/511 1281/66/534 1284/70/608
f 1338/112/587 1252/4/510 1251/3/509
f 1251/3/509 1314/69/564 1338/112/587
f 1324/80/574 1351/113/599 1316/72/566
f 1316/72/566 1315/71/565 1324/80/574
f 1280/32/533 1279/114/532 1325/81/575
f 1325/81/575 1315/71/565 1280/32/533
f 1267/115/523 1283/35/536 1282/34/535
f 1282/34/535 1332/89/582 1267/115/523
f 1279/114/532 1330/109/580 1258/10/516
f 1258/10/516 1325/81/575 1279/114/532
f 1268/116/524 1267/115/523 1332/89/582
f 1332/89/582 1314/96/564 1268/116/524
f 1271/23/526 1344/102/592 1250/2/508
f 1250/2/508 1340/98/589 1271/23/526
f 1352/117/600 1255/7/513 1254/6/512
f 1254/6/512 1342/100/591 1352/117/600
f 1272/24/527 1271/23/526 1340/98/589
f 1340/98/589 1308/62/610 1272/24/527
f 1351/113/599 1352/117/600 1342/100/591
f 1342/100/591 1316/72/566 1351/113/599
f 1303/55/553 1337/94/586 1263/15/15
f 1263/15/15 1262/14/520 1303/55/553
f 1337/94/586 1350/108/598 1343/101/15
f 1343/101/15 1263/15/15 1337/94/586
f 1350/108/598 1336/93/585 1321/77/571
f 1321/77/571 1343/101/15 1350/108/598
f 1305/57/555 1304/56/554 1327/83/577
f 1327/83/577 1322/78/572 1305/57/555
f 1304/56/554 1347/105/595 1349/107/597
f 1349/107/597 1327/83/577 1304/56/554
f 1349/107/597 1347/105/595 1323/79/573
f 1323/79/573 1307/59/557 1349/107/597
f 1353/1/410 1354/2/411 1355/3/601
f 1355/3/601 1356/4/413 1353/1/410
f 1357/5/414 1358/6/415 1359/7/416
f 1359/7/416 1360/8/417 1357/5/414
f 1361/9/418 1362/10/419 1363/11/420
f 1363/11/420 1364/12/421 1361/9/418
f 1365/13/422 1366/14/423 1367/15/15
f 1367/15/15 1368/16/424 1365/13/422
f 1369/17/602 1370/18/426 1371/19/427
f 1371/19/427 1372/20/603 1369/17/602
f 1373/21/429 1374/22/430 1375/23/431
f 1375/23/431 1376/24/432 1373/21/429
f 1377/25/433 1378/26/434 1379/27/435
f 1379/27/435 1380/28/604 1377/25/433
f 1381/29/605 1382/30/438 1383/31/439
f 1383/31/439 1384/32/440 1381/29/605
f 1385/33/441 1386/34/442 1387/35/443
f 1387/35/443 1388/36/444 1385/33/441
f 1389/37/430 1390/38/445 1391/39/446
f 1391/39/446 1392/40/447 1389/37/430
f 1393/41/438 1394/42/448 1395/43/449
f 1395/43/449 1396/44/450 1393/41/438
f 1397/45/451 1398/46/452 1399/47/453
f 1399/47/453 1400/48/454 1397/45/451
f 1401/49/455 1402/50/456 1403/51/606
f 1403/51/606 1404/52/458 1401/49/455
f 1391/39/446 1390/38/445 1405/53/424
f 1405/53/424 1406/54/459 1391/39/446
f 1394/42/448 1407/55/460 1366/14/423
f 1366/14/423 1395/43/449 1394/42/448
f 1399/47/453 1398/46/452 1408/56/461
f 1408/56/461 1409/57/462 1399/47/453
f 1402/50/456 1410/58/463 1411/59/464
f 1411/59/464 1403/51/606 1402/50/456
f 1364/60/421 1363/61/420 1412/62/611
f 1412/62/611 1413/63/466 1364/60/421
f 1392/40/447 1369/17/602 1372/20/603
f 1372/20/603 1414/64/467 1392/40/447
f 1415/65/468 1385/66/441 1357/5/414
f 1357/5/414 1360/8/417 1415/65/468
f 1400/48/454 1381/29/605 1384/32/440
f 1384/32/440 1416/67/469 1400/48/454
f 1376/24/432 1417/68/470 1396/44/450
f 1396/44/450 1373/21/429 1376/24/432
f 1372/20/603 1418/69/471 1355/3/601
f 1355/3/601 1414/64/467 1372/20/603
f 1380/28/604 1388/70/444 1404/52/458
f 1404/52/458 1377/25/433 1380/28/604
f 1384/32/440 1419/71/472 1420/72/473
f 1420/72/473 1416/67/469 1384/32/440
f 1369/17/602 1392/40/447 1391/39/446
f 1391/39/446 1421/73/474 1369/17/602
f 1373/21/429 1396/44/450 1395/43/449
f 1395/43/449 1422/74/475 1373/21/429
f 1381/29/605 1400/48/454 1399/47/453
f 1399/47/453 1423/75/476 1381/29/605
f 1377/25/433 1404/52/458 1403/51/606
f 1403/51/606 1424/76/477 1377/25/433
f 1421/73/474 1391/39/446 1406/54/459
f 1406/54/459 1425/77/478 1421/73/474
f 1422/74/475 1395/43/449 1366/14/423
f 1366/14/423 1365/13/422 1422/74/475
f 1423/75/476 1399/47/453 1409/57/462
f 1409/57/462 1426/78/479 1423/75/476
f 1424/76/477 1403/51/606 1411/59/464
f 1411/59/464 1427/79/480 1424/76/477
f 1428/80/481 1419/71/472 1429/81/482
f 1429/81/482 1430/82/483 1428/80/481
f 1426/78/479 1431/83/484 1432/84/485
f 1432/84/485 1433/85/486 1426/78/479
f 1404/52/458 1388/70/444 1387/86/443
f 1387/86/443 1401/49/455 1404/52/458
f 1393/41/438 1434/87/487 1383/31/439
f 1383/31/439 1382/30/438 1393/41/438
f 1435/88/488 1436/89/489 1386/34/442
f 1386/34/442 1437/90/490 1435/88/488
f 1382/30/438 1381/29/605 1423/75/476
f 1423/75/476 1438/91/448 1382/30/438
f 1370/18/426 1439/92/491 1402/50/456
f 1402/50/456 1401/49/455 1370/18/426
f 1423/75/476 1426/78/479 1433/85/486
f 1433/85/486 1438/91/448 1423/75/476
f 1439/92/491 1440/93/492 1410/58/463
f 1410/58/463 1402/50/456 1439/92/491
f 1430/82/483 1429/81/482 1362/10/419
f 1362/10/419 1361/9/418 1430/82/483
f 1433/85/486 1432/84/485 1441/94/493
f 1441/94/493 1407/55/460 1433/85/486
f 1401/49/455 1387/86/443 1371/19/427
f 1371/19/427 1370/18/426 1401/49/455
f 1382/30/438 1438/91/448 1394/42/448
f 1394/42/448 1393/41/438 1382/30/438
f 1438/91/448 1433/85/486 1407/55/460
f 1407/55/460 1394/42/448 1438/91/448
f 1396/44/450 1417/68/470 1434/87/487
f 1434/87/487 1393/41/438 1396/44/450
f 1442/95/494 1418/96/471 1436/89/489
f 1436/89/489 1435/88/488 1442/95/494
f 1370/18/426 1369/17/602 1421/73/474
f 1421/73/474 1439/92/491 1370/18/426
f 1421/73/474 1425/77/478 1440/93/492
f 1440/93/492 1439/92/491 1421/73/474
f 1443/97/495 1444/98/496 1354/2/411
f 1354/2/411 1353/1/410 1443/97/495
f 1379/27/435 1445/99/497 1446/100/498
f 1446/100/498 1358/6/415 1379/27/435
f 1406/54/459 1405/53/424 1447/101/15
f 1447/101/15 1425/77/478 1406/54/459
f 1392/40/447 1414/64/467 1448/102/499
f 1448/102/499 1389/37/430 1392/40/447
f 1397/45/451 1445/99/497 1379/27/435
f 1379/27/435 1378/26/434 1397/45/451
f 1374/22/430 1449/103/445 1390/38/445
f 1390/38/445 1389/37/430 1374/22/430
f 1378/26/434 1377/25/433 1424/76/477
f 1424/76/477 1450/104/500 1378/26/434
f 1449/103/445 1368/16/424 1405/53/424
f 1405/53/424 1390/38/445 1449/103/445
f 1424/76/477 1427/79/480 1451/105/501
f 1451/105/501 1450/104/500 1424/76/477
f 1410/58/463 1452/106/502 1453/107/503
f 1453/107/503 1411/59/464 1410/58/463
f 1410/58/463 1440/93/492 1454/108/504
f 1454/108/504 1452/106/502 1410/58/463
f 1405/53/424 1368/16/424 1367/15/15
f 1367/15/15 1447/101/15 1405/53/424
f 1389/37/430 1448/102/499 1375/23/431
f 1375/23/431 1374/22/430 1389/37/430
f 1378/26/434 1450/104/500 1398/46/452
f 1398/46/452 1397/45/451 1378/26/434
f 1450/104/500 1451/105/501 1408/56/461
f 1408/56/461 1398/46/452 1450/104/500
f 1452/106/502 1432/84/485 1431/83/484
f 1431/83/484 1453/107/503 1452/106/502
f 1432/84/485 1452/106/502 1454/108/504
f 1454/108/504 1441/94/493 1432/84/485
f 1443/97/495 1413/63/466 1412/62/611
f 1412/62/611 1444/98/496 1443/97/495
f 1445/99/497 1416/67/469 1420/72/473
f 1420/72/473 1446/100/498 1445/99/497
f 1400/48/454 1416/67/469 1445/99/497
f 1445/99/497 1397/45/451 1400/48/454
f 1374/22/430 1373/21/429 1422/74/475
f 1422/74/475 1449/103/445 1374/22/430
f 1422/74/475 1365/13/422 1368/16/424
f 1368/16/424 1449/103/445 1422/74/475
f 1354/2/411 1448/102/499 1414/64/467
f 1414/64/467 1355/3/601 1354/2/411
f 1380/28/604 1379/27/435 1358/6/415
f 1358/6/415 1357/5/414 1380/28/604
f 1434/109/487 1417/110/470 1363/11/420
f 1363/11/420 1362/10/419 1434/109/487
f 1415/111/468 1437/90/490 1386/34/442
f 1386/34/442 1385/33/441 1415/111/468
f 1417/68/470 1376/24/432 1412/62/611
f 1412/62/611 1363/61/420 1417/68/470
f 1388/70/444 1380/28/604 1357/5/414
f 1357/5/414 1385/66/441 1388/70/444
f 1442/112/494 1356/4/413 1355/3/601
f 1355/3/601 1418/69/471 1442/112/494
f 1428/80/481 1455/113/505 1420/72/473
f 1420/72/473 1419/71/472 1428/80/481
f 1384/32/440 1383/114/439 1429/81/482
f 1429/81/482 1419/71/472 1384/32/440
f 1371/115/427 1387/35/443 1386/34/442
f 1386/34/442 1436/89/489 1371/115/427
f 1383/114/439 1434/109/487 1362/10/419
f 1362/10/419 1429/81/482 1383/114/439
f 1372/116/603 1371/115/427 1436/89/489
f 1436/89/489 1418/96/471 1372/116/603
f 1375/23/431 1448/102/499 1354/2/411
f 1354/2/411 1444/98/496 1375/23/431
f 1456/117/506 1359/7/416 1358/6/415
f 1358/6/415 1446/100/498 1456/117/506
f 1376/24/432 1375/23/431 1444/98/496
f 1444/98/496 1412/62/611 1376/24/432
f 1455/113/505 1456/117/506 1446/100/498
f 1446/100/498 1420/72/473 1455/113/505
f 1407/55/460 1441/94/493 1367/15/15
f 1367/15/15 1366/14/423 1407/55/460
f 1441/94/493 1454/108/504 1447/101/15
f 1447/101/15 1367/15/15 1441/94/493
f 1454/108/504 1440/93/492 1425/77/478
f 1425/77/478 1447/101/15 1454/108/504
f 1409/57/462 1408/56/461 1431/83/484
f 1431/83/484 1426/78/479 1409/57/462
f 1408/56/461 1451/105/501 1453/107/503
f 1453/107/503 1431/83/484 1408/56/461
f 1453/107/503 1451/105/501 1427/79/480
f 1427/79/480 1411/59/464 1453/107/503
