# Blender 4.5.0
# www.blender.org
g medium_wall.xml.038_Mesh
v 284.343140 -37.909874 -96.727722
v 284.751190 -30.186687 -96.748497
v 284.656677 -30.186684 -97.193962
v 284.467072 -37.909874 -97.272873
v 288.865265 -30.186684 -97.143616
v 288.955902 -30.186684 -96.755997
v 289.054871 -37.909874 -96.862564
v 289.054871 -37.909874 -97.272873
v 285.467834 -37.909874 -87.925819
v 285.730499 -30.186684 -87.998215
v 284.808655 -30.186687 -88.015503
v 284.619019 -37.909874 -87.960381
v 285.427856 -22.552700 -88.437515
v 285.568054 -22.552700 -88.395798
v 285.568054 -22.552700 -88.683662
v 285.427856 -22.552700 -88.683014
v 285.136536 -22.184761 -97.143082
v 285.993164 -22.184761 -97.143082
v 285.993164 -22.463493 -97.205200
v 284.998291 -22.463493 -97.205200
v 284.984283 -22.184761 -88.282059
v 284.984283 -22.184761 -88.638496
v 284.846283 -22.463490 -88.637856
v 284.846283 -22.463490 -88.221222
v 288.537659 -22.184761 -97.054207
v 288.537659 -22.184761 -96.649437
v 288.675659 -22.463493 -96.649437
v 288.675659 -22.463493 -97.115044
v 288.385376 -22.184761 -88.193192
v 287.528412 -22.184761 -88.193192
v 287.528412 -22.463490 -88.131073
v 288.523621 -22.463490 -88.131073
v 288.575684 -30.186684 -97.290543
v 287.791077 -30.186684 -97.290543
v 286.795349 -22.572571 -97.205200
v 288.523621 -22.463493 -97.205200
v 284.984283 -22.184761 -96.649437
v 285.285248 -22.061741 -96.649437
v 285.285248 -22.061741 -96.930527
v 284.984283 -22.184761 -97.054207
v 285.993164 -22.184757 -88.193192
v 285.993164 -22.061741 -88.328651
v 285.437408 -22.061741 -88.328651
v 285.136536 -22.184761 -88.193192
v 288.537659 -22.225754 -88.659370
v 288.236694 -22.102734 -88.657982
v 288.236694 -22.061741 -88.405746
v 288.537659 -22.184761 -88.282059
v 286.795349 -22.293842 -97.143082
v 286.795349 -22.170818 -97.007614
v 288.084534 -22.061741 -97.007614
v 288.385376 -22.184761 -97.143082
v 285.427856 -22.552700 -96.608177
v 285.427856 -22.552700 -96.897003
v 286.081177 -22.552700 -88.395798
v 288.077087 -22.593693 -88.699707
v 288.077087 -22.552700 -88.437515
v 286.746979 -22.661781 -96.938721
v 287.936890 -22.552700 -96.938721
v 284.656677 -30.186687 -88.112076
v 284.467072 -37.909874 -88.063393
v 284.846283 -22.463493 -97.115044
v 288.602448 -37.909874 -97.413582
v 288.675659 -22.463490 -88.221222
v 284.998291 -22.463490 -88.131073
v 284.808655 -30.186687 -97.290543
v 288.713287 -30.186684 -88.015503
v 288.865265 -30.186684 -88.112076
v 285.437408 -22.061741 -97.007614
v 285.285248 -22.061741 -88.405746
v 288.084534 -22.061741 -88.328651
v 288.236694 -22.061741 -96.930527
v 285.568054 -22.552700 -96.938721
v 287.936890 -22.552700 -88.395798
v 288.077087 -22.552700 -96.897003
v 288.902924 -37.909874 -87.960381
v 287.791077 -30.186684 -88.015503
v 288.053741 -37.909874 -87.960381
v 287.937561 -22.593693 -88.699066
v 287.423462 -22.593693 -88.696693
v 287.423462 -22.552700 -88.395798
v 285.993164 -22.463490 -88.131073
v 285.467834 -37.909874 -97.407188
v 285.730499 -30.186687 -97.290543
v 288.053741 -37.909874 -97.375885
v 287.528412 -22.061741 -88.328651
v 285.993164 -22.061741 -97.007614
v 286.081177 -22.552700 -96.938721
v 286.081177 -22.552700 -88.686028
v 284.619019 -37.909874 -97.375885
v 284.467072 -37.909874 -88.417938
v 284.656677 -30.186687 -88.527901
v 288.675659 -22.504482 -88.660011
v 288.819855 -30.186684 -88.821075
v 285.568054 -22.552700 -96.608177
v 284.846283 -22.463493 -96.649437
v 285.285248 -22.061741 -88.639885
v 288.236694 -22.061741 -96.649437
v 288.077087 -22.552700 -96.608177
v 286.746979 -22.661781 -96.608177
v 287.937073 -22.564182 -96.608177
v 286.081177 -22.552700 -96.608177
v 289.054871 -37.909874 -88.124916
v 288.964050 -37.909874 -88.982140
v 277.293121 -48.707832 -103.797119
v 277.701172 -42.216934 -103.817894
v 277.606659 -42.216934 -104.263359
v 277.417053 -48.707832 -104.342270
v 281.815247 -42.216934 -104.213013
v 281.905884 -42.216934 -103.825394
v 282.004852 -48.707832 -103.931961
v 282.004852 -48.707832 -104.342270
v 278.417816 -48.707832 -94.995216
v 278.680481 -42.216934 -95.067612
v 277.758636 -42.216934 -95.084900
v 277.569000 -48.707832 -95.029778
v 278.377838 -35.801006 -95.506912
v 278.518036 -35.801006 -95.465195
v 278.518036 -35.801006 -95.753059
v 278.377838 -35.801006 -95.752411
v 278.086517 -35.491776 -104.212479
v 278.943146 -35.491776 -104.212479
v 278.943146 -35.726032 -104.274597
v 277.948273 -35.726032 -104.274597
v 277.934265 -35.491776 -95.351456
v 277.934265 -35.491776 -95.707893
v 277.796265 -35.726032 -95.707253
v 277.796265 -35.726032 -95.290619
v 281.487640 -35.491776 -104.123604
v 281.487640 -35.491776 -103.718834
v 281.625641 -35.726032 -103.718834
v 281.625641 -35.726032 -104.184441
v 281.335358 -35.491776 -95.262589
v 280.478394 -35.491776 -95.262589
v 280.478394 -35.726032 -95.200470
v 281.473602 -35.726032 -95.200470
v 281.525665 -42.216934 -104.359940
v 280.741058 -42.216934 -104.359940
v 279.745331 -35.817707 -104.274597
v 281.473602 -35.726032 -104.274597
v 277.934265 -35.491776 -103.718834
v 278.235229 -35.388382 -103.718834
v 278.235229 -35.388382 -103.999924
v 277.934265 -35.491776 -104.123604
v 278.943146 -35.491772 -95.262589
v 278.943146 -35.388382 -95.398048
v 278.387390 -35.388382 -95.398048
v 278.086517 -35.491776 -95.262589
v 281.487640 -35.526226 -95.728767
v 281.186676 -35.422836 -95.727379
v 281.186676 -35.388382 -95.475143
v 281.487640 -35.491776 -95.351456
v 279.745331 -35.583450 -104.212479
v 279.745331 -35.480057 -104.077011
v 281.034515 -35.388382 -104.077011
v 281.335358 -35.491776 -104.212479
v 278.377838 -35.801006 -103.677574
v 278.377838 -35.801006 -103.966400
v 279.031158 -35.801006 -95.465195
v 281.027069 -35.835461 -95.769104
v 281.027069 -35.801006 -95.506912
v 279.696960 -35.892681 -104.008118
v 280.886871 -35.801006 -104.008118
v 277.606659 -42.216934 -95.181473
v 277.417053 -48.707832 -95.132790
v 277.796265 -35.726032 -104.184441
v 281.552429 -48.707832 -104.482979
v 281.625641 -35.726032 -95.290619
v 277.948273 -35.726032 -95.200470
v 277.758636 -42.216934 -104.359940
v 281.663269 -42.216930 -95.084900
v 281.815247 -42.216930 -95.181473
v 278.387390 -35.388382 -104.077011
v 278.235229 -35.388382 -95.475143
v 281.034485 -35.388382 -95.398048
v 281.186676 -35.388382 -103.999924
v 278.518036 -35.801006 -104.008118
v 280.886871 -35.801006 -95.465195
v 281.027069 -35.801006 -103.966400
v 281.852905 -48.707829 -95.029778
v 280.741058 -42.216934 -95.084900
v 281.003723 -48.707829 -95.029778
v 280.887543 -35.835461 -95.768463
v 280.373444 -35.835461 -95.766090
v 280.373444 -35.801006 -95.465195
v 278.943146 -35.726032 -95.200470
v 278.417816 -48.707832 -104.476585
v 278.680481 -42.216934 -104.359940
v 281.003723 -48.707832 -104.445282
v 280.478394 -35.388382 -95.398048
v 278.943146 -35.388382 -104.077011
v 279.031158 -35.801006 -104.008118
v 279.031158 -35.801006 -95.755424
v 277.569000 -48.707832 -104.445282
v 277.417053 -48.707832 -95.487335
v 277.606659 -42.216934 -95.597298
v 281.625641 -35.760483 -95.729408
v 281.769836 -42.216930 -95.890472
v 278.518036 -35.801006 -103.677574
v 277.796265 -35.726032 -103.718834
v 278.235229 -35.388382 -95.709282
v 281.186676 -35.388382 -103.718834
v 281.027069 -35.801006 -103.677574
v 279.696960 -35.892681 -103.677574
v 280.887054 -35.810658 -103.677574
v 279.031158 -35.801006 -103.677574
v 282.004852 -48.707832 -95.194313
v 281.914032 -48.707832 -96.051537
v 284.342133 -37.911964 9.240681
v 284.750183 -30.188778 9.219898
v 284.655670 -30.188774 8.774433
v 284.466064 -37.911964 8.695515
v 288.864258 -30.188774 8.824787
v 288.954895 -30.188774 9.212406
v 289.053864 -37.911964 9.105839
v 289.053864 -37.911964 8.695515
v 285.466827 -37.911964 18.042576
v 285.729492 -30.188774 17.970188
v 284.807648 -30.188778 17.952900
v 284.618011 -37.911964 18.008015
v 285.426849 -22.554790 17.530888
v 285.567047 -22.554790 17.572605
v 285.567047 -22.554790 17.284733
v 285.426849 -22.554790 17.285389
v 285.135529 -22.186852 8.825321
v 285.992157 -22.186852 8.825321
v 285.992157 -22.465584 8.763203
v 284.997284 -22.465584 8.763203
v 284.983276 -22.186852 17.686329
v 284.983276 -22.186852 17.329899
v 284.845276 -22.465580 17.330540
v 284.845276 -22.465580 17.747166
v 288.536652 -22.186852 8.914188
v 288.536652 -22.186852 9.318958
v 288.674652 -22.465584 9.318958
v 288.674652 -22.465584 8.853352
v 288.384369 -22.186852 17.775211
v 287.527405 -22.186852 17.775211
v 287.527405 -22.465580 17.837330
v 288.522614 -22.465580 17.837330
v 288.574677 -30.188774 8.677860
v 287.790070 -30.188774 8.677860
v 286.794342 -22.574661 8.763203
v 288.522614 -22.465584 8.763203
v 284.983276 -22.186852 9.318958
v 285.284241 -22.063831 9.318958
v 285.284241 -22.063831 9.037876
v 284.983276 -22.186852 8.914188
v 285.992157 -22.186848 17.775211
v 285.992157 -22.063831 17.639744
v 285.436401 -22.063831 17.639744
v 285.135529 -22.186852 17.775211
v 288.536652 -22.227844 17.309025
v 288.235687 -22.104824 17.310413
v 288.235687 -22.063831 17.562656
v 288.536652 -22.186852 17.686329
v 286.794342 -22.295933 8.825321
v 286.794342 -22.172909 8.960789
v 288.083527 -22.063831 8.960789
v 288.384369 -22.186852 8.825321
v 285.426849 -22.554790 9.360218
v 285.426849 -22.554790 9.071400
v 286.080170 -22.554790 17.572605
v 288.076080 -22.595783 17.268681
v 288.076080 -22.554790 17.530888
v 286.745972 -22.663872 9.029682
v 287.935883 -22.554790 9.029682
v 284.655670 -30.188778 17.856312
v 284.466064 -37.911964 17.905003
v 284.845276 -22.465584 8.853352
v 288.601440 -37.911964 8.554813
v 288.674652 -22.465580 17.747166
v 284.997284 -22.465580 17.837330
v 284.807648 -30.188778 8.677860
v 288.712280 -30.188774 17.952900
v 288.864258 -30.188774 17.856312
v 285.436401 -22.063831 8.960789
v 285.284241 -22.063831 17.562656
v 288.083496 -22.063831 17.639744
v 288.235687 -22.063831 9.037876
v 285.567047 -22.554790 9.029682
v 287.935883 -22.554790 17.572605
v 288.076080 -22.554790 9.071400
v 288.901917 -37.911964 18.008015
v 287.790070 -30.188774 17.952900
v 288.052734 -37.911964 18.008015
v 287.936554 -22.595783 17.269337
v 287.422455 -22.595783 17.271702
v 287.422455 -22.554790 17.572605
v 285.992157 -22.465580 17.837330
v 285.466827 -37.911964 8.561207
v 285.729492 -30.188778 8.677860
v 288.052734 -37.911964 8.592518
v 287.527405 -22.063831 17.639744
v 285.992157 -22.063831 8.960789
v 286.080170 -22.554790 9.029682
v 286.080170 -22.554790 17.282368
v 284.618011 -37.911964 8.592518
v 284.466064 -37.911964 17.550465
v 284.655670 -30.188778 17.440495
v 288.674652 -22.506573 17.308384
v 288.818848 -30.188774 17.147327
v 285.567047 -22.554790 9.360218
v 284.845276 -22.465584 9.318958
v 285.284241 -22.063831 17.328510
v 288.235687 -22.063831 9.318958
v 288.076080 -22.554790 9.360218
v 286.745972 -22.663872 9.360218
v 287.936066 -22.566273 9.360218
v 286.080170 -22.554790 9.360218
v 289.053864 -37.911964 17.843479
v 288.963043 -37.911964 16.986256
v 284.342133 -37.911968 -5.908936
v 284.750183 -30.188778 -5.929710
v 284.655670 -30.188778 -6.375175
v 284.466064 -37.911968 -6.454094
v 288.864258 -30.188778 -6.324829
v 288.954895 -30.188778 -5.937210
v 289.053864 -37.911968 -6.043777
v 289.053864 -37.911968 -6.454094
v 285.466827 -37.911964 2.892963
v 285.729492 -30.188778 2.820576
v 284.807648 -30.188778 2.803288
v 284.618011 -37.911964 2.858402
v 285.426849 -22.554794 2.381275
v 285.567047 -22.554794 2.422993
v 285.567047 -22.554794 2.135120
v 285.426849 -22.554794 2.135777
v 285.135529 -22.186855 -6.324295
v 285.992157 -22.186855 -6.324295
v 285.992157 -22.465584 -6.386414
v 284.997284 -22.465584 -6.386414
v 284.983276 -22.186852 2.536732
v 284.983276 -22.186852 2.180286
v 284.845276 -22.465584 2.180927
v 284.845276 -22.465584 2.597553
v 288.536652 -22.186855 -6.235420
v 288.536652 -22.186855 -5.830650
v 288.674652 -22.465584 -5.830650
v 288.674652 -22.465584 -6.296257
v 288.384369 -22.186852 2.625599
v 287.527405 -22.186852 2.625599
v 287.527405 -22.465584 2.687717
v 288.522614 -22.465584 2.687717
v 288.574677 -30.188778 -6.471756
v 287.790070 -30.188778 -6.471756
v 286.794342 -22.574661 -6.386414
v 288.522614 -22.465584 -6.386414
v 284.983276 -22.186855 -5.830650
v 285.284241 -22.063831 -5.830650
v 285.284241 -22.063831 -6.111740
v 284.983276 -22.186855 -6.235420
v 285.992157 -22.186852 2.625599
v 285.992157 -22.063831 2.490131
v 285.436401 -22.063831 2.490131
v 285.135529 -22.186852 2.625599
v 288.536652 -22.227848 2.159412
v 288.235687 -22.104824 2.160801
v 288.235687 -22.063831 2.413044
v 288.536652 -22.186852 2.536732
v 286.794342 -22.295933 -6.324295
v 286.794342 -22.172913 -6.188828
v 288.083527 -22.063831 -6.188828
v 288.384369 -22.186855 -6.324295
v 285.426849 -22.554794 -5.789391
v 285.426849 -22.554794 -6.078217
v 286.080170 -22.554794 2.422993
v 288.076080 -22.595787 2.119083
v 288.076080 -22.554794 2.381275
v 286.745972 -22.663872 -6.119934
v 287.935883 -22.554794 -6.119934
v 284.655670 -30.188778 2.706699
v 284.466064 -37.911964 2.755390
v 284.845276 -22.465584 -6.296257
v 288.601440 -37.911964 -6.594795
v 288.674652 -22.465584 2.597553
v 284.997284 -22.465584 2.687717
v 284.807648 -30.188778 -6.471756
v 288.712280 -30.188774 2.803288
v 288.864258 -30.188774 2.706699
v 285.436401 -22.063831 -6.188828
v 285.284241 -22.063831 2.413044
v 288.083496 -22.063831 2.490131
v 288.235687 -22.063831 -6.111740
v 285.567047 -22.554794 -6.119934
v 287.935883 -22.554794 2.422993
v 288.076080 -22.554794 -6.078217
v 288.901917 -37.911964 2.858402
v 287.790070 -30.188778 2.803288
v 288.052734 -37.911964 2.858402
v 287.936554 -22.595787 2.119724
v 287.422455 -22.595787 2.122089
v 287.422455 -22.554794 2.422993
v 285.992157 -22.465584 2.687717
v 285.466827 -37.911968 -6.588402
v 285.729492 -30.188778 -6.471756
v 288.052734 -37.911964 -6.557098
v 287.527405 -22.063831 2.490131
v 285.992157 -22.063831 -6.188828
v 286.080170 -22.554794 -6.119934
v 286.080170 -22.554794 2.132755
v 284.618011 -37.911968 -6.557098
v 284.466064 -37.911964 2.400852
v 284.655670 -30.188778 2.290882
v 288.674652 -22.506577 2.158772
v 288.818848 -30.188774 1.997715
v 285.567047 -22.554794 -5.789391
v 284.845276 -22.465584 -5.830650
v 285.284241 -22.063831 2.178898
v 288.235687 -22.063831 -5.830650
v 288.076080 -22.554794 -5.789391
v 286.745972 -22.663872 -5.789391
v 287.936066 -22.566277 -5.789391
v 286.080170 -22.554794 -5.789391
v 289.053864 -37.911964 2.693867
v 288.963043 -37.911964 1.836643
v 277.292145 -48.709927 1.929661
v 277.700195 -42.219028 1.908894
v 277.605682 -42.219028 1.463428
v 277.416077 -48.709927 1.384510
v 281.814270 -42.219028 1.513767
v 281.904907 -42.219028 1.901386
v 282.003876 -48.709927 1.794819
v 282.003876 -48.709927 1.384510
v 278.416840 -48.709927 10.731571
v 278.679504 -42.219028 10.659168
v 277.757660 -42.219028 10.641880
v 277.568024 -48.709927 10.697010
v 278.376862 -35.803101 10.219868
v 278.517059 -35.803101 10.261585
v 278.517059 -35.803101 9.973728
v 278.376862 -35.803101 9.974369
v 278.085541 -35.493870 1.514301
v 278.942169 -35.493870 1.514301
v 278.942169 -35.728127 1.452183
v 277.947296 -35.728127 1.452183
v 277.933289 -35.493870 10.375324
v 277.933289 -35.493870 10.018894
v 277.795288 -35.728127 10.019535
v 277.795288 -35.728127 10.436161
v 281.486664 -35.493870 1.603184
v 281.486664 -35.493870 2.007954
v 281.624664 -35.728127 2.007954
v 281.624664 -35.728127 1.542347
v 281.334381 -35.493870 10.464191
v 280.477417 -35.493870 10.464191
v 280.477417 -35.728127 10.526310
v 281.472626 -35.728127 10.526310
v 281.524689 -42.219028 1.366840
v 280.740082 -42.219028 1.366840
v 279.744354 -35.819801 1.452183
v 281.472626 -35.728127 1.452183
v 277.933289 -35.493870 2.007954
v 278.234253 -35.390476 2.007954
v 278.234253 -35.390476 1.726856
v 277.933289 -35.493870 1.603184
v 278.942169 -35.493866 10.464191
v 278.942169 -35.390476 10.328739
v 278.386414 -35.390476 10.328739
v 278.085541 -35.493870 10.464191
v 281.486664 -35.528320 9.998020
v 281.185699 -35.424931 9.999409
v 281.185699 -35.390476 10.251637
v 281.486664 -35.493870 10.375324
v 279.744354 -35.585545 1.514301
v 279.744354 -35.482151 1.649769
v 281.033539 -35.390476 1.649769
v 281.334381 -35.493870 1.514301
v 278.376862 -35.803101 2.049213
v 278.376862 -35.803101 1.760380
v 279.030182 -35.803101 10.261585
v 281.026093 -35.837555 9.957676
v 281.026093 -35.803101 10.219868
v 279.695984 -35.894775 1.718662
v 280.885895 -35.803101 1.718662
v 277.605682 -42.219028 10.545307
v 277.416077 -48.709927 10.593998
v 277.795288 -35.728127 1.542347
v 281.551453 -48.709923 1.243809
v 281.624664 -35.728127 10.436161
v 277.947296 -35.728127 10.526310
v 277.757660 -42.219028 1.366840
v 281.662292 -42.219025 10.641880
v 281.814270 -42.219025 10.545307
v 278.386414 -35.390476 1.649769
v 278.234253 -35.390476 10.251637
v 281.033508 -35.390476 10.328739
v 281.185699 -35.390476 1.726856
v 278.517059 -35.803101 1.718662
v 280.885895 -35.803101 10.261585
v 281.026093 -35.803101 1.760380
v 281.851929 -48.709923 10.697010
v 280.740082 -42.219028 10.641880
v 281.002747 -48.709923 10.697010
v 280.886566 -35.837555 9.958317
v 280.372467 -35.837555 9.960697
v 280.372467 -35.803101 10.261585
v 278.942169 -35.728127 10.526310
v 278.416840 -48.709927 1.250202
v 278.679504 -42.219028 1.366840
v 281.002747 -48.709923 1.281498
v 280.477417 -35.390476 10.328739
v 278.942169 -35.390476 1.649769
v 279.030182 -35.803101 1.718662
v 279.030182 -35.803101 9.971363
v 277.568024 -48.709927 1.281498
v 277.416077 -48.709927 10.239445
v 277.605682 -42.219028 10.129490
v 281.624664 -35.762577 9.997379
v 281.768860 -42.219025 9.836308
v 278.517059 -35.803101 2.049213
v 277.795288 -35.728127 2.007954
v 278.234253 -35.390476 10.017506
v 281.185699 -35.390476 2.007954
v 281.026093 -35.803101 2.049213
v 279.695984 -35.894775 2.049213
v 280.886078 -35.812752 2.049213
v 279.030182 -35.803101 2.049213
v 282.003876 -48.709927 10.532475
v 281.913055 -48.709927 9.675251
v 284.342133 -37.911968 -21.028015
v 284.750183 -30.188782 -21.048790
v 284.655670 -30.188778 -21.494255
v 284.466064 -37.911968 -21.573174
v 288.864258 -30.188778 -21.443909
v 288.954895 -30.188778 -21.056297
v 289.053864 -37.911968 -21.162857
v 289.053864 -37.911968 -21.573174
v 285.466827 -37.911968 -12.226112
v 285.729492 -30.188778 -12.298508
v 284.807648 -30.188782 -12.315796
v 284.618011 -37.911968 -12.260674
v 285.426849 -22.554794 -12.737808
v 285.567047 -22.554794 -12.696091
v 285.567047 -22.554794 -12.983955
v 285.426849 -22.554794 -12.983307
v 285.135529 -22.186855 -21.443375
v 285.992157 -22.186855 -21.443375
v 285.992157 -22.465588 -21.505486
v 284.997284 -22.465588 -21.505486
v 284.983276 -22.186855 -12.582352
v 284.983276 -22.186855 -12.938789
v 284.845276 -22.465584 -12.938148
v 284.845276 -22.465584 -12.521523
v 288.536652 -22.186855 -21.354500
v 288.536652 -22.186855 -20.949730
v 288.674652 -22.465588 -20.949730
v 288.674652 -22.465588 -21.415337
v 288.384369 -22.186855 -12.493484
v 287.527405 -22.186855 -12.493484
v 287.527405 -22.465584 -12.431366
v 288.522614 -22.465584 -12.431366
v 288.574677 -30.188778 -21.590836
v 287.790070 -30.188778 -21.590836
v 286.794342 -22.574665 -21.505486
v 288.522614 -22.465588 -21.505486
v 284.983276 -22.186855 -20.949730
v 285.284241 -22.063835 -20.949730
v 285.284241 -22.063835 -21.230820
v 284.983276 -22.186855 -21.354500
v 285.992157 -22.186852 -12.493484
v 285.992157 -22.063835 -12.628944
v 285.436401 -22.063835 -12.628944
v 285.135529 -22.186855 -12.493484
v 288.536652 -22.227848 -12.959663
v 288.235687 -22.104828 -12.958275
v 288.235687 -22.063835 -12.706039
v 288.536652 -22.186855 -12.582352
v 286.794342 -22.295937 -21.443375
v 286.794342 -22.172913 -21.307907
v 288.083527 -22.063835 -21.307907
v 288.384369 -22.186855 -21.443375
v 285.426849 -22.554794 -20.908470
v 285.426849 -22.554794 -21.197296
v 286.080170 -22.554794 -12.696091
v 288.076080 -22.595787 -13.000000
v 288.076080 -22.554794 -12.737808
v 286.745972 -22.663876 -21.239014
v 287.935883 -22.554794 -21.239014
v 284.655670 -30.188782 -12.412376
v 284.466064 -37.911968 -12.363686
v 284.845276 -22.465588 -21.415337
v 288.601440 -37.911968 -21.713875
v 288.674652 -22.465584 -12.521523
v 284.997284 -22.465584 -12.431366
v 284.807648 -30.188782 -21.590836
v 288.712280 -30.188778 -12.315796
v 288.864258 -30.188778 -12.412376
v 285.436401 -22.063835 -21.307907
v 285.284241 -22.063835 -12.706039
v 288.083496 -22.063835 -12.628944
v 288.235687 -22.063835 -21.230820
v 285.567047 -22.554794 -21.239014
v 287.935883 -22.554794 -12.696091
v 288.076080 -22.554794 -21.197296
v 288.901917 -37.911964 -12.260674
v 287.790070 -30.188778 -12.315796
v 288.052734 -37.911964 -12.260674
v 287.936554 -22.595787 -12.999359
v 287.422455 -22.595787 -12.996986
v 287.422455 -22.554794 -12.696091
v 285.992157 -22.465584 -12.431366
v 285.466827 -37.911968 -21.707481
v 285.729492 -30.188782 -21.590836
v 288.052734 -37.911968 -21.676178
v 287.527405 -22.063835 -12.628944
v 285.992157 -22.063835 -21.307907
v 286.080170 -22.554794 -21.239014
v 286.080170 -22.554794 -12.986320
v 284.618011 -37.911968 -21.676178
v 284.466064 -37.911968 -12.718231
v 284.655670 -30.188782 -12.828194
v 288.674652 -22.506577 -12.960304
v 288.818848 -30.188778 -13.121368
v 285.567047 -22.554794 -20.908470
v 284.845276 -22.465588 -20.949730
v 285.284241 -22.063835 -12.940178
v 288.235687 -22.063835 -20.949730
v 288.076080 -22.554794 -20.908470
v 286.745972 -22.663876 -20.908470
v 287.936066 -22.566277 -20.908470
v 286.080170 -22.554794 -20.908470
v 289.053864 -37.911968 -12.425209
v 288.963043 -37.911968 -13.282433
v 284.342133 -37.911968 -36.177616
v 284.750183 -30.188782 -36.198395
v 284.655670 -30.188778 -36.643856
v 284.466064 -37.911968 -36.722771
v 288.864258 -30.188778 -36.593506
v 288.954895 -30.188778 -36.205894
v 289.053864 -37.911968 -36.312454
v 289.053864 -37.911968 -36.722771
v 285.466827 -37.911968 -27.375710
v 285.729492 -30.188778 -27.448112
v 284.807648 -30.188782 -27.465393
v 284.618011 -37.911968 -27.410278
v 285.426849 -22.554794 -27.887405
v 285.567047 -22.554794 -27.845688
v 285.567047 -22.554794 -28.133553
v 285.426849 -22.554794 -28.132904
v 285.135529 -22.186855 -36.592976
v 285.992157 -22.186855 -36.592976
v 285.992157 -22.465588 -36.655090
v 284.997284 -22.465588 -36.655090
v 284.983276 -22.186855 -27.731956
v 284.983276 -22.186855 -28.088387
v 284.845276 -22.465584 -28.087753
v 284.845276 -22.465584 -27.671120
v 288.536652 -22.186855 -36.504105
v 288.536652 -22.186855 -36.099331
v 288.674652 -22.465588 -36.099331
v 288.674652 -22.465588 -36.564938
v 288.384369 -22.186855 -27.643082
v 287.527405 -22.186855 -27.643082
v 287.527405 -22.465584 -27.580971
v 288.522614 -22.465584 -27.580971
v 288.574677 -30.188778 -36.740437
v 287.790070 -30.188778 -36.740437
v 286.794342 -22.574665 -36.655090
v 288.522614 -22.465588 -36.655090
v 284.983276 -22.186855 -36.099331
v 285.284241 -22.063835 -36.099331
v 285.284241 -22.063835 -36.380421
v 284.983276 -22.186855 -36.504105
v 285.992157 -22.186852 -27.643082
v 285.992157 -22.063835 -27.778549
v 285.436401 -22.063835 -27.778549
v 285.135529 -22.186855 -27.643082
v 288.536652 -22.227848 -28.109261
v 288.235687 -22.104828 -28.107872
v 288.235687 -22.063835 -27.855637
v 288.536652 -22.186855 -27.731956
v 286.794342 -22.295937 -36.592976
v 286.794342 -22.172913 -36.457512
v 288.083527 -22.063835 -36.457512
v 288.384369 -22.186855 -36.592976
v 285.426849 -22.554794 -36.058075
v 285.426849 -22.554794 -36.346897
v 286.080170 -22.554794 -27.845688
v 288.076080 -22.595787 -28.149605
v 288.076080 -22.554794 -27.887405
v 286.745972 -22.663876 -36.388615
v 287.935883 -22.554794 -36.388615
v 284.655670 -30.188782 -27.561974
v 284.466064 -37.911968 -27.513283
v 284.845276 -22.465588 -36.564938
v 288.601440 -37.911968 -36.863476
v 288.674652 -22.465584 -27.671120
v 284.997284 -22.465584 -27.580971
v 284.807648 -30.188782 -36.740437
v 288.712280 -30.188778 -27.465393
v 288.864258 -30.188778 -27.561974
v 285.436401 -22.063835 -36.457512
v 285.284241 -22.063835 -27.855637
v 288.083496 -22.063835 -27.778549
v 288.235687 -22.063835 -36.380421
v 285.567047 -22.554794 -36.388615
v 287.935883 -22.554794 -27.845688
v 288.076080 -22.554794 -36.346897
v 288.901917 -37.911964 -27.410278
v 287.790070 -30.188778 -27.465393
v 288.052734 -37.911964 -27.410278
v 287.936554 -22.595787 -28.148956
v 287.422455 -22.595787 -28.146584
v 287.422455 -22.554794 -27.845688
v 285.992157 -22.465584 -27.580971
v 285.466827 -37.911968 -36.857086
v 285.729492 -30.188782 -36.740437
v 288.052734 -37.911968 -36.825779
v 287.527405 -22.063835 -27.778549
v 285.992157 -22.063835 -36.457512
v 286.080170 -22.554794 -36.388615
v 286.080170 -22.554794 -28.135925
v 284.618011 -37.911968 -36.825779
v 284.466064 -37.911968 -27.867836
v 284.655670 -30.188782 -27.977791
v 288.674652 -22.506577 -28.109901
v 288.818848 -30.188778 -28.270966
v 285.567047 -22.554794 -36.058075
v 284.845276 -22.465588 -36.099331
v 285.284241 -22.063835 -28.089783
v 288.235687 -22.063835 -36.099331
v 288.076080 -22.554794 -36.058075
v 286.745972 -22.663876 -36.058075
v 287.936066 -22.566277 -36.058075
v 286.080170 -22.554794 -36.058075
v 289.053864 -37.911968 -27.574814
v 288.963043 -37.911968 -28.432030
v 277.292145 -48.709927 -28.339027
v 277.700195 -42.219028 -28.359795
v 277.605682 -42.219028 -28.805260
v 277.416077 -48.709927 -28.884178
v 281.814270 -42.219028 -28.754913
v 281.904907 -42.219028 -28.367302
v 282.003876 -48.709927 -28.473862
v 282.003876 -48.709927 -28.884178
v 278.416840 -48.709927 -19.537117
v 278.679504 -42.219028 -19.609520
v 277.757660 -42.219028 -19.626801
v 277.568024 -48.709927 -19.571678
v 278.376862 -35.803101 -20.048813
v 278.517059 -35.803101 -20.007095
v 278.517059 -35.803101 -20.294960
v 278.376862 -35.803101 -20.294312
v 278.085541 -35.493870 -28.754379
v 278.942169 -35.493870 -28.754379
v 278.942169 -35.728127 -28.816498
v 277.947296 -35.728127 -28.816498
v 277.933289 -35.493870 -19.893364
v 277.933289 -35.493870 -20.249794
v 277.795288 -35.728127 -20.249153
v 277.795288 -35.728127 -19.832527
v 281.486664 -35.493870 -28.665504
v 281.486664 -35.493870 -28.260735
v 281.624664 -35.728127 -28.260735
v 281.624664 -35.728127 -28.726345
v 281.334381 -35.493870 -19.804489
v 280.477417 -35.493870 -19.804489
v 280.477417 -35.728127 -19.742378
v 281.472626 -35.728127 -19.742378
v 281.524689 -42.219028 -28.901840
v 280.740082 -42.219028 -28.901840
v 279.744354 -35.819801 -28.816498
v 281.472626 -35.728127 -28.816498
v 277.933289 -35.493870 -28.260735
v 278.234253 -35.390476 -28.260735
v 278.234253 -35.390476 -28.541824
v 277.933289 -35.493870 -28.665504
v 278.942169 -35.493866 -19.804489
v 278.942169 -35.390476 -19.939957
v 278.386414 -35.390476 -19.939957
v 278.085541 -35.493870 -19.804489
v 281.486664 -35.528320 -20.270668
v 281.185699 -35.424931 -20.269279
v 281.185699 -35.390476 -20.017044
v 281.486664 -35.493870 -19.893364
v 279.744354 -35.585545 -28.754379
v 279.744354 -35.482151 -28.618919
v 281.033539 -35.390476 -28.618919
v 281.334381 -35.493870 -28.754379
v 278.376862 -35.803101 -28.219475
v 278.376862 -35.803101 -28.508301
v 279.030182 -35.803101 -20.007095
v 281.026093 -35.837555 -20.311012
v 281.026093 -35.803101 -20.048813
v 279.695984 -35.894775 -28.550026
v 280.885895 -35.803101 -28.550026
v 277.605682 -42.219028 -19.723381
v 277.416077 -48.709927 -19.674690
v 277.795288 -35.728127 -28.726345
v 281.551453 -48.709923 -29.024879
v 281.624664 -35.728127 -19.832527
v 277.947296 -35.728127 -19.742378
v 277.757660 -42.219028 -28.901840
v 281.662292 -42.219025 -19.626801
v 281.814270 -42.219025 -19.723381
v 278.386414 -35.390476 -28.618919
v 278.234253 -35.390476 -20.017044
v 281.033508 -35.390476 -19.939957
v 281.185699 -35.390476 -28.541824
v 278.517059 -35.803101 -28.550026
v 280.885895 -35.803101 -20.007095
v 281.026093 -35.803101 -28.508301
v 281.851929 -48.709923 -19.571678
v 280.740082 -42.219028 -19.626801
v 281.002747 -48.709923 -19.571678
v 280.886566 -35.837555 -20.310364
v 280.372467 -35.837555 -20.307991
v 280.372467 -35.803101 -20.007095
v 278.942169 -35.728127 -19.742378
v 278.416840 -48.709927 -29.018490
v 278.679504 -42.219028 -28.901840
v 281.002747 -48.709923 -28.987186
v 280.477417 -35.390476 -19.939957
v 278.942169 -35.390476 -28.618919
v 279.030182 -35.803101 -28.550026
v 279.030182 -35.803101 -20.297325
v 277.568024 -48.709927 -28.987186
v 277.416077 -48.709927 -20.029236
v 277.605682 -42.219028 -20.139198
v 281.624664 -35.762577 -20.271309
v 281.768860 -42.219025 -20.432373
v 278.517059 -35.803101 -28.219475
v 277.795288 -35.728127 -28.260735
v 278.234253 -35.390476 -20.251183
v 281.185699 -35.390476 -28.260735
v 281.026093 -35.803101 -28.219475
v 279.695984 -35.894775 -28.219475
v 280.886078 -35.812752 -28.219475
v 279.030182 -35.803101 -28.219475
v 282.003876 -48.709927 -19.736214
v 281.913055 -48.709927 -20.593437
v 284.342133 -37.912071 -51.299419
v 284.750183 -30.188885 -51.320198
v 284.655670 -30.188881 -51.765659
v 284.466064 -37.912071 -51.844574
v 288.864258 -30.188881 -51.715309
v 288.954895 -30.188881 -51.327698
v 289.053864 -37.912071 -51.434258
v 289.053864 -37.912071 -51.844574
v 285.466827 -37.912071 -42.497517
v 285.729492 -30.188881 -42.569916
v 284.807648 -30.188885 -42.587196
v 284.618011 -37.912071 -42.532082
v 285.426849 -22.554897 -43.009209
v 285.567047 -22.554897 -42.967491
v 285.567047 -22.554897 -43.255356
v 285.426849 -22.554897 -43.254707
v 285.135529 -22.186958 -51.714779
v 285.992157 -22.186958 -51.714779
v 285.992157 -22.465691 -51.776894
v 284.997284 -22.465691 -51.776894
v 284.983276 -22.186958 -42.853760
v 284.983276 -22.186958 -43.210194
v 284.845276 -22.465687 -43.209557
v 284.845276 -22.465687 -42.792923
v 288.536652 -22.186958 -51.625908
v 288.536652 -22.186958 -51.221134
v 288.674652 -22.465691 -51.221134
v 288.674652 -22.465691 -51.686741
v 288.384369 -22.186958 -42.764885
v 287.527405 -22.186958 -42.764885
v 287.527405 -22.465687 -42.702770
v 288.522614 -22.465687 -42.702770
v 288.574677 -30.188881 -51.862240
v 287.790070 -30.188881 -51.862240
v 286.794342 -22.574768 -51.776894
v 288.522614 -22.465691 -51.776894
v 284.983276 -22.186958 -51.221134
v 285.284241 -22.063938 -51.221134
v 285.284241 -22.063938 -51.502224
v 284.983276 -22.186958 -51.625908
v 285.992157 -22.186954 -42.764885
v 285.992157 -22.063938 -42.900352
v 285.436401 -22.063938 -42.900352
v 285.135529 -22.186958 -42.764885
v 288.536652 -22.227951 -43.231068
v 288.235687 -22.104931 -43.229679
v 288.235687 -22.063938 -42.977440
v 288.536652 -22.186958 -42.853760
v 286.794342 -22.296040 -51.714779
v 286.794342 -22.173016 -51.579315
v 288.083527 -22.063938 -51.579315
v 288.384369 -22.186958 -51.714779
v 285.426849 -22.554897 -51.179878
v 285.426849 -22.554897 -51.468700
v 286.080170 -22.554897 -42.967491
v 288.076080 -22.595890 -43.271408
v 288.076080 -22.554897 -43.009209
v 286.745972 -22.663979 -51.510418
v 287.935883 -22.554897 -51.510418
v 284.655670 -30.188885 -42.683777
v 284.466064 -37.912071 -42.635090
v 284.845276 -22.465691 -51.686741
v 288.601440 -37.912071 -51.985279
v 288.674652 -22.465687 -42.792923
v 284.997284 -22.465687 -42.702770
v 284.807648 -30.188885 -51.862240
v 288.712280 -30.188881 -42.587196
v 288.864258 -30.188881 -42.683777
v 285.436401 -22.063938 -51.579315
v 285.284241 -22.063938 -42.977440
v 288.083496 -22.063938 -42.900352
v 288.235687 -22.063938 -51.502224
v 285.567047 -22.554897 -51.510418
v 287.935883 -22.554897 -42.967491
v 288.076080 -22.554897 -51.468700
v 288.901917 -37.912071 -42.532082
v 287.790070 -30.188881 -42.587196
v 288.052734 -37.912071 -42.532082
v 287.936554 -22.595890 -43.270763
v 287.422455 -22.595890 -43.268387
v 287.422455 -22.554897 -42.967491
v 285.992157 -22.465687 -42.702770
v 285.466827 -37.912071 -51.978889
v 285.729492 -30.188885 -51.862240
v 288.052734 -37.912071 -51.947582
v 287.527405 -22.063938 -42.900352
v 285.992157 -22.063938 -51.579315
v 286.080170 -22.554897 -51.510418
v 286.080170 -22.554897 -43.257729
v 284.618011 -37.912071 -51.947582
v 284.466064 -37.912071 -42.989635
v 284.655670 -30.188885 -43.099594
v 288.674652 -22.506680 -43.231705
v 288.818848 -30.188881 -43.392769
v 285.567047 -22.554897 -51.179878
v 284.845276 -22.465691 -51.221134
v 285.284241 -22.063938 -43.211586
v 288.235687 -22.063938 -51.221134
v 288.076080 -22.554897 -51.179878
v 286.745972 -22.663979 -51.179878
v 287.936066 -22.566380 -51.179878
v 286.080170 -22.554897 -51.179878
v 289.053864 -37.912071 -42.696617
v 288.963043 -37.912071 -43.553833
v 277.292145 -48.710030 -43.460819
v 277.700195 -42.219131 -43.481598
v 277.605682 -42.219131 -43.927059
v 277.416077 -48.710030 -44.005974
v 281.814270 -42.219131 -43.876709
v 281.904907 -42.219131 -43.489098
v 282.003876 -48.710030 -43.595657
v 282.003876 -48.710030 -44.005974
v 278.416840 -48.710030 -34.658916
v 278.679504 -42.219131 -34.731316
v 277.757660 -42.219131 -34.748596
v 277.568024 -48.710030 -34.693481
v 278.376862 -35.803204 -35.170609
v 278.517059 -35.803204 -35.128891
v 278.517059 -35.803204 -35.416756
v 278.376862 -35.803204 -35.416107
v 278.085541 -35.493973 -43.876179
v 278.942169 -35.493973 -43.876179
v 278.942169 -35.728230 -43.938293
v 277.947296 -35.728230 -43.938293
v 277.933289 -35.493973 -35.015160
v 277.933289 -35.493973 -35.371593
v 277.795288 -35.728230 -35.370956
v 277.795288 -35.728230 -34.954323
v 281.486664 -35.493973 -43.787308
v 281.486664 -35.493973 -43.382534
v 281.624664 -35.728230 -43.382534
v 281.624664 -35.728230 -43.848141
v 281.334381 -35.493973 -34.926285
v 280.477417 -35.493973 -34.926285
v 280.477417 -35.728230 -34.864170
v 281.472626 -35.728230 -34.864170
v 281.524689 -42.219131 -44.023640
v 280.740082 -42.219131 -44.023640
v 279.744354 -35.819904 -43.938293
v 281.472626 -35.728230 -43.938293
v 277.933289 -35.493973 -43.382534
v 278.234253 -35.390579 -43.382534
v 278.234253 -35.390579 -43.663624
v 277.933289 -35.493973 -43.787308
v 278.942169 -35.493969 -34.926285
v 278.942169 -35.390579 -35.061752
v 278.386414 -35.390579 -35.061752
v 278.085541 -35.493973 -34.926285
v 281.486664 -35.528423 -35.392467
v 281.185699 -35.425034 -35.391079
v 281.185699 -35.390579 -35.138840
v 281.486664 -35.493973 -35.015160
v 279.744354 -35.585648 -43.876179
v 279.744354 -35.482254 -43.740715
v 281.033539 -35.390579 -43.740715
v 281.334381 -35.493973 -43.876179
v 278.376862 -35.803204 -43.341278
v 278.376862 -35.803204 -43.630100
v 279.030182 -35.803204 -35.128891
v 281.026093 -35.837658 -35.432808
v 281.026093 -35.803204 -35.170609
v 279.695984 -35.894878 -43.671818
v 280.885895 -35.803204 -43.671818
v 277.605682 -42.219131 -34.845177
v 277.416077 -48.710030 -34.796490
v 277.795288 -35.728230 -43.848141
v 281.551453 -48.710030 -44.146679
v 281.624664 -35.728230 -34.954323
v 277.947296 -35.728230 -34.864170
v 277.757660 -42.219131 -44.023640
v 281.662292 -42.219128 -34.748596
v 281.814270 -42.219128 -34.845177
v 278.386414 -35.390579 -43.740715
v 278.234253 -35.390579 -35.138840
v 281.033508 -35.390579 -35.061752
v 281.185699 -35.390579 -43.663624
v 278.517059 -35.803204 -43.671818
v 280.885895 -35.803204 -35.128891
v 281.026093 -35.803204 -43.630100
v 281.851929 -48.710026 -34.693481
v 280.740082 -42.219131 -34.748596
v 281.002747 -48.710026 -34.693481
v 280.886566 -35.837658 -35.432163
v 280.372467 -35.837658 -35.429787
v 280.372467 -35.803204 -35.128891
v 278.942169 -35.728230 -34.864170
v 278.416840 -48.710030 -44.140289
v 278.679504 -42.219131 -44.023640
v 281.002747 -48.710030 -44.108982
v 280.477417 -35.390579 -35.061752
v 278.942169 -35.390579 -43.740715
v 279.030182 -35.803204 -43.671818
v 279.030182 -35.803204 -35.419128
v 277.568024 -48.710030 -44.108982
v 277.416077 -48.710030 -35.151035
v 277.605682 -42.219131 -35.260994
v 281.624664 -35.762680 -35.393105
v 281.768860 -42.219128 -35.554169
v 278.517059 -35.803204 -43.341278
v 277.795288 -35.728230 -43.382534
v 278.234253 -35.390579 -35.372986
v 281.185699 -35.390579 -43.382534
v 281.026093 -35.803204 -43.341278
v 279.695984 -35.894878 -43.341278
v 280.886078 -35.812855 -43.341278
v 279.030182 -35.803204 -43.341278
v 282.003876 -48.710030 -34.858017
v 281.913055 -48.710030 -35.715233
v 284.342133 -37.912071 -66.449020
v 284.750183 -30.188885 -66.469795
v 284.655670 -30.188881 -66.915253
v 284.466064 -37.912071 -66.994171
v 288.864258 -30.188881 -66.864906
v 288.954895 -30.188881 -66.477295
v 289.053864 -37.912071 -66.583855
v 289.053864 -37.912071 -66.994171
v 285.466827 -37.912071 -57.647114
v 285.729492 -30.188881 -57.719513
v 284.807648 -30.188885 -57.736794
v 284.618011 -37.912071 -57.681679
v 285.426849 -22.554897 -58.158806
v 285.567047 -22.554897 -58.117088
v 285.567047 -22.554897 -58.404953
v 285.426849 -22.554897 -58.404305
v 285.135529 -22.186958 -66.864372
v 285.992157 -22.186958 -66.864372
v 285.992157 -22.465691 -66.926491
v 284.997284 -22.465691 -66.926491
v 284.983276 -22.186958 -58.003357
v 284.983276 -22.186958 -58.359791
v 284.845276 -22.465687 -58.359154
v 284.845276 -22.465687 -57.942520
v 288.536652 -22.186958 -66.775505
v 288.536652 -22.186958 -66.370735
v 288.674652 -22.465691 -66.370728
v 288.674652 -22.465691 -66.836342
v 288.384369 -22.186958 -57.914482
v 287.527405 -22.186958 -57.914482
v 287.527405 -22.465687 -57.852367
v 288.522614 -22.465687 -57.852367
v 288.574677 -30.188881 -67.011833
v 287.790070 -30.188881 -67.011833
v 286.794342 -22.574768 -66.926491
v 288.522614 -22.465691 -66.926491
v 284.983276 -22.186958 -66.370728
v 285.284241 -22.063938 -66.370728
v 285.284241 -22.063938 -66.651825
v 284.983276 -22.186958 -66.775505
v 285.992157 -22.186954 -57.914482
v 285.992157 -22.063938 -58.049950
v 285.436401 -22.063938 -58.049950
v 285.135529 -22.186958 -57.914482
v 288.536652 -22.227951 -58.380665
v 288.235687 -22.104931 -58.379276
v 288.235687 -22.063938 -58.127037
v 288.536652 -22.186958 -58.003357
v 286.794342 -22.296040 -66.864372
v 286.794342 -22.173016 -66.728912
v 288.083527 -22.063938 -66.728912
v 288.384369 -22.186958 -66.864372
v 285.426849 -22.554897 -66.329475
v 285.426849 -22.554897 -66.618301
v 286.080170 -22.554897 -58.117088
v 288.076080 -22.595890 -58.421005
v 288.076080 -22.554897 -58.158806
v 286.745972 -22.663979 -66.660019
v 287.935883 -22.554897 -66.660019
v 284.655670 -30.188885 -57.833374
v 284.466064 -37.912071 -57.784687
v 284.845276 -22.465691 -66.836342
v 288.601440 -37.912071 -67.134872
v 288.674652 -22.465687 -57.942520
v 284.997284 -22.465687 -57.852367
v 284.807648 -30.188885 -67.011833
v 288.712280 -30.188881 -57.736794
v 288.864258 -30.188881 -57.833374
v 285.436401 -22.063938 -66.728912
v 285.284241 -22.063938 -58.127037
v 288.083496 -22.063938 -58.049950
v 288.235687 -22.063938 -66.651825
v 285.567047 -22.554897 -66.660019
v 287.935883 -22.554897 -58.117088
v 288.076080 -22.554897 -66.618301
v 288.901917 -37.912071 -57.681679
v 287.790070 -30.188881 -57.736794
v 288.052734 -37.912071 -57.681679
v 287.936554 -22.595890 -58.420361
v 287.422455 -22.595890 -58.417984
v 287.422455 -22.554897 -58.117088
v 285.992157 -22.465687 -57.852367
v 285.466827 -37.912071 -67.128487
v 285.729492 -30.188885 -67.011833
v 288.052734 -37.912071 -67.097183
v 287.527405 -22.063938 -58.049950
v 285.992157 -22.063938 -66.728912
v 286.080170 -22.554897 -66.660019
v 286.080170 -22.554897 -58.407326
v 284.618011 -37.912071 -67.097183
v 284.466064 -37.912071 -58.139233
v 284.655670 -30.188885 -58.249191
v 288.674652 -22.506680 -58.381302
v 288.818848 -30.188881 -58.542366
v 285.567047 -22.554897 -66.329475
v 284.845276 -22.465691 -66.370728
v 285.284241 -22.063938 -58.361183
v 288.235687 -22.063938 -66.370735
v 288.076080 -22.554897 -66.329475
v 286.745972 -22.663979 -66.329475
v 287.936066 -22.566380 -66.329475
v 286.080170 -22.554897 -66.329475
v 289.053864 -37.912071 -57.846214
v 288.963043 -37.912071 -58.703430
v 277.292145 -48.710030 -58.610416
v 277.700195 -42.219131 -58.631195
v 277.605682 -42.219131 -59.076656
v 277.416077 -48.710030 -59.155571
v 281.814270 -42.219131 -59.026306
v 281.904907 -42.219131 -58.638695
v 282.003876 -48.710030 -58.745255
v 282.003876 -48.710030 -59.155571
v 278.416840 -48.710030 -49.808514
v 278.679504 -42.219131 -49.880913
v 277.757660 -42.219131 -49.898193
v 277.568024 -48.710030 -49.843079
v 278.376862 -35.803204 -50.320206
v 278.517059 -35.803204 -50.278488
v 278.517059 -35.803204 -50.566353
v 278.376862 -35.803204 -50.565704
v 278.085541 -35.493973 -59.025776
v 278.942169 -35.493973 -59.025776
v 278.942169 -35.728230 -59.087891
v 277.947296 -35.728230 -59.087891
v 277.933289 -35.493973 -50.164757
v 277.933289 -35.493973 -50.521191
v 277.795288 -35.728230 -50.520554
v 277.795288 -35.728230 -50.103920
v 281.486664 -35.493973 -58.936905
v 281.486664 -35.493973 -58.532131
v 281.624664 -35.728230 -58.532131
v 281.624664 -35.728230 -58.997738
v 281.334381 -35.493973 -50.075882
v 280.477417 -35.493973 -50.075882
v 280.477417 -35.728230 -50.013767
v 281.472626 -35.728230 -50.013767
v 281.524689 -42.219131 -59.173237
v 280.740082 -42.219131 -59.173237
v 279.744354 -35.819904 -59.087891
v 281.472626 -35.728230 -59.087891
v 277.933289 -35.493973 -58.532131
v 278.234253 -35.390579 -58.532131
v 278.234253 -35.390579 -58.813221
v 277.933289 -35.493973 -58.936905
v 278.942169 -35.493969 -50.075882
v 278.942169 -35.390579 -50.211349
v 278.386414 -35.390579 -50.211349
v 278.085541 -35.493973 -50.075882
v 281.486664 -35.528423 -50.542065
v 281.185699 -35.425034 -50.540676
v 281.185699 -35.390579 -50.288437
v 281.486664 -35.493973 -50.164757
v 279.744354 -35.585648 -59.025776
v 279.744354 -35.482254 -58.890312
v 281.033539 -35.390579 -58.890312
v 281.334381 -35.493973 -59.025776
v 278.376862 -35.803204 -58.490875
v 278.376862 -35.803204 -58.779697
v 279.030182 -35.803204 -50.278488
v 281.026093 -35.837658 -50.582405
v 281.026093 -35.803204 -50.320206
v 279.695984 -35.894878 -58.821415
v 280.885895 -35.803204 -58.821415
v 277.605682 -42.219131 -49.994774
v 277.416077 -48.710030 -49.946087
v 277.795288 -35.728230 -58.997738
v 281.551453 -48.710030 -59.296276
v 281.624664 -35.728230 -50.103920
v 277.947296 -35.728230 -50.013767
v 277.757660 -42.219131 -59.173237
v 281.662292 -42.219128 -49.898193
v 281.814270 -42.219128 -49.994774
v 278.386414 -35.390579 -58.890312
v 278.234253 -35.390579 -50.288437
v 281.033508 -35.390579 -50.211349
v 281.185699 -35.390579 -58.813221
v 278.517059 -35.803204 -58.821415
v 280.885895 -35.803204 -50.278488
v 281.026093 -35.803204 -58.779697
v 281.851929 -48.710026 -49.843079
v 280.740082 -42.219131 -49.898193
v 281.002747 -48.710026 -49.843079
v 280.886566 -35.837658 -50.581760
v 280.372467 -35.837658 -50.579384
v 280.372467 -35.803204 -50.278488
v 278.942169 -35.728230 -50.013767
v 278.416840 -48.710030 -59.289886
v 278.679504 -42.219131 -59.173237
v 281.002747 -48.710030 -59.258579
v 280.477417 -35.390579 -50.211349
v 278.942169 -35.390579 -58.890312
v 279.030182 -35.803204 -58.821415
v 279.030182 -35.803204 -50.568726
v 277.568024 -48.710030 -59.258579
v 277.416077 -48.710030 -50.300632
v 277.605682 -42.219131 -50.410591
v 281.624664 -35.762680 -50.542702
v 281.768860 -42.219128 -50.703766
v 278.517059 -35.803204 -58.490875
v 277.795288 -35.728230 -58.532131
v 278.234253 -35.390579 -50.522583
v 281.185699 -35.390579 -58.532131
v 281.026093 -35.803204 -58.490875
v 279.695984 -35.894878 -58.490875
v 280.886078 -35.812855 -58.490875
v 279.030182 -35.803204 -58.490875
v 282.003876 -48.710030 -50.007614
v 281.913055 -48.710030 -50.864830
v 284.342133 -37.912075 -81.568024
v 284.750183 -30.188885 -81.588799
v 284.655670 -30.188885 -82.034264
v 284.466064 -37.912075 -82.113174
v 288.864258 -30.188885 -81.983917
v 288.954895 -30.188885 -81.596298
v 289.053864 -37.912075 -81.702866
v 289.053864 -37.912075 -82.113174
v 285.466827 -37.912071 -72.766121
v 285.729492 -30.188885 -72.838516
v 284.807648 -30.188885 -72.855804
v 284.618011 -37.912071 -72.800682
v 285.426849 -22.554901 -73.277817
v 285.567047 -22.554901 -73.236099
v 285.567047 -22.554901 -73.523964
v 285.426849 -22.554901 -73.523315
v 285.135529 -22.186962 -81.983383
v 285.992157 -22.186962 -81.983383
v 285.992157 -22.465691 -82.045502
v 284.997284 -22.465691 -82.045502
v 284.983276 -22.186958 -73.122360
v 284.983276 -22.186958 -73.478798
v 284.845276 -22.465691 -73.478157
v 284.845276 -22.465691 -73.061523
v 288.536652 -22.186962 -81.894508
v 288.536652 -22.186962 -81.489738
v 288.674652 -22.465691 -81.489738
v 288.674652 -22.465691 -81.955345
v 288.384369 -22.186958 -73.033493
v 287.527405 -22.186958 -73.033493
v 287.527405 -22.465691 -72.971375
v 288.522614 -22.465691 -72.971375
v 288.574677 -30.188885 -82.130844
v 287.790070 -30.188885 -82.130844
v 286.794342 -22.574768 -82.045502
v 288.522614 -22.465691 -82.045502
v 284.983276 -22.186962 -81.489738
v 285.284241 -22.063938 -81.489738
v 285.284241 -22.063938 -81.770828
v 284.983276 -22.186962 -81.894508
v 285.992157 -22.186958 -73.033493
v 285.992157 -22.063938 -73.168953
v 285.436401 -22.063938 -73.168953
v 285.135529 -22.186958 -73.033493
v 288.536652 -22.227955 -73.499672
v 288.235687 -22.104931 -73.498283
v 288.235687 -22.063938 -73.246048
v 288.536652 -22.186958 -73.122360
v 286.794342 -22.296040 -81.983383
v 286.794342 -22.173019 -81.847916
v 288.083527 -22.063938 -81.847916
v 288.384369 -22.186962 -81.983383
v 285.426849 -22.554901 -81.448479
v 285.426849 -22.554901 -81.737305
v 286.080170 -22.554901 -73.236099
v 288.076080 -22.595894 -73.540009
v 288.076080 -22.554901 -73.277817
v 286.745972 -22.663979 -81.779022
v 287.935883 -22.554901 -81.779022
v 284.655670 -30.188885 -72.952377
v 284.466064 -37.912071 -72.903694
v 284.845276 -22.465691 -81.955345
v 288.601440 -37.912071 -82.253883
v 288.674652 -22.465691 -73.061523
v 284.997284 -22.465691 -72.971375
v 284.807648 -30.188885 -82.130844
v 288.712280 -30.188881 -72.855804
v 288.864258 -30.188881 -72.952377
v 285.436401 -22.063938 -81.847916
v 285.284241 -22.063938 -73.246048
v 288.083496 -22.063938 -73.168953
v 288.235687 -22.063938 -81.770828
v 285.567047 -22.554901 -81.779022
v 287.935883 -22.554901 -73.236099
v 288.076080 -22.554901 -81.737305
v 288.901917 -37.912071 -72.800682
v 287.790070 -30.188885 -72.855804
v 288.052734 -37.912071 -72.800682
v 287.936554 -22.595894 -73.539368
v 287.422455 -22.595894 -73.536995
v 287.422455 -22.554901 -73.236099
v 285.992157 -22.465691 -72.971375
v 285.466827 -37.912075 -82.247490
v 285.729492 -30.188885 -82.130844
v 288.052734 -37.912071 -82.216187
v 287.527405 -22.063938 -73.168953
v 285.992157 -22.063938 -81.847916
v 286.080170 -22.554901 -81.779022
v 286.080170 -22.554901 -73.526329
v 284.618011 -37.912075 -82.216187
v 284.466064 -37.912071 -73.258240
v 284.655670 -30.188885 -73.368202
v 288.674652 -22.506683 -73.500313
v 288.818848 -30.188881 -73.661377
v 285.567047 -22.554901 -81.448479
v 284.845276 -22.465691 -81.489738
v 285.284241 -22.063938 -73.480186
v 288.235687 -22.063938 -81.489738
v 288.076080 -22.554901 -81.448479
v 286.745972 -22.663979 -81.448479
v 287.936066 -22.566383 -81.448479
v 286.080170 -22.554901 -81.448479
v 289.053864 -37.912071 -72.965218
v 288.963043 -37.912071 -73.822441
v 277.292145 -48.710030 -73.729424
v 277.700195 -42.219131 -73.750198
v 277.605682 -42.219131 -74.195663
v 277.416077 -48.710030 -74.274582
v 281.814270 -42.219131 -74.145317
v 281.904907 -42.219131 -73.757698
v 282.003876 -48.710030 -73.864265
v 282.003876 -48.710030 -74.274582
v 278.416840 -48.710030 -64.927521
v 278.679504 -42.219131 -64.999916
v 277.757660 -42.219131 -65.017204
v 277.568024 -48.710030 -64.962082
v 278.376862 -35.803204 -65.439217
v 278.517059 -35.803204 -65.397499
v 278.517059 -35.803204 -65.685364
v 278.376862 -35.803204 -65.684715
v 278.085541 -35.493973 -74.144783
v 278.942169 -35.493973 -74.144783
v 278.942169 -35.728230 -74.206902
v 277.947296 -35.728230 -74.206902
v 277.933289 -35.493973 -65.283760
v 277.933289 -35.493973 -65.640198
v 277.795288 -35.728230 -65.639557
v 277.795288 -35.728230 -65.222931
v 281.486664 -35.493973 -74.055908
v 281.486664 -35.493973 -73.651138
v 281.624664 -35.728230 -73.651138
v 281.624664 -35.728230 -74.116745
v 281.334381 -35.493973 -65.194893
v 280.477417 -35.493973 -65.194893
v 280.477417 -35.728230 -65.132774
v 281.472626 -35.728230 -65.132774
v 281.524689 -42.219131 -74.292244
v 280.740082 -42.219131 -74.292244
v 279.744354 -35.819904 -74.206902
v 281.472626 -35.728230 -74.206902
v 277.933289 -35.493973 -73.651138
v 278.234253 -35.390579 -73.651138
v 278.234253 -35.390579 -73.932228
v 277.933289 -35.493973 -74.055908
v 278.942169 -35.493969 -65.194893
v 278.942169 -35.390579 -65.330353
v 278.386414 -35.390579 -65.330353
v 278.085541 -35.493973 -65.194893
v 281.486664 -35.528423 -65.661072
v 281.185699 -35.425034 -65.659683
v 281.185699 -35.390579 -65.407448
v 281.486664 -35.493973 -65.283760
v 279.744354 -35.585648 -74.144783
v 279.744354 -35.482254 -74.009315
v 281.033539 -35.390579 -74.009315
v 281.334381 -35.493973 -74.144783
v 278.376862 -35.803204 -73.609879
v 278.376862 -35.803204 -73.898705
v 279.030182 -35.803204 -65.397499
v 281.026093 -35.837658 -65.701408
v 281.026093 -35.803204 -65.439217
v 279.695984 -35.894878 -73.940422
v 280.885895 -35.803204 -73.940422
v 277.605682 -42.219131 -65.113785
v 277.416077 -48.710030 -65.065094
v 277.795288 -35.728230 -74.116745
v 281.551453 -48.710030 -74.415283
v 281.624664 -35.728230 -65.222931
v 277.947296 -35.728230 -65.132774
v 277.757660 -42.219131 -74.292244
v 281.662292 -42.219128 -65.017204
v 281.814270 -42.219128 -65.113785
v 278.386414 -35.390579 -74.009315
v 278.234253 -35.390579 -65.407448
v 281.033508 -35.390579 -65.330353
v 281.185699 -35.390579 -73.932228
v 278.517059 -35.803204 -73.940422
v 280.885895 -35.803204 -65.397499
v 281.026093 -35.803204 -73.898705
v 281.851929 -48.710026 -64.962082
v 280.740082 -42.219131 -65.017204
v 281.002747 -48.710026 -64.962082
v 280.886566 -35.837658 -65.700768
v 280.372467 -35.837658 -65.698395
v 280.372467 -35.803204 -65.397499
v 278.942169 -35.728230 -65.132774
v 278.416840 -48.710030 -74.408890
v 278.679504 -42.219131 -74.292244
v 281.002747 -48.710030 -74.377586
v 280.477417 -35.390579 -65.330353
v 278.942169 -35.390579 -74.009315
v 279.030182 -35.803204 -73.940422
v 279.030182 -35.803204 -65.687729
v 277.568024 -48.710030 -74.377586
v 277.416077 -48.710030 -65.419640
v 277.605682 -42.219131 -65.529602
v 281.624664 -35.762680 -65.661713
v 281.768860 -42.219128 -65.822777
v 278.517059 -35.803204 -73.609879
v 277.795288 -35.728230 -73.651138
v 278.234253 -35.390579 -65.641586
v 281.185699 -35.390579 -73.651138
v 281.026093 -35.803204 -73.609879
v 279.695984 -35.894878 -73.609879
v 280.886078 -35.812855 -73.609879
v 279.030182 -35.803204 -73.609879
v 282.003876 -48.710030 -65.126617
v 281.913055 -48.710030 -65.983841
v 277.293121 -48.707832 -88.889122
v 277.701172 -42.216934 -88.909897
v 277.606659 -42.216934 -89.355362
v 277.417053 -48.707832 -89.434280
v 281.815247 -42.216934 -89.305016
v 281.905884 -42.216934 -88.917397
v 282.004852 -48.707832 -89.023964
v 282.004852 -48.707832 -89.434280
v 278.417816 -48.707832 -80.087219
v 278.680481 -42.216934 -80.159615
v 277.758636 -42.216934 -80.176903
v 277.569000 -48.707832 -80.121780
v 278.377838 -35.801006 -80.598915
v 278.518036 -35.801006 -80.557198
v 278.518036 -35.801006 -80.845062
v 278.377838 -35.801006 -80.844414
v 278.086517 -35.491776 -89.304482
v 278.943146 -35.491776 -89.304482
v 278.943146 -35.726032 -89.366600
v 277.948273 -35.726032 -89.366600
v 277.934265 -35.491776 -80.443459
v 277.934265 -35.491776 -80.799896
v 277.796265 -35.726032 -80.799255
v 277.796265 -35.726032 -80.382629
v 281.487640 -35.491776 -89.215607
v 281.487640 -35.491776 -88.810837
v 281.625641 -35.726032 -88.810837
v 281.625641 -35.726032 -89.276443
v 281.335358 -35.491776 -80.354591
v 280.478394 -35.491776 -80.354591
v 280.478394 -35.726032 -80.292473
v 281.473602 -35.726032 -80.292473
v 281.525665 -42.216934 -89.451942
v 280.741058 -42.216934 -89.451942
v 279.745331 -35.817707 -89.366600
v 281.473602 -35.726032 -89.366600
v 277.934265 -35.491776 -88.810837
v 278.235229 -35.388382 -88.810837
v 278.235229 -35.388382 -89.091927
v 277.934265 -35.491776 -89.215607
v 278.943146 -35.491772 -80.354591
v 278.943146 -35.388382 -80.490051
v 278.387390 -35.388382 -80.490051
v 278.086517 -35.491776 -80.354591
v 281.487640 -35.526226 -80.820770
v 281.186676 -35.422836 -80.819382
v 281.186676 -35.388382 -80.567146
v 281.487640 -35.491776 -80.443459
v 279.745331 -35.583450 -89.304482
v 279.745331 -35.480057 -89.169014
v 281.034515 -35.388382 -89.169014
v 281.335358 -35.491776 -89.304482
v 278.377838 -35.801006 -88.769577
v 278.377838 -35.801006 -89.058403
v 279.031158 -35.801006 -80.557198
v 281.027069 -35.835461 -80.861107
v 281.027069 -35.801006 -80.598915
v 279.696960 -35.892681 -89.100121
v 280.886871 -35.801006 -89.100121
v 277.606659 -42.216934 -80.273483
v 277.417053 -48.707832 -80.224792
v 277.796265 -35.726032 -89.276443
v 281.552429 -48.707832 -89.574982
v 281.625641 -35.726032 -80.382629
v 277.948273 -35.726032 -80.292473
v 277.758636 -42.216934 -89.451942
v 281.663269 -42.216930 -80.176903
v 281.815247 -42.216930 -80.273483
v 278.387390 -35.388382 -89.169014
v 278.235229 -35.388382 -80.567146
v 281.034485 -35.388382 -80.490051
v 281.186676 -35.388382 -89.091927
v 278.518036 -35.801006 -89.100121
v 280.886871 -35.801006 -80.557198
v 281.027069 -35.801006 -89.058403
v 281.852905 -48.707829 -80.121780
v 280.741058 -42.216934 -80.176903
v 281.003723 -48.707829 -80.121780
v 280.887543 -35.835461 -80.860466
v 280.373444 -35.835461 -80.858093
v 280.373444 -35.801006 -80.557198
v 278.943146 -35.726032 -80.292473
v 278.417816 -48.707832 -89.568588
v 278.680481 -42.216934 -89.451942
v 281.003723 -48.707832 -89.537285
v 280.478394 -35.388382 -80.490051
v 278.943146 -35.388382 -89.169014
v 279.031158 -35.801006 -89.100121
v 279.031158 -35.801006 -80.847427
v 277.569000 -48.707832 -89.537285
v 277.417053 -48.707832 -80.579338
v 277.606659 -42.216934 -80.689301
v 281.625641 -35.760483 -80.821411
v 281.769836 -42.216930 -80.982475
v 278.518036 -35.801006 -88.769577
v 277.796265 -35.726032 -88.810837
v 278.235229 -35.388382 -80.801285
v 281.186676 -35.388382 -88.810837
v 281.027069 -35.801006 -88.769577
v 279.696960 -35.892681 -88.769577
v 280.887054 -35.810658 -88.769577
v 279.031158 -35.801006 -88.769577
v 282.004852 -48.707832 -80.286316
v 281.914032 -48.707832 -81.143539
v 291.334015 -48.707737 -132.924850
v 291.354797 -42.216839 -132.516815
v 291.800262 -42.216839 -132.611313
v 291.879181 -48.707737 -132.800919
v 291.749908 -42.216839 -128.402756
v 291.362305 -42.216839 -128.312103
v 291.468872 -48.707737 -128.213150
v 291.879181 -48.707737 -128.213150
v 282.532104 -48.707737 -131.800171
v 282.604523 -42.216839 -131.537506
v 282.621796 -42.216839 -132.459351
v 282.566681 -48.707737 -132.648987
v 283.043823 -35.800911 -131.840149
v 283.002106 -35.800911 -131.699936
v 283.289948 -35.800911 -131.699936
v 283.289307 -35.800911 -131.840149
v 291.749390 -35.491680 -132.131454
v 291.749390 -35.491680 -131.274826
v 291.811493 -35.725937 -131.274826
v 291.811493 -35.725937 -132.269699
v 282.888367 -35.491680 -132.283722
v 283.244781 -35.491680 -132.283722
v 283.244171 -35.725937 -132.421722
v 282.827515 -35.725937 -132.421722
v 291.660522 -35.491680 -128.730347
v 291.255737 -35.491680 -128.730347
v 291.255737 -35.725937 -128.592361
v 291.721344 -35.725937 -128.592361
v 282.799500 -35.491680 -128.882614
v 282.799500 -35.491680 -129.739609
v 282.737366 -35.725937 -129.739609
v 282.737366 -35.725937 -128.744370
v 291.896851 -42.216839 -128.692322
v 291.896851 -42.216839 -129.476929
v 291.811493 -35.817612 -130.472641
v 291.811493 -35.725937 -128.744370
v 291.255737 -35.491680 -132.283722
v 291.255737 -35.388287 -131.982773
v 291.536835 -35.388287 -131.982773
v 291.660522 -35.491680 -132.283722
v 282.799500 -35.491680 -131.274826
v 282.934967 -35.388287 -131.274826
v 282.934967 -35.388287 -131.830582
v 282.799500 -35.491680 -132.131454
v 283.265686 -35.526131 -128.730362
v 283.264282 -35.422741 -129.031311
v 283.012054 -35.388287 -129.031311
v 282.888367 -35.491680 -128.730362
v 291.749390 -35.583355 -130.472641
v 291.613922 -35.479961 -130.472641
v 291.613922 -35.388287 -129.183487
v 291.749390 -35.491680 -128.882614
v 291.214478 -35.800911 -131.840149
v 291.503296 -35.800911 -131.840149
v 283.002106 -35.800911 -131.186829
v 283.306000 -35.835365 -129.190903
v 283.043823 -35.800911 -129.190903
v 291.545013 -35.892586 -130.521027
v 291.545013 -35.800911 -129.331116
v 282.718384 -42.216839 -132.611313
v 282.669678 -48.707737 -132.800919
v 291.721344 -35.725937 -132.421722
v 292.019897 -48.707733 -128.665543
v 282.827515 -35.725937 -128.592361
v 282.737366 -35.725937 -132.269699
v 291.896851 -42.216839 -132.459351
v 282.621796 -42.216839 -128.554733
v 282.718384 -42.216839 -128.402756
v 291.613922 -35.388287 -131.830582
v 283.012054 -35.388287 -131.982773
v 282.934967 -35.388287 -129.183487
v 291.536835 -35.388287 -129.031311
v 291.545013 -35.800911 -131.699936
v 283.002106 -35.800911 -129.331116
v 291.503296 -35.800911 -129.190903
v 282.566681 -48.707733 -128.365082
v 282.621796 -42.216839 -129.476929
v 282.566681 -48.707733 -129.214264
v 283.305359 -35.835365 -129.330460
v 283.302979 -35.835365 -129.844559
v 283.002106 -35.800911 -129.844559
v 282.737366 -35.725937 -131.274826
v 292.013489 -48.707737 -131.800171
v 291.896851 -42.216839 -131.537491
v 291.982178 -48.707733 -129.214264
v 282.934967 -35.388287 -129.739609
v 291.613922 -35.388287 -131.274826
v 291.545013 -35.800911 -131.186829
v 283.292328 -35.800911 -131.186829
v 291.982178 -48.707737 -132.648987
v 283.024231 -48.707737 -132.800919
v 283.134186 -42.216839 -132.611313
v 283.266296 -35.760391 -128.592361
v 283.427368 -42.216839 -128.448151
v 291.214478 -35.800911 -131.699936
v 291.255737 -35.725937 -132.421722
v 283.246185 -35.388287 -131.982773
v 291.255737 -35.388287 -129.031311
v 291.214478 -35.800911 -129.190903
v 291.214478 -35.892586 -130.521027
v 291.214478 -35.810562 -129.330933
v 291.214478 -35.800911 -131.186829
v 282.731232 -48.707737 -128.213150
v 283.588440 -48.707737 -128.303940
v 299.177002 -37.906773 -102.357849
v 299.197784 -30.183586 -101.949806
v 299.643250 -30.183586 -102.044319
v 299.722168 -37.906773 -102.233917
v 299.592896 -30.183586 -97.835747
v 299.205292 -30.183586 -97.745102
v 299.311859 -37.906773 -97.646149
v 299.722168 -37.906773 -97.646149
v 290.375122 -37.906776 -101.233170
v 290.447510 -30.183586 -100.970497
v 290.464783 -30.183586 -101.892342
v 290.409668 -37.906776 -102.081985
v 290.886810 -22.549603 -101.273148
v 290.845093 -22.549603 -101.132942
v 291.132935 -22.549603 -101.132942
v 291.132294 -22.549603 -101.273148
v 299.592377 -22.181660 -101.564453
v 299.592377 -22.181660 -100.707825
v 299.654480 -22.460392 -100.707825
v 299.654480 -22.460392 -101.702698
v 290.731354 -22.181664 -101.716721
v 291.087769 -22.181664 -101.716721
v 291.087158 -22.460392 -101.854713
v 290.670502 -22.460392 -101.854713
v 299.503510 -22.181660 -98.163353
v 299.098724 -22.181660 -98.163353
v 299.098724 -22.460392 -98.025360
v 299.564331 -22.460392 -98.025360
v 290.642487 -22.181664 -98.315613
v 290.642487 -22.181664 -99.172607
v 290.580353 -22.460392 -99.172607
v 290.580353 -22.460392 -98.177368
v 299.739838 -30.183586 -98.125328
v 299.739838 -30.183586 -98.909927
v 299.654480 -22.569469 -99.905640
v 299.654480 -22.460392 -98.177368
v 299.098724 -22.181660 -101.716721
v 299.098724 -22.058640 -101.415764
v 299.379822 -22.058640 -101.415764
v 299.503510 -22.181660 -101.716721
v 290.642487 -22.181660 -100.707825
v 290.777954 -22.058640 -100.707825
v 290.777954 -22.058640 -101.263588
v 290.642487 -22.181664 -101.564453
v 291.108643 -22.222656 -98.163353
v 291.107269 -22.099636 -98.464302
v 290.855042 -22.058640 -98.464302
v 290.731354 -22.181664 -98.163353
v 299.592377 -22.290741 -99.905640
v 299.456909 -22.167721 -99.905640
v 299.456909 -22.058640 -98.616486
v 299.592377 -22.181660 -98.315613
v 299.057465 -22.549603 -101.273148
v 299.346283 -22.549603 -101.273148
v 290.845093 -22.549603 -100.619835
v 291.148987 -22.590595 -98.623909
v 290.886810 -22.549603 -98.623909
v 299.388000 -22.658680 -99.954025
v 299.388000 -22.549603 -98.764114
v 290.561371 -30.183586 -102.044319
v 290.512695 -37.906776 -102.233917
v 299.564331 -22.460392 -101.854713
v 299.862885 -37.906773 -98.098541
v 290.670502 -22.460392 -98.025360
v 290.580353 -22.460392 -101.702698
v 299.739838 -30.183586 -101.892342
v 290.464783 -30.183582 -97.987724
v 290.561371 -30.183582 -97.835754
v 299.456909 -22.058640 -101.263588
v 290.855042 -22.058640 -101.415764
v 290.777954 -22.058640 -98.616486
v 299.379822 -22.058640 -98.464302
v 299.388000 -22.549603 -101.132942
v 290.845093 -22.549603 -98.764114
v 299.346283 -22.549603 -98.623909
v 290.409668 -37.906773 -97.798080
v 290.464783 -30.183586 -98.909927
v 290.409668 -37.906773 -98.647255
v 291.148346 -22.590595 -98.763451
v 291.145966 -22.590595 -99.277550
v 290.845093 -22.549603 -99.277550
v 290.580353 -22.460392 -100.707825
v 299.856476 -37.906773 -101.233170
v 299.739838 -30.183586 -100.970497
v 299.825165 -37.906773 -98.647255
v 290.777954 -22.058640 -99.172607
v 299.456909 -22.058640 -100.707825
v 299.388000 -22.549603 -100.619835
v 291.135315 -22.549603 -100.619835
v 299.825165 -37.906773 -102.081985
v 290.867218 -37.906776 -102.233917
v 290.977173 -30.183586 -102.044319
v 291.109283 -22.501385 -98.025360
v 291.270355 -30.183582 -97.881149
v 299.057465 -22.549603 -101.132942
v 299.098724 -22.460392 -101.854713
v 291.089172 -22.058640 -101.415764
v 299.098724 -22.058640 -98.464302
v 299.057465 -22.549603 -98.623909
v 299.057465 -22.658680 -99.954025
v 299.057465 -22.561081 -98.763931
v 299.057465 -22.549603 -100.619835
v 290.574219 -37.906776 -97.646149
v 291.431427 -37.906776 -97.736938
v 306.533020 -48.709438 -132.922852
v 306.553802 -42.218540 -132.514816
v 306.999268 -42.218540 -132.609314
v 307.078186 -48.709438 -132.798920
v 306.948914 -42.218540 -128.400757
v 306.561310 -42.218540 -128.310104
v 306.667877 -48.709438 -128.211151
v 307.078186 -48.709438 -128.211151
v 297.731140 -48.709438 -131.798172
v 297.803528 -42.218540 -131.535507
v 297.820801 -42.218540 -132.457352
v 297.765686 -48.709438 -132.646988
v 298.242828 -35.802612 -131.838150
v 298.201111 -35.802612 -131.697937
v 298.488953 -35.802612 -131.697937
v 298.488312 -35.802612 -131.838150
v 306.948395 -35.493382 -132.129456
v 306.948395 -35.493382 -131.272827
v 307.010498 -35.727638 -131.272827
v 307.010498 -35.727638 -132.267700
v 298.087372 -35.493382 -132.281723
v 298.443787 -35.493382 -132.281723
v 298.443176 -35.727638 -132.419724
v 298.026520 -35.727638 -132.419724
v 306.859528 -35.493382 -128.728348
v 306.454742 -35.493382 -128.728348
v 306.454742 -35.727638 -128.590363
v 306.920349 -35.727638 -128.590363
v 297.998505 -35.493382 -128.880615
v 297.998505 -35.493382 -129.737610
v 297.936371 -35.727638 -129.737610
v 297.936371 -35.727638 -128.742371
v 307.095856 -42.218540 -128.690323
v 307.095856 -42.218540 -129.474930
v 307.010498 -35.819313 -130.470642
v 307.010498 -35.727638 -128.742371
v 306.454742 -35.493382 -132.281723
v 306.454742 -35.389988 -131.980774
v 306.735840 -35.389988 -131.980774
v 306.859528 -35.493382 -132.281723
v 297.998505 -35.493382 -131.272827
v 298.133972 -35.389988 -131.272827
v 298.133972 -35.389988 -131.828583
v 297.998505 -35.493382 -132.129456
v 298.464661 -35.527832 -128.728363
v 298.463287 -35.424442 -129.029312
v 298.211060 -35.389988 -129.029312
v 298.087372 -35.493382 -128.728363
v 306.948395 -35.585056 -130.470642
v 306.812927 -35.481663 -130.470642
v 306.812927 -35.389988 -129.181488
v 306.948395 -35.493382 -128.880615
v 306.413483 -35.802612 -131.838150
v 306.702301 -35.802612 -131.838150
v 298.201111 -35.802612 -131.184830
v 298.505005 -35.837067 -129.188904
v 298.242828 -35.802612 -129.188904
v 306.744019 -35.894287 -130.519028
v 306.744019 -35.802612 -129.329117
v 297.917389 -42.218540 -132.609314
v 297.868713 -48.709438 -132.798920
v 306.920349 -35.727638 -132.419724
v 307.218903 -48.709435 -128.663544
v 298.026520 -35.727638 -128.590363
v 297.936371 -35.727638 -132.267700
v 307.095856 -42.218540 -132.457352
v 297.820801 -42.218540 -128.552734
v 297.917389 -42.218540 -128.400757
v 306.812927 -35.389988 -131.828583
v 298.211060 -35.389988 -131.980774
v 298.133972 -35.389988 -129.181488
v 306.735840 -35.389988 -129.029312
v 306.744019 -35.802612 -131.697937
v 298.201111 -35.802612 -129.329117
v 306.702301 -35.802612 -129.188904
v 297.765686 -48.709435 -128.363083
v 297.820801 -42.218540 -129.474930
v 297.765686 -48.709435 -129.212265
v 298.504364 -35.837067 -129.328461
v 298.501984 -35.837067 -129.842560
v 298.201111 -35.802612 -129.842560
v 297.936371 -35.727638 -131.272827
v 307.212494 -48.709438 -131.798172
v 307.095856 -42.218540 -131.535492
v 307.181183 -48.709435 -129.212265
v 298.133972 -35.389988 -129.737610
v 306.812927 -35.389988 -131.272827
v 306.744019 -35.802612 -131.184830
v 298.491333 -35.802612 -131.184830
v 307.181183 -48.709438 -132.646988
v 298.223236 -48.709438 -132.798920
v 298.333191 -42.218540 -132.609314
v 298.465302 -35.762093 -128.590363
v 298.626373 -42.218540 -128.446152
v 306.413483 -35.802612 -131.697937
v 306.454742 -35.727638 -132.419724
v 298.445190 -35.389988 -131.980774
v 306.454742 -35.389988 -129.029312
v 306.413483 -35.802612 -129.188904
v 306.413483 -35.894287 -130.519028
v 306.413483 -35.812263 -129.328934
v 306.413483 -35.802612 -131.184830
v 297.930237 -48.709438 -128.211151
v 298.787445 -48.709438 -128.301941
v 281.707855 -48.707836 -133.837112
v 281.299805 -42.216938 -133.812943
v 281.394318 -42.216938 -133.294708
v 281.583923 -48.707836 -133.202911
v 277.185730 -42.216938 -133.353287
v 277.095093 -42.216938 -133.804214
v 276.996124 -48.707836 -133.680237
v 276.996124 -48.707836 -133.202911
v 280.583160 -48.707836 -144.076782
v 280.320496 -42.216938 -143.992554
v 281.242340 -42.216938 -143.972458
v 281.431976 -48.707836 -144.036575
v 280.623138 -35.801010 -143.481506
v 280.482941 -35.801010 -143.530045
v 280.482941 -35.801010 -143.195145
v 280.623138 -35.801010 -143.195908
v 280.914459 -35.491779 -133.353897
v 280.057831 -35.491779 -133.353897
v 280.057831 -35.726036 -133.281647
v 281.052704 -35.726036 -133.281647
v 281.066711 -35.491779 -143.662354
v 281.066711 -35.491779 -143.247696
v 281.204712 -35.726036 -143.248428
v 281.204712 -35.726036 -143.733124
v 277.513336 -35.491779 -133.457291
v 277.513336 -35.491779 -133.928177
v 277.375336 -35.726036 -133.928177
v 277.375336 -35.726036 -133.386520
v 277.665619 -35.491779 -143.765732
v 278.522583 -35.491779 -143.765732
v 278.522583 -35.726036 -143.837997
v 277.527374 -35.726036 -143.837997
v 277.475311 -42.216938 -133.182358
v 278.259918 -42.216938 -133.182358
v 279.255615 -35.817711 -133.281647
v 277.527374 -35.726036 -133.281647
v 281.066711 -35.491779 -133.928177
v 280.765747 -35.388386 -133.928177
v 280.765747 -35.388386 -133.601181
v 281.066711 -35.491779 -133.457291
v 280.057831 -35.491779 -143.765732
v 280.057831 -35.388386 -143.608139
v 280.613586 -35.388386 -143.608139
v 280.914459 -35.491779 -143.765732
v 277.513336 -35.526230 -143.223404
v 277.814301 -35.422840 -143.225021
v 277.814301 -35.388386 -143.518463
v 277.513336 -35.491779 -143.662354
v 279.255615 -35.583454 -133.353897
v 279.255615 -35.480061 -133.511490
v 277.966461 -35.388386 -133.511490
v 277.665619 -35.491779 -133.353897
v 280.623138 -35.801010 -133.976181
v 280.623138 -35.801010 -133.640182
v 279.969818 -35.801010 -143.530045
v 277.973907 -35.835464 -143.176483
v 277.973907 -35.801010 -143.481506
v 279.304016 -35.892685 -133.591644
v 278.114105 -35.801010 -133.591644
v 281.394318 -42.216938 -143.860092
v 281.583923 -48.707836 -143.916733
v 281.204712 -35.726036 -133.386520
v 277.448547 -48.707832 -133.039215
v 277.375336 -35.726036 -143.733124
v 281.052704 -35.726036 -143.837997
v 281.242340 -42.216938 -133.182358
v 277.337708 -42.216938 -143.972458
v 277.185730 -42.216938 -143.860092
v 280.613586 -35.388386 -133.511490
v 280.765747 -35.388386 -143.518463
v 277.966492 -35.388386 -143.608139
v 277.814301 -35.388386 -133.601181
v 280.482941 -35.801010 -133.591644
v 278.114105 -35.801010 -143.530045
v 277.973907 -35.801010 -133.640182
v 277.148071 -48.707832 -144.036575
v 278.259918 -42.216938 -143.972458
v 277.997253 -48.707832 -144.036575
v 278.113434 -35.835464 -143.177231
v 278.627533 -35.835464 -143.179993
v 278.627533 -35.801010 -143.530045
v 280.057831 -35.726036 -143.837997
v 280.583160 -48.707836 -133.046646
v 280.320496 -42.216938 -133.182358
v 277.997253 -48.707832 -133.083069
v 278.522583 -35.388386 -143.608139
v 280.057831 -35.388386 -133.511490
v 279.969818 -35.801010 -133.591644
v 279.969818 -35.801010 -143.192398
v 281.431976 -48.707836 -133.083069
v 281.583923 -48.707836 -143.504272
v 281.394318 -42.216938 -143.376358
v 277.375336 -35.760490 -143.222672
v 277.231140 -42.216938 -143.035294
v 280.482941 -35.801010 -133.976181
v 281.204712 -35.726036 -133.928177
v 280.765747 -35.388386 -143.246078
v 277.814301 -35.388386 -133.928177
v 277.973907 -35.801010 -133.976181
v 279.304016 -35.892685 -133.976181
v 278.113922 -35.810661 -133.976181
v 279.969818 -35.801010 -133.976181
v 276.996124 -48.707836 -143.845154
v 277.086945 -48.707836 -142.847916
vn -0.9946 0.0403 -0.0957
vn -0.9943 0.0329 0.1019
vn -0.9194 0.0359 -0.3917
vn -0.8262 0.0260 -0.5628
vn 0.7876 0.0193 -0.6158
vn 0.9943 0.0232 -0.1045
vn 0.9998 0.0185 0.0020
vn 0.8052 0.0297 -0.5923
vn -0.0134 0.0086 0.9999
vn -0.0052 0.0128 0.9999
vn -0.2872 0.0085 0.9578
vn 0.0885 0.0012 0.9961
vn 0.5572 0.6895 -0.4626
vn 0.0951 0.7297 -0.6771
vn -0.0000 1.0000 -0.0000
vn 0.6004 0.7997 -0.0000
vn -0.2489 0.4101 -0.8774
vn 0.0383 0.4679 -0.8830
vn 0.0084 0.1194 -0.9928
vn -0.1070 0.4686 -0.8769
vn -0.6871 0.6144 0.3878
vn -0.6831 0.7303 -0.0000
vn -0.9712 0.2383 -0.0015
vn -0.8455 0.2423 0.4759
vn 0.6871 0.6144 -0.3878
vn 0.8476 0.5306 0.0020
vn 0.9699 0.2437 0.0028
vn 0.8435 0.2429 -0.4790
vn 0.2489 0.4101 0.8774
vn -0.0000 0.2813 0.9596
vn 0.0004 0.1173 0.9931
vn 0.1068 0.4660 0.8783
vn 0.2374 0.0122 -0.9713
vn -0.0001 0.0131 -0.9999
vn 0.0035 0.1084 -0.9941
vn 0.1901 0.2380 -0.9525
vn -0.6813 0.7320 -0.0000
vn 0.4350 0.9004 -0.0000
vn 0.1896 0.9792 0.0726
vn -0.4981 0.7546 -0.4273
vn -0.0000 0.5180 0.8554
vn -0.0000 0.9398 -0.3418
vn 0.1644 0.9655 -0.2018
vn -0.2752 0.7100 0.6482
vn 0.6912 0.7210 -0.0490
vn -0.4353 0.8973 -0.0734
vn -0.1531 0.9792 -0.1332
vn 0.5168 0.7661 0.3822
vn -0.0475 0.4863 -0.8725
vn 0.0233 0.9320 0.3616
vn -0.2150 0.9644 0.1538
vn 0.2507 0.7038 -0.6646
vn 0.5583 0.7020 0.4422
vn -0.0000 0.7535 -0.6575
vn -0.5734 0.8171 -0.0605
vn -0.5558 0.6675 -0.4954
vn 0.0299 0.7745 0.6319
vn -0.1276 0.7101 0.6924
vn -0.8756 0.0268 0.4823
vn -0.8840 0.0246 0.4667
vn -0.8475 0.2376 -0.4747
vn 0.1325 0.0161 -0.9911
vn 0.8490 0.2483 0.4664
vn -0.2171 0.5119 0.8312
vn -0.2726 0.0175 -0.9620
vn 0.2721 0.0146 0.9622
vn 0.8903 0.0260 0.4546
vn 0.1589 0.9634 0.2161
vn 0.1792 0.9815 -0.0667
vn -0.1616 0.9637 -0.2127
vn -0.1708 0.9835 0.0599
vn 0.0827 0.7363 0.6716
vn -0.0872 0.6929 -0.7158
vn -0.5529 0.6894 0.4680
vn 0.3977 0.0129 0.9174
vn 0.0042 0.0112 0.9999
vn 0.0061 0.0079 1.0000
vn -0.0053 0.9974 -0.0717
vn 0.0162 0.9974 -0.0700
vn 0.0080 0.7104 -0.7037
vn -0.0004 0.1175 0.9931
vn -0.0139 0.0143 -0.9998
vn -0.0006 0.0122 -0.9999
vn -0.0291 0.0101 -0.9995
vn -0.0000 0.9398 -0.3417
vn 0.0618 0.9424 0.3286
vn 0.0614 0.7378 0.6722
vn 0.0086 1.0000 -0.0048
vn -0.3061 0.0198 -0.9518
vn -0.9995 0.0312 0.0006
vn -0.9997 0.0245 -0.0057
vn 0.9729 0.2311 -0.0118
vn 0.9994 0.0225 -0.0263
vn -0.9723 0.2338 -0.0000
vn -0.4202 0.9074 0.0023
vn -0.6207 0.7840 0.0021
vn 0.0444 0.9990 -0.0052
vn -0.0784 0.9969 0.0119
vn 0.0776 0.9970 -0.0050
vn 0.9494 0.0208 0.3134
vn 0.9988 0.0181 -0.0448
vn -0.9944 0.0481 -0.0941
vn -0.9940 0.0394 0.1020
vn -0.9187 0.0426 -0.3925
vn -0.8262 0.0310 -0.5625
vn 0.7878 0.0230 -0.6155
vn 0.9942 0.0275 -0.1042
vn 0.9998 0.0220 0.0013
vn 0.8051 0.0353 -0.5921
vn -0.0134 0.0102 0.9999
vn -0.0052 0.0152 0.9999
vn -0.2870 0.0120 0.9579
vn 0.0880 0.0040 0.9961
vn 0.5403 0.7056 -0.4584
vn 0.0924 0.7397 -0.6665
vn 0.5802 0.8145 -0.0000
vn -0.2318 0.4608 -0.8567
vn 0.0355 0.5209 -0.8529
vn 0.0082 0.1402 -0.9901
vn -0.0871 0.4901 -0.8673
vn -0.6522 0.6630 0.3676
vn -0.6343 0.7731 -0.0000
vn -0.9613 0.2756 -0.0017
vn -0.8376 0.2765 0.4711
vn 0.6522 0.6630 -0.3676
vn 0.8111 0.5848 0.0018
vn 0.9594 0.2819 0.0031
vn 0.8353 0.2772 -0.4749
vn 0.2318 0.4608 0.8567
vn -0.0000 0.3398 0.9405
vn 0.0004 0.1386 0.9903
vn 0.0873 0.4878 0.8686
vn 0.2375 0.0149 -0.9713
vn -0.0001 0.0155 -0.9999
vn 0.0036 0.1293 -0.9916
vn 0.1899 0.2683 -0.9444
vn -0.6324 0.7746 -0.0000
vn 0.4382 0.8989 -0.0000
vn 0.2017 0.9759 0.0832
vn -0.4569 0.7908 -0.4071
vn -0.0000 0.5706 0.8212
vn -0.0000 0.9291 -0.3698
vn 0.1593 0.9605 -0.2282
vn -0.2576 0.7464 0.6137
vn 0.6410 0.7662 -0.0445
vn -0.4329 0.8993 -0.0618
vn -0.1690 0.9766 -0.1328
vn 0.4751 0.7997 0.3670
vn -0.0485 0.5420 -0.8390
vn 0.0189 0.9222 0.3863
vn -0.2020 0.9626 0.1805
vn 0.2351 0.7396 -0.6306
vn 0.5415 0.7199 0.4343
vn -0.0000 0.7618 -0.6478
vn -0.5537 0.8311 -0.0516
vn -0.5351 0.6944 -0.4811
vn 0.0254 0.7794 0.6261
vn -0.1195 0.7250 0.6783
vn -0.8754 0.0319 0.4824
vn -0.8841 0.0293 0.4664
vn -0.8401 0.2711 -0.4698
vn 0.1333 0.0192 -0.9909
vn 0.8408 0.2822 0.4620
vn -0.1955 0.5392 0.8192
vn -0.2726 0.0208 -0.9619
vn 0.2721 0.0179 0.9621
vn 0.8900 0.0310 0.4549
vn 0.1529 0.9575 0.2447
vn 0.1906 0.9786 -0.0782
vn -0.1558 0.9580 -0.2407
vn -0.1810 0.9809 0.0706
vn 0.0787 0.7466 0.6606
vn -0.0821 0.7107 -0.6987
vn -0.5333 0.7084 0.4624
vn 0.3982 0.0154 0.9172
vn 0.0042 0.0133 0.9999
vn 0.0060 0.0094 0.9999
vn -0.0045 0.9982 -0.0604
vn 0.0137 0.9982 -0.0590
vn 0.0067 0.7262 -0.6874
vn -0.0004 0.1388 0.9903
vn -0.0142 0.0170 -0.9998
vn -0.0008 0.0145 -0.9999
vn -0.0293 0.0120 -0.9995
vn 0.0516 0.9325 0.3575
vn 0.0528 0.7502 0.6591
vn 0.0073 1.0000 -0.0040
vn -0.3064 0.0235 -0.9516
vn -0.9993 0.0362 -0.0001
vn -0.9996 0.0291 -0.0057
vn 0.9632 0.2685 -0.0119
vn 0.9993 0.0265 -0.0267
vn -0.9628 0.2701 -0.0000
vn -0.4214 0.9069 0.0019
vn -0.5937 0.8047 0.0018
vn 0.0375 0.9993 -0.0043
vn -0.0659 0.9978 0.0100
vn 0.0654 0.9979 -0.0042
vn 0.9494 0.0248 0.3131
vn 0.9988 0.0218 -0.0445
vn -0.9194 0.0359 -0.3918
vn -0.8261 0.0260 -0.5629
vn 0.0383 0.4678 -0.8830
vn -0.1069 0.4686 -0.8769
vn 0.1069 0.4660 0.8783
vn 0.0035 0.1083 -0.9941
vn -0.4980 0.7546 -0.4273
vn -0.5734 0.8171 -0.0604
vn -0.8756 0.0268 0.4822
vn -0.8474 0.2376 -0.4747
vn 0.1324 0.0161 -0.9911
vn 0.2722 0.0146 0.9621
vn -0.5529 0.6894 0.4681
vn -0.3060 0.0198 -0.9518
vn 0.1644 0.9655 -0.2019
vn 0.2507 0.7039 -0.6646
vn -0.9188 0.0426 -0.3925
vn 0.1593 0.9605 -0.2281
vn -0.2576 0.7463 0.6137
vn 0.1901 0.2379 -0.9525
vn 0.2721 0.0146 0.9621
vn -0.8840 0.0246 0.4668
vn -0.8262 0.0310 -0.5626
vn 0.8352 0.2772 -0.4749
vn 0.2318 0.4607 0.8567
vn -0.1196 0.7250 0.6783
vn -0.8754 0.0319 0.4823
vn -0.1558 0.9580 -0.2408
vn 0.0528 0.7502 0.6592
vn -0.4569 0.7908 -0.4072
vn 0.2507 0.7038 -0.6647
vn 0.0618 0.9425 0.3286
vn 0.5573 0.6895 -0.4626
vn -0.8376 0.2765 0.4710
vn -0.1956 0.5392 0.8192
vn 0.0941 0.0481 -0.9944
vn -0.1020 0.0394 -0.9940
vn 0.3925 0.0426 -0.9188
vn 0.5626 0.0310 -0.8262
vn 0.6155 0.0230 0.7878
vn 0.1042 0.0275 0.9942
vn -0.0013 0.0220 0.9998
vn 0.5921 0.0353 0.8051
vn -0.9999 0.0102 -0.0134
vn -0.9999 0.0152 -0.0052
vn -0.9578 0.0120 -0.2870
vn -0.9961 0.0040 0.0880
vn 0.4585 0.7057 0.5402
vn 0.6665 0.7397 0.0924
vn -0.0000 0.8145 0.5802
vn 0.8567 0.4607 -0.2318
vn 0.8529 0.5209 0.0355
vn 0.9901 0.1402 0.0082
vn 0.8673 0.4901 -0.0871
vn -0.3676 0.6630 -0.6522
vn -0.0000 0.7731 -0.6343
vn 0.0017 0.2756 -0.9613
vn -0.4711 0.2766 -0.8376
vn 0.3676 0.6629 0.6522
vn -0.0018 0.5848 0.8112
vn -0.0031 0.2819 0.9594
vn 0.4748 0.2772 0.8353
vn -0.8567 0.4608 0.2318
vn -0.9405 0.3399 -0.0000
vn -0.9903 0.1387 0.0004
vn -0.8685 0.4879 0.0873
vn 0.9713 0.0149 0.2375
vn 0.9999 0.0155 -0.0001
vn 0.9916 0.1293 0.0036
vn 0.9444 0.2683 0.1899
vn -0.0000 0.7746 -0.6324
vn -0.0000 0.8989 0.4381
vn -0.0832 0.9759 0.2016
vn 0.4072 0.7908 -0.4569
vn -0.8212 0.5706 -0.0000
vn 0.3698 0.9291 -0.0000
vn 0.2282 0.9605 0.1593
vn -0.6137 0.7464 -0.2576
vn 0.0445 0.7662 0.6410
vn 0.0618 0.8993 -0.4329
vn 0.1328 0.9766 -0.1690
vn -0.3670 0.7998 0.4751
vn 0.8390 0.5420 -0.0485
vn -0.3863 0.9222 0.0189
vn -0.1805 0.9626 -0.2020
vn 0.6307 0.7396 0.2351
vn -0.4343 0.7199 0.5414
vn 0.6478 0.7618 -0.0000
vn 0.0516 0.8311 -0.5537
vn 0.4811 0.6944 -0.5351
vn -0.6261 0.7794 0.0254
vn -0.6783 0.7250 -0.1195
vn -0.4823 0.0319 -0.8754
vn -0.4664 0.0293 -0.8841
vn 0.4698 0.2711 -0.8401
vn 0.9909 0.0192 0.1333
vn -0.4620 0.2822 0.8408
vn -0.8192 0.5392 -0.1955
vn 0.9619 0.0208 -0.2726
vn -0.9621 0.0179 0.2721
vn -0.4549 0.0310 0.8900
vn -0.2447 0.9575 0.1529
vn 0.0782 0.9786 0.1905
vn 0.2407 0.9580 -0.1558
vn -0.0706 0.9809 -0.1810
vn -0.6606 0.7466 0.0787
vn 0.6987 0.7107 -0.0821
vn -0.4624 0.7084 -0.5333
vn -0.9172 0.0154 0.3982
vn -0.9999 0.0133 0.0042
vn -0.9999 0.0094 0.0060
vn 0.0604 0.9982 -0.0045
vn 0.0590 0.9982 0.0137
vn 0.6874 0.7262 0.0067
vn -0.9903 0.1388 -0.0004
vn 0.9998 0.0170 -0.0142
vn 0.9999 0.0145 -0.0008
vn 0.9995 0.0120 -0.0293
vn -0.3575 0.9325 0.0516
vn -0.6591 0.7502 0.0528
vn 0.0040 1.0000 0.0073
vn 0.9516 0.0235 -0.3064
vn 0.0001 0.0362 -0.9993
vn 0.0057 0.0291 -0.9996
vn 0.0119 0.2685 0.9632
vn 0.0267 0.0265 0.9993
vn -0.0000 0.2701 -0.9628
vn -0.0019 0.9069 -0.4214
vn -0.0018 0.8047 -0.5937
vn 0.0043 0.9993 0.0375
vn -0.0100 0.9978 -0.0659
vn 0.0042 0.9979 0.0654
vn -0.3131 0.0248 0.9494
vn 0.0445 0.0218 0.9988
vn 0.0957 0.0403 -0.9946
vn -0.1019 0.0329 -0.9943
vn 0.3917 0.0359 -0.9194
vn 0.5628 0.0260 -0.8262
vn 0.6158 0.0193 0.7876
vn 0.1045 0.0232 0.9943
vn -0.0020 0.0185 0.9998
vn 0.5923 0.0297 0.8052
vn -0.9999 0.0086 -0.0134
vn -0.9999 0.0128 -0.0052
vn -0.9578 0.0085 -0.2872
vn -0.9961 0.0012 0.0885
vn 0.4626 0.6895 0.5572
vn 0.6771 0.7297 0.0951
vn -0.0000 0.7997 0.6004
vn 0.8774 0.4101 -0.2489
vn 0.8830 0.4678 0.0383
vn 0.9928 0.1193 0.0084
vn 0.8769 0.4686 -0.1069
vn -0.3878 0.6144 -0.6871
vn -0.0000 0.7303 -0.6831
vn 0.0015 0.2383 -0.9712
vn -0.4759 0.2423 -0.8455
vn 0.3878 0.6143 0.6871
vn -0.0020 0.5305 0.8477
vn -0.0028 0.2437 0.9699
vn 0.4790 0.2429 0.8435
vn -0.8774 0.4101 0.2489
vn -0.9596 0.2814 -0.0000
vn -0.9931 0.1174 0.0004
vn -0.8783 0.4661 0.1069
vn 0.9713 0.0122 0.2375
vn 0.9999 0.0131 -0.0001
vn 0.9941 0.1083 0.0035
vn 0.9525 0.2379 0.1902
vn -0.0000 0.7320 -0.6813
vn -0.0000 0.9004 0.4350
vn -0.0726 0.9792 0.1896
vn 0.4273 0.7545 -0.4981
vn -0.8554 0.5180 -0.0000
vn 0.3418 0.9398 -0.0000
vn 0.2019 0.9655 0.1644
vn -0.6482 0.7100 -0.2752
vn 0.0490 0.7209 0.6913
vn 0.0734 0.8973 -0.4353
vn 0.1332 0.9792 -0.1531
vn -0.3822 0.7661 0.5168
vn 0.8725 0.4863 -0.0475
vn -0.3616 0.9320 0.0233
vn -0.1538 0.9644 -0.2150
vn 0.6646 0.7038 0.2507
vn -0.4422 0.7020 0.5582
vn 0.6575 0.7535 -0.0000
vn 0.0605 0.8171 -0.5734
vn 0.4954 0.6675 -0.5558
vn -0.6319 0.7745 0.0299
vn -0.6924 0.7101 -0.1276
vn -0.4822 0.0268 -0.8756
vn -0.4667 0.0246 -0.8841
vn 0.4748 0.2376 -0.8474
vn 0.9911 0.0161 0.1325
vn -0.4664 0.2483 0.8490
vn -0.8312 0.5119 -0.2171
vn 0.9620 0.0175 -0.2726
vn -0.9621 0.0146 0.2722
vn -0.4546 0.0260 0.8903
vn -0.2161 0.9634 0.1588
vn 0.0667 0.9815 0.1792
vn 0.2127 0.9637 -0.1616
vn -0.0599 0.9835 -0.1708
vn -0.6716 0.7363 0.0827
vn 0.7158 0.6929 -0.0872
vn -0.4680 0.6894 -0.5529
vn -0.9174 0.0129 0.3977
vn -0.9999 0.0112 0.0042
vn -1.0000 0.0079 0.0061
vn 0.0717 0.9974 -0.0053
vn 0.0700 0.9974 0.0162
vn 0.7037 0.7104 0.0080
vn -0.9931 0.1175 -0.0004
vn 0.9998 0.0143 -0.0139
vn 0.9999 0.0122 -0.0006
vn 0.9995 0.0101 -0.0291
vn -0.3286 0.9424 0.0618
vn -0.6722 0.7378 0.0614
vn 0.0048 1.0000 0.0086
vn 0.9518 0.0198 -0.3061
vn -0.0006 0.0312 -0.9995
vn 0.0057 0.0245 -0.9997
vn 0.0118 0.2311 0.9729
vn 0.0263 0.0225 0.9994
vn -0.0000 0.2338 -0.9723
vn -0.0023 0.9074 -0.4202
vn -0.0021 0.7840 -0.6207
vn 0.0052 0.9990 0.0444
vn -0.0119 0.9969 -0.0784
vn 0.0050 0.9970 0.0776
vn -0.3134 0.0208 0.9494
vn 0.0448 0.0181 0.9988
vn 0.0940 0.0481 -0.9944
vn -0.9961 0.0040 0.0879
vn 0.4585 0.7057 0.5403
vn 0.3676 0.6630 0.6522
vn 0.6306 0.7396 0.2351
vn -0.4663 0.0293 -0.8841
vn 0.9956 0.0482 0.0800
vn 0.9953 0.0397 -0.0882
vn 0.9267 0.0430 0.3732
vn 0.8535 0.0323 0.5201
vn -0.8162 0.0241 0.5773
vn -0.9956 0.0275 0.0897
vn -0.9998 0.0220 -0.0005
vn -0.8176 0.0372 0.5746
vn 0.0155 0.0119 -0.9998
vn 0.0060 0.0177 -0.9998
vn 0.3219 0.0151 -0.9466
vn -0.0525 0.0064 -0.9986
vn -0.5488 0.7127 0.4369
vn -0.1060 0.7452 0.6584
vn -0.5802 0.8145 -0.0000
vn 0.2436 0.4920 0.8358
vn -0.0381 0.5672 0.8227
vn -0.0094 0.1616 0.9868
vn 0.1179 0.5175 0.8475
vn 0.6569 0.6759 -0.3341
vn 0.6343 0.7731 -0.0000
vn 0.9612 0.2757 0.0016
vn 0.8492 0.2844 -0.4450
vn -0.6569 0.6759 0.3341
vn -0.8109 0.5852 -0.0015
vn -0.9594 0.2821 -0.0028
vn -0.8469 0.2847 0.4491
vn -0.2435 0.4920 -0.8358
vn -0.0000 0.3905 -0.9206
vn -0.0005 0.1599 -0.9871
vn -0.1181 0.5154 -0.8488
vn -0.2684 0.0175 0.9631
vn 0.0002 0.0180 0.9998
vn -0.0042 0.1492 0.9888
vn -0.2186 0.2905 0.9316
vn 0.6324 0.7746 -0.0000
vn -0.4382 0.8989 -0.0000
vn -0.2129 0.9716 -0.1029
vn 0.4640 0.8031 0.3738
vn -0.0000 0.6155 -0.7882
vn -0.0000 0.9205 0.3909
vn -0.1600 0.9591 0.2335
vn 0.2698 0.7690 -0.5796
vn -0.6401 0.7673 0.0397
vn 0.4312 0.9007 0.0533
vn 0.1818 0.9726 0.1448
vn -0.4811 0.8086 -0.3386
vn 0.0475 0.5877 0.8077
vn -0.0186 0.9131 -0.4073
vn 0.2004 0.9618 -0.1867
vn -0.2462 0.7629 0.5978
vn -0.5496 0.7280 -0.4098
vn -0.0000 0.7700 0.6380
vn 0.5552 0.8305 0.0443
vn 0.5439 0.7076 0.4511
vn -0.0255 0.7871 -0.6163
vn 0.1330 0.7324 -0.6678
vn 0.8918 0.0329 -0.4513
vn 0.9000 0.0301 -0.4349
vn 0.8516 0.2789 0.4438
vn -0.1512 0.0223 0.9883
vn -0.8517 0.2887 -0.4373
vn 0.2274 0.5636 -0.7941
vn 0.3062 0.0237 0.9517
vn -0.3056 0.0207 -0.9519
vn -0.9035 0.0319 -0.4273
vn -0.1543 0.9556 -0.2511
vn -0.2004 0.9747 0.0993
vn 0.1570 0.9562 0.2470
vn 0.1904 0.9774 -0.0918
vn -0.0902 0.7530 -0.6518
vn 0.0931 0.7228 0.6848
vn 0.5413 0.7165 -0.4400
vn -0.4321 0.0172 -0.9017
vn -0.0049 0.0155 -0.9999
vn -0.0070 0.0109 -0.9999
vn 0.0040 0.9986 0.0521
vn -0.0135 0.9986 0.0507
vn -0.0065 0.7404 0.6722
vn 0.0005 0.1602 -0.9871
vn 0.0165 0.0198 0.9997
vn 0.0009 0.0169 0.9999
vn 0.0340 0.0139 0.9993
vn -0.0000 0.9205 0.3908
vn -0.0513 0.9244 -0.3780
vn -0.0537 0.7593 -0.6485
vn -0.0074 1.0000 0.0040
vn 0.3431 0.0268 0.9389
vn 0.9994 0.0355 0.0006
vn 0.9996 0.0291 0.0049
vn -0.9630 0.2694 0.0105
vn -0.9994 0.0263 0.0233
vn 0.9628 0.2701 -0.0000
vn 0.4214 0.9069 -0.0017
vn 0.5937 0.8047 -0.0015
vn -0.0370 0.9993 0.0037
vn 0.0664 0.9978 -0.0082
vn -0.0658 0.9978 0.0037
vn -0.9582 0.0251 -0.2849
vn -0.9990 0.0219 0.0380
vt 0.922990 0.978771
vt 0.925016 0.775168
vt 0.962695 0.774739
vt 0.969609 0.978244
vt 0.959825 0.221249
vt 0.926680 0.220438
vt 0.935912 0.017318
vt 0.970670 0.017655
vt 0.050561 0.024580
vt 0.071140 0.227750
vt 0.036656 0.229667
vt 0.018773 0.026360
vt 0.221362 0.541109
vt 0.218513 0.538073
vt 0.241571 0.538797
vt 0.241220 0.542453
vt 0.960680 0.559617
vt 0.963012 0.527347
vt 0.970447 0.527713
vt 0.968383 0.567285
vt 0.205371 0.563336
vt 0.236420 0.564226
vt 0.236286 0.571658
vt 0.199744 0.570578
vt 0.952959 0.431305
vt 0.917802 0.430453
vt 0.917857 0.423044
vt 0.958507 0.424139
vt 0.197564 0.435336
vt 0.195350 0.467641
vt 0.187665 0.467212
vt 0.189850 0.427443
vt 0.022073 0.692652
vt 0.051239 0.692685
vt 0.087299 0.893195
vt 0.020325 0.897148
vt 0.917341 0.565255
vt 0.917241 0.555337
vt 0.942146 0.553955
vt 0.952466 0.564544
vt 0.195100 0.525927
vt 0.205548 0.525368
vt 0.207837 0.546558
vt 0.197187 0.558264
vt 0.238623 0.429188
vt 0.238627 0.439307
vt 0.216072 0.440750
vt 0.205772 0.430336
vt 0.964395 0.496221
vt 0.953217 0.496689
vt 0.950717 0.447912
vt 0.961168 0.436415
vt 0.913209 0.543291
vt 0.936763 0.542090
vt 0.218217 0.521196
vt 0.243038 0.451607
vt 0.221730 0.452715
vt 0.940069 0.498752
vt 0.940158 0.456709
vt 0.176815 0.976571
vt 0.181691 0.772720
vt 0.191678 0.773480
vt 0.187240 0.977029
vt 0.958008 0.571831
vt 0.991311 0.018897
vt 0.976097 0.222261
vt 0.200260 0.423191
vt 0.189346 0.565924
vt 0.972694 0.773997
vt 0.968790 0.428872
vt 0.182776 0.221427
vt 0.192699 0.220395
vt 0.950212 0.547809
vt 0.215818 0.552850
vt 0.208142 0.447019
vt 0.942619 0.441697
vt 0.939728 0.539091
vt 0.218767 0.455879
vt 0.937214 0.453721
vt 0.178717 0.017504
vt 0.148220 0.223651
vt 0.147052 0.019486
vt 0.243158 0.455276
vt 0.242902 0.472906
vt 0.218387 0.472879
vt 0.972744 0.495846
vt 0.187408 0.526348
vt 0.138172 0.489161
vt 0.128220 0.692757
vt 0.041814 0.489176
vt 0.205790 0.468159
vt 0.952829 0.526795
vt 0.940358 0.522020
vt 0.241856 0.521207
vt 0.169902 0.489293
vt 0.162621 0.692747
vt 0.217442 0.977424
vt 0.227094 0.774189
vt 0.238681 0.421489
vt 0.252985 0.219954
vt 0.913078 0.539646
vt 0.917350 0.572720
vt 0.236760 0.554380
vt 0.917669 0.440301
vt 0.913586 0.452515
vt 0.913194 0.498880
vt 0.913355 0.456087
vt 0.913176 0.522137
vt 0.090973 0.430533
vt 0.051478 0.434800
vt 0.021133 0.489031
vt 0.980031 0.977810
vt 0.193794 0.016883
vt 0.150173 0.427312
vt 0.119165 0.895492
vt 0.158738 0.897556
vt 0.266783 0.016711
s 1
f 1/1/1 2/2/2 3/3/3
f 3/3/3 4/4/4 1/1/1
f 5/5/5 6/6/6 7/7/7
f 7/7/7 8/8/8 5/5/5
f 9/9/9 10/10/10 11/11/11
f 11/11/11 12/12/12 9/9/9
f 13/13/13 14/14/14 15/15/15
f 15/15/15 16/16/16 13/13/13
f 17/17/17 18/18/18 19/19/19
f 19/19/19 20/20/20 17/17/17
f 21/21/21 22/22/22 23/23/23
f 23/23/23 24/24/24 21/21/21
f 25/25/25 26/26/26 27/27/27
f 27/27/27 28/28/28 25/25/25
f 29/29/29 30/30/30 31/31/31
f 31/31/31 32/32/32 29/29/29
f 33/33/33 34/34/34 35/35/35
f 35/35/35 36/36/36 33/33/33
f 37/37/37 38/38/38 39/39/39
f 39/39/39 40/40/40 37/37/37
f 41/41/41 42/42/42 43/43/43
f 43/43/43 44/44/44 41/41/41
f 45/45/45 46/46/46 47/47/47
f 47/47/47 48/48/48 45/45/45
f 49/49/49 50/50/50 51/51/51
f 51/51/51 52/52/52 49/49/49
f 39/39/39 38/38/38 53/53/16
f 53/53/16 54/54/53 39/39/39
f 42/42/42 55/55/54 14/14/14
f 14/14/14 43/43/43 42/42/42
f 47/47/47 46/46/46 56/56/55
f 56/56/55 57/57/56 47/47/47
f 50/50/50 58/58/57 59/59/58
f 59/59/58 51/51/51 50/50/50
f 12/60/12 11/61/11 60/62/59
f 60/62/59 61/63/60 12/60/12
f 40/40/40 17/17/17 20/20/20
f 20/20/20 62/64/61 40/40/40
f 63/65/62 33/66/33 5/5/5
f 5/5/5 8/8/8 63/65/62
f 48/48/48 29/29/29 32/32/32
f 32/32/32 64/67/63 48/48/48
f 24/24/24 65/68/64 44/44/44
f 44/44/44 21/21/21 24/24/24
f 20/20/20 66/69/65 3/3/3
f 3/3/3 62/64/61 20/20/20
f 28/28/28 36/70/36 52/52/52
f 52/52/52 25/25/25 28/28/28
f 32/32/32 67/71/66 68/72/67
f 68/72/67 64/67/63 32/32/32
f 17/17/17 40/40/40 39/39/39
f 39/39/39 69/73/68 17/17/17
f 21/21/21 44/44/44 43/43/43
f 43/43/43 70/74/69 21/21/21
f 29/29/29 48/48/48 47/47/47
f 47/47/47 71/75/70 29/29/29
f 25/25/25 52/52/52 51/51/51
f 51/51/51 72/76/71 25/25/25
f 69/73/68 39/39/39 54/54/53
f 54/54/53 73/77/72 69/73/68
f 70/74/69 43/43/43 14/14/14
f 14/14/14 13/13/13 70/74/69
f 71/75/70 47/47/47 57/57/56
f 57/57/56 74/78/73 71/75/70
f 72/76/71 51/51/51 59/59/58
f 59/59/58 75/79/74 72/76/71
f 76/80/75 67/71/66 77/81/76
f 77/81/76 78/82/77 76/80/75
f 74/78/73 79/83/78 80/84/79
f 80/84/79 81/85/80 74/78/73
f 52/52/52 36/70/36 35/86/35
f 35/86/35 49/49/49 52/52/52
f 41/41/41 82/87/81 31/31/31
f 31/31/31 30/30/30 41/41/41
f 83/88/82 84/89/83 34/34/34
f 34/34/34 85/90/84 83/88/82
f 30/30/30 29/29/29 71/75/70
f 71/75/70 86/91/85 30/30/30
f 18/18/18 87/92/86 50/50/50
f 50/50/50 49/49/49 18/18/18
f 71/75/70 74/78/73 81/85/80
f 81/85/80 86/91/85 71/75/70
f 87/92/86 88/93/87 58/58/57
f 58/58/57 50/50/50 87/92/86
f 78/82/77 77/81/76 10/10/10
f 10/10/10 9/9/9 78/82/77
f 81/85/80 80/84/79 89/94/88
f 89/94/88 55/55/54 81/85/80
f 49/49/49 35/86/35 19/19/19
f 19/19/19 18/18/18 49/49/49
f 30/30/30 86/91/85 42/42/42
f 42/42/42 41/41/41 30/30/30
f 86/91/85 81/85/80 55/55/54
f 55/55/54 42/42/42 86/91/85
f 44/44/44 65/68/64 82/87/81
f 82/87/81 41/41/41 44/44/44
f 90/95/89 66/96/65 84/89/83
f 84/89/83 83/88/82 90/95/89
f 18/18/18 17/17/17 69/73/68
f 69/73/68 87/92/86 18/18/18
f 69/73/68 73/77/72 88/93/87
f 88/93/87 87/92/86 69/73/68
f 91/97/90 92/98/91 2/2/2
f 2/2/2 1/1/1 91/97/90
f 27/27/27 93/99/92 94/100/93
f 94/100/93 6/6/6 27/27/27
f 54/54/53 53/53/16 95/101/15
f 95/101/15 73/77/72 54/54/53
f 40/40/40 62/64/61 96/102/94
f 96/102/94 37/37/37 40/40/40
f 45/45/45 93/99/92 27/27/27
f 27/27/27 26/26/26 45/45/45
f 22/22/22 97/103/38 38/38/38
f 38/38/38 37/37/37 22/22/22
f 26/26/26 25/25/25 72/76/71
f 72/76/71 98/104/95 26/26/26
f 97/103/38 16/16/16 53/53/16
f 53/53/16 38/38/38 97/103/38
f 72/76/71 75/79/74 99/105/96
f 99/105/96 98/104/95 72/76/71
f 58/58/57 100/106/97 101/107/98
f 101/107/98 59/59/58 58/58/57
f 58/58/57 88/93/87 102/108/99
f 102/108/99 100/106/97 58/58/57
f 53/53/16 16/16/16 15/15/15
f 15/15/15 95/101/15 53/53/16
f 37/37/37 96/102/94 23/23/23
f 23/23/23 22/22/22 37/37/37
f 26/26/26 98/104/95 46/46/46
f 46/46/46 45/45/45 26/26/26
f 98/104/95 99/105/96 56/56/55
f 56/56/55 46/46/46 98/104/95
f 100/106/97 80/84/79 79/83/78
f 79/83/78 101/107/98 100/106/97
f 80/84/79 100/106/97 102/108/99
f 102/108/99 89/94/88 80/84/79
f 91/97/90 61/63/60 60/62/59
f 60/62/59 92/98/91 91/97/90
f 93/99/92 64/67/63 68/72/67
f 68/72/67 94/100/93 93/99/92
f 48/48/48 64/67/63 93/99/92
f 93/99/92 45/45/45 48/48/48
f 22/22/22 21/21/21 70/74/69
f 70/74/69 97/103/38 22/22/22
f 70/74/69 13/13/13 16/16/16
f 16/16/16 97/103/38 70/74/69
f 2/2/2 96/102/94 62/64/61
f 62/64/61 3/3/3 2/2/2
f 28/28/28 27/27/27 6/6/6
f 6/6/6 5/5/5 28/28/28
f 82/109/81 65/110/64 11/11/11
f 11/11/11 10/10/10 82/109/81
f 63/111/62 85/90/84 34/34/34
f 34/34/34 33/33/33 63/111/62
f 65/68/64 24/24/24 60/62/59
f 60/62/59 11/61/11 65/68/64
f 36/70/36 28/28/28 5/5/5
f 5/5/5 33/66/33 36/70/36
f 90/112/89 4/4/4 3/3/3
f 3/3/3 66/69/65 90/112/89
f 76/80/75 103/113/100 68/72/67
f 68/72/67 67/71/66 76/80/75
f 32/32/32 31/114/31 77/81/76
f 77/81/76 67/71/66 32/32/32
f 19/115/19 35/35/35 34/34/34
f 34/34/34 84/89/83 19/115/19
f 31/114/31 82/109/81 10/10/10
f 10/10/10 77/81/76 31/114/31
f 20/116/20 19/115/19 84/89/83
f 84/89/83 66/96/65 20/116/20
f 23/23/23 96/102/94 2/2/2
f 2/2/2 92/98/91 23/23/23
f 104/117/101 7/7/7 6/6/6
f 6/6/6 94/100/93 104/117/101
f 24/24/24 23/23/23 92/98/91
f 92/98/91 60/62/59 24/24/24
f 103/113/100 104/117/101 94/100/93
f 94/100/93 68/72/67 103/113/100
f 55/55/54 89/94/88 15/15/15
f 15/15/15 14/14/14 55/55/54
f 89/94/88 102/108/99 95/101/15
f 95/101/15 15/15/15 89/94/88
f 102/108/99 88/93/87 73/77/72
f 73/77/72 95/101/15 102/108/99
f 57/57/56 56/56/55 79/83/78
f 79/83/78 74/78/73 57/57/56
f 56/56/55 99/105/96 101/107/98
f 101/107/98 79/83/78 56/56/55
f 101/107/98 99/105/96 75/79/74
f 75/79/74 59/59/58 101/107/98
f 105/1/102 106/2/103 107/3/104
f 107/3/104 108/4/105 105/1/102
f 109/5/106 110/6/107 111/7/108
f 111/7/108 112/8/109 109/5/106
f 113/9/110 114/10/111 115/11/112
f 115/11/112 116/12/113 113/9/110
f 117/13/114 118/14/115 119/15/15
f 119/15/15 120/16/116 117/13/114
f 121/17/117 122/18/118 123/19/119
f 123/19/119 124/20/120 121/17/117
f 125/21/121 126/22/122 127/23/123
f 127/23/123 128/24/124 125/21/121
f 129/25/125 130/26/126 131/27/127
f 131/27/127 132/28/128 129/25/125
f 133/29/129 134/30/130 135/31/131
f 135/31/131 136/32/132 133/29/129
f 137/33/133 138/34/134 139/35/135
f 139/35/135 140/36/136 137/33/133
f 141/37/137 142/38/138 143/39/139
f 143/39/139 144/40/140 141/37/137
f 145/41/141 146/42/142 147/43/143
f 147/43/143 148/44/144 145/41/141
f 149/45/145 150/46/146 151/47/147
f 151/47/147 152/48/148 149/45/145
f 153/49/149 154/50/150 155/51/151
f 155/51/151 156/52/152 153/49/149
f 143/39/139 142/38/138 157/53/116
f 157/53/116 158/54/153 143/39/139
f 146/42/142 159/55/154 118/14/115
f 118/14/115 147/43/143 146/42/142
f 151/47/147 150/46/146 160/56/155
f 160/56/155 161/57/156 151/47/147
f 154/50/150 162/58/157 163/59/158
f 163/59/158 155/51/151 154/50/150
f 116/60/113 115/61/112 164/62/159
f 164/62/159 165/63/160 116/60/113
f 144/40/140 121/17/117 124/20/120
f 124/20/120 166/64/161 144/40/140
f 167/65/162 137/66/133 109/5/106
f 109/5/106 112/8/109 167/65/162
f 152/48/148 133/29/129 136/32/132
f 136/32/132 168/67/163 152/48/148
f 128/24/124 169/68/164 148/44/144
f 148/44/144 125/21/121 128/24/124
f 124/20/120 170/69/165 107/3/104
f 107/3/104 166/64/161 124/20/120
f 132/28/128 140/70/136 156/52/152
f 156/52/152 129/25/125 132/28/128
f 136/32/132 171/71/166 172/72/167
f 172/72/167 168/67/163 136/32/132
f 121/17/117 144/40/140 143/39/139
f 143/39/139 173/73/168 121/17/117
f 125/21/121 148/44/144 147/43/143
f 147/43/143 174/74/169 125/21/121
f 133/29/129 152/48/148 151/47/147
f 151/47/147 175/75/170 133/29/129
f 129/25/125 156/52/152 155/51/151
f 155/51/151 176/76/171 129/25/125
f 173/73/168 143/39/139 158/54/153
f 158/54/153 177/77/172 173/73/168
f 174/74/169 147/43/143 118/14/115
f 118/14/115 117/13/114 174/74/169
f 175/75/170 151/47/147 161/57/156
f 161/57/156 178/78/173 175/75/170
f 176/76/171 155/51/151 163/59/158
f 163/59/158 179/79/174 176/76/171
f 180/80/175 171/71/166 181/81/176
f 181/81/176 182/82/177 180/80/175
f 178/78/173 183/83/178 184/84/179
f 184/84/179 185/85/180 178/78/173
f 156/52/152 140/70/136 139/86/135
f 139/86/135 153/49/149 156/52/152
f 145/41/141 186/87/181 135/31/131
f 135/31/131 134/30/130 145/41/141
f 187/88/182 188/89/183 138/34/134
f 138/34/134 189/90/184 187/88/182
f 134/30/130 133/29/129 175/75/170
f 175/75/170 190/91/142 134/30/130
f 122/18/118 191/92/185 154/50/150
f 154/50/150 153/49/149 122/18/118
f 175/75/170 178/78/173 185/85/180
f 185/85/180 190/91/142 175/75/170
f 191/92/185 192/93/186 162/58/157
f 162/58/157 154/50/150 191/92/185
f 182/82/177 181/81/176 114/10/111
f 114/10/111 113/9/110 182/82/177
f 185/85/180 184/84/179 193/94/187
f 193/94/187 159/55/154 185/85/180
f 153/49/149 139/86/135 123/19/119
f 123/19/119 122/18/118 153/49/149
f 134/30/130 190/91/142 146/42/142
f 146/42/142 145/41/141 134/30/130
f 190/91/142 185/85/180 159/55/154
f 159/55/154 146/42/142 190/91/142
f 148/44/144 169/68/164 186/87/181
f 186/87/181 145/41/141 148/44/144
f 194/95/188 170/96/165 188/89/183
f 188/89/183 187/88/182 194/95/188
f 122/18/118 121/17/117 173/73/168
f 173/73/168 191/92/185 122/18/118
f 173/73/168 177/77/172 192/93/186
f 192/93/186 191/92/185 173/73/168
f 195/97/189 196/98/190 106/2/103
f 106/2/103 105/1/102 195/97/189
f 131/27/127 197/99/191 198/100/192
f 198/100/192 110/6/107 131/27/127
f 158/54/153 157/53/116 199/101/15
f 199/101/15 177/77/172 158/54/153
f 144/40/140 166/64/161 200/102/193
f 200/102/193 141/37/137 144/40/140
f 149/45/145 197/99/191 131/27/127
f 131/27/127 130/26/126 149/45/145
f 126/22/122 201/103/138 142/38/138
f 142/38/138 141/37/137 126/22/122
f 130/26/126 129/25/125 176/76/171
f 176/76/171 202/104/194 130/26/126
f 201/103/138 120/16/116 157/53/116
f 157/53/116 142/38/138 201/103/138
f 176/76/171 179/79/174 203/105/195
f 203/105/195 202/104/194 176/76/171
f 162/58/157 204/106/196 205/107/197
f 205/107/197 163/59/158 162/58/157
f 162/58/157 192/93/186 206/108/198
f 206/108/198 204/106/196 162/58/157
f 157/53/116 120/16/116 119/15/15
f 119/15/15 199/101/15 157/53/116
f 141/37/137 200/102/193 127/23/123
f 127/23/123 126/22/122 141/37/137
f 130/26/126 202/104/194 150/46/146
f 150/46/146 149/45/145 130/26/126
f 202/104/194 203/105/195 160/56/155
f 160/56/155 150/46/146 202/104/194
f 204/106/196 184/84/179 183/83/178
f 183/83/178 205/107/197 204/106/196
f 184/84/179 204/106/196 206/108/198
f 206/108/198 193/94/187 184/84/179
f 195/97/189 165/63/160 164/62/159
f 164/62/159 196/98/190 195/97/189
f 197/99/191 168/67/163 172/72/167
f 172/72/167 198/100/192 197/99/191
f 152/48/148 168/67/163 197/99/191
f 197/99/191 149/45/145 152/48/148
f 126/22/122 125/21/121 174/74/169
f 174/74/169 201/103/138 126/22/122
f 174/74/169 117/13/114 120/16/116
f 120/16/116 201/103/138 174/74/169
f 106/2/103 200/102/193 166/64/161
f 166/64/161 107/3/104 106/2/103
f 132/28/128 131/27/127 110/6/107
f 110/6/107 109/5/106 132/28/128
f 186/109/181 169/110/164 115/11/112
f 115/11/112 114/10/111 186/109/181
f 167/111/162 189/90/184 138/34/134
f 138/34/134 137/33/133 167/111/162
f 169/68/164 128/24/124 164/62/159
f 164/62/159 115/61/112 169/68/164
f 140/70/136 132/28/128 109/5/106
f 109/5/106 137/66/133 140/70/136
f 194/112/188 108/4/105 107/3/104
f 107/3/104 170/69/165 194/112/188
f 180/80/175 207/113/199 172/72/167
f 172/72/167 171/71/166 180/80/175
f 136/32/132 135/114/131 181/81/176
f 181/81/176 171/71/166 136/32/132
f 123/115/119 139/35/135 138/34/134
f 138/34/134 188/89/183 123/115/119
f 135/114/131 186/109/181 114/10/111
f 114/10/111 181/81/176 135/114/131
f 124/116/120 123/115/119 188/89/183
f 188/89/183 170/96/165 124/116/120
f 127/23/123 200/102/193 106/2/103
f 106/2/103 196/98/190 127/23/123
f 208/117/200 111/7/108 110/6/107
f 110/6/107 198/100/192 208/117/200
f 128/24/124 127/23/123 196/98/190
f 196/98/190 164/62/159 128/24/124
f 207/113/199 208/117/200 198/100/192
f 198/100/192 172/72/167 207/113/199
f 159/55/154 193/94/187 119/15/15
f 119/15/15 118/14/115 159/55/154
f 193/94/187 206/108/198 199/101/15
f 199/101/15 119/15/15 193/94/187
f 206/108/198 192/93/186 177/77/172
f 177/77/172 199/101/15 206/108/198
f 161/57/156 160/56/155 183/83/178
f 183/83/178 178/78/173 161/57/156
f 160/56/155 203/105/195 205/107/197
f 205/107/197 183/83/178 160/56/155
f 205/107/197 203/105/195 179/79/174
f 179/79/174 163/59/158 205/107/197
f 209/1/1 210/2/2 211/3/201
f 211/3/201 212/4/202 209/1/1
f 213/5/5 214/6/6 215/7/7
f 215/7/7 216/8/8 213/5/5
f 217/9/9 218/10/10 219/11/11
f 219/11/11 220/12/12 217/9/9
f 221/13/13 222/14/14 223/15/15
f 223/15/15 224/16/16 221/13/13
f 225/17/17 226/18/203 227/19/19
f 227/19/19 228/20/204 225/17/17
f 229/21/21 230/22/22 231/23/23
f 231/23/23 232/24/24 229/21/21
f 233/25/25 234/26/26 235/27/27
f 235/27/27 236/28/28 233/25/25
f 237/29/29 238/30/30 239/31/31
f 239/31/31 240/32/205 237/29/29
f 241/33/33 242/34/34 243/35/206
f 243/35/206 244/36/36 241/33/33
f 245/37/37 246/38/38 247/39/39
f 247/39/39 248/40/207 245/37/37
f 249/41/41 250/42/42 251/43/43
f 251/43/43 252/44/44 249/41/41
f 253/45/45 254/46/46 255/47/47
f 255/47/47 256/48/48 253/45/45
f 257/49/49 258/50/50 259/51/51
f 259/51/51 260/52/52 257/49/49
f 247/39/39 246/38/38 261/53/16
f 261/53/16 262/54/53 247/39/39
f 250/42/42 263/55/54 222/14/14
f 222/14/14 251/43/43 250/42/42
f 255/47/47 254/46/46 264/56/208
f 264/56/208 265/57/56 255/47/47
f 258/50/50 266/58/57 267/59/58
f 267/59/58 259/51/51 258/50/50
f 220/60/12 219/61/11 268/62/209
f 268/62/209 269/63/60 220/60/12
f 248/40/207 225/17/17 228/20/204
f 228/20/204 270/64/210 248/40/207
f 271/65/211 241/66/33 213/5/5
f 213/5/5 216/8/8 271/65/211
f 256/48/48 237/29/29 240/32/205
f 240/32/205 272/67/63 256/48/48
f 232/24/24 273/68/64 252/44/44
f 252/44/44 229/21/21 232/24/24
f 228/20/204 274/69/65 211/3/201
f 211/3/201 270/64/210 228/20/204
f 236/28/28 244/70/36 260/52/52
f 260/52/52 233/25/25 236/28/28
f 240/32/205 275/71/212 276/72/67
f 276/72/67 272/67/63 240/32/205
f 225/17/17 248/40/207 247/39/39
f 247/39/39 277/73/68 225/17/17
f 229/21/21 252/44/44 251/43/43
f 251/43/43 278/74/69 229/21/21
f 237/29/29 256/48/48 255/47/47
f 255/47/47 279/75/70 237/29/29
f 233/25/25 260/52/52 259/51/51
f 259/51/51 280/76/71 233/25/25
f 277/73/68 247/39/39 262/54/53
f 262/54/53 281/77/72 277/73/68
f 278/74/69 251/43/43 222/14/14
f 222/14/14 221/13/13 278/74/69
f 279/75/70 255/47/47 265/57/56
f 265/57/56 282/78/73 279/75/70
f 280/76/71 259/51/51 267/59/58
f 267/59/58 283/79/213 280/76/71
f 284/80/75 275/71/212 285/81/76
f 285/81/76 286/82/77 284/80/75
f 282/78/73 287/83/78 288/84/79
f 288/84/79 289/85/80 282/78/73
f 260/52/52 244/70/36 243/86/206
f 243/86/206 257/49/49 260/52/52
f 249/41/41 290/87/81 239/31/31
f 239/31/31 238/30/30 249/41/41
f 291/88/82 292/89/83 242/34/34
f 242/34/34 293/90/84 291/88/82
f 238/30/30 237/29/29 279/75/70
f 279/75/70 294/91/42 238/30/30
f 226/18/203 295/92/86 258/50/50
f 258/50/50 257/49/49 226/18/203
f 279/75/70 282/78/73 289/85/80
f 289/85/80 294/91/42 279/75/70
f 295/92/86 296/93/87 266/58/57
f 266/58/57 258/50/50 295/92/86
f 286/82/77 285/81/76 218/10/10
f 218/10/10 217/9/9 286/82/77
f 289/85/80 288/84/79 297/94/88
f 297/94/88 263/55/54 289/85/80
f 257/49/49 243/86/206 227/19/19
f 227/19/19 226/18/203 257/49/49
f 238/30/30 294/91/42 250/42/42
f 250/42/42 249/41/41 238/30/30
f 294/91/42 289/85/80 263/55/54
f 263/55/54 250/42/42 294/91/42
f 252/44/44 273/68/64 290/87/81
f 290/87/81 249/41/41 252/44/44
f 298/95/214 274/96/65 292/89/83
f 292/89/83 291/88/82 298/95/214
f 226/18/203 225/17/17 277/73/68
f 277/73/68 295/92/86 226/18/203
f 277/73/68 281/77/72 296/93/87
f 296/93/87 295/92/86 277/73/68
f 299/97/90 300/98/91 210/2/2
f 210/2/2 209/1/1 299/97/90
f 235/27/27 301/99/92 302/100/93
f 302/100/93 214/6/6 235/27/27
f 262/54/53 261/53/16 303/101/15
f 303/101/15 281/77/72 262/54/53
f 248/40/207 270/64/210 304/102/94
f 304/102/94 245/37/37 248/40/207
f 253/45/45 301/99/92 235/27/27
f 235/27/27 234/26/26 253/45/45
f 230/22/22 305/103/38 246/38/38
f 246/38/38 245/37/37 230/22/22
f 234/26/26 233/25/25 280/76/71
f 280/76/71 306/104/95 234/26/26
f 305/103/38 224/16/16 261/53/16
f 261/53/16 246/38/38 305/103/38
f 280/76/71 283/79/213 307/105/96
f 307/105/96 306/104/95 280/76/71
f 266/58/57 308/106/97 309/107/98
f 309/107/98 267/59/58 266/58/57
f 266/58/57 296/93/87 310/108/99
f 310/108/99 308/106/97 266/58/57
f 261/53/16 224/16/16 223/15/15
f 223/15/15 303/101/15 261/53/16
f 245/37/37 304/102/94 231/23/23
f 231/23/23 230/22/22 245/37/37
f 234/26/26 306/104/95 254/46/46
f 254/46/46 253/45/45 234/26/26
f 306/104/95 307/105/96 264/56/208
f 264/56/208 254/46/46 306/104/95
f 308/106/97 288/84/79 287/83/78
f 287/83/78 309/107/98 308/106/97
f 288/84/79 308/106/97 310/108/99
f 310/108/99 297/94/88 288/84/79
f 299/97/90 269/63/60 268/62/209
f 268/62/209 300/98/91 299/97/90
f 301/99/92 272/67/63 276/72/67
f 276/72/67 302/100/93 301/99/92
f 256/48/48 272/67/63 301/99/92
f 301/99/92 253/45/45 256/48/48
f 230/22/22 229/21/21 278/74/69
f 278/74/69 305/103/38 230/22/22
f 278/74/69 221/13/13 224/16/16
f 224/16/16 305/103/38 278/74/69
f 210/2/2 304/102/94 270/64/210
f 270/64/210 211/3/201 210/2/2
f 236/28/28 235/27/27 214/6/6
f 214/6/6 213/5/5 236/28/28
f 290/109/81 273/110/64 219/11/11
f 219/11/11 218/10/10 290/109/81
f 271/111/211 293/90/84 242/34/34
f 242/34/34 241/33/33 271/111/211
f 273/68/64 232/24/24 268/62/209
f 268/62/209 219/61/11 273/68/64
f 244/70/36 236/28/28 213/5/5
f 213/5/5 241/66/33 244/70/36
f 298/112/214 212/4/202 211/3/201
f 211/3/201 274/69/65 298/112/214
f 284/80/75 311/113/100 276/72/67
f 276/72/67 275/71/212 284/80/75
f 240/32/205 239/114/31 285/81/76
f 285/81/76 275/71/212 240/32/205
f 227/115/19 243/35/206 242/34/34
f 242/34/34 292/89/83 227/115/19
f 239/114/31 290/109/81 218/10/10
f 218/10/10 285/81/76 239/114/31
f 228/116/204 227/115/19 292/89/83
f 292/89/83 274/96/65 228/116/204
f 231/23/23 304/102/94 210/2/2
f 210/2/2 300/98/91 231/23/23
f 312/117/101 215/7/7 214/6/6
f 214/6/6 302/100/93 312/117/101
f 232/24/24 231/23/23 300/98/91
f 300/98/91 268/62/209 232/24/24
f 311/113/100 312/117/101 302/100/93
f 302/100/93 276/72/67 311/113/100
f 263/55/54 297/94/88 223/15/15
f 223/15/15 222/14/14 263/55/54
f 297/94/88 310/108/99 303/101/15
f 303/101/15 223/15/15 297/94/88
f 310/108/99 296/93/87 281/77/72
f 281/77/72 303/101/15 310/108/99
f 265/57/56 264/56/208 287/83/78
f 287/83/78 282/78/73 265/57/56
f 264/56/208 307/105/96 309/107/98
f 309/107/98 287/83/78 264/56/208
f 309/107/98 307/105/96 283/79/213
f 283/79/213 267/59/58 309/107/98
f 313/1/1 314/2/2 315/3/3
f 315/3/3 316/4/4 313/1/1
f 317/5/5 318/6/6 319/7/7
f 319/7/7 320/8/8 317/5/5
f 321/9/9 322/10/10 323/11/11
f 323/11/11 324/12/12 321/9/9
f 325/13/13 326/14/14 327/15/15
f 327/15/15 328/16/16 325/13/13
f 329/17/17 330/18/18 331/19/19
f 331/19/19 332/20/20 329/17/17
f 333/21/21 334/22/22 335/23/23
f 335/23/23 336/24/24 333/21/21
f 337/25/25 338/26/26 339/27/27
f 339/27/27 340/28/28 337/25/25
f 341/29/29 342/30/30 343/31/31
f 343/31/31 344/32/205 341/29/29
f 345/33/33 346/34/34 347/35/206
f 347/35/206 348/36/36 345/33/33
f 349/37/37 350/38/38 351/39/39
f 351/39/39 352/40/40 349/37/37
f 353/41/41 354/42/42 355/43/215
f 355/43/215 356/44/44 353/41/41
f 357/45/45 358/46/46 359/47/47
f 359/47/47 360/48/48 357/45/45
f 361/49/49 362/50/50 363/51/51
f 363/51/51 364/52/216 361/49/49
f 351/39/39 350/38/38 365/53/16
f 365/53/16 366/54/53 351/39/39
f 354/42/42 367/55/54 326/14/14
f 326/14/14 355/43/215 354/42/42
f 359/47/47 358/46/46 368/56/55
f 368/56/55 369/57/56 359/47/47
f 362/50/50 370/58/57 371/59/58
f 371/59/58 363/51/51 362/50/50
f 324/60/12 323/61/11 372/62/209
f 372/62/209 373/63/60 324/60/12
f 352/40/40 329/17/17 332/20/20
f 332/20/20 374/64/61 352/40/40
f 375/65/62 345/66/33 317/5/5
f 317/5/5 320/8/8 375/65/62
f 360/48/48 341/29/29 344/32/205
f 344/32/205 376/67/63 360/48/48
f 336/24/24 377/68/64 356/44/44
f 356/44/44 333/21/21 336/24/24
f 332/20/20 378/69/65 315/3/3
f 315/3/3 374/64/61 332/20/20
f 340/28/28 348/70/36 364/52/216
f 364/52/216 337/25/25 340/28/28
f 344/32/205 379/71/212 380/72/67
f 380/72/67 376/67/63 344/32/205
f 329/17/17 352/40/40 351/39/39
f 351/39/39 381/73/68 329/17/17
f 333/21/21 356/44/44 355/43/215
f 355/43/215 382/74/69 333/21/21
f 341/29/29 360/48/48 359/47/47
f 359/47/47 383/75/70 341/29/29
f 337/25/25 364/52/216 363/51/51
f 363/51/51 384/76/71 337/25/25
f 381/73/68 351/39/39 366/54/53
f 366/54/53 385/77/72 381/73/68
f 382/74/69 355/43/215 326/14/14
f 326/14/14 325/13/13 382/74/69
f 383/75/70 359/47/47 369/57/56
f 369/57/56 386/78/73 383/75/70
f 384/76/71 363/51/51 371/59/58
f 371/59/58 387/79/213 384/76/71
f 388/80/75 379/71/212 389/81/76
f 389/81/76 390/82/77 388/80/75
f 386/78/73 391/83/78 392/84/79
f 392/84/79 393/85/80 386/78/73
f 364/52/216 348/70/36 347/86/206
f 347/86/206 361/49/49 364/52/216
f 353/41/41 394/87/81 343/31/31
f 343/31/31 342/30/30 353/41/41
f 395/88/82 396/89/83 346/34/34
f 346/34/34 397/90/84 395/88/82
f 342/30/30 341/29/29 383/75/70
f 383/75/70 398/91/42 342/30/30
f 330/18/18 399/92/86 362/50/50
f 362/50/50 361/49/49 330/18/18
f 383/75/70 386/78/73 393/85/80
f 393/85/80 398/91/42 383/75/70
f 399/92/86 400/93/87 370/58/57
f 370/58/57 362/50/50 399/92/86
f 390/82/77 389/81/76 322/10/10
f 322/10/10 321/9/9 390/82/77
f 393/85/80 392/84/79 401/94/88
f 401/94/88 367/55/54 393/85/80
f 361/49/49 347/86/206 331/19/19
f 331/19/19 330/18/18 361/49/49
f 342/30/30 398/91/42 354/42/42
f 354/42/42 353/41/41 342/30/30
f 398/91/42 393/85/80 367/55/54
f 367/55/54 354/42/42 398/91/42
f 356/44/44 377/68/64 394/87/81
f 394/87/81 353/41/41 356/44/44
f 402/95/89 378/96/65 396/89/83
f 396/89/83 395/88/82 402/95/89
f 330/18/18 329/17/17 381/73/68
f 381/73/68 399/92/86 330/18/18
f 381/73/68 385/77/72 400/93/87
f 400/93/87 399/92/86 381/73/68
f 403/97/90 404/98/91 314/2/2
f 314/2/2 313/1/1 403/97/90
f 339/27/27 405/99/92 406/100/93
f 406/100/93 318/6/6 339/27/27
f 366/54/53 365/53/16 407/101/15
f 407/101/15 385/77/72 366/54/53
f 352/40/40 374/64/61 408/102/94
f 408/102/94 349/37/37 352/40/40
f 357/45/45 405/99/92 339/27/27
f 339/27/27 338/26/26 357/45/45
f 334/22/22 409/103/38 350/38/38
f 350/38/38 349/37/37 334/22/22
f 338/26/26 337/25/25 384/76/71
f 384/76/71 410/104/95 338/26/26
f 409/103/38 328/16/16 365/53/16
f 365/53/16 350/38/38 409/103/38
f 384/76/71 387/79/213 411/105/96
f 411/105/96 410/104/95 384/76/71
f 370/58/57 412/106/97 413/107/98
f 413/107/98 371/59/58 370/58/57
f 370/58/57 400/93/87 414/108/99
f 414/108/99 412/106/97 370/58/57
f 365/53/16 328/16/16 327/15/15
f 327/15/15 407/101/15 365/53/16
f 349/37/37 408/102/94 335/23/23
f 335/23/23 334/22/22 349/37/37
f 338/26/26 410/104/95 358/46/46
f 358/46/46 357/45/45 338/26/26
f 410/104/95 411/105/96 368/56/55
f 368/56/55 358/46/46 410/104/95
f 412/106/97 392/84/79 391/83/78
f 391/83/78 413/107/98 412/106/97
f 392/84/79 412/106/97 414/108/99
f 414/108/99 401/94/88 392/84/79
f 403/97/90 373/63/60 372/62/209
f 372/62/209 404/98/91 403/97/90
f 405/99/92 376/67/63 380/72/67
f 380/72/67 406/100/93 405/99/92
f 360/48/48 376/67/63 405/99/92
f 405/99/92 357/45/45 360/48/48
f 334/22/22 333/21/21 382/74/69
f 382/74/69 409/103/38 334/22/22
f 382/74/69 325/13/13 328/16/16
f 328/16/16 409/103/38 382/74/69
f 314/2/2 408/102/94 374/64/61
f 374/64/61 315/3/3 314/2/2
f 340/28/28 339/27/27 318/6/6
f 318/6/6 317/5/5 340/28/28
f 394/109/81 377/110/64 323/11/11
f 323/11/11 322/10/10 394/109/81
f 375/111/62 397/90/84 346/34/34
f 346/34/34 345/33/33 375/111/62
f 377/68/64 336/24/24 372/62/209
f 372/62/209 323/61/11 377/68/64
f 348/70/36 340/28/28 317/5/5
f 317/5/5 345/66/33 348/70/36
f 402/112/89 316/4/4 315/3/3
f 315/3/3 378/69/65 402/112/89
f 388/80/75 415/113/100 380/72/67
f 380/72/67 379/71/212 388/80/75
f 344/32/205 343/114/31 389/81/76
f 389/81/76 379/71/212 344/32/205
f 331/115/19 347/35/206 346/34/34
f 346/34/34 396/89/83 331/115/19
f 343/114/31 394/109/81 322/10/10
f 322/10/10 389/81/76 343/114/31
f 332/116/20 331/115/19 396/89/83
f 396/89/83 378/96/65 332/116/20
f 335/23/23 408/102/94 314/2/2
f 314/2/2 404/98/91 335/23/23
f 416/117/101 319/7/7 318/6/6
f 318/6/6 406/100/93 416/117/101
f 336/24/24 335/23/23 404/98/91
f 404/98/91 372/62/209 336/24/24
f 415/113/100 416/117/101 406/100/93
f 406/100/93 380/72/67 415/113/100
f 367/55/54 401/94/88 327/15/15
f 327/15/15 326/14/14 367/55/54
f 401/94/88 414/108/99 407/101/15
f 407/101/15 327/15/15 401/94/88
f 414/108/99 400/93/87 385/77/72
f 385/77/72 407/101/15 414/108/99
f 369/57/56 368/56/55 391/83/78
f 391/83/78 386/78/73 369/57/56
f 368/56/55 411/105/96 413/107/98
f 413/107/98 391/83/78 368/56/55
f 413/107/98 411/105/96 387/79/213
f 387/79/213 371/59/58 413/107/98
f 417/1/102 418/2/103 419/3/217
f 419/3/217 420/4/105 417/1/102
f 421/5/106 422/6/107 423/7/108
f 423/7/108 424/8/109 421/5/106
f 425/9/110 426/10/111 427/11/112
f 427/11/112 428/12/113 425/9/110
f 429/13/114 430/14/115 431/15/15
f 431/15/15 432/16/116 429/13/114
f 433/17/117 434/18/118 435/19/119
f 435/19/119 436/20/120 433/17/117
f 437/21/121 438/22/122 439/23/123
f 439/23/123 440/24/124 437/21/121
f 441/25/125 442/26/126 443/27/127
f 443/27/127 444/28/128 441/25/125
f 445/29/129 446/30/130 447/31/131
f 447/31/131 448/32/132 445/29/129
f 449/33/133 450/34/134 451/35/135
f 451/35/135 452/36/136 449/33/133
f 453/37/137 454/38/138 455/39/139
f 455/39/139 456/40/140 453/37/137
f 457/41/141 458/42/142 459/43/218
f 459/43/218 460/44/219 457/41/141
f 461/45/145 462/46/146 463/47/147
f 463/47/147 464/48/148 461/45/145
f 465/49/149 466/50/150 467/51/151
f 467/51/151 468/52/152 465/49/149
f 455/39/139 454/38/138 469/53/116
f 469/53/116 470/54/153 455/39/139
f 458/42/142 471/55/154 430/14/115
f 430/14/115 459/43/218 458/42/142
f 463/47/147 462/46/146 472/56/155
f 472/56/155 473/57/156 463/47/147
f 466/50/150 474/58/157 475/59/158
f 475/59/158 467/51/151 466/50/150
f 428/60/113 427/61/112 476/62/159
f 476/62/159 477/63/160 428/60/113
f 456/40/140 433/17/117 436/20/120
f 436/20/120 478/64/161 456/40/140
f 479/65/162 449/66/133 421/5/106
f 421/5/106 424/8/109 479/65/162
f 464/48/148 445/29/129 448/32/132
f 448/32/132 480/67/163 464/48/148
f 440/24/124 481/68/164 460/44/219
f 460/44/219 437/21/121 440/24/124
f 436/20/120 482/69/165 419/3/217
f 419/3/217 478/64/161 436/20/120
f 444/28/128 452/70/136 468/52/152
f 468/52/152 441/25/125 444/28/128
f 448/32/132 483/71/166 484/72/167
f 484/72/167 480/67/163 448/32/132
f 433/17/117 456/40/140 455/39/139
f 455/39/139 485/73/168 433/17/117
f 437/21/121 460/44/219 459/43/218
f 459/43/218 486/74/169 437/21/121
f 445/29/129 464/48/148 463/47/147
f 463/47/147 487/75/170 445/29/129
f 441/25/125 468/52/152 467/51/151
f 467/51/151 488/76/171 441/25/125
f 485/73/168 455/39/139 470/54/153
f 470/54/153 489/77/172 485/73/168
f 486/74/169 459/43/218 430/14/115
f 430/14/115 429/13/114 486/74/169
f 487/75/170 463/47/147 473/57/156
f 473/57/156 490/78/173 487/75/170
f 488/76/171 467/51/151 475/59/158
f 475/59/158 491/79/174 488/76/171
f 492/80/175 483/71/166 493/81/176
f 493/81/176 494/82/177 492/80/175
f 490/78/173 495/83/178 496/84/179
f 496/84/179 497/85/180 490/78/173
f 468/52/152 452/70/136 451/86/135
f 451/86/135 465/49/149 468/52/152
f 457/41/141 498/87/181 447/31/131
f 447/31/131 446/30/130 457/41/141
f 499/88/182 500/89/183 450/34/134
f 450/34/134 501/90/184 499/88/182
f 446/30/130 445/29/129 487/75/170
f 487/75/170 502/91/142 446/30/130
f 434/18/118 503/92/185 466/50/150
f 466/50/150 465/49/149 434/18/118
f 487/75/170 490/78/173 497/85/180
f 497/85/180 502/91/142 487/75/170
f 503/92/185 504/93/186 474/58/157
f 474/58/157 466/50/150 503/92/185
f 494/82/177 493/81/176 426/10/111
f 426/10/111 425/9/110 494/82/177
f 497/85/180 496/84/179 505/94/187
f 505/94/187 471/55/154 497/85/180
f 465/49/149 451/86/135 435/19/119
f 435/19/119 434/18/118 465/49/149
f 446/30/130 502/91/142 458/42/142
f 458/42/142 457/41/141 446/30/130
f 502/91/142 497/85/180 471/55/154
f 471/55/154 458/42/142 502/91/142
f 460/44/219 481/68/164 498/87/181
f 498/87/181 457/41/141 460/44/219
f 506/95/188 482/96/165 500/89/183
f 500/89/183 499/88/182 506/95/188
f 434/18/118 433/17/117 485/73/168
f 485/73/168 503/92/185 434/18/118
f 485/73/168 489/77/172 504/93/186
f 504/93/186 503/92/185 485/73/168
f 507/97/189 508/98/190 418/2/103
f 418/2/103 417/1/102 507/97/189
f 443/27/127 509/99/191 510/100/192
f 510/100/192 422/6/107 443/27/127
f 470/54/153 469/53/116 511/101/15
f 511/101/15 489/77/172 470/54/153
f 456/40/140 478/64/161 512/102/193
f 512/102/193 453/37/137 456/40/140
f 461/45/145 509/99/191 443/27/127
f 443/27/127 442/26/126 461/45/145
f 438/22/122 513/103/138 454/38/138
f 454/38/138 453/37/137 438/22/122
f 442/26/126 441/25/125 488/76/171
f 488/76/171 514/104/194 442/26/126
f 513/103/138 432/16/116 469/53/116
f 469/53/116 454/38/138 513/103/138
f 488/76/171 491/79/174 515/105/195
f 515/105/195 514/104/194 488/76/171
f 474/58/157 516/106/196 517/107/197
f 517/107/197 475/59/158 474/58/157
f 474/58/157 504/93/186 518/108/198
f 518/108/198 516/106/196 474/58/157
f 469/53/116 432/16/116 431/15/15
f 431/15/15 511/101/15 469/53/116
f 453/37/137 512/102/193 439/23/123
f 439/23/123 438/22/122 453/37/137
f 442/26/126 514/104/194 462/46/146
f 462/46/146 461/45/145 442/26/126
f 514/104/194 515/105/195 472/56/155
f 472/56/155 462/46/146 514/104/194
f 516/106/196 496/84/179 495/83/178
f 495/83/178 517/107/197 516/106/196
f 496/84/179 516/106/196 518/108/198
f 518/108/198 505/94/187 496/84/179
f 507/97/189 477/63/160 476/62/159
f 476/62/159 508/98/190 507/97/189
f 509/99/191 480/67/163 484/72/167
f 484/72/167 510/100/192 509/99/191
f 464/48/148 480/67/163 509/99/191
f 509/99/191 461/45/145 464/48/148
f 438/22/122 437/21/121 486/74/169
f 486/74/169 513/103/138 438/22/122
f 486/74/169 429/13/114 432/16/116
f 432/16/116 513/103/138 486/74/169
f 418/2/103 512/102/193 478/64/161
f 478/64/161 419/3/217 418/2/103
f 444/28/128 443/27/127 422/6/107
f 422/6/107 421/5/106 444/28/128
f 498/109/181 481/110/164 427/11/112
f 427/11/112 426/10/111 498/109/181
f 479/111/162 501/90/184 450/34/134
f 450/34/134 449/33/133 479/111/162
f 481/68/164 440/24/124 476/62/159
f 476/62/159 427/61/112 481/68/164
f 452/70/136 444/28/128 421/5/106
f 421/5/106 449/66/133 452/70/136
f 506/112/188 420/4/105 419/3/217
f 419/3/217 482/69/165 506/112/188
f 492/80/175 519/113/199 484/72/167
f 484/72/167 483/71/166 492/80/175
f 448/32/132 447/114/131 493/81/176
f 493/81/176 483/71/166 448/32/132
f 435/115/119 451/35/135 450/34/134
f 450/34/134 500/89/183 435/115/119
f 447/114/131 498/109/181 426/10/111
f 426/10/111 493/81/176 447/114/131
f 436/116/120 435/115/119 500/89/183
f 500/89/183 482/96/165 436/116/120
f 439/23/123 512/102/193 418/2/103
f 418/2/103 508/98/190 439/23/123
f 520/117/200 423/7/108 422/6/107
f 422/6/107 510/100/192 520/117/200
f 440/24/124 439/23/123 508/98/190
f 508/98/190 476/62/159 440/24/124
f 519/113/199 520/117/200 510/100/192
f 510/100/192 484/72/167 519/113/199
f 471/55/154 505/94/187 431/15/15
f 431/15/15 430/14/115 471/55/154
f 505/94/187 518/108/198 511/101/15
f 511/101/15 431/15/15 505/94/187
f 518/108/198 504/93/186 489/77/172
f 489/77/172 511/101/15 518/108/198
f 473/57/156 472/56/155 495/83/178
f 495/83/178 490/78/173 473/57/156
f 472/56/155 515/105/195 517/107/197
f 517/107/197 495/83/178 472/56/155
f 517/107/197 515/105/195 491/79/174
f 491/79/174 475/59/158 517/107/197
f 521/1/1 522/2/2 523/3/3
f 523/3/3 524/4/4 521/1/1
f 525/5/5 526/6/6 527/7/7
f 527/7/7 528/8/8 525/5/5
f 529/9/9 530/10/10 531/11/11
f 531/11/11 532/12/12 529/9/9
f 533/13/13 534/14/14 535/15/15
f 535/15/15 536/16/16 533/13/13
f 537/17/17 538/18/203 539/19/19
f 539/19/19 540/20/204 537/17/17
f 541/21/21 542/22/22 543/23/23
f 543/23/23 544/24/24 541/21/21
f 545/25/25 546/26/26 547/27/27
f 547/27/27 548/28/28 545/25/25
f 549/29/29 550/30/30 551/31/31
f 551/31/31 552/32/205 549/29/29
f 553/33/33 554/34/34 555/35/206
f 555/35/206 556/36/220 553/33/33
f 557/37/37 558/38/38 559/39/39
f 559/39/39 560/40/40 557/37/37
f 561/41/41 562/42/42 563/43/43
f 563/43/43 564/44/44 561/41/41
f 565/45/45 566/46/46 567/47/47
f 567/47/47 568/48/48 565/45/45
f 569/49/49 570/50/50 571/51/51
f 571/51/51 572/52/52 569/49/49
f 559/39/39 558/38/38 573/53/16
f 573/53/16 574/54/53 559/39/39
f 562/42/42 575/55/54 534/14/14
f 534/14/14 563/43/43 562/42/42
f 567/47/47 566/46/46 576/56/55
f 576/56/55 577/57/56 567/47/47
f 570/50/50 578/58/57 579/59/58
f 579/59/58 571/51/51 570/50/50
f 532/60/12 531/61/11 580/62/209
f 580/62/209 581/63/60 532/60/12
f 560/40/40 537/17/17 540/20/204
f 540/20/204 582/64/210 560/40/40
f 583/65/211 553/66/33 525/5/5
f 525/5/5 528/8/8 583/65/211
f 568/48/48 549/29/29 552/32/205
f 552/32/205 584/67/63 568/48/48
f 544/24/24 585/68/64 564/44/44
f 564/44/44 541/21/21 544/24/24
f 540/20/204 586/69/65 523/3/3
f 523/3/3 582/64/210 540/20/204
f 548/28/28 556/70/220 572/52/52
f 572/52/52 545/25/25 548/28/28
f 552/32/205 587/71/221 588/72/67
f 588/72/67 584/67/63 552/32/205
f 537/17/17 560/40/40 559/39/39
f 559/39/39 589/73/68 537/17/17
f 541/21/21 564/44/44 563/43/43
f 563/43/43 590/74/69 541/21/21
f 549/29/29 568/48/48 567/47/47
f 567/47/47 591/75/70 549/29/29
f 545/25/25 572/52/52 571/51/51
f 571/51/51 592/76/71 545/25/25
f 589/73/68 559/39/39 574/54/53
f 574/54/53 593/77/72 589/73/68
f 590/74/69 563/43/43 534/14/14
f 534/14/14 533/13/13 590/74/69
f 591/75/70 567/47/47 577/57/56
f 577/57/56 594/78/73 591/75/70
f 592/76/71 571/51/51 579/59/58
f 579/59/58 595/79/213 592/76/71
f 596/80/75 587/71/221 597/81/76
f 597/81/76 598/82/77 596/80/75
f 594/78/73 599/83/78 600/84/79
f 600/84/79 601/85/80 594/78/73
f 572/52/52 556/70/220 555/86/206
f 555/86/206 569/49/49 572/52/52
f 561/41/41 602/87/81 551/31/31
f 551/31/31 550/30/30 561/41/41
f 603/88/82 604/89/83 554/34/34
f 554/34/34 605/90/84 603/88/82
f 550/30/30 549/29/29 591/75/70
f 591/75/70 606/91/85 550/30/30
f 538/18/203 607/92/86 570/50/50
f 570/50/50 569/49/49 538/18/203
f 591/75/70 594/78/73 601/85/80
f 601/85/80 606/91/85 591/75/70
f 607/92/86 608/93/87 578/58/57
f 578/58/57 570/50/50 607/92/86
f 598/82/77 597/81/76 530/10/10
f 530/10/10 529/9/9 598/82/77
f 601/85/80 600/84/79 609/94/88
f 609/94/88 575/55/54 601/85/80
f 569/49/49 555/86/206 539/19/19
f 539/19/19 538/18/203 569/49/49
f 550/30/30 606/91/85 562/42/42
f 562/42/42 561/41/41 550/30/30
f 606/91/85 601/85/80 575/55/54
f 575/55/54 562/42/42 606/91/85
f 564/44/44 585/68/64 602/87/81
f 602/87/81 561/41/41 564/44/44
f 610/95/89 586/96/65 604/89/83
f 604/89/83 603/88/82 610/95/89
f 538/18/203 537/17/17 589/73/68
f 589/73/68 607/92/86 538/18/203
f 589/73/68 593/77/72 608/93/87
f 608/93/87 607/92/86 589/73/68
f 611/97/90 612/98/91 522/2/2
f 522/2/2 521/1/1 611/97/90
f 547/27/27 613/99/92 614/100/93
f 614/100/93 526/6/6 547/27/27
f 574/54/53 573/53/16 615/101/15
f 615/101/15 593/77/72 574/54/53
f 560/40/40 582/64/210 616/102/94
f 616/102/94 557/37/37 560/40/40
f 565/45/45 613/99/92 547/27/27
f 547/27/27 546/26/26 565/45/45
f 542/22/22 617/103/38 558/38/38
f 558/38/38 557/37/37 542/22/22
f 546/26/26 545/25/25 592/76/71
f 592/76/71 618/104/95 546/26/26
f 617/103/38 536/16/16 573/53/16
f 573/53/16 558/38/38 617/103/38
f 592/76/71 595/79/213 619/105/96
f 619/105/96 618/104/95 592/76/71
f 578/58/57 620/106/97 621/107/98
f 621/107/98 579/59/58 578/58/57
f 578/58/57 608/93/87 622/108/99
f 622/108/99 620/106/97 578/58/57
f 573/53/16 536/16/16 535/15/15
f 535/15/15 615/101/15 573/53/16
f 557/37/37 616/102/94 543/23/23
f 543/23/23 542/22/22 557/37/37
f 546/26/26 618/104/95 566/46/46
f 566/46/46 565/45/45 546/26/26
f 618/104/95 619/105/96 576/56/55
f 576/56/55 566/46/46 618/104/95
f 620/106/97 600/84/79 599/83/78
f 599/83/78 621/107/98 620/106/97
f 600/84/79 620/106/97 622/108/99
f 622/108/99 609/94/88 600/84/79
f 611/97/90 581/63/60 580/62/209
f 580/62/209 612/98/91 611/97/90
f 613/99/92 584/67/63 588/72/67
f 588/72/67 614/100/93 613/99/92
f 568/48/48 584/67/63 613/99/92
f 613/99/92 565/45/45 568/48/48
f 542/22/22 541/21/21 590/74/69
f 590/74/69 617/103/38 542/22/22
f 590/74/69 533/13/13 536/16/16
f 536/16/16 617/103/38 590/74/69
f 522/2/2 616/102/94 582/64/210
f 582/64/210 523/3/3 522/2/2
f 548/28/28 547/27/27 526/6/6
f 526/6/6 525/5/5 548/28/28
f 602/109/81 585/110/64 531/11/11
f 531/11/11 530/10/10 602/109/81
f 583/111/211 605/90/84 554/34/34
f 554/34/34 553/33/33 583/111/211
f 585/68/64 544/24/24 580/62/209
f 580/62/209 531/61/11 585/68/64
f 556/70/220 548/28/28 525/5/5
f 525/5/5 553/66/33 556/70/220
f 610/112/89 524/4/4 523/3/3
f 523/3/3 586/69/65 610/112/89
f 596/80/75 623/113/100 588/72/67
f 588/72/67 587/71/221 596/80/75
f 552/32/205 551/114/31 597/81/76
f 597/81/76 587/71/221 552/32/205
f 539/115/19 555/35/206 554/34/34
f 554/34/34 604/89/83 539/115/19
f 551/114/31 602/109/81 530/10/10
f 530/10/10 597/81/76 551/114/31
f 540/116/204 539/115/19 604/89/83
f 604/89/83 586/96/65 540/116/204
f 543/23/23 616/102/94 522/2/2
f 522/2/2 612/98/91 543/23/23
f 624/117/101 527/7/7 526/6/6
f 526/6/6 614/100/93 624/117/101
f 544/24/24 543/23/23 612/98/91
f 612/98/91 580/62/209 544/24/24
f 623/113/100 624/117/101 614/100/93
f 614/100/93 588/72/67 623/113/100
f 575/55/54 609/94/88 535/15/15
f 535/15/15 534/14/14 575/55/54
f 609/94/88 622/108/99 615/101/15
f 615/101/15 535/15/15 609/94/88
f 622/108/99 608/93/87 593/77/72
f 593/77/72 615/101/15 622/108/99
f 577/57/56 576/56/55 599/83/78
f 599/83/78 594/78/73 577/57/56
f 576/56/55 619/105/96 621/107/98
f 621/107/98 599/83/78 576/56/55
f 621/107/98 619/105/96 595/79/213
f 595/79/213 579/59/58 621/107/98
f 625/1/1 626/2/2 627/3/3
f 627/3/3 628/4/4 625/1/1
f 629/5/5 630/6/6 631/7/7
f 631/7/7 632/8/8 629/5/5
f 633/9/9 634/10/10 635/11/11
f 635/11/11 636/12/12 633/9/9
f 637/13/13 638/14/14 639/15/15
f 639/15/15 640/16/16 637/13/13
f 641/17/17 642/18/203 643/19/19
f 643/19/19 644/20/20 641/17/17
f 645/21/21 646/22/22 647/23/23
f 647/23/23 648/24/24 645/21/21
f 649/25/25 650/26/26 651/27/27
f 651/27/27 652/28/28 649/25/25
f 653/29/29 654/30/30 655/31/31
f 655/31/31 656/32/205 653/29/29
f 657/33/33 658/34/34 659/35/206
f 659/35/206 660/36/36 657/33/33
f 661/37/37 662/38/38 663/39/39
f 663/39/39 664/40/40 661/37/37
f 665/41/41 666/42/42 667/43/215
f 667/43/215 668/44/44 665/41/41
f 669/45/45 670/46/46 671/47/47
f 671/47/47 672/48/48 669/45/45
f 673/49/49 674/50/50 675/51/51
f 675/51/51 676/52/52 673/49/49
f 663/39/39 662/38/38 677/53/16
f 677/53/16 678/54/53 663/39/39
f 666/42/42 679/55/54 638/14/14
f 638/14/14 667/43/215 666/42/42
f 671/47/47 670/46/46 680/56/55
f 680/56/55 681/57/56 671/47/47
f 674/50/50 682/58/57 683/59/58
f 683/59/58 675/51/51 674/50/50
f 636/60/12 635/61/11 684/62/209
f 684/62/209 685/63/222 636/60/12
f 664/40/40 641/17/17 644/20/20
f 644/20/20 686/64/61 664/40/40
f 687/65/62 657/66/33 629/5/5
f 629/5/5 632/8/8 687/65/62
f 672/48/48 653/29/29 656/32/205
f 656/32/205 688/67/63 672/48/48
f 648/24/24 689/68/64 668/44/44
f 668/44/44 645/21/21 648/24/24
f 644/20/20 690/69/65 627/3/3
f 627/3/3 686/64/61 644/20/20
f 652/28/28 660/70/36 676/52/52
f 676/52/52 649/25/25 652/28/28
f 656/32/205 691/71/221 692/72/67
f 692/72/67 688/67/63 656/32/205
f 641/17/17 664/40/40 663/39/39
f 663/39/39 693/73/68 641/17/17
f 645/21/21 668/44/44 667/43/215
f 667/43/215 694/74/69 645/21/21
f 653/29/29 672/48/48 671/47/47
f 671/47/47 695/75/70 653/29/29
f 649/25/25 676/52/52 675/51/51
f 675/51/51 696/76/71 649/25/25
f 693/73/68 663/39/39 678/54/53
f 678/54/53 697/77/72 693/73/68
f 694/74/69 667/43/215 638/14/14
f 638/14/14 637/13/13 694/74/69
f 695/75/70 671/47/47 681/57/56
f 681/57/56 698/78/73 695/75/70
f 696/76/71 675/51/51 683/59/58
f 683/59/58 699/79/74 696/76/71
f 700/80/75 691/71/221 701/81/76
f 701/81/76 702/82/77 700/80/75
f 698/78/73 703/83/78 704/84/79
f 704/84/79 705/85/80 698/78/73
f 676/52/52 660/70/36 659/86/206
f 659/86/206 673/49/49 676/52/52
f 665/41/41 706/87/81 655/31/31
f 655/31/31 654/30/30 665/41/41
f 707/88/82 708/89/83 658/34/34
f 658/34/34 709/90/84 707/88/82
f 654/30/30 653/29/29 695/75/70
f 695/75/70 710/91/42 654/30/30
f 642/18/203 711/92/86 674/50/50
f 674/50/50 673/49/49 642/18/203
f 695/75/70 698/78/73 705/85/80
f 705/85/80 710/91/42 695/75/70
f 711/92/86 712/93/87 682/58/57
f 682/58/57 674/50/50 711/92/86
f 702/82/77 701/81/76 634/10/10
f 634/10/10 633/9/9 702/82/77
f 705/85/80 704/84/79 713/94/88
f 713/94/88 679/55/54 705/85/80
f 673/49/49 659/86/206 643/19/19
f 643/19/19 642/18/203 673/49/49
f 654/30/30 710/91/42 666/42/42
f 666/42/42 665/41/41 654/30/30
f 710/91/42 705/85/80 679/55/54
f 679/55/54 666/42/42 710/91/42
f 668/44/44 689/68/64 706/87/81
f 706/87/81 665/41/41 668/44/44
f 714/95/89 690/96/65 708/89/83
f 708/89/83 707/88/82 714/95/89
f 642/18/203 641/17/17 693/73/68
f 693/73/68 711/92/86 642/18/203
f 693/73/68 697/77/72 712/93/87
f 712/93/87 711/92/86 693/73/68
f 715/97/90 716/98/91 626/2/2
f 626/2/2 625/1/1 715/97/90
f 651/27/27 717/99/92 718/100/93
f 718/100/93 630/6/6 651/27/27
f 678/54/53 677/53/16 719/101/15
f 719/101/15 697/77/72 678/54/53
f 664/40/40 686/64/61 720/102/94
f 720/102/94 661/37/37 664/40/40
f 669/45/45 717/99/92 651/27/27
f 651/27/27 650/26/26 669/45/45
f 646/22/22 721/103/38 662/38/38
f 662/38/38 661/37/37 646/22/22
f 650/26/26 649/25/25 696/76/71
f 696/76/71 722/104/95 650/26/26
f 721/103/38 640/16/16 677/53/16
f 677/53/16 662/38/38 721/103/38
f 696/76/71 699/79/74 723/105/96
f 723/105/96 722/104/95 696/76/71
f 682/58/57 724/106/97 725/107/98
f 725/107/98 683/59/58 682/58/57
f 682/58/57 712/93/87 726/108/99
f 726/108/99 724/106/97 682/58/57
f 677/53/16 640/16/16 639/15/15
f 639/15/15 719/101/15 677/53/16
f 661/37/37 720/102/94 647/23/23
f 647/23/23 646/22/22 661/37/37
f 650/26/26 722/104/95 670/46/46
f 670/46/46 669/45/45 650/26/26
f 722/104/95 723/105/96 680/56/55
f 680/56/55 670/46/46 722/104/95
f 724/106/97 704/84/79 703/83/78
f 703/83/78 725/107/98 724/106/97
f 704/84/79 724/106/97 726/108/99
f 726/108/99 713/94/88 704/84/79
f 715/97/90 685/63/222 684/62/209
f 684/62/209 716/98/91 715/97/90
f 717/99/92 688/67/63 692/72/67
f 692/72/67 718/100/93 717/99/92
f 672/48/48 688/67/63 717/99/92
f 717/99/92 669/45/45 672/48/48
f 646/22/22 645/21/21 694/74/69
f 694/74/69 721/103/38 646/22/22
f 694/74/69 637/13/13 640/16/16
f 640/16/16 721/103/38 694/74/69
f 626/2/2 720/102/94 686/64/61
f 686/64/61 627/3/3 626/2/2
f 652/28/28 651/27/27 630/6/6
f 630/6/6 629/5/5 652/28/28
f 706/109/81 689/110/64 635/11/11
f 635/11/11 634/10/10 706/109/81
f 687/111/62 709/90/84 658/34/34
f 658/34/34 657/33/33 687/111/62
f 689/68/64 648/24/24 684/62/209
f 684/62/209 635/61/11 689/68/64
f 660/70/36 652/28/28 629/5/5
f 629/5/5 657/66/33 660/70/36
f 714/112/89 628/4/4 627/3/3
f 627/3/3 690/69/65 714/112/89
f 700/80/75 727/113/100 692/72/67
f 692/72/67 691/71/221 700/80/75
f 656/32/205 655/114/31 701/81/76
f 701/81/76 691/71/221 656/32/205
f 643/115/19 659/35/206 658/34/34
f 658/34/34 708/89/83 643/115/19
f 655/114/31 706/109/81 634/10/10
f 634/10/10 701/81/76 655/114/31
f 644/116/20 643/115/19 708/89/83
f 708/89/83 690/96/65 644/116/20
f 647/23/23 720/102/94 626/2/2
f 626/2/2 716/98/91 647/23/23
f 728/117/101 631/7/7 630/6/6
f 630/6/6 718/100/93 728/117/101
f 648/24/24 647/23/23 716/98/91
f 716/98/91 684/62/209 648/24/24
f 727/113/100 728/117/101 718/100/93
f 718/100/93 692/72/67 727/113/100
f 679/55/54 713/94/88 639/15/15
f 639/15/15 638/14/14 679/55/54
f 713/94/88 726/108/99 719/101/15
f 719/101/15 639/15/15 713/94/88
f 726/108/99 712/93/87 697/77/72
f 697/77/72 719/101/15 726/108/99
f 681/57/56 680/56/55 703/83/78
f 703/83/78 698/78/73 681/57/56
f 680/56/55 723/105/96 725/107/98
f 725/107/98 703/83/78 680/56/55
f 725/107/98 723/105/96 699/79/74
f 699/79/74 683/59/58 725/107/98
f 729/1/102 730/2/103 731/3/104
f 731/3/104 732/4/223 729/1/102
f 733/5/106 734/6/107 735/7/108
f 735/7/108 736/8/109 733/5/106
f 737/9/110 738/10/111 739/11/112
f 739/11/112 740/12/113 737/9/110
f 741/13/114 742/14/115 743/15/15
f 743/15/15 744/16/116 741/13/114
f 745/17/117 746/18/118 747/19/119
f 747/19/119 748/20/120 745/17/117
f 749/21/121 750/22/122 751/23/123
f 751/23/123 752/24/124 749/21/121
f 753/25/125 754/26/126 755/27/127
f 755/27/127 756/28/224 753/25/125
f 757/29/225 758/30/130 759/31/131
f 759/31/131 760/32/132 757/29/225
f 761/33/133 762/34/134 763/35/135
f 763/35/135 764/36/136 761/33/133
f 765/37/137 766/38/138 767/39/139
f 767/39/139 768/40/140 765/37/137
f 769/41/141 770/42/142 771/43/143
f 771/43/143 772/44/219 769/41/141
f 773/45/145 774/46/146 775/47/147
f 775/47/147 776/48/148 773/45/145
f 777/49/149 778/50/150 779/51/151
f 779/51/151 780/52/152 777/49/149
f 767/39/139 766/38/138 781/53/116
f 781/53/116 782/54/153 767/39/139
f 770/42/142 783/55/154 742/14/115
f 742/14/115 771/43/143 770/42/142
f 775/47/147 774/46/146 784/56/155
f 784/56/155 785/57/156 775/47/147
f 778/50/150 786/58/157 787/59/226
f 787/59/226 779/51/151 778/50/150
f 740/60/113 739/61/112 788/62/227
f 788/62/227 789/63/160 740/60/113
f 768/40/140 745/17/117 748/20/120
f 748/20/120 790/64/161 768/40/140
f 791/65/162 761/66/133 733/5/106
f 733/5/106 736/8/109 791/65/162
f 776/48/148 757/29/225 760/32/132
f 760/32/132 792/67/163 776/48/148
f 752/24/124 793/68/164 772/44/219
f 772/44/219 749/21/121 752/24/124
f 748/20/120 794/69/165 731/3/104
f 731/3/104 790/64/161 748/20/120
f 756/28/224 764/70/136 780/52/152
f 780/52/152 753/25/125 756/28/224
f 760/32/132 795/71/166 796/72/167
f 796/72/167 792/67/163 760/32/132
f 745/17/117 768/40/140 767/39/139
f 767/39/139 797/73/168 745/17/117
f 749/21/121 772/44/219 771/43/143
f 771/43/143 798/74/169 749/21/121
f 757/29/225 776/48/148 775/47/147
f 775/47/147 799/75/228 757/29/225
f 753/25/125 780/52/152 779/51/151
f 779/51/151 800/76/171 753/25/125
f 797/73/168 767/39/139 782/54/153
f 782/54/153 801/77/172 797/73/168
f 798/74/169 771/43/143 742/14/115
f 742/14/115 741/13/114 798/74/169
f 799/75/228 775/47/147 785/57/156
f 785/57/156 802/78/173 799/75/228
f 800/76/171 779/51/151 787/59/226
f 787/59/226 803/79/174 800/76/171
f 804/80/175 795/71/166 805/81/176
f 805/81/176 806/82/177 804/80/175
f 802/78/173 807/83/178 808/84/179
f 808/84/179 809/85/180 802/78/173
f 780/52/152 764/70/136 763/86/135
f 763/86/135 777/49/149 780/52/152
f 769/41/141 810/87/181 759/31/131
f 759/31/131 758/30/130 769/41/141
f 811/88/182 812/89/183 762/34/134
f 762/34/134 813/90/184 811/88/182
f 758/30/130 757/29/225 799/75/228
f 799/75/228 814/91/142 758/30/130
f 746/18/118 815/92/185 778/50/150
f 778/50/150 777/49/149 746/18/118
f 799/75/228 802/78/173 809/85/180
f 809/85/180 814/91/142 799/75/228
f 815/92/185 816/93/229 786/58/157
f 786/58/157 778/50/150 815/92/185
f 806/82/177 805/81/176 738/10/111
f 738/10/111 737/9/110 806/82/177
f 809/85/180 808/84/179 817/94/187
f 817/94/187 783/55/154 809/85/180
f 777/49/149 763/86/135 747/19/119
f 747/19/119 746/18/118 777/49/149
f 758/30/130 814/91/142 770/42/142
f 770/42/142 769/41/141 758/30/130
f 814/91/142 809/85/180 783/55/154
f 783/55/154 770/42/142 814/91/142
f 772/44/219 793/68/164 810/87/181
f 810/87/181 769/41/141 772/44/219
f 818/95/188 794/96/165 812/89/183
f 812/89/183 811/88/182 818/95/188
f 746/18/118 745/17/117 797/73/168
f 797/73/168 815/92/185 746/18/118
f 797/73/168 801/77/172 816/93/229
f 816/93/229 815/92/185 797/73/168
f 819/97/189 820/98/190 730/2/103
f 730/2/103 729/1/102 819/97/189
f 755/27/127 821/99/191 822/100/192
f 822/100/192 734/6/107 755/27/127
f 782/54/153 781/53/116 823/101/15
f 823/101/15 801/77/172 782/54/153
f 768/40/140 790/64/161 824/102/193
f 824/102/193 765/37/137 768/40/140
f 773/45/145 821/99/191 755/27/127
f 755/27/127 754/26/126 773/45/145
f 750/22/122 825/103/138 766/38/138
f 766/38/138 765/37/137 750/22/122
f 754/26/126 753/25/125 800/76/171
f 800/76/171 826/104/194 754/26/126
f 825/103/138 744/16/116 781/53/116
f 781/53/116 766/38/138 825/103/138
f 800/76/171 803/79/174 827/105/195
f 827/105/195 826/104/194 800/76/171
f 786/58/157 828/106/196 829/107/197
f 829/107/197 787/59/226 786/58/157
f 786/58/157 816/93/229 830/108/198
f 830/108/198 828/106/196 786/58/157
f 781/53/116 744/16/116 743/15/15
f 743/15/15 823/101/15 781/53/116
f 765/37/137 824/102/193 751/23/123
f 751/23/123 750/22/122 765/37/137
f 754/26/126 826/104/194 774/46/146
f 774/46/146 773/45/145 754/26/126
f 826/104/194 827/105/195 784/56/155
f 784/56/155 774/46/146 826/104/194
f 828/106/196 808/84/179 807/83/178
f 807/83/178 829/107/197 828/106/196
f 808/84/179 828/106/196 830/108/198
f 830/108/198 817/94/187 808/84/179
f 819/97/189 789/63/160 788/62/227
f 788/62/227 820/98/190 819/97/189
f 821/99/191 792/67/163 796/72/167
f 796/72/167 822/100/192 821/99/191
f 776/48/148 792/67/163 821/99/191
f 821/99/191 773/45/145 776/48/148
f 750/22/122 749/21/121 798/74/169
f 798/74/169 825/103/138 750/22/122
f 798/74/169 741/13/114 744/16/116
f 744/16/116 825/103/138 798/74/169
f 730/2/103 824/102/193 790/64/161
f 790/64/161 731/3/104 730/2/103
f 756/28/224 755/27/127 734/6/107
f 734/6/107 733/5/106 756/28/224
f 810/109/181 793/110/164 739/11/112
f 739/11/112 738/10/111 810/109/181
f 791/111/162 813/90/184 762/34/134
f 762/34/134 761/33/133 791/111/162
f 793/68/164 752/24/124 788/62/227
f 788/62/227 739/61/112 793/68/164
f 764/70/136 756/28/224 733/5/106
f 733/5/106 761/66/133 764/70/136
f 818/112/188 732/4/223 731/3/104
f 731/3/104 794/69/165 818/112/188
f 804/80/175 831/113/199 796/72/167
f 796/72/167 795/71/166 804/80/175
f 760/32/132 759/114/131 805/81/176
f 805/81/176 795/71/166 760/32/132
f 747/115/119 763/35/135 762/34/134
f 762/34/134 812/89/183 747/115/119
f 759/114/131 810/109/181 738/10/111
f 738/10/111 805/81/176 759/114/131
f 748/116/120 747/115/119 812/89/183
f 812/89/183 794/96/165 748/116/120
f 751/23/123 824/102/193 730/2/103
f 730/2/103 820/98/190 751/23/123
f 832/117/200 735/7/108 734/6/107
f 734/6/107 822/100/192 832/117/200
f 752/24/124 751/23/123 820/98/190
f 820/98/190 788/62/227 752/24/124
f 831/113/199 832/117/200 822/100/192
f 822/100/192 796/72/167 831/113/199
f 783/55/154 817/94/187 743/15/15
f 743/15/15 742/14/115 783/55/154
f 817/94/187 830/108/198 823/101/15
f 823/101/15 743/15/15 817/94/187
f 830/108/198 816/93/229 801/77/172
f 801/77/172 823/101/15 830/108/198
f 785/57/156 784/56/155 807/83/178
f 807/83/178 802/78/173 785/57/156
f 784/56/155 827/105/195 829/107/197
f 829/107/197 807/83/178 784/56/155
f 829/107/197 827/105/195 803/79/174
f 803/79/174 787/59/226 829/107/197
f 833/1/1 834/2/2 835/3/3
f 835/3/3 836/4/4 833/1/1
f 837/5/5 838/6/6 839/7/7
f 839/7/7 840/8/8 837/5/5
f 841/9/9 842/10/10 843/11/11
f 843/11/11 844/12/12 841/9/9
f 845/13/13 846/14/14 847/15/15
f 847/15/15 848/16/16 845/13/13
f 849/17/17 850/18/203 851/19/19
f 851/19/19 852/20/20 849/17/17
f 853/21/21 854/22/22 855/23/23
f 855/23/23 856/24/24 853/21/21
f 857/25/25 858/26/26 859/27/27
f 859/27/27 860/28/28 857/25/25
f 861/29/29 862/30/30 863/31/31
f 863/31/31 864/32/205 861/29/29
f 865/33/33 866/34/34 867/35/206
f 867/35/206 868/36/36 865/33/33
f 869/37/37 870/38/38 871/39/39
f 871/39/39 872/40/40 869/37/37
f 873/41/41 874/42/42 875/43/43
f 875/43/43 876/44/44 873/41/41
f 877/45/45 878/46/46 879/47/47
f 879/47/47 880/48/48 877/45/45
f 881/49/49 882/50/50 883/51/51
f 883/51/51 884/52/52 881/49/49
f 871/39/39 870/38/38 885/53/16
f 885/53/16 886/54/53 871/39/39
f 874/42/42 887/55/54 846/14/14
f 846/14/14 875/43/43 874/42/42
f 879/47/47 878/46/46 888/56/55
f 888/56/55 889/57/56 879/47/47
f 882/50/50 890/58/57 891/59/58
f 891/59/58 883/51/51 882/50/50
f 844/60/12 843/61/11 892/62/209
f 892/62/209 893/63/222 844/60/12
f 872/40/40 849/17/17 852/20/20
f 852/20/20 894/64/61 872/40/40
f 895/65/62 865/66/33 837/5/5
f 837/5/5 840/8/8 895/65/62
f 880/48/48 861/29/29 864/32/205
f 864/32/205 896/67/63 880/48/48
f 856/24/24 897/68/64 876/44/44
f 876/44/44 853/21/21 856/24/24
f 852/20/20 898/69/65 835/3/3
f 835/3/3 894/64/61 852/20/20
f 860/28/28 868/70/36 884/52/52
f 884/52/52 857/25/25 860/28/28
f 864/32/205 899/71/221 900/72/67
f 900/72/67 896/67/63 864/32/205
f 849/17/17 872/40/40 871/39/39
f 871/39/39 901/73/68 849/17/17
f 853/21/21 876/44/44 875/43/43
f 875/43/43 902/74/69 853/21/21
f 861/29/29 880/48/48 879/47/47
f 879/47/47 903/75/70 861/29/29
f 857/25/25 884/52/52 883/51/51
f 883/51/51 904/76/71 857/25/25
f 901/73/68 871/39/39 886/54/53
f 886/54/53 905/77/72 901/73/68
f 902/74/69 875/43/43 846/14/14
f 846/14/14 845/13/13 902/74/69
f 903/75/70 879/47/47 889/57/56
f 889/57/56 906/78/73 903/75/70
f 904/76/71 883/51/51 891/59/58
f 891/59/58 907/79/213 904/76/71
f 908/80/75 899/71/221 909/81/76
f 909/81/76 910/82/77 908/80/75
f 906/78/73 911/83/78 912/84/79
f 912/84/79 913/85/80 906/78/73
f 884/52/52 868/70/36 867/86/206
f 867/86/206 881/49/49 884/52/52
f 873/41/41 914/87/81 863/31/31
f 863/31/31 862/30/30 873/41/41
f 915/88/82 916/89/83 866/34/34
f 866/34/34 917/90/84 915/88/82
f 862/30/30 861/29/29 903/75/70
f 903/75/70 918/91/42 862/30/30
f 850/18/203 919/92/86 882/50/50
f 882/50/50 881/49/49 850/18/203
f 903/75/70 906/78/73 913/85/80
f 913/85/80 918/91/42 903/75/70
f 919/92/86 920/93/87 890/58/57
f 890/58/57 882/50/50 919/92/86
f 910/82/77 909/81/76 842/10/10
f 842/10/10 841/9/9 910/82/77
f 913/85/80 912/84/79 921/94/88
f 921/94/88 887/55/54 913/85/80
f 881/49/49 867/86/206 851/19/19
f 851/19/19 850/18/203 881/49/49
f 862/30/30 918/91/42 874/42/42
f 874/42/42 873/41/41 862/30/30
f 918/91/42 913/85/80 887/55/54
f 887/55/54 874/42/42 918/91/42
f 876/44/44 897/68/64 914/87/81
f 914/87/81 873/41/41 876/44/44
f 922/95/89 898/96/65 916/89/83
f 916/89/83 915/88/82 922/95/89
f 850/18/203 849/17/17 901/73/68
f 901/73/68 919/92/86 850/18/203
f 901/73/68 905/77/72 920/93/87
f 920/93/87 919/92/86 901/73/68
f 923/97/90 924/98/91 834/2/2
f 834/2/2 833/1/1 923/97/90
f 859/27/27 925/99/92 926/100/93
f 926/100/93 838/6/6 859/27/27
f 886/54/53 885/53/16 927/101/15
f 927/101/15 905/77/72 886/54/53
f 872/40/40 894/64/61 928/102/94
f 928/102/94 869/37/37 872/40/40
f 877/45/45 925/99/92 859/27/27
f 859/27/27 858/26/26 877/45/45
f 854/22/22 929/103/38 870/38/38
f 870/38/38 869/37/37 854/22/22
f 858/26/26 857/25/25 904/76/71
f 904/76/71 930/104/95 858/26/26
f 929/103/38 848/16/16 885/53/16
f 885/53/16 870/38/38 929/103/38
f 904/76/71 907/79/213 931/105/96
f 931/105/96 930/104/95 904/76/71
f 890/58/57 932/106/97 933/107/98
f 933/107/98 891/59/58 890/58/57
f 890/58/57 920/93/87 934/108/99
f 934/108/99 932/106/97 890/58/57
f 885/53/16 848/16/16 847/15/15
f 847/15/15 927/101/15 885/53/16
f 869/37/37 928/102/94 855/23/23
f 855/23/23 854/22/22 869/37/37
f 858/26/26 930/104/95 878/46/46
f 878/46/46 877/45/45 858/26/26
f 930/104/95 931/105/96 888/56/55
f 888/56/55 878/46/46 930/104/95
f 932/106/97 912/84/79 911/83/78
f 911/83/78 933/107/98 932/106/97
f 912/84/79 932/106/97 934/108/99
f 934/108/99 921/94/88 912/84/79
f 923/97/90 893/63/222 892/62/209
f 892/62/209 924/98/91 923/97/90
f 925/99/92 896/67/63 900/72/67
f 900/72/67 926/100/93 925/99/92
f 880/48/48 896/67/63 925/99/92
f 925/99/92 877/45/45 880/48/48
f 854/22/22 853/21/21 902/74/69
f 902/74/69 929/103/38 854/22/22
f 902/74/69 845/13/13 848/16/16
f 848/16/16 929/103/38 902/74/69
f 834/2/2 928/102/94 894/64/61
f 894/64/61 835/3/3 834/2/2
f 860/28/28 859/27/27 838/6/6
f 838/6/6 837/5/5 860/28/28
f 914/109/81 897/110/64 843/11/11
f 843/11/11 842/10/10 914/109/81
f 895/111/62 917/90/84 866/34/34
f 866/34/34 865/33/33 895/111/62
f 897/68/64 856/24/24 892/62/209
f 892/62/209 843/61/11 897/68/64
f 868/70/36 860/28/28 837/5/5
f 837/5/5 865/66/33 868/70/36
f 922/112/89 836/4/4 835/3/3
f 835/3/3 898/69/65 922/112/89
f 908/80/75 935/113/100 900/72/67
f 900/72/67 899/71/221 908/80/75
f 864/32/205 863/114/31 909/81/76
f 909/81/76 899/71/221 864/32/205
f 851/115/19 867/35/206 866/34/34
f 866/34/34 916/89/83 851/115/19
f 863/114/31 914/109/81 842/10/10
f 842/10/10 909/81/76 863/114/31
f 852/116/20 851/115/19 916/89/83
f 916/89/83 898/96/65 852/116/20
f 855/23/23 928/102/94 834/2/2
f 834/2/2 924/98/91 855/23/23
f 936/117/101 839/7/7 838/6/6
f 838/6/6 926/100/93 936/117/101
f 856/24/24 855/23/23 924/98/91
f 924/98/91 892/62/209 856/24/24
f 935/113/100 936/117/101 926/100/93
f 926/100/93 900/72/67 935/113/100
f 887/55/54 921/94/88 847/15/15
f 847/15/15 846/14/14 887/55/54
f 921/94/88 934/108/99 927/101/15
f 927/101/15 847/15/15 921/94/88
f 934/108/99 920/93/87 905/77/72
f 905/77/72 927/101/15 934/108/99
f 889/57/56 888/56/55 911/83/78
f 911/83/78 906/78/73 889/57/56
f 888/56/55 931/105/96 933/107/98
f 933/107/98 911/83/78 888/56/55
f 933/107/98 931/105/96 907/79/213
f 907/79/213 891/59/58 933/107/98
f 937/1/102 938/2/103 939/3/104
f 939/3/104 940/4/223 937/1/102
f 941/5/106 942/6/107 943/7/108
f 943/7/108 944/8/109 941/5/106
f 945/9/110 946/10/111 947/11/112
f 947/11/112 948/12/113 945/9/110
f 949/13/114 950/14/115 951/15/15
f 951/15/15 952/16/116 949/13/114
f 953/17/117 954/18/118 955/19/119
f 955/19/119 956/20/120 953/17/117
f 957/21/121 958/22/122 959/23/123
f 959/23/123 960/24/124 957/21/121
f 961/25/125 962/26/126 963/27/127
f 963/27/127 964/28/128 961/25/125
f 965/29/129 966/30/130 967/31/131
f 967/31/131 968/32/132 965/29/129
f 969/33/133 970/34/134 971/35/135
f 971/35/135 972/36/136 969/33/133
f 973/37/137 974/38/138 975/39/139
f 975/39/139 976/40/230 973/37/137
f 977/41/141 978/42/142 979/43/143
f 979/43/143 980/44/219 977/41/141
f 981/45/145 982/46/146 983/47/147
f 983/47/147 984/48/148 981/45/145
f 985/49/149 986/50/150 987/51/151
f 987/51/151 988/52/152 985/49/149
f 975/39/139 974/38/138 989/53/116
f 989/53/116 990/54/153 975/39/139
f 978/42/142 991/55/154 950/14/115
f 950/14/115 979/43/143 978/42/142
f 983/47/147 982/46/146 992/56/155
f 992/56/155 993/57/156 983/47/147
f 986/50/150 994/58/157 995/59/158
f 995/59/158 987/51/151 986/50/150
f 948/60/113 947/61/112 996/62/227
f 996/62/227 997/63/160 948/60/113
f 976/40/230 953/17/117 956/20/120
f 956/20/120 998/64/161 976/40/230
f 999/65/162 969/66/133 941/5/106
f 941/5/106 944/8/109 999/65/162
f 984/48/148 965/29/129 968/32/132
f 968/32/132 1000/67/163 984/48/148
f 960/24/124 1001/68/164 980/44/219
f 980/44/219 957/21/121 960/24/124
f 956/20/120 1002/69/165 939/3/104
f 939/3/104 998/64/161 956/20/120
f 964/28/128 972/70/136 988/52/152
f 988/52/152 961/25/125 964/28/128
f 968/32/132 1003/71/166 1004/72/167
f 1004/72/167 1000/67/163 968/32/132
f 953/17/117 976/40/230 975/39/139
f 975/39/139 1005/73/168 953/17/117
f 957/21/121 980/44/219 979/43/143
f 979/43/143 1006/74/169 957/21/121
f 965/29/129 984/48/148 983/47/147
f 983/47/147 1007/75/228 965/29/129
f 961/25/125 988/52/152 987/51/151
f 987/51/151 1008/76/171 961/25/125
f 1005/73/168 975/39/139 990/54/153
f 990/54/153 1009/77/172 1005/73/168
f 1006/74/169 979/43/143 950/14/115
f 950/14/115 949/13/114 1006/74/169
f 1007/75/228 983/47/147 993/57/156
f 993/57/156 1010/78/173 1007/75/228
f 1008/76/171 987/51/151 995/59/158
f 995/59/158 1011/79/174 1008/76/171
f 1012/80/175 1003/71/166 1013/81/176
f 1013/81/176 1014/82/177 1012/80/175
f 1010/78/173 1015/83/178 1016/84/179
f 1016/84/179 1017/85/180 1010/78/173
f 988/52/152 972/70/136 971/86/135
f 971/86/135 985/49/149 988/52/152
f 977/41/141 1018/87/181 967/31/131
f 967/31/131 966/30/130 977/41/141
f 1019/88/182 1020/89/183 970/34/134
f 970/34/134 1021/90/184 1019/88/182
f 966/30/130 965/29/129 1007/75/228
f 1007/75/228 1022/91/142 966/30/130
f 954/18/118 1023/92/185 986/50/150
f 986/50/150 985/49/149 954/18/118
f 1007/75/228 1010/78/173 1017/85/180
f 1017/85/180 1022/91/142 1007/75/228
f 1023/92/185 1024/93/186 994/58/157
f 994/58/157 986/50/150 1023/92/185
f 1014/82/177 1013/81/176 946/10/111
f 946/10/111 945/9/110 1014/82/177
f 1017/85/180 1016/84/179 1025/94/187
f 1025/94/187 991/55/154 1017/85/180
f 985/49/149 971/86/135 955/19/119
f 955/19/119 954/18/118 985/49/149
f 966/30/130 1022/91/142 978/42/142
f 978/42/142 977/41/141 966/30/130
f 1022/91/142 1017/85/180 991/55/154
f 991/55/154 978/42/142 1022/91/142
f 980/44/219 1001/68/164 1018/87/181
f 1018/87/181 977/41/141 980/44/219
f 1026/95/188 1002/96/165 1020/89/183
f 1020/89/183 1019/88/182 1026/95/188
f 954/18/118 953/17/117 1005/73/168
f 1005/73/168 1023/92/185 954/18/118
f 1005/73/168 1009/77/172 1024/93/186
f 1024/93/186 1023/92/185 1005/73/168
f 1027/97/189 1028/98/190 938/2/103
f 938/2/103 937/1/102 1027/97/189
f 963/27/127 1029/99/191 1030/100/192
f 1030/100/192 942/6/107 963/27/127
f 990/54/153 989/53/116 1031/101/15
f 1031/101/15 1009/77/172 990/54/153
f 976/40/230 998/64/161 1032/102/193
f 1032/102/193 973/37/137 976/40/230
f 981/45/145 1029/99/191 963/27/127
f 963/27/127 962/26/126 981/45/145
f 958/22/122 1033/103/138 974/38/138
f 974/38/138 973/37/137 958/22/122
f 962/26/126 961/25/125 1008/76/171
f 1008/76/171 1034/104/194 962/26/126
f 1033/103/138 952/16/116 989/53/116
f 989/53/116 974/38/138 1033/103/138
f 1008/76/171 1011/79/174 1035/105/195
f 1035/105/195 1034/104/194 1008/76/171
f 994/58/157 1036/106/196 1037/107/197
f 1037/107/197 995/59/158 994/58/157
f 994/58/157 1024/93/186 1038/108/198
f 1038/108/198 1036/106/196 994/58/157
f 989/53/116 952/16/116 951/15/15
f 951/15/15 1031/101/15 989/53/116
f 973/37/137 1032/102/193 959/23/123
f 959/23/123 958/22/122 973/37/137
f 962/26/126 1034/104/194 982/46/146
f 982/46/146 981/45/145 962/26/126
f 1034/104/194 1035/105/195 992/56/155
f 992/56/155 982/46/146 1034/104/194
f 1036/106/196 1016/84/179 1015/83/178
f 1015/83/178 1037/107/197 1036/106/196
f 1016/84/179 1036/106/196 1038/108/198
f 1038/108/198 1025/94/187 1016/84/179
f 1027/97/189 997/63/160 996/62/227
f 996/62/227 1028/98/190 1027/97/189
f 1029/99/191 1000/67/163 1004/72/167
f 1004/72/167 1030/100/192 1029/99/191
f 984/48/148 1000/67/163 1029/99/191
f 1029/99/191 981/45/145 984/48/148
f 958/22/122 957/21/121 1006/74/169
f 1006/74/169 1033/103/138 958/22/122
f 1006/74/169 949/13/114 952/16/116
f 952/16/116 1033/103/138 1006/74/169
f 938/2/103 1032/102/193 998/64/161
f 998/64/161 939/3/104 938/2/103
f 964/28/128 963/27/127 942/6/107
f 942/6/107 941/5/106 964/28/128
f 1018/109/181 1001/110/164 947/11/112
f 947/11/112 946/10/111 1018/109/181
f 999/111/162 1021/90/184 970/34/134
f 970/34/134 969/33/133 999/111/162
f 1001/68/164 960/24/124 996/62/227
f 996/62/227 947/61/112 1001/68/164
f 972/70/136 964/28/128 941/5/106
f 941/5/106 969/66/133 972/70/136
f 1026/112/188 940/4/223 939/3/104
f 939/3/104 1002/69/165 1026/112/188
f 1012/80/175 1039/113/199 1004/72/167
f 1004/72/167 1003/71/166 1012/80/175
f 968/32/132 967/114/131 1013/81/176
f 1013/81/176 1003/71/166 968/32/132
f 955/115/119 971/35/135 970/34/134
f 970/34/134 1020/89/183 955/115/119
f 967/114/131 1018/109/181 946/10/111
f 946/10/111 1013/81/176 967/114/131
f 956/116/120 955/115/119 1020/89/183
f 1020/89/183 1002/96/165 956/116/120
f 959/23/123 1032/102/193 938/2/103
f 938/2/103 1028/98/190 959/23/123
f 1040/117/200 943/7/108 942/6/107
f 942/6/107 1030/100/192 1040/117/200
f 960/24/124 959/23/123 1028/98/190
f 1028/98/190 996/62/227 960/24/124
f 1039/113/199 1040/117/200 1030/100/192
f 1030/100/192 1004/72/167 1039/113/199
f 991/55/154 1025/94/187 951/15/15
f 951/15/15 950/14/115 991/55/154
f 1025/94/187 1038/108/198 1031/101/15
f 1031/101/15 951/15/15 1025/94/187
f 1038/108/198 1024/93/186 1009/77/172
f 1009/77/172 1031/101/15 1038/108/198
f 993/57/156 992/56/155 1015/83/178
f 1015/83/178 1010/78/173 993/57/156
f 992/56/155 1035/105/195 1037/107/197
f 1037/107/197 1015/83/178 992/56/155
f 1037/107/197 1035/105/195 1011/79/174
f 1011/79/174 995/59/158 1037/107/197
f 1041/1/1 1042/2/2 1043/3/3
f 1043/3/3 1044/4/4 1041/1/1
f 1045/5/5 1046/6/6 1047/7/7
f 1047/7/7 1048/8/8 1045/5/5
f 1049/9/9 1050/10/10 1051/11/11
f 1051/11/11 1052/12/12 1049/9/9
f 1053/13/13 1054/14/14 1055/15/15
f 1055/15/15 1056/16/16 1053/13/13
f 1057/17/17 1058/18/203 1059/19/19
f 1059/19/19 1060/20/204 1057/17/17
f 1061/21/21 1062/22/22 1063/23/23
f 1063/23/23 1064/24/24 1061/21/21
f 1065/25/25 1066/26/26 1067/27/27
f 1067/27/27 1068/28/28 1065/25/25
f 1069/29/29 1070/30/30 1071/31/31
f 1071/31/31 1072/32/205 1069/29/29
f 1073/33/33 1074/34/34 1075/35/35
f 1075/35/35 1076/36/36 1073/33/33
f 1077/37/37 1078/38/38 1079/39/39
f 1079/39/39 1080/40/40 1077/37/37
f 1081/41/41 1082/42/42 1083/43/215
f 1083/43/215 1084/44/44 1081/41/41
f 1085/45/45 1086/46/46 1087/47/47
f 1087/47/47 1088/48/48 1085/45/45
f 1089/49/49 1090/50/50 1091/51/51
f 1091/51/51 1092/52/231 1089/49/49
f 1079/39/39 1078/38/38 1093/53/16
f 1093/53/16 1094/54/53 1079/39/39
f 1082/42/42 1095/55/54 1054/14/14
f 1054/14/14 1083/43/215 1082/42/42
f 1087/47/47 1086/46/46 1096/56/55
f 1096/56/55 1097/57/56 1087/47/47
f 1090/50/50 1098/58/57 1099/59/58
f 1099/59/58 1091/51/51 1090/50/50
f 1052/60/12 1051/61/11 1100/62/209
f 1100/62/209 1101/63/222 1052/60/12
f 1080/40/40 1057/17/17 1060/20/204
f 1060/20/204 1102/64/210 1080/40/40
f 1103/65/62 1073/66/33 1045/5/5
f 1045/5/5 1048/8/8 1103/65/62
f 1088/48/48 1069/29/29 1072/32/205
f 1072/32/205 1104/67/63 1088/48/48
f 1064/24/24 1105/68/64 1084/44/44
f 1084/44/44 1061/21/21 1064/24/24
f 1060/20/204 1106/69/65 1043/3/3
f 1043/3/3 1102/64/210 1060/20/204
f 1068/28/28 1076/70/36 1092/52/231
f 1092/52/231 1065/25/25 1068/28/28
f 1072/32/205 1107/71/221 1108/72/67
f 1108/72/67 1104/67/63 1072/32/205
f 1057/17/17 1080/40/40 1079/39/39
f 1079/39/39 1109/73/68 1057/17/17
f 1061/21/21 1084/44/44 1083/43/215
f 1083/43/215 1110/74/69 1061/21/21
f 1069/29/29 1088/48/48 1087/47/47
f 1087/47/47 1111/75/70 1069/29/29
f 1065/25/25 1092/52/231 1091/51/51
f 1091/51/51 1112/76/71 1065/25/25
f 1109/73/68 1079/39/39 1094/54/53
f 1094/54/53 1113/77/72 1109/73/68
f 1110/74/69 1083/43/215 1054/14/14
f 1054/14/14 1053/13/13 1110/74/69
f 1111/75/70 1087/47/47 1097/57/56
f 1097/57/56 1114/78/73 1111/75/70
f 1112/76/71 1091/51/51 1099/59/58
f 1099/59/58 1115/79/213 1112/76/71
f 1116/80/75 1107/71/221 1117/81/76
f 1117/81/76 1118/82/77 1116/80/75
f 1114/78/73 1119/83/78 1120/84/79
f 1120/84/79 1121/85/80 1114/78/73
f 1092/52/231 1076/70/36 1075/86/35
f 1075/86/35 1089/49/49 1092/52/231
f 1081/41/41 1122/87/81 1071/31/31
f 1071/31/31 1070/30/30 1081/41/41
f 1123/88/82 1124/89/83 1074/34/34
f 1074/34/34 1125/90/84 1123/88/82
f 1070/30/30 1069/29/29 1111/75/70
f 1111/75/70 1126/91/42 1070/30/30
f 1058/18/203 1127/92/232 1090/50/50
f 1090/50/50 1089/49/49 1058/18/203
f 1111/75/70 1114/78/73 1121/85/80
f 1121/85/80 1126/91/42 1111/75/70
f 1127/92/232 1128/93/87 1098/58/57
f 1098/58/57 1090/50/50 1127/92/232
f 1118/82/77 1117/81/76 1050/10/10
f 1050/10/10 1049/9/9 1118/82/77
f 1121/85/80 1120/84/79 1129/94/88
f 1129/94/88 1095/55/54 1121/85/80
f 1089/49/49 1075/86/35 1059/19/19
f 1059/19/19 1058/18/203 1089/49/49
f 1070/30/30 1126/91/42 1082/42/42
f 1082/42/42 1081/41/41 1070/30/30
f 1126/91/42 1121/85/80 1095/55/54
f 1095/55/54 1082/42/42 1126/91/42
f 1084/44/44 1105/68/64 1122/87/81
f 1122/87/81 1081/41/41 1084/44/44
f 1130/95/89 1106/96/65 1124/89/83
f 1124/89/83 1123/88/82 1130/95/89
f 1058/18/203 1057/17/17 1109/73/68
f 1109/73/68 1127/92/232 1058/18/203
f 1109/73/68 1113/77/72 1128/93/87
f 1128/93/87 1127/92/232 1109/73/68
f 1131/97/90 1132/98/91 1042/2/2
f 1042/2/2 1041/1/1 1131/97/90
f 1067/27/27 1133/99/92 1134/100/93
f 1134/100/93 1046/6/6 1067/27/27
f 1094/54/53 1093/53/16 1135/101/15
f 1135/101/15 1113/77/72 1094/54/53
f 1080/40/40 1102/64/210 1136/102/94
f 1136/102/94 1077/37/37 1080/40/40
f 1085/45/45 1133/99/92 1067/27/27
f 1067/27/27 1066/26/26 1085/45/45
f 1062/22/22 1137/103/38 1078/38/38
f 1078/38/38 1077/37/37 1062/22/22
f 1066/26/26 1065/25/25 1112/76/71
f 1112/76/71 1138/104/95 1066/26/26
f 1137/103/38 1056/16/16 1093/53/16
f 1093/53/16 1078/38/38 1137/103/38
f 1112/76/71 1115/79/213 1139/105/96
f 1139/105/96 1138/104/95 1112/76/71
f 1098/58/57 1140/106/97 1141/107/98
f 1141/107/98 1099/59/58 1098/58/57
f 1098/58/57 1128/93/87 1142/108/99
f 1142/108/99 1140/106/97 1098/58/57
f 1093/53/16 1056/16/16 1055/15/15
f 1055/15/15 1135/101/15 1093/53/16
f 1077/37/37 1136/102/94 1063/23/23
f 1063/23/23 1062/22/22 1077/37/37
f 1066/26/26 1138/104/95 1086/46/46
f 1086/46/46 1085/45/45 1066/26/26
f 1138/104/95 1139/105/96 1096/56/55
f 1096/56/55 1086/46/46 1138/104/95
f 1140/106/97 1120/84/79 1119/83/78
f 1119/83/78 1141/107/98 1140/106/97
f 1120/84/79 1140/106/97 1142/108/99
f 1142/108/99 1129/94/88 1120/84/79
f 1131/97/90 1101/63/222 1100/62/209
f 1100/62/209 1132/98/91 1131/97/90
f 1133/99/92 1104/67/63 1108/72/67
f 1108/72/67 1134/100/93 1133/99/92
f 1088/48/48 1104/67/63 1133/99/92
f 1133/99/92 1085/45/45 1088/48/48
f 1062/22/22 1061/21/21 1110/74/69
f 1110/74/69 1137/103/38 1062/22/22
f 1110/74/69 1053/13/13 1056/16/16
f 1056/16/16 1137/103/38 1110/74/69
f 1042/2/2 1136/102/94 1102/64/210
f 1102/64/210 1043/3/3 1042/2/2
f 1068/28/28 1067/27/27 1046/6/6
f 1046/6/6 1045/5/5 1068/28/28
f 1122/109/81 1105/110/64 1051/11/11
f 1051/11/11 1050/10/10 1122/109/81
f 1103/111/62 1125/90/84 1074/34/34
f 1074/34/34 1073/33/33 1103/111/62
f 1105/68/64 1064/24/24 1100/62/209
f 1100/62/209 1051/61/11 1105/68/64
f 1076/70/36 1068/28/28 1045/5/5
f 1045/5/5 1073/66/33 1076/70/36
f 1130/112/89 1044/4/4 1043/3/3
f 1043/3/3 1106/69/65 1130/112/89
f 1116/80/75 1143/113/100 1108/72/67
f 1108/72/67 1107/71/221 1116/80/75
f 1072/32/205 1071/114/31 1117/81/76
f 1117/81/76 1107/71/221 1072/32/205
f 1059/115/19 1075/35/35 1074/34/34
f 1074/34/34 1124/89/83 1059/115/19
f 1071/114/31 1122/109/81 1050/10/10
f 1050/10/10 1117/81/76 1071/114/31
f 1060/116/204 1059/115/19 1124/89/83
f 1124/89/83 1106/96/65 1060/116/204
f 1063/23/23 1136/102/94 1042/2/2
f 1042/2/2 1132/98/91 1063/23/23
f 1144/117/101 1047/7/7 1046/6/6
f 1046/6/6 1134/100/93 1144/117/101
f 1064/24/24 1063/23/23 1132/98/91
f 1132/98/91 1100/62/209 1064/24/24
f 1143/113/100 1144/117/101 1134/100/93
f 1134/100/93 1108/72/67 1143/113/100
f 1095/55/54 1129/94/88 1055/15/15
f 1055/15/15 1054/14/14 1095/55/54
f 1129/94/88 1142/108/99 1135/101/15
f 1135/101/15 1055/15/15 1129/94/88
f 1142/108/99 1128/93/87 1113/77/72
f 1113/77/72 1135/101/15 1142/108/99
f 1097/57/56 1096/56/55 1119/83/78
f 1119/83/78 1114/78/73 1097/57/56
f 1096/56/55 1139/105/96 1141/107/98
f 1141/107/98 1119/83/78 1096/56/55
f 1141/107/98 1139/105/96 1115/79/213
f 1115/79/213 1099/59/58 1141/107/98
f 1145/1/102 1146/2/103 1147/3/104
f 1147/3/104 1148/4/223 1145/1/102
f 1149/5/106 1150/6/107 1151/7/108
f 1151/7/108 1152/8/109 1149/5/106
f 1153/9/110 1154/10/111 1155/11/112
f 1155/11/112 1156/12/113 1153/9/110
f 1157/13/114 1158/14/115 1159/15/15
f 1159/15/15 1160/16/116 1157/13/114
f 1161/17/117 1162/18/118 1163/19/119
f 1163/19/119 1164/20/120 1161/17/117
f 1165/21/121 1166/22/122 1167/23/123
f 1167/23/123 1168/24/124 1165/21/121
f 1169/25/125 1170/26/126 1171/27/127
f 1171/27/127 1172/28/128 1169/25/125
f 1173/29/129 1174/30/130 1175/31/131
f 1175/31/131 1176/32/132 1173/29/129
f 1177/33/133 1178/34/134 1179/35/135
f 1179/35/135 1180/36/136 1177/33/133
f 1181/37/137 1182/38/138 1183/39/139
f 1183/39/139 1184/40/230 1181/37/137
f 1185/41/141 1186/42/142 1187/43/143
f 1187/43/143 1188/44/144 1185/41/141
f 1189/45/145 1190/46/146 1191/47/147
f 1191/47/147 1192/48/148 1189/45/145
f 1193/49/149 1194/50/150 1195/51/151
f 1195/51/151 1196/52/152 1193/49/149
f 1183/39/139 1182/38/138 1197/53/116
f 1197/53/116 1198/54/153 1183/39/139
f 1186/42/142 1199/55/154 1158/14/115
f 1158/14/115 1187/43/143 1186/42/142
f 1191/47/147 1190/46/146 1200/56/155
f 1200/56/155 1201/57/156 1191/47/147
f 1194/50/150 1202/58/157 1203/59/158
f 1203/59/158 1195/51/151 1194/50/150
f 1156/60/113 1155/61/112 1204/62/227
f 1204/62/227 1205/63/160 1156/60/113
f 1184/40/230 1161/17/117 1164/20/120
f 1164/20/120 1206/64/161 1184/40/230
f 1207/65/162 1177/66/133 1149/5/106
f 1149/5/106 1152/8/109 1207/65/162
f 1192/48/148 1173/29/129 1176/32/132
f 1176/32/132 1208/67/163 1192/48/148
f 1168/24/124 1209/68/164 1188/44/144
f 1188/44/144 1165/21/121 1168/24/124
f 1164/20/120 1210/69/165 1147/3/104
f 1147/3/104 1206/64/161 1164/20/120
f 1172/28/128 1180/70/136 1196/52/152
f 1196/52/152 1169/25/125 1172/28/128
f 1176/32/132 1211/71/166 1212/72/167
f 1212/72/167 1208/67/163 1176/32/132
f 1161/17/117 1184/40/230 1183/39/139
f 1183/39/139 1213/73/168 1161/17/117
f 1165/21/121 1188/44/144 1187/43/143
f 1187/43/143 1214/74/169 1165/21/121
f 1173/29/129 1192/48/148 1191/47/147
f 1191/47/147 1215/75/228 1173/29/129
f 1169/25/125 1196/52/152 1195/51/151
f 1195/51/151 1216/76/171 1169/25/125
f 1213/73/168 1183/39/139 1198/54/153
f 1198/54/153 1217/77/172 1213/73/168
f 1214/74/169 1187/43/143 1158/14/115
f 1158/14/115 1157/13/114 1214/74/169
f 1215/75/228 1191/47/147 1201/57/156
f 1201/57/156 1218/78/173 1215/75/228
f 1216/76/171 1195/51/151 1203/59/158
f 1203/59/158 1219/79/174 1216/76/171
f 1220/80/175 1211/71/166 1221/81/176
f 1221/81/176 1222/82/177 1220/80/175
f 1218/78/173 1223/83/178 1224/84/179
f 1224/84/179 1225/85/180 1218/78/173
f 1196/52/152 1180/70/136 1179/86/135
f 1179/86/135 1193/49/149 1196/52/152
f 1185/41/141 1226/87/181 1175/31/131
f 1175/31/131 1174/30/130 1185/41/141
f 1227/88/182 1228/89/183 1178/34/134
f 1178/34/134 1229/90/184 1227/88/182
f 1174/30/130 1173/29/129 1215/75/228
f 1215/75/228 1230/91/142 1174/30/130
f 1162/18/118 1231/92/185 1194/50/150
f 1194/50/150 1193/49/149 1162/18/118
f 1215/75/228 1218/78/173 1225/85/180
f 1225/85/180 1230/91/142 1215/75/228
f 1231/92/185 1232/93/186 1202/58/157
f 1202/58/157 1194/50/150 1231/92/185
f 1222/82/177 1221/81/176 1154/10/111
f 1154/10/111 1153/9/110 1222/82/177
f 1225/85/180 1224/84/179 1233/94/187
f 1233/94/187 1199/55/154 1225/85/180
f 1193/49/149 1179/86/135 1163/19/119
f 1163/19/119 1162/18/118 1193/49/149
f 1174/30/130 1230/91/142 1186/42/142
f 1186/42/142 1185/41/141 1174/30/130
f 1230/91/142 1225/85/180 1199/55/154
f 1199/55/154 1186/42/142 1230/91/142
f 1188/44/144 1209/68/164 1226/87/181
f 1226/87/181 1185/41/141 1188/44/144
f 1234/95/188 1210/96/165 1228/89/183
f 1228/89/183 1227/88/182 1234/95/188
f 1162/18/118 1161/17/117 1213/73/168
f 1213/73/168 1231/92/185 1162/18/118
f 1213/73/168 1217/77/172 1232/93/186
f 1232/93/186 1231/92/185 1213/73/168
f 1235/97/189 1236/98/190 1146/2/103
f 1146/2/103 1145/1/102 1235/97/189
f 1171/27/127 1237/99/191 1238/100/192
f 1238/100/192 1150/6/107 1171/27/127
f 1198/54/153 1197/53/116 1239/101/15
f 1239/101/15 1217/77/172 1198/54/153
f 1184/40/230 1206/64/161 1240/102/193
f 1240/102/193 1181/37/137 1184/40/230
f 1189/45/145 1237/99/191 1171/27/127
f 1171/27/127 1170/26/126 1189/45/145
f 1166/22/122 1241/103/138 1182/38/138
f 1182/38/138 1181/37/137 1166/22/122
f 1170/26/126 1169/25/125 1216/76/171
f 1216/76/171 1242/104/194 1170/26/126
f 1241/103/138 1160/16/116 1197/53/116
f 1197/53/116 1182/38/138 1241/103/138
f 1216/76/171 1219/79/174 1243/105/195
f 1243/105/195 1242/104/194 1216/76/171
f 1202/58/157 1244/106/196 1245/107/197
f 1245/107/197 1203/59/158 1202/58/157
f 1202/58/157 1232/93/186 1246/108/198
f 1246/108/198 1244/106/196 1202/58/157
f 1197/53/116 1160/16/116 1159/15/15
f 1159/15/15 1239/101/15 1197/53/116
f 1181/37/137 1240/102/193 1167/23/123
f 1167/23/123 1166/22/122 1181/37/137
f 1170/26/126 1242/104/194 1190/46/146
f 1190/46/146 1189/45/145 1170/26/126
f 1242/104/194 1243/105/195 1200/56/155
f 1200/56/155 1190/46/146 1242/104/194
f 1244/106/196 1224/84/179 1223/83/178
f 1223/83/178 1245/107/197 1244/106/196
f 1224/84/179 1244/106/196 1246/108/198
f 1246/108/198 1233/94/187 1224/84/179
f 1235/97/189 1205/63/160 1204/62/227
f 1204/62/227 1236/98/190 1235/97/189
f 1237/99/191 1208/67/163 1212/72/167
f 1212/72/167 1238/100/192 1237/99/191
f 1192/48/148 1208/67/163 1237/99/191
f 1237/99/191 1189/45/145 1192/48/148
f 1166/22/122 1165/21/121 1214/74/169
f 1214/74/169 1241/103/138 1166/22/122
f 1214/74/169 1157/13/114 1160/16/116
f 1160/16/116 1241/103/138 1214/74/169
f 1146/2/103 1240/102/193 1206/64/161
f 1206/64/161 1147/3/104 1146/2/103
f 1172/28/128 1171/27/127 1150/6/107
f 1150/6/107 1149/5/106 1172/28/128
f 1226/109/181 1209/110/164 1155/11/112
f 1155/11/112 1154/10/111 1226/109/181
f 1207/111/162 1229/90/184 1178/34/134
f 1178/34/134 1177/33/133 1207/111/162
f 1209/68/164 1168/24/124 1204/62/227
f 1204/62/227 1155/61/112 1209/68/164
f 1180/70/136 1172/28/128 1149/5/106
f 1149/5/106 1177/66/133 1180/70/136
f 1234/112/188 1148/4/223 1147/3/104
f 1147/3/104 1210/69/165 1234/112/188
f 1220/80/175 1247/113/199 1212/72/167
f 1212/72/167 1211/71/166 1220/80/175
f 1176/32/132 1175/114/131 1221/81/176
f 1221/81/176 1211/71/166 1176/32/132
f 1163/115/119 1179/35/135 1178/34/134
f 1178/34/134 1228/89/183 1163/115/119
f 1175/114/131 1226/109/181 1154/10/111
f 1154/10/111 1221/81/176 1175/114/131
f 1164/116/120 1163/115/119 1228/89/183
f 1228/89/183 1210/96/165 1164/116/120
f 1167/23/123 1240/102/193 1146/2/103
f 1146/2/103 1236/98/190 1167/23/123
f 1248/117/200 1151/7/108 1150/6/107
f 1150/6/107 1238/100/192 1248/117/200
f 1168/24/124 1167/23/123 1236/98/190
f 1236/98/190 1204/62/227 1168/24/124
f 1247/113/199 1248/117/200 1238/100/192
f 1238/100/192 1212/72/167 1247/113/199
f 1199/55/154 1233/94/187 1159/15/15
f 1159/15/15 1158/14/115 1199/55/154
f 1233/94/187 1246/108/198 1239/101/15
f 1239/101/15 1159/15/15 1233/94/187
f 1246/108/198 1232/93/186 1217/77/172
f 1217/77/172 1239/101/15 1246/108/198
f 1201/57/156 1200/56/155 1223/83/178
f 1223/83/178 1218/78/173 1201/57/156
f 1200/56/155 1243/105/195 1245/107/197
f 1245/107/197 1223/83/178 1200/56/155
f 1245/107/197 1243/105/195 1219/79/174
f 1219/79/174 1203/59/158 1245/107/197
f 1249/1/1 1250/2/2 1251/3/3
f 1251/3/3 1252/4/4 1249/1/1
f 1253/5/5 1254/6/6 1255/7/7
f 1255/7/7 1256/8/8 1253/5/5
f 1257/9/9 1258/10/10 1259/11/11
f 1259/11/11 1260/12/12 1257/9/9
f 1261/13/233 1262/14/14 1263/15/15
f 1263/15/15 1264/16/16 1261/13/233
f 1265/17/17 1266/18/18 1267/19/19
f 1267/19/19 1268/20/20 1265/17/17
f 1269/21/21 1270/22/22 1271/23/23
f 1271/23/23 1272/24/24 1269/21/21
f 1273/25/25 1274/26/26 1275/27/27
f 1275/27/27 1276/28/28 1273/25/25
f 1277/29/29 1278/30/30 1279/31/31
f 1279/31/31 1280/32/32 1277/29/29
f 1281/33/33 1282/34/34 1283/35/206
f 1283/35/206 1284/36/36 1281/33/33
f 1285/37/37 1286/38/38 1287/39/39
f 1287/39/39 1288/40/40 1285/37/37
f 1289/41/41 1290/42/42 1291/43/43
f 1291/43/43 1292/44/44 1289/41/41
f 1293/45/45 1294/46/46 1295/47/47
f 1295/47/47 1296/48/48 1293/45/45
f 1297/49/49 1298/50/50 1299/51/51
f 1299/51/51 1300/52/52 1297/49/49
f 1287/39/39 1286/38/38 1301/53/16
f 1301/53/16 1302/54/53 1287/39/39
f 1290/42/42 1303/55/54 1262/14/14
f 1262/14/14 1291/43/43 1290/42/42
f 1295/47/47 1294/46/46 1304/56/55
f 1304/56/55 1305/57/56 1295/47/47
f 1298/50/50 1306/58/57 1307/59/58
f 1307/59/58 1299/51/51 1298/50/50
f 1260/60/12 1259/61/11 1308/62/59
f 1308/62/59 1309/63/60 1260/60/12
f 1288/40/40 1265/17/17 1268/20/20
f 1268/20/20 1310/64/61 1288/40/40
f 1311/65/62 1281/66/33 1253/5/5
f 1253/5/5 1256/8/8 1311/65/62
f 1296/48/48 1277/29/29 1280/32/32
f 1280/32/32 1312/67/63 1296/48/48
f 1272/24/24 1313/68/64 1292/44/44
f 1292/44/44 1269/21/21 1272/24/24
f 1268/20/20 1314/69/65 1251/3/3
f 1251/3/3 1310/64/61 1268/20/20
f 1276/28/28 1284/70/36 1300/52/52
f 1300/52/52 1273/25/25 1276/28/28
f 1280/32/32 1315/71/66 1316/72/67
f 1316/72/67 1312/67/63 1280/32/32
f 1265/17/17 1288/40/40 1287/39/39
f 1287/39/39 1317/73/68 1265/17/17
f 1269/21/21 1292/44/44 1291/43/43
f 1291/43/43 1318/74/69 1269/21/21
f 1277/29/29 1296/48/48 1295/47/47
f 1295/47/47 1319/75/70 1277/29/29
f 1273/25/25 1300/52/52 1299/51/51
f 1299/51/51 1320/76/71 1273/25/25
f 1317/73/68 1287/39/39 1302/54/53
f 1302/54/53 1321/77/72 1317/73/68
f 1318/74/69 1291/43/43 1262/14/14
f 1262/14/14 1261/13/233 1318/74/69
f 1319/75/70 1295/47/47 1305/57/56
f 1305/57/56 1322/78/73 1319/75/70
f 1320/76/71 1299/51/51 1307/59/58
f 1307/59/58 1323/79/213 1320/76/71
f 1324/80/75 1315/71/66 1325/81/76
f 1325/81/76 1326/82/77 1324/80/75
f 1322/78/73 1327/83/78 1328/84/79
f 1328/84/79 1329/85/80 1322/78/73
f 1300/52/52 1284/70/36 1283/86/206
f 1283/86/206 1297/49/49 1300/52/52
f 1289/41/41 1330/87/81 1279/31/31
f 1279/31/31 1278/30/30 1289/41/41
f 1331/88/82 1332/89/83 1282/34/34
f 1282/34/34 1333/90/84 1331/88/82
f 1278/30/30 1277/29/29 1319/75/70
f 1319/75/70 1334/91/85 1278/30/30
f 1266/18/18 1335/92/86 1298/50/50
f 1298/50/50 1297/49/49 1266/18/18
f 1319/75/70 1322/78/73 1329/85/80
f 1329/85/80 1334/91/85 1319/75/70
f 1335/92/86 1336/93/87 1306/58/57
f 1306/58/57 1298/50/50 1335/92/86
f 1326/82/77 1325/81/76 1258/10/10
f 1258/10/10 1257/9/9 1326/82/77
f 1329/85/80 1328/84/79 1337/94/88
f 1337/94/88 1303/55/54 1329/85/80
f 1297/49/49 1283/86/206 1267/19/19
f 1267/19/19 1266/18/18 1297/49/49
f 1278/30/30 1334/91/85 1290/42/42
f 1290/42/42 1289/41/41 1278/30/30
f 1334/91/85 1329/85/80 1303/55/54
f 1303/55/54 1290/42/42 1334/91/85
f 1292/44/44 1313/68/64 1330/87/81
f 1330/87/81 1289/41/41 1292/44/44
f 1338/95/89 1314/96/65 1332/89/83
f 1332/89/83 1331/88/82 1338/95/89
f 1266/18/18 1265/17/17 1317/73/68
f 1317/73/68 1335/92/86 1266/18/18
f 1317/73/68 1321/77/72 1336/93/87
f 1336/93/87 1335/92/86 1317/73/68
f 1339/97/90 1340/98/91 1250/2/2
f 1250/2/2 1249/1/1 1339/97/90
f 1275/27/27 1341/99/92 1342/100/93
f 1342/100/93 1254/6/6 1275/27/27
f 1302/54/53 1301/53/16 1343/101/15
f 1343/101/15 1321/77/72 1302/54/53
f 1288/40/40 1310/64/61 1344/102/94
f 1344/102/94 1285/37/37 1288/40/40
f 1293/45/45 1341/99/92 1275/27/27
f 1275/27/27 1274/26/26 1293/45/45
f 1270/22/22 1345/103/38 1286/38/38
f 1286/38/38 1285/37/37 1270/22/22
f 1274/26/26 1273/25/25 1320/76/71
f 1320/76/71 1346/104/95 1274/26/26
f 1345/103/38 1264/16/16 1301/53/16
f 1301/53/16 1286/38/38 1345/103/38
f 1320/76/71 1323/79/213 1347/105/96
f 1347/105/96 1346/104/95 1320/76/71
f 1306/58/57 1348/106/97 1349/107/98
f 1349/107/98 1307/59/58 1306/58/57
f 1306/58/57 1336/93/87 1350/108/99
f 1350/108/99 1348/106/97 1306/58/57
f 1301/53/16 1264/16/16 1263/15/15
f 1263/15/15 1343/101/15 1301/53/16
f 1285/37/37 1344/102/94 1271/23/23
f 1271/23/23 1270/22/22 1285/37/37
f 1274/26/26 1346/104/95 1294/46/46
f 1294/46/46 1293/45/45 1274/26/26
f 1346/104/95 1347/105/96 1304/56/55
f 1304/56/55 1294/46/46 1346/104/95
f 1348/106/97 1328/84/79 1327/83/78
f 1327/83/78 1349/107/98 1348/106/97
f 1328/84/79 1348/106/97 1350/108/99
f 1350/108/99 1337/94/88 1328/84/79
f 1339/97/90 1309/63/60 1308/62/59
f 1308/62/59 1340/98/91 1339/97/90
f 1341/99/92 1312/67/63 1316/72/67
f 1316/72/67 1342/100/93 1341/99/92
f 1296/48/48 1312/67/63 1341/99/92
f 1341/99/92 1293/45/45 1296/48/48
f 1270/22/22 1269/21/21 1318/74/69
f 1318/74/69 1345/103/38 1270/22/22
f 1318/74/69 1261/13/233 1264/16/16
f 1264/16/16 1345/103/38 1318/74/69
f 1250/2/2 1344/102/94 1310/64/61
f 1310/64/61 1251/3/3 1250/2/2
f 1276/28/28 1275/27/27 1254/6/6
f 1254/6/6 1253/5/5 1276/28/28
f 1330/109/81 1313/110/64 1259/11/11
f 1259/11/11 1258/10/10 1330/109/81
f 1311/111/62 1333/90/84 1282/34/34
f 1282/34/34 1281/33/33 1311/111/62
f 1313/68/64 1272/24/24 1308/62/59
f 1308/62/59 1259/61/11 1313/68/64
f 1284/70/36 1276/28/28 1253/5/5
f 1253/5/5 1281/66/33 1284/70/36
f 1338/112/89 1252/4/4 1251/3/3
f 1251/3/3 1314/69/65 1338/112/89
f 1324/80/75 1351/113/100 1316/72/67
f 1316/72/67 1315/71/66 1324/80/75
f 1280/32/32 1279/114/31 1325/81/76
f 1325/81/76 1315/71/66 1280/32/32
f 1267/115/19 1283/35/206 1282/34/34
f 1282/34/34 1332/89/83 1267/115/19
f 1279/114/31 1330/109/81 1258/10/10
f 1258/10/10 1325/81/76 1279/114/31
f 1268/116/20 1267/115/19 1332/89/83
f 1332/89/83 1314/96/65 1268/116/20
f 1271/23/23 1344/102/94 1250/2/2
f 1250/2/2 1340/98/91 1271/23/23
f 1352/117/101 1255/7/7 1254/6/6
f 1254/6/6 1342/100/93 1352/117/101
f 1272/24/24 1271/23/23 1340/98/91
f 1340/98/91 1308/62/59 1272/24/24
f 1351/113/100 1352/117/101 1342/100/93
f 1342/100/93 1316/72/67 1351/113/100
f 1303/55/54 1337/94/88 1263/15/15
f 1263/15/15 1262/14/14 1303/55/54
f 1337/94/88 1350/108/99 1343/101/15
f 1343/101/15 1263/15/15 1337/94/88
f 1350/108/99 1336/93/87 1321/77/72
f 1321/77/72 1343/101/15 1350/108/99
f 1305/57/56 1304/56/55 1327/83/78
f 1327/83/78 1322/78/73 1305/57/56
f 1304/56/55 1347/105/96 1349/107/98
f 1349/107/98 1327/83/78 1304/56/55
f 1349/107/98 1347/105/96 1323/79/213
f 1323/79/213 1307/59/58 1349/107/98
f 1353/1/102 1354/2/103 1355/3/104
f 1355/3/104 1356/4/223 1353/1/102
f 1357/5/106 1358/6/107 1359/7/108
f 1359/7/108 1360/8/109 1357/5/106
f 1361/9/110 1362/10/111 1363/11/112
f 1363/11/112 1364/12/113 1361/9/110
f 1365/13/114 1366/14/115 1367/15/15
f 1367/15/15 1368/16/116 1365/13/114
f 1369/17/117 1370/18/118 1371/19/119
f 1371/19/119 1372/20/120 1369/17/117
f 1373/21/121 1374/22/122 1375/23/123
f 1375/23/123 1376/24/234 1373/21/121
f 1377/25/125 1378/26/126 1379/27/127
f 1379/27/127 1380/28/128 1377/25/125
f 1381/29/129 1382/30/130 1383/31/131
f 1383/31/131 1384/32/132 1381/29/129
f 1385/33/133 1386/34/134 1387/35/135
f 1387/35/135 1388/36/136 1385/33/133
f 1389/37/137 1390/38/138 1391/39/139
f 1391/39/139 1392/40/140 1389/37/137
f 1393/41/141 1394/42/142 1395/43/143
f 1395/43/143 1396/44/219 1393/41/141
f 1397/45/145 1398/46/146 1399/47/147
f 1399/47/147 1400/48/148 1397/45/145
f 1401/49/149 1402/50/150 1403/51/151
f 1403/51/151 1404/52/152 1401/49/149
f 1391/39/139 1390/38/138 1405/53/116
f 1405/53/116 1406/54/153 1391/39/139
f 1394/42/142 1407/55/154 1366/14/115
f 1366/14/115 1395/43/143 1394/42/142
f 1399/47/147 1398/46/146 1408/56/155
f 1408/56/155 1409/57/156 1399/47/147
f 1402/50/150 1410/58/157 1411/59/158
f 1411/59/158 1403/51/151 1402/50/150
f 1364/60/113 1363/61/112 1412/62/227
f 1412/62/227 1413/63/160 1364/60/113
f 1392/40/140 1369/17/117 1372/20/120
f 1372/20/120 1414/64/161 1392/40/140
f 1415/65/162 1385/66/133 1357/5/106
f 1357/5/106 1360/8/109 1415/65/162
f 1400/48/148 1381/29/129 1384/32/132
f 1384/32/132 1416/67/163 1400/48/148
f 1376/24/234 1417/68/235 1396/44/219
f 1396/44/219 1373/21/121 1376/24/234
f 1372/20/120 1418/69/165 1355/3/104
f 1355/3/104 1414/64/161 1372/20/120
f 1380/28/128 1388/70/136 1404/52/152
f 1404/52/152 1377/25/125 1380/28/128
f 1384/32/132 1419/71/166 1420/72/167
f 1420/72/167 1416/67/163 1384/32/132
f 1369/17/117 1392/40/140 1391/39/139
f 1391/39/139 1421/73/168 1369/17/117
f 1373/21/121 1396/44/219 1395/43/143
f 1395/43/143 1422/74/169 1373/21/121
f 1381/29/129 1400/48/148 1399/47/147
f 1399/47/147 1423/75/170 1381/29/129
f 1377/25/125 1404/52/152 1403/51/151
f 1403/51/151 1424/76/171 1377/25/125
f 1421/73/168 1391/39/139 1406/54/153
f 1406/54/153 1425/77/172 1421/73/168
f 1422/74/169 1395/43/143 1366/14/115
f 1366/14/115 1365/13/114 1422/74/169
f 1423/75/170 1399/47/147 1409/57/156
f 1409/57/156 1426/78/173 1423/75/170
f 1424/76/171 1403/51/151 1411/59/158
f 1411/59/158 1427/79/174 1424/76/171
f 1428/80/175 1419/71/166 1429/81/176
f 1429/81/176 1430/82/177 1428/80/175
f 1426/78/173 1431/83/178 1432/84/179
f 1432/84/179 1433/85/180 1426/78/173
f 1404/52/152 1388/70/136 1387/86/135
f 1387/86/135 1401/49/149 1404/52/152
f 1393/41/141 1434/87/181 1383/31/131
f 1383/31/131 1382/30/130 1393/41/141
f 1435/88/182 1436/89/183 1386/34/134
f 1386/34/134 1437/90/184 1435/88/182
f 1382/30/130 1381/29/129 1423/75/170
f 1423/75/170 1438/91/142 1382/30/130
f 1370/18/118 1439/92/185 1402/50/150
f 1402/50/150 1401/49/149 1370/18/118
f 1423/75/170 1426/78/173 1433/85/180
f 1433/85/180 1438/91/142 1423/75/170
f 1439/92/185 1440/93/186 1410/58/157
f 1410/58/157 1402/50/150 1439/92/185
f 1430/82/177 1429/81/176 1362/10/111
f 1362/10/111 1361/9/110 1430/82/177
f 1433/85/180 1432/84/179 1441/94/187
f 1441/94/187 1407/55/154 1433/85/180
f 1401/49/149 1387/86/135 1371/19/119
f 1371/19/119 1370/18/118 1401/49/149
f 1382/30/130 1438/91/142 1394/42/142
f 1394/42/142 1393/41/141 1382/30/130
f 1438/91/142 1433/85/180 1407/55/154
f 1407/55/154 1394/42/142 1438/91/142
f 1396/44/219 1417/68/235 1434/87/181
f 1434/87/181 1393/41/141 1396/44/219
f 1442/95/188 1418/96/165 1436/89/183
f 1436/89/183 1435/88/182 1442/95/188
f 1370/18/118 1369/17/117 1421/73/168
f 1421/73/168 1439/92/185 1370/18/118
f 1421/73/168 1425/77/172 1440/93/186
f 1440/93/186 1439/92/185 1421/73/168
f 1443/97/189 1444/98/190 1354/2/103
f 1354/2/103 1353/1/102 1443/97/189
f 1379/27/127 1445/99/191 1446/100/192
f 1446/100/192 1358/6/107 1379/27/127
f 1406/54/153 1405/53/116 1447/101/15
f 1447/101/15 1425/77/172 1406/54/153
f 1392/40/140 1414/64/161 1448/102/193
f 1448/102/193 1389/37/137 1392/40/140
f 1397/45/145 1445/99/191 1379/27/127
f 1379/27/127 1378/26/126 1397/45/145
f 1374/22/122 1449/103/138 1390/38/138
f 1390/38/138 1389/37/137 1374/22/122
f 1378/26/126 1377/25/125 1424/76/171
f 1424/76/171 1450/104/194 1378/26/126
f 1449/103/138 1368/16/116 1405/53/116
f 1405/53/116 1390/38/138 1449/103/138
f 1424/76/171 1427/79/174 1451/105/195
f 1451/105/195 1450/104/194 1424/76/171
f 1410/58/157 1452/106/196 1453/107/197
f 1453/107/197 1411/59/158 1410/58/157
f 1410/58/157 1440/93/186 1454/108/198
f 1454/108/198 1452/106/196 1410/58/157
f 1405/53/116 1368/16/116 1367/15/15
f 1367/15/15 1447/101/15 1405/53/116
f 1389/37/137 1448/102/193 1375/23/123
f 1375/23/123 1374/22/122 1389/37/137
f 1378/26/126 1450/104/194 1398/46/146
f 1398/46/146 1397/45/145 1378/26/126
f 1450/104/194 1451/105/195 1408/56/155
f 1408/56/155 1398/46/146 1450/104/194
f 1452/106/196 1432/84/179 1431/83/178
f 1431/83/178 1453/107/197 1452/106/196
f 1432/84/179 1452/106/196 1454/108/198
f 1454/108/198 1441/94/187 1432/84/179
f 1443/97/189 1413/63/160 1412/62/227
f 1412/62/227 1444/98/190 1443/97/189
f 1445/99/191 1416/67/163 1420/72/167
f 1420/72/167 1446/100/192 1445/99/191
f 1400/48/148 1416/67/163 1445/99/191
f 1445/99/191 1397/45/145 1400/48/148
f 1374/22/122 1373/21/121 1422/74/169
f 1422/74/169 1449/103/138 1374/22/122
f 1422/74/169 1365/13/114 1368/16/116
f 1368/16/116 1449/103/138 1422/74/169
f 1354/2/103 1448/102/193 1414/64/161
f 1414/64/161 1355/3/104 1354/2/103
f 1380/28/128 1379/27/127 1358/6/107
f 1358/6/107 1357/5/106 1380/28/128
f 1434/109/181 1417/110/235 1363/11/112
f 1363/11/112 1362/10/111 1434/109/181
f 1415/111/162 1437/90/184 1386/34/134
f 1386/34/134 1385/33/133 1415/111/162
f 1417/68/235 1376/24/234 1412/62/227
f 1412/62/227 1363/61/112 1417/68/235
f 1388/70/136 1380/28/128 1357/5/106
f 1357/5/106 1385/66/133 1388/70/136
f 1442/112/188 1356/4/223 1355/3/104
f 1355/3/104 1418/69/165 1442/112/188
f 1428/80/175 1455/113/199 1420/72/167
f 1420/72/167 1419/71/166 1428/80/175
f 1384/32/132 1383/114/131 1429/81/176
f 1429/81/176 1419/71/166 1384/32/132
f 1371/115/119 1387/35/135 1386/34/134
f 1386/34/134 1436/89/183 1371/115/119
f 1383/114/131 1434/109/181 1362/10/111
f 1362/10/111 1429/81/176 1383/114/131
f 1372/116/120 1371/115/119 1436/89/183
f 1436/89/183 1418/96/165 1372/116/120
f 1375/23/123 1448/102/193 1354/2/103
f 1354/2/103 1444/98/190 1375/23/123
f 1456/117/200 1359/7/108 1358/6/107
f 1358/6/107 1446/100/192 1456/117/200
f 1376/24/234 1375/23/123 1444/98/190
f 1444/98/190 1412/62/227 1376/24/234
f 1455/113/199 1456/117/200 1446/100/192
f 1446/100/192 1420/72/167 1455/113/199
f 1407/55/154 1441/94/187 1367/15/15
f 1367/15/15 1366/14/115 1407/55/154
f 1441/94/187 1454/108/198 1447/101/15
f 1447/101/15 1367/15/15 1441/94/187
f 1454/108/198 1440/93/186 1425/77/172
f 1425/77/172 1447/101/15 1454/108/198
f 1409/57/156 1408/56/155 1431/83/178
f 1431/83/178 1426/78/173 1409/57/156
f 1408/56/155 1451/105/195 1453/107/197
f 1453/107/197 1431/83/178 1408/56/155
f 1453/107/197 1451/105/195 1427/79/174
f 1427/79/174 1411/59/158 1453/107/197
f 1457/1/102 1458/2/103 1459/3/104
f 1459/3/104 1460/4/223 1457/1/102
f 1461/5/106 1462/6/107 1463/7/108
f 1463/7/108 1464/8/109 1461/5/106
f 1465/9/110 1466/10/111 1467/11/112
f 1467/11/112 1468/12/113 1465/9/110
f 1469/13/114 1470/14/115 1471/15/15
f 1471/15/15 1472/16/116 1469/13/114
f 1473/17/117 1474/18/118 1475/19/119
f 1475/19/119 1476/20/120 1473/17/117
f 1477/21/121 1478/22/122 1479/23/123
f 1479/23/123 1480/24/234 1477/21/121
f 1481/25/125 1482/26/126 1483/27/127
f 1483/27/127 1484/28/128 1481/25/125
f 1485/29/129 1486/30/130 1487/31/131
f 1487/31/131 1488/32/132 1485/29/129
f 1489/33/133 1490/34/134 1491/35/135
f 1491/35/135 1492/36/136 1489/33/133
f 1493/37/137 1494/38/138 1495/39/139
f 1495/39/139 1496/40/140 1493/37/137
f 1497/41/141 1498/42/142 1499/43/143
f 1499/43/143 1500/44/219 1497/41/141
f 1501/45/145 1502/46/146 1503/47/147
f 1503/47/147 1504/48/148 1501/45/145
f 1505/49/149 1506/50/150 1507/51/151
f 1507/51/151 1508/52/152 1505/49/149
f 1495/39/139 1494/38/138 1509/53/116
f 1509/53/116 1510/54/153 1495/39/139
f 1498/42/142 1511/55/154 1470/14/115
f 1470/14/115 1499/43/143 1498/42/142
f 1503/47/147 1502/46/146 1512/56/155
f 1512/56/155 1513/57/156 1503/47/147
f 1506/50/150 1514/58/157 1515/59/158
f 1515/59/158 1507/51/151 1506/50/150
f 1468/60/113 1467/61/112 1516/62/227
f 1516/62/227 1517/63/160 1468/60/113
f 1496/40/140 1473/17/117 1476/20/120
f 1476/20/120 1518/64/161 1496/40/140
f 1519/65/162 1489/66/133 1461/5/106
f 1461/5/106 1464/8/109 1519/65/162
f 1504/48/148 1485/29/129 1488/32/132
f 1488/32/132 1520/67/163 1504/48/148
f 1480/24/234 1521/68/235 1500/44/219
f 1500/44/219 1477/21/121 1480/24/234
f 1476/20/120 1522/69/165 1459/3/104
f 1459/3/104 1518/64/161 1476/20/120
f 1484/28/128 1492/70/136 1508/52/152
f 1508/52/152 1481/25/125 1484/28/128
f 1488/32/132 1523/71/166 1524/72/167
f 1524/72/167 1520/67/163 1488/32/132
f 1473/17/117 1496/40/140 1495/39/139
f 1495/39/139 1525/73/168 1473/17/117
f 1477/21/121 1500/44/219 1499/43/143
f 1499/43/143 1526/74/169 1477/21/121
f 1485/29/129 1504/48/148 1503/47/147
f 1503/47/147 1527/75/170 1485/29/129
f 1481/25/125 1508/52/152 1507/51/151
f 1507/51/151 1528/76/171 1481/25/125
f 1525/73/168 1495/39/139 1510/54/153
f 1510/54/153 1529/77/172 1525/73/168
f 1526/74/169 1499/43/143 1470/14/115
f 1470/14/115 1469/13/114 1526/74/169
f 1527/75/170 1503/47/147 1513/57/156
f 1513/57/156 1530/78/173 1527/75/170
f 1528/76/171 1507/51/151 1515/59/158
f 1515/59/158 1531/79/174 1528/76/171
f 1532/80/175 1523/71/166 1533/81/176
f 1533/81/176 1534/82/177 1532/80/175
f 1530/78/173 1535/83/178 1536/84/179
f 1536/84/179 1537/85/180 1530/78/173
f 1508/52/152 1492/70/136 1491/86/135
f 1491/86/135 1505/49/149 1508/52/152
f 1497/41/141 1538/87/181 1487/31/131
f 1487/31/131 1486/30/130 1497/41/141
f 1539/88/182 1540/89/183 1490/34/134
f 1490/34/134 1541/90/184 1539/88/182
f 1486/30/130 1485/29/129 1527/75/170
f 1527/75/170 1542/91/142 1486/30/130
f 1474/18/118 1543/92/185 1506/50/150
f 1506/50/150 1505/49/149 1474/18/118
f 1527/75/170 1530/78/173 1537/85/180
f 1537/85/180 1542/91/142 1527/75/170
f 1543/92/185 1544/93/186 1514/58/157
f 1514/58/157 1506/50/150 1543/92/185
f 1534/82/177 1533/81/176 1466/10/111
f 1466/10/111 1465/9/110 1534/82/177
f 1537/85/180 1536/84/179 1545/94/187
f 1545/94/187 1511/55/154 1537/85/180
f 1505/49/149 1491/86/135 1475/19/119
f 1475/19/119 1474/18/118 1505/49/149
f 1486/30/130 1542/91/142 1498/42/142
f 1498/42/142 1497/41/141 1486/30/130
f 1542/91/142 1537/85/180 1511/55/154
f 1511/55/154 1498/42/142 1542/91/142
f 1500/44/219 1521/68/235 1538/87/181
f 1538/87/181 1497/41/141 1500/44/219
f 1546/95/188 1522/96/165 1540/89/183
f 1540/89/183 1539/88/182 1546/95/188
f 1474/18/118 1473/17/117 1525/73/168
f 1525/73/168 1543/92/185 1474/18/118
f 1525/73/168 1529/77/172 1544/93/186
f 1544/93/186 1543/92/185 1525/73/168
f 1547/97/189 1548/98/190 1458/2/103
f 1458/2/103 1457/1/102 1547/97/189
f 1483/27/127 1549/99/191 1550/100/192
f 1550/100/192 1462/6/107 1483/27/127
f 1510/54/153 1509/53/116 1551/101/15
f 1551/101/15 1529/77/172 1510/54/153
f 1496/40/140 1518/64/161 1552/102/193
f 1552/102/193 1493/37/137 1496/40/140
f 1501/45/145 1549/99/191 1483/27/127
f 1483/27/127 1482/26/126 1501/45/145
f 1478/22/122 1553/103/138 1494/38/138
f 1494/38/138 1493/37/137 1478/22/122
f 1482/26/126 1481/25/125 1528/76/171
f 1528/76/171 1554/104/194 1482/26/126
f 1553/103/138 1472/16/116 1509/53/116
f 1509/53/116 1494/38/138 1553/103/138
f 1528/76/171 1531/79/174 1555/105/195
f 1555/105/195 1554/104/194 1528/76/171
f 1514/58/157 1556/106/196 1557/107/197
f 1557/107/197 1515/59/158 1514/58/157
f 1514/58/157 1544/93/186 1558/108/198
f 1558/108/198 1556/106/196 1514/58/157
f 1509/53/116 1472/16/116 1471/15/15
f 1471/15/15 1551/101/15 1509/53/116
f 1493/37/137 1552/102/193 1479/23/123
f 1479/23/123 1478/22/122 1493/37/137
f 1482/26/126 1554/104/194 1502/46/146
f 1502/46/146 1501/45/145 1482/26/126
f 1554/104/194 1555/105/195 1512/56/155
f 1512/56/155 1502/46/146 1554/104/194
f 1556/106/196 1536/84/179 1535/83/178
f 1535/83/178 1557/107/197 1556/106/196
f 1536/84/179 1556/106/196 1558/108/198
f 1558/108/198 1545/94/187 1536/84/179
f 1547/97/189 1517/63/160 1516/62/227
f 1516/62/227 1548/98/190 1547/97/189
f 1549/99/191 1520/67/163 1524/72/167
f 1524/72/167 1550/100/192 1549/99/191
f 1504/48/148 1520/67/163 1549/99/191
f 1549/99/191 1501/45/145 1504/48/148
f 1478/22/122 1477/21/121 1526/74/169
f 1526/74/169 1553/103/138 1478/22/122
f 1526/74/169 1469/13/114 1472/16/116
f 1472/16/116 1553/103/138 1526/74/169
f 1458/2/103 1552/102/193 1518/64/161
f 1518/64/161 1459/3/104 1458/2/103
f 1484/28/128 1483/27/127 1462/6/107
f 1462/6/107 1461/5/106 1484/28/128
f 1538/109/181 1521/110/235 1467/11/112
f 1467/11/112 1466/10/111 1538/109/181
f 1519/111/162 1541/90/184 1490/34/134
f 1490/34/134 1489/33/133 1519/111/162
f 1521/68/235 1480/24/234 1516/62/227
f 1516/62/227 1467/61/112 1521/68/235
f 1492/70/136 1484/28/128 1461/5/106
f 1461/5/106 1489/66/133 1492/70/136
f 1546/112/188 1460/4/223 1459/3/104
f 1459/3/104 1522/69/165 1546/112/188
f 1532/80/175 1559/113/199 1524/72/167
f 1524/72/167 1523/71/166 1532/80/175
f 1488/32/132 1487/114/131 1533/81/176
f 1533/81/176 1523/71/166 1488/32/132
f 1475/115/119 1491/35/135 1490/34/134
f 1490/34/134 1540/89/183 1475/115/119
f 1487/114/131 1538/109/181 1466/10/111
f 1466/10/111 1533/81/176 1487/114/131
f 1476/116/120 1475/115/119 1540/89/183
f 1540/89/183 1522/96/165 1476/116/120
f 1479/23/123 1552/102/193 1458/2/103
f 1458/2/103 1548/98/190 1479/23/123
f 1560/117/200 1463/7/108 1462/6/107
f 1462/6/107 1550/100/192 1560/117/200
f 1480/24/234 1479/23/123 1548/98/190
f 1548/98/190 1516/62/227 1480/24/234
f 1559/113/199 1560/117/200 1550/100/192
f 1550/100/192 1524/72/167 1559/113/199
f 1511/55/154 1545/94/187 1471/15/15
f 1471/15/15 1470/14/115 1511/55/154
f 1545/94/187 1558/108/198 1551/101/15
f 1551/101/15 1471/15/15 1545/94/187
f 1558/108/198 1544/93/186 1529/77/172
f 1529/77/172 1551/101/15 1558/108/198
f 1513/57/156 1512/56/155 1535/83/178
f 1535/83/178 1530/78/173 1513/57/156
f 1512/56/155 1555/105/195 1557/107/197
f 1557/107/197 1535/83/178 1512/56/155
f 1557/107/197 1555/105/195 1531/79/174
f 1531/79/174 1515/59/158 1557/107/197
f 1561/1/236 1562/2/237 1563/3/238
f 1563/3/238 1564/4/239 1561/1/236
f 1565/5/240 1566/6/241 1567/7/242
f 1567/7/242 1568/8/243 1565/5/240
f 1569/9/244 1570/10/245 1571/11/246
f 1571/11/246 1572/12/247 1569/9/244
f 1573/13/248 1574/14/249 1575/15/15
f 1575/15/15 1576/16/250 1573/13/248
f 1577/17/251 1578/18/252 1579/19/253
f 1579/19/253 1580/20/254 1577/17/251
f 1581/21/255 1582/22/256 1583/23/257
f 1583/23/257 1584/24/258 1581/21/255
f 1585/25/259 1586/26/260 1587/27/261
f 1587/27/261 1588/28/262 1585/25/259
f 1589/29/263 1590/30/264 1591/31/265
f 1591/31/265 1592/32/266 1589/29/263
f 1593/33/267 1594/34/268 1595/35/269
f 1595/35/269 1596/36/270 1593/33/267
f 1597/37/271 1598/38/272 1599/39/273
f 1599/39/273 1600/40/274 1597/37/271
f 1601/41/275 1602/42/276 1603/43/277
f 1603/43/277 1604/44/278 1601/41/275
f 1605/45/279 1606/46/280 1607/47/281
f 1607/47/281 1608/48/282 1605/45/279
f 1609/49/283 1610/50/284 1611/51/285
f 1611/51/285 1612/52/286 1609/49/283
f 1599/39/273 1598/38/272 1613/53/250
f 1613/53/250 1614/54/287 1599/39/273
f 1602/42/276 1615/55/288 1574/14/249
f 1574/14/249 1603/43/277 1602/42/276
f 1607/47/281 1606/46/280 1616/56/289
f 1616/56/289 1617/57/290 1607/47/281
f 1610/50/284 1618/58/291 1619/59/292
f 1619/59/292 1611/51/285 1610/50/284
f 1572/60/247 1571/61/246 1620/62/293
f 1620/62/293 1621/63/294 1572/60/247
f 1600/40/274 1577/17/251 1580/20/254
f 1580/20/254 1622/64/295 1600/40/274
f 1623/65/296 1593/66/267 1565/5/240
f 1565/5/240 1568/8/243 1623/65/296
f 1608/48/282 1589/29/263 1592/32/266
f 1592/32/266 1624/67/297 1608/48/282
f 1584/24/258 1625/68/298 1604/44/278
f 1604/44/278 1581/21/255 1584/24/258
f 1580/20/254 1626/69/299 1563/3/238
f 1563/3/238 1622/64/295 1580/20/254
f 1588/28/262 1596/70/270 1612/52/286
f 1612/52/286 1585/25/259 1588/28/262
f 1592/32/266 1627/71/300 1628/72/301
f 1628/72/301 1624/67/297 1592/32/266
f 1577/17/251 1600/40/274 1599/39/273
f 1599/39/273 1629/73/302 1577/17/251
f 1581/21/255 1604/44/278 1603/43/277
f 1603/43/277 1630/74/303 1581/21/255
f 1589/29/263 1608/48/282 1607/47/281
f 1607/47/281 1631/75/304 1589/29/263
f 1585/25/259 1612/52/286 1611/51/285
f 1611/51/285 1632/76/305 1585/25/259
f 1629/73/302 1599/39/273 1614/54/287
f 1614/54/287 1633/77/306 1629/73/302
f 1630/74/303 1603/43/277 1574/14/249
f 1574/14/249 1573/13/248 1630/74/303
f 1631/75/304 1607/47/281 1617/57/290
f 1617/57/290 1634/78/307 1631/75/304
f 1632/76/305 1611/51/285 1619/59/292
f 1619/59/292 1635/79/308 1632/76/305
f 1636/80/309 1627/71/300 1637/81/310
f 1637/81/310 1638/82/311 1636/80/309
f 1634/78/307 1639/83/312 1640/84/313
f 1640/84/313 1641/85/314 1634/78/307
f 1612/52/286 1596/70/270 1595/86/269
f 1595/86/269 1609/49/283 1612/52/286
f 1601/41/275 1642/87/315 1591/31/265
f 1591/31/265 1590/30/264 1601/41/275
f 1643/88/316 1644/89/317 1594/34/268
f 1594/34/268 1645/90/318 1643/88/316
f 1590/30/264 1589/29/263 1631/75/304
f 1631/75/304 1646/91/276 1590/30/264
f 1578/18/252 1647/92/319 1610/50/284
f 1610/50/284 1609/49/283 1578/18/252
f 1631/75/304 1634/78/307 1641/85/314
f 1641/85/314 1646/91/276 1631/75/304
f 1647/92/319 1648/93/320 1618/58/291
f 1618/58/291 1610/50/284 1647/92/319
f 1638/82/311 1637/81/310 1570/10/245
f 1570/10/245 1569/9/244 1638/82/311
f 1641/85/314 1640/84/313 1649/94/321
f 1649/94/321 1615/55/288 1641/85/314
f 1609/49/283 1595/86/269 1579/19/253
f 1579/19/253 1578/18/252 1609/49/283
f 1590/30/264 1646/91/276 1602/42/276
f 1602/42/276 1601/41/275 1590/30/264
f 1646/91/276 1641/85/314 1615/55/288
f 1615/55/288 1602/42/276 1646/91/276
f 1604/44/278 1625/68/298 1642/87/315
f 1642/87/315 1601/41/275 1604/44/278
f 1650/95/322 1626/96/299 1644/89/317
f 1644/89/317 1643/88/316 1650/95/322
f 1578/18/252 1577/17/251 1629/73/302
f 1629/73/302 1647/92/319 1578/18/252
f 1629/73/302 1633/77/306 1648/93/320
f 1648/93/320 1647/92/319 1629/73/302
f 1651/97/323 1652/98/324 1562/2/237
f 1562/2/237 1561/1/236 1651/97/323
f 1587/27/261 1653/99/325 1654/100/326
f 1654/100/326 1566/6/241 1587/27/261
f 1614/54/287 1613/53/250 1655/101/15
f 1655/101/15 1633/77/306 1614/54/287
f 1600/40/274 1622/64/295 1656/102/327
f 1656/102/327 1597/37/271 1600/40/274
f 1605/45/279 1653/99/325 1587/27/261
f 1587/27/261 1586/26/260 1605/45/279
f 1582/22/256 1657/103/272 1598/38/272
f 1598/38/272 1597/37/271 1582/22/256
f 1586/26/260 1585/25/259 1632/76/305
f 1632/76/305 1658/104/328 1586/26/260
f 1657/103/272 1576/16/250 1613/53/250
f 1613/53/250 1598/38/272 1657/103/272
f 1632/76/305 1635/79/308 1659/105/329
f 1659/105/329 1658/104/328 1632/76/305
f 1618/58/291 1660/106/330 1661/107/331
f 1661/107/331 1619/59/292 1618/58/291
f 1618/58/291 1648/93/320 1662/108/332
f 1662/108/332 1660/106/330 1618/58/291
f 1613/53/250 1576/16/250 1575/15/15
f 1575/15/15 1655/101/15 1613/53/250
f 1597/37/271 1656/102/327 1583/23/257
f 1583/23/257 1582/22/256 1597/37/271
f 1586/26/260 1658/104/328 1606/46/280
f 1606/46/280 1605/45/279 1586/26/260
f 1658/104/328 1659/105/329 1616/56/289
f 1616/56/289 1606/46/280 1658/104/328
f 1660/106/330 1640/84/313 1639/83/312
f 1639/83/312 1661/107/331 1660/106/330
f 1640/84/313 1660/106/330 1662/108/332
f 1662/108/332 1649/94/321 1640/84/313
f 1651/97/323 1621/63/294 1620/62/293
f 1620/62/293 1652/98/324 1651/97/323
f 1653/99/325 1624/67/297 1628/72/301
f 1628/72/301 1654/100/326 1653/99/325
f 1608/48/282 1624/67/297 1653/99/325
f 1653/99/325 1605/45/279 1608/48/282
f 1582/22/256 1581/21/255 1630/74/303
f 1630/74/303 1657/103/272 1582/22/256
f 1630/74/303 1573/13/248 1576/16/250
f 1576/16/250 1657/103/272 1630/74/303
f 1562/2/237 1656/102/327 1622/64/295
f 1622/64/295 1563/3/238 1562/2/237
f 1588/28/262 1587/27/261 1566/6/241
f 1566/6/241 1565/5/240 1588/28/262
f 1642/109/315 1625/110/298 1571/11/246
f 1571/11/246 1570/10/245 1642/109/315
f 1623/111/296 1645/90/318 1594/34/268
f 1594/34/268 1593/33/267 1623/111/296
f 1625/68/298 1584/24/258 1620/62/293
f 1620/62/293 1571/61/246 1625/68/298
f 1596/70/270 1588/28/262 1565/5/240
f 1565/5/240 1593/66/267 1596/70/270
f 1650/112/322 1564/4/239 1563/3/238
f 1563/3/238 1626/69/299 1650/112/322
f 1636/80/309 1663/113/333 1628/72/301
f 1628/72/301 1627/71/300 1636/80/309
f 1592/32/266 1591/114/265 1637/81/310
f 1637/81/310 1627/71/300 1592/32/266
f 1579/115/253 1595/35/269 1594/34/268
f 1594/34/268 1644/89/317 1579/115/253
f 1591/114/265 1642/109/315 1570/10/245
f 1570/10/245 1637/81/310 1591/114/265
f 1580/116/254 1579/115/253 1644/89/317
f 1644/89/317 1626/96/299 1580/116/254
f 1583/23/257 1656/102/327 1562/2/237
f 1562/2/237 1652/98/324 1583/23/257
f 1664/117/334 1567/7/242 1566/6/241
f 1566/6/241 1654/100/326 1664/117/334
f 1584/24/258 1583/23/257 1652/98/324
f 1652/98/324 1620/62/293 1584/24/258
f 1663/113/333 1664/117/334 1654/100/326
f 1654/100/326 1628/72/301 1663/113/333
f 1615/55/288 1649/94/321 1575/15/15
f 1575/15/15 1574/14/249 1615/55/288
f 1649/94/321 1662/108/332 1655/101/15
f 1655/101/15 1575/15/15 1649/94/321
f 1662/108/332 1648/93/320 1633/77/306
f 1633/77/306 1655/101/15 1662/108/332
f 1617/57/290 1616/56/289 1639/83/312
f 1639/83/312 1634/78/307 1617/57/290
f 1616/56/289 1659/105/329 1661/107/331
f 1661/107/331 1639/83/312 1616/56/289
f 1661/107/331 1659/105/329 1635/79/308
f 1635/79/308 1619/59/292 1661/107/331
f 1665/1/335 1666/2/336 1667/3/337
f 1667/3/337 1668/4/338 1665/1/335
f 1669/5/339 1670/6/340 1671/7/341
f 1671/7/341 1672/8/342 1669/5/339
f 1673/9/343 1674/10/344 1675/11/345
f 1675/11/345 1676/12/346 1673/9/343
f 1677/13/347 1678/14/348 1679/15/15
f 1679/15/15 1680/16/349 1677/13/347
f 1681/17/350 1682/18/351 1683/19/352
f 1683/19/352 1684/20/353 1681/17/350
f 1685/21/354 1686/22/355 1687/23/356
f 1687/23/356 1688/24/357 1685/21/354
f 1689/25/358 1690/26/359 1691/27/360
f 1691/27/360 1692/28/361 1689/25/358
f 1693/29/362 1694/30/363 1695/31/364
f 1695/31/364 1696/32/365 1693/29/362
f 1697/33/366 1698/34/367 1699/35/368
f 1699/35/368 1700/36/369 1697/33/366
f 1701/37/370 1702/38/371 1703/39/372
f 1703/39/372 1704/40/373 1701/37/370
f 1705/41/374 1706/42/375 1707/43/376
f 1707/43/376 1708/44/377 1705/41/374
f 1709/45/378 1710/46/379 1711/47/380
f 1711/47/380 1712/48/381 1709/45/378
f 1713/49/382 1714/50/383 1715/51/384
f 1715/51/384 1716/52/385 1713/49/382
f 1703/39/372 1702/38/371 1717/53/349
f 1717/53/349 1718/54/386 1703/39/372
f 1706/42/375 1719/55/387 1678/14/348
f 1678/14/348 1707/43/376 1706/42/375
f 1711/47/380 1710/46/379 1720/56/388
f 1720/56/388 1721/57/389 1711/47/380
f 1714/50/383 1722/58/390 1723/59/391
f 1723/59/391 1715/51/384 1714/50/383
f 1676/60/346 1675/61/345 1724/62/392
f 1724/62/392 1725/63/393 1676/60/346
f 1704/40/373 1681/17/350 1684/20/353
f 1684/20/353 1726/64/394 1704/40/373
f 1727/65/395 1697/66/366 1669/5/339
f 1669/5/339 1672/8/342 1727/65/395
f 1712/48/381 1693/29/362 1696/32/365
f 1696/32/365 1728/67/396 1712/48/381
f 1688/24/357 1729/68/397 1708/44/377
f 1708/44/377 1685/21/354 1688/24/357
f 1684/20/353 1730/69/398 1667/3/337
f 1667/3/337 1726/64/394 1684/20/353
f 1692/28/361 1700/70/369 1716/52/385
f 1716/52/385 1689/25/358 1692/28/361
f 1696/32/365 1731/71/399 1732/72/400
f 1732/72/400 1728/67/396 1696/32/365
f 1681/17/350 1704/40/373 1703/39/372
f 1703/39/372 1733/73/401 1681/17/350
f 1685/21/354 1708/44/377 1707/43/376
f 1707/43/376 1734/74/402 1685/21/354
f 1693/29/362 1712/48/381 1711/47/380
f 1711/47/380 1735/75/403 1693/29/362
f 1689/25/358 1716/52/385 1715/51/384
f 1715/51/384 1736/76/404 1689/25/358
f 1733/73/401 1703/39/372 1718/54/386
f 1718/54/386 1737/77/405 1733/73/401
f 1734/74/402 1707/43/376 1678/14/348
f 1678/14/348 1677/13/347 1734/74/402
f 1735/75/403 1711/47/380 1721/57/389
f 1721/57/389 1738/78/406 1735/75/403
f 1736/76/404 1715/51/384 1723/59/391
f 1723/59/391 1739/79/407 1736/76/404
f 1740/80/408 1731/71/399 1741/81/409
f 1741/81/409 1742/82/410 1740/80/408
f 1738/78/406 1743/83/411 1744/84/412
f 1744/84/412 1745/85/413 1738/78/406
f 1716/52/385 1700/70/369 1699/86/368
f 1699/86/368 1713/49/382 1716/52/385
f 1705/41/374 1746/87/414 1695/31/364
f 1695/31/364 1694/30/363 1705/41/374
f 1747/88/415 1748/89/416 1698/34/367
f 1698/34/367 1749/90/417 1747/88/415
f 1694/30/363 1693/29/362 1735/75/403
f 1735/75/403 1750/91/375 1694/30/363
f 1682/18/351 1751/92/418 1714/50/383
f 1714/50/383 1713/49/382 1682/18/351
f 1735/75/403 1738/78/406 1745/85/413
f 1745/85/413 1750/91/375 1735/75/403
f 1751/92/418 1752/93/419 1722/58/390
f 1722/58/390 1714/50/383 1751/92/418
f 1742/82/410 1741/81/409 1674/10/344
f 1674/10/344 1673/9/343 1742/82/410
f 1745/85/413 1744/84/412 1753/94/420
f 1753/94/420 1719/55/387 1745/85/413
f 1713/49/382 1699/86/368 1683/19/352
f 1683/19/352 1682/18/351 1713/49/382
f 1694/30/363 1750/91/375 1706/42/375
f 1706/42/375 1705/41/374 1694/30/363
f 1750/91/375 1745/85/413 1719/55/387
f 1719/55/387 1706/42/375 1750/91/375
f 1708/44/377 1729/68/397 1746/87/414
f 1746/87/414 1705/41/374 1708/44/377
f 1754/95/421 1730/96/398 1748/89/416
f 1748/89/416 1747/88/415 1754/95/421
f 1682/18/351 1681/17/350 1733/73/401
f 1733/73/401 1751/92/418 1682/18/351
f 1733/73/401 1737/77/405 1752/93/419
f 1752/93/419 1751/92/418 1733/73/401
f 1755/97/422 1756/98/423 1666/2/336
f 1666/2/336 1665/1/335 1755/97/422
f 1691/27/360 1757/99/424 1758/100/425
f 1758/100/425 1670/6/340 1691/27/360
f 1718/54/386 1717/53/349 1759/101/15
f 1759/101/15 1737/77/405 1718/54/386
f 1704/40/373 1726/64/394 1760/102/426
f 1760/102/426 1701/37/370 1704/40/373
f 1709/45/378 1757/99/424 1691/27/360
f 1691/27/360 1690/26/359 1709/45/378
f 1686/22/355 1761/103/371 1702/38/371
f 1702/38/371 1701/37/370 1686/22/355
f 1690/26/359 1689/25/358 1736/76/404
f 1736/76/404 1762/104/427 1690/26/359
f 1761/103/371 1680/16/349 1717/53/349
f 1717/53/349 1702/38/371 1761/103/371
f 1736/76/404 1739/79/407 1763/105/428
f 1763/105/428 1762/104/427 1736/76/404
f 1722/58/390 1764/106/429 1765/107/430
f 1765/107/430 1723/59/391 1722/58/390
f 1722/58/390 1752/93/419 1766/108/431
f 1766/108/431 1764/106/429 1722/58/390
f 1717/53/349 1680/16/349 1679/15/15
f 1679/15/15 1759/101/15 1717/53/349
f 1701/37/370 1760/102/426 1687/23/356
f 1687/23/356 1686/22/355 1701/37/370
f 1690/26/359 1762/104/427 1710/46/379
f 1710/46/379 1709/45/378 1690/26/359
f 1762/104/427 1763/105/428 1720/56/388
f 1720/56/388 1710/46/379 1762/104/427
f 1764/106/429 1744/84/412 1743/83/411
f 1743/83/411 1765/107/430 1764/106/429
f 1744/84/412 1764/106/429 1766/108/431
f 1766/108/431 1753/94/420 1744/84/412
f 1755/97/422 1725/63/393 1724/62/392
f 1724/62/392 1756/98/423 1755/97/422
f 1757/99/424 1728/67/396 1732/72/400
f 1732/72/400 1758/100/425 1757/99/424
f 1712/48/381 1728/67/396 1757/99/424
f 1757/99/424 1709/45/378 1712/48/381
f 1686/22/355 1685/21/354 1734/74/402
f 1734/74/402 1761/103/371 1686/22/355
f 1734/74/402 1677/13/347 1680/16/349
f 1680/16/349 1761/103/371 1734/74/402
f 1666/2/336 1760/102/426 1726/64/394
f 1726/64/394 1667/3/337 1666/2/336
f 1692/28/361 1691/27/360 1670/6/340
f 1670/6/340 1669/5/339 1692/28/361
f 1746/109/414 1729/110/397 1675/11/345
f 1675/11/345 1674/10/344 1746/109/414
f 1727/111/395 1749/90/417 1698/34/367
f 1698/34/367 1697/33/366 1727/111/395
f 1729/68/397 1688/24/357 1724/62/392
f 1724/62/392 1675/61/345 1729/68/397
f 1700/70/369 1692/28/361 1669/5/339
f 1669/5/339 1697/66/366 1700/70/369
f 1754/112/421 1668/4/338 1667/3/337
f 1667/3/337 1730/69/398 1754/112/421
f 1740/80/408 1767/113/432 1732/72/400
f 1732/72/400 1731/71/399 1740/80/408
f 1696/32/365 1695/114/364 1741/81/409
f 1741/81/409 1731/71/399 1696/32/365
f 1683/115/352 1699/35/368 1698/34/367
f 1698/34/367 1748/89/416 1683/115/352
f 1695/114/364 1746/109/414 1674/10/344
f 1674/10/344 1741/81/409 1695/114/364
f 1684/116/353 1683/115/352 1748/89/416
f 1748/89/416 1730/96/398 1684/116/353
f 1687/23/356 1760/102/426 1666/2/336
f 1666/2/336 1756/98/423 1687/23/356
f 1768/117/433 1671/7/341 1670/6/340
f 1670/6/340 1758/100/425 1768/117/433
f 1688/24/357 1687/23/356 1756/98/423
f 1756/98/423 1724/62/392 1688/24/357
f 1767/113/432 1768/117/433 1758/100/425
f 1758/100/425 1732/72/400 1767/113/432
f 1719/55/387 1753/94/420 1679/15/15
f 1679/15/15 1678/14/348 1719/55/387
f 1753/94/420 1766/108/431 1759/101/15
f 1759/101/15 1679/15/15 1753/94/420
f 1766/108/431 1752/93/419 1737/77/405
f 1737/77/405 1759/101/15 1766/108/431
f 1721/57/389 1720/56/388 1743/83/411
f 1743/83/411 1738/78/406 1721/57/389
f 1720/56/388 1763/105/428 1765/107/430
f 1765/107/430 1743/83/411 1720/56/388
f 1765/107/430 1763/105/428 1739/79/407
f 1739/79/407 1723/59/391 1765/107/430
f 1769/1/434 1770/2/237 1771/3/238
f 1771/3/238 1772/4/239 1769/1/434
f 1773/5/240 1774/6/241 1775/7/242
f 1775/7/242 1776/8/243 1773/5/240
f 1777/9/244 1778/10/245 1779/11/246
f 1779/11/246 1780/12/435 1777/9/244
f 1781/13/436 1782/14/249 1783/15/15
f 1783/15/15 1784/16/250 1781/13/436
f 1785/17/251 1786/18/252 1787/19/253
f 1787/19/253 1788/20/254 1785/17/251
f 1789/21/255 1790/22/256 1791/23/257
f 1791/23/257 1792/24/258 1789/21/255
f 1793/25/437 1794/26/260 1795/27/261
f 1795/27/261 1796/28/262 1793/25/437
f 1797/29/263 1798/30/264 1799/31/265
f 1799/31/265 1800/32/266 1797/29/263
f 1801/33/267 1802/34/268 1803/35/269
f 1803/35/269 1804/36/270 1801/33/267
f 1805/37/271 1806/38/272 1807/39/273
f 1807/39/273 1808/40/274 1805/37/271
f 1809/41/275 1810/42/276 1811/43/277
f 1811/43/277 1812/44/278 1809/41/275
f 1813/45/279 1814/46/280 1815/47/281
f 1815/47/281 1816/48/282 1813/45/279
f 1817/49/283 1818/50/284 1819/51/285
f 1819/51/285 1820/52/438 1817/49/283
f 1807/39/273 1806/38/272 1821/53/250
f 1821/53/250 1822/54/287 1807/39/273
f 1810/42/276 1823/55/288 1782/14/249
f 1782/14/249 1811/43/277 1810/42/276
f 1815/47/281 1814/46/280 1824/56/289
f 1824/56/289 1825/57/290 1815/47/281
f 1818/50/284 1826/58/291 1827/59/292
f 1827/59/292 1819/51/285 1818/50/284
f 1780/60/435 1779/61/246 1828/62/293
f 1828/62/293 1829/63/439 1780/60/435
f 1808/40/274 1785/17/251 1788/20/254
f 1788/20/254 1830/64/295 1808/40/274
f 1831/65/296 1801/66/267 1773/5/240
f 1773/5/240 1776/8/243 1831/65/296
f 1816/48/282 1797/29/263 1800/32/266
f 1800/32/266 1832/67/297 1816/48/282
f 1792/24/258 1833/68/298 1812/44/278
f 1812/44/278 1789/21/255 1792/24/258
f 1788/20/254 1834/69/299 1771/3/238
f 1771/3/238 1830/64/295 1788/20/254
f 1796/28/262 1804/70/270 1820/52/438
f 1820/52/438 1793/25/437 1796/28/262
f 1800/32/266 1835/71/300 1836/72/301
f 1836/72/301 1832/67/297 1800/32/266
f 1785/17/251 1808/40/274 1807/39/273
f 1807/39/273 1837/73/302 1785/17/251
f 1789/21/255 1812/44/278 1811/43/277
f 1811/43/277 1838/74/303 1789/21/255
f 1797/29/263 1816/48/282 1815/47/281
f 1815/47/281 1839/75/304 1797/29/263
f 1793/25/437 1820/52/438 1819/51/285
f 1819/51/285 1840/76/305 1793/25/437
f 1837/73/302 1807/39/273 1822/54/287
f 1822/54/287 1841/77/306 1837/73/302
f 1838/74/303 1811/43/277 1782/14/249
f 1782/14/249 1781/13/436 1838/74/303
f 1839/75/304 1815/47/281 1825/57/290
f 1825/57/290 1842/78/307 1839/75/304
f 1840/76/305 1819/51/285 1827/59/292
f 1827/59/292 1843/79/308 1840/76/305
f 1844/80/309 1835/71/300 1845/81/310
f 1845/81/310 1846/82/311 1844/80/309
f 1842/78/307 1847/83/312 1848/84/313
f 1848/84/313 1849/85/314 1842/78/307
f 1820/52/438 1804/70/270 1803/86/269
f 1803/86/269 1817/49/283 1820/52/438
f 1809/41/275 1850/87/315 1799/31/265
f 1799/31/265 1798/30/264 1809/41/275
f 1851/88/316 1852/89/317 1802/34/268
f 1802/34/268 1853/90/318 1851/88/316
f 1798/30/264 1797/29/263 1839/75/304
f 1839/75/304 1854/91/276 1798/30/264
f 1786/18/252 1855/92/319 1818/50/284
f 1818/50/284 1817/49/283 1786/18/252
f 1839/75/304 1842/78/307 1849/85/314
f 1849/85/314 1854/91/276 1839/75/304
f 1855/92/319 1856/93/320 1826/58/291
f 1826/58/291 1818/50/284 1855/92/319
f 1846/82/311 1845/81/310 1778/10/245
f 1778/10/245 1777/9/244 1846/82/311
f 1849/85/314 1848/84/313 1857/94/321
f 1857/94/321 1823/55/288 1849/85/314
f 1817/49/283 1803/86/269 1787/19/253
f 1787/19/253 1786/18/252 1817/49/283
f 1798/30/264 1854/91/276 1810/42/276
f 1810/42/276 1809/41/275 1798/30/264
f 1854/91/276 1849/85/314 1823/55/288
f 1823/55/288 1810/42/276 1854/91/276
f 1812/44/278 1833/68/298 1850/87/315
f 1850/87/315 1809/41/275 1812/44/278
f 1858/95/322 1834/96/299 1852/89/317
f 1852/89/317 1851/88/316 1858/95/322
f 1786/18/252 1785/17/251 1837/73/302
f 1837/73/302 1855/92/319 1786/18/252
f 1837/73/302 1841/77/306 1856/93/320
f 1856/93/320 1855/92/319 1837/73/302
f 1859/97/323 1860/98/324 1770/2/237
f 1770/2/237 1769/1/434 1859/97/323
f 1795/27/261 1861/99/325 1862/100/326
f 1862/100/326 1774/6/241 1795/27/261
f 1822/54/287 1821/53/250 1863/101/15
f 1863/101/15 1841/77/306 1822/54/287
f 1808/40/274 1830/64/295 1864/102/327
f 1864/102/327 1805/37/271 1808/40/274
f 1813/45/279 1861/99/325 1795/27/261
f 1795/27/261 1794/26/260 1813/45/279
f 1790/22/256 1865/103/272 1806/38/272
f 1806/38/272 1805/37/271 1790/22/256
f 1794/26/260 1793/25/437 1840/76/305
f 1840/76/305 1866/104/328 1794/26/260
f 1865/103/272 1784/16/250 1821/53/250
f 1821/53/250 1806/38/272 1865/103/272
f 1840/76/305 1843/79/308 1867/105/329
f 1867/105/329 1866/104/328 1840/76/305
f 1826/58/291 1868/106/330 1869/107/331
f 1869/107/331 1827/59/292 1826/58/291
f 1826/58/291 1856/93/320 1870/108/332
f 1870/108/332 1868/106/330 1826/58/291
f 1821/53/250 1784/16/250 1783/15/15
f 1783/15/15 1863/101/15 1821/53/250
f 1805/37/271 1864/102/327 1791/23/257
f 1791/23/257 1790/22/256 1805/37/271
f 1794/26/260 1866/104/328 1814/46/280
f 1814/46/280 1813/45/279 1794/26/260
f 1866/104/328 1867/105/329 1824/56/289
f 1824/56/289 1814/46/280 1866/104/328
f 1868/106/330 1848/84/313 1847/83/312
f 1847/83/312 1869/107/331 1868/106/330
f 1848/84/313 1868/106/330 1870/108/332
f 1870/108/332 1857/94/321 1848/84/313
f 1859/97/323 1829/63/439 1828/62/293
f 1828/62/293 1860/98/324 1859/97/323
f 1861/99/325 1832/67/297 1836/72/301
f 1836/72/301 1862/100/326 1861/99/325
f 1816/48/282 1832/67/297 1861/99/325
f 1861/99/325 1813/45/279 1816/48/282
f 1790/22/256 1789/21/255 1838/74/303
f 1838/74/303 1865/103/272 1790/22/256
f 1838/74/303 1781/13/436 1784/16/250
f 1784/16/250 1865/103/272 1838/74/303
f 1770/2/237 1864/102/327 1830/64/295
f 1830/64/295 1771/3/238 1770/2/237
f 1796/28/262 1795/27/261 1774/6/241
f 1774/6/241 1773/5/240 1796/28/262
f 1850/109/315 1833/110/298 1779/11/246
f 1779/11/246 1778/10/245 1850/109/315
f 1831/111/296 1853/90/318 1802/34/268
f 1802/34/268 1801/33/267 1831/111/296
f 1833/68/298 1792/24/258 1828/62/293
f 1828/62/293 1779/61/246 1833/68/298
f 1804/70/270 1796/28/262 1773/5/240
f 1773/5/240 1801/66/267 1804/70/270
f 1858/112/322 1772/4/239 1771/3/238
f 1771/3/238 1834/69/299 1858/112/322
f 1844/80/309 1871/113/333 1836/72/301
f 1836/72/301 1835/71/300 1844/80/309
f 1800/32/266 1799/114/265 1845/81/310
f 1845/81/310 1835/71/300 1800/32/266
f 1787/115/253 1803/35/269 1802/34/268
f 1802/34/268 1852/89/317 1787/115/253
f 1799/114/265 1850/109/315 1778/10/245
f 1778/10/245 1845/81/310 1799/114/265
f 1788/116/254 1787/115/253 1852/89/317
f 1852/89/317 1834/96/299 1788/116/254
f 1791/23/257 1864/102/327 1770/2/237
f 1770/2/237 1860/98/324 1791/23/257
f 1872/117/334 1775/7/242 1774/6/241
f 1774/6/241 1862/100/326 1872/117/334
f 1792/24/258 1791/23/257 1860/98/324
f 1860/98/324 1828/62/293 1792/24/258
f 1871/113/333 1872/117/334 1862/100/326
f 1862/100/326 1836/72/301 1871/113/333
f 1823/55/288 1857/94/321 1783/15/15
f 1783/15/15 1782/14/249 1823/55/288
f 1857/94/321 1870/108/332 1863/101/15
f 1863/101/15 1783/15/15 1857/94/321
f 1870/108/332 1856/93/320 1841/77/306
f 1841/77/306 1863/101/15 1870/108/332
f 1825/57/290 1824/56/289 1847/83/312
f 1847/83/312 1842/78/307 1825/57/290
f 1824/56/289 1867/105/329 1869/107/331
f 1869/107/331 1847/83/312 1824/56/289
f 1869/107/331 1867/105/329 1843/79/308
f 1843/79/308 1827/59/292 1869/107/331
f 1873/1/440 1874/2/441 1875/3/442
f 1875/3/442 1876/4/443 1873/1/440
f 1877/5/444 1878/6/445 1879/7/446
f 1879/7/446 1880/8/447 1877/5/444
f 1881/9/448 1882/10/449 1883/11/450
f 1883/11/450 1884/12/451 1881/9/448
f 1885/13/452 1886/14/453 1887/15/15
f 1887/15/15 1888/16/454 1885/13/452
f 1889/17/455 1890/18/456 1891/19/457
f 1891/19/457 1892/20/458 1889/17/455
f 1893/21/459 1894/22/460 1895/23/461
f 1895/23/461 1896/24/462 1893/21/459
f 1897/25/463 1898/26/464 1899/27/465
f 1899/27/465 1900/28/466 1897/25/463
f 1901/29/467 1902/30/468 1903/31/469
f 1903/31/469 1904/32/470 1901/29/467
f 1905/33/471 1906/34/472 1907/35/473
f 1907/35/473 1908/36/474 1905/33/471
f 1909/37/475 1910/38/476 1911/39/477
f 1911/39/477 1912/40/478 1909/37/475
f 1913/41/479 1914/42/480 1915/43/481
f 1915/43/481 1916/44/482 1913/41/479
f 1917/45/483 1918/46/484 1919/47/485
f 1919/47/485 1920/48/486 1917/45/483
f 1921/49/487 1922/50/488 1923/51/489
f 1923/51/489 1924/52/490 1921/49/487
f 1911/39/477 1910/38/476 1925/53/454
f 1925/53/454 1926/54/491 1911/39/477
f 1914/42/480 1927/55/492 1886/14/453
f 1886/14/453 1915/43/481 1914/42/480
f 1919/47/485 1918/46/484 1928/56/493
f 1928/56/493 1929/57/494 1919/47/485
f 1922/50/488 1930/58/495 1931/59/496
f 1931/59/496 1923/51/489 1922/50/488
f 1884/60/451 1883/61/450 1932/62/497
f 1932/62/497 1933/63/498 1884/60/451
f 1912/40/478 1889/17/455 1892/20/458
f 1892/20/458 1934/64/499 1912/40/478
f 1935/65/500 1905/66/471 1877/5/444
f 1877/5/444 1880/8/447 1935/65/500
f 1920/48/486 1901/29/467 1904/32/470
f 1904/32/470 1936/67/501 1920/48/486
f 1896/24/462 1937/68/502 1916/44/482
f 1916/44/482 1893/21/459 1896/24/462
f 1892/20/458 1938/69/503 1875/3/442
f 1875/3/442 1934/64/499 1892/20/458
f 1900/28/466 1908/70/474 1924/52/490
f 1924/52/490 1897/25/463 1900/28/466
f 1904/32/470 1939/71/504 1940/72/505
f 1940/72/505 1936/67/501 1904/32/470
f 1889/17/455 1912/40/478 1911/39/477
f 1911/39/477 1941/73/506 1889/17/455
f 1893/21/459 1916/44/482 1915/43/481
f 1915/43/481 1942/74/507 1893/21/459
f 1901/29/467 1920/48/486 1919/47/485
f 1919/47/485 1943/75/508 1901/29/467
f 1897/25/463 1924/52/490 1923/51/489
f 1923/51/489 1944/76/509 1897/25/463
f 1941/73/506 1911/39/477 1926/54/491
f 1926/54/491 1945/77/510 1941/73/506
f 1942/74/507 1915/43/481 1886/14/453
f 1886/14/453 1885/13/452 1942/74/507
f 1943/75/508 1919/47/485 1929/57/494
f 1929/57/494 1946/78/511 1943/75/508
f 1944/76/509 1923/51/489 1931/59/496
f 1931/59/496 1947/79/512 1944/76/509
f 1948/80/513 1939/71/504 1949/81/514
f 1949/81/514 1950/82/515 1948/80/513
f 1946/78/511 1951/83/516 1952/84/517
f 1952/84/517 1953/85/518 1946/78/511
f 1924/52/490 1908/70/474 1907/86/473
f 1907/86/473 1921/49/487 1924/52/490
f 1913/41/479 1954/87/519 1903/31/469
f 1903/31/469 1902/30/468 1913/41/479
f 1955/88/520 1956/89/521 1906/34/472
f 1906/34/472 1957/90/522 1955/88/520
f 1902/30/468 1901/29/467 1943/75/508
f 1943/75/508 1958/91/523 1902/30/468
f 1890/18/456 1959/92/524 1922/50/488
f 1922/50/488 1921/49/487 1890/18/456
f 1943/75/508 1946/78/511 1953/85/518
f 1953/85/518 1958/91/523 1943/75/508
f 1959/92/524 1960/93/525 1930/58/495
f 1930/58/495 1922/50/488 1959/92/524
f 1950/82/515 1949/81/514 1882/10/449
f 1882/10/449 1881/9/448 1950/82/515
f 1953/85/518 1952/84/517 1961/94/526
f 1961/94/526 1927/55/492 1953/85/518
f 1921/49/487 1907/86/473 1891/19/457
f 1891/19/457 1890/18/456 1921/49/487
f 1902/30/468 1958/91/523 1914/42/480
f 1914/42/480 1913/41/479 1902/30/468
f 1958/91/523 1953/85/518 1927/55/492
f 1927/55/492 1914/42/480 1958/91/523
f 1916/44/482 1937/68/502 1954/87/519
f 1954/87/519 1913/41/479 1916/44/482
f 1962/95/527 1938/96/503 1956/89/521
f 1956/89/521 1955/88/520 1962/95/527
f 1890/18/456 1889/17/455 1941/73/506
f 1941/73/506 1959/92/524 1890/18/456
f 1941/73/506 1945/77/510 1960/93/525
f 1960/93/525 1959/92/524 1941/73/506
f 1963/97/528 1964/98/529 1874/2/441
f 1874/2/441 1873/1/440 1963/97/528
f 1899/27/465 1965/99/530 1966/100/531
f 1966/100/531 1878/6/445 1899/27/465
f 1926/54/491 1925/53/454 1967/101/15
f 1967/101/15 1945/77/510 1926/54/491
f 1912/40/478 1934/64/499 1968/102/532
f 1968/102/532 1909/37/475 1912/40/478
f 1917/45/483 1965/99/530 1899/27/465
f 1899/27/465 1898/26/464 1917/45/483
f 1894/22/460 1969/103/476 1910/38/476
f 1910/38/476 1909/37/475 1894/22/460
f 1898/26/464 1897/25/463 1944/76/509
f 1944/76/509 1970/104/533 1898/26/464
f 1969/103/476 1888/16/454 1925/53/454
f 1925/53/454 1910/38/476 1969/103/476
f 1944/76/509 1947/79/512 1971/105/534
f 1971/105/534 1970/104/533 1944/76/509
f 1930/58/495 1972/106/535 1973/107/536
f 1973/107/536 1931/59/496 1930/58/495
f 1930/58/495 1960/93/525 1974/108/537
f 1974/108/537 1972/106/535 1930/58/495
f 1925/53/454 1888/16/454 1887/15/15
f 1887/15/15 1967/101/15 1925/53/454
f 1909/37/475 1968/102/532 1895/23/461
f 1895/23/461 1894/22/460 1909/37/475
f 1898/26/464 1970/104/533 1918/46/484
f 1918/46/484 1917/45/483 1898/26/464
f 1970/104/533 1971/105/534 1928/56/493
f 1928/56/493 1918/46/484 1970/104/533
f 1972/106/535 1952/84/517 1951/83/516
f 1951/83/516 1973/107/536 1972/106/535
f 1952/84/517 1972/106/535 1974/108/537
f 1974/108/537 1961/94/526 1952/84/517
f 1963/97/528 1933/63/498 1932/62/497
f 1932/62/497 1964/98/529 1963/97/528
f 1965/99/530 1936/67/501 1940/72/505
f 1940/72/505 1966/100/531 1965/99/530
f 1920/48/486 1936/67/501 1965/99/530
f 1965/99/530 1917/45/483 1920/48/486
f 1894/22/460 1893/21/459 1942/74/507
f 1942/74/507 1969/103/476 1894/22/460
f 1942/74/507 1885/13/452 1888/16/454
f 1888/16/454 1969/103/476 1942/74/507
f 1874/2/441 1968/102/532 1934/64/499
f 1934/64/499 1875/3/442 1874/2/441
f 1900/28/466 1899/27/465 1878/6/445
f 1878/6/445 1877/5/444 1900/28/466
f 1954/109/519 1937/110/502 1883/11/450
f 1883/11/450 1882/10/449 1954/109/519
f 1935/111/500 1957/90/522 1906/34/472
f 1906/34/472 1905/33/471 1935/111/500
f 1937/68/502 1896/24/462 1932/62/497
f 1932/62/497 1883/61/450 1937/68/502
f 1908/70/474 1900/28/466 1877/5/444
f 1877/5/444 1905/66/471 1908/70/474
f 1962/112/527 1876/4/443 1875/3/442
f 1875/3/442 1938/69/503 1962/112/527
f 1948/80/513 1975/113/538 1940/72/505
f 1940/72/505 1939/71/504 1948/80/513
f 1904/32/470 1903/114/469 1949/81/514
f 1949/81/514 1939/71/504 1904/32/470
f 1891/115/457 1907/35/473 1906/34/472
f 1906/34/472 1956/89/521 1891/115/457
f 1903/114/469 1954/109/519 1882/10/449
f 1882/10/449 1949/81/514 1903/114/469
f 1892/116/458 1891/115/457 1956/89/521
f 1956/89/521 1938/96/503 1892/116/458
f 1895/23/461 1968/102/532 1874/2/441
f 1874/2/441 1964/98/529 1895/23/461
f 1976/117/539 1879/7/446 1878/6/445
f 1878/6/445 1966/100/531 1976/117/539
f 1896/24/462 1895/23/461 1964/98/529
f 1964/98/529 1932/62/497 1896/24/462
f 1975/113/538 1976/117/539 1966/100/531
f 1966/100/531 1940/72/505 1975/113/538
f 1927/55/492 1961/94/526 1887/15/15
f 1887/15/15 1886/14/453 1927/55/492
f 1961/94/526 1974/108/537 1967/101/15
f 1967/101/15 1887/15/15 1961/94/526
f 1974/108/537 1960/93/525 1945/77/510
f 1945/77/510 1967/101/15 1974/108/537
f 1929/57/494 1928/56/493 1951/83/516
f 1951/83/516 1946/78/511 1929/57/494
f 1928/56/493 1971/105/534 1973/107/536
f 1973/107/536 1951/83/516 1928/56/493
f 1973/107/536 1971/105/534 1947/79/512
f 1947/79/512 1931/59/496 1973/107/536
