# Blender 4.5.0
# www.blender.org
g medium_wall.xml.228_Mesh
v 234.336853 -37.913872 -88.432678
v 233.928818 -30.190685 -88.411903
v 234.023315 -30.190685 -87.966438
v 234.212921 -37.913872 -87.887520
v 229.814758 -30.190685 -88.016785
v 229.724106 -30.190685 -88.404404
v 229.625153 -37.913872 -88.297836
v 229.625153 -37.913872 -87.887520
v 233.212173 -37.913876 -97.234581
v 232.949509 -30.190685 -97.162186
v 233.871353 -30.190685 -97.144897
v 234.060989 -37.913876 -97.200012
v 233.252151 -22.556702 -96.722885
v 233.111938 -22.556702 -96.764603
v 233.111938 -22.556702 -96.476746
v 233.252151 -22.556702 -96.477386
v 233.543457 -22.188759 -88.017319
v 232.686829 -22.188759 -88.017319
v 232.686829 -22.467491 -87.955208
v 233.681702 -22.467491 -87.955208
v 233.695724 -22.188763 -96.878342
v 233.695724 -22.188763 -96.521904
v 233.833725 -22.467491 -96.522545
v 233.833725 -22.467491 -96.939178
v 230.142349 -22.188759 -88.106194
v 230.142349 -22.188759 -88.510963
v 230.004364 -22.467491 -88.510963
v 230.004364 -22.467491 -88.045357
v 230.294617 -22.188763 -96.967209
v 231.151611 -22.188763 -96.967209
v 231.151611 -22.467491 -97.029327
v 230.156372 -22.467491 -97.029327
v 230.104324 -30.190685 -87.869858
v 230.888931 -30.190685 -87.869858
v 231.884644 -22.576569 -87.955208
v 230.156372 -22.467491 -87.955208
v 233.695724 -22.188759 -88.510963
v 233.394775 -22.065739 -88.510963
v 233.394775 -22.065739 -88.229874
v 233.695724 -22.188759 -88.106194
v 232.686829 -22.188759 -96.967209
v 232.686829 -22.065739 -96.831749
v 233.242584 -22.065739 -96.831749
v 233.543457 -22.188763 -96.967209
v 230.142365 -22.229755 -96.501030
v 230.443314 -22.106735 -96.502419
v 230.443314 -22.065739 -96.754654
v 230.142365 -22.188763 -96.878342
v 231.884644 -22.297840 -88.017319
v 231.884644 -22.174820 -88.152786
v 230.595490 -22.065739 -88.152786
v 230.294617 -22.188759 -88.017319
v 233.252151 -22.556702 -88.552223
v 233.252151 -22.556702 -88.263397
v 232.598831 -22.556702 -96.764603
v 230.602905 -22.597694 -96.460693
v 230.602905 -22.556702 -96.722885
v 231.933029 -22.665779 -88.221680
v 230.743118 -22.556702 -88.221680
v 234.023315 -30.190685 -97.048325
v 234.212921 -37.913876 -97.097008
v 233.833725 -22.467491 -88.045357
v 230.077545 -37.913872 -87.746819
v 230.004364 -22.467491 -96.939178
v 233.681702 -22.467491 -97.029327
v 233.871353 -30.190685 -87.869858
v 229.966736 -30.190681 -97.144897
v 229.814758 -30.190681 -97.048325
v 233.242584 -22.065739 -88.152786
v 233.394775 -22.065739 -96.754654
v 230.595490 -22.065739 -96.831749
v 230.443314 -22.065739 -88.229874
v 233.111938 -22.556702 -88.221680
v 230.743118 -22.556702 -96.764603
v 230.602905 -22.556702 -88.263397
v 229.777084 -37.913872 -97.200012
v 230.888931 -30.190685 -97.144897
v 230.626266 -37.913872 -97.200012
v 230.742462 -22.597694 -96.461334
v 231.256561 -22.597694 -96.463715
v 231.256561 -22.556702 -96.764603
v 232.686829 -22.467491 -97.029327
v 233.212173 -37.913872 -87.753212
v 232.949493 -30.190685 -87.869858
v 230.626266 -37.913872 -87.784515
v 231.151611 -22.065739 -96.831749
v 232.686829 -22.065739 -88.152786
v 232.598831 -22.556702 -88.221680
v 232.598831 -22.556702 -96.474373
v 234.060989 -37.913872 -87.784515
v 234.212921 -37.913876 -96.742462
v 234.023315 -30.190685 -96.632500
v 230.004364 -22.508484 -96.500389
v 229.860153 -30.190681 -96.339325
v 233.111938 -22.556702 -88.552223
v 233.833725 -22.467491 -88.510963
v 233.394775 -22.065739 -96.520515
v 230.443314 -22.065739 -88.510963
v 230.602905 -22.556702 -88.552223
v 231.933029 -22.665779 -88.552223
v 230.742935 -22.568180 -88.552223
v 232.598831 -22.556702 -88.552223
v 229.625153 -37.913876 -97.035477
v 229.715942 -37.913876 -96.178261
v 234.334854 -37.909874 -134.105972
v 233.926819 -30.186687 -134.085205
v 234.021317 -30.186687 -133.639740
v 234.210922 -37.909874 -133.560822
v 229.812759 -30.186687 -133.690094
v 229.722107 -30.186687 -134.077698
v 229.623154 -37.909874 -133.971146
v 229.623154 -37.909874 -133.560822
v 233.210175 -37.909878 -142.907883
v 232.947510 -30.186687 -142.835480
v 233.869354 -30.186687 -142.818207
v 234.058990 -37.909878 -142.873322
v 233.250153 -22.552704 -142.396194
v 233.109940 -22.552704 -142.437912
v 233.109940 -22.552704 -142.150040
v 233.250153 -22.552704 -142.150696
v 233.541458 -22.184761 -133.690628
v 232.684830 -22.184761 -133.690628
v 232.684830 -22.463493 -133.628510
v 233.679703 -22.463493 -133.628510
v 233.693726 -22.184765 -142.551636
v 233.693726 -22.184765 -142.195206
v 233.831726 -22.463493 -142.195847
v 233.831726 -22.463493 -142.612473
v 230.140350 -22.184761 -133.779495
v 230.140350 -22.184761 -134.184265
v 230.002365 -22.463493 -134.184265
v 230.002365 -22.463493 -133.718658
v 230.292618 -22.184765 -142.640518
v 231.149612 -22.184765 -142.640518
v 231.149612 -22.463493 -142.702637
v 230.154373 -22.463493 -142.702637
v 230.102325 -30.186687 -133.543167
v 230.886932 -30.186687 -133.543167
v 231.882645 -22.572571 -133.628510
v 230.154373 -22.463493 -133.628510
v 233.693726 -22.184761 -134.184265
v 233.392776 -22.061741 -134.184265
v 233.392776 -22.061741 -133.903183
v 233.693726 -22.184761 -133.779495
v 232.684830 -22.184761 -142.640518
v 232.684830 -22.061741 -142.505051
v 233.240585 -22.061741 -142.505051
v 233.541458 -22.184765 -142.640518
v 230.140366 -22.225758 -142.174332
v 230.441315 -22.102737 -142.175720
v 230.441315 -22.061741 -142.427963
v 230.140366 -22.184765 -142.551636
v 231.882645 -22.293842 -133.690628
v 231.882645 -22.170822 -133.826080
v 230.593491 -22.061741 -133.826080
v 230.292618 -22.184761 -133.690628
v 233.250153 -22.552704 -134.225525
v 233.250153 -22.552704 -133.936707
v 232.596832 -22.552704 -142.437912
v 230.600906 -22.593697 -142.133987
v 230.600906 -22.552704 -142.396194
v 231.931030 -22.661781 -133.894974
v 230.741119 -22.552704 -133.894974
v 234.021317 -30.186687 -142.721619
v 234.210922 -37.909878 -142.770309
v 233.831726 -22.463493 -133.718658
v 230.075546 -37.909874 -133.420120
v 230.002365 -22.463493 -142.612473
v 233.679703 -22.463493 -142.702637
v 233.869354 -30.186687 -133.543167
v 229.964722 -30.186684 -142.818207
v 229.812759 -30.186684 -142.721619
v 233.240585 -22.061741 -133.826080
v 233.392776 -22.061741 -142.427963
v 230.593491 -22.061741 -142.505051
v 230.441315 -22.061741 -133.903183
v 233.109940 -22.552704 -133.894974
v 230.741119 -22.552704 -142.437912
v 230.600906 -22.552704 -133.936707
v 229.775085 -37.909874 -142.873322
v 230.886932 -30.186687 -142.818207
v 230.624268 -37.909874 -142.873322
v 230.740463 -22.593697 -142.134644
v 231.254562 -22.593697 -142.137009
v 231.254562 -22.552704 -142.437912
v 232.684830 -22.463493 -142.702637
v 233.210175 -37.909874 -133.426514
v 232.947510 -30.186687 -133.543167
v 230.624268 -37.909874 -133.457809
v 231.149612 -22.061741 -142.505051
v 232.684830 -22.061741 -133.826080
v 232.596832 -22.552704 -133.894974
v 232.596832 -22.552704 -142.147675
v 234.058990 -37.909874 -133.457809
v 234.210922 -37.909878 -142.415756
v 234.021317 -30.186687 -142.305801
v 230.002365 -22.504486 -142.173691
v 229.858154 -30.186684 -142.012634
v 233.109940 -22.552704 -134.225525
v 233.831726 -22.463493 -134.184265
v 233.392776 -22.061741 -142.193817
v 230.441315 -22.061741 -134.184265
v 230.600906 -22.552704 -134.225525
v 231.931030 -22.661781 -134.225525
v 230.740936 -22.564182 -134.225525
v 232.596832 -22.552704 -134.225525
v 229.623154 -37.909878 -142.708786
v 229.713943 -37.909878 -141.851562
v 241.386856 -48.711834 -81.363281
v 240.978821 -42.220936 -81.342506
v 241.073318 -42.220936 -80.897041
v 241.262924 -48.711834 -80.818123
v 236.864761 -42.220936 -80.947388
v 236.774109 -42.220936 -81.335007
v 236.675156 -48.711834 -81.228439
v 236.675156 -48.711834 -80.818123
v 240.262177 -48.711834 -90.165184
v 239.999512 -42.220936 -90.092789
v 240.921356 -42.220936 -90.075500
v 241.110992 -48.711834 -90.130615
v 240.302155 -35.805008 -89.653488
v 240.161942 -35.805008 -89.695206
v 240.161942 -35.805008 -89.407349
v 240.302155 -35.805008 -89.407990
v 240.593460 -35.495777 -80.947922
v 239.736832 -35.495777 -80.947922
v 239.736832 -35.730034 -80.885811
v 240.731705 -35.730034 -80.885811
v 240.745728 -35.495777 -89.808945
v 240.745728 -35.495777 -89.452507
v 240.883728 -35.730034 -89.453148
v 240.883728 -35.730034 -89.869781
v 237.192352 -35.495777 -81.036797
v 237.192352 -35.495777 -81.441566
v 237.054367 -35.730034 -81.441566
v 237.054367 -35.730034 -80.975960
v 237.344620 -35.495777 -89.897812
v 238.201614 -35.495777 -89.897812
v 238.201614 -35.730034 -89.959930
v 237.206375 -35.730034 -89.959930
v 237.154327 -42.220936 -80.800461
v 237.938934 -42.220936 -80.800461
v 238.934647 -35.821709 -80.885811
v 237.206375 -35.730034 -80.885811
v 240.745728 -35.495777 -81.441566
v 240.444778 -35.392384 -81.441566
v 240.444778 -35.392384 -81.160477
v 240.745728 -35.495777 -81.036797
v 239.736832 -35.495777 -89.897812
v 239.736832 -35.392384 -89.762352
v 240.292587 -35.392384 -89.762352
v 240.593460 -35.495777 -89.897812
v 237.192368 -35.530228 -89.431633
v 237.493317 -35.426838 -89.433022
v 237.493317 -35.392384 -89.685257
v 237.192368 -35.495777 -89.808945
v 238.934647 -35.587452 -80.947922
v 238.934647 -35.484058 -81.083389
v 237.645493 -35.392384 -81.083389
v 237.344620 -35.495777 -80.947922
v 240.302155 -35.805008 -81.482826
v 240.302155 -35.805008 -81.194000
v 239.648834 -35.805008 -89.695206
v 237.652908 -35.839462 -89.391296
v 237.652908 -35.805008 -89.653488
v 238.983032 -35.896683 -81.152283
v 237.793121 -35.805008 -81.152283
v 241.073318 -42.220936 -89.978928
v 241.262924 -48.711834 -90.027611
v 240.883728 -35.730034 -80.975960
v 237.127548 -48.711830 -80.677422
v 237.054367 -35.730034 -89.869781
v 240.731705 -35.730034 -89.959930
v 240.921356 -42.220936 -80.800461
v 237.016724 -42.220936 -90.075500
v 236.864761 -42.220936 -89.978928
v 240.292587 -35.392384 -81.083389
v 240.444778 -35.392384 -89.685257
v 237.645493 -35.392384 -89.762352
v 237.493317 -35.392384 -81.160477
v 240.161942 -35.805008 -81.152283
v 237.793121 -35.805008 -89.695206
v 237.652908 -35.805008 -81.194000
v 236.827087 -48.711830 -90.130615
v 237.938934 -42.220936 -90.075500
v 237.676270 -48.711830 -90.130615
v 237.792465 -35.839462 -89.391937
v 238.306564 -35.839462 -89.394318
v 238.306564 -35.805008 -89.695206
v 239.736832 -35.730034 -89.959930
v 240.262177 -48.711834 -80.683815
v 239.999512 -42.220936 -80.800461
v 237.676270 -48.711830 -80.715118
v 238.201614 -35.392384 -89.762352
v 239.736832 -35.392384 -81.083389
v 239.648834 -35.805008 -81.152283
v 239.648834 -35.805008 -89.404976
v 241.110992 -48.711834 -80.715118
v 241.262924 -48.711834 -89.673065
v 241.073318 -42.220936 -89.563103
v 237.054367 -35.764488 -89.430992
v 236.910156 -42.220936 -89.269928
v 240.161942 -35.805008 -81.482826
v 240.883728 -35.730034 -81.441566
v 240.444778 -35.392384 -89.451118
v 237.493317 -35.392384 -81.441566
v 237.652908 -35.805008 -81.482826
v 238.983032 -35.896683 -81.482826
v 237.792938 -35.814659 -81.482826
v 239.648834 -35.805008 -81.482826
v 236.675156 -48.711834 -89.966080
v 236.765945 -48.711834 -89.108864
v 234.335846 -37.911873 -103.625977
v 233.927811 -30.188686 -103.605202
v 234.022308 -30.188686 -103.159737
v 234.211914 -37.911873 -103.080818
v 229.813751 -30.188686 -103.210083
v 229.723099 -30.188686 -103.597702
v 229.624146 -37.911873 -103.491135
v 229.624146 -37.911873 -103.080818
v 233.211166 -37.911877 -112.427879
v 232.948502 -30.188686 -112.355484
v 233.870346 -30.188686 -112.338196
v 234.059982 -37.911877 -112.393311
v 233.251144 -22.554703 -111.916183
v 233.110931 -22.554703 -111.957901
v 233.110931 -22.554703 -111.670044
v 233.251144 -22.554703 -111.670685
v 233.542450 -22.186760 -103.210617
v 232.685822 -22.186760 -103.210617
v 232.685822 -22.465492 -103.148506
v 233.680695 -22.465492 -103.148506
v 233.694717 -22.186764 -112.071640
v 233.694717 -22.186764 -111.715202
v 233.832718 -22.465492 -111.715843
v 233.832718 -22.465492 -112.132477
v 230.141342 -22.186760 -103.299492
v 230.141342 -22.186760 -103.704262
v 230.003357 -22.465492 -103.704262
v 230.003357 -22.465492 -103.238655
v 230.293610 -22.186764 -112.160507
v 231.150604 -22.186764 -112.160507
v 231.150604 -22.465492 -112.222626
v 230.155365 -22.465492 -112.222626
v 230.103317 -30.188686 -103.063156
v 230.887924 -30.188686 -103.063156
v 231.883636 -22.574570 -103.148506
v 230.155365 -22.465492 -103.148506
v 233.694717 -22.186760 -103.704262
v 233.393768 -22.063740 -103.704262
v 233.393768 -22.063740 -103.423172
v 233.694717 -22.186760 -103.299492
v 232.685822 -22.186760 -112.160507
v 232.685822 -22.063740 -112.025047
v 233.241577 -22.063740 -112.025047
v 233.542450 -22.186764 -112.160507
v 230.141357 -22.227757 -111.694328
v 230.442307 -22.104736 -111.695717
v 230.442307 -22.063740 -111.947952
v 230.141357 -22.186764 -112.071640
v 231.883636 -22.295841 -103.210617
v 231.883636 -22.172821 -103.346085
v 230.594482 -22.063740 -103.346085
v 230.293610 -22.186760 -103.210617
v 233.251144 -22.554703 -103.745522
v 233.251144 -22.554703 -103.456696
v 232.597824 -22.554703 -111.957901
v 230.601898 -22.595695 -111.653992
v 230.601898 -22.554703 -111.916183
v 231.932022 -22.663780 -103.414978
v 230.742111 -22.554703 -103.414978
v 234.022308 -30.188686 -112.241623
v 234.211914 -37.911877 -112.290306
v 233.832718 -22.465492 -103.238655
v 230.076538 -37.911873 -102.940117
v 230.003357 -22.465492 -112.132477
v 233.680695 -22.465492 -112.222626
v 233.870346 -30.188686 -103.063156
v 229.965729 -30.188683 -112.338196
v 229.813751 -30.188683 -112.241623
v 233.241577 -22.063740 -103.346085
v 233.393768 -22.063740 -111.947952
v 230.594482 -22.063740 -112.025047
v 230.442307 -22.063740 -103.423172
v 233.110931 -22.554703 -103.414978
v 230.742111 -22.554703 -111.957901
v 230.601898 -22.554703 -103.456696
v 229.776077 -37.911873 -112.393311
v 230.887924 -30.188686 -112.338196
v 230.625259 -37.911873 -112.393311
v 230.741455 -22.595695 -111.654633
v 231.255554 -22.595695 -111.657013
v 231.255554 -22.554703 -111.957901
v 232.685822 -22.465492 -112.222626
v 233.211166 -37.911873 -102.946510
v 232.948486 -30.188686 -103.063156
v 230.625259 -37.911873 -102.977814
v 231.150604 -22.063740 -112.025047
v 232.685822 -22.063740 -103.346085
v 232.597824 -22.554703 -103.414978
v 232.597824 -22.554703 -111.667671
v 234.059982 -37.911873 -102.977814
v 234.211914 -37.911877 -111.935760
v 234.022308 -30.188686 -111.825798
v 230.003357 -22.506485 -111.693687
v 229.859146 -30.188683 -111.532623
v 233.110931 -22.554703 -103.745522
v 233.832718 -22.465492 -103.704262
v 233.393768 -22.063740 -111.713814
v 230.442307 -22.063740 -103.704262
v 230.601898 -22.554703 -103.745522
v 231.932022 -22.663780 -103.745522
v 230.741928 -22.566181 -103.745522
v 232.597824 -22.554703 -103.745522
v 229.624146 -37.911877 -112.228775
v 229.714935 -37.911877 -111.371559
v 241.385849 -48.709831 -96.555977
v 240.977814 -42.218933 -96.535202
v 241.072311 -42.218933 -96.089737
v 241.261917 -48.709831 -96.010818
v 236.863754 -42.218933 -96.140083
v 236.773102 -42.218933 -96.527702
v 236.674149 -48.709831 -96.421135
v 236.674149 -48.709831 -96.010818
v 240.261169 -48.709831 -105.357880
v 239.998505 -42.218933 -105.285484
v 240.920349 -42.218933 -105.268196
v 241.109985 -48.709831 -105.323318
v 240.301147 -35.803005 -104.846184
v 240.160934 -35.803005 -104.887909
v 240.160934 -35.803005 -104.600044
v 240.301147 -35.803005 -104.600693
v 240.592453 -35.493774 -96.140617
v 239.735825 -35.493774 -96.140617
v 239.735825 -35.728031 -96.078506
v 240.730698 -35.728031 -96.078506
v 240.744720 -35.493774 -105.001640
v 240.744720 -35.493774 -104.645203
v 240.882721 -35.728031 -104.645844
v 240.882721 -35.728031 -105.062477
v 237.191345 -35.493774 -96.229492
v 237.191345 -35.493774 -96.634262
v 237.053360 -35.728031 -96.634262
v 237.053360 -35.728031 -96.168655
v 237.343613 -35.493774 -105.090515
v 238.200607 -35.493774 -105.090515
v 238.200607 -35.728031 -105.152626
v 237.205368 -35.728031 -105.152626
v 237.153320 -42.218933 -95.993156
v 237.937927 -42.218933 -95.993156
v 238.933640 -35.819706 -96.078506
v 237.205368 -35.728031 -96.078506
v 240.744720 -35.493774 -96.634262
v 240.443771 -35.390381 -96.634262
v 240.443771 -35.390381 -96.353172
v 240.744720 -35.493774 -96.229492
v 239.735825 -35.493774 -105.090515
v 239.735825 -35.390381 -104.955048
v 240.291580 -35.390381 -104.955048
v 240.592453 -35.493774 -105.090515
v 237.191360 -35.528229 -104.624329
v 237.492310 -35.424835 -104.625717
v 237.492310 -35.390381 -104.877953
v 237.191360 -35.493774 -105.001640
v 238.933640 -35.585449 -96.140617
v 238.933640 -35.482056 -96.276085
v 237.644485 -35.390381 -96.276085
v 237.343613 -35.493774 -96.140617
v 240.301147 -35.803005 -96.675522
v 240.301147 -35.803005 -96.386696
v 239.647827 -35.803005 -104.887909
v 237.651901 -35.837460 -104.583992
v 237.651901 -35.803005 -104.846184
v 238.982025 -35.894680 -96.344978
v 237.792114 -35.803005 -96.344978
v 241.072311 -42.218933 -105.171616
v 241.261917 -48.709831 -105.220306
v 240.882721 -35.728031 -96.168655
v 237.126541 -48.709827 -95.870117
v 237.053360 -35.728031 -105.062477
v 240.730698 -35.728031 -105.152626
v 240.920349 -42.218933 -95.993156
v 237.015717 -42.218933 -105.268196
v 236.863754 -42.218933 -105.171616
v 240.291580 -35.390381 -96.276085
v 240.443771 -35.390381 -104.877953
v 237.644485 -35.390381 -104.955048
v 237.492310 -35.390381 -96.353172
v 240.160934 -35.803005 -96.344978
v 237.792114 -35.803005 -104.887909
v 237.651901 -35.803005 -96.386696
v 236.826080 -48.709831 -105.323318
v 237.937927 -42.218933 -105.268196
v 237.675262 -48.709831 -105.323318
v 237.791458 -35.837460 -104.584633
v 238.305557 -35.837460 -104.587013
v 238.305557 -35.803005 -104.887909
v 239.735825 -35.728031 -105.152626
v 240.261169 -48.709831 -95.876511
v 239.998505 -42.218933 -95.993156
v 237.675262 -48.709827 -95.907814
v 238.200607 -35.390381 -104.955048
v 239.735825 -35.390381 -96.276085
v 239.647827 -35.803005 -96.344978
v 239.647827 -35.803005 -104.597672
v 241.109985 -48.709831 -95.907814
v 241.261917 -48.709831 -104.865761
v 241.072311 -42.218933 -104.755798
v 237.053360 -35.762482 -104.623688
v 236.909149 -42.218933 -104.462624
v 240.160934 -35.803005 -96.675522
v 240.882721 -35.728031 -96.634262
v 240.443771 -35.390381 -104.643814
v 237.492310 -35.390381 -96.634262
v 237.651901 -35.803005 -96.675522
v 238.982025 -35.894680 -96.675522
v 237.791931 -35.812656 -96.675522
v 239.647827 -35.803005 -96.675522
v 236.674149 -48.709831 -105.158783
v 236.764938 -48.709831 -104.301559
v 234.334854 -37.909874 -118.950981
v 233.926819 -30.186687 -118.930206
v 234.021317 -30.186687 -118.484741
v 234.210922 -37.909874 -118.405823
v 229.812759 -30.186687 -118.535088
v 229.722107 -30.186687 -118.922707
v 229.623154 -37.909874 -118.816139
v 229.623154 -37.909874 -118.405823
v 233.210175 -37.909878 -127.752884
v 232.947510 -30.186687 -127.680489
v 233.869354 -30.186687 -127.663200
v 234.058990 -37.909878 -127.718323
v 233.250153 -22.552704 -127.241188
v 233.109940 -22.552704 -127.282913
v 233.109940 -22.552704 -126.995049
v 233.250153 -22.552704 -126.995697
v 233.541458 -22.184761 -118.535622
v 232.684830 -22.184761 -118.535622
v 232.684830 -22.463493 -118.473511
v 233.679703 -22.463493 -118.473511
v 233.693726 -22.184765 -127.396645
v 233.693726 -22.184765 -127.040207
v 233.831726 -22.463493 -127.040848
v 233.831726 -22.463493 -127.457481
v 230.140350 -22.184761 -118.624496
v 230.140350 -22.184761 -119.029266
v 230.002365 -22.463493 -119.029266
v 230.002365 -22.463493 -118.563660
v 230.292618 -22.184765 -127.485519
v 231.149612 -22.184765 -127.485519
v 231.149612 -22.463493 -127.547630
v 230.154373 -22.463493 -127.547630
v 230.102325 -30.186687 -118.388161
v 230.886932 -30.186687 -118.388161
v 231.882645 -22.572571 -118.473511
v 230.154373 -22.463493 -118.473511
v 233.693726 -22.184761 -119.029266
v 233.392776 -22.061741 -119.029266
v 233.392776 -22.061741 -118.748177
v 233.693726 -22.184761 -118.624496
v 232.684830 -22.184761 -127.485519
v 232.684830 -22.061741 -127.350052
v 233.240585 -22.061741 -127.350052
v 233.541458 -22.184765 -127.485519
v 230.140366 -22.225758 -127.019333
v 230.441315 -22.102737 -127.020721
v 230.441315 -22.061741 -127.272957
v 230.140366 -22.184765 -127.396645
v 231.882645 -22.293842 -118.535622
v 231.882645 -22.170822 -118.671089
v 230.593491 -22.061741 -118.671089
v 230.292618 -22.184761 -118.535622
v 233.250153 -22.552704 -119.070526
v 233.250153 -22.552704 -118.781700
v 232.596832 -22.552704 -127.282913
v 230.600906 -22.593697 -126.978996
v 230.600906 -22.552704 -127.241188
v 231.931030 -22.661781 -118.739983
v 230.741119 -22.552704 -118.739983
v 234.021317 -30.186687 -127.566620
v 234.210922 -37.909878 -127.615311
v 233.831726 -22.463493 -118.563660
v 230.075546 -37.909874 -118.265121
v 230.002365 -22.463493 -127.457481
v 233.679703 -22.463493 -127.547630
v 233.869354 -30.186687 -118.388161
v 229.964722 -30.186684 -127.663200
v 229.812759 -30.186684 -127.566620
v 233.240585 -22.061741 -118.671089
v 233.392776 -22.061741 -127.272957
v 230.593491 -22.061741 -127.350052
v 230.441315 -22.061741 -118.748177
v 233.109940 -22.552704 -118.739983
v 230.741119 -22.552704 -127.282913
v 230.600906 -22.552704 -118.781700
v 229.775085 -37.909874 -127.718323
v 230.886932 -30.186687 -127.663200
v 230.624268 -37.909874 -127.718323
v 230.740463 -22.593697 -126.979637
v 231.254562 -22.593697 -126.982018
v 231.254562 -22.552704 -127.282913
v 232.684830 -22.463493 -127.547630
v 233.210175 -37.909874 -118.271515
v 232.947510 -30.186687 -118.388161
v 230.624268 -37.909874 -118.302818
v 231.149612 -22.061741 -127.350052
v 232.684830 -22.061741 -118.671089
v 232.596832 -22.552704 -118.739983
v 232.596832 -22.552704 -126.992676
v 234.058990 -37.909874 -118.302818
v 234.210922 -37.909878 -127.260765
v 234.021317 -30.186687 -127.150803
v 230.002365 -22.504486 -127.018692
v 229.858154 -30.186684 -126.857628
v 233.109940 -22.552704 -119.070526
v 233.831726 -22.463493 -119.029266
v 233.392776 -22.061741 -127.038818
v 230.441315 -22.061741 -119.029266
v 230.600906 -22.552704 -119.070526
v 231.931030 -22.661781 -119.070526
v 230.740936 -22.564182 -119.070526
v 232.596832 -22.552704 -119.070526
v 229.623154 -37.909878 -127.553787
v 229.713943 -37.909878 -126.696564
v 241.384857 -48.707832 -111.880981
v 240.976822 -42.216934 -111.860207
v 241.071320 -42.216934 -111.414742
v 241.260925 -48.707832 -111.335823
v 236.862762 -42.216934 -111.465088
v 236.772110 -42.216934 -111.852707
v 236.673157 -48.707832 -111.746140
v 236.673157 -48.707832 -111.335823
v 240.260178 -48.707832 -120.682884
v 239.997513 -42.216934 -120.610489
v 240.919357 -42.216934 -120.593201
v 241.108994 -48.707832 -120.648315
v 240.300156 -35.801006 -120.171188
v 240.159943 -35.801006 -120.212906
v 240.159943 -35.801006 -119.925049
v 240.300156 -35.801006 -119.925690
v 240.591461 -35.491776 -111.465622
v 239.734833 -35.491776 -111.465622
v 239.734833 -35.726032 -111.403511
v 240.729706 -35.726032 -111.403511
v 240.743729 -35.491776 -120.326645
v 240.743729 -35.491776 -119.970207
v 240.881729 -35.726032 -119.970848
v 240.881729 -35.726032 -120.387482
v 237.190353 -35.491776 -111.554497
v 237.190353 -35.491776 -111.959267
v 237.052368 -35.726032 -111.959267
v 237.052368 -35.726032 -111.493660
v 237.342621 -35.491776 -120.415512
v 238.199615 -35.491776 -120.415512
v 238.199615 -35.726032 -120.477631
v 237.204376 -35.726032 -120.477631
v 237.152328 -42.216934 -111.318161
v 237.936935 -42.216934 -111.318161
v 238.932648 -35.817707 -111.403511
v 237.204376 -35.726032 -111.403511
v 240.743729 -35.491776 -111.959267
v 240.442780 -35.388382 -111.959267
v 240.442780 -35.388382 -111.678177
v 240.743729 -35.491776 -111.554497
v 239.734833 -35.491776 -120.415512
v 239.734833 -35.388382 -120.280052
v 240.290588 -35.388382 -120.280052
v 240.591461 -35.491776 -120.415512
v 237.190369 -35.526230 -119.949333
v 237.491318 -35.422836 -119.950722
v 237.491318 -35.388382 -120.202957
v 237.190369 -35.491776 -120.326645
v 238.932648 -35.583450 -111.465622
v 238.932648 -35.480057 -111.601089
v 237.643494 -35.388382 -111.601089
v 237.342621 -35.491776 -111.465622
v 240.300156 -35.801006 -112.000526
v 240.300156 -35.801006 -111.711700
v 239.646835 -35.801006 -120.212906
v 237.650909 -35.835461 -119.908997
v 237.650909 -35.801006 -120.171188
v 238.981033 -35.892681 -111.669983
v 237.791122 -35.801006 -111.669983
v 241.071320 -42.216934 -120.496628
v 241.260925 -48.707832 -120.545311
v 240.881729 -35.726032 -111.493660
v 237.125549 -48.707829 -111.195122
v 237.052368 -35.726032 -120.387482
v 240.729706 -35.726032 -120.477631
v 240.919357 -42.216934 -111.318161
v 237.014740 -42.216934 -120.593201
v 236.862762 -42.216934 -120.496628
v 240.290588 -35.388382 -111.601089
v 240.442780 -35.388382 -120.202957
v 237.643494 -35.388382 -120.280052
v 237.491318 -35.388382 -111.678177
v 240.159943 -35.801006 -111.669983
v 237.791122 -35.801006 -120.212906
v 237.650909 -35.801006 -111.711700
v 236.825089 -48.707832 -120.648315
v 237.936935 -42.216934 -120.593201
v 237.674271 -48.707832 -120.648315
v 237.790466 -35.835461 -119.909637
v 238.304565 -35.835461 -119.912018
v 238.304565 -35.801006 -120.212906
v 239.734833 -35.726032 -120.477631
v 240.260178 -48.707832 -111.201515
v 239.997498 -42.216934 -111.318161
v 237.674271 -48.707829 -111.232819
v 238.199615 -35.388382 -120.280052
v 239.734833 -35.388382 -111.601089
v 239.646835 -35.801006 -111.669983
v 239.646835 -35.801006 -119.922676
v 241.108994 -48.707832 -111.232819
v 241.260925 -48.707832 -120.190765
v 241.071320 -42.216934 -120.080803
v 237.052368 -35.760483 -119.948692
v 236.908157 -42.216934 -119.787628
v 240.159943 -35.801006 -112.000526
v 240.881729 -35.726032 -111.959267
v 240.442780 -35.388382 -119.968819
v 237.491318 -35.388382 -111.959267
v 237.650909 -35.801006 -112.000526
v 238.981033 -35.892681 -112.000526
v 237.790939 -35.810658 -112.000526
v 239.646835 -35.801006 -112.000526
v 236.673157 -48.707832 -120.483780
v 236.763947 -48.707832 -119.626564
v 234.336853 -37.913872 -73.089882
v 233.928818 -30.190685 -73.069107
v 234.023315 -30.190681 -72.623642
v 234.212921 -37.913872 -72.544724
v 229.814758 -30.190681 -72.673988
v 229.724106 -30.190681 -73.061607
v 229.625153 -37.913872 -72.955040
v 229.625153 -37.913872 -72.544724
v 233.212173 -37.913872 -81.891785
v 232.949509 -30.190681 -81.819389
v 233.871353 -30.190685 -81.802101
v 234.060989 -37.913872 -81.857224
v 233.252151 -22.556698 -81.380089
v 233.111938 -22.556698 -81.421814
v 233.111938 -22.556698 -81.133949
v 233.252151 -22.556698 -81.134598
v 233.543457 -22.188759 -72.674522
v 232.686829 -22.188759 -72.674522
v 232.686829 -22.467487 -72.612411
v 233.681702 -22.467487 -72.612411
v 233.695724 -22.188759 -81.535545
v 233.695724 -22.188759 -81.179108
v 233.833725 -22.467491 -81.179749
v 233.833725 -22.467491 -81.596382
v 230.142349 -22.188759 -72.763397
v 230.142349 -22.188759 -73.168167
v 230.004364 -22.467487 -73.168167
v 230.004364 -22.467487 -72.702560
v 230.294617 -22.188759 -81.624420
v 231.151611 -22.188759 -81.624420
v 231.151611 -22.467491 -81.686531
v 230.156372 -22.467491 -81.686531
v 230.104324 -30.190681 -72.527061
v 230.888931 -30.190681 -72.527061
v 231.884644 -22.576569 -72.612411
v 230.156372 -22.467487 -72.612411
v 233.695724 -22.188759 -73.168167
v 233.394775 -22.065739 -73.168167
v 233.394775 -22.065739 -72.887077
v 233.695724 -22.188759 -72.763397
v 232.686829 -22.188759 -81.624420
v 232.686829 -22.065739 -81.488953
v 233.242584 -22.065739 -81.488953
v 233.543457 -22.188759 -81.624420
v 230.142365 -22.229752 -81.158234
v 230.443314 -22.106731 -81.159622
v 230.443314 -22.065739 -81.411858
v 230.142365 -22.188759 -81.535545
v 231.884644 -22.297836 -72.674522
v 231.884644 -22.174816 -72.809990
v 230.595490 -22.065739 -72.809990
v 230.294617 -22.188759 -72.674522
v 233.252151 -22.556698 -73.209427
v 233.252151 -22.556698 -72.920601
v 232.598831 -22.556698 -81.421814
v 230.602905 -22.597691 -81.117897
v 230.602905 -22.556698 -81.380089
v 231.933029 -22.665779 -72.878883
v 230.743118 -22.556698 -72.878883
v 234.023315 -30.190685 -81.705521
v 234.212921 -37.913872 -81.754211
v 233.833725 -22.467487 -72.702560
v 230.077545 -37.913872 -72.404022
v 230.004364 -22.467491 -81.596382
v 233.681702 -22.467491 -81.686531
v 233.871353 -30.190685 -72.527061
v 229.966736 -30.190681 -81.802101
v 229.814758 -30.190681 -81.705521
v 233.242584 -22.065739 -72.809990
v 233.394775 -22.065739 -81.411858
v 230.595490 -22.065739 -81.488953
v 230.443314 -22.065739 -72.887077
v 233.111938 -22.556698 -72.878883
v 230.743118 -22.556698 -81.421814
v 230.602905 -22.556698 -72.920601
v 229.777084 -37.913872 -81.857224
v 230.888931 -30.190681 -81.802101
v 230.626266 -37.913872 -81.857224
v 230.742462 -22.597691 -81.118538
v 231.256561 -22.597691 -81.120918
v 231.256561 -22.556698 -81.421814
v 232.686829 -22.467491 -81.686531
v 233.212173 -37.913872 -72.410416
v 232.949493 -30.190685 -72.527061
v 230.626266 -37.913872 -72.441719
v 231.151611 -22.065739 -81.488953
v 232.686829 -22.065739 -72.809990
v 232.598831 -22.556698 -72.878883
v 232.598831 -22.556698 -81.131577
v 234.060989 -37.913872 -72.441719
v 234.212921 -37.913872 -81.399666
v 234.023315 -30.190685 -81.289703
v 230.004364 -22.508484 -81.157593
v 229.860153 -30.190681 -80.996529
v 233.111938 -22.556698 -73.209427
v 233.833725 -22.467487 -73.168167
v 233.394775 -22.065739 -81.177719
v 230.443314 -22.065739 -73.168167
v 230.602905 -22.556698 -73.209427
v 231.933029 -22.665779 -73.209427
v 230.742935 -22.568180 -73.209427
v 232.598831 -22.556698 -73.209427
v 229.625153 -37.913872 -81.692688
v 229.715942 -37.913872 -80.835464
v 241.384857 -48.707836 -127.036980
v 240.976822 -42.216938 -127.016205
v 241.071320 -42.216938 -126.570740
v 241.260925 -48.707836 -126.491821
v 236.862762 -42.216938 -126.621086
v 236.772110 -42.216938 -127.008705
v 236.673157 -48.707836 -126.902138
v 236.673157 -48.707836 -126.491821
v 240.260178 -48.707836 -135.838882
v 239.997513 -42.216938 -135.766479
v 240.919357 -42.216938 -135.749207
v 241.108994 -48.707836 -135.804321
v 240.300156 -35.801010 -135.327194
v 240.159943 -35.801010 -135.368912
v 240.159943 -35.801010 -135.081039
v 240.300156 -35.801010 -135.081696
v 240.591461 -35.491779 -126.621620
v 239.734833 -35.491779 -126.621620
v 239.734833 -35.726036 -126.559509
v 240.729706 -35.726036 -126.559509
v 240.743729 -35.491779 -135.482635
v 240.743729 -35.491779 -135.126205
v 240.881729 -35.726036 -135.126846
v 240.881729 -35.726036 -135.543472
v 237.190353 -35.491779 -126.710495
v 237.190353 -35.491779 -127.115265
v 237.052368 -35.726036 -127.115265
v 237.052368 -35.726036 -126.649658
v 237.342621 -35.491779 -135.571518
v 238.199615 -35.491779 -135.571518
v 238.199615 -35.726036 -135.633636
v 237.204376 -35.726036 -135.633636
v 237.152328 -42.216938 -126.474159
v 237.936935 -42.216938 -126.474159
v 238.932648 -35.817711 -126.559509
v 237.204376 -35.726036 -126.559509
v 240.743729 -35.491779 -127.115265
v 240.442780 -35.388386 -127.115265
v 240.442780 -35.388386 -126.834175
v 240.743729 -35.491779 -126.710495
v 239.734833 -35.491779 -135.571518
v 239.734833 -35.388386 -135.436050
v 240.290588 -35.388386 -135.436050
v 240.591461 -35.491779 -135.571518
v 237.190369 -35.526230 -135.105331
v 237.491318 -35.422840 -135.106720
v 237.491318 -35.388386 -135.358963
v 237.190369 -35.491779 -135.482635
v 238.932648 -35.583454 -126.621620
v 238.932648 -35.480061 -126.757088
v 237.643494 -35.388386 -126.757088
v 237.342621 -35.491779 -126.621620
v 240.300156 -35.801010 -127.156525
v 240.300156 -35.801010 -126.867699
v 239.646835 -35.801010 -135.368912
v 237.650909 -35.835464 -135.064987
v 237.650909 -35.801010 -135.327194
v 238.981033 -35.892685 -126.825981
v 237.791122 -35.801010 -126.825981
v 241.071320 -42.216938 -135.652618
v 241.260925 -48.707836 -135.701309
v 240.881729 -35.726036 -126.649658
v 237.125549 -48.707832 -126.351120
v 237.052368 -35.726036 -135.543472
v 240.729706 -35.726036 -135.633636
v 240.919357 -42.216938 -126.474159
v 237.014740 -42.216938 -135.749207
v 236.862762 -42.216938 -135.652618
v 240.290588 -35.388386 -126.757088
v 240.442780 -35.388386 -135.358963
v 237.643494 -35.388386 -135.436050
v 237.491318 -35.388386 -126.834175
v 240.159943 -35.801010 -126.825981
v 237.791122 -35.801010 -135.368912
v 237.650909 -35.801010 -126.867699
v 236.825089 -48.707832 -135.804321
v 237.936935 -42.216938 -135.749207
v 237.674271 -48.707832 -135.804321
v 237.790466 -35.835464 -135.065643
v 238.304565 -35.835464 -135.068008
v 238.304565 -35.801010 -135.368912
v 239.734833 -35.726036 -135.633636
v 240.260178 -48.707836 -126.357513
v 239.997498 -42.216938 -126.474159
v 237.674271 -48.707832 -126.388817
v 238.199615 -35.388386 -135.436050
v 239.734833 -35.388386 -126.757088
v 239.646835 -35.801010 -126.825981
v 239.646835 -35.801010 -135.078674
v 241.108994 -48.707836 -126.388817
v 241.260925 -48.707836 -135.346756
v 241.071320 -42.216938 -135.236801
v 237.052368 -35.760490 -135.104691
v 236.908157 -42.216938 -134.943634
v 240.159943 -35.801010 -127.156525
v 240.881729 -35.726036 -127.115265
v 240.442780 -35.388386 -135.124817
v 237.491318 -35.388386 -127.115265
v 237.650909 -35.801010 -127.156525
v 238.981033 -35.892685 -127.156525
v 237.790939 -35.810661 -127.156525
v 239.646835 -35.801010 -127.156525
v 236.673157 -48.707836 -135.639786
v 236.763947 -48.707836 -134.782562
v 241.384857 -48.707836 -142.125977
v 240.976822 -42.216938 -142.105209
v 241.071320 -42.216938 -141.659744
v 241.260925 -48.707836 -141.580826
v 236.862762 -42.216938 -141.710098
v 236.772110 -42.216938 -142.097702
v 236.673157 -48.707836 -141.991150
v 236.673157 -48.707836 -141.580826
v 240.260178 -48.707836 -150.927887
v 239.997513 -42.216938 -150.855484
v 240.919357 -42.216938 -150.838211
v 241.108994 -48.707836 -150.893326
v 240.300156 -35.801010 -150.416199
v 240.159943 -35.801010 -150.457916
v 240.159943 -35.801010 -150.170044
v 240.300156 -35.801010 -150.170700
v 240.591461 -35.491779 -141.710632
v 239.734833 -35.491779 -141.710632
v 239.734833 -35.726036 -141.648514
v 240.729706 -35.726036 -141.648514
v 240.743729 -35.491779 -150.571640
v 240.743729 -35.491779 -150.215210
v 240.881729 -35.726036 -150.215851
v 240.881729 -35.726036 -150.632477
v 237.190353 -35.491779 -141.799500
v 237.190353 -35.491779 -142.204269
v 237.052368 -35.726036 -142.204269
v 237.052368 -35.726036 -141.738663
v 237.342621 -35.491779 -150.660522
v 238.199615 -35.491779 -150.660522
v 238.199615 -35.726036 -150.722626
v 237.204376 -35.726036 -150.722626
v 237.152328 -42.216938 -141.563171
v 237.936935 -42.216938 -141.563171
v 238.932648 -35.817711 -141.648514
v 237.204376 -35.726036 -141.648514
v 240.743729 -35.491779 -142.204269
v 240.442780 -35.388386 -142.204269
v 240.442780 -35.388386 -141.923187
v 240.743729 -35.491779 -141.799500
v 239.734833 -35.491779 -150.660522
v 239.734833 -35.388386 -150.525055
v 240.290588 -35.388386 -150.525055
v 240.591461 -35.491779 -150.660522
v 237.190369 -35.526230 -150.194336
v 237.491318 -35.422840 -150.195724
v 237.491318 -35.388386 -150.447968
v 237.190369 -35.491779 -150.571640
v 238.932648 -35.583454 -141.710632
v 238.932648 -35.480061 -141.846085
v 237.643494 -35.388386 -141.846085
v 237.342621 -35.491779 -141.710632
v 240.300156 -35.801010 -142.245529
v 240.300156 -35.801010 -141.956711
v 239.646835 -35.801010 -150.457916
v 237.650909 -35.835464 -150.153992
v 237.650909 -35.801010 -150.416199
v 238.981033 -35.892685 -141.914978
v 237.791122 -35.801010 -141.914978
v 241.071320 -42.216938 -150.741623
v 241.260925 -48.707836 -150.790314
v 240.881729 -35.726036 -141.738663
v 237.125549 -48.707832 -141.440125
v 237.052368 -35.726036 -150.632477
v 240.729706 -35.726036 -150.722626
v 240.919357 -42.216938 -141.563171
v 237.014740 -42.216938 -150.838211
v 236.862762 -42.216938 -150.741623
v 240.290588 -35.388386 -141.846085
v 240.442780 -35.388386 -150.447968
v 237.643494 -35.388386 -150.525055
v 237.491318 -35.388386 -141.923187
v 240.159943 -35.801010 -141.914978
v 237.791122 -35.801010 -150.457916
v 237.650909 -35.801010 -141.956711
v 236.825089 -48.707832 -150.893326
v 237.936935 -42.216938 -150.838211
v 237.674271 -48.707832 -150.893326
v 237.790466 -35.835464 -150.154648
v 238.304565 -35.835464 -150.157013
v 238.304565 -35.801010 -150.457916
v 239.734833 -35.726036 -150.722626
v 240.260178 -48.707836 -141.446518
v 239.997498 -42.216938 -141.563171
v 237.674271 -48.707832 -141.477814
v 238.199615 -35.388386 -150.525055
v 239.734833 -35.388386 -141.846085
v 239.646835 -35.801010 -141.914978
v 239.646835 -35.801010 -150.167679
v 241.108994 -48.707836 -141.477814
v 241.260925 -48.707836 -150.435760
v 241.071320 -42.216938 -150.325806
v 237.052368 -35.760490 -150.193695
v 236.908157 -42.216938 -150.032639
v 240.159943 -35.801010 -142.245529
v 240.881729 -35.726036 -142.204269
v 240.442780 -35.388386 -150.213821
v 237.491318 -35.388386 -142.204269
v 237.650909 -35.801010 -142.245529
v 238.981033 -35.892685 -142.245529
v 237.790939 -35.810661 -142.245529
v 239.646835 -35.801010 -142.245529
v 236.673157 -48.707836 -150.728790
v 236.763947 -48.707836 -149.871567
v 241.386856 -48.711830 -66.159775
v 240.978821 -42.220932 -66.139000
v 241.073318 -42.220932 -65.693535
v 241.262924 -48.711830 -65.614616
v 236.864761 -42.220932 -65.743881
v 236.774109 -42.220932 -66.131500
v 236.675156 -48.711830 -66.024933
v 236.675156 -48.711830 -65.614616
v 240.262177 -48.711830 -74.961678
v 239.999512 -42.220932 -74.889282
v 240.921356 -42.220932 -74.871994
v 241.110992 -48.711830 -74.927109
v 240.302155 -35.805004 -74.449982
v 240.161942 -35.805004 -74.491699
v 240.161942 -35.805004 -74.203842
v 240.302155 -35.805004 -74.204483
v 240.593460 -35.495773 -65.744415
v 239.736832 -35.495773 -65.744415
v 239.736832 -35.730030 -65.682304
v 240.731705 -35.730030 -65.682304
v 240.745728 -35.495773 -74.605438
v 240.745728 -35.495773 -74.249001
v 240.883728 -35.730030 -74.249641
v 240.883728 -35.730030 -74.666275
v 237.192352 -35.495773 -65.833290
v 237.192352 -35.495773 -66.238060
v 237.054367 -35.730030 -66.238060
v 237.054367 -35.730030 -65.772453
v 237.344620 -35.495773 -74.694305
v 238.201614 -35.495773 -74.694305
v 238.201614 -35.730030 -74.756424
v 237.206375 -35.730030 -74.756424
v 237.154327 -42.220932 -65.596954
v 237.938934 -42.220932 -65.596954
v 238.934647 -35.821705 -65.682304
v 237.206375 -35.730030 -65.682304
v 240.745728 -35.495773 -66.238060
v 240.444778 -35.392380 -66.238060
v 240.444778 -35.392380 -65.956970
v 240.745728 -35.495773 -65.833290
v 239.736832 -35.495773 -74.694305
v 239.736832 -35.392380 -74.558846
v 240.292587 -35.392380 -74.558846
v 240.593460 -35.495773 -74.694305
v 237.192368 -35.530228 -74.228127
v 237.493317 -35.426834 -74.229515
v 237.493317 -35.392380 -74.481750
v 237.192368 -35.495773 -74.605438
v 238.934647 -35.587448 -65.744415
v 238.934647 -35.484055 -65.879883
v 237.645493 -35.392380 -65.879883
v 237.344620 -35.495773 -65.744415
v 240.302155 -35.805004 -66.279320
v 240.302155 -35.805004 -65.990494
v 239.648834 -35.805004 -74.491699
v 237.652908 -35.839458 -74.187790
v 237.652908 -35.805004 -74.449982
v 238.983032 -35.896679 -65.948776
v 237.793121 -35.805004 -65.948776
v 241.073318 -42.220932 -74.775421
v 241.262924 -48.711830 -74.824104
v 240.883728 -35.730030 -65.772453
v 237.127548 -48.711826 -65.473915
v 237.054367 -35.730030 -74.666275
v 240.731705 -35.730030 -74.756424
v 240.921356 -42.220932 -65.596954
v 237.016724 -42.220932 -74.871994
v 236.864761 -42.220932 -74.775421
v 240.292587 -35.392380 -65.879883
v 240.444778 -35.392380 -74.481750
v 237.645493 -35.392380 -74.558846
v 237.493317 -35.392380 -65.956970
v 240.161942 -35.805004 -65.948776
v 237.793121 -35.805004 -74.491699
v 237.652908 -35.805004 -65.990494
v 236.827087 -48.711830 -74.927109
v 237.938934 -42.220932 -74.871994
v 237.676270 -48.711830 -74.927109
v 237.792465 -35.839458 -74.188431
v 238.306564 -35.839458 -74.190811
v 238.306564 -35.805004 -74.491699
v 239.736832 -35.730030 -74.756424
v 240.262177 -48.711830 -65.480309
v 239.999512 -42.220932 -65.596954
v 237.676270 -48.711826 -65.511612
v 238.201614 -35.392380 -74.558846
v 239.736832 -35.392380 -65.879883
v 239.648834 -35.805004 -65.948776
v 239.648834 -35.805004 -74.201469
v 241.110992 -48.711830 -65.511612
v 241.262924 -48.711830 -74.469559
v 241.073318 -42.220932 -74.359596
v 237.054367 -35.764481 -74.227486
v 236.910156 -42.220932 -74.066422
v 240.161942 -35.805004 -66.279320
v 240.883728 -35.730030 -66.238060
v 240.444778 -35.392380 -74.247612
v 237.493317 -35.392380 -66.238060
v 237.652908 -35.805004 -66.279320
v 238.983032 -35.896679 -66.279320
v 237.792938 -35.814655 -66.279320
v 239.648834 -35.805004 -66.279320
v 236.675156 -48.711830 -74.762573
v 236.765945 -48.711830 -73.905357
v 234.336853 -37.913868 -58.021271
v 233.928818 -30.190681 -58.000496
v 234.023315 -30.190681 -57.555038
v 234.212921 -37.913868 -57.476120
v 229.814758 -30.190681 -57.605385
v 229.724106 -30.190681 -57.992996
v 229.625153 -37.913868 -57.886436
v 229.625153 -37.913868 -57.476120
v 233.212173 -37.913872 -66.823181
v 232.949509 -30.190681 -66.750778
v 233.871353 -30.190681 -66.733498
v 234.060989 -37.913872 -66.788612
v 233.252151 -22.556698 -66.311485
v 233.111938 -22.556698 -66.353203
v 233.111938 -22.556698 -66.065338
v 233.252151 -22.556698 -66.065987
v 233.543457 -22.188755 -57.605919
v 232.686829 -22.188755 -57.605919
v 232.686829 -22.467487 -57.543800
v 233.681702 -22.467487 -57.543800
v 233.695724 -22.188759 -66.466934
v 233.695724 -22.188759 -66.110504
v 233.833725 -22.467487 -66.111137
v 233.833725 -22.467487 -66.527771
v 230.142349 -22.188755 -57.694794
v 230.142349 -22.188755 -58.099564
v 230.004364 -22.467487 -58.099564
v 230.004364 -22.467487 -57.633957
v 230.294617 -22.188759 -66.555809
v 231.151611 -22.188759 -66.555809
v 231.151611 -22.467487 -66.617920
v 230.156372 -22.467487 -66.617920
v 230.104324 -30.190681 -57.458458
v 230.888931 -30.190681 -57.458458
v 231.884644 -22.576565 -57.543800
v 230.156372 -22.467487 -57.543800
v 233.695724 -22.188755 -58.099564
v 233.394775 -22.065735 -58.099564
v 233.394775 -22.065735 -57.818474
v 233.695724 -22.188755 -57.694786
v 232.686829 -22.188755 -66.555809
v 232.686829 -22.065735 -66.420341
v 233.242584 -22.065735 -66.420341
v 233.543457 -22.188759 -66.555809
v 230.142365 -22.229752 -66.089630
v 230.443314 -22.106731 -66.091019
v 230.443314 -22.065735 -66.343254
v 230.142365 -22.188759 -66.466934
v 231.884644 -22.297836 -57.605919
v 231.884644 -22.174816 -57.741386
v 230.595490 -22.065735 -57.741386
v 230.294617 -22.188755 -57.605919
v 233.252151 -22.556698 -58.140823
v 233.252151 -22.556698 -57.851997
v 232.598831 -22.556698 -66.353203
v 230.602905 -22.597691 -66.049286
v 230.602905 -22.556698 -66.311485
v 231.933029 -22.665775 -57.810280
v 230.743118 -22.556698 -57.810280
v 234.023315 -30.190681 -66.636917
v 234.212921 -37.913872 -66.685608
v 233.833725 -22.467487 -57.633957
v 230.077545 -37.913868 -57.335419
v 230.004364 -22.467487 -66.527771
v 233.681702 -22.467487 -66.617920
v 233.871353 -30.190681 -57.458458
v 229.966736 -30.190678 -66.733498
v 229.814758 -30.190678 -66.636917
v 233.242584 -22.065735 -57.741386
v 233.394775 -22.065735 -66.343254
v 230.595490 -22.065735 -66.420341
v 230.443314 -22.065735 -57.818474
v 233.111938 -22.556698 -57.810280
v 230.743118 -22.556698 -66.353203
v 230.602905 -22.556698 -57.851997
v 229.777084 -37.913868 -66.788612
v 230.888931 -30.190681 -66.733498
v 230.626266 -37.913868 -66.788612
v 230.742462 -22.597691 -66.049934
v 231.256561 -22.597691 -66.052307
v 231.256561 -22.556698 -66.353203
v 232.686829 -22.467487 -66.617920
v 233.212173 -37.913868 -57.341805
v 232.949493 -30.190681 -57.458458
v 230.626266 -37.913868 -57.373108
v 231.151611 -22.065735 -66.420341
v 232.686829 -22.065735 -57.741386
v 232.598831 -22.556698 -57.810280
v 232.598831 -22.556698 -66.062965
v 234.060989 -37.913868 -57.373108
v 234.212921 -37.913872 -66.331055
v 234.023315 -30.190681 -66.221100
v 230.004364 -22.508480 -66.088989
v 229.860153 -30.190678 -65.927925
v 233.111938 -22.556698 -58.140823
v 233.833725 -22.467487 -58.099564
v 233.394775 -22.065735 -66.109108
v 230.443314 -22.065735 -58.099564
v 230.602905 -22.556698 -58.140823
v 231.933029 -22.665775 -58.140823
v 230.742935 -22.568176 -58.140823
v 232.598831 -22.556698 -58.140823
v 229.625153 -37.913872 -66.624077
v 229.715942 -37.913872 -65.766861
v 241.386856 -48.711727 -51.017670
v 240.978821 -42.220829 -50.996895
v 241.073318 -42.220829 -50.551437
v 241.262924 -48.711727 -50.472519
v 236.864761 -42.220829 -50.601784
v 236.774109 -42.220829 -50.989395
v 236.675156 -48.711727 -50.882835
v 236.675156 -48.711727 -50.472519
v 240.262177 -48.711727 -59.819580
v 239.999512 -42.220829 -59.747177
v 240.921356 -42.220829 -59.729897
v 241.110992 -48.711727 -59.785011
v 240.302155 -35.804901 -59.307884
v 240.161942 -35.804901 -59.349602
v 240.161942 -35.804901 -59.061737
v 240.302155 -35.804901 -59.062386
v 240.593460 -35.495670 -50.602318
v 239.736832 -35.495670 -50.602318
v 239.736832 -35.729927 -50.540199
v 240.731705 -35.729927 -50.540199
v 240.745728 -35.495670 -59.463333
v 240.745728 -35.495670 -59.106903
v 240.883728 -35.729927 -59.107536
v 240.883728 -35.729927 -59.524170
v 237.192352 -35.495670 -50.691193
v 237.192352 -35.495670 -51.095963
v 237.054367 -35.729927 -51.095963
v 237.054367 -35.729927 -50.630356
v 237.344620 -35.495670 -59.552208
v 238.201614 -35.495670 -59.552208
v 238.201614 -35.729927 -59.614326
v 237.206375 -35.729927 -59.614326
v 237.154327 -42.220829 -50.454857
v 237.938934 -42.220829 -50.454857
v 238.934647 -35.821602 -50.540199
v 237.206375 -35.729927 -50.540199
v 240.745728 -35.495670 -51.095963
v 240.444778 -35.392277 -51.095963
v 240.444778 -35.392277 -50.814873
v 240.745728 -35.495670 -50.691185
v 239.736832 -35.495670 -59.552208
v 239.736832 -35.392277 -59.416740
v 240.292587 -35.392277 -59.416740
v 240.593460 -35.495670 -59.552208
v 237.192368 -35.530121 -59.086029
v 237.493317 -35.426731 -59.087418
v 237.493317 -35.392277 -59.339653
v 237.192368 -35.495670 -59.463333
v 238.934647 -35.587345 -50.602318
v 238.934647 -35.483952 -50.737785
v 237.645493 -35.392277 -50.737785
v 237.344620 -35.495670 -50.602318
v 240.302155 -35.804901 -51.137222
v 240.302155 -35.804901 -50.848396
v 239.648834 -35.804901 -59.349602
v 237.652908 -35.839355 -59.045685
v 237.652908 -35.804901 -59.307884
v 238.983032 -35.896576 -50.806679
v 237.793121 -35.804901 -50.806679
v 241.073318 -42.220829 -59.633316
v 241.262924 -48.711727 -59.682007
v 240.883728 -35.729927 -50.630356
v 237.127548 -48.711723 -50.331818
v 237.054367 -35.729927 -59.524170
v 240.731705 -35.729927 -59.614326
v 240.921356 -42.220829 -50.454857
v 237.016724 -42.220829 -59.729897
v 236.864761 -42.220829 -59.633316
v 240.292587 -35.392277 -50.737785
v 240.444778 -35.392277 -59.339653
v 237.645493 -35.392277 -59.416740
v 237.493317 -35.392277 -50.814873
v 240.161942 -35.804901 -50.806679
v 237.793121 -35.804901 -59.349602
v 237.652908 -35.804901 -50.848396
v 236.827087 -48.711723 -59.785011
v 237.938934 -42.220829 -59.729897
v 237.676270 -48.711723 -59.785011
v 237.792465 -35.839355 -59.046333
v 238.306564 -35.839355 -59.048706
v 238.306564 -35.804901 -59.349602
v 239.736832 -35.729927 -59.614326
v 240.262177 -48.711727 -50.338203
v 239.999512 -42.220829 -50.454857
v 237.676270 -48.711723 -50.369507
v 238.201614 -35.392277 -59.416740
v 239.736832 -35.392277 -50.737785
v 239.648834 -35.804901 -50.806679
v 239.648834 -35.804901 -59.059372
v 241.110992 -48.711727 -50.369507
v 241.262924 -48.711727 -59.327461
v 241.073318 -42.220829 -59.217499
v 237.054367 -35.764381 -59.085388
v 236.910156 -42.220829 -58.924324
v 240.161942 -35.804901 -51.137222
v 240.883728 -35.729927 -51.095963
v 240.444778 -35.392277 -59.105515
v 237.493317 -35.392277 -51.095963
v 237.652908 -35.804901 -51.137222
v 238.983032 -35.896576 -51.137222
v 237.792938 -35.814552 -51.137222
v 239.648834 -35.804901 -51.137222
v 236.675156 -48.711727 -59.620476
v 236.765945 -48.711727 -58.763260
v 234.336853 -37.913868 -42.812973
v 233.928818 -30.190681 -42.792198
v 234.023315 -30.190681 -42.346733
v 234.212921 -37.913868 -42.267822
v 229.814758 -30.190681 -42.397087
v 229.724106 -30.190681 -42.784698
v 229.625153 -37.913868 -42.678131
v 229.625153 -37.913868 -42.267822
v 233.212173 -37.913872 -51.614876
v 232.949509 -30.190681 -51.542480
v 233.871353 -30.190681 -51.525200
v 234.060989 -37.913872 -51.580315
v 233.252151 -22.556698 -51.103188
v 233.111938 -22.556698 -51.144905
v 233.111938 -22.556698 -50.857040
v 233.252151 -22.556698 -50.857689
v 233.543457 -22.188755 -42.397614
v 232.686829 -22.188755 -42.397614
v 232.686829 -22.467487 -42.335503
v 233.681702 -22.467487 -42.335503
v 233.695724 -22.188759 -51.258636
v 233.695724 -22.188759 -50.902199
v 233.833725 -22.467487 -50.902840
v 233.833725 -22.467487 -51.319473
v 230.142349 -22.188755 -42.486488
v 230.142349 -22.188755 -42.891258
v 230.004364 -22.467487 -42.891258
v 230.004364 -22.467487 -42.425652
v 230.294617 -22.188759 -51.347511
v 231.151611 -22.188759 -51.347511
v 231.151611 -22.467487 -51.409622
v 230.156372 -22.467487 -51.409622
v 230.104324 -30.190681 -42.250153
v 230.888931 -30.190681 -42.250153
v 231.884644 -22.576565 -42.335503
v 230.156372 -22.467487 -42.335503
v 233.695724 -22.188755 -42.891258
v 233.394775 -22.065735 -42.891258
v 233.394775 -22.065735 -42.610168
v 233.695724 -22.188755 -42.486488
v 232.686829 -22.188755 -51.347511
v 232.686829 -22.065735 -51.212044
v 233.242584 -22.065735 -51.212044
v 233.543457 -22.188759 -51.347511
v 230.142365 -22.229752 -50.881325
v 230.443314 -22.106731 -50.882713
v 230.443314 -22.065735 -51.134956
v 230.142365 -22.188759 -51.258636
v 231.884644 -22.297836 -42.397614
v 231.884644 -22.174816 -42.533081
v 230.595490 -22.065735 -42.533081
v 230.294617 -22.188755 -42.397614
v 233.252151 -22.556698 -42.932518
v 233.252151 -22.556698 -42.643692
v 232.598831 -22.556698 -51.144905
v 230.602905 -22.597691 -50.840988
v 230.602905 -22.556698 -51.103188
v 231.933029 -22.665775 -42.601974
v 230.743118 -22.556698 -42.601974
v 234.023315 -30.190681 -51.428619
v 234.212921 -37.913872 -51.477303
v 233.833725 -22.467487 -42.425652
v 230.077545 -37.913868 -42.127113
v 230.004364 -22.467487 -51.319473
v 233.681702 -22.467487 -51.409622
v 233.871353 -30.190681 -42.250153
v 229.966736 -30.190678 -51.525200
v 229.814758 -30.190678 -51.428619
v 233.242584 -22.065735 -42.533081
v 233.394775 -22.065735 -51.134956
v 230.595490 -22.065735 -51.212044
v 230.443314 -22.065735 -42.610168
v 233.111938 -22.556698 -42.601974
v 230.743118 -22.556698 -51.144905
v 230.602905 -22.556698 -42.643692
v 229.777084 -37.913868 -51.580315
v 230.888931 -30.190681 -51.525200
v 230.626266 -37.913868 -51.580315
v 230.742462 -22.597691 -50.841637
v 231.256561 -22.597691 -50.844009
v 231.256561 -22.556698 -51.144905
v 232.686829 -22.467487 -51.409622
v 233.212173 -37.913868 -42.133507
v 232.949493 -30.190681 -42.250153
v 230.626266 -37.913868 -42.164810
v 231.151611 -22.065735 -51.212044
v 232.686829 -22.065735 -42.533081
v 232.598831 -22.556698 -42.601974
v 232.598831 -22.556698 -50.854668
v 234.060989 -37.913868 -42.164810
v 234.212921 -37.913872 -51.122757
v 234.023315 -30.190681 -51.012802
v 230.004364 -22.508480 -50.880692
v 229.860153 -30.190678 -50.719627
v 233.111938 -22.556698 -42.932518
v 233.833725 -22.467487 -42.891258
v 233.394775 -22.065735 -50.900810
v 230.443314 -22.065735 -42.891258
v 230.602905 -22.556698 -42.932518
v 231.933029 -22.665775 -42.932518
v 230.742935 -22.568176 -42.932518
v 232.598831 -22.556698 -42.932518
v 229.625153 -37.913872 -51.415779
v 229.715942 -37.913872 -50.558556
v 241.386856 -48.712429 -35.894470
v 240.978821 -42.221531 -35.873695
v 241.073318 -42.221531 -35.428238
v 241.262924 -48.712429 -35.349319
v 236.864761 -42.221531 -35.478584
v 236.774109 -42.221531 -35.866196
v 236.675156 -48.712429 -35.759636
v 236.675156 -48.712429 -35.349319
v 240.262177 -48.712429 -44.696381
v 239.999512 -42.221531 -44.623978
v 240.921356 -42.221531 -44.606697
v 241.110992 -48.712429 -44.661812
v 240.302155 -35.805603 -44.184685
v 240.161942 -35.805603 -44.226402
v 240.161942 -35.805603 -43.938538
v 240.302155 -35.805603 -43.939186
v 240.593460 -35.496372 -35.479118
v 239.736832 -35.496372 -35.479118
v 239.736832 -35.730629 -35.417000
v 240.731705 -35.730629 -35.417000
v 240.745728 -35.496372 -44.340134
v 240.745728 -35.496372 -43.983704
v 240.883728 -35.730629 -43.984337
v 240.883728 -35.730629 -44.400970
v 237.192352 -35.496372 -35.567993
v 237.192352 -35.496372 -35.972763
v 237.054367 -35.730629 -35.972763
v 237.054367 -35.730629 -35.507156
v 237.344620 -35.496372 -44.429008
v 238.201614 -35.496372 -44.429008
v 238.201614 -35.730629 -44.491127
v 237.206375 -35.730629 -44.491127
v 237.154327 -42.221531 -35.331657
v 237.938934 -42.221531 -35.331657
v 238.934647 -35.822304 -35.417000
v 237.206375 -35.730629 -35.417000
v 240.745728 -35.496372 -35.972763
v 240.444778 -35.392979 -35.972763
v 240.444778 -35.392979 -35.691673
v 240.745728 -35.496372 -35.567986
v 239.736832 -35.496372 -44.429008
v 239.736832 -35.392979 -44.293541
v 240.292587 -35.392979 -44.293541
v 240.593460 -35.496372 -44.429008
v 237.192368 -35.530823 -43.962830
v 237.493317 -35.427433 -43.964218
v 237.493317 -35.392979 -44.216454
v 237.192368 -35.496372 -44.340134
v 238.934647 -35.588047 -35.479118
v 238.934647 -35.484653 -35.614586
v 237.645493 -35.392979 -35.614586
v 237.344620 -35.496372 -35.479118
v 240.302155 -35.805603 -36.014023
v 240.302155 -35.805603 -35.725197
v 239.648834 -35.805603 -44.226402
v 237.652908 -35.840057 -43.922485
v 237.652908 -35.805603 -44.184685
v 238.983032 -35.897278 -35.683479
v 237.793121 -35.805603 -35.683479
v 241.073318 -42.221531 -44.510117
v 241.262924 -48.712429 -44.558807
v 240.883728 -35.730629 -35.507156
v 237.127548 -48.712425 -35.208618
v 237.054367 -35.730629 -44.400970
v 240.731705 -35.730629 -44.491127
v 240.921356 -42.221531 -35.331657
v 237.016724 -42.221531 -44.606697
v 236.864761 -42.221531 -44.510117
v 240.292587 -35.392979 -35.614586
v 240.444778 -35.392979 -44.216454
v 237.645493 -35.392979 -44.293541
v 237.493317 -35.392979 -35.691673
v 240.161942 -35.805603 -35.683479
v 237.793121 -35.805603 -44.226402
v 237.652908 -35.805603 -35.725197
v 236.827087 -48.712425 -44.661812
v 237.938934 -42.221531 -44.606697
v 237.676270 -48.712425 -44.661812
v 237.792465 -35.840057 -43.923134
v 238.306564 -35.840057 -43.925507
v 238.306564 -35.805603 -44.226402
v 239.736832 -35.730629 -44.491127
v 240.262177 -48.712429 -35.215004
v 239.999512 -42.221531 -35.331657
v 237.676270 -48.712425 -35.246307
v 238.201614 -35.392979 -44.293541
v 239.736832 -35.392979 -35.614586
v 239.648834 -35.805603 -35.683479
v 239.648834 -35.805603 -43.936172
v 241.110992 -48.712429 -35.246307
v 241.262924 -48.712429 -44.204262
v 241.073318 -42.221531 -44.094299
v 237.054367 -35.765083 -43.962189
v 236.910156 -42.221531 -43.801125
v 240.161942 -35.805603 -36.014023
v 240.883728 -35.730629 -35.972763
v 240.444778 -35.392979 -43.982315
v 237.493317 -35.392979 -35.972763
v 237.652908 -35.805603 -36.014023
v 238.983032 -35.897278 -36.014023
v 237.792938 -35.815254 -36.014023
v 239.648834 -35.805603 -36.014023
v 236.675156 -48.712429 -44.497276
v 236.765945 -48.712429 -43.640060
vn 0.9946 0.0403 0.0957
vn 0.9943 0.0329 -0.1018
vn 0.9194 0.0359 0.3917
vn 0.8262 0.0260 0.5628
vn -0.7876 0.0193 0.6159
vn -0.9943 0.0232 0.1045
vn -0.9998 0.0185 -0.0020
vn -0.8052 0.0297 0.5923
vn 0.0134 0.0086 -0.9999
vn 0.0052 0.0128 -0.9999
vn 0.2872 0.0085 -0.9578
vn -0.0885 0.0012 -0.9961
vn -0.5572 0.6895 0.4626
vn -0.0951 0.7297 0.6771
vn -0.0000 1.0000 -0.0000
vn -0.6004 0.7997 -0.0000
vn 0.2489 0.4101 0.8774
vn -0.0383 0.4678 0.8830
vn -0.0084 0.1194 0.9928
vn 0.1069 0.4686 0.8769
vn 0.6871 0.6144 -0.3878
vn 0.6831 0.7303 -0.0000
vn 0.9712 0.2383 0.0015
vn 0.8455 0.2423 -0.4759
vn -0.6872 0.6143 0.3878
vn -0.8477 0.5305 -0.0020
vn -0.9699 0.2436 -0.0028
vn -0.8435 0.2429 0.4790
vn -0.2489 0.4101 -0.8774
vn -0.0000 0.2813 -0.9596
vn -0.0004 0.1173 -0.9931
vn -0.1069 0.4660 -0.8783
vn -0.2374 0.0122 0.9713
vn 0.0001 0.0131 0.9999
vn -0.0035 0.1083 0.9941
vn -0.1902 0.2380 0.9525
vn 0.6813 0.7320 -0.0000
vn -0.4350 0.9004 -0.0000
vn -0.1896 0.9792 -0.0725
vn 0.4981 0.7546 0.4273
vn -0.0000 0.5180 -0.8554
vn -0.0000 0.9398 0.3418
vn -0.1644 0.9655 0.2018
vn 0.2752 0.7100 -0.6482
vn -0.6913 0.7210 0.0490
vn 0.4353 0.8973 0.0734
vn 0.1531 0.9792 0.1332
vn -0.5168 0.7661 -0.3822
vn 0.0475 0.4863 0.8725
vn -0.0233 0.9320 -0.3616
vn 0.2150 0.9644 -0.1538
vn -0.2507 0.7038 0.6646
vn -0.5582 0.7020 -0.4422
vn -0.0000 0.7535 0.6575
vn 0.5734 0.8171 0.0605
vn 0.5558 0.6675 0.4954
vn -0.0299 0.7745 -0.6319
vn 0.1276 0.7101 -0.6924
vn 0.8756 0.0268 -0.4822
vn 0.8841 0.0246 -0.4667
vn 0.8474 0.2376 0.4748
vn -0.1325 0.0161 0.9911
vn -0.8490 0.2483 -0.4663
vn 0.2171 0.5119 -0.8312
vn 0.2726 0.0175 0.9620
vn -0.2721 0.0146 -0.9622
vn -0.8903 0.0260 -0.4547
vn -0.1588 0.9634 -0.2161
vn -0.1792 0.9816 0.0667
vn 0.1616 0.9637 0.2127
vn 0.1708 0.9835 -0.0599
vn -0.0827 0.7363 -0.6716
vn 0.0871 0.6929 0.7158
vn 0.5529 0.6893 -0.4681
vn -0.3977 0.0129 -0.9174
vn -0.0042 0.0112 -0.9999
vn -0.0061 0.0079 -1.0000
vn 0.0053 0.9974 0.0717
vn -0.0162 0.9974 0.0700
vn -0.0080 0.7104 0.7037
vn 0.0004 0.1175 -0.9931
vn 0.0139 0.0143 0.9998
vn 0.0006 0.0122 0.9999
vn 0.0291 0.0101 0.9995
vn -0.0000 0.9398 0.3417
vn -0.0618 0.9424 -0.3286
vn -0.0614 0.7378 -0.6722
vn -0.0086 1.0000 0.0048
vn 0.3061 0.0198 0.9518
vn 0.9995 0.0312 -0.0006
vn 0.9997 0.0245 0.0057
vn -0.9729 0.2311 0.0118
vn -0.9994 0.0225 0.0263
vn 0.9723 0.2338 -0.0000
vn 0.4202 0.9074 -0.0023
vn 0.6207 0.7840 -0.0021
vn -0.0444 0.9990 0.0052
vn 0.0784 0.9969 -0.0119
vn -0.0776 0.9970 0.0050
vn -0.9494 0.0208 -0.3134
vn -0.9988 0.0181 0.0448
vn 0.9194 0.0359 0.3918
vn 0.2873 0.0085 -0.9578
vn -0.2490 0.4101 -0.8774
vn -0.0035 0.1084 0.9941
vn -0.1896 0.9792 -0.0726
vn 0.4980 0.7546 0.4273
vn -0.1644 0.9655 0.2019
vn -0.5168 0.7661 -0.3821
vn -0.5583 0.7020 -0.4422
vn 0.5734 0.8171 0.0604
vn -0.2722 0.0146 -0.9621
vn -0.8903 0.0260 -0.4546
vn -0.1589 0.9634 -0.2161
vn -0.1792 0.9816 0.0666
vn 0.5529 0.6894 -0.4680
vn -0.0618 0.9425 -0.3286
vn 0.9944 0.0481 0.0941
vn 0.9940 0.0394 -0.1020
vn 0.9188 0.0426 0.3925
vn 0.8262 0.0310 0.5625
vn -0.7878 0.0230 0.6155
vn -0.9942 0.0275 0.1042
vn -0.9998 0.0220 -0.0013
vn -0.8051 0.0353 0.5921
vn 0.0134 0.0102 -0.9999
vn 0.0052 0.0152 -0.9999
vn 0.2870 0.0120 -0.9579
vn -0.0880 0.0040 -0.9961
vn -0.5403 0.7057 0.4585
vn -0.0924 0.7397 0.6665
vn -0.5802 0.8145 -0.0000
vn 0.2318 0.4607 0.8567
vn -0.0355 0.5209 0.8529
vn -0.0082 0.1402 0.9901
vn 0.0871 0.4901 0.8673
vn 0.6522 0.6630 -0.3676
vn 0.6343 0.7731 -0.0000
vn 0.9613 0.2756 0.0017
vn 0.8376 0.2765 -0.4711
vn -0.6522 0.6630 0.3676
vn -0.8112 0.5848 -0.0018
vn -0.9595 0.2819 -0.0031
vn -0.8353 0.2772 0.4748
vn -0.2318 0.4608 -0.8567
vn -0.0000 0.3398 -0.9405
vn -0.0004 0.1386 -0.9903
vn -0.0873 0.4878 -0.8686
vn -0.2375 0.0149 0.9713
vn 0.0001 0.0155 0.9999
vn -0.0036 0.1293 0.9916
vn -0.1899 0.2683 0.9444
vn 0.6324 0.7746 -0.0000
vn -0.4381 0.8989 -0.0000
vn -0.2017 0.9759 -0.0832
vn 0.4569 0.7908 0.4072
vn -0.0000 0.5706 -0.8212
vn -0.0000 0.9291 0.3698
vn -0.1593 0.9605 0.2282
vn 0.2576 0.7463 -0.6137
vn -0.6410 0.7662 0.0445
vn 0.4329 0.8993 0.0618
vn 0.1690 0.9766 0.1328
vn -0.4751 0.7997 -0.3670
vn 0.0485 0.5420 0.8390
vn -0.0189 0.9222 -0.3863
vn 0.2020 0.9626 -0.1806
vn -0.2351 0.7396 0.6306
vn -0.5414 0.7199 -0.4343
vn -0.0000 0.7618 0.6478
vn 0.5537 0.8311 0.0516
vn 0.5351 0.6944 0.4811
vn -0.0254 0.7794 -0.6261
vn 0.1195 0.7250 -0.6783
vn 0.8754 0.0319 -0.4823
vn 0.8841 0.0293 -0.4664
vn 0.8401 0.2711 0.4698
vn -0.1333 0.0192 0.9909
vn -0.8408 0.2822 -0.4620
vn 0.1955 0.5392 -0.8192
vn 0.2726 0.0208 0.9619
vn -0.2721 0.0179 -0.9621
vn -0.8900 0.0310 -0.4549
vn -0.1529 0.9575 -0.2447
vn -0.1905 0.9786 0.0782
vn 0.1558 0.9580 0.2407
vn 0.1810 0.9809 -0.0706
vn -0.0787 0.7466 -0.6606
vn 0.0821 0.7107 0.6987
vn 0.5333 0.7084 -0.4624
vn -0.3982 0.0154 -0.9172
vn -0.0042 0.0133 -0.9999
vn -0.0060 0.0094 -0.9999
vn 0.0045 0.9982 0.0604
vn -0.0137 0.9982 0.0590
vn -0.0067 0.7262 0.6874
vn 0.0004 0.1388 -0.9903
vn 0.0142 0.0170 0.9998
vn 0.0008 0.0145 0.9999
vn 0.0293 0.0120 0.9995
vn -0.0516 0.9325 -0.3575
vn -0.0528 0.7502 -0.6591
vn -0.0073 1.0000 0.0040
vn 0.3064 0.0235 0.9516
vn 0.9993 0.0362 0.0001
vn 0.9996 0.0291 0.0057
vn -0.9632 0.2685 0.0119
vn -0.9993 0.0265 0.0267
vn 0.9628 0.2701 -0.0000
vn 0.4214 0.9069 -0.0019
vn 0.5937 0.8047 -0.0018
vn -0.0375 0.9993 0.0043
vn 0.0659 0.9978 -0.0100
vn -0.0654 0.9979 0.0042
vn -0.9494 0.0248 -0.3131
vn -0.9988 0.0218 0.0445
vn 0.2870 0.0120 -0.9578
vn -0.0879 0.0040 -0.9961
vn -0.5403 0.7057 0.4584
vn 0.0821 0.7106 0.6987
vn -0.6913 0.7209 0.0490
vn -0.5582 0.7020 -0.4423
vn -0.8490 0.2483 -0.4664
vn 0.0872 0.6929 0.7158
vn 0.5529 0.6894 -0.4681
vn 0.0053 0.9974 0.0716
vn -0.2017 0.9759 -0.0831
vn 0.2576 0.7464 -0.6137
vn 0.2020 0.9626 -0.1805
vn -0.2507 0.7039 0.6646
vn -0.2721 0.0146 -0.9621
vn -0.5403 0.7056 0.4585
vn 0.8376 0.2765 -0.4710
vn -0.0874 0.4878 -0.8685
vn -0.4751 0.7998 -0.3670
vn -0.8408 0.2822 -0.4619
vn 0.1956 0.5392 -0.8192
vn 0.1558 0.9580 0.2408
vn 0.9187 0.0426 0.3925
vn 0.2318 0.4608 0.8567
vn -0.2318 0.4607 -0.8567
vn -0.5415 0.7199 -0.4343
vn 0.1196 0.7249 -0.6783
vn 0.1810 0.9809 -0.0707
vn -0.0383 0.4679 0.8830
vn 0.8474 0.2376 0.4747
vn -0.7876 0.0193 0.6158
vn -0.2375 0.0122 0.9713
vn -0.1902 0.2379 0.9525
vn -0.0000 0.3399 -0.9405
vn 0.1195 0.7249 -0.6783
vt 0.922990 0.978771
vt 0.925016 0.775168
vt 0.962695 0.774739
vt 0.969609 0.978244
vt 0.959825 0.221249
vt 0.926680 0.220438
vt 0.935912 0.017318
vt 0.970670 0.017655
vt 0.050561 0.024580
vt 0.071140 0.227750
vt 0.036656 0.229667
vt 0.018773 0.026360
vt 0.221362 0.541109
vt 0.218513 0.538073
vt 0.241571 0.538797
vt 0.241220 0.542453
vt 0.960680 0.559617
vt 0.963012 0.527347
vt 0.970447 0.527713
vt 0.968383 0.567285
vt 0.205371 0.563336
vt 0.236420 0.564226
vt 0.236286 0.571658
vt 0.199744 0.570578
vt 0.952959 0.431305
vt 0.917802 0.430453
vt 0.917857 0.423044
vt 0.958507 0.424139
vt 0.197564 0.435336
vt 0.195350 0.467641
vt 0.187665 0.467212
vt 0.189850 0.427443
vt 0.022073 0.692652
vt 0.051239 0.692685
vt 0.087299 0.893195
vt 0.020325 0.897148
vt 0.917341 0.565255
vt 0.917241 0.555337
vt 0.942146 0.553955
vt 0.952466 0.564544
vt 0.195100 0.525927
vt 0.205548 0.525368
vt 0.207837 0.546558
vt 0.197187 0.558264
vt 0.238623 0.429188
vt 0.238627 0.439307
vt 0.216072 0.440750
vt 0.205772 0.430336
vt 0.964395 0.496221
vt 0.953217 0.496689
vt 0.950717 0.447912
vt 0.961168 0.436415
vt 0.913209 0.543291
vt 0.936763 0.542090
vt 0.218217 0.521196
vt 0.243038 0.451607
vt 0.221730 0.452715
vt 0.940069 0.498752
vt 0.940158 0.456709
vt 0.176815 0.976571
vt 0.181691 0.772720
vt 0.191678 0.773480
vt 0.187240 0.977029
vt 0.958008 0.571831
vt 0.991311 0.018897
vt 0.976097 0.222261
vt 0.200260 0.423191
vt 0.189346 0.565924
vt 0.972694 0.773997
vt 0.968790 0.428872
vt 0.182776 0.221427
vt 0.192699 0.220395
vt 0.950212 0.547809
vt 0.215818 0.552850
vt 0.208142 0.447019
vt 0.942619 0.441697
vt 0.939728 0.539091
vt 0.218767 0.455879
vt 0.937214 0.453721
vt 0.178717 0.017504
vt 0.148220 0.223651
vt 0.147052 0.019486
vt 0.243158 0.455276
vt 0.242902 0.472906
vt 0.218387 0.472879
vt 0.972744 0.495846
vt 0.187408 0.526348
vt 0.138172 0.489161
vt 0.128220 0.692757
vt 0.041814 0.489176
vt 0.205790 0.468159
vt 0.952829 0.526795
vt 0.940358 0.522020
vt 0.241856 0.521207
vt 0.169902 0.489293
vt 0.162621 0.692747
vt 0.217442 0.977424
vt 0.227094 0.774189
vt 0.238681 0.421489
vt 0.252985 0.219954
vt 0.913078 0.539646
vt 0.917350 0.572720
vt 0.236760 0.554380
vt 0.917669 0.440301
vt 0.913586 0.452515
vt 0.913194 0.498880
vt 0.913355 0.456087
vt 0.913176 0.522137
vt 0.090973 0.430533
vt 0.051478 0.434800
vt 0.021133 0.489031
vt 0.980031 0.977810
vt 0.193794 0.016883
vt 0.150173 0.427312
vt 0.119165 0.895492
vt 0.158738 0.897556
vt 0.266783 0.016711
s 1
f 1/1/1 2/2/2 3/3/3
f 3/3/3 4/4/4 1/1/1
f 5/5/5 6/6/6 7/7/7
f 7/7/7 8/8/8 5/5/5
f 9/9/9 10/10/10 11/11/11
f 11/11/11 12/12/12 9/9/9
f 13/13/13 14/14/14 15/15/15
f 15/15/15 16/16/16 13/13/13
f 17/17/17 18/18/18 19/19/19
f 19/19/19 20/20/20 17/17/17
f 21/21/21 22/22/22 23/23/23
f 23/23/23 24/24/24 21/21/21
f 25/25/25 26/26/26 27/27/27
f 27/27/27 28/28/28 25/25/25
f 29/29/29 30/30/30 31/31/31
f 31/31/31 32/32/32 29/29/29
f 33/33/33 34/34/34 35/35/35
f 35/35/35 36/36/36 33/33/33
f 37/37/37 38/38/38 39/39/39
f 39/39/39 40/40/40 37/37/37
f 41/41/41 42/42/42 43/43/43
f 43/43/43 44/44/44 41/41/41
f 45/45/45 46/46/46 47/47/47
f 47/47/47 48/48/48 45/45/45
f 49/49/49 50/50/50 51/51/51
f 51/51/51 52/52/52 49/49/49
f 39/39/39 38/38/38 53/53/16
f 53/53/16 54/54/53 39/39/39
f 42/42/42 55/55/54 14/14/14
f 14/14/14 43/43/43 42/42/42
f 47/47/47 46/46/46 56/56/55
f 56/56/55 57/57/56 47/47/47
f 50/50/50 58/58/57 59/59/58
f 59/59/58 51/51/51 50/50/50
f 12/60/12 11/61/11 60/62/59
f 60/62/59 61/63/60 12/60/12
f 40/40/40 17/17/17 20/20/20
f 20/20/20 62/64/61 40/40/40
f 63/65/62 33/66/33 5/5/5
f 5/5/5 8/8/8 63/65/62
f 48/48/48 29/29/29 32/32/32
f 32/32/32 64/67/63 48/48/48
f 24/24/24 65/68/64 44/44/44
f 44/44/44 21/21/21 24/24/24
f 20/20/20 66/69/65 3/3/3
f 3/3/3 62/64/61 20/20/20
f 28/28/28 36/70/36 52/52/52
f 52/52/52 25/25/25 28/28/28
f 32/32/32 67/71/66 68/72/67
f 68/72/67 64/67/63 32/32/32
f 17/17/17 40/40/40 39/39/39
f 39/39/39 69/73/68 17/17/17
f 21/21/21 44/44/44 43/43/43
f 43/43/43 70/74/69 21/21/21
f 29/29/29 48/48/48 47/47/47
f 47/47/47 71/75/70 29/29/29
f 25/25/25 52/52/52 51/51/51
f 51/51/51 72/76/71 25/25/25
f 69/73/68 39/39/39 54/54/53
f 54/54/53 73/77/72 69/73/68
f 70/74/69 43/43/43 14/14/14
f 14/14/14 13/13/13 70/74/69
f 71/75/70 47/47/47 57/57/56
f 57/57/56 74/78/73 71/75/70
f 72/76/71 51/51/51 59/59/58
f 59/59/58 75/79/74 72/76/71
f 76/80/75 67/71/66 77/81/76
f 77/81/76 78/82/77 76/80/75
f 74/78/73 79/83/78 80/84/79
f 80/84/79 81/85/80 74/78/73
f 52/52/52 36/70/36 35/86/35
f 35/86/35 49/49/49 52/52/52
f 41/41/41 82/87/81 31/31/31
f 31/31/31 30/30/30 41/41/41
f 83/88/82 84/89/83 34/34/34
f 34/34/34 85/90/84 83/88/82
f 30/30/30 29/29/29 71/75/70
f 71/75/70 86/91/85 30/30/30
f 18/18/18 87/92/86 50/50/50
f 50/50/50 49/49/49 18/18/18
f 71/75/70 74/78/73 81/85/80
f 81/85/80 86/91/85 71/75/70
f 87/92/86 88/93/87 58/58/57
f 58/58/57 50/50/50 87/92/86
f 78/82/77 77/81/76 10/10/10
f 10/10/10 9/9/9 78/82/77
f 81/85/80 80/84/79 89/94/88
f 89/94/88 55/55/54 81/85/80
f 49/49/49 35/86/35 19/19/19
f 19/19/19 18/18/18 49/49/49
f 30/30/30 86/91/85 42/42/42
f 42/42/42 41/41/41 30/30/30
f 86/91/85 81/85/80 55/55/54
f 55/55/54 42/42/42 86/91/85
f 44/44/44 65/68/64 82/87/81
f 82/87/81 41/41/41 44/44/44
f 90/95/89 66/96/65 84/89/83
f 84/89/83 83/88/82 90/95/89
f 18/18/18 17/17/17 69/73/68
f 69/73/68 87/92/86 18/18/18
f 69/73/68 73/77/72 88/93/87
f 88/93/87 87/92/86 69/73/68
f 91/97/90 92/98/91 2/2/2
f 2/2/2 1/1/1 91/97/90
f 27/27/27 93/99/92 94/100/93
f 94/100/93 6/6/6 27/27/27
f 54/54/53 53/53/16 95/101/15
f 95/101/15 73/77/72 54/54/53
f 40/40/40 62/64/61 96/102/94
f 96/102/94 37/37/37 40/40/40
f 45/45/45 93/99/92 27/27/27
f 27/27/27 26/26/26 45/45/45
f 22/22/22 97/103/38 38/38/38
f 38/38/38 37/37/37 22/22/22
f 26/26/26 25/25/25 72/76/71
f 72/76/71 98/104/95 26/26/26
f 97/103/38 16/16/16 53/53/16
f 53/53/16 38/38/38 97/103/38
f 72/76/71 75/79/74 99/105/96
f 99/105/96 98/104/95 72/76/71
f 58/58/57 100/106/97 101/107/98
f 101/107/98 59/59/58 58/58/57
f 58/58/57 88/93/87 102/108/99
f 102/108/99 100/106/97 58/58/57
f 53/53/16 16/16/16 15/15/15
f 15/15/15 95/101/15 53/53/16
f 37/37/37 96/102/94 23/23/23
f 23/23/23 22/22/22 37/37/37
f 26/26/26 98/104/95 46/46/46
f 46/46/46 45/45/45 26/26/26
f 98/104/95 99/105/96 56/56/55
f 56/56/55 46/46/46 98/104/95
f 100/106/97 80/84/79 79/83/78
f 79/83/78 101/107/98 100/106/97
f 80/84/79 100/106/97 102/108/99
f 102/108/99 89/94/88 80/84/79
f 91/97/90 61/63/60 60/62/59
f 60/62/59 92/98/91 91/97/90
f 93/99/92 64/67/63 68/72/67
f 68/72/67 94/100/93 93/99/92
f 48/48/48 64/67/63 93/99/92
f 93/99/92 45/45/45 48/48/48
f 22/22/22 21/21/21 70/74/69
f 70/74/69 97/103/38 22/22/22
f 70/74/69 13/13/13 16/16/16
f 16/16/16 97/103/38 70/74/69
f 2/2/2 96/102/94 62/64/61
f 62/64/61 3/3/3 2/2/2
f 28/28/28 27/27/27 6/6/6
f 6/6/6 5/5/5 28/28/28
f 82/109/81 65/110/64 11/11/11
f 11/11/11 10/10/10 82/109/81
f 63/111/62 85/90/84 34/34/34
f 34/34/34 33/33/33 63/111/62
f 65/68/64 24/24/24 60/62/59
f 60/62/59 11/61/11 65/68/64
f 36/70/36 28/28/28 5/5/5
f 5/5/5 33/66/33 36/70/36
f 90/112/89 4/4/4 3/3/3
f 3/3/3 66/69/65 90/112/89
f 76/80/75 103/113/100 68/72/67
f 68/72/67 67/71/66 76/80/75
f 32/32/32 31/114/31 77/81/76
f 77/81/76 67/71/66 32/32/32
f 19/115/19 35/35/35 34/34/34
f 34/34/34 84/89/83 19/115/19
f 31/114/31 82/109/81 10/10/10
f 10/10/10 77/81/76 31/114/31
f 20/116/20 19/115/19 84/89/83
f 84/89/83 66/96/65 20/116/20
f 23/23/23 96/102/94 2/2/2
f 2/2/2 92/98/91 23/23/23
f 104/117/101 7/7/7 6/6/6
f 6/6/6 94/100/93 104/117/101
f 24/24/24 23/23/23 92/98/91
f 92/98/91 60/62/59 24/24/24
f 103/113/100 104/117/101 94/100/93
f 94/100/93 68/72/67 103/113/100
f 55/55/54 89/94/88 15/15/15
f 15/15/15 14/14/14 55/55/54
f 89/94/88 102/108/99 95/101/15
f 95/101/15 15/15/15 89/94/88
f 102/108/99 88/93/87 73/77/72
f 73/77/72 95/101/15 102/108/99
f 57/57/56 56/56/55 79/83/78
f 79/83/78 74/78/73 57/57/56
f 56/56/55 99/105/96 101/107/98
f 101/107/98 79/83/78 56/56/55
f 101/107/98 99/105/96 75/79/74
f 75/79/74 59/59/58 101/107/98
f 105/1/1 106/2/2 107/3/102
f 107/3/102 108/4/4 105/1/1
f 109/5/5 110/6/6 111/7/7
f 111/7/7 112/8/8 109/5/5
f 113/9/9 114/10/10 115/11/103
f 115/11/103 116/12/12 113/9/9
f 117/13/13 118/14/14 119/15/15
f 119/15/15 120/16/16 117/13/13
f 121/17/17 122/18/18 123/19/19
f 123/19/19 124/20/20 121/17/17
f 125/21/21 126/22/22 127/23/23
f 127/23/23 128/24/24 125/21/21
f 129/25/25 130/26/26 131/27/27
f 131/27/27 132/28/28 129/25/25
f 133/29/104 134/30/30 135/31/31
f 135/31/31 136/32/32 133/29/104
f 137/33/33 138/34/34 139/35/105
f 139/35/105 140/36/36 137/33/33
f 141/37/37 142/38/38 143/39/106
f 143/39/106 144/40/107 141/37/37
f 145/41/41 146/42/42 147/43/108
f 147/43/108 148/44/44 145/41/41
f 149/45/45 150/46/46 151/47/47
f 151/47/47 152/48/109 149/45/45
f 153/49/49 154/50/50 155/51/51
f 155/51/51 156/52/52 153/49/49
f 143/39/106 142/38/38 157/53/16
f 157/53/16 158/54/110 143/39/106
f 146/42/42 159/55/54 118/14/14
f 118/14/14 147/43/108 146/42/42
f 151/47/47 150/46/46 160/56/111
f 160/56/111 161/57/56 151/47/47
f 154/50/50 162/58/57 163/59/58
f 163/59/58 155/51/51 154/50/50
f 116/60/12 115/61/103 164/62/59
f 164/62/59 165/63/60 116/60/12
f 144/40/107 121/17/17 124/20/20
f 124/20/20 166/64/61 144/40/107
f 167/65/62 137/66/33 109/5/5
f 109/5/5 112/8/8 167/65/62
f 152/48/109 133/29/104 136/32/32
f 136/32/32 168/67/63 152/48/109
f 128/24/24 169/68/64 148/44/44
f 148/44/44 125/21/21 128/24/24
f 124/20/20 170/69/65 107/3/102
f 107/3/102 166/64/61 124/20/20
f 132/28/28 140/70/36 156/52/52
f 156/52/52 129/25/25 132/28/28
f 136/32/32 171/71/112 172/72/113
f 172/72/113 168/67/63 136/32/32
f 121/17/17 144/40/107 143/39/106
f 143/39/106 173/73/114 121/17/17
f 125/21/21 148/44/44 147/43/108
f 147/43/108 174/74/115 125/21/21
f 133/29/104 152/48/109 151/47/47
f 151/47/47 175/75/70 133/29/104
f 129/25/25 156/52/52 155/51/51
f 155/51/51 176/76/71 129/25/25
f 173/73/114 143/39/106 158/54/110
f 158/54/110 177/77/72 173/73/114
f 174/74/115 147/43/108 118/14/14
f 118/14/14 117/13/13 174/74/115
f 175/75/70 151/47/47 161/57/56
f 161/57/56 178/78/73 175/75/70
f 176/76/71 155/51/51 163/59/58
f 163/59/58 179/79/116 176/76/71
f 180/80/75 171/71/112 181/81/76
f 181/81/76 182/82/77 180/80/75
f 178/78/73 183/83/78 184/84/79
f 184/84/79 185/85/80 178/78/73
f 156/52/52 140/70/36 139/86/105
f 139/86/105 153/49/49 156/52/52
f 145/41/41 186/87/81 135/31/31
f 135/31/31 134/30/30 145/41/41
f 187/88/82 188/89/83 138/34/34
f 138/34/34 189/90/84 187/88/82
f 134/30/30 133/29/104 175/75/70
f 175/75/70 190/91/42 134/30/30
f 122/18/18 191/92/117 154/50/50
f 154/50/50 153/49/49 122/18/18
f 175/75/70 178/78/73 185/85/80
f 185/85/80 190/91/42 175/75/70
f 191/92/117 192/93/87 162/58/57
f 162/58/57 154/50/50 191/92/117
f 182/82/77 181/81/76 114/10/10
f 114/10/10 113/9/9 182/82/77
f 185/85/80 184/84/79 193/94/88
f 193/94/88 159/55/54 185/85/80
f 153/49/49 139/86/105 123/19/19
f 123/19/19 122/18/18 153/49/49
f 134/30/30 190/91/42 146/42/42
f 146/42/42 145/41/41 134/30/30
f 190/91/42 185/85/80 159/55/54
f 159/55/54 146/42/42 190/91/42
f 148/44/44 169/68/64 186/87/81
f 186/87/81 145/41/41 148/44/44
f 194/95/89 170/96/65 188/89/83
f 188/89/83 187/88/82 194/95/89
f 122/18/18 121/17/17 173/73/114
f 173/73/114 191/92/117 122/18/18
f 173/73/114 177/77/72 192/93/87
f 192/93/87 191/92/117 173/73/114
f 195/97/90 196/98/91 106/2/2
f 106/2/2 105/1/1 195/97/90
f 131/27/27 197/99/92 198/100/93
f 198/100/93 110/6/6 131/27/27
f 158/54/110 157/53/16 199/101/15
f 199/101/15 177/77/72 158/54/110
f 144/40/107 166/64/61 200/102/94
f 200/102/94 141/37/37 144/40/107
f 149/45/45 197/99/92 131/27/27
f 131/27/27 130/26/26 149/45/45
f 126/22/22 201/103/38 142/38/38
f 142/38/38 141/37/37 126/22/22
f 130/26/26 129/25/25 176/76/71
f 176/76/71 202/104/95 130/26/26
f 201/103/38 120/16/16 157/53/16
f 157/53/16 142/38/38 201/103/38
f 176/76/71 179/79/116 203/105/96
f 203/105/96 202/104/95 176/76/71
f 162/58/57 204/106/97 205/107/98
f 205/107/98 163/59/58 162/58/57
f 162/58/57 192/93/87 206/108/99
f 206/108/99 204/106/97 162/58/57
f 157/53/16 120/16/16 119/15/15
f 119/15/15 199/101/15 157/53/16
f 141/37/37 200/102/94 127/23/23
f 127/23/23 126/22/22 141/37/37
f 130/26/26 202/104/95 150/46/46
f 150/46/46 149/45/45 130/26/26
f 202/104/95 203/105/96 160/56/111
f 160/56/111 150/46/46 202/104/95
f 204/106/97 184/84/79 183/83/78
f 183/83/78 205/107/98 204/106/97
f 184/84/79 204/106/97 206/108/99
f 206/108/99 193/94/88 184/84/79
f 195/97/90 165/63/60 164/62/59
f 164/62/59 196/98/91 195/97/90
f 197/99/92 168/67/63 172/72/113
f 172/72/113 198/100/93 197/99/92
f 152/48/109 168/67/63 197/99/92
f 197/99/92 149/45/45 152/48/109
f 126/22/22 125/21/21 174/74/115
f 174/74/115 201/103/38 126/22/22
f 174/74/115 117/13/13 120/16/16
f 120/16/16 201/103/38 174/74/115
f 106/2/2 200/102/94 166/64/61
f 166/64/61 107/3/102 106/2/2
f 132/28/28 131/27/27 110/6/6
f 110/6/6 109/5/5 132/28/28
f 186/109/81 169/110/64 115/11/103
f 115/11/103 114/10/10 186/109/81
f 167/111/62 189/90/84 138/34/34
f 138/34/34 137/33/33 167/111/62
f 169/68/64 128/24/24 164/62/59
f 164/62/59 115/61/103 169/68/64
f 140/70/36 132/28/28 109/5/5
f 109/5/5 137/66/33 140/70/36
f 194/112/89 108/4/4 107/3/102
f 107/3/102 170/69/65 194/112/89
f 180/80/75 207/113/100 172/72/113
f 172/72/113 171/71/112 180/80/75
f 136/32/32 135/114/31 181/81/76
f 181/81/76 171/71/112 136/32/32
f 123/115/19 139/35/105 138/34/34
f 138/34/34 188/89/83 123/115/19
f 135/114/31 186/109/81 114/10/10
f 114/10/10 181/81/76 135/114/31
f 124/116/20 123/115/19 188/89/83
f 188/89/83 170/96/65 124/116/20
f 127/23/23 200/102/94 106/2/2
f 106/2/2 196/98/91 127/23/23
f 208/117/101 111/7/7 110/6/6
f 110/6/6 198/100/93 208/117/101
f 128/24/24 127/23/23 196/98/91
f 196/98/91 164/62/59 128/24/24
f 207/113/100 208/117/101 198/100/93
f 198/100/93 172/72/113 207/113/100
f 159/55/54 193/94/88 119/15/15
f 119/15/15 118/14/14 159/55/54
f 193/94/88 206/108/99 199/101/15
f 199/101/15 119/15/15 193/94/88
f 206/108/99 192/93/87 177/77/72
f 177/77/72 199/101/15 206/108/99
f 161/57/56 160/56/111 183/83/78
f 183/83/78 178/78/73 161/57/56
f 160/56/111 203/105/96 205/107/98
f 205/107/98 183/83/78 160/56/111
f 205/107/98 203/105/96 179/79/116
f 179/79/116 163/59/58 205/107/98
f 209/1/118 210/2/119 211/3/120
f 211/3/120 212/4/121 209/1/118
f 213/5/122 214/6/123 215/7/124
f 215/7/124 216/8/125 213/5/122
f 217/9/126 218/10/127 219/11/128
f 219/11/128 220/12/129 217/9/126
f 221/13/130 222/14/131 223/15/15
f 223/15/15 224/16/132 221/13/130
f 225/17/133 226/18/134 227/19/135
f 227/19/135 228/20/136 225/17/133
f 229/21/137 230/22/138 231/23/139
f 231/23/139 232/24/140 229/21/137
f 233/25/141 234/26/142 235/27/143
f 235/27/143 236/28/144 233/25/141
f 237/29/145 238/30/146 239/31/147
f 239/31/147 240/32/148 237/29/145
f 241/33/149 242/34/150 243/35/151
f 243/35/151 244/36/152 241/33/149
f 245/37/153 246/38/154 247/39/155
f 247/39/155 248/40/156 245/37/153
f 249/41/157 250/42/158 251/43/159
f 251/43/159 252/44/160 249/41/157
f 253/45/161 254/46/162 255/47/163
f 255/47/163 256/48/164 253/45/161
f 257/49/165 258/50/166 259/51/167
f 259/51/167 260/52/168 257/49/165
f 247/39/155 246/38/154 261/53/132
f 261/53/132 262/54/169 247/39/155
f 250/42/158 263/55/170 222/14/131
f 222/14/131 251/43/159 250/42/158
f 255/47/163 254/46/162 264/56/171
f 264/56/171 265/57/172 255/47/163
f 258/50/166 266/58/173 267/59/174
f 267/59/174 259/51/167 258/50/166
f 220/60/129 219/61/128 268/62/175
f 268/62/175 269/63/176 220/60/129
f 248/40/156 225/17/133 228/20/136
f 228/20/136 270/64/177 248/40/156
f 271/65/178 241/66/149 213/5/122
f 213/5/122 216/8/125 271/65/178
f 256/48/164 237/29/145 240/32/148
f 240/32/148 272/67/179 256/48/164
f 232/24/140 273/68/180 252/44/160
f 252/44/160 229/21/137 232/24/140
f 228/20/136 274/69/181 211/3/120
f 211/3/120 270/64/177 228/20/136
f 236/28/144 244/70/152 260/52/168
f 260/52/168 233/25/141 236/28/144
f 240/32/148 275/71/182 276/72/183
f 276/72/183 272/67/179 240/32/148
f 225/17/133 248/40/156 247/39/155
f 247/39/155 277/73/184 225/17/133
f 229/21/137 252/44/160 251/43/159
f 251/43/159 278/74/185 229/21/137
f 237/29/145 256/48/164 255/47/163
f 255/47/163 279/75/186 237/29/145
f 233/25/141 260/52/168 259/51/167
f 259/51/167 280/76/187 233/25/141
f 277/73/184 247/39/155 262/54/169
f 262/54/169 281/77/188 277/73/184
f 278/74/185 251/43/159 222/14/131
f 222/14/131 221/13/130 278/74/185
f 279/75/186 255/47/163 265/57/172
f 265/57/172 282/78/189 279/75/186
f 280/76/187 259/51/167 267/59/174
f 267/59/174 283/79/190 280/76/187
f 284/80/191 275/71/182 285/81/192
f 285/81/192 286/82/193 284/80/191
f 282/78/189 287/83/194 288/84/195
f 288/84/195 289/85/196 282/78/189
f 260/52/168 244/70/152 243/86/151
f 243/86/151 257/49/165 260/52/168
f 249/41/157 290/87/197 239/31/147
f 239/31/147 238/30/146 249/41/157
f 291/88/198 292/89/199 242/34/150
f 242/34/150 293/90/200 291/88/198
f 238/30/146 237/29/145 279/75/186
f 279/75/186 294/91/158 238/30/146
f 226/18/134 295/92/201 258/50/166
f 258/50/166 257/49/165 226/18/134
f 279/75/186 282/78/189 289/85/196
f 289/85/196 294/91/158 279/75/186
f 295/92/201 296/93/202 266/58/173
f 266/58/173 258/50/166 295/92/201
f 286/82/193 285/81/192 218/10/127
f 218/10/127 217/9/126 286/82/193
f 289/85/196 288/84/195 297/94/203
f 297/94/203 263/55/170 289/85/196
f 257/49/165 243/86/151 227/19/135
f 227/19/135 226/18/134 257/49/165
f 238/30/146 294/91/158 250/42/158
f 250/42/158 249/41/157 238/30/146
f 294/91/158 289/85/196 263/55/170
f 263/55/170 250/42/158 294/91/158
f 252/44/160 273/68/180 290/87/197
f 290/87/197 249/41/157 252/44/160
f 298/95/204 274/96/181 292/89/199
f 292/89/199 291/88/198 298/95/204
f 226/18/134 225/17/133 277/73/184
f 277/73/184 295/92/201 226/18/134
f 277/73/184 281/77/188 296/93/202
f 296/93/202 295/92/201 277/73/184
f 299/97/205 300/98/206 210/2/119
f 210/2/119 209/1/118 299/97/205
f 235/27/143 301/99/207 302/100/208
f 302/100/208 214/6/123 235/27/143
f 262/54/169 261/53/132 303/101/15
f 303/101/15 281/77/188 262/54/169
f 248/40/156 270/64/177 304/102/209
f 304/102/209 245/37/153 248/40/156
f 253/45/161 301/99/207 235/27/143
f 235/27/143 234/26/142 253/45/161
f 230/22/138 305/103/154 246/38/154
f 246/38/154 245/37/153 230/22/138
f 234/26/142 233/25/141 280/76/187
f 280/76/187 306/104/210 234/26/142
f 305/103/154 224/16/132 261/53/132
f 261/53/132 246/38/154 305/103/154
f 280/76/187 283/79/190 307/105/211
f 307/105/211 306/104/210 280/76/187
f 266/58/173 308/106/212 309/107/213
f 309/107/213 267/59/174 266/58/173
f 266/58/173 296/93/202 310/108/214
f 310/108/214 308/106/212 266/58/173
f 261/53/132 224/16/132 223/15/15
f 223/15/15 303/101/15 261/53/132
f 245/37/153 304/102/209 231/23/139
f 231/23/139 230/22/138 245/37/153
f 234/26/142 306/104/210 254/46/162
f 254/46/162 253/45/161 234/26/142
f 306/104/210 307/105/211 264/56/171
f 264/56/171 254/46/162 306/104/210
f 308/106/212 288/84/195 287/83/194
f 287/83/194 309/107/213 308/106/212
f 288/84/195 308/106/212 310/108/214
f 310/108/214 297/94/203 288/84/195
f 299/97/205 269/63/176 268/62/175
f 268/62/175 300/98/206 299/97/205
f 301/99/207 272/67/179 276/72/183
f 276/72/183 302/100/208 301/99/207
f 256/48/164 272/67/179 301/99/207
f 301/99/207 253/45/161 256/48/164
f 230/22/138 229/21/137 278/74/185
f 278/74/185 305/103/154 230/22/138
f 278/74/185 221/13/130 224/16/132
f 224/16/132 305/103/154 278/74/185
f 210/2/119 304/102/209 270/64/177
f 270/64/177 211/3/120 210/2/119
f 236/28/144 235/27/143 214/6/123
f 214/6/123 213/5/122 236/28/144
f 290/109/197 273/110/180 219/11/128
f 219/11/128 218/10/127 290/109/197
f 271/111/178 293/90/200 242/34/150
f 242/34/150 241/33/149 271/111/178
f 273/68/180 232/24/140 268/62/175
f 268/62/175 219/61/128 273/68/180
f 244/70/152 236/28/144 213/5/122
f 213/5/122 241/66/149 244/70/152
f 298/112/204 212/4/121 211/3/120
f 211/3/120 274/69/181 298/112/204
f 284/80/191 311/113/215 276/72/183
f 276/72/183 275/71/182 284/80/191
f 240/32/148 239/114/147 285/81/192
f 285/81/192 275/71/182 240/32/148
f 227/115/135 243/35/151 242/34/150
f 242/34/150 292/89/199 227/115/135
f 239/114/147 290/109/197 218/10/127
f 218/10/127 285/81/192 239/114/147
f 228/116/136 227/115/135 292/89/199
f 292/89/199 274/96/181 228/116/136
f 231/23/139 304/102/209 210/2/119
f 210/2/119 300/98/206 231/23/139
f 312/117/216 215/7/124 214/6/123
f 214/6/123 302/100/208 312/117/216
f 232/24/140 231/23/139 300/98/206
f 300/98/206 268/62/175 232/24/140
f 311/113/215 312/117/216 302/100/208
f 302/100/208 276/72/183 311/113/215
f 263/55/170 297/94/203 223/15/15
f 223/15/15 222/14/131 263/55/170
f 297/94/203 310/108/214 303/101/15
f 303/101/15 223/15/15 297/94/203
f 310/108/214 296/93/202 281/77/188
f 281/77/188 303/101/15 310/108/214
f 265/57/172 264/56/171 287/83/194
f 287/83/194 282/78/189 265/57/172
f 264/56/171 307/105/211 309/107/213
f 309/107/213 287/83/194 264/56/171
f 309/107/213 307/105/211 283/79/190
f 283/79/190 267/59/174 309/107/213
f 313/1/1 314/2/2 315/3/3
f 315/3/3 316/4/4 313/1/1
f 317/5/5 318/6/6 319/7/7
f 319/7/7 320/8/8 317/5/5
f 321/9/9 322/10/10 323/11/11
f 323/11/11 324/12/12 321/9/9
f 325/13/13 326/14/14 327/15/15
f 327/15/15 328/16/16 325/13/13
f 329/17/17 330/18/18 331/19/19
f 331/19/19 332/20/20 329/17/17
f 333/21/21 334/22/22 335/23/23
f 335/23/23 336/24/24 333/21/21
f 337/25/25 338/26/26 339/27/27
f 339/27/27 340/28/28 337/25/25
f 341/29/29 342/30/30 343/31/31
f 343/31/31 344/32/32 341/29/29
f 345/33/33 346/34/34 347/35/35
f 347/35/35 348/36/36 345/33/33
f 349/37/37 350/38/38 351/39/39
f 351/39/39 352/40/40 349/37/37
f 353/41/41 354/42/42 355/43/43
f 355/43/43 356/44/44 353/41/41
f 357/45/45 358/46/46 359/47/47
f 359/47/47 360/48/48 357/45/45
f 361/49/49 362/50/50 363/51/51
f 363/51/51 364/52/52 361/49/49
f 351/39/39 350/38/38 365/53/16
f 365/53/16 366/54/53 351/39/39
f 354/42/42 367/55/54 326/14/14
f 326/14/14 355/43/43 354/42/42
f 359/47/47 358/46/46 368/56/55
f 368/56/55 369/57/56 359/47/47
f 362/50/50 370/58/57 371/59/58
f 371/59/58 363/51/51 362/50/50
f 324/60/12 323/61/11 372/62/59
f 372/62/59 373/63/60 324/60/12
f 352/40/40 329/17/17 332/20/20
f 332/20/20 374/64/61 352/40/40
f 375/65/62 345/66/33 317/5/5
f 317/5/5 320/8/8 375/65/62
f 360/48/48 341/29/29 344/32/32
f 344/32/32 376/67/63 360/48/48
f 336/24/24 377/68/64 356/44/44
f 356/44/44 333/21/21 336/24/24
f 332/20/20 378/69/65 315/3/3
f 315/3/3 374/64/61 332/20/20
f 340/28/28 348/70/36 364/52/52
f 364/52/52 337/25/25 340/28/28
f 344/32/32 379/71/66 380/72/67
f 380/72/67 376/67/63 344/32/32
f 329/17/17 352/40/40 351/39/39
f 351/39/39 381/73/68 329/17/17
f 333/21/21 356/44/44 355/43/43
f 355/43/43 382/74/69 333/21/21
f 341/29/29 360/48/48 359/47/47
f 359/47/47 383/75/70 341/29/29
f 337/25/25 364/52/52 363/51/51
f 363/51/51 384/76/71 337/25/25
f 381/73/68 351/39/39 366/54/53
f 366/54/53 385/77/72 381/73/68
f 382/74/69 355/43/43 326/14/14
f 326/14/14 325/13/13 382/74/69
f 383/75/70 359/47/47 369/57/56
f 369/57/56 386/78/73 383/75/70
f 384/76/71 363/51/51 371/59/58
f 371/59/58 387/79/74 384/76/71
f 388/80/75 379/71/66 389/81/76
f 389/81/76 390/82/77 388/80/75
f 386/78/73 391/83/78 392/84/79
f 392/84/79 393/85/80 386/78/73
f 364/52/52 348/70/36 347/86/35
f 347/86/35 361/49/49 364/52/52
f 353/41/41 394/87/81 343/31/31
f 343/31/31 342/30/30 353/41/41
f 395/88/82 396/89/83 346/34/34
f 346/34/34 397/90/84 395/88/82
f 342/30/30 341/29/29 383/75/70
f 383/75/70 398/91/85 342/30/30
f 330/18/18 399/92/86 362/50/50
f 362/50/50 361/49/49 330/18/18
f 383/75/70 386/78/73 393/85/80
f 393/85/80 398/91/85 383/75/70
f 399/92/86 400/93/87 370/58/57
f 370/58/57 362/50/50 399/92/86
f 390/82/77 389/81/76 322/10/10
f 322/10/10 321/9/9 390/82/77
f 393/85/80 392/84/79 401/94/88
f 401/94/88 367/55/54 393/85/80
f 361/49/49 347/86/35 331/19/19
f 331/19/19 330/18/18 361/49/49
f 342/30/30 398/91/85 354/42/42
f 354/42/42 353/41/41 342/30/30
f 398/91/85 393/85/80 367/55/54
f 367/55/54 354/42/42 398/91/85
f 356/44/44 377/68/64 394/87/81
f 394/87/81 353/41/41 356/44/44
f 402/95/89 378/96/65 396/89/83
f 396/89/83 395/88/82 402/95/89
f 330/18/18 329/17/17 381/73/68
f 381/73/68 399/92/86 330/18/18
f 381/73/68 385/77/72 400/93/87
f 400/93/87 399/92/86 381/73/68
f 403/97/90 404/98/91 314/2/2
f 314/2/2 313/1/1 403/97/90
f 339/27/27 405/99/92 406/100/93
f 406/100/93 318/6/6 339/27/27
f 366/54/53 365/53/16 407/101/15
f 407/101/15 385/77/72 366/54/53
f 352/40/40 374/64/61 408/102/94
f 408/102/94 349/37/37 352/40/40
f 357/45/45 405/99/92 339/27/27
f 339/27/27 338/26/26 357/45/45
f 334/22/22 409/103/38 350/38/38
f 350/38/38 349/37/37 334/22/22
f 338/26/26 337/25/25 384/76/71
f 384/76/71 410/104/95 338/26/26
f 409/103/38 328/16/16 365/53/16
f 365/53/16 350/38/38 409/103/38
f 384/76/71 387/79/74 411/105/96
f 411/105/96 410/104/95 384/76/71
f 370/58/57 412/106/97 413/107/98
f 413/107/98 371/59/58 370/58/57
f 370/58/57 400/93/87 414/108/99
f 414/108/99 412/106/97 370/58/57
f 365/53/16 328/16/16 327/15/15
f 327/15/15 407/101/15 365/53/16
f 349/37/37 408/102/94 335/23/23
f 335/23/23 334/22/22 349/37/37
f 338/26/26 410/104/95 358/46/46
f 358/46/46 357/45/45 338/26/26
f 410/104/95 411/105/96 368/56/55
f 368/56/55 358/46/46 410/104/95
f 412/106/97 392/84/79 391/83/78
f 391/83/78 413/107/98 412/106/97
f 392/84/79 412/106/97 414/108/99
f 414/108/99 401/94/88 392/84/79
f 403/97/90 373/63/60 372/62/59
f 372/62/59 404/98/91 403/97/90
f 405/99/92 376/67/63 380/72/67
f 380/72/67 406/100/93 405/99/92
f 360/48/48 376/67/63 405/99/92
f 405/99/92 357/45/45 360/48/48
f 334/22/22 333/21/21 382/74/69
f 382/74/69 409/103/38 334/22/22
f 382/74/69 325/13/13 328/16/16
f 328/16/16 409/103/38 382/74/69
f 314/2/2 408/102/94 374/64/61
f 374/64/61 315/3/3 314/2/2
f 340/28/28 339/27/27 318/6/6
f 318/6/6 317/5/5 340/28/28
f 394/109/81 377/110/64 323/11/11
f 323/11/11 322/10/10 394/109/81
f 375/111/62 397/90/84 346/34/34
f 346/34/34 345/33/33 375/111/62
f 377/68/64 336/24/24 372/62/59
f 372/62/59 323/61/11 377/68/64
f 348/70/36 340/28/28 317/5/5
f 317/5/5 345/66/33 348/70/36
f 402/112/89 316/4/4 315/3/3
f 315/3/3 378/69/65 402/112/89
f 388/80/75 415/113/100 380/72/67
f 380/72/67 379/71/66 388/80/75
f 344/32/32 343/114/31 389/81/76
f 389/81/76 379/71/66 344/32/32
f 331/115/19 347/35/35 346/34/34
f 346/34/34 396/89/83 331/115/19
f 343/114/31 394/109/81 322/10/10
f 322/10/10 389/81/76 343/114/31
f 332/116/20 331/115/19 396/89/83
f 396/89/83 378/96/65 332/116/20
f 335/23/23 408/102/94 314/2/2
f 314/2/2 404/98/91 335/23/23
f 416/117/101 319/7/7 318/6/6
f 318/6/6 406/100/93 416/117/101
f 336/24/24 335/23/23 404/98/91
f 404/98/91 372/62/59 336/24/24
f 415/113/100 416/117/101 406/100/93
f 406/100/93 380/72/67 415/113/100
f 367/55/54 401/94/88 327/15/15
f 327/15/15 326/14/14 367/55/54
f 401/94/88 414/108/99 407/101/15
f 407/101/15 327/15/15 401/94/88
f 414/108/99 400/93/87 385/77/72
f 385/77/72 407/101/15 414/108/99
f 369/57/56 368/56/55 391/83/78
f 391/83/78 386/78/73 369/57/56
f 368/56/55 411/105/96 413/107/98
f 413/107/98 391/83/78 368/56/55
f 413/107/98 411/105/96 387/79/74
f 387/79/74 371/59/58 413/107/98
f 417/1/118 418/2/119 419/3/120
f 419/3/120 420/4/121 417/1/118
f 421/5/122 422/6/123 423/7/124
f 423/7/124 424/8/125 421/5/122
f 425/9/126 426/10/127 427/11/217
f 427/11/217 428/12/218 425/9/126
f 429/13/219 430/14/131 431/15/15
f 431/15/15 432/16/132 429/13/219
f 433/17/133 434/18/134 435/19/135
f 435/19/135 436/20/136 433/17/133
f 437/21/137 438/22/138 439/23/139
f 439/23/139 440/24/140 437/21/137
f 441/25/141 442/26/142 443/27/143
f 443/27/143 444/28/144 441/25/141
f 445/29/145 446/30/146 447/31/147
f 447/31/147 448/32/148 445/29/145
f 449/33/149 450/34/150 451/35/151
f 451/35/151 452/36/152 449/33/149
f 453/37/153 454/38/154 455/39/155
f 455/39/155 456/40/156 453/37/153
f 457/41/157 458/42/158 459/43/159
f 459/43/159 460/44/160 457/41/157
f 461/45/161 462/46/162 463/47/163
f 463/47/163 464/48/164 461/45/161
f 465/49/165 466/50/166 467/51/167
f 467/51/167 468/52/168 465/49/165
f 455/39/155 454/38/154 469/53/132
f 469/53/132 470/54/169 455/39/155
f 458/42/158 471/55/170 430/14/131
f 430/14/131 459/43/159 458/42/158
f 463/47/163 462/46/162 472/56/171
f 472/56/171 473/57/172 463/47/163
f 466/50/166 474/58/173 475/59/174
f 475/59/174 467/51/167 466/50/166
f 428/60/218 427/61/217 476/62/175
f 476/62/175 477/63/176 428/60/218
f 456/40/156 433/17/133 436/20/136
f 436/20/136 478/64/177 456/40/156
f 479/65/178 449/66/149 421/5/122
f 421/5/122 424/8/125 479/65/178
f 464/48/164 445/29/145 448/32/148
f 448/32/148 480/67/179 464/48/164
f 440/24/140 481/68/180 460/44/160
f 460/44/160 437/21/137 440/24/140
f 436/20/136 482/69/181 419/3/120
f 419/3/120 478/64/177 436/20/136
f 444/28/144 452/70/152 468/52/168
f 468/52/168 441/25/141 444/28/144
f 448/32/148 483/71/182 484/72/183
f 484/72/183 480/67/179 448/32/148
f 433/17/133 456/40/156 455/39/155
f 455/39/155 485/73/184 433/17/133
f 437/21/137 460/44/160 459/43/159
f 459/43/159 486/74/185 437/21/137
f 445/29/145 464/48/164 463/47/163
f 463/47/163 487/75/186 445/29/145
f 441/25/141 468/52/168 467/51/167
f 467/51/167 488/76/187 441/25/141
f 485/73/184 455/39/155 470/54/169
f 470/54/169 489/77/188 485/73/184
f 486/74/185 459/43/159 430/14/131
f 430/14/131 429/13/219 486/74/185
f 487/75/186 463/47/163 473/57/172
f 473/57/172 490/78/220 487/75/186
f 488/76/187 467/51/167 475/59/174
f 475/59/174 491/79/190 488/76/187
f 492/80/191 483/71/182 493/81/192
f 493/81/192 494/82/193 492/80/191
f 490/78/220 495/83/194 496/84/195
f 496/84/195 497/85/196 490/78/220
f 468/52/168 452/70/152 451/86/151
f 451/86/151 465/49/165 468/52/168
f 457/41/157 498/87/197 447/31/147
f 447/31/147 446/30/146 457/41/157
f 499/88/198 500/89/199 450/34/150
f 450/34/150 501/90/200 499/88/198
f 446/30/146 445/29/145 487/75/186
f 487/75/186 502/91/158 446/30/146
f 434/18/134 503/92/201 466/50/166
f 466/50/166 465/49/165 434/18/134
f 487/75/186 490/78/220 497/85/196
f 497/85/196 502/91/158 487/75/186
f 503/92/201 504/93/202 474/58/173
f 474/58/173 466/50/166 503/92/201
f 494/82/193 493/81/192 426/10/127
f 426/10/127 425/9/126 494/82/193
f 497/85/196 496/84/195 505/94/203
f 505/94/203 471/55/170 497/85/196
f 465/49/165 451/86/151 435/19/135
f 435/19/135 434/18/134 465/49/165
f 446/30/146 502/91/158 458/42/158
f 458/42/158 457/41/157 446/30/146
f 502/91/158 497/85/196 471/55/170
f 471/55/170 458/42/158 502/91/158
f 460/44/160 481/68/180 498/87/197
f 498/87/197 457/41/157 460/44/160
f 506/95/204 482/96/181 500/89/199
f 500/89/199 499/88/198 506/95/204
f 434/18/134 433/17/133 485/73/184
f 485/73/184 503/92/201 434/18/134
f 485/73/184 489/77/188 504/93/202
f 504/93/202 503/92/201 485/73/184
f 507/97/205 508/98/206 418/2/119
f 418/2/119 417/1/118 507/97/205
f 443/27/143 509/99/207 510/100/208
f 510/100/208 422/6/123 443/27/143
f 470/54/169 469/53/132 511/101/15
f 511/101/15 489/77/188 470/54/169
f 456/40/156 478/64/177 512/102/209
f 512/102/209 453/37/153 456/40/156
f 461/45/161 509/99/207 443/27/143
f 443/27/143 442/26/142 461/45/161
f 438/22/138 513/103/154 454/38/154
f 454/38/154 453/37/153 438/22/138
f 442/26/142 441/25/141 488/76/187
f 488/76/187 514/104/210 442/26/142
f 513/103/154 432/16/132 469/53/132
f 469/53/132 454/38/154 513/103/154
f 488/76/187 491/79/190 515/105/211
f 515/105/211 514/104/210 488/76/187
f 474/58/173 516/106/212 517/107/213
f 517/107/213 475/59/174 474/58/173
f 474/58/173 504/93/202 518/108/214
f 518/108/214 516/106/212 474/58/173
f 469/53/132 432/16/132 431/15/15
f 431/15/15 511/101/15 469/53/132
f 453/37/153 512/102/209 439/23/139
f 439/23/139 438/22/138 453/37/153
f 442/26/142 514/104/210 462/46/162
f 462/46/162 461/45/161 442/26/142
f 514/104/210 515/105/211 472/56/171
f 472/56/171 462/46/162 514/104/210
f 516/106/212 496/84/195 495/83/194
f 495/83/194 517/107/213 516/106/212
f 496/84/195 516/106/212 518/108/214
f 518/108/214 505/94/203 496/84/195
f 507/97/205 477/63/176 476/62/175
f 476/62/175 508/98/206 507/97/205
f 509/99/207 480/67/179 484/72/183
f 484/72/183 510/100/208 509/99/207
f 464/48/164 480/67/179 509/99/207
f 509/99/207 461/45/161 464/48/164
f 438/22/138 437/21/137 486/74/185
f 486/74/185 513/103/154 438/22/138
f 486/74/185 429/13/219 432/16/132
f 432/16/132 513/103/154 486/74/185
f 418/2/119 512/102/209 478/64/177
f 478/64/177 419/3/120 418/2/119
f 444/28/144 443/27/143 422/6/123
f 422/6/123 421/5/122 444/28/144
f 498/109/197 481/110/180 427/11/217
f 427/11/217 426/10/127 498/109/197
f 479/111/178 501/90/200 450/34/150
f 450/34/150 449/33/149 479/111/178
f 481/68/180 440/24/140 476/62/175
f 476/62/175 427/61/217 481/68/180
f 452/70/152 444/28/144 421/5/122
f 421/5/122 449/66/149 452/70/152
f 506/112/204 420/4/121 419/3/120
f 419/3/120 482/69/181 506/112/204
f 492/80/191 519/113/215 484/72/183
f 484/72/183 483/71/182 492/80/191
f 448/32/148 447/114/147 493/81/192
f 493/81/192 483/71/182 448/32/148
f 435/115/135 451/35/151 450/34/150
f 450/34/150 500/89/199 435/115/135
f 447/114/147 498/109/197 426/10/127
f 426/10/127 493/81/192 447/114/147
f 436/116/136 435/115/135 500/89/199
f 500/89/199 482/96/181 436/116/136
f 439/23/139 512/102/209 418/2/119
f 418/2/119 508/98/206 439/23/139
f 520/117/216 423/7/124 422/6/123
f 422/6/123 510/100/208 520/117/216
f 440/24/140 439/23/139 508/98/206
f 508/98/206 476/62/175 440/24/140
f 519/113/215 520/117/216 510/100/208
f 510/100/208 484/72/183 519/113/215
f 471/55/170 505/94/203 431/15/15
f 431/15/15 430/14/131 471/55/170
f 505/94/203 518/108/214 511/101/15
f 511/101/15 431/15/15 505/94/203
f 518/108/214 504/93/202 489/77/188
f 489/77/188 511/101/15 518/108/214
f 473/57/172 472/56/171 495/83/194
f 495/83/194 490/78/220 473/57/172
f 472/56/171 515/105/211 517/107/213
f 517/107/213 495/83/194 472/56/171
f 517/107/213 515/105/211 491/79/190
f 491/79/190 475/59/174 517/107/213
f 521/1/1 522/2/2 523/3/3
f 523/3/3 524/4/4 521/1/1
f 525/5/5 526/6/6 527/7/7
f 527/7/7 528/8/8 525/5/5
f 529/9/9 530/10/10 531/11/11
f 531/11/11 532/12/12 529/9/9
f 533/13/13 534/14/14 535/15/15
f 535/15/15 536/16/16 533/13/13
f 537/17/17 538/18/18 539/19/19
f 539/19/19 540/20/20 537/17/17
f 541/21/21 542/22/22 543/23/23
f 543/23/23 544/24/24 541/21/21
f 545/25/25 546/26/26 547/27/27
f 547/27/27 548/28/28 545/25/25
f 549/29/29 550/30/30 551/31/31
f 551/31/31 552/32/32 549/29/29
f 553/33/33 554/34/34 555/35/35
f 555/35/35 556/36/36 553/33/33
f 557/37/37 558/38/38 559/39/39
f 559/39/39 560/40/107 557/37/37
f 561/41/41 562/42/42 563/43/108
f 563/43/108 564/44/44 561/41/41
f 565/45/221 566/46/46 567/47/47
f 567/47/47 568/48/48 565/45/221
f 569/49/49 570/50/50 571/51/51
f 571/51/51 572/52/52 569/49/49
f 559/39/39 558/38/38 573/53/16
f 573/53/16 574/54/222 559/39/39
f 562/42/42 575/55/54 534/14/14
f 534/14/14 563/43/108 562/42/42
f 567/47/47 566/46/46 576/56/55
f 576/56/55 577/57/56 567/47/47
f 570/50/50 578/58/57 579/59/58
f 579/59/58 571/51/51 570/50/50
f 532/60/12 531/61/11 580/62/59
f 580/62/59 581/63/60 532/60/12
f 560/40/107 537/17/17 540/20/20
f 540/20/20 582/64/61 560/40/107
f 583/65/62 553/66/33 525/5/5
f 525/5/5 528/8/8 583/65/62
f 568/48/48 549/29/29 552/32/32
f 552/32/32 584/67/223 568/48/48
f 544/24/24 585/68/64 564/44/44
f 564/44/44 541/21/21 544/24/24
f 540/20/20 586/69/65 523/3/3
f 523/3/3 582/64/61 540/20/20
f 548/28/28 556/70/36 572/52/52
f 572/52/52 545/25/25 548/28/28
f 552/32/32 587/71/112 588/72/113
f 588/72/113 584/67/223 552/32/32
f 537/17/17 560/40/107 559/39/39
f 559/39/39 589/73/68 537/17/17
f 541/21/21 564/44/44 563/43/108
f 563/43/108 590/74/69 541/21/21
f 549/29/29 568/48/48 567/47/47
f 567/47/47 591/75/70 549/29/29
f 545/25/25 572/52/52 571/51/51
f 571/51/51 592/76/71 545/25/25
f 589/73/68 559/39/39 574/54/222
f 574/54/222 593/77/72 589/73/68
f 590/74/69 563/43/108 534/14/14
f 534/14/14 533/13/13 590/74/69
f 591/75/70 567/47/47 577/57/56
f 577/57/56 594/78/224 591/75/70
f 592/76/71 571/51/51 579/59/58
f 579/59/58 595/79/225 592/76/71
f 596/80/75 587/71/112 597/81/76
f 597/81/76 598/82/77 596/80/75
f 594/78/224 599/83/226 600/84/79
f 600/84/79 601/85/80 594/78/224
f 572/52/52 556/70/36 555/86/35
f 555/86/35 569/49/49 572/52/52
f 561/41/41 602/87/81 551/31/31
f 551/31/31 550/30/30 561/41/41
f 603/88/82 604/89/83 554/34/34
f 554/34/34 605/90/84 603/88/82
f 550/30/30 549/29/29 591/75/70
f 591/75/70 606/91/42 550/30/30
f 538/18/18 607/92/86 570/50/50
f 570/50/50 569/49/49 538/18/18
f 591/75/70 594/78/224 601/85/80
f 601/85/80 606/91/42 591/75/70
f 607/92/86 608/93/87 578/58/57
f 578/58/57 570/50/50 607/92/86
f 598/82/77 597/81/76 530/10/10
f 530/10/10 529/9/9 598/82/77
f 601/85/80 600/84/79 609/94/88
f 609/94/88 575/55/54 601/85/80
f 569/49/49 555/86/35 539/19/19
f 539/19/19 538/18/18 569/49/49
f 550/30/30 606/91/42 562/42/42
f 562/42/42 561/41/41 550/30/30
f 606/91/42 601/85/80 575/55/54
f 575/55/54 562/42/42 606/91/42
f 564/44/44 585/68/64 602/87/81
f 602/87/81 561/41/41 564/44/44
f 610/95/89 586/96/65 604/89/83
f 604/89/83 603/88/82 610/95/89
f 538/18/18 537/17/17 589/73/68
f 589/73/68 607/92/86 538/18/18
f 589/73/68 593/77/72 608/93/87
f 608/93/87 607/92/86 589/73/68
f 611/97/90 612/98/91 522/2/2
f 522/2/2 521/1/1 611/97/90
f 547/27/27 613/99/92 614/100/93
f 614/100/93 526/6/6 547/27/27
f 574/54/222 573/53/16 615/101/15
f 615/101/15 593/77/72 574/54/222
f 560/40/107 582/64/61 616/102/94
f 616/102/94 557/37/37 560/40/107
f 565/45/221 613/99/92 547/27/27
f 547/27/27 546/26/26 565/45/221
f 542/22/22 617/103/38 558/38/38
f 558/38/38 557/37/37 542/22/22
f 546/26/26 545/25/25 592/76/71
f 592/76/71 618/104/95 546/26/26
f 617/103/38 536/16/16 573/53/16
f 573/53/16 558/38/38 617/103/38
f 592/76/71 595/79/225 619/105/96
f 619/105/96 618/104/95 592/76/71
f 578/58/57 620/106/97 621/107/98
f 621/107/98 579/59/58 578/58/57
f 578/58/57 608/93/87 622/108/99
f 622/108/99 620/106/97 578/58/57
f 573/53/16 536/16/16 535/15/15
f 535/15/15 615/101/15 573/53/16
f 557/37/37 616/102/94 543/23/23
f 543/23/23 542/22/22 557/37/37
f 546/26/26 618/104/95 566/46/46
f 566/46/46 565/45/221 546/26/26
f 618/104/95 619/105/96 576/56/55
f 576/56/55 566/46/46 618/104/95
f 620/106/97 600/84/79 599/83/226
f 599/83/226 621/107/98 620/106/97
f 600/84/79 620/106/97 622/108/99
f 622/108/99 609/94/88 600/84/79
f 611/97/90 581/63/60 580/62/59
f 580/62/59 612/98/91 611/97/90
f 613/99/92 584/67/223 588/72/113
f 588/72/113 614/100/93 613/99/92
f 568/48/48 584/67/223 613/99/92
f 613/99/92 565/45/221 568/48/48
f 542/22/22 541/21/21 590/74/69
f 590/74/69 617/103/38 542/22/22
f 590/74/69 533/13/13 536/16/16
f 536/16/16 617/103/38 590/74/69
f 522/2/2 616/102/94 582/64/61
f 582/64/61 523/3/3 522/2/2
f 548/28/28 547/27/27 526/6/6
f 526/6/6 525/5/5 548/28/28
f 602/109/81 585/110/64 531/11/11
f 531/11/11 530/10/10 602/109/81
f 583/111/62 605/90/84 554/34/34
f 554/34/34 553/33/33 583/111/62
f 585/68/64 544/24/24 580/62/59
f 580/62/59 531/61/11 585/68/64
f 556/70/36 548/28/28 525/5/5
f 525/5/5 553/66/33 556/70/36
f 610/112/89 524/4/4 523/3/3
f 523/3/3 586/69/65 610/112/89
f 596/80/75 623/113/100 588/72/113
f 588/72/113 587/71/112 596/80/75
f 552/32/32 551/114/31 597/81/76
f 597/81/76 587/71/112 552/32/32
f 539/115/19 555/35/35 554/34/34
f 554/34/34 604/89/83 539/115/19
f 551/114/31 602/109/81 530/10/10
f 530/10/10 597/81/76 551/114/31
f 540/116/20 539/115/19 604/89/83
f 604/89/83 586/96/65 540/116/20
f 543/23/23 616/102/94 522/2/2
f 522/2/2 612/98/91 543/23/23
f 624/117/101 527/7/7 526/6/6
f 526/6/6 614/100/93 624/117/101
f 544/24/24 543/23/23 612/98/91
f 612/98/91 580/62/59 544/24/24
f 623/113/100 624/117/101 614/100/93
f 614/100/93 588/72/113 623/113/100
f 575/55/54 609/94/88 535/15/15
f 535/15/15 534/14/14 575/55/54
f 609/94/88 622/108/99 615/101/15
f 615/101/15 535/15/15 609/94/88
f 622/108/99 608/93/87 593/77/72
f 593/77/72 615/101/15 622/108/99
f 577/57/56 576/56/55 599/83/226
f 599/83/226 594/78/224 577/57/56
f 576/56/55 619/105/96 621/107/98
f 621/107/98 599/83/226 576/56/55
f 621/107/98 619/105/96 595/79/225
f 595/79/225 579/59/58 621/107/98
f 625/1/118 626/2/119 627/3/120
f 627/3/120 628/4/121 625/1/118
f 629/5/122 630/6/123 631/7/124
f 631/7/124 632/8/125 629/5/122
f 633/9/126 634/10/127 635/11/128
f 635/11/128 636/12/129 633/9/126
f 637/13/130 638/14/131 639/15/15
f 639/15/15 640/16/132 637/13/130
f 641/17/133 642/18/134 643/19/135
f 643/19/135 644/20/136 641/17/133
f 645/21/137 646/22/138 647/23/139
f 647/23/139 648/24/140 645/21/137
f 649/25/141 650/26/142 651/27/143
f 651/27/143 652/28/144 649/25/141
f 653/29/145 654/30/146 655/31/147
f 655/31/147 656/32/148 653/29/145
f 657/33/149 658/34/150 659/35/151
f 659/35/151 660/36/152 657/33/149
f 661/37/153 662/38/154 663/39/227
f 663/39/227 664/40/156 661/37/153
f 665/41/157 666/42/158 667/43/159
f 667/43/159 668/44/228 665/41/157
f 669/45/161 670/46/162 671/47/163
f 671/47/163 672/48/164 669/45/161
f 673/49/165 674/50/166 675/51/229
f 675/51/229 676/52/168 673/49/165
f 663/39/227 662/38/154 677/53/132
f 677/53/132 678/54/169 663/39/227
f 666/42/158 679/55/170 638/14/131
f 638/14/131 667/43/159 666/42/158
f 671/47/163 670/46/162 680/56/171
f 680/56/171 681/57/172 671/47/163
f 674/50/166 682/58/173 683/59/174
f 683/59/174 675/51/229 674/50/166
f 636/60/129 635/61/128 684/62/175
f 684/62/175 685/63/176 636/60/129
f 664/40/156 641/17/133 644/20/136
f 644/20/136 686/64/177 664/40/156
f 687/65/178 657/66/149 629/5/122
f 629/5/122 632/8/125 687/65/178
f 672/48/164 653/29/145 656/32/148
f 656/32/148 688/67/179 672/48/164
f 648/24/140 689/68/180 668/44/228
f 668/44/228 645/21/137 648/24/140
f 644/20/136 690/69/181 627/3/120
f 627/3/120 686/64/177 644/20/136
f 652/28/144 660/70/152 676/52/168
f 676/52/168 649/25/141 652/28/144
f 656/32/148 691/71/182 692/72/183
f 692/72/183 688/67/179 656/32/148
f 641/17/133 664/40/156 663/39/227
f 663/39/227 693/73/184 641/17/133
f 645/21/137 668/44/228 667/43/159
f 667/43/159 694/74/185 645/21/137
f 653/29/145 672/48/164 671/47/163
f 671/47/163 695/75/186 653/29/145
f 649/25/141 676/52/168 675/51/229
f 675/51/229 696/76/187 649/25/141
f 693/73/184 663/39/227 678/54/169
f 678/54/169 697/77/188 693/73/184
f 694/74/185 667/43/159 638/14/131
f 638/14/131 637/13/130 694/74/185
f 695/75/186 671/47/163 681/57/172
f 681/57/172 698/78/189 695/75/186
f 696/76/187 675/51/229 683/59/174
f 683/59/174 699/79/190 696/76/187
f 700/80/191 691/71/182 701/81/192
f 701/81/192 702/82/193 700/80/191
f 698/78/189 703/83/194 704/84/195
f 704/84/195 705/85/196 698/78/189
f 676/52/168 660/70/152 659/86/151
f 659/86/151 673/49/165 676/52/168
f 665/41/157 706/87/197 655/31/147
f 655/31/147 654/30/146 665/41/157
f 707/88/198 708/89/199 658/34/150
f 658/34/150 709/90/200 707/88/198
f 654/30/146 653/29/145 695/75/186
f 695/75/186 710/91/158 654/30/146
f 642/18/134 711/92/201 674/50/166
f 674/50/166 673/49/165 642/18/134
f 695/75/186 698/78/189 705/85/196
f 705/85/196 710/91/158 695/75/186
f 711/92/201 712/93/202 682/58/173
f 682/58/173 674/50/166 711/92/201
f 702/82/193 701/81/192 634/10/127
f 634/10/127 633/9/126 702/82/193
f 705/85/196 704/84/195 713/94/203
f 713/94/203 679/55/170 705/85/196
f 673/49/165 659/86/151 643/19/135
f 643/19/135 642/18/134 673/49/165
f 654/30/146 710/91/158 666/42/158
f 666/42/158 665/41/157 654/30/146
f 710/91/158 705/85/196 679/55/170
f 679/55/170 666/42/158 710/91/158
f 668/44/228 689/68/180 706/87/197
f 706/87/197 665/41/157 668/44/228
f 714/95/204 690/96/181 708/89/199
f 708/89/199 707/88/198 714/95/204
f 642/18/134 641/17/133 693/73/184
f 693/73/184 711/92/201 642/18/134
f 693/73/184 697/77/188 712/93/202
f 712/93/202 711/92/201 693/73/184
f 715/97/205 716/98/206 626/2/119
f 626/2/119 625/1/118 715/97/205
f 651/27/143 717/99/207 718/100/208
f 718/100/208 630/6/123 651/27/143
f 678/54/169 677/53/132 719/101/15
f 719/101/15 697/77/188 678/54/169
f 664/40/156 686/64/177 720/102/209
f 720/102/209 661/37/153 664/40/156
f 669/45/161 717/99/207 651/27/143
f 651/27/143 650/26/142 669/45/161
f 646/22/138 721/103/154 662/38/154
f 662/38/154 661/37/153 646/22/138
f 650/26/142 649/25/141 696/76/187
f 696/76/187 722/104/210 650/26/142
f 721/103/154 640/16/132 677/53/132
f 677/53/132 662/38/154 721/103/154
f 696/76/187 699/79/190 723/105/211
f 723/105/211 722/104/210 696/76/187
f 682/58/173 724/106/212 725/107/213
f 725/107/213 683/59/174 682/58/173
f 682/58/173 712/93/202 726/108/214
f 726/108/214 724/106/212 682/58/173
f 677/53/132 640/16/132 639/15/15
f 639/15/15 719/101/15 677/53/132
f 661/37/153 720/102/209 647/23/139
f 647/23/139 646/22/138 661/37/153
f 650/26/142 722/104/210 670/46/162
f 670/46/162 669/45/161 650/26/142
f 722/104/210 723/105/211 680/56/171
f 680/56/171 670/46/162 722/104/210
f 724/106/212 704/84/195 703/83/194
f 703/83/194 725/107/213 724/106/212
f 704/84/195 724/106/212 726/108/214
f 726/108/214 713/94/203 704/84/195
f 715/97/205 685/63/176 684/62/175
f 684/62/175 716/98/206 715/97/205
f 717/99/207 688/67/179 692/72/183
f 692/72/183 718/100/208 717/99/207
f 672/48/164 688/67/179 717/99/207
f 717/99/207 669/45/161 672/48/164
f 646/22/138 645/21/137 694/74/185
f 694/74/185 721/103/154 646/22/138
f 694/74/185 637/13/130 640/16/132
f 640/16/132 721/103/154 694/74/185
f 626/2/119 720/102/209 686/64/177
f 686/64/177 627/3/120 626/2/119
f 652/28/144 651/27/143 630/6/123
f 630/6/123 629/5/122 652/28/144
f 706/109/197 689/110/180 635/11/128
f 635/11/128 634/10/127 706/109/197
f 687/111/178 709/90/200 658/34/150
f 658/34/150 657/33/149 687/111/178
f 689/68/180 648/24/140 684/62/175
f 684/62/175 635/61/128 689/68/180
f 660/70/152 652/28/144 629/5/122
f 629/5/122 657/66/149 660/70/152
f 714/112/204 628/4/121 627/3/120
f 627/3/120 690/69/181 714/112/204
f 700/80/191 727/113/215 692/72/183
f 692/72/183 691/71/182 700/80/191
f 656/32/148 655/114/147 701/81/192
f 701/81/192 691/71/182 656/32/148
f 643/115/135 659/35/151 658/34/150
f 658/34/150 708/89/199 643/115/135
f 655/114/147 706/109/197 634/10/127
f 634/10/127 701/81/192 655/114/147
f 644/116/136 643/115/135 708/89/199
f 708/89/199 690/96/181 644/116/136
f 647/23/139 720/102/209 626/2/119
f 626/2/119 716/98/206 647/23/139
f 728/117/216 631/7/124 630/6/123
f 630/6/123 718/100/208 728/117/216
f 648/24/140 647/23/139 716/98/206
f 716/98/206 684/62/175 648/24/140
f 727/113/215 728/117/216 718/100/208
f 718/100/208 692/72/183 727/113/215
f 679/55/170 713/94/203 639/15/15
f 639/15/15 638/14/131 679/55/170
f 713/94/203 726/108/214 719/101/15
f 719/101/15 639/15/15 713/94/203
f 726/108/214 712/93/202 697/77/188
f 697/77/188 719/101/15 726/108/214
f 681/57/172 680/56/171 703/83/194
f 703/83/194 698/78/189 681/57/172
f 680/56/171 723/105/211 725/107/213
f 725/107/213 703/83/194 680/56/171
f 725/107/213 723/105/211 699/79/190
f 699/79/190 683/59/174 725/107/213
f 729/1/1 730/2/2 731/3/3
f 731/3/3 732/4/4 729/1/1
f 733/5/5 734/6/6 735/7/7
f 735/7/7 736/8/8 733/5/5
f 737/9/9 738/10/10 739/11/11
f 739/11/11 740/12/12 737/9/9
f 741/13/13 742/14/14 743/15/15
f 743/15/15 744/16/16 741/13/13
f 745/17/17 746/18/18 747/19/19
f 747/19/19 748/20/20 745/17/17
f 749/21/21 750/22/22 751/23/23
f 751/23/23 752/24/24 749/21/21
f 753/25/25 754/26/26 755/27/27
f 755/27/27 756/28/28 753/25/25
f 757/29/29 758/30/30 759/31/31
f 759/31/31 760/32/32 757/29/29
f 761/33/33 762/34/34 763/35/35
f 763/35/35 764/36/36 761/33/33
f 765/37/37 766/38/38 767/39/39
f 767/39/39 768/40/107 765/37/37
f 769/41/41 770/42/42 771/43/108
f 771/43/108 772/44/44 769/41/41
f 773/45/221 774/46/46 775/47/47
f 775/47/47 776/48/48 773/45/221
f 777/49/49 778/50/50 779/51/51
f 779/51/51 780/52/230 777/49/49
f 767/39/39 766/38/38 781/53/16
f 781/53/16 782/54/222 767/39/39
f 770/42/42 783/55/54 742/14/14
f 742/14/14 771/43/108 770/42/42
f 775/47/47 774/46/46 784/56/55
f 784/56/55 785/57/56 775/47/47
f 778/50/50 786/58/57 787/59/58
f 787/59/58 779/51/51 778/50/50
f 740/60/12 739/61/11 788/62/59
f 788/62/59 789/63/60 740/60/12
f 768/40/107 745/17/17 748/20/20
f 748/20/20 790/64/61 768/40/107
f 791/65/62 761/66/33 733/5/5
f 733/5/5 736/8/8 791/65/62
f 776/48/48 757/29/29 760/32/32
f 760/32/32 792/67/223 776/48/48
f 752/24/24 793/68/64 772/44/44
f 772/44/44 749/21/21 752/24/24
f 748/20/20 794/69/65 731/3/3
f 731/3/3 790/64/61 748/20/20
f 756/28/28 764/70/36 780/52/230
f 780/52/230 753/25/25 756/28/28
f 760/32/32 795/71/231 796/72/113
f 796/72/113 792/67/223 760/32/32
f 745/17/17 768/40/107 767/39/39
f 767/39/39 797/73/68 745/17/17
f 749/21/21 772/44/44 771/43/108
f 771/43/108 798/74/69 749/21/21
f 757/29/29 776/48/48 775/47/47
f 775/47/47 799/75/70 757/29/29
f 753/25/25 780/52/230 779/51/51
f 779/51/51 800/76/71 753/25/25
f 797/73/68 767/39/39 782/54/222
f 782/54/222 801/77/72 797/73/68
f 798/74/69 771/43/108 742/14/14
f 742/14/14 741/13/13 798/74/69
f 799/75/70 775/47/47 785/57/56
f 785/57/56 802/78/224 799/75/70
f 800/76/71 779/51/51 787/59/58
f 787/59/58 803/79/74 800/76/71
f 804/80/75 795/71/231 805/81/76
f 805/81/76 806/82/77 804/80/75
f 802/78/224 807/83/78 808/84/79
f 808/84/79 809/85/80 802/78/224
f 780/52/230 764/70/36 763/86/35
f 763/86/35 777/49/49 780/52/230
f 769/41/41 810/87/81 759/31/31
f 759/31/31 758/30/30 769/41/41
f 811/88/82 812/89/83 762/34/34
f 762/34/34 813/90/84 811/88/82
f 758/30/30 757/29/29 799/75/70
f 799/75/70 814/91/42 758/30/30
f 746/18/18 815/92/86 778/50/50
f 778/50/50 777/49/49 746/18/18
f 799/75/70 802/78/224 809/85/80
f 809/85/80 814/91/42 799/75/70
f 815/92/86 816/93/87 786/58/57
f 786/58/57 778/50/50 815/92/86
f 806/82/77 805/81/76 738/10/10
f 738/10/10 737/9/9 806/82/77
f 809/85/80 808/84/79 817/94/88
f 817/94/88 783/55/54 809/85/80
f 777/49/49 763/86/35 747/19/19
f 747/19/19 746/18/18 777/49/49
f 758/30/30 814/91/42 770/42/42
f 770/42/42 769/41/41 758/30/30
f 814/91/42 809/85/80 783/55/54
f 783/55/54 770/42/42 814/91/42
f 772/44/44 793/68/64 810/87/81
f 810/87/81 769/41/41 772/44/44
f 818/95/89 794/96/65 812/89/83
f 812/89/83 811/88/82 818/95/89
f 746/18/18 745/17/17 797/73/68
f 797/73/68 815/92/86 746/18/18
f 797/73/68 801/77/72 816/93/87
f 816/93/87 815/92/86 797/73/68
f 819/97/90 820/98/91 730/2/2
f 730/2/2 729/1/1 819/97/90
f 755/27/27 821/99/92 822/100/93
f 822/100/93 734/6/6 755/27/27
f 782/54/222 781/53/16 823/101/15
f 823/101/15 801/77/72 782/54/222
f 768/40/107 790/64/61 824/102/94
f 824/102/94 765/37/37 768/40/107
f 773/45/221 821/99/92 755/27/27
f 755/27/27 754/26/26 773/45/221
f 750/22/22 825/103/38 766/38/38
f 766/38/38 765/37/37 750/22/22
f 754/26/26 753/25/25 800/76/71
f 800/76/71 826/104/95 754/26/26
f 825/103/38 744/16/16 781/53/16
f 781/53/16 766/38/38 825/103/38
f 800/76/71 803/79/74 827/105/96
f 827/105/96 826/104/95 800/76/71
f 786/58/57 828/106/97 829/107/98
f 829/107/98 787/59/58 786/58/57
f 786/58/57 816/93/87 830/108/99
f 830/108/99 828/106/97 786/58/57
f 781/53/16 744/16/16 743/15/15
f 743/15/15 823/101/15 781/53/16
f 765/37/37 824/102/94 751/23/23
f 751/23/23 750/22/22 765/37/37
f 754/26/26 826/104/95 774/46/46
f 774/46/46 773/45/221 754/26/26
f 826/104/95 827/105/96 784/56/55
f 784/56/55 774/46/46 826/104/95
f 828/106/97 808/84/79 807/83/78
f 807/83/78 829/107/98 828/106/97
f 808/84/79 828/106/97 830/108/99
f 830/108/99 817/94/88 808/84/79
f 819/97/90 789/63/60 788/62/59
f 788/62/59 820/98/91 819/97/90
f 821/99/92 792/67/223 796/72/113
f 796/72/113 822/100/93 821/99/92
f 776/48/48 792/67/223 821/99/92
f 821/99/92 773/45/221 776/48/48
f 750/22/22 749/21/21 798/74/69
f 798/74/69 825/103/38 750/22/22
f 798/74/69 741/13/13 744/16/16
f 744/16/16 825/103/38 798/74/69
f 730/2/2 824/102/94 790/64/61
f 790/64/61 731/3/3 730/2/2
f 756/28/28 755/27/27 734/6/6
f 734/6/6 733/5/5 756/28/28
f 810/109/81 793/110/64 739/11/11
f 739/11/11 738/10/10 810/109/81
f 791/111/62 813/90/84 762/34/34
f 762/34/34 761/33/33 791/111/62
f 793/68/64 752/24/24 788/62/59
f 788/62/59 739/61/11 793/68/64
f 764/70/36 756/28/28 733/5/5
f 733/5/5 761/66/33 764/70/36
f 818/112/89 732/4/4 731/3/3
f 731/3/3 794/69/65 818/112/89
f 804/80/75 831/113/100 796/72/113
f 796/72/113 795/71/231 804/80/75
f 760/32/32 759/114/31 805/81/76
f 805/81/76 795/71/231 760/32/32
f 747/115/19 763/35/35 762/34/34
f 762/34/34 812/89/83 747/115/19
f 759/114/31 810/109/81 738/10/10
f 738/10/10 805/81/76 759/114/31
f 748/116/20 747/115/19 812/89/83
f 812/89/83 794/96/65 748/116/20
f 751/23/23 824/102/94 730/2/2
f 730/2/2 820/98/91 751/23/23
f 832/117/101 735/7/7 734/6/6
f 734/6/6 822/100/93 832/117/101
f 752/24/24 751/23/23 820/98/91
f 820/98/91 788/62/59 752/24/24
f 831/113/100 832/117/101 822/100/93
f 822/100/93 796/72/113 831/113/100
f 783/55/54 817/94/88 743/15/15
f 743/15/15 742/14/14 783/55/54
f 817/94/88 830/108/99 823/101/15
f 823/101/15 743/15/15 817/94/88
f 830/108/99 816/93/87 801/77/72
f 801/77/72 823/101/15 830/108/99
f 785/57/56 784/56/55 807/83/78
f 807/83/78 802/78/224 785/57/56
f 784/56/55 827/105/96 829/107/98
f 829/107/98 807/83/78 784/56/55
f 829/107/98 827/105/96 803/79/74
f 803/79/74 787/59/58 829/107/98
f 833/1/118 834/2/119 835/3/120
f 835/3/120 836/4/121 833/1/118
f 837/5/122 838/6/123 839/7/124
f 839/7/124 840/8/125 837/5/122
f 841/9/126 842/10/127 843/11/217
f 843/11/217 844/12/218 841/9/126
f 845/13/232 846/14/131 847/15/15
f 847/15/15 848/16/132 845/13/232
f 849/17/133 850/18/134 851/19/135
f 851/19/135 852/20/136 849/17/133
f 853/21/137 854/22/138 855/23/139
f 855/23/139 856/24/233 853/21/137
f 857/25/141 858/26/142 859/27/143
f 859/27/143 860/28/144 857/25/141
f 861/29/145 862/30/146 863/31/147
f 863/31/147 864/32/234 861/29/145
f 865/33/149 866/34/150 867/35/151
f 867/35/151 868/36/152 865/33/149
f 869/37/153 870/38/154 871/39/155
f 871/39/155 872/40/156 869/37/153
f 873/41/157 874/42/158 875/43/159
f 875/43/159 876/44/228 873/41/157
f 877/45/161 878/46/162 879/47/163
f 879/47/163 880/48/235 877/45/161
f 881/49/165 882/50/166 883/51/229
f 883/51/229 884/52/168 881/49/165
f 871/39/155 870/38/154 885/53/132
f 885/53/132 886/54/169 871/39/155
f 874/42/158 887/55/170 846/14/131
f 846/14/131 875/43/159 874/42/158
f 879/47/163 878/46/162 888/56/171
f 888/56/171 889/57/172 879/47/163
f 882/50/166 890/58/173 891/59/174
f 891/59/174 883/51/229 882/50/166
f 844/60/218 843/61/217 892/62/175
f 892/62/175 893/63/176 844/60/218
f 872/40/156 849/17/133 852/20/136
f 852/20/136 894/64/177 872/40/156
f 895/65/178 865/66/149 837/5/122
f 837/5/122 840/8/125 895/65/178
f 880/48/235 861/29/145 864/32/234
f 864/32/234 896/67/236 880/48/235
f 856/24/233 897/68/237 876/44/228
f 876/44/228 853/21/137 856/24/233
f 852/20/136 898/69/181 835/3/120
f 835/3/120 894/64/177 852/20/136
f 860/28/144 868/70/152 884/52/168
f 884/52/168 857/25/141 860/28/144
f 864/32/234 899/71/182 900/72/183
f 900/72/183 896/67/236 864/32/234
f 849/17/133 872/40/156 871/39/155
f 871/39/155 901/73/184 849/17/133
f 853/21/137 876/44/228 875/43/159
f 875/43/159 902/74/185 853/21/137
f 861/29/145 880/48/235 879/47/163
f 879/47/163 903/75/238 861/29/145
f 857/25/141 884/52/168 883/51/229
f 883/51/229 904/76/187 857/25/141
f 901/73/184 871/39/155 886/54/169
f 886/54/169 905/77/188 901/73/184
f 902/74/185 875/43/159 846/14/131
f 846/14/131 845/13/232 902/74/185
f 903/75/238 879/47/163 889/57/172
f 889/57/172 906/78/189 903/75/238
f 904/76/187 883/51/229 891/59/174
f 891/59/174 907/79/190 904/76/187
f 908/80/191 899/71/182 909/81/192
f 909/81/192 910/82/193 908/80/191
f 906/78/189 911/83/194 912/84/195
f 912/84/195 913/85/196 906/78/189
f 884/52/168 868/70/152 867/86/151
f 867/86/151 881/49/165 884/52/168
f 873/41/157 914/87/197 863/31/147
f 863/31/147 862/30/146 873/41/157
f 915/88/198 916/89/199 866/34/150
f 866/34/150 917/90/200 915/88/198
f 862/30/146 861/29/145 903/75/238
f 903/75/238 918/91/158 862/30/146
f 850/18/134 919/92/201 882/50/166
f 882/50/166 881/49/165 850/18/134
f 903/75/238 906/78/189 913/85/196
f 913/85/196 918/91/158 903/75/238
f 919/92/201 920/93/202 890/58/173
f 890/58/173 882/50/166 919/92/201
f 910/82/193 909/81/192 842/10/127
f 842/10/127 841/9/126 910/82/193
f 913/85/196 912/84/195 921/94/203
f 921/94/203 887/55/170 913/85/196
f 881/49/165 867/86/151 851/19/135
f 851/19/135 850/18/134 881/49/165
f 862/30/146 918/91/158 874/42/158
f 874/42/158 873/41/157 862/30/146
f 918/91/158 913/85/196 887/55/170
f 887/55/170 874/42/158 918/91/158
f 876/44/228 897/68/237 914/87/197
f 914/87/197 873/41/157 876/44/228
f 922/95/204 898/96/181 916/89/199
f 916/89/199 915/88/198 922/95/204
f 850/18/134 849/17/133 901/73/184
f 901/73/184 919/92/201 850/18/134
f 901/73/184 905/77/188 920/93/202
f 920/93/202 919/92/201 901/73/184
f 923/97/205 924/98/206 834/2/119
f 834/2/119 833/1/118 923/97/205
f 859/27/143 925/99/207 926/100/208
f 926/100/208 838/6/123 859/27/143
f 886/54/169 885/53/132 927/101/15
f 927/101/15 905/77/188 886/54/169
f 872/40/156 894/64/177 928/102/209
f 928/102/209 869/37/153 872/40/156
f 877/45/161 925/99/207 859/27/143
f 859/27/143 858/26/142 877/45/161
f 854/22/138 929/103/154 870/38/154
f 870/38/154 869/37/153 854/22/138
f 858/26/142 857/25/141 904/76/187
f 904/76/187 930/104/210 858/26/142
f 929/103/154 848/16/132 885/53/132
f 885/53/132 870/38/154 929/103/154
f 904/76/187 907/79/190 931/105/211
f 931/105/211 930/104/210 904/76/187
f 890/58/173 932/106/212 933/107/213
f 933/107/213 891/59/174 890/58/173
f 890/58/173 920/93/202 934/108/214
f 934/108/214 932/106/212 890/58/173
f 885/53/132 848/16/132 847/15/15
f 847/15/15 927/101/15 885/53/132
f 869/37/153 928/102/209 855/23/139
f 855/23/139 854/22/138 869/37/153
f 858/26/142 930/104/210 878/46/162
f 878/46/162 877/45/161 858/26/142
f 930/104/210 931/105/211 888/56/171
f 888/56/171 878/46/162 930/104/210
f 932/106/212 912/84/195 911/83/194
f 911/83/194 933/107/213 932/106/212
f 912/84/195 932/106/212 934/108/214
f 934/108/214 921/94/203 912/84/195
f 923/97/205 893/63/176 892/62/175
f 892/62/175 924/98/206 923/97/205
f 925/99/207 896/67/236 900/72/183
f 900/72/183 926/100/208 925/99/207
f 880/48/235 896/67/236 925/99/207
f 925/99/207 877/45/161 880/48/235
f 854/22/138 853/21/137 902/74/185
f 902/74/185 929/103/154 854/22/138
f 902/74/185 845/13/232 848/16/132
f 848/16/132 929/103/154 902/74/185
f 834/2/119 928/102/209 894/64/177
f 894/64/177 835/3/120 834/2/119
f 860/28/144 859/27/143 838/6/123
f 838/6/123 837/5/122 860/28/144
f 914/109/197 897/110/237 843/11/217
f 843/11/217 842/10/127 914/109/197
f 895/111/178 917/90/200 866/34/150
f 866/34/150 865/33/149 895/111/178
f 897/68/237 856/24/233 892/62/175
f 892/62/175 843/61/217 897/68/237
f 868/70/152 860/28/144 837/5/122
f 837/5/122 865/66/149 868/70/152
f 922/112/204 836/4/121 835/3/120
f 835/3/120 898/69/181 922/112/204
f 908/80/191 935/113/215 900/72/183
f 900/72/183 899/71/182 908/80/191
f 864/32/234 863/114/147 909/81/192
f 909/81/192 899/71/182 864/32/234
f 851/115/135 867/35/151 866/34/150
f 866/34/150 916/89/199 851/115/135
f 863/114/147 914/109/197 842/10/127
f 842/10/127 909/81/192 863/114/147
f 852/116/136 851/115/135 916/89/199
f 916/89/199 898/96/181 852/116/136
f 855/23/139 928/102/209 834/2/119
f 834/2/119 924/98/206 855/23/139
f 936/117/216 839/7/124 838/6/123
f 838/6/123 926/100/208 936/117/216
f 856/24/233 855/23/139 924/98/206
f 924/98/206 892/62/175 856/24/233
f 935/113/215 936/117/216 926/100/208
f 926/100/208 900/72/183 935/113/215
f 887/55/170 921/94/203 847/15/15
f 847/15/15 846/14/131 887/55/170
f 921/94/203 934/108/214 927/101/15
f 927/101/15 847/15/15 921/94/203
f 934/108/214 920/93/202 905/77/188
f 905/77/188 927/101/15 934/108/214
f 889/57/172 888/56/171 911/83/194
f 911/83/194 906/78/189 889/57/172
f 888/56/171 931/105/211 933/107/213
f 933/107/213 911/83/194 888/56/171
f 933/107/213 931/105/211 907/79/190
f 907/79/190 891/59/174 933/107/213
f 937/1/118 938/2/119 939/3/239
f 939/3/239 940/4/121 937/1/118
f 941/5/122 942/6/123 943/7/124
f 943/7/124 944/8/125 941/5/122
f 945/9/126 946/10/127 947/11/217
f 947/11/217 948/12/218 945/9/126
f 949/13/130 950/14/131 951/15/15
f 951/15/15 952/16/132 949/13/130
f 953/17/240 954/18/134 955/19/135
f 955/19/135 956/20/136 953/17/240
f 957/21/137 958/22/138 959/23/139
f 959/23/139 960/24/140 957/21/137
f 961/25/141 962/26/142 963/27/143
f 963/27/143 964/28/144 961/25/141
f 965/29/241 966/30/146 967/31/147
f 967/31/147 968/32/148 965/29/241
f 969/33/149 970/34/150 971/35/151
f 971/35/151 972/36/152 969/33/149
f 973/37/153 974/38/154 975/39/155
f 975/39/155 976/40/156 973/37/153
f 977/41/157 978/42/158 979/43/159
f 979/43/159 980/44/160 977/41/157
f 981/45/161 982/46/162 983/47/163
f 983/47/163 984/48/164 981/45/161
f 985/49/165 986/50/166 987/51/229
f 987/51/229 988/52/168 985/49/165
f 975/39/155 974/38/154 989/53/132
f 989/53/132 990/54/242 975/39/155
f 978/42/158 991/55/170 950/14/131
f 950/14/131 979/43/159 978/42/158
f 983/47/163 982/46/162 992/56/171
f 992/56/171 993/57/172 983/47/163
f 986/50/166 994/58/173 995/59/243
f 995/59/243 987/51/229 986/50/166
f 948/60/218 947/61/217 996/62/175
f 996/62/175 997/63/176 948/60/218
f 976/40/156 953/17/240 956/20/136
f 956/20/136 998/64/177 976/40/156
f 999/65/178 969/66/149 941/5/122
f 941/5/122 944/8/125 999/65/178
f 984/48/164 965/29/241 968/32/148
f 968/32/148 1000/67/179 984/48/164
f 960/24/140 1001/68/180 980/44/160
f 980/44/160 957/21/137 960/24/140
f 956/20/136 1002/69/181 939/3/239
f 939/3/239 998/64/177 956/20/136
f 964/28/144 972/70/152 988/52/168
f 988/52/168 961/25/141 964/28/144
f 968/32/148 1003/71/182 1004/72/183
f 1004/72/183 1000/67/179 968/32/148
f 953/17/240 976/40/156 975/39/155
f 975/39/155 1005/73/184 953/17/240
f 957/21/137 980/44/160 979/43/159
f 979/43/159 1006/74/185 957/21/137
f 965/29/241 984/48/164 983/47/163
f 983/47/163 1007/75/186 965/29/241
f 961/25/141 988/52/168 987/51/229
f 987/51/229 1008/76/244 961/25/141
f 1005/73/184 975/39/155 990/54/242
f 990/54/242 1009/77/188 1005/73/184
f 1006/74/185 979/43/159 950/14/131
f 950/14/131 949/13/130 1006/74/185
f 1007/75/186 983/47/163 993/57/172
f 993/57/172 1010/78/189 1007/75/186
f 1008/76/244 987/51/229 995/59/243
f 995/59/243 1011/79/190 1008/76/244
f 1012/80/191 1003/71/182 1013/81/192
f 1013/81/192 1014/82/193 1012/80/191
f 1010/78/189 1015/83/194 1016/84/195
f 1016/84/195 1017/85/196 1010/78/189
f 988/52/168 972/70/152 971/86/151
f 971/86/151 985/49/165 988/52/168
f 977/41/157 1018/87/197 967/31/147
f 967/31/147 966/30/146 977/41/157
f 1019/88/198 1020/89/199 970/34/150
f 970/34/150 1021/90/200 1019/88/198
f 966/30/146 965/29/241 1007/75/186
f 1007/75/186 1022/91/158 966/30/146
f 954/18/134 1023/92/201 986/50/166
f 986/50/166 985/49/165 954/18/134
f 1007/75/186 1010/78/189 1017/85/196
f 1017/85/196 1022/91/158 1007/75/186
f 1023/92/201 1024/93/202 994/58/173
f 994/58/173 986/50/166 1023/92/201
f 1014/82/193 1013/81/192 946/10/127
f 946/10/127 945/9/126 1014/82/193
f 1017/85/196 1016/84/195 1025/94/203
f 1025/94/203 991/55/170 1017/85/196
f 985/49/165 971/86/151 955/19/135
f 955/19/135 954/18/134 985/49/165
f 966/30/146 1022/91/158 978/42/158
f 978/42/158 977/41/157 966/30/146
f 1022/91/158 1017/85/196 991/55/170
f 991/55/170 978/42/158 1022/91/158
f 980/44/160 1001/68/180 1018/87/197
f 1018/87/197 977/41/157 980/44/160
f 1026/95/204 1002/96/181 1020/89/199
f 1020/89/199 1019/88/198 1026/95/204
f 954/18/134 953/17/240 1005/73/184
f 1005/73/184 1023/92/201 954/18/134
f 1005/73/184 1009/77/188 1024/93/202
f 1024/93/202 1023/92/201 1005/73/184
f 1027/97/205 1028/98/206 938/2/119
f 938/2/119 937/1/118 1027/97/205
f 963/27/143 1029/99/207 1030/100/208
f 1030/100/208 942/6/123 963/27/143
f 990/54/242 989/53/132 1031/101/15
f 1031/101/15 1009/77/188 990/54/242
f 976/40/156 998/64/177 1032/102/209
f 1032/102/209 973/37/153 976/40/156
f 981/45/161 1029/99/207 963/27/143
f 963/27/143 962/26/142 981/45/161
f 958/22/138 1033/103/154 974/38/154
f 974/38/154 973/37/153 958/22/138
f 962/26/142 961/25/141 1008/76/244
f 1008/76/244 1034/104/210 962/26/142
f 1033/103/154 952/16/132 989/53/132
f 989/53/132 974/38/154 1033/103/154
f 1008/76/244 1011/79/190 1035/105/211
f 1035/105/211 1034/104/210 1008/76/244
f 994/58/173 1036/106/212 1037/107/213
f 1037/107/213 995/59/243 994/58/173
f 994/58/173 1024/93/202 1038/108/214
f 1038/108/214 1036/106/212 994/58/173
f 989/53/132 952/16/132 951/15/15
f 951/15/15 1031/101/15 989/53/132
f 973/37/153 1032/102/209 959/23/139
f 959/23/139 958/22/138 973/37/153
f 962/26/142 1034/104/210 982/46/162
f 982/46/162 981/45/161 962/26/142
f 1034/104/210 1035/105/211 992/56/171
f 992/56/171 982/46/162 1034/104/210
f 1036/106/212 1016/84/195 1015/83/194
f 1015/83/194 1037/107/213 1036/106/212
f 1016/84/195 1036/106/212 1038/108/214
f 1038/108/214 1025/94/203 1016/84/195
f 1027/97/205 997/63/176 996/62/175
f 996/62/175 1028/98/206 1027/97/205
f 1029/99/207 1000/67/179 1004/72/183
f 1004/72/183 1030/100/208 1029/99/207
f 984/48/164 1000/67/179 1029/99/207
f 1029/99/207 981/45/161 984/48/164
f 958/22/138 957/21/137 1006/74/185
f 1006/74/185 1033/103/154 958/22/138
f 1006/74/185 949/13/130 952/16/132
f 952/16/132 1033/103/154 1006/74/185
f 938/2/119 1032/102/209 998/64/177
f 998/64/177 939/3/239 938/2/119
f 964/28/144 963/27/143 942/6/123
f 942/6/123 941/5/122 964/28/144
f 1018/109/197 1001/110/180 947/11/217
f 947/11/217 946/10/127 1018/109/197
f 999/111/178 1021/90/200 970/34/150
f 970/34/150 969/33/149 999/111/178
f 1001/68/180 960/24/140 996/62/175
f 996/62/175 947/61/217 1001/68/180
f 972/70/152 964/28/144 941/5/122
f 941/5/122 969/66/149 972/70/152
f 1026/112/204 940/4/121 939/3/239
f 939/3/239 1002/69/181 1026/112/204
f 1012/80/191 1039/113/215 1004/72/183
f 1004/72/183 1003/71/182 1012/80/191
f 968/32/148 967/114/147 1013/81/192
f 1013/81/192 1003/71/182 968/32/148
f 955/115/135 971/35/151 970/34/150
f 970/34/150 1020/89/199 955/115/135
f 967/114/147 1018/109/197 946/10/127
f 946/10/127 1013/81/192 967/114/147
f 956/116/136 955/115/135 1020/89/199
f 1020/89/199 1002/96/181 956/116/136
f 959/23/139 1032/102/209 938/2/119
f 938/2/119 1028/98/206 959/23/139
f 1040/117/216 943/7/124 942/6/123
f 942/6/123 1030/100/208 1040/117/216
f 960/24/140 959/23/139 1028/98/206
f 1028/98/206 996/62/175 960/24/140
f 1039/113/215 1040/117/216 1030/100/208
f 1030/100/208 1004/72/183 1039/113/215
f 991/55/170 1025/94/203 951/15/15
f 951/15/15 950/14/131 991/55/170
f 1025/94/203 1038/108/214 1031/101/15
f 1031/101/15 951/15/15 1025/94/203
f 1038/108/214 1024/93/202 1009/77/188
f 1009/77/188 1031/101/15 1038/108/214
f 993/57/172 992/56/171 1015/83/194
f 1015/83/194 1010/78/189 993/57/172
f 992/56/171 1035/105/211 1037/107/213
f 1037/107/213 1015/83/194 992/56/171
f 1037/107/213 1035/105/211 1011/79/190
f 1011/79/190 995/59/243 1037/107/213
f 1041/1/118 1042/2/119 1043/3/120
f 1043/3/120 1044/4/121 1041/1/118
f 1045/5/122 1046/6/123 1047/7/124
f 1047/7/124 1048/8/125 1045/5/122
f 1049/9/126 1050/10/127 1051/11/128
f 1051/11/128 1052/12/129 1049/9/126
f 1053/13/130 1054/14/131 1055/15/15
f 1055/15/15 1056/16/132 1053/13/130
f 1057/17/133 1058/18/134 1059/19/135
f 1059/19/135 1060/20/136 1057/17/133
f 1061/21/137 1062/22/138 1063/23/139
f 1063/23/139 1064/24/140 1061/21/137
f 1065/25/141 1066/26/142 1067/27/143
f 1067/27/143 1068/28/144 1065/25/141
f 1069/29/145 1070/30/146 1071/31/147
f 1071/31/147 1072/32/148 1069/29/145
f 1073/33/149 1074/34/150 1075/35/151
f 1075/35/151 1076/36/152 1073/33/149
f 1077/37/153 1078/38/154 1079/39/155
f 1079/39/155 1080/40/156 1077/37/153
f 1081/41/157 1082/42/158 1083/43/159
f 1083/43/159 1084/44/160 1081/41/157
f 1085/45/161 1086/46/162 1087/47/163
f 1087/47/163 1088/48/164 1085/45/161
f 1089/49/165 1090/50/166 1091/51/167
f 1091/51/167 1092/52/168 1089/49/165
f 1079/39/155 1078/38/154 1093/53/132
f 1093/53/132 1094/54/169 1079/39/155
f 1082/42/158 1095/55/170 1054/14/131
f 1054/14/131 1083/43/159 1082/42/158
f 1087/47/163 1086/46/162 1096/56/171
f 1096/56/171 1097/57/172 1087/47/163
f 1090/50/166 1098/58/173 1099/59/174
f 1099/59/174 1091/51/167 1090/50/166
f 1052/60/129 1051/61/128 1100/62/175
f 1100/62/175 1101/63/176 1052/60/129
f 1080/40/156 1057/17/133 1060/20/136
f 1060/20/136 1102/64/177 1080/40/156
f 1103/65/178 1073/66/149 1045/5/122
f 1045/5/122 1048/8/125 1103/65/178
f 1088/48/164 1069/29/145 1072/32/148
f 1072/32/148 1104/67/179 1088/48/164
f 1064/24/140 1105/68/180 1084/44/160
f 1084/44/160 1061/21/137 1064/24/140
f 1060/20/136 1106/69/181 1043/3/120
f 1043/3/120 1102/64/177 1060/20/136
f 1068/28/144 1076/70/152 1092/52/168
f 1092/52/168 1065/25/141 1068/28/144
f 1072/32/148 1107/71/182 1108/72/183
f 1108/72/183 1104/67/179 1072/32/148
f 1057/17/133 1080/40/156 1079/39/155
f 1079/39/155 1109/73/184 1057/17/133
f 1061/21/137 1084/44/160 1083/43/159
f 1083/43/159 1110/74/185 1061/21/137
f 1069/29/145 1088/48/164 1087/47/163
f 1087/47/163 1111/75/186 1069/29/145
f 1065/25/141 1092/52/168 1091/51/167
f 1091/51/167 1112/76/187 1065/25/141
f 1109/73/184 1079/39/155 1094/54/169
f 1094/54/169 1113/77/188 1109/73/184
f 1110/74/185 1083/43/159 1054/14/131
f 1054/14/131 1053/13/130 1110/74/185
f 1111/75/186 1087/47/163 1097/57/172
f 1097/57/172 1114/78/189 1111/75/186
f 1112/76/187 1091/51/167 1099/59/174
f 1099/59/174 1115/79/190 1112/76/187
f 1116/80/191 1107/71/182 1117/81/192
f 1117/81/192 1118/82/193 1116/80/191
f 1114/78/189 1119/83/194 1120/84/195
f 1120/84/195 1121/85/196 1114/78/189
f 1092/52/168 1076/70/152 1075/86/151
f 1075/86/151 1089/49/165 1092/52/168
f 1081/41/157 1122/87/197 1071/31/147
f 1071/31/147 1070/30/146 1081/41/157
f 1123/88/198 1124/89/199 1074/34/150
f 1074/34/150 1125/90/200 1123/88/198
f 1070/30/146 1069/29/145 1111/75/186
f 1111/75/186 1126/91/158 1070/30/146
f 1058/18/134 1127/92/201 1090/50/166
f 1090/50/166 1089/49/165 1058/18/134
f 1111/75/186 1114/78/189 1121/85/196
f 1121/85/196 1126/91/158 1111/75/186
f 1127/92/201 1128/93/202 1098/58/173
f 1098/58/173 1090/50/166 1127/92/201
f 1118/82/193 1117/81/192 1050/10/127
f 1050/10/127 1049/9/126 1118/82/193
f 1121/85/196 1120/84/195 1129/94/203
f 1129/94/203 1095/55/170 1121/85/196
f 1089/49/165 1075/86/151 1059/19/135
f 1059/19/135 1058/18/134 1089/49/165
f 1070/30/146 1126/91/158 1082/42/158
f 1082/42/158 1081/41/157 1070/30/146
f 1126/91/158 1121/85/196 1095/55/170
f 1095/55/170 1082/42/158 1126/91/158
f 1084/44/160 1105/68/180 1122/87/197
f 1122/87/197 1081/41/157 1084/44/160
f 1130/95/204 1106/96/181 1124/89/199
f 1124/89/199 1123/88/198 1130/95/204
f 1058/18/134 1057/17/133 1109/73/184
f 1109/73/184 1127/92/201 1058/18/134
f 1109/73/184 1113/77/188 1128/93/202
f 1128/93/202 1127/92/201 1109/73/184
f 1131/97/205 1132/98/206 1042/2/119
f 1042/2/119 1041/1/118 1131/97/205
f 1067/27/143 1133/99/207 1134/100/208
f 1134/100/208 1046/6/123 1067/27/143
f 1094/54/169 1093/53/132 1135/101/15
f 1135/101/15 1113/77/188 1094/54/169
f 1080/40/156 1102/64/177 1136/102/209
f 1136/102/209 1077/37/153 1080/40/156
f 1085/45/161 1133/99/207 1067/27/143
f 1067/27/143 1066/26/142 1085/45/161
f 1062/22/138 1137/103/154 1078/38/154
f 1078/38/154 1077/37/153 1062/22/138
f 1066/26/142 1065/25/141 1112/76/187
f 1112/76/187 1138/104/210 1066/26/142
f 1137/103/154 1056/16/132 1093/53/132
f 1093/53/132 1078/38/154 1137/103/154
f 1112/76/187 1115/79/190 1139/105/211
f 1139/105/211 1138/104/210 1112/76/187
f 1098/58/173 1140/106/212 1141/107/213
f 1141/107/213 1099/59/174 1098/58/173
f 1098/58/173 1128/93/202 1142/108/214
f 1142/108/214 1140/106/212 1098/58/173
f 1093/53/132 1056/16/132 1055/15/15
f 1055/15/15 1135/101/15 1093/53/132
f 1077/37/153 1136/102/209 1063/23/139
f 1063/23/139 1062/22/138 1077/37/153
f 1066/26/142 1138/104/210 1086/46/162
f 1086/46/162 1085/45/161 1066/26/142
f 1138/104/210 1139/105/211 1096/56/171
f 1096/56/171 1086/46/162 1138/104/210
f 1140/106/212 1120/84/195 1119/83/194
f 1119/83/194 1141/107/213 1140/106/212
f 1120/84/195 1140/106/212 1142/108/214
f 1142/108/214 1129/94/203 1120/84/195
f 1131/97/205 1101/63/176 1100/62/175
f 1100/62/175 1132/98/206 1131/97/205
f 1133/99/207 1104/67/179 1108/72/183
f 1108/72/183 1134/100/208 1133/99/207
f 1088/48/164 1104/67/179 1133/99/207
f 1133/99/207 1085/45/161 1088/48/164
f 1062/22/138 1061/21/137 1110/74/185
f 1110/74/185 1137/103/154 1062/22/138
f 1110/74/185 1053/13/130 1056/16/132
f 1056/16/132 1137/103/154 1110/74/185
f 1042/2/119 1136/102/209 1102/64/177
f 1102/64/177 1043/3/120 1042/2/119
f 1068/28/144 1067/27/143 1046/6/123
f 1046/6/123 1045/5/122 1068/28/144
f 1122/109/197 1105/110/180 1051/11/128
f 1051/11/128 1050/10/127 1122/109/197
f 1103/111/178 1125/90/200 1074/34/150
f 1074/34/150 1073/33/149 1103/111/178
f 1105/68/180 1064/24/140 1100/62/175
f 1100/62/175 1051/61/128 1105/68/180
f 1076/70/152 1068/28/144 1045/5/122
f 1045/5/122 1073/66/149 1076/70/152
f 1130/112/204 1044/4/121 1043/3/120
f 1043/3/120 1106/69/181 1130/112/204
f 1116/80/191 1143/113/215 1108/72/183
f 1108/72/183 1107/71/182 1116/80/191
f 1072/32/148 1071/114/147 1117/81/192
f 1117/81/192 1107/71/182 1072/32/148
f 1059/115/135 1075/35/151 1074/34/150
f 1074/34/150 1124/89/199 1059/115/135
f 1071/114/147 1122/109/197 1050/10/127
f 1050/10/127 1117/81/192 1071/114/147
f 1060/116/136 1059/115/135 1124/89/199
f 1124/89/199 1106/96/181 1060/116/136
f 1063/23/139 1136/102/209 1042/2/119
f 1042/2/119 1132/98/206 1063/23/139
f 1144/117/216 1047/7/124 1046/6/123
f 1046/6/123 1134/100/208 1144/117/216
f 1064/24/140 1063/23/139 1132/98/206
f 1132/98/206 1100/62/175 1064/24/140
f 1143/113/215 1144/117/216 1134/100/208
f 1134/100/208 1108/72/183 1143/113/215
f 1095/55/170 1129/94/203 1055/15/15
f 1055/15/15 1054/14/131 1095/55/170
f 1129/94/203 1142/108/214 1135/101/15
f 1135/101/15 1055/15/15 1129/94/203
f 1142/108/214 1128/93/202 1113/77/188
f 1113/77/188 1135/101/15 1142/108/214
f 1097/57/172 1096/56/171 1119/83/194
f 1119/83/194 1114/78/189 1097/57/172
f 1096/56/171 1139/105/211 1141/107/213
f 1141/107/213 1119/83/194 1096/56/171
f 1141/107/213 1139/105/211 1115/79/190
f 1115/79/190 1099/59/174 1141/107/213
f 1145/1/1 1146/2/2 1147/3/3
f 1147/3/3 1148/4/4 1145/1/1
f 1149/5/5 1150/6/6 1151/7/7
f 1151/7/7 1152/8/8 1149/5/5
f 1153/9/9 1154/10/10 1155/11/11
f 1155/11/11 1156/12/12 1153/9/9
f 1157/13/13 1158/14/14 1159/15/15
f 1159/15/15 1160/16/16 1157/13/13
f 1161/17/17 1162/18/245 1163/19/19
f 1163/19/19 1164/20/20 1161/17/17
f 1165/21/21 1166/22/22 1167/23/23
f 1167/23/23 1168/24/24 1165/21/21
f 1169/25/25 1170/26/26 1171/27/27
f 1171/27/27 1172/28/28 1169/25/25
f 1173/29/29 1174/30/30 1175/31/31
f 1175/31/31 1176/32/32 1173/29/29
f 1177/33/33 1178/34/34 1179/35/105
f 1179/35/105 1180/36/36 1177/33/33
f 1181/37/37 1182/38/38 1183/39/106
f 1183/39/106 1184/40/107 1181/37/37
f 1185/41/41 1186/42/42 1187/43/108
f 1187/43/108 1188/44/44 1185/41/41
f 1189/45/45 1190/46/46 1191/47/47
f 1191/47/47 1192/48/48 1189/45/45
f 1193/49/49 1194/50/50 1195/51/51
f 1195/51/51 1196/52/230 1193/49/49
f 1183/39/106 1182/38/38 1197/53/16
f 1197/53/16 1198/54/222 1183/39/106
f 1186/42/42 1199/55/54 1158/14/14
f 1158/14/14 1187/43/108 1186/42/42
f 1191/47/47 1190/46/46 1200/56/55
f 1200/56/55 1201/57/56 1191/47/47
f 1194/50/50 1202/58/57 1203/59/58
f 1203/59/58 1195/51/51 1194/50/50
f 1156/60/12 1155/61/11 1204/62/59
f 1204/62/59 1205/63/60 1156/60/12
f 1184/40/107 1161/17/17 1164/20/20
f 1164/20/20 1206/64/246 1184/40/107
f 1207/65/62 1177/66/33 1149/5/5
f 1149/5/5 1152/8/8 1207/65/62
f 1192/48/48 1173/29/29 1176/32/32
f 1176/32/32 1208/67/63 1192/48/48
f 1168/24/24 1209/68/64 1188/44/44
f 1188/44/44 1165/21/21 1168/24/24
f 1164/20/20 1210/69/65 1147/3/3
f 1147/3/3 1206/64/246 1164/20/20
f 1172/28/28 1180/70/36 1196/52/230
f 1196/52/230 1169/25/25 1172/28/28
f 1176/32/32 1211/71/231 1212/72/113
f 1212/72/113 1208/67/63 1176/32/32
f 1161/17/17 1184/40/107 1183/39/106
f 1183/39/106 1213/73/68 1161/17/17
f 1165/21/21 1188/44/44 1187/43/108
f 1187/43/108 1214/74/115 1165/21/21
f 1173/29/29 1192/48/48 1191/47/47
f 1191/47/47 1215/75/70 1173/29/29
f 1169/25/25 1196/52/230 1195/51/51
f 1195/51/51 1216/76/71 1169/25/25
f 1213/73/68 1183/39/106 1198/54/222
f 1198/54/222 1217/77/72 1213/73/68
f 1214/74/115 1187/43/108 1158/14/14
f 1158/14/14 1157/13/13 1214/74/115
f 1215/75/70 1191/47/47 1201/57/56
f 1201/57/56 1218/78/73 1215/75/70
f 1216/76/71 1195/51/51 1203/59/58
f 1203/59/58 1219/79/74 1216/76/71
f 1220/80/75 1211/71/231 1221/81/76
f 1221/81/76 1222/82/77 1220/80/75
f 1218/78/73 1223/83/78 1224/84/79
f 1224/84/79 1225/85/80 1218/78/73
f 1196/52/230 1180/70/36 1179/86/105
f 1179/86/105 1193/49/49 1196/52/230
f 1185/41/41 1226/87/81 1175/31/31
f 1175/31/31 1174/30/30 1185/41/41
f 1227/88/82 1228/89/83 1178/34/34
f 1178/34/34 1229/90/84 1227/88/82
f 1174/30/30 1173/29/29 1215/75/70
f 1215/75/70 1230/91/42 1174/30/30
f 1162/18/245 1231/92/86 1194/50/50
f 1194/50/50 1193/49/49 1162/18/245
f 1215/75/70 1218/78/73 1225/85/80
f 1225/85/80 1230/91/42 1215/75/70
f 1231/92/86 1232/93/87 1202/58/57
f 1202/58/57 1194/50/50 1231/92/86
f 1222/82/77 1221/81/76 1154/10/10
f 1154/10/10 1153/9/9 1222/82/77
f 1225/85/80 1224/84/79 1233/94/88
f 1233/94/88 1199/55/54 1225/85/80
f 1193/49/49 1179/86/105 1163/19/19
f 1163/19/19 1162/18/245 1193/49/49
f 1174/30/30 1230/91/42 1186/42/42
f 1186/42/42 1185/41/41 1174/30/30
f 1230/91/42 1225/85/80 1199/55/54
f 1199/55/54 1186/42/42 1230/91/42
f 1188/44/44 1209/68/64 1226/87/81
f 1226/87/81 1185/41/41 1188/44/44
f 1234/95/89 1210/96/65 1228/89/83
f 1228/89/83 1227/88/82 1234/95/89
f 1162/18/245 1161/17/17 1213/73/68
f 1213/73/68 1231/92/86 1162/18/245
f 1213/73/68 1217/77/72 1232/93/87
f 1232/93/87 1231/92/86 1213/73/68
f 1235/97/90 1236/98/91 1146/2/2
f 1146/2/2 1145/1/1 1235/97/90
f 1171/27/27 1237/99/92 1238/100/93
f 1238/100/93 1150/6/6 1171/27/27
f 1198/54/222 1197/53/16 1239/101/15
f 1239/101/15 1217/77/72 1198/54/222
f 1184/40/107 1206/64/246 1240/102/94
f 1240/102/94 1181/37/37 1184/40/107
f 1189/45/45 1237/99/92 1171/27/27
f 1171/27/27 1170/26/26 1189/45/45
f 1166/22/22 1241/103/38 1182/38/38
f 1182/38/38 1181/37/37 1166/22/22
f 1170/26/26 1169/25/25 1216/76/71
f 1216/76/71 1242/104/95 1170/26/26
f 1241/103/38 1160/16/16 1197/53/16
f 1197/53/16 1182/38/38 1241/103/38
f 1216/76/71 1219/79/74 1243/105/96
f 1243/105/96 1242/104/95 1216/76/71
f 1202/58/57 1244/106/97 1245/107/98
f 1245/107/98 1203/59/58 1202/58/57
f 1202/58/57 1232/93/87 1246/108/99
f 1246/108/99 1244/106/97 1202/58/57
f 1197/53/16 1160/16/16 1159/15/15
f 1159/15/15 1239/101/15 1197/53/16
f 1181/37/37 1240/102/94 1167/23/23
f 1167/23/23 1166/22/22 1181/37/37
f 1170/26/26 1242/104/95 1190/46/46
f 1190/46/46 1189/45/45 1170/26/26
f 1242/104/95 1243/105/96 1200/56/55
f 1200/56/55 1190/46/46 1242/104/95
f 1244/106/97 1224/84/79 1223/83/78
f 1223/83/78 1245/107/98 1244/106/97
f 1224/84/79 1244/106/97 1246/108/99
f 1246/108/99 1233/94/88 1224/84/79
f 1235/97/90 1205/63/60 1204/62/59
f 1204/62/59 1236/98/91 1235/97/90
f 1237/99/92 1208/67/63 1212/72/113
f 1212/72/113 1238/100/93 1237/99/92
f 1192/48/48 1208/67/63 1237/99/92
f 1237/99/92 1189/45/45 1192/48/48
f 1166/22/22 1165/21/21 1214/74/115
f 1214/74/115 1241/103/38 1166/22/22
f 1214/74/115 1157/13/13 1160/16/16
f 1160/16/16 1241/103/38 1214/74/115
f 1146/2/2 1240/102/94 1206/64/246
f 1206/64/246 1147/3/3 1146/2/2
f 1172/28/28 1171/27/27 1150/6/6
f 1150/6/6 1149/5/5 1172/28/28
f 1226/109/81 1209/110/64 1155/11/11
f 1155/11/11 1154/10/10 1226/109/81
f 1207/111/62 1229/90/84 1178/34/34
f 1178/34/34 1177/33/33 1207/111/62
f 1209/68/64 1168/24/24 1204/62/59
f 1204/62/59 1155/61/11 1209/68/64
f 1180/70/36 1172/28/28 1149/5/5
f 1149/5/5 1177/66/33 1180/70/36
f 1234/112/89 1148/4/4 1147/3/3
f 1147/3/3 1210/69/65 1234/112/89
f 1220/80/75 1247/113/100 1212/72/113
f 1212/72/113 1211/71/231 1220/80/75
f 1176/32/32 1175/114/31 1221/81/76
f 1221/81/76 1211/71/231 1176/32/32
f 1163/115/19 1179/35/105 1178/34/34
f 1178/34/34 1228/89/83 1163/115/19
f 1175/114/31 1226/109/81 1154/10/10
f 1154/10/10 1221/81/76 1175/114/31
f 1164/116/20 1163/115/19 1228/89/83
f 1228/89/83 1210/96/65 1164/116/20
f 1167/23/23 1240/102/94 1146/2/2
f 1146/2/2 1236/98/91 1167/23/23
f 1248/117/101 1151/7/7 1150/6/6
f 1150/6/6 1238/100/93 1248/117/101
f 1168/24/24 1167/23/23 1236/98/91
f 1236/98/91 1204/62/59 1168/24/24
f 1247/113/100 1248/117/101 1238/100/93
f 1238/100/93 1212/72/113 1247/113/100
f 1199/55/54 1233/94/88 1159/15/15
f 1159/15/15 1158/14/14 1199/55/54
f 1233/94/88 1246/108/99 1239/101/15
f 1239/101/15 1159/15/15 1233/94/88
f 1246/108/99 1232/93/87 1217/77/72
f 1217/77/72 1239/101/15 1246/108/99
f 1201/57/56 1200/56/55 1223/83/78
f 1223/83/78 1218/78/73 1201/57/56
f 1200/56/55 1243/105/96 1245/107/98
f 1245/107/98 1223/83/78 1200/56/55
f 1245/107/98 1243/105/96 1219/79/74
f 1219/79/74 1203/59/58 1245/107/98
f 1249/1/118 1250/2/119 1251/3/120
f 1251/3/120 1252/4/121 1249/1/118
f 1253/5/122 1254/6/123 1255/7/124
f 1255/7/124 1256/8/125 1253/5/122
f 1257/9/126 1258/10/127 1259/11/217
f 1259/11/217 1260/12/129 1257/9/126
f 1261/13/232 1262/14/131 1263/15/15
f 1263/15/15 1264/16/132 1261/13/232
f 1265/17/240 1266/18/134 1267/19/135
f 1267/19/135 1268/20/136 1265/17/240
f 1269/21/137 1270/22/138 1271/23/139
f 1271/23/139 1272/24/140 1269/21/137
f 1273/25/141 1274/26/142 1275/27/143
f 1275/27/143 1276/28/144 1273/25/141
f 1277/29/145 1278/30/146 1279/31/147
f 1279/31/147 1280/32/148 1277/29/145
f 1281/33/149 1282/34/150 1283/35/151
f 1283/35/151 1284/36/152 1281/33/149
f 1285/37/153 1286/38/154 1287/39/155
f 1287/39/155 1288/40/156 1285/37/153
f 1289/41/157 1290/42/158 1291/43/159
f 1291/43/159 1292/44/228 1289/41/157
f 1293/45/161 1294/46/162 1295/47/163
f 1295/47/163 1296/48/235 1293/45/161
f 1297/49/165 1298/50/166 1299/51/167
f 1299/51/167 1300/52/168 1297/49/165
f 1287/39/155 1286/38/154 1301/53/132
f 1301/53/132 1302/54/169 1287/39/155
f 1290/42/158 1303/55/170 1262/14/131
f 1262/14/131 1291/43/159 1290/42/158
f 1295/47/163 1294/46/162 1304/56/171
f 1304/56/171 1305/57/172 1295/47/163
f 1298/50/166 1306/58/173 1307/59/174
f 1307/59/174 1299/51/167 1298/50/166
f 1260/60/129 1259/61/217 1308/62/175
f 1308/62/175 1309/63/176 1260/60/129
f 1288/40/156 1265/17/240 1268/20/136
f 1268/20/136 1310/64/177 1288/40/156
f 1311/65/178 1281/66/149 1253/5/122
f 1253/5/122 1256/8/125 1311/65/178
f 1296/48/235 1277/29/145 1280/32/148
f 1280/32/148 1312/67/179 1296/48/235
f 1272/24/140 1313/68/180 1292/44/228
f 1292/44/228 1269/21/137 1272/24/140
f 1268/20/136 1314/69/181 1251/3/120
f 1251/3/120 1310/64/177 1268/20/136
f 1276/28/144 1284/70/152 1300/52/168
f 1300/52/168 1273/25/141 1276/28/144
f 1280/32/148 1315/71/182 1316/72/183
f 1316/72/183 1312/67/179 1280/32/148
f 1265/17/240 1288/40/156 1287/39/155
f 1287/39/155 1317/73/184 1265/17/240
f 1269/21/137 1292/44/228 1291/43/159
f 1291/43/159 1318/74/185 1269/21/137
f 1277/29/145 1296/48/235 1295/47/163
f 1295/47/163 1319/75/186 1277/29/145
f 1273/25/141 1300/52/168 1299/51/167
f 1299/51/167 1320/76/187 1273/25/141
f 1317/73/184 1287/39/155 1302/54/169
f 1302/54/169 1321/77/188 1317/73/184
f 1318/74/185 1291/43/159 1262/14/131
f 1262/14/131 1261/13/232 1318/74/185
f 1319/75/186 1295/47/163 1305/57/172
f 1305/57/172 1322/78/220 1319/75/186
f 1320/76/187 1299/51/167 1307/59/174
f 1307/59/174 1323/79/190 1320/76/187
f 1324/80/191 1315/71/182 1325/81/192
f 1325/81/192 1326/82/193 1324/80/191
f 1322/78/220 1327/83/194 1328/84/195
f 1328/84/195 1329/85/196 1322/78/220
f 1300/52/168 1284/70/152 1283/86/151
f 1283/86/151 1297/49/165 1300/52/168
f 1289/41/157 1330/87/197 1279/31/147
f 1279/31/147 1278/30/146 1289/41/157
f 1331/88/198 1332/89/199 1282/34/150
f 1282/34/150 1333/90/200 1331/88/198
f 1278/30/146 1277/29/145 1319/75/186
f 1319/75/186 1334/91/158 1278/30/146
f 1266/18/134 1335/92/201 1298/50/166
f 1298/50/166 1297/49/165 1266/18/134
f 1319/75/186 1322/78/220 1329/85/196
f 1329/85/196 1334/91/158 1319/75/186
f 1335/92/201 1336/93/202 1306/58/173
f 1306/58/173 1298/50/166 1335/92/201
f 1326/82/193 1325/81/192 1258/10/127
f 1258/10/127 1257/9/126 1326/82/193
f 1329/85/196 1328/84/195 1337/94/203
f 1337/94/203 1303/55/170 1329/85/196
f 1297/49/165 1283/86/151 1267/19/135
f 1267/19/135 1266/18/134 1297/49/165
f 1278/30/146 1334/91/158 1290/42/158
f 1290/42/158 1289/41/157 1278/30/146
f 1334/91/158 1329/85/196 1303/55/170
f 1303/55/170 1290/42/158 1334/91/158
f 1292/44/228 1313/68/180 1330/87/197
f 1330/87/197 1289/41/157 1292/44/228
f 1338/95/204 1314/96/181 1332/89/199
f 1332/89/199 1331/88/198 1338/95/204
f 1266/18/134 1265/17/240 1317/73/184
f 1317/73/184 1335/92/201 1266/18/134
f 1317/73/184 1321/77/188 1336/93/202
f 1336/93/202 1335/92/201 1317/73/184
f 1339/97/205 1340/98/206 1250/2/119
f 1250/2/119 1249/1/118 1339/97/205
f 1275/27/143 1341/99/207 1342/100/208
f 1342/100/208 1254/6/123 1275/27/143
f 1302/54/169 1301/53/132 1343/101/15
f 1343/101/15 1321/77/188 1302/54/169
f 1288/40/156 1310/64/177 1344/102/209
f 1344/102/209 1285/37/153 1288/40/156
f 1293/45/161 1341/99/207 1275/27/143
f 1275/27/143 1274/26/142 1293/45/161
f 1270/22/138 1345/103/154 1286/38/154
f 1286/38/154 1285/37/153 1270/22/138
f 1274/26/142 1273/25/141 1320/76/187
f 1320/76/187 1346/104/210 1274/26/142
f 1345/103/154 1264/16/132 1301/53/132
f 1301/53/132 1286/38/154 1345/103/154
f 1320/76/187 1323/79/190 1347/105/211
f 1347/105/211 1346/104/210 1320/76/187
f 1306/58/173 1348/106/212 1349/107/213
f 1349/107/213 1307/59/174 1306/58/173
f 1306/58/173 1336/93/202 1350/108/214
f 1350/108/214 1348/106/212 1306/58/173
f 1301/53/132 1264/16/132 1263/15/15
f 1263/15/15 1343/101/15 1301/53/132
f 1285/37/153 1344/102/209 1271/23/139
f 1271/23/139 1270/22/138 1285/37/153
f 1274/26/142 1346/104/210 1294/46/162
f 1294/46/162 1293/45/161 1274/26/142
f 1346/104/210 1347/105/211 1304/56/171
f 1304/56/171 1294/46/162 1346/104/210
f 1348/106/212 1328/84/195 1327/83/194
f 1327/83/194 1349/107/213 1348/106/212
f 1328/84/195 1348/106/212 1350/108/214
f 1350/108/214 1337/94/203 1328/84/195
f 1339/97/205 1309/63/176 1308/62/175
f 1308/62/175 1340/98/206 1339/97/205
f 1341/99/207 1312/67/179 1316/72/183
f 1316/72/183 1342/100/208 1341/99/207
f 1296/48/235 1312/67/179 1341/99/207
f 1341/99/207 1293/45/161 1296/48/235
f 1270/22/138 1269/21/137 1318/74/185
f 1318/74/185 1345/103/154 1270/22/138
f 1318/74/185 1261/13/232 1264/16/132
f 1264/16/132 1345/103/154 1318/74/185
f 1250/2/119 1344/102/209 1310/64/177
f 1310/64/177 1251/3/120 1250/2/119
f 1276/28/144 1275/27/143 1254/6/123
f 1254/6/123 1253/5/122 1276/28/144
f 1330/109/197 1313/110/180 1259/11/217
f 1259/11/217 1258/10/127 1330/109/197
f 1311/111/178 1333/90/200 1282/34/150
f 1282/34/150 1281/33/149 1311/111/178
f 1313/68/180 1272/24/140 1308/62/175
f 1308/62/175 1259/61/217 1313/68/180
f 1284/70/152 1276/28/144 1253/5/122
f 1253/5/122 1281/66/149 1284/70/152
f 1338/112/204 1252/4/121 1251/3/120
f 1251/3/120 1314/69/181 1338/112/204
f 1324/80/191 1351/113/215 1316/72/183
f 1316/72/183 1315/71/182 1324/80/191
f 1280/32/148 1279/114/147 1325/81/192
f 1325/81/192 1315/71/182 1280/32/148
f 1267/115/135 1283/35/151 1282/34/150
f 1282/34/150 1332/89/199 1267/115/135
f 1279/114/147 1330/109/197 1258/10/127
f 1258/10/127 1325/81/192 1279/114/147
f 1268/116/136 1267/115/135 1332/89/199
f 1332/89/199 1314/96/181 1268/116/136
f 1271/23/139 1344/102/209 1250/2/119
f 1250/2/119 1340/98/206 1271/23/139
f 1352/117/216 1255/7/124 1254/6/123
f 1254/6/123 1342/100/208 1352/117/216
f 1272/24/140 1271/23/139 1340/98/206
f 1340/98/206 1308/62/175 1272/24/140
f 1351/113/215 1352/117/216 1342/100/208
f 1342/100/208 1316/72/183 1351/113/215
f 1303/55/170 1337/94/203 1263/15/15
f 1263/15/15 1262/14/131 1303/55/170
f 1337/94/203 1350/108/214 1343/101/15
f 1343/101/15 1263/15/15 1337/94/203
f 1350/108/214 1336/93/202 1321/77/188
f 1321/77/188 1343/101/15 1350/108/214
f 1305/57/172 1304/56/171 1327/83/194
f 1327/83/194 1322/78/220 1305/57/172
f 1304/56/171 1347/105/211 1349/107/213
f 1349/107/213 1327/83/194 1304/56/171
f 1349/107/213 1347/105/211 1323/79/190
f 1323/79/190 1307/59/174 1349/107/213
f 1353/1/1 1354/2/2 1355/3/3
f 1355/3/3 1356/4/4 1353/1/1
f 1357/5/247 1358/6/6 1359/7/7
f 1359/7/7 1360/8/8 1357/5/247
f 1361/9/9 1362/10/10 1363/11/11
f 1363/11/11 1364/12/12 1361/9/9
f 1365/13/13 1366/14/14 1367/15/15
f 1367/15/15 1368/16/16 1365/13/13
f 1369/17/17 1370/18/245 1371/19/19
f 1371/19/19 1372/20/20 1369/17/17
f 1373/21/21 1374/22/22 1375/23/23
f 1375/23/23 1376/24/24 1373/21/21
f 1377/25/25 1378/26/26 1379/27/27
f 1379/27/27 1380/28/28 1377/25/25
f 1381/29/29 1382/30/30 1383/31/31
f 1383/31/31 1384/32/32 1381/29/29
f 1385/33/248 1386/34/34 1387/35/35
f 1387/35/35 1388/36/249 1385/33/248
f 1389/37/37 1390/38/38 1391/39/39
f 1391/39/39 1392/40/40 1389/37/37
f 1393/41/41 1394/42/42 1395/43/108
f 1395/43/108 1396/44/44 1393/41/41
f 1397/45/221 1398/46/46 1399/47/47
f 1399/47/47 1400/48/48 1397/45/221
f 1401/49/49 1402/50/50 1403/51/51
f 1403/51/51 1404/52/52 1401/49/49
f 1391/39/39 1390/38/38 1405/53/16
f 1405/53/16 1406/54/222 1391/39/39
f 1394/42/42 1407/55/54 1366/14/14
f 1366/14/14 1395/43/108 1394/42/42
f 1399/47/47 1398/46/46 1408/56/55
f 1408/56/55 1409/57/56 1399/47/47
f 1402/50/50 1410/58/57 1411/59/58
f 1411/59/58 1403/51/51 1402/50/50
f 1364/60/12 1363/61/11 1412/62/59
f 1412/62/59 1413/63/60 1364/60/12
f 1392/40/40 1369/17/17 1372/20/20
f 1372/20/20 1414/64/61 1392/40/40
f 1415/65/62 1385/66/248 1357/5/247
f 1357/5/247 1360/8/8 1415/65/62
f 1400/48/48 1381/29/29 1384/32/32
f 1384/32/32 1416/67/63 1400/48/48
f 1376/24/24 1417/68/64 1396/44/44
f 1396/44/44 1373/21/21 1376/24/24
f 1372/20/20 1418/69/65 1355/3/3
f 1355/3/3 1414/64/61 1372/20/20
f 1380/28/28 1388/70/249 1404/52/52
f 1404/52/52 1377/25/25 1380/28/28
f 1384/32/32 1419/71/231 1420/72/113
f 1420/72/113 1416/67/63 1384/32/32
f 1369/17/17 1392/40/40 1391/39/39
f 1391/39/39 1421/73/68 1369/17/17
f 1373/21/21 1396/44/44 1395/43/108
f 1395/43/108 1422/74/115 1373/21/21
f 1381/29/29 1400/48/48 1399/47/47
f 1399/47/47 1423/75/70 1381/29/29
f 1377/25/25 1404/52/52 1403/51/51
f 1403/51/51 1424/76/71 1377/25/25
f 1421/73/68 1391/39/39 1406/54/222
f 1406/54/222 1425/77/72 1421/73/68
f 1422/74/115 1395/43/108 1366/14/14
f 1366/14/14 1365/13/13 1422/74/115
f 1423/75/70 1399/47/47 1409/57/56
f 1409/57/56 1426/78/73 1423/75/70
f 1424/76/71 1403/51/51 1411/59/58
f 1411/59/58 1427/79/225 1424/76/71
f 1428/80/75 1419/71/231 1429/81/76
f 1429/81/76 1430/82/77 1428/80/75
f 1426/78/73 1431/83/78 1432/84/79
f 1432/84/79 1433/85/80 1426/78/73
f 1404/52/52 1388/70/249 1387/86/35
f 1387/86/35 1401/49/49 1404/52/52
f 1393/41/41 1434/87/81 1383/31/31
f 1383/31/31 1382/30/30 1393/41/41
f 1435/88/82 1436/89/83 1386/34/34
f 1386/34/34 1437/90/84 1435/88/82
f 1382/30/30 1381/29/29 1423/75/70
f 1423/75/70 1438/91/42 1382/30/30
f 1370/18/245 1439/92/86 1402/50/50
f 1402/50/50 1401/49/49 1370/18/245
f 1423/75/70 1426/78/73 1433/85/80
f 1433/85/80 1438/91/42 1423/75/70
f 1439/92/86 1440/93/87 1410/58/57
f 1410/58/57 1402/50/50 1439/92/86
f 1430/82/77 1429/81/76 1362/10/10
f 1362/10/10 1361/9/9 1430/82/77
f 1433/85/80 1432/84/79 1441/94/88
f 1441/94/88 1407/55/54 1433/85/80
f 1401/49/49 1387/86/35 1371/19/19
f 1371/19/19 1370/18/245 1401/49/49
f 1382/30/30 1438/91/42 1394/42/42
f 1394/42/42 1393/41/41 1382/30/30
f 1438/91/42 1433/85/80 1407/55/54
f 1407/55/54 1394/42/42 1438/91/42
f 1396/44/44 1417/68/64 1434/87/81
f 1434/87/81 1393/41/41 1396/44/44
f 1442/95/89 1418/96/65 1436/89/83
f 1436/89/83 1435/88/82 1442/95/89
f 1370/18/245 1369/17/17 1421/73/68
f 1421/73/68 1439/92/86 1370/18/245
f 1421/73/68 1425/77/72 1440/93/87
f 1440/93/87 1439/92/86 1421/73/68
f 1443/97/90 1444/98/91 1354/2/2
f 1354/2/2 1353/1/1 1443/97/90
f 1379/27/27 1445/99/92 1446/100/93
f 1446/100/93 1358/6/6 1379/27/27
f 1406/54/222 1405/53/16 1447/101/15
f 1447/101/15 1425/77/72 1406/54/222
f 1392/40/40 1414/64/61 1448/102/94
f 1448/102/94 1389/37/37 1392/40/40
f 1397/45/221 1445/99/92 1379/27/27
f 1379/27/27 1378/26/26 1397/45/221
f 1374/22/22 1449/103/38 1390/38/38
f 1390/38/38 1389/37/37 1374/22/22
f 1378/26/26 1377/25/25 1424/76/71
f 1424/76/71 1450/104/95 1378/26/26
f 1449/103/38 1368/16/16 1405/53/16
f 1405/53/16 1390/38/38 1449/103/38
f 1424/76/71 1427/79/225 1451/105/96
f 1451/105/96 1450/104/95 1424/76/71
f 1410/58/57 1452/106/97 1453/107/98
f 1453/107/98 1411/59/58 1410/58/57
f 1410/58/57 1440/93/87 1454/108/99
f 1454/108/99 1452/106/97 1410/58/57
f 1405/53/16 1368/16/16 1367/15/15
f 1367/15/15 1447/101/15 1405/53/16
f 1389/37/37 1448/102/94 1375/23/23
f 1375/23/23 1374/22/22 1389/37/37
f 1378/26/26 1450/104/95 1398/46/46
f 1398/46/46 1397/45/221 1378/26/26
f 1450/104/95 1451/105/96 1408/56/55
f 1408/56/55 1398/46/46 1450/104/95
f 1452/106/97 1432/84/79 1431/83/78
f 1431/83/78 1453/107/98 1452/106/97
f 1432/84/79 1452/106/97 1454/108/99
f 1454/108/99 1441/94/88 1432/84/79
f 1443/97/90 1413/63/60 1412/62/59
f 1412/62/59 1444/98/91 1443/97/90
f 1445/99/92 1416/67/63 1420/72/113
f 1420/72/113 1446/100/93 1445/99/92
f 1400/48/48 1416/67/63 1445/99/92
f 1445/99/92 1397/45/221 1400/48/48
f 1374/22/22 1373/21/21 1422/74/115
f 1422/74/115 1449/103/38 1374/22/22
f 1422/74/115 1365/13/13 1368/16/16
f 1368/16/16 1449/103/38 1422/74/115
f 1354/2/2 1448/102/94 1414/64/61
f 1414/64/61 1355/3/3 1354/2/2
f 1380/28/28 1379/27/27 1358/6/6
f 1358/6/6 1357/5/247 1380/28/28
f 1434/109/81 1417/110/64 1363/11/11
f 1363/11/11 1362/10/10 1434/109/81
f 1415/111/62 1437/90/84 1386/34/34
f 1386/34/34 1385/33/248 1415/111/62
f 1417/68/64 1376/24/24 1412/62/59
f 1412/62/59 1363/61/11 1417/68/64
f 1388/70/249 1380/28/28 1357/5/247
f 1357/5/247 1385/66/248 1388/70/249
f 1442/112/89 1356/4/4 1355/3/3
f 1355/3/3 1418/69/65 1442/112/89
f 1428/80/75 1455/113/100 1420/72/113
f 1420/72/113 1419/71/231 1428/80/75
f 1384/32/32 1383/114/31 1429/81/76
f 1429/81/76 1419/71/231 1384/32/32
f 1371/115/19 1387/35/35 1386/34/34
f 1386/34/34 1436/89/83 1371/115/19
f 1383/114/31 1434/109/81 1362/10/10
f 1362/10/10 1429/81/76 1383/114/31
f 1372/116/20 1371/115/19 1436/89/83
f 1436/89/83 1418/96/65 1372/116/20
f 1375/23/23 1448/102/94 1354/2/2
f 1354/2/2 1444/98/91 1375/23/23
f 1456/117/101 1359/7/7 1358/6/6
f 1358/6/6 1446/100/93 1456/117/101
f 1376/24/24 1375/23/23 1444/98/91
f 1444/98/91 1412/62/59 1376/24/24
f 1455/113/100 1456/117/101 1446/100/93
f 1446/100/93 1420/72/113 1455/113/100
f 1407/55/54 1441/94/88 1367/15/15
f 1367/15/15 1366/14/14 1407/55/54
f 1441/94/88 1454/108/99 1447/101/15
f 1447/101/15 1367/15/15 1441/94/88
f 1454/108/99 1440/93/87 1425/77/72
f 1425/77/72 1447/101/15 1454/108/99
f 1409/57/56 1408/56/55 1431/83/78
f 1431/83/78 1426/78/73 1409/57/56
f 1408/56/55 1451/105/96 1453/107/98
f 1453/107/98 1431/83/78 1408/56/55
f 1453/107/98 1451/105/96 1427/79/225
f 1427/79/225 1411/59/58 1453/107/98
f 1457/1/118 1458/2/119 1459/3/120
f 1459/3/120 1460/4/121 1457/1/118
f 1461/5/122 1462/6/123 1463/7/124
f 1463/7/124 1464/8/125 1461/5/122
f 1465/9/126 1466/10/127 1467/11/217
f 1467/11/217 1468/12/129 1465/9/126
f 1469/13/232 1470/14/131 1471/15/15
f 1471/15/15 1472/16/132 1469/13/232
f 1473/17/240 1474/18/134 1475/19/135
f 1475/19/135 1476/20/136 1473/17/240
f 1477/21/137 1478/22/138 1479/23/139
f 1479/23/139 1480/24/140 1477/21/137
f 1481/25/141 1482/26/142 1483/27/143
f 1483/27/143 1484/28/144 1481/25/141
f 1485/29/145 1486/30/250 1487/31/147
f 1487/31/147 1488/32/148 1485/29/145
f 1489/33/149 1490/34/150 1491/35/151
f 1491/35/151 1492/36/152 1489/33/149
f 1493/37/153 1494/38/154 1495/39/155
f 1495/39/155 1496/40/156 1493/37/153
f 1497/41/157 1498/42/158 1499/43/159
f 1499/43/159 1500/44/228 1497/41/157
f 1501/45/161 1502/46/162 1503/47/163
f 1503/47/163 1504/48/235 1501/45/161
f 1505/49/165 1506/50/166 1507/51/167
f 1507/51/167 1508/52/168 1505/49/165
f 1495/39/155 1494/38/154 1509/53/132
f 1509/53/132 1510/54/169 1495/39/155
f 1498/42/158 1511/55/170 1470/14/131
f 1470/14/131 1499/43/159 1498/42/158
f 1503/47/163 1502/46/162 1512/56/171
f 1512/56/171 1513/57/172 1503/47/163
f 1506/50/166 1514/58/173 1515/59/251
f 1515/59/251 1507/51/167 1506/50/166
f 1468/60/129 1467/61/217 1516/62/175
f 1516/62/175 1517/63/176 1468/60/129
f 1496/40/156 1473/17/240 1476/20/136
f 1476/20/136 1518/64/177 1496/40/156
f 1519/65/178 1489/66/149 1461/5/122
f 1461/5/122 1464/8/125 1519/65/178
f 1504/48/235 1485/29/145 1488/32/148
f 1488/32/148 1520/67/179 1504/48/235
f 1480/24/140 1521/68/180 1500/44/228
f 1500/44/228 1477/21/137 1480/24/140
f 1476/20/136 1522/69/181 1459/3/120
f 1459/3/120 1518/64/177 1476/20/136
f 1484/28/144 1492/70/152 1508/52/168
f 1508/52/168 1481/25/141 1484/28/144
f 1488/32/148 1523/71/182 1524/72/183
f 1524/72/183 1520/67/179 1488/32/148
f 1473/17/240 1496/40/156 1495/39/155
f 1495/39/155 1525/73/184 1473/17/240
f 1477/21/137 1500/44/228 1499/43/159
f 1499/43/159 1526/74/185 1477/21/137
f 1485/29/145 1504/48/235 1503/47/163
f 1503/47/163 1527/75/186 1485/29/145
f 1481/25/141 1508/52/168 1507/51/167
f 1507/51/167 1528/76/187 1481/25/141
f 1525/73/184 1495/39/155 1510/54/169
f 1510/54/169 1529/77/188 1525/73/184
f 1526/74/185 1499/43/159 1470/14/131
f 1470/14/131 1469/13/232 1526/74/185
f 1527/75/186 1503/47/163 1513/57/172
f 1513/57/172 1530/78/220 1527/75/186
f 1528/76/187 1507/51/167 1515/59/251
f 1515/59/251 1531/79/190 1528/76/187
f 1532/80/191 1523/71/182 1533/81/192
f 1533/81/192 1534/82/193 1532/80/191
f 1530/78/220 1535/83/194 1536/84/195
f 1536/84/195 1537/85/196 1530/78/220
f 1508/52/168 1492/70/152 1491/86/151
f 1491/86/151 1505/49/165 1508/52/168
f 1497/41/157 1538/87/197 1487/31/147
f 1487/31/147 1486/30/250 1497/41/157
f 1539/88/198 1540/89/199 1490/34/150
f 1490/34/150 1541/90/200 1539/88/198
f 1486/30/250 1485/29/145 1527/75/186
f 1527/75/186 1542/91/158 1486/30/250
f 1474/18/134 1543/92/201 1506/50/166
f 1506/50/166 1505/49/165 1474/18/134
f 1527/75/186 1530/78/220 1537/85/196
f 1537/85/196 1542/91/158 1527/75/186
f 1543/92/201 1544/93/202 1514/58/173
f 1514/58/173 1506/50/166 1543/92/201
f 1534/82/193 1533/81/192 1466/10/127
f 1466/10/127 1465/9/126 1534/82/193
f 1537/85/196 1536/84/195 1545/94/203
f 1545/94/203 1511/55/170 1537/85/196
f 1505/49/165 1491/86/151 1475/19/135
f 1475/19/135 1474/18/134 1505/49/165
f 1486/30/250 1542/91/158 1498/42/158
f 1498/42/158 1497/41/157 1486/30/250
f 1542/91/158 1537/85/196 1511/55/170
f 1511/55/170 1498/42/158 1542/91/158
f 1500/44/228 1521/68/180 1538/87/197
f 1538/87/197 1497/41/157 1500/44/228
f 1546/95/204 1522/96/181 1540/89/199
f 1540/89/199 1539/88/198 1546/95/204
f 1474/18/134 1473/17/240 1525/73/184
f 1525/73/184 1543/92/201 1474/18/134
f 1525/73/184 1529/77/188 1544/93/202
f 1544/93/202 1543/92/201 1525/73/184
f 1547/97/205 1548/98/206 1458/2/119
f 1458/2/119 1457/1/118 1547/97/205
f 1483/27/143 1549/99/207 1550/100/208
f 1550/100/208 1462/6/123 1483/27/143
f 1510/54/169 1509/53/132 1551/101/15
f 1551/101/15 1529/77/188 1510/54/169
f 1496/40/156 1518/64/177 1552/102/209
f 1552/102/209 1493/37/153 1496/40/156
f 1501/45/161 1549/99/207 1483/27/143
f 1483/27/143 1482/26/142 1501/45/161
f 1478/22/138 1553/103/154 1494/38/154
f 1494/38/154 1493/37/153 1478/22/138
f 1482/26/142 1481/25/141 1528/76/187
f 1528/76/187 1554/104/210 1482/26/142
f 1553/103/154 1472/16/132 1509/53/132
f 1509/53/132 1494/38/154 1553/103/154
f 1528/76/187 1531/79/190 1555/105/211
f 1555/105/211 1554/104/210 1528/76/187
f 1514/58/173 1556/106/212 1557/107/213
f 1557/107/213 1515/59/251 1514/58/173
f 1514/58/173 1544/93/202 1558/108/214
f 1558/108/214 1556/106/212 1514/58/173
f 1509/53/132 1472/16/132 1471/15/15
f 1471/15/15 1551/101/15 1509/53/132
f 1493/37/153 1552/102/209 1479/23/139
f 1479/23/139 1478/22/138 1493/37/153
f 1482/26/142 1554/104/210 1502/46/162
f 1502/46/162 1501/45/161 1482/26/142
f 1554/104/210 1555/105/211 1512/56/171
f 1512/56/171 1502/46/162 1554/104/210
f 1556/106/212 1536/84/195 1535/83/194
f 1535/83/194 1557/107/213 1556/106/212
f 1536/84/195 1556/106/212 1558/108/214
f 1558/108/214 1545/94/203 1536/84/195
f 1547/97/205 1517/63/176 1516/62/175
f 1516/62/175 1548/98/206 1547/97/205
f 1549/99/207 1520/67/179 1524/72/183
f 1524/72/183 1550/100/208 1549/99/207
f 1504/48/235 1520/67/179 1549/99/207
f 1549/99/207 1501/45/161 1504/48/235
f 1478/22/138 1477/21/137 1526/74/185
f 1526/74/185 1553/103/154 1478/22/138
f 1526/74/185 1469/13/232 1472/16/132
f 1472/16/132 1553/103/154 1526/74/185
f 1458/2/119 1552/102/209 1518/64/177
f 1518/64/177 1459/3/120 1458/2/119
f 1484/28/144 1483/27/143 1462/6/123
f 1462/6/123 1461/5/122 1484/28/144
f 1538/109/197 1521/110/180 1467/11/217
f 1467/11/217 1466/10/127 1538/109/197
f 1519/111/178 1541/90/200 1490/34/150
f 1490/34/150 1489/33/149 1519/111/178
f 1521/68/180 1480/24/140 1516/62/175
f 1516/62/175 1467/61/217 1521/68/180
f 1492/70/152 1484/28/144 1461/5/122
f 1461/5/122 1489/66/149 1492/70/152
f 1546/112/204 1460/4/121 1459/3/120
f 1459/3/120 1522/69/181 1546/112/204
f 1532/80/191 1559/113/215 1524/72/183
f 1524/72/183 1523/71/182 1532/80/191
f 1488/32/148 1487/114/147 1533/81/192
f 1533/81/192 1523/71/182 1488/32/148
f 1475/115/135 1491/35/151 1490/34/150
f 1490/34/150 1540/89/199 1475/115/135
f 1487/114/147 1538/109/197 1466/10/127
f 1466/10/127 1533/81/192 1487/114/147
f 1476/116/136 1475/115/135 1540/89/199
f 1540/89/199 1522/96/181 1476/116/136
f 1479/23/139 1552/102/209 1458/2/119
f 1458/2/119 1548/98/206 1479/23/139
f 1560/117/216 1463/7/124 1462/6/123
f 1462/6/123 1550/100/208 1560/117/216
f 1480/24/140 1479/23/139 1548/98/206
f 1548/98/206 1516/62/175 1480/24/140
f 1559/113/215 1560/117/216 1550/100/208
f 1550/100/208 1524/72/183 1559/113/215
f 1511/55/170 1545/94/203 1471/15/15
f 1471/15/15 1470/14/131 1511/55/170
f 1545/94/203 1558/108/214 1551/101/15
f 1551/101/15 1471/15/15 1545/94/203
f 1558/108/214 1544/93/202 1529/77/188
f 1529/77/188 1551/101/15 1558/108/214
f 1513/57/172 1512/56/171 1535/83/194
f 1535/83/194 1530/78/220 1513/57/172
f 1512/56/171 1555/105/211 1557/107/213
f 1557/107/213 1535/83/194 1512/56/171
f 1557/107/213 1555/105/211 1531/79/190
f 1531/79/190 1515/59/251 1557/107/213
