# Blender 4.5.0
# www.blender.org
g medium_wall.xml.101_Mesh
v -79.448944 -65.673950 13.326668
v -79.635651 -62.189438 13.353348
v -79.592407 -62.189430 13.925447
v -79.505646 -65.673950 14.026800
v -81.518112 -62.189430 13.860788
v -81.559586 -62.189430 13.362982
v -81.604874 -65.673950 13.499838
v -81.604874 -65.673950 14.026800
v -79.963562 -65.673950 2.022528
v -80.083755 -62.189438 2.115505
v -79.661942 -62.189438 2.137701
v -79.575165 -65.673950 2.066917
v -79.945267 -58.745163 2.679686
v -80.009415 -58.745163 2.626108
v -80.009415 -58.745163 2.995806
v -79.945267 -58.745163 2.994974
v -79.811966 -58.579155 13.860106
v -80.203934 -58.579155 13.860106
v -80.203934 -58.704918 13.939878
v -79.748718 -58.704918 13.939878
v -79.742294 -58.579163 2.480042
v -79.742294 -58.579163 2.937803
v -79.679153 -58.704918 2.936987
v -79.679153 -58.704918 2.401911
v -81.368210 -58.579155 13.745966
v -81.368210 -58.579155 13.226124
v -81.431351 -58.704918 13.226122
v -81.431351 -58.704918 13.824095
v -81.298538 -58.579163 2.365904
v -80.906418 -58.579163 2.365904
v -80.906418 -58.704918 2.286131
v -81.361801 -58.704918 2.286131
v -81.385620 -62.189430 14.049482
v -81.026611 -62.189430 14.049482
v -80.570999 -58.754128 13.939878
v -81.361801 -58.704918 13.939878
v -79.742294 -58.579155 13.226122
v -79.880005 -58.523651 13.226122
v -79.880005 -58.523651 13.587122
v -79.742294 -58.579155 13.745966
v -80.203934 -58.579155 2.365904
v -80.203934 -58.523659 2.539881
v -79.949646 -58.523659 2.539881
v -79.811966 -58.579163 2.365904
v -81.368210 -58.597656 2.964615
v -81.230515 -58.542152 2.962830
v -81.230515 -58.523659 2.638885
v -81.368210 -58.579163 2.480042
v -80.570999 -58.628372 13.860106
v -80.570999 -58.572868 13.686125
v -81.160873 -58.523651 13.686125
v -81.298538 -58.579155 13.860106
v -79.945267 -58.745163 13.173138
v -79.945267 -58.745163 13.544069
v -80.244202 -58.745163 2.626108
v -81.157471 -58.763657 3.016420
v -81.157471 -58.745163 2.679686
v -80.548859 -58.794380 13.597647
v -81.093323 -58.745163 13.597647
v -79.592407 -62.189438 2.261738
v -79.505646 -65.673950 2.199209
v -79.679153 -58.704918 13.824095
v -81.397873 -65.673950 14.207502
v -81.431351 -58.704918 2.401911
v -79.748718 -58.704918 2.286131
v -79.661942 -62.189438 14.049482
v -81.448578 -62.189430 2.137701
v -81.518112 -62.189430 2.261738
v -79.949646 -58.523651 13.686129
v -79.880005 -58.523659 2.638885
v -81.160873 -58.523659 2.539881
v -81.230515 -58.523651 13.587122
v -80.009415 -58.745163 13.597647
v -81.093323 -58.745163 2.626108
v -81.157486 -58.745163 13.544069
v -81.535355 -65.673950 2.066917
v -81.026596 -62.189438 2.137701
v -81.146790 -65.673950 2.066917
v -81.093628 -58.763657 3.015593
v -80.858383 -58.763657 3.012543
v -80.858383 -58.745163 2.626108
v -80.203934 -58.704918 2.286131
v -79.963562 -65.673950 14.199297
v -80.083755 -62.189438 14.049482
v -81.146790 -65.673950 14.159094
v -80.906418 -58.523659 2.539881
v -80.203934 -58.523651 13.686129
v -80.244202 -58.745163 13.597647
v -80.244202 -58.745163 2.998852
v -79.575165 -65.673950 14.159094
v -79.505646 -65.673950 2.654547
v -79.592407 -62.189438 2.795767
v -81.431351 -58.723412 2.965433
v -81.497345 -62.189430 3.172285
v -80.009415 -58.745163 13.173138
v -79.679153 -58.704918 13.226122
v -79.880005 -58.523659 2.939590
v -81.230515 -58.523651 13.226124
v -81.157486 -58.745163 13.173138
v -80.548859 -58.794380 13.173138
v -81.093414 -58.750343 13.173138
v -80.244202 -58.745163 13.173138
v -81.604874 -65.673950 2.278227
v -81.563324 -65.673950 3.379139
v -77.952850 -53.161835 -30.786821
v -77.544815 -46.670937 -30.807596
v -77.639328 -46.670937 -31.253057
v -77.828918 -53.161835 -31.331976
v -73.430756 -46.670937 -31.202711
v -73.340118 -46.670937 -30.815096
v -73.241150 -53.161835 -30.921659
v -73.241150 -53.161835 -31.331976
v -76.828171 -53.161835 -21.984915
v -76.565506 -46.670937 -22.057314
v -77.487350 -46.670937 -22.074598
v -77.676987 -53.161835 -22.019480
v -76.868149 -40.255005 -22.496611
v -76.727951 -40.255005 -22.454893
v -76.727951 -40.255005 -22.742756
v -76.868149 -40.255005 -22.742109
v -77.159454 -39.945778 -31.202177
v -76.302826 -39.945778 -31.202177
v -76.302826 -40.180031 -31.264296
v -77.297699 -40.180031 -31.264296
v -77.311722 -39.945778 -22.341158
v -77.311722 -39.945778 -22.697592
v -77.449722 -40.180031 -22.696955
v -77.449722 -40.180031 -22.280323
v -73.758362 -39.945778 -31.113306
v -73.758362 -39.945778 -30.708532
v -73.620361 -40.180031 -30.708532
v -73.620361 -40.180031 -31.174143
v -73.910614 -39.945778 -22.252287
v -74.767609 -39.945778 -22.252287
v -74.767609 -40.180031 -22.190172
v -73.772369 -40.180031 -22.190172
v -73.720337 -46.670937 -31.349638
v -74.504929 -46.670937 -31.349638
v -75.500641 -40.271706 -31.264296
v -73.772369 -40.180031 -31.264296
v -77.311722 -39.945778 -30.708532
v -77.010773 -39.842384 -30.708532
v -77.010773 -39.842384 -30.989622
v -77.311722 -39.945778 -31.113306
v -76.302826 -39.945770 -22.252287
v -76.302826 -39.842384 -22.387753
v -76.858597 -39.842384 -22.387753
v -77.159454 -39.945778 -22.252287
v -73.758362 -39.980225 -22.718470
v -74.059311 -39.876839 -22.717079
v -74.059311 -39.842384 -22.464842
v -73.758362 -39.945778 -22.341158
v -75.500641 -40.037453 -31.202177
v -75.500641 -39.934059 -31.066713
v -74.211487 -39.842384 -31.066713
v -73.910614 -39.945778 -31.202177
v -76.868149 -40.255005 -30.667276
v -76.868149 -40.255005 -30.956099
v -76.214844 -40.255005 -22.454893
v -74.218918 -40.289459 -22.758806
v -74.218918 -40.255005 -22.496611
v -75.549026 -40.346680 -30.997820
v -74.359116 -40.255005 -30.997820
v -77.639328 -46.670937 -22.171177
v -77.828918 -53.161835 -22.122488
v -77.449722 -40.180031 -31.174143
v -73.693558 -53.161827 -31.472677
v -73.620361 -40.180031 -22.280323
v -77.297699 -40.180031 -22.190172
v -77.487350 -46.670937 -31.349638
v -73.582733 -46.670929 -22.074598
v -73.430756 -46.670929 -22.171177
v -76.858597 -39.842384 -31.066713
v -77.010773 -39.842384 -22.464842
v -74.211487 -39.842384 -22.387753
v -74.059311 -39.842384 -30.989622
v -76.727951 -40.255005 -30.997820
v -74.359116 -40.255005 -22.454893
v -74.218918 -40.255005 -30.956099
v -73.393082 -53.161827 -22.019480
v -74.504929 -46.670937 -22.074598
v -74.242264 -53.161827 -22.019480
v -74.358459 -40.289459 -22.758162
v -74.872559 -40.289459 -22.755787
v -74.872559 -40.255005 -22.454893
v -76.302826 -40.180031 -22.190172
v -76.828171 -53.161835 -31.466288
v -76.565506 -46.670937 -31.349638
v -74.242264 -53.161827 -31.434984
v -74.767609 -39.842384 -22.387753
v -76.302826 -39.842384 -31.066713
v -76.214844 -40.255005 -30.997820
v -76.214844 -40.255005 -22.745127
v -77.676987 -53.161835 -31.434984
v -77.828918 -53.161835 -22.477036
v -77.639328 -46.670937 -22.586996
v -73.620361 -40.214485 -22.719107
v -73.476151 -46.670929 -22.880171
v -76.727951 -40.255005 -30.667276
v -77.449722 -40.180031 -30.708532
v -77.010773 -39.842384 -22.698984
v -74.059311 -39.842384 -30.708532
v -74.218918 -40.255005 -30.667276
v -75.549026 -40.346680 -30.667276
v -74.358932 -40.264656 -30.667276
v -76.214844 -40.255005 -30.667276
v -73.241150 -53.161835 -22.184015
v -73.331940 -53.161835 -23.041235
v -77.952652 -53.161926 -15.651520
v -77.544617 -46.671028 -15.672295
v -77.639130 -46.671028 -16.117756
v -77.828720 -53.161926 -16.196672
v -73.430557 -46.671028 -16.067410
v -73.339920 -46.671028 -15.679796
v -73.240952 -53.161926 -15.786358
v -73.240952 -53.161926 -16.196672
v -76.827972 -53.161926 -6.849614
v -76.565308 -46.671028 -6.922012
v -77.487152 -46.671028 -6.939296
v -77.676788 -53.161926 -6.884179
v -76.867950 -40.255104 -7.361309
v -76.727753 -40.255104 -7.319591
v -76.727753 -40.255104 -7.607455
v -76.867950 -40.255104 -7.606807
v -77.159256 -39.945869 -16.066877
v -76.302628 -39.945869 -16.066877
v -76.302628 -40.180130 -16.128992
v -77.297501 -40.180130 -16.128992
v -77.311523 -39.945869 -7.205857
v -77.311523 -39.945869 -7.562291
v -77.449524 -40.180130 -7.561654
v -77.449524 -40.180130 -7.145021
v -73.758163 -39.945869 -15.978004
v -73.758163 -39.945869 -15.573233
v -73.620163 -40.180130 -15.573233
v -73.620163 -40.180130 -16.038841
v -73.910416 -39.945869 -7.116984
v -74.767410 -39.945869 -7.116984
v -74.767410 -40.180130 -7.054870
v -73.772171 -40.180130 -7.054870
v -73.720139 -46.671028 -16.214336
v -74.504730 -46.671028 -16.214336
v -75.500443 -40.271805 -16.128992
v -73.772171 -40.180130 -16.128992
v -77.311523 -39.945869 -15.573233
v -77.010574 -39.842476 -15.573233
v -77.010574 -39.842476 -15.854322
v -77.311523 -39.945869 -15.978006
v -76.302628 -39.945869 -7.116984
v -76.302628 -39.842476 -7.252451
v -76.858398 -39.842476 -7.252451
v -77.159256 -39.945869 -7.116984
v -73.758163 -39.980324 -7.583167
v -74.059113 -39.876930 -7.581778
v -74.059113 -39.842476 -7.329540
v -73.758163 -39.945869 -7.205857
v -75.500443 -40.037544 -16.066877
v -75.500443 -39.934151 -15.931412
v -74.211288 -39.842476 -15.931412
v -73.910416 -39.945869 -16.066877
v -76.867950 -40.255104 -15.531975
v -76.867950 -40.255104 -15.820799
v -76.214645 -40.255104 -7.319591
v -74.218719 -40.289558 -7.623506
v -74.218719 -40.255104 -7.361309
v -75.548828 -40.346779 -15.862518
v -74.358917 -40.255104 -15.862518
v -77.639130 -46.671028 -7.035875
v -77.828720 -53.161926 -6.987187
v -77.449524 -40.180130 -16.038841
v -73.693359 -53.161926 -16.337378
v -73.620163 -40.180130 -7.145021
v -77.297501 -40.180130 -7.054870
v -77.487152 -46.671028 -16.214336
v -73.582535 -46.671028 -6.939296
v -73.430557 -46.671028 -7.035875
v -76.858398 -39.842476 -15.931412
v -77.010574 -39.842476 -7.329540
v -74.211288 -39.842476 -7.252451
v -74.059113 -39.842476 -15.854322
v -76.727753 -40.255104 -15.862518
v -74.358917 -40.255104 -7.319591
v -74.218719 -40.255104 -15.820799
v -73.392883 -53.161926 -6.884179
v -74.504730 -46.671028 -6.939296
v -74.242065 -53.161926 -6.884179
v -74.358261 -40.289558 -7.622860
v -74.872360 -40.289558 -7.620486
v -74.872360 -40.255104 -7.319591
v -76.302628 -40.180130 -7.054870
v -76.827972 -53.161926 -16.330986
v -76.565308 -46.671028 -16.214336
v -74.242065 -53.161926 -16.299683
v -74.767410 -39.842476 -7.252451
v -76.302628 -39.842476 -15.931412
v -76.214645 -40.255104 -15.862518
v -76.214645 -40.255104 -7.609825
v -77.676788 -53.161926 -16.299683
v -77.828720 -53.161926 -7.341734
v -77.639130 -46.671028 -7.451694
v -73.620163 -40.214577 -7.583805
v -73.475952 -46.671028 -7.744869
v -76.727753 -40.255104 -15.531975
v -77.449524 -40.180130 -15.573233
v -77.010574 -39.842476 -7.563683
v -74.059113 -39.842476 -15.573233
v -74.218719 -40.255104 -15.531975
v -75.548828 -40.346779 -15.531975
v -74.358734 -40.264755 -15.531975
v -76.214645 -40.255104 -15.531975
v -73.240952 -53.161926 -7.048715
v -73.331741 -53.161926 -7.905931
v -77.952652 -53.161926 -0.545759
v -77.544617 -46.671028 -0.566534
v -77.639130 -46.671028 -1.011997
v -77.828720 -53.161926 -1.090912
v -73.430557 -46.671028 -0.961649
v -73.339920 -46.671028 -0.574036
v -73.240952 -53.161926 -0.680597
v -73.240952 -53.161926 -1.090912
v -76.827972 -53.161926 8.256145
v -76.565308 -46.671028 8.183748
v -77.487152 -46.671028 8.166464
v -77.676788 -53.161926 8.221581
v -76.867950 -40.255104 7.744452
v -76.727753 -40.255104 7.786169
v -76.727753 -40.255104 7.498304
v -76.867950 -40.255104 7.498953
v -77.159256 -39.945869 -0.961117
v -76.302628 -39.945869 -0.961117
v -76.302628 -40.180130 -1.023233
v -77.297501 -40.180130 -1.023233
v -77.311523 -39.945869 7.899902
v -77.311523 -39.945869 7.543468
v -77.449524 -40.180130 7.544106
v -77.449524 -40.180130 7.960737
v -73.758163 -39.945869 -0.872246
v -73.758163 -39.945869 -0.467474
v -73.620163 -40.180130 -0.467472
v -73.620163 -40.180130 -0.933081
v -73.910416 -39.945869 7.988775
v -74.767410 -39.945869 7.988775
v -74.767410 -40.180130 8.050890
v -73.772171 -40.180130 8.050890
v -73.720139 -46.671028 -1.108578
v -74.504730 -46.671028 -1.108578
v -75.500443 -40.271805 -1.023233
v -73.772171 -40.180130 -1.023233
v -77.311523 -39.945869 -0.467472
v -77.010574 -39.842476 -0.467472
v -77.010574 -39.842476 -0.748564
v -77.311523 -39.945869 -0.872246
v -76.302628 -39.945869 7.988775
v -76.302628 -39.842476 7.853310
v -76.858398 -39.842476 7.853310
v -77.159256 -39.945869 7.988775
v -73.758163 -39.980324 7.522593
v -74.059113 -39.876930 7.523981
v -74.059113 -39.842476 7.776220
v -73.758163 -39.945869 7.899902
v -75.500443 -40.037544 -0.961117
v -75.500443 -39.934151 -0.825651
v -74.211288 -39.842476 -0.825651
v -73.910416 -39.945869 -0.961117
v -76.867950 -40.255104 -0.426214
v -76.867950 -40.255104 -0.715040
v -76.214645 -40.255104 7.786169
v -74.218719 -40.289558 7.482254
v -74.218719 -40.255104 7.744452
v -75.548828 -40.346779 -0.756758
v -74.358917 -40.255104 -0.756758
v -77.639130 -46.671028 8.069883
v -77.828720 -53.161926 8.118572
v -77.449524 -40.180130 -0.933081
v -73.693359 -53.161926 -1.231617
v -73.620163 -40.180130 7.960737
v -77.297501 -40.180130 8.050890
v -77.487152 -46.671028 -1.108578
v -73.582535 -46.671028 8.166464
v -73.430557 -46.671028 8.069883
v -76.858398 -39.842476 -0.825653
v -77.010574 -39.842476 7.776220
v -74.211288 -39.842476 7.853310
v -74.059113 -39.842476 -0.748564
v -76.727753 -40.255104 -0.756758
v -74.358917 -40.255104 7.786169
v -74.218719 -40.255104 -0.715040
v -73.392883 -53.161926 8.221581
v -74.504730 -46.671028 8.166464
v -74.242065 -53.161926 8.221581
v -74.358261 -40.289558 7.482901
v -74.872360 -40.289558 7.485273
v -74.872360 -40.255104 7.786169
v -76.302628 -40.180130 8.050890
v -76.827972 -53.161926 -1.225225
v -76.565308 -46.671028 -1.108578
v -74.242065 -53.161926 -1.193922
v -74.767410 -39.842476 7.853310
v -76.302628 -39.842476 -0.825653
v -76.214645 -40.255104 -0.756758
v -76.214645 -40.255104 7.495935
v -77.676788 -53.161926 -1.193922
v -77.828720 -53.161926 7.764027
v -77.639130 -46.671028 7.654066
v -73.620163 -40.214577 7.521955
v -73.475952 -46.671028 7.360891
v -76.727753 -40.255104 -0.426214
v -77.449524 -40.180130 -0.467472
v -77.010574 -39.842476 7.542078
v -74.059113 -39.842476 -0.467474
v -74.218719 -40.255104 -0.426214
v -75.548828 -40.346779 -0.426214
v -74.358734 -40.264755 -0.426214
v -76.214645 -40.255104 -0.426214
v -73.240952 -53.161926 8.057045
v -73.331741 -53.161926 7.199827
v -77.952652 -53.161926 11.538980
v -77.544617 -46.671028 11.518206
v -77.639130 -46.671028 11.072744
v -77.828720 -53.161926 10.993828
v -73.430557 -46.671028 11.123091
v -73.339920 -46.671028 11.510706
v -73.240952 -53.161926 11.404142
v -73.240952 -53.161926 10.993828
v -76.827972 -53.161926 20.340887
v -76.565308 -46.671028 20.268488
v -77.487152 -46.671028 20.251204
v -77.676788 -53.161926 20.306318
v -76.867950 -40.255104 19.829191
v -76.727753 -40.255104 19.870909
v -76.727753 -40.255104 19.583044
v -76.867950 -40.255104 19.583693
v -77.159256 -39.945869 11.123623
v -76.302628 -39.945869 11.123623
v -76.302628 -40.180130 11.061508
v -77.297501 -40.180130 11.061508
v -77.311523 -39.945869 19.984640
v -77.311523 -39.945869 19.628210
v -77.449524 -40.180130 19.628843
v -77.449524 -40.180130 20.045477
v -73.758163 -39.945869 11.212496
v -73.758163 -39.945869 11.617268
v -73.620163 -40.180130 11.617268
v -73.620163 -40.180130 11.151659
v -73.910416 -39.945869 20.073515
v -74.767410 -39.945869 20.073515
v -74.767410 -40.180130 20.135633
v -73.772171 -40.180130 20.135633
v -73.720139 -46.671028 10.976164
v -74.504730 -46.671028 10.976164
v -75.500443 -40.271805 11.061508
v -73.772171 -40.180130 11.061508
v -77.311523 -39.945869 11.617270
v -77.010574 -39.842476 11.617268
v -77.010574 -39.842476 11.336178
v -77.311523 -39.945869 11.212496
v -76.302628 -39.945869 20.073515
v -76.302628 -39.842476 19.938047
v -76.858398 -39.842476 19.938047
v -77.159256 -39.945869 20.073515
v -73.758163 -39.980324 19.607336
v -74.059113 -39.876930 19.608725
v -74.059113 -39.842476 19.860960
v -73.758163 -39.945869 19.984640
v -75.500443 -40.037544 11.123623
v -75.500443 -39.934151 11.259089
v -74.211288 -39.842476 11.259089
v -73.910416 -39.945869 11.123623
v -76.867950 -40.255104 11.658525
v -76.867950 -40.255104 11.369701
v -76.214645 -40.255104 19.870909
v -74.218719 -40.289558 19.566992
v -74.218719 -40.255104 19.829191
v -75.548828 -40.346779 11.327982
v -74.358917 -40.255104 11.327982
v -77.639130 -46.671028 20.154623
v -77.828720 -53.161926 20.203314
v -77.449524 -40.180130 11.151659
v -73.693359 -53.161926 10.853123
v -73.620163 -40.180130 20.045477
v -77.297501 -40.180130 20.135633
v -77.487152 -46.671028 10.976164
v -73.582535 -46.671028 20.251204
v -73.430557 -46.671028 20.154623
v -76.858398 -39.842476 11.259089
v -77.010574 -39.842476 19.860960
v -74.211288 -39.842476 19.938047
v -74.059113 -39.842476 11.336178
v -76.727753 -40.255104 11.327982
v -74.358917 -40.255104 19.870909
v -74.218719 -40.255104 11.369701
v -73.392883 -53.161926 20.306318
v -74.504730 -46.671028 20.251204
v -74.242065 -53.161926 20.306318
v -74.358261 -40.289558 19.567640
v -74.872360 -40.289558 19.570013
v -74.872360 -40.255104 19.870909
v -76.302628 -40.180130 20.135633
v -76.827972 -53.161926 10.859514
v -76.565308 -46.671028 10.976164
v -74.242065 -53.161926 10.890818
v -74.767410 -39.842476 19.938047
v -76.302628 -39.842476 11.259089
v -76.214645 -40.255104 11.327982
v -76.214645 -40.255104 19.580675
v -77.676788 -53.161926 10.890818
v -77.828720 -53.161926 19.848768
v -77.639130 -46.671028 19.738806
v -73.620163 -40.214577 19.606695
v -73.475952 -46.671028 19.445631
v -76.727753 -40.255104 11.658525
v -77.449524 -40.180130 11.617270
v -77.010574 -39.842476 19.626818
v -74.059113 -39.842476 11.617268
v -74.218719 -40.255104 11.658525
v -75.548828 -40.346779 11.658525
v -74.358734 -40.264755 11.658525
v -76.214645 -40.255104 11.658525
v -73.240952 -53.161926 20.141783
v -73.331741 -53.161926 19.284567
v -77.549637 -59.954811 26.634085
v -77.736343 -56.354156 26.660185
v -77.693100 -56.354156 27.219851
v -77.606339 -59.954811 27.318998
v -79.618820 -56.354156 27.156595
v -79.660294 -56.354156 26.669607
v -79.705566 -59.954811 26.803492
v -79.705566 -59.954811 27.318998
v -78.064255 -59.954811 15.575632
v -78.184448 -56.354156 15.666590
v -77.762634 -56.354156 15.688303
v -77.675858 -59.954811 15.619059
v -78.045959 -52.795090 16.218508
v -78.110123 -52.795090 16.166094
v -78.110123 -52.795090 16.527758
v -78.045959 -52.795090 16.526945
v -77.912674 -52.623550 27.155928
v -78.304642 -52.623550 27.155928
v -78.304642 -52.753494 27.233969
v -77.849411 -52.753494 27.233969
v -77.843002 -52.623550 16.023203
v -77.843002 -52.623550 16.471014
v -77.779861 -52.753502 16.470213
v -77.779861 -52.753502 15.946768
v -79.468918 -52.623550 27.044271
v -79.468918 -52.623550 26.535727
v -79.532059 -52.753494 26.535727
v -79.532059 -52.753494 27.120703
v -79.399246 -52.623550 15.911547
v -79.007111 -52.623550 15.911547
v -79.007111 -52.753502 15.833506
v -79.462494 -52.753502 15.833506
v -79.486313 -56.354156 27.341192
v -79.127304 -56.354156 27.341192
v -78.671692 -52.804352 27.233969
v -79.462494 -52.753494 27.233969
v -77.843002 -52.623550 26.535727
v -77.980713 -52.566193 26.535727
v -77.980713 -52.566193 26.888876
v -77.843002 -52.623550 27.044271
v -78.304642 -52.623550 15.911547
v -78.304642 -52.566200 16.081739
v -78.050339 -52.566200 16.081739
v -77.912674 -52.623550 15.911547
v -79.468918 -52.642662 16.497244
v -79.331207 -52.585312 16.495497
v -79.331207 -52.566200 16.178595
v -79.468918 -52.623550 16.023203
v -78.671692 -52.674400 27.155928
v -78.671692 -52.617050 26.985731
v -79.261581 -52.566193 26.985731
v -79.399246 -52.623550 27.155928
v -78.045959 -52.795090 26.483892
v -78.045959 -52.795090 26.846762
v -78.344910 -52.795090 16.166094
v -79.258179 -52.814201 16.547926
v -79.258179 -52.795090 16.218508
v -78.649551 -52.845940 26.899176
v -79.194031 -52.795090 26.899176
v -77.693100 -56.354156 15.809645
v -77.606339 -59.954811 15.748472
v -77.779861 -52.753494 27.120703
v -79.498566 -59.954811 27.495779
v -79.532059 -52.753502 15.946768
v -77.849411 -52.753502 15.833506
v -77.762634 -56.354156 27.341192
v -79.549271 -56.354156 15.688303
v -79.618820 -56.354156 15.809645
v -78.050339 -52.566193 26.985731
v -77.980713 -52.566200 16.178595
v -79.261581 -52.566200 16.081739
v -79.331207 -52.566193 26.888876
v -78.110123 -52.795090 26.899176
v -79.194031 -52.795090 16.166094
v -79.258179 -52.795090 26.846762
v -79.636047 -59.954811 15.619059
v -79.127304 -56.354156 15.688303
v -79.247498 -59.954811 15.619059
v -79.194321 -52.814201 16.547113
v -78.959091 -52.814201 16.544130
v -78.959091 -52.795090 16.166094
v -78.304642 -52.753502 15.833506
v -78.064255 -59.954811 27.487745
v -78.184448 -56.354156 27.341192
v -79.247498 -59.954811 27.448416
v -79.007111 -52.566200 16.081739
v -78.304642 -52.566193 26.985731
v -78.344910 -52.795090 26.899176
v -78.344910 -52.795090 16.530737
v -77.675873 -59.954811 27.448416
v -77.606339 -59.954811 16.193914
v -77.693100 -56.354156 16.332067
v -79.532059 -52.772614 16.498045
v -79.598038 -56.354156 16.700399
v -78.110123 -52.795090 26.483892
v -77.779861 -52.753494 26.535727
v -77.980713 -52.566200 16.472761
v -79.331207 -52.566193 26.535727
v -79.258179 -52.795090 26.483892
v -78.649551 -52.845940 26.483892
v -79.194107 -52.800438 26.483892
v -78.344910 -52.795090 26.483892
v -79.705566 -59.954811 15.825773
v -79.664032 -59.954811 16.902761
v -77.549637 -59.954811 13.420794
v -77.736343 -56.354156 13.446894
v -77.693100 -56.354156 14.006559
v -77.606339 -59.954811 14.105711
v -79.618820 -56.354156 13.943304
v -79.660294 -56.354156 13.456318
v -79.705566 -59.954811 13.590200
v -79.705566 -59.954811 14.105711
v -78.064255 -59.954811 2.362341
v -78.184448 -56.354156 2.453300
v -77.762634 -56.354156 2.475014
v -77.675858 -59.954811 2.405767
v -78.045959 -52.795090 3.005217
v -78.110123 -52.795090 2.952805
v -78.110123 -52.795090 3.314468
v -78.045959 -52.795090 3.313654
v -77.912674 -52.623550 13.942636
v -78.304642 -52.623550 13.942636
v -78.304642 -52.753494 14.020674
v -77.849411 -52.753494 14.020674
v -77.843002 -52.623550 2.809912
v -77.843002 -52.623550 3.257727
v -77.779861 -52.753502 3.256926
v -77.779861 -52.753502 2.733480
v -79.468918 -52.623550 13.830976
v -79.468918 -52.623550 13.322435
v -79.532059 -52.753494 13.322435
v -79.532059 -52.753494 13.907412
v -79.399246 -52.623550 2.698256
v -79.007111 -52.623550 2.698256
v -79.007111 -52.753502 2.620216
v -79.462494 -52.753502 2.620216
v -79.486313 -56.354156 14.127901
v -79.127304 -56.354156 14.127901
v -78.671692 -52.804352 14.020674
v -79.462494 -52.753494 14.020674
v -77.843002 -52.623550 13.322435
v -77.980713 -52.566193 13.322435
v -77.980713 -52.566193 13.675589
v -77.843002 -52.623550 13.830980
v -78.304642 -52.623550 2.698256
v -78.304642 -52.566200 2.868452
v -78.050339 -52.566200 2.868452
v -77.912674 -52.623550 2.698256
v -79.468918 -52.642662 3.283953
v -79.331207 -52.585312 3.282207
v -79.331207 -52.566200 2.965303
v -79.468918 -52.623550 2.809912
v -78.671692 -52.674400 13.942636
v -78.671692 -52.617050 13.772440
v -79.261581 -52.566193 13.772440
v -79.399246 -52.623550 13.942636
v -78.045959 -52.795090 13.270601
v -78.045959 -52.795090 13.633471
v -78.344910 -52.795090 2.952805
v -79.258179 -52.814201 3.334635
v -79.258179 -52.795090 3.005217
v -78.649551 -52.845940 13.685884
v -79.194031 -52.795090 13.685884
v -77.693100 -56.354156 2.596354
v -77.606339 -59.954811 2.535185
v -77.779861 -52.753494 13.907412
v -79.498566 -59.954811 14.282484
v -79.532059 -52.753502 2.733480
v -77.849411 -52.753502 2.620216
v -77.762634 -56.354156 14.127901
v -79.549271 -56.354156 2.475014
v -79.618820 -56.354156 2.596354
v -78.050339 -52.566193 13.772444
v -77.980713 -52.566200 2.965303
v -79.261581 -52.566200 2.868452
v -79.331207 -52.566193 13.675589
v -78.110123 -52.795090 13.685884
v -79.194031 -52.795090 2.952805
v -79.258179 -52.795090 13.633471
v -79.636047 -59.954811 2.405767
v -79.127304 -56.354156 2.475014
v -79.247498 -59.954811 2.405767
v -79.194321 -52.814201 3.333822
v -78.959091 -52.814201 3.330839
v -78.959091 -52.795090 2.952805
v -78.304642 -52.753502 2.620216
v -78.064255 -59.954811 14.274458
v -78.184448 -56.354156 14.127901
v -79.247498 -59.954811 14.235128
v -79.007111 -52.566200 2.868452
v -78.304642 -52.566193 13.772444
v -78.344910 -52.795090 13.685884
v -78.344910 -52.795090 3.317446
v -77.675873 -59.954811 14.235128
v -77.606339 -59.954811 2.980625
v -77.693100 -56.354156 3.118774
v -79.532059 -52.772614 3.284754
v -79.598038 -56.354156 3.487112
v -78.110123 -52.795090 13.270601
v -77.779861 -52.753494 13.322435
v -77.980713 -52.566200 3.259474
v -79.331207 -52.566193 13.322435
v -79.258179 -52.795090 13.270601
v -78.649551 -52.845940 13.270601
v -79.194107 -52.800438 13.270601
v -78.344910 -52.795090 13.270601
v -79.705566 -59.954811 2.612486
v -79.664032 -59.954811 3.689468
v -77.549637 -59.954811 0.301596
v -77.736343 -56.354156 0.327696
v -77.693100 -56.354156 0.887362
v -77.606339 -59.954811 0.986509
v -79.618820 -56.354156 0.824106
v -79.660294 -56.354156 0.337118
v -79.705566 -59.954811 0.471003
v -79.705566 -59.954811 0.986509
v -78.064255 -59.954811 -10.756857
v -78.184448 -56.354156 -10.665899
v -77.762634 -56.354156 -10.644186
v -77.675858 -59.954811 -10.713430
v -78.045959 -52.795090 -10.113981
v -78.110123 -52.795090 -10.166395
v -78.110123 -52.795090 -9.804731
v -78.045959 -52.795090 -9.805546
v -77.912674 -52.623550 0.823437
v -78.304642 -52.623550 0.823437
v -78.304642 -52.753494 0.901476
v -77.849411 -52.753494 0.901476
v -77.843002 -52.623550 -10.309286
v -77.843002 -52.623550 -9.861473
v -77.779861 -52.753502 -9.862274
v -77.779861 -52.753502 -10.385719
v -79.468918 -52.623550 0.711779
v -79.468918 -52.623550 0.203236
v -79.532059 -52.753494 0.203236
v -79.532059 -52.753494 0.788212
v -79.399246 -52.623550 -10.420944
v -79.007111 -52.623550 -10.420944
v -79.007111 -52.753502 -10.498983
v -79.462494 -52.753502 -10.498983
v -79.486313 -56.354156 1.008701
v -79.127304 -56.354156 1.008701
v -78.671692 -52.804352 0.901476
v -79.462494 -52.753494 0.901476
v -77.843002 -52.623550 0.203236
v -77.980713 -52.566193 0.203236
v -77.980713 -52.566193 0.556389
v -77.843002 -52.623550 0.711781
v -78.304642 -52.623550 -10.420944
v -78.304642 -52.566200 -10.250748
v -78.050339 -52.566200 -10.250748
v -77.912674 -52.623550 -10.420944
v -79.468918 -52.642662 -9.835245
v -79.331207 -52.585312 -9.836992
v -79.331207 -52.566200 -10.153894
v -79.468918 -52.623550 -10.309286
v -78.671692 -52.674400 0.823437
v -78.671692 -52.617050 0.653242
v -79.261581 -52.566193 0.653242
v -79.399246 -52.623550 0.823437
v -78.045959 -52.795090 0.151402
v -78.045959 -52.795090 0.514271
v -78.344910 -52.795090 -10.166395
v -79.258179 -52.814201 -9.784565
v -79.258179 -52.795090 -10.113981
v -78.649551 -52.845940 0.566685
v -79.194031 -52.795090 0.566685
v -77.693100 -56.354156 -10.522846
v -77.606339 -59.954811 -10.584015
v -77.779861 -52.753494 0.788212
v -79.498566 -59.954811 1.163286
v -79.532059 -52.753502 -10.385719
v -77.849411 -52.753502 -10.498983
v -77.762634 -56.354156 1.008701
v -79.549271 -56.354156 -10.644186
v -79.618820 -56.354156 -10.522846
v -78.050339 -52.566193 0.653242
v -77.980713 -52.566200 -10.153894
v -79.261581 -52.566200 -10.250748
v -79.331207 -52.566193 0.556389
v -78.110123 -52.795090 0.566685
v -79.194031 -52.795090 -10.166395
v -79.258179 -52.795090 0.514271
v -79.636047 -59.954811 -10.713430
v -79.127304 -56.354156 -10.644186
v -79.247498 -59.954811 -10.713430
v -79.194321 -52.814201 -9.785376
v -78.959091 -52.814201 -9.788359
v -78.959091 -52.795090 -10.166395
v -78.304642 -52.753502 -10.498983
v -78.064255 -59.954811 1.155256
v -78.184448 -56.354156 1.008701
v -79.247498 -59.954811 1.115927
v -79.007111 -52.566200 -10.250748
v -78.304642 -52.566193 0.653242
v -78.344910 -52.795090 0.566685
v -78.344910 -52.795090 -9.801752
v -77.675873 -59.954811 1.115927
v -77.606339 -59.954811 -10.138575
v -77.693100 -56.354156 -10.000425
v -79.532059 -52.772614 -9.834444
v -79.598038 -56.354156 -9.632088
v -78.110123 -52.795090 0.151402
v -77.779861 -52.753494 0.203236
v -77.980713 -52.566200 -9.859726
v -79.331207 -52.566193 0.203236
v -79.258179 -52.795090 0.151402
v -78.649551 -52.845940 0.151402
v -79.194107 -52.800438 0.151402
v -78.344910 -52.795090 0.151402
v -79.705566 -59.954811 -10.506714
v -79.664032 -59.954811 -9.429731
v -77.549637 -59.954811 -12.833015
v -77.736343 -56.354156 -12.806915
v -77.693100 -56.354156 -12.247250
v -77.606339 -59.954811 -12.148100
v -79.618820 -56.354156 -12.310505
v -79.660294 -56.354156 -12.797491
v -79.705566 -59.954811 -12.663609
v -79.705566 -59.954811 -12.148100
v -78.064255 -59.954811 -23.891470
v -78.184448 -56.354156 -23.800510
v -77.762634 -56.354156 -23.778797
v -77.675858 -59.954811 -23.848042
v -78.045959 -52.795090 -23.248592
v -78.110123 -52.795090 -23.301006
v -78.110123 -52.795090 -22.939342
v -78.045959 -52.795090 -22.940157
v -77.912674 -52.623550 -12.311174
v -78.304642 -52.623550 -12.311174
v -78.304642 -52.753494 -12.233133
v -77.849411 -52.753494 -12.233133
v -77.843002 -52.623550 -23.443897
v -77.843002 -52.623550 -22.996084
v -77.779861 -52.753502 -22.996883
v -77.779861 -52.753502 -23.520330
v -79.468918 -52.623550 -12.422831
v -79.468918 -52.623550 -12.931376
v -79.532059 -52.753494 -12.931376
v -79.532059 -52.753494 -12.346399
v -79.399246 -52.623550 -23.555553
v -79.007111 -52.623550 -23.555553
v -79.007111 -52.753502 -23.633595
v -79.462494 -52.753502 -23.633595
v -79.486313 -56.354156 -12.125910
v -79.127304 -56.354156 -12.125910
v -78.671692 -52.804352 -12.233133
v -79.462494 -52.753494 -12.233133
v -77.843002 -52.623550 -12.931376
v -77.980713 -52.566193 -12.931376
v -77.980713 -52.566193 -12.578222
v -77.843002 -52.623550 -12.422831
v -78.304642 -52.623550 -23.555553
v -78.304642 -52.566200 -23.385359
v -78.050339 -52.566200 -23.385359
v -77.912674 -52.623550 -23.555553
v -79.468918 -52.642662 -22.969856
v -79.331207 -52.585312 -22.971603
v -79.331207 -52.566200 -23.288506
v -79.468918 -52.623550 -23.443897
v -78.671692 -52.674400 -12.311174
v -78.671692 -52.617050 -12.481369
v -79.261581 -52.566193 -12.481369
v -79.399246 -52.623550 -12.311174
v -78.045959 -52.795090 -12.983210
v -78.045959 -52.795090 -12.620340
v -78.344910 -52.795090 -23.301006
v -79.258179 -52.814201 -22.919176
v -79.258179 -52.795090 -23.248592
v -78.649551 -52.845940 -12.567926
v -79.194031 -52.795090 -12.567926
v -77.693100 -56.354156 -23.657455
v -77.606339 -59.954811 -23.718626
v -77.779861 -52.753494 -12.346399
v -79.498566 -59.954811 -11.971323
v -79.532059 -52.753502 -23.520330
v -77.849411 -52.753502 -23.633595
v -77.762634 -56.354156 -12.125910
v -79.549271 -56.354156 -23.778797
v -79.618820 -56.354156 -23.657455
v -78.050339 -52.566193 -12.481369
v -77.980713 -52.566200 -23.288506
v -79.261581 -52.566200 -23.385359
v -79.331207 -52.566193 -12.578222
v -78.110123 -52.795090 -12.567926
v -79.194031 -52.795090 -23.301006
v -79.258179 -52.795090 -12.620340
v -79.636047 -59.954811 -23.848042
v -79.127304 -56.354156 -23.778797
v -79.247498 -59.954811 -23.848042
v -79.194321 -52.814201 -22.919987
v -78.959091 -52.814201 -22.922970
v -78.959091 -52.795090 -23.301006
v -78.304642 -52.753502 -23.633595
v -78.064255 -59.954811 -11.979353
v -78.184448 -56.354156 -12.125910
v -79.247498 -59.954811 -12.018684
v -79.007111 -52.566200 -23.385359
v -78.304642 -52.566193 -12.481369
v -78.344910 -52.795090 -12.567926
v -78.344910 -52.795090 -22.936363
v -77.675873 -59.954811 -12.018684
v -77.606339 -59.954811 -23.273186
v -77.693100 -56.354156 -23.135035
v -79.532059 -52.772614 -22.969055
v -79.598038 -56.354156 -22.766699
v -78.110123 -52.795090 -12.983210
v -77.779861 -52.753494 -12.931376
v -77.980713 -52.566200 -22.994337
v -79.331207 -52.566193 -12.931376
v -79.258179 -52.795090 -12.983210
v -78.649551 -52.845940 -12.983210
v -79.194107 -52.800438 -12.983210
v -78.344910 -52.795090 -12.983210
v -79.705566 -59.954811 -23.641325
v -79.664032 -59.954811 -22.564342
v -77.550339 -59.955612 -25.958616
v -77.737045 -56.354958 -25.932516
v -77.693802 -56.354958 -25.372850
v -77.607040 -59.955612 -25.273703
v -79.619522 -56.354958 -25.436106
v -79.660995 -56.354958 -25.923094
v -79.706268 -59.955612 -25.789209
v -79.706268 -59.955612 -25.273703
v -78.064957 -59.955612 -37.017067
v -78.185150 -56.354958 -36.926109
v -77.763336 -56.354958 -36.904396
v -77.676559 -59.955612 -36.973640
v -78.046661 -52.795891 -36.374191
v -78.110825 -52.795891 -36.426605
v -78.110825 -52.795891 -36.064941
v -78.046661 -52.795891 -36.065758
v -77.913376 -52.624352 -25.436773
v -78.305344 -52.624352 -25.436773
v -78.305344 -52.754295 -25.358736
v -77.850113 -52.754295 -25.358736
v -77.843704 -52.624352 -36.569496
v -77.843704 -52.624352 -36.121681
v -77.780563 -52.754303 -36.122482
v -77.780563 -52.754303 -36.645927
v -79.469620 -52.624352 -25.548429
v -79.469620 -52.624352 -26.056974
v -79.532761 -52.754295 -26.056974
v -79.532761 -52.754295 -25.471998
v -79.399948 -52.624352 -36.681152
v -79.007812 -52.624352 -36.681152
v -79.007812 -52.754303 -36.759193
v -79.463196 -52.754303 -36.759193
v -79.487015 -56.354958 -25.251509
v -79.128006 -56.354958 -25.251509
v -78.672394 -52.805153 -25.358736
v -79.463196 -52.754295 -25.358736
v -77.843704 -52.624352 -26.056974
v -77.981415 -52.566994 -26.056974
v -77.981415 -52.566994 -25.703821
v -77.843704 -52.624352 -25.548429
v -78.305344 -52.624352 -36.681152
v -78.305344 -52.567001 -36.510956
v -78.051041 -52.567001 -36.510956
v -77.913376 -52.624352 -36.681152
v -79.469620 -52.643463 -36.095459
v -79.331909 -52.586113 -36.097206
v -79.331909 -52.567001 -36.414108
v -79.469620 -52.624352 -36.569496
v -78.672394 -52.675201 -25.436773
v -78.672394 -52.617851 -25.606970
v -79.262283 -52.566994 -25.606970
v -79.399948 -52.624352 -25.436773
v -78.046661 -52.795891 -26.108809
v -78.046661 -52.795891 -25.745939
v -78.345612 -52.795891 -36.426605
v -79.258881 -52.815002 -36.044777
v -79.258881 -52.795891 -36.374191
v -78.650253 -52.846741 -25.693525
v -79.194733 -52.795891 -25.693525
v -77.693802 -56.354958 -36.783058
v -77.607040 -59.955612 -36.844223
v -77.780563 -52.754295 -25.471998
v -79.499268 -59.955612 -25.096922
v -79.532761 -52.754303 -36.645927
v -77.850113 -52.754303 -36.759193
v -77.763336 -56.354958 -25.251509
v -79.549973 -56.354958 -36.904396
v -79.619522 -56.354958 -36.783058
v -78.051041 -52.566994 -25.606970
v -77.981415 -52.567001 -36.414108
v -79.262283 -52.567001 -36.510956
v -79.331909 -52.566994 -25.703821
v -78.110825 -52.795891 -25.693525
v -79.194733 -52.795891 -36.426605
v -79.258881 -52.795891 -25.745939
v -79.636749 -59.955612 -36.973640
v -79.128006 -56.354958 -36.904396
v -79.248199 -59.955612 -36.973640
v -79.195023 -52.815002 -36.045586
v -78.959793 -52.815002 -36.048569
v -78.959793 -52.795891 -36.426605
v -78.305344 -52.754303 -36.759193
v -78.064957 -59.955612 -25.104956
v -78.185150 -56.354958 -25.251509
v -79.248199 -59.955612 -25.144285
v -79.007812 -52.567001 -36.510956
v -78.305344 -52.566994 -25.606970
v -78.345612 -52.795891 -25.693525
v -78.345612 -52.795891 -36.061966
v -77.676575 -59.955612 -25.144285
v -77.607040 -59.955612 -36.398788
v -77.693802 -56.354958 -36.260635
v -79.532761 -52.773415 -36.094658
v -79.598740 -56.354958 -35.892296
v -78.110825 -52.795891 -26.108809
v -77.780563 -52.754295 -26.056974
v -77.981415 -52.567001 -36.119934
v -79.331909 -52.566994 -26.056974
v -79.258881 -52.795891 -26.108809
v -78.650253 -52.846741 -26.108809
v -79.194809 -52.801239 -26.108809
v -78.345612 -52.795891 -26.108809
v -79.706268 -59.955612 -36.766922
v -79.664734 -59.955612 -35.689941
v -73.092850 -53.162628 -37.179771
v -73.500900 -46.671730 -37.158997
v -73.406387 -46.671730 -36.713539
v -73.216782 -53.162628 -36.634621
v -77.614960 -46.671730 -36.763885
v -77.705597 -46.671730 -37.151497
v -77.804550 -53.162628 -37.044937
v -77.804550 -53.162628 -36.634621
v -74.217529 -53.162628 -45.981682
v -74.480209 -46.671730 -45.909279
v -73.558365 -46.671730 -45.891998
v -73.368713 -53.162628 -45.947113
v -74.177551 -40.255806 -45.469986
v -74.317764 -40.255806 -45.511703
v -74.317764 -40.255806 -45.223839
v -74.177551 -40.255806 -45.224487
v -73.886246 -39.946571 -36.764420
v -74.742874 -39.946571 -36.764420
v -74.742874 -40.180832 -36.702301
v -73.748001 -40.180832 -36.702301
v -73.733978 -39.946571 -45.625435
v -73.733978 -39.946571 -45.269005
v -73.595993 -40.180832 -45.269638
v -73.595993 -40.180832 -45.686272
v -77.287354 -39.946571 -36.853294
v -77.287354 -39.946571 -37.258064
v -77.425354 -40.180832 -37.258064
v -77.425354 -40.180832 -36.792458
v -77.135086 -39.946571 -45.714310
v -76.278091 -39.946571 -45.714310
v -76.278091 -40.180832 -45.776428
v -77.273331 -40.180832 -45.776428
v -77.325378 -46.671730 -36.616959
v -76.540771 -46.671730 -36.616959
v -75.545059 -40.272507 -36.702301
v -77.273331 -40.180832 -36.702301
v -73.733978 -39.946571 -37.258064
v -74.034943 -39.843178 -37.258064
v -74.034943 -39.843178 -36.976974
v -73.733978 -39.946571 -36.853287
v -74.742874 -39.946571 -45.714310
v -74.742874 -39.843178 -45.578842
v -74.187119 -39.843178 -45.578842
v -73.886246 -39.946571 -45.714310
v -77.287354 -39.981026 -45.248131
v -76.986404 -39.877632 -45.249519
v -76.986404 -39.843178 -45.501755
v -77.287354 -39.946571 -45.625435
v -75.545059 -40.038246 -36.764420
v -75.545059 -39.934853 -36.899887
v -76.834213 -39.843178 -36.899887
v -77.135086 -39.946571 -36.764420
v -74.177551 -40.255806 -37.299324
v -74.177551 -40.255806 -37.010498
v -74.830872 -40.255806 -45.511703
v -76.826797 -40.290260 -45.207787
v -76.826797 -40.255806 -45.469986
v -75.496674 -40.347481 -36.968781
v -76.686584 -40.255806 -36.968781
v -73.406387 -46.671730 -45.795418
v -73.216782 -53.162628 -45.844109
v -73.595993 -40.180832 -36.792458
v -77.352158 -53.162628 -36.493919
v -77.425339 -40.180832 -45.686272
v -73.748001 -40.180832 -45.776428
v -73.558365 -46.671730 -36.616959
v -77.462982 -46.671730 -45.891998
v -77.614944 -46.671730 -45.795418
v -74.187119 -39.843178 -36.899887
v -74.034943 -39.843178 -45.501755
v -76.834213 -39.843178 -45.578842
v -76.986404 -39.843178 -36.976974
v -74.317764 -40.255806 -36.968781
v -76.686584 -40.255806 -45.511703
v -76.826797 -40.255806 -37.010498
v -77.652618 -53.162628 -45.947113
v -76.540771 -46.671730 -45.891998
v -76.803452 -53.162628 -45.947113
v -76.687256 -40.290260 -45.208435
v -76.173157 -40.290260 -45.210808
v -76.173157 -40.255806 -45.511703
v -74.742874 -40.180832 -45.776428
v -74.217529 -53.162628 -36.500305
v -74.480209 -46.671730 -36.616959
v -76.803452 -53.162628 -36.531609
v -76.278091 -39.843178 -45.578842
v -74.742874 -39.843178 -36.899887
v -74.830872 -40.255806 -36.968781
v -74.830872 -40.255806 -45.221474
v -73.368713 -53.162628 -36.531609
v -73.216782 -53.162628 -45.489563
v -73.406387 -46.671730 -45.379601
v -77.425339 -40.215279 -45.247490
v -77.569550 -46.671730 -45.086426
v -74.317764 -40.255806 -37.299324
v -73.595993 -40.180832 -37.258064
v -74.034943 -39.843178 -45.267616
v -76.986404 -39.843178 -37.258064
v -76.826797 -40.255806 -37.299324
v -75.496674 -40.347481 -37.299324
v -76.686768 -40.265457 -37.299324
v -74.830872 -40.255806 -37.299324
v -77.804550 -53.162628 -45.782578
v -77.713760 -53.162628 -44.925362
v -73.147949 -53.164330 -52.412468
v -73.556000 -46.673431 -52.391701
v -73.461487 -46.673431 -51.946236
v -73.271881 -53.164330 -51.867317
v -77.670059 -46.673431 -51.996582
v -77.760696 -46.673431 -52.384193
v -77.859650 -53.164330 -52.277634
v -77.859650 -53.164330 -51.867317
v -74.272629 -53.164330 -61.214378
v -74.535309 -46.673431 -61.141975
v -73.613464 -46.673431 -61.124702
v -73.423813 -53.164330 -61.179817
v -74.232651 -40.257507 -60.702690
v -74.372864 -40.257507 -60.744408
v -74.372864 -40.257507 -60.456535
v -74.232651 -40.257507 -60.457191
v -73.941345 -39.948273 -51.997116
v -74.797974 -39.948273 -51.997116
v -74.797974 -40.182533 -51.934998
v -73.803101 -40.182533 -51.934998
v -73.789078 -39.948273 -60.858139
v -73.789078 -39.948273 -60.501701
v -73.651093 -40.182533 -60.502342
v -73.651093 -40.182533 -60.918968
v -77.342453 -39.948273 -52.085991
v -77.342453 -39.948273 -52.490761
v -77.480453 -40.182533 -52.490761
v -77.480453 -40.182533 -52.025154
v -77.190186 -39.948273 -60.947014
v -76.333191 -39.948273 -60.947014
v -76.333191 -40.182533 -61.009125
v -77.328430 -40.182533 -61.009125
v -77.380478 -46.673431 -51.849655
v -76.595871 -46.673431 -51.849655
v -75.600159 -40.274208 -51.934998
v -77.328430 -40.182533 -51.934998
v -73.789078 -39.948273 -52.490761
v -74.090042 -39.844879 -52.490761
v -74.090042 -39.844879 -52.209671
v -73.789078 -39.948273 -52.085991
v -74.797974 -39.948273 -60.947014
v -74.797974 -39.844879 -60.811546
v -74.242218 -39.844879 -60.811546
v -73.941345 -39.948273 -60.947014
v -77.342453 -39.982727 -60.480827
v -77.041504 -39.879333 -60.482216
v -77.041504 -39.844879 -60.734459
v -77.342453 -39.948273 -60.858139
v -75.600159 -40.039948 -51.997116
v -75.600159 -39.936554 -52.132584
v -76.889313 -39.844879 -52.132584
v -77.190186 -39.948273 -51.997116
v -74.232651 -40.257507 -52.532021
v -74.232651 -40.257507 -52.243195
v -74.885971 -40.257507 -60.744408
v -76.881897 -40.291962 -60.440491
v -76.881897 -40.257507 -60.702690
v -75.551773 -40.349182 -52.201477
v -76.741684 -40.257507 -52.201477
v -73.461487 -46.673431 -61.028114
v -73.271881 -53.164330 -61.076805
v -73.651093 -40.182533 -52.025154
v -77.407257 -53.164330 -51.726616
v -77.480438 -40.182533 -60.918968
v -73.803101 -40.182533 -61.009125
v -73.613464 -46.673431 -51.849655
v -77.518082 -46.673431 -61.124702
v -77.670044 -46.673431 -61.028114
v -74.242218 -39.844879 -52.132584
v -74.090042 -39.844879 -60.734459
v -76.889313 -39.844879 -60.811546
v -77.041504 -39.844879 -52.209671
v -74.372864 -40.257507 -52.201477
v -76.741684 -40.257507 -60.744408
v -76.881897 -40.257507 -52.243195
v -77.707718 -53.164330 -61.179817
v -76.595871 -46.673431 -61.124702
v -76.858551 -53.164330 -61.179817
v -76.742355 -40.291962 -60.441139
v -76.228256 -40.291962 -60.443504
v -76.228256 -40.257507 -60.744408
v -74.797974 -40.182533 -61.009125
v -74.272629 -53.164330 -51.733002
v -74.535309 -46.673431 -51.849655
v -76.858551 -53.164330 -51.764313
v -76.333191 -39.844879 -60.811546
v -74.797974 -39.844879 -52.132584
v -74.885971 -40.257507 -52.201477
v -74.885971 -40.257507 -60.454170
v -73.423813 -53.164330 -51.764313
v -73.271881 -53.164330 -60.722260
v -73.461487 -46.673431 -60.612297
v -77.480438 -40.216980 -60.480186
v -77.624649 -46.673431 -60.319130
v -74.372864 -40.257507 -52.532021
v -73.651093 -40.182533 -52.490761
v -74.090042 -39.844879 -60.500313
v -77.041504 -39.844879 -52.490761
v -76.881897 -40.257507 -52.532021
v -75.551773 -40.349182 -52.532021
v -76.741867 -40.267159 -52.532021
v -74.885971 -40.257507 -52.532021
v -77.859650 -53.164330 -61.015282
v -77.768860 -53.164330 -60.158058
v -77.550339 -59.955612 -39.060814
v -77.737045 -56.354958 -39.034714
v -77.693802 -56.354958 -38.475044
v -77.607040 -59.955612 -38.375900
v -79.619522 -56.354958 -38.538300
v -79.660995 -56.354958 -39.025291
v -79.706268 -59.955612 -38.891403
v -79.706268 -59.955612 -38.375900
v -78.064957 -59.955612 -50.119263
v -78.185150 -56.354958 -50.028305
v -77.763336 -56.354958 -50.006592
v -77.676559 -59.955612 -50.075836
v -78.046661 -52.795891 -49.476387
v -78.110825 -52.795891 -49.528801
v -78.110825 -52.795891 -49.167137
v -78.046661 -52.795891 -49.167953
v -77.913376 -52.624352 -38.538971
v -78.305344 -52.624352 -38.538971
v -78.305344 -52.754295 -38.460930
v -77.850113 -52.754295 -38.460930
v -77.843704 -52.624352 -49.671692
v -77.843704 -52.624352 -49.223885
v -77.780563 -52.754303 -49.224678
v -77.780563 -52.754303 -49.748123
v -79.469620 -52.624352 -38.650627
v -79.469620 -52.624352 -39.159172
v -79.532761 -52.754295 -39.159172
v -79.532761 -52.754295 -38.574196
v -79.399948 -52.624352 -49.783348
v -79.007812 -52.624352 -49.783348
v -79.007812 -52.754303 -49.861389
v -79.463196 -52.754303 -49.861389
v -79.487015 -56.354958 -38.353706
v -79.128006 -56.354958 -38.353706
v -78.672394 -52.805153 -38.460930
v -79.463196 -52.754295 -38.460930
v -77.843704 -52.624352 -39.159172
v -77.981415 -52.566994 -39.159172
v -77.981415 -52.566994 -38.806015
v -77.843704 -52.624352 -38.650627
v -78.305344 -52.624352 -49.783348
v -78.305344 -52.567001 -49.613159
v -78.051041 -52.567001 -49.613159
v -77.913376 -52.624352 -49.783348
v -79.469620 -52.643463 -49.197655
v -79.331909 -52.586113 -49.199402
v -79.331909 -52.567001 -49.516304
v -79.469620 -52.624352 -49.671692
v -78.672394 -52.675201 -38.538971
v -78.672394 -52.617851 -38.709167
v -79.262283 -52.566994 -38.709167
v -79.399948 -52.624352 -38.538971
v -78.046661 -52.795891 -39.211006
v -78.046661 -52.795891 -38.848137
v -78.345612 -52.795891 -49.528801
v -79.258881 -52.815002 -49.146973
v -79.258881 -52.795891 -49.476387
v -78.650253 -52.846741 -38.795723
v -79.194733 -52.795891 -38.795723
v -77.693802 -56.354958 -49.885254
v -77.607040 -59.955612 -49.946419
v -77.780563 -52.754295 -38.574196
v -79.499268 -59.955612 -38.199120
v -79.532761 -52.754303 -49.748123
v -77.850113 -52.754303 -49.861389
v -77.763336 -56.354958 -38.353706
v -79.549973 -56.354958 -50.006592
v -79.619522 -56.354958 -49.885254
v -78.051041 -52.566994 -38.709167
v -77.981415 -52.567001 -49.516304
v -79.262283 -52.567001 -49.613159
v -79.331909 -52.566994 -38.806015
v -78.110825 -52.795891 -38.795723
v -79.194733 -52.795891 -49.528801
v -79.258881 -52.795891 -38.848137
v -79.636749 -59.955612 -50.075836
v -79.128006 -56.354958 -50.006592
v -79.248199 -59.955612 -50.075836
v -79.195023 -52.815002 -49.147781
v -78.959793 -52.815002 -49.150764
v -78.959793 -52.795891 -49.528801
v -78.305344 -52.754303 -49.861389
v -78.064957 -59.955612 -38.207153
v -78.185150 -56.354958 -38.353706
v -79.248199 -59.955612 -38.246483
v -79.007812 -52.567001 -49.613159
v -78.305344 -52.566994 -38.709167
v -78.345612 -52.795891 -38.795723
v -78.345612 -52.795891 -49.164162
v -77.676575 -59.955612 -38.246483
v -77.607040 -59.955612 -49.500984
v -77.693802 -56.354958 -49.362831
v -79.532761 -52.773415 -49.196854
v -79.598740 -56.354958 -48.994492
v -78.110825 -52.795891 -39.211006
v -77.780563 -52.754295 -39.159172
v -77.981415 -52.567001 -49.222130
v -79.331909 -52.566994 -39.159172
v -79.258881 -52.795891 -39.211006
v -78.650253 -52.846741 -39.211006
v -79.194809 -52.801239 -39.211006
v -78.345612 -52.795891 -39.211006
v -79.706268 -59.955612 -49.869118
v -79.664734 -59.955612 -48.792137
v -77.550339 -59.955612 -52.195518
v -77.737045 -56.354958 -52.169418
v -77.693802 -56.354958 -51.609749
v -77.607040 -59.955612 -51.510605
v -79.619522 -56.354958 -51.673004
v -79.660995 -56.354958 -52.159996
v -79.706268 -59.955612 -52.026108
v -79.706268 -59.955612 -51.510605
v -78.064957 -59.955612 -63.253975
v -78.185150 -56.354958 -63.163017
v -77.763336 -56.354958 -63.141304
v -77.676559 -59.955612 -63.210548
v -78.046661 -52.795891 -62.611092
v -78.110825 -52.795891 -62.663506
v -78.110825 -52.795891 -62.301842
v -78.046661 -52.795891 -62.302658
v -77.913376 -52.624352 -51.673676
v -78.305344 -52.624352 -51.673676
v -78.305344 -52.754295 -51.595634
v -77.850113 -52.754295 -51.595634
v -77.843704 -52.624352 -62.806404
v -77.843704 -52.624352 -62.358589
v -77.780563 -52.754303 -62.359383
v -77.780563 -52.754303 -62.882835
v -79.469620 -52.624352 -51.785332
v -79.469620 -52.624352 -52.293877
v -79.532761 -52.754295 -52.293877
v -79.532761 -52.754295 -51.708900
v -79.399948 -52.624352 -62.918053
v -79.007812 -52.624352 -62.918053
v -79.007812 -52.754303 -62.996101
v -79.463196 -52.754303 -62.996101
v -79.487015 -56.354958 -51.488411
v -79.128006 -56.354958 -51.488411
v -78.672394 -52.805153 -51.595634
v -79.463196 -52.754295 -51.595634
v -77.843704 -52.624352 -52.293877
v -77.981415 -52.566994 -52.293877
v -77.981415 -52.566994 -51.940720
v -77.843704 -52.624352 -51.785332
v -78.305344 -52.624352 -62.918053
v -78.305344 -52.567001 -62.747856
v -78.051041 -52.567001 -62.747856
v -77.913376 -52.624352 -62.918053
v -79.469620 -52.643463 -62.332359
v -79.331909 -52.586113 -62.334106
v -79.331909 -52.567001 -62.651009
v -79.469620 -52.624352 -62.806404
v -78.672394 -52.675201 -51.673676
v -78.672394 -52.617851 -51.843872
v -79.262283 -52.566994 -51.843872
v -79.399948 -52.624352 -51.673676
v -78.046661 -52.795891 -52.345711
v -78.046661 -52.795891 -51.982841
v -78.345612 -52.795891 -62.663506
v -79.258881 -52.815002 -62.281685
v -79.258881 -52.795891 -62.611092
v -78.650253 -52.846741 -51.930428
v -79.194733 -52.795891 -51.930428
v -77.693802 -56.354958 -63.019958
v -77.607040 -59.955612 -63.081123
v -77.780563 -52.754295 -51.708900
v -79.499268 -59.955612 -51.333824
v -79.532761 -52.754303 -62.882835
v -77.850113 -52.754303 -62.996101
v -77.763336 -56.354958 -51.488411
v -79.549973 -56.354958 -63.141304
v -79.619522 -56.354958 -63.019958
v -78.051041 -52.566994 -51.843872
v -77.981415 -52.567001 -62.651009
v -79.262283 -52.567001 -62.747856
v -79.331909 -52.566994 -51.940720
v -78.110825 -52.795891 -51.930428
v -79.194733 -52.795891 -62.663506
v -79.258881 -52.795891 -51.982841
v -79.636749 -59.955612 -63.210548
v -79.128006 -56.354958 -63.141304
v -79.248199 -59.955612 -63.210548
v -79.195023 -52.815002 -62.282494
v -78.959793 -52.815002 -62.285469
v -78.959793 -52.795891 -62.663506
v -78.305344 -52.754303 -62.996101
v -78.064957 -59.955612 -51.341858
v -78.185150 -56.354958 -51.488411
v -79.248199 -59.955612 -51.381187
v -79.007812 -52.567001 -62.747856
v -78.305344 -52.566994 -51.843872
v -78.345612 -52.795891 -51.930428
v -78.345612 -52.795891 -62.298866
v -77.676575 -59.955612 -51.381187
v -77.607040 -59.955612 -62.635689
v -77.693802 -56.354958 -62.497536
v -79.532761 -52.773415 -62.331558
v -79.598740 -56.354958 -62.129204
v -78.110825 -52.795891 -52.345711
v -77.780563 -52.754295 -52.293877
v -77.981415 -52.567001 -62.356834
v -79.331909 -52.566994 -52.293877
v -79.258881 -52.795891 -52.345711
v -78.650253 -52.846741 -52.345711
v -79.194809 -52.801239 -52.345711
v -78.345612 -52.795891 -52.345711
v -79.706268 -59.955612 -63.003822
v -79.664734 -59.955612 -61.926842
v -79.448944 -65.673950 26.519747
v -79.635651 -62.189438 26.546217
v -79.592407 -62.189430 27.113768
v -79.505646 -65.673950 27.214315
v -81.518112 -62.189430 27.049620
v -81.559586 -62.189430 26.555769
v -81.604874 -65.673950 26.691542
v -81.604874 -65.673950 27.214315
v -79.963562 -65.673950 15.305426
v -80.083755 -62.189438 15.397665
v -79.661942 -62.189438 15.419683
v -79.575165 -65.673950 15.349463
v -79.945267 -58.745163 15.957365
v -80.009415 -58.745163 15.904211
v -80.009415 -58.745163 16.270971
v -79.945267 -58.745163 16.270147
v -79.811966 -58.579155 27.048941
v -80.203934 -58.579155 27.048941
v -80.203934 -58.704918 27.128080
v -79.748718 -58.704918 27.128080
v -79.742294 -58.579163 15.759306
v -79.742294 -58.579163 16.213430
v -79.679153 -58.704918 16.212618
v -79.679153 -58.704918 15.681795
v -81.368210 -58.579155 26.935713
v -81.368210 -58.579155 26.420004
v -81.431351 -58.704918 26.420000
v -81.431351 -58.704918 27.013224
v -81.298538 -58.579163 15.646074
v -80.906418 -58.579163 15.646074
v -80.906418 -58.704918 15.566935
v -81.361801 -58.704918 15.566935
v -81.385620 -62.189430 27.236822
v -81.026611 -62.189430 27.236822
v -80.570999 -58.754128 27.128080
v -81.361801 -58.704918 27.128080
v -79.742294 -58.579155 26.420000
v -79.880005 -58.523651 26.420000
v -79.880005 -58.523651 26.778135
v -79.742294 -58.579155 26.935713
v -80.203934 -58.579155 15.646074
v -80.203934 -58.523659 15.818670
v -79.949646 -58.523659 15.818670
v -79.811966 -58.579163 15.646074
v -81.368210 -58.597656 16.240026
v -81.230515 -58.542152 16.238256
v -81.230515 -58.523659 15.916887
v -81.368210 -58.579163 15.759306
v -80.570999 -58.628372 27.048941
v -80.570999 -58.572868 26.876348
v -81.160873 -58.523651 26.876348
v -81.298538 -58.579155 27.048941
v -79.945267 -58.745163 26.367437
v -79.945267 -58.745163 26.735418
v -80.244202 -58.745163 15.904211
v -81.157471 -58.763657 16.291422
v -81.157471 -58.745163 15.957365
v -80.548859 -58.794380 26.788572
v -81.093323 -58.745163 26.788572
v -79.592407 -62.189438 15.542738
v -79.505646 -65.673950 15.480703
v -79.679153 -58.704918 27.013224
v -81.397873 -65.673950 27.393583
v -81.431351 -58.704918 15.681795
v -79.748718 -58.704918 15.566935
v -79.661942 -62.189438 27.236822
v -81.448578 -62.189430 15.419683
v -81.518112 -62.189430 15.542738
v -79.949646 -58.523651 26.876348
v -79.880005 -58.523659 15.916887
v -81.160873 -58.523659 15.818670
v -81.230515 -58.523651 26.778135
v -80.009415 -58.745163 26.788572
v -81.093323 -58.745163 15.904211
v -81.157486 -58.745163 26.735418
v -81.535355 -65.673950 15.349463
v -81.026596 -62.189438 15.419683
v -81.146790 -65.673950 15.349463
v -81.093628 -58.763657 16.290602
v -80.858383 -58.763657 16.287573
v -80.858383 -58.745163 15.904211
v -80.203934 -58.704918 15.566935
v -79.963562 -65.673950 27.385443
v -80.083755 -62.189438 27.236822
v -81.146790 -65.673950 27.345556
v -80.906418 -58.523659 15.818670
v -80.203934 -58.523651 26.876348
v -80.244202 -58.745163 26.788572
v -80.244202 -58.745163 16.273993
v -79.575165 -65.673950 27.345556
v -79.505646 -65.673950 15.932425
v -79.592407 -62.189438 16.072523
v -81.431351 -58.723412 16.240843
v -81.497345 -62.189430 16.446051
v -80.009415 -58.745163 26.367437
v -79.679153 -58.704918 26.420000
v -79.880005 -58.523659 16.215200
v -81.230515 -58.523651 26.420004
v -81.157486 -58.745163 26.367437
v -80.548859 -58.794380 26.367437
v -81.093414 -58.750343 26.367437
v -80.244202 -58.745163 26.367437
v -81.604874 -65.673950 15.559095
v -81.563324 -65.673950 16.651258
v -79.448944 -65.673950 -0.000193
v -79.635651 -62.189438 0.026289
v -79.592407 -62.189430 0.594095
v -79.505646 -65.673950 0.694685
v -81.518112 -62.189430 0.529919
v -81.559586 -62.189430 0.035849
v -81.604874 -65.673950 0.171679
v -81.604874 -65.673950 0.694685
v -79.963562 -65.673950 -11.219505
v -80.083755 -62.189438 -11.127224
v -79.661942 -62.189438 -11.105194
v -79.575165 -65.673950 -11.175446
v -79.945267 -58.745163 -10.567278
v -80.009415 -58.745163 -10.620453
v -80.009415 -58.745163 -10.253529
v -79.945267 -58.745163 -10.254354
v -79.811966 -58.579155 0.529240
v -80.203934 -58.579155 0.529240
v -80.203934 -58.704918 0.608416
v -79.748718 -58.704918 0.608416
v -79.742294 -58.579163 -10.765423
v -79.742294 -58.579163 -10.311096
v -79.679153 -58.704918 -10.311907
v -79.679153 -58.704918 -10.842968
v -81.368210 -58.579155 0.415960
v -81.368210 -58.579155 -0.099981
v -81.431351 -58.704918 -0.099983
v -81.431351 -58.704918 0.493504
v -81.298538 -58.579163 -10.878704
v -80.906418 -58.579163 -10.878704
v -80.906418 -58.704918 -10.957878
v -81.361801 -58.704918 -10.957878
v -81.385620 -62.189430 0.717199
v -81.026611 -62.189430 0.717199
v -80.570999 -58.754128 0.608416
v -81.361801 -58.704918 0.608416
v -79.742294 -58.579155 -0.099983
v -79.880005 -58.523651 -0.099983
v -79.880005 -58.523651 0.258308
v -79.742294 -58.579155 0.415960
v -80.203934 -58.579155 -10.878704
v -80.203934 -58.523659 -10.706034
v -79.949646 -58.523659 -10.706034
v -79.811966 -58.579163 -10.878704
v -81.368210 -58.597656 -10.284487
v -81.230515 -58.542152 -10.286259
v -81.230515 -58.523659 -10.607771
v -81.368210 -58.579163 -10.765423
v -80.570999 -58.628372 0.529240
v -80.570999 -58.572868 0.356569
v -81.160873 -58.523651 0.356569
v -81.298538 -58.579155 0.529240
v -79.945267 -58.745163 -0.152571
v -79.945267 -58.745163 0.215578
v -80.244202 -58.745163 -10.620453
v -81.157471 -58.763657 -10.233068
v -81.157471 -58.745163 -10.567278
v -80.548859 -58.794380 0.268755
v -81.093323 -58.745163 0.268755
v -79.592407 -62.189438 -10.982088
v -79.505646 -65.673950 -11.044147
v -79.679153 -58.704918 0.493504
v -81.397873 -65.673950 0.874035
v -81.431351 -58.704918 -10.842968
v -79.748718 -58.704918 -10.957878
v -79.661942 -62.189438 0.717199
v -81.448578 -62.189430 -11.105194
v -81.518112 -62.189430 -10.982088
v -79.949646 -58.523651 0.356569
v -79.880005 -58.523659 -10.607771
v -81.160873 -58.523659 -10.706034
v -81.230515 -58.523651 0.258308
v -80.009415 -58.745163 0.268755
v -81.093323 -58.745163 -10.620453
v -81.157486 -58.745163 0.215578
v -81.535355 -65.673950 -11.175446
v -81.026596 -62.189438 -11.105194
v -81.146790 -65.673950 -11.175446
v -81.093628 -58.763657 -10.233892
v -80.858383 -58.763657 -10.236917
v -80.858383 -58.745163 -10.620453
v -80.203934 -58.704918 -10.957878
v -79.963562 -65.673950 0.865889
v -80.083755 -62.189438 0.717199
v -81.146790 -65.673950 0.825985
v -80.906418 -58.523659 -10.706034
v -80.203934 -58.523651 0.356569
v -80.244202 -58.745163 0.268755
v -80.244202 -58.745163 -10.250507
v -79.575165 -65.673950 0.825985
v -79.505646 -65.673950 -10.592226
v -79.592407 -62.189438 -10.452068
v -81.431351 -58.723412 -10.283674
v -81.497345 -62.189430 -10.078373
v -80.009415 -58.745163 -0.152571
v -79.679153 -58.704918 -0.099983
v -79.880005 -58.523659 -10.309322
v -81.230515 -58.523651 -0.099981
v -81.157486 -58.745163 -0.152571
v -80.548859 -58.794380 -0.152571
v -81.093414 -58.750343 -0.152571
v -80.244202 -58.745163 -0.152571
v -81.604874 -65.673950 -10.965721
v -81.563324 -65.673950 -9.873074
v -79.448944 -65.673950 -13.246737
v -79.635651 -62.189438 -13.220448
v -79.592407 -62.189430 -12.656767
v -79.505646 -65.673950 -12.556908
v -81.518112 -62.189430 -12.720476
v -81.559586 -62.189430 -13.210957
v -81.604874 -65.673950 -13.076113
v -81.604874 -65.673950 -12.556908
v -79.963562 -65.673950 -24.384531
v -80.083755 -62.189438 -24.292921
v -79.661942 -62.189438 -24.271051
v -79.575165 -65.673950 -24.340796
v -79.945267 -58.745163 -23.737043
v -80.009415 -58.745163 -23.789833
v -80.009415 -58.745163 -23.425573
v -79.945267 -58.745163 -23.426394
v -79.811966 -58.579155 -12.721151
v -80.203934 -58.579155 -12.721151
v -80.203934 -58.704918 -12.642550
v -79.748718 -58.704918 -12.642550
v -79.742294 -58.579163 -23.933748
v -79.742294 -58.579163 -23.482723
v -79.679153 -58.704918 -23.483528
v -79.679153 -58.704918 -24.010733
v -81.368210 -58.579155 -12.833609
v -81.368210 -58.579155 -13.345800
v -81.431351 -58.704918 -13.345800
v -81.431351 -58.704918 -12.756628
v -81.298538 -58.579163 -24.046209
v -80.906418 -58.579163 -24.046209
v -80.906418 -58.704918 -24.124807
v -81.361801 -58.704918 -24.124807
v -81.385620 -62.189430 -12.534555
v -81.026611 -62.189430 -12.534555
v -80.570999 -58.754128 -12.642550
v -81.361801 -58.704918 -12.642550
v -79.742294 -58.579155 -13.345800
v -79.880005 -58.523651 -13.345800
v -79.880005 -58.523651 -12.990114
v -79.742294 -58.579155 -12.833609
v -80.203934 -58.579155 -24.046209
v -80.203934 -58.523659 -23.874790
v -79.949646 -58.523659 -23.874790
v -79.811966 -58.579163 -24.046209
v -81.368210 -58.597656 -23.456306
v -81.230515 -58.542152 -23.458065
v -81.230515 -58.523659 -23.777243
v -81.368210 -58.579163 -23.933748
v -80.570999 -58.628372 -12.721151
v -80.570999 -58.572868 -12.892567
v -81.160873 -58.523651 -12.892567
v -81.298538 -58.579155 -12.721151
v -79.945267 -58.745163 -13.398008
v -79.945267 -58.745163 -13.032534
v -80.244202 -58.745163 -23.789833
v -81.157471 -58.763657 -23.405262
v -81.157471 -58.745163 -23.737043
v -80.548859 -58.794380 -12.979744
v -81.093323 -58.745163 -12.979744
v -79.592407 -62.189438 -24.148840
v -79.505646 -65.673950 -24.210447
v -79.679153 -58.704918 -12.756628
v -81.397873 -65.673950 -12.378862
v -81.431351 -58.704918 -24.010733
v -79.748718 -58.704918 -24.124807
v -79.661942 -62.189438 -12.534555
v -81.448578 -62.189430 -24.271051
v -81.518112 -62.189430 -24.148840
v -79.949646 -58.523651 -12.892565
v -79.880005 -58.523659 -23.777243
v -81.160873 -58.523659 -23.874790
v -81.230515 -58.523651 -12.990114
v -80.009415 -58.745163 -12.979744
v -81.093323 -58.745163 -23.789833
v -81.157486 -58.745163 -13.032534
v -81.535355 -65.673950 -24.340796
v -81.026596 -62.189438 -24.271051
v -81.146790 -65.673950 -24.340796
v -81.093628 -58.763657 -23.406078
v -80.858383 -58.763657 -23.409084
v -80.858383 -58.745163 -23.789833
v -80.203934 -58.704918 -24.124807
v -79.963562 -65.673950 -12.386950
v -80.083755 -62.189438 -12.534555
v -81.146790 -65.673950 -12.426561
v -80.906418 -58.523659 -23.874790
v -80.203934 -58.523651 -12.892565
v -80.244202 -58.745163 -12.979744
v -80.244202 -58.745163 -23.422573
v -79.575165 -65.673950 -12.426561
v -79.505646 -65.673950 -23.761810
v -79.592407 -62.189438 -23.622669
v -81.431351 -58.723412 -23.455500
v -81.497345 -62.189430 -23.251692
v -80.009415 -58.745163 -13.398008
v -79.679153 -58.704918 -13.345800
v -79.880005 -58.523659 -23.480963
v -81.230515 -58.523651 -13.345800
v -81.157486 -58.745163 -13.398008
v -80.548859 -58.794380 -13.398008
v -81.093414 -58.750343 -13.398008
v -80.244202 -58.745163 -13.398008
v -81.604874 -65.673950 -24.132593
v -81.563324 -65.673950 -23.047882
v -79.449646 -65.674751 -26.494452
v -79.636353 -62.190239 -26.467886
v -79.593109 -62.190239 -25.898226
v -79.506348 -65.674751 -25.797308
v -81.518814 -62.190239 -25.962610
v -81.560287 -62.190239 -26.458296
v -81.605576 -65.674751 -26.322020
v -81.605576 -65.674751 -25.797308
v -79.964264 -65.674751 -37.750427
v -80.084457 -62.190239 -37.657845
v -79.662643 -62.190239 -37.635742
v -79.575867 -65.674751 -37.706223
v -79.945969 -58.745972 -37.096069
v -80.010117 -58.745972 -37.149414
v -80.010117 -58.745972 -36.781288
v -79.945969 -58.745972 -36.782120
v -79.812668 -58.579964 -25.963293
v -80.204636 -58.579964 -25.963293
v -80.204636 -58.705719 -25.883856
v -79.749420 -58.705719 -25.883856
v -79.742996 -58.579964 -37.294861
v -79.742996 -58.579964 -36.839050
v -79.679855 -58.705719 -36.839859
v -79.679855 -58.705719 -37.372658
v -81.368912 -58.579964 -26.076941
v -81.368912 -58.579964 -26.594572
v -81.432053 -58.705719 -26.594572
v -81.432053 -58.705719 -25.999144
v -81.299240 -58.579964 -37.408508
v -80.907120 -58.579964 -37.408508
v -80.907120 -58.705719 -37.487946
v -81.362503 -58.705719 -37.487946
v -81.386322 -62.190239 -25.774717
v -81.027313 -62.190239 -25.774717
v -80.571701 -58.754936 -25.883856
v -81.362503 -58.705719 -25.883856
v -79.742996 -58.579964 -26.594572
v -79.880707 -58.524460 -26.594572
v -79.880707 -58.524460 -26.235106
v -79.742996 -58.579964 -26.076941
v -80.204636 -58.579964 -37.408508
v -80.204636 -58.524460 -37.235275
v -79.950348 -58.524460 -37.235275
v -79.812668 -58.579964 -37.408508
v -81.368912 -58.598457 -36.812347
v -81.231216 -58.542953 -36.814125
v -81.231216 -58.524460 -37.136688
v -81.368912 -58.579964 -37.294861
v -80.571701 -58.629173 -25.963293
v -80.571701 -58.573669 -26.136526
v -81.161575 -58.524460 -26.136526
v -81.299240 -58.579964 -25.963293
v -79.945969 -58.745972 -26.647329
v -79.945969 -58.745972 -26.277979
v -80.244904 -58.745972 -37.149414
v -81.158173 -58.764465 -36.760765
v -81.158173 -58.745972 -37.096069
v -80.549561 -58.795181 -26.224630
v -81.094025 -58.745972 -26.224630
v -79.593109 -62.190239 -37.512230
v -79.506348 -65.674751 -37.574493
v -79.679855 -58.705719 -25.999144
v -81.398575 -65.674751 -25.617369
v -81.432053 -58.705719 -37.372658
v -79.749420 -58.705719 -37.487946
v -79.662643 -62.190239 -25.774717
v -81.449280 -62.190239 -37.635742
v -81.518814 -62.190239 -37.512230
v -79.950348 -58.524460 -26.136526
v -79.880707 -58.524460 -37.136688
v -81.161575 -58.524460 -37.235275
v -81.231216 -58.524460 -26.235106
v -80.010117 -58.745972 -26.224630
v -81.094025 -58.745972 -37.149414
v -81.158188 -58.745972 -26.277979
v -81.536057 -65.674751 -37.706223
v -81.027298 -62.190239 -37.635742
v -81.147491 -65.674751 -37.706223
v -81.094330 -58.764465 -36.761589
v -80.859085 -58.764465 -36.764626
v -80.859085 -58.745972 -37.149414
v -80.204636 -58.705719 -37.487946
v -79.964264 -65.674751 -25.625544
v -80.084457 -62.190239 -25.774717
v -81.147491 -65.674751 -25.665579
v -80.907120 -58.524460 -37.235275
v -80.204636 -58.524460 -26.136526
v -80.244904 -58.745972 -26.224630
v -80.244904 -58.745972 -36.778259
v -79.575867 -65.674751 -25.665579
v -79.506348 -65.674751 -37.121094
v -79.593109 -62.190239 -36.980476
v -81.432053 -58.724213 -36.811539
v -81.498047 -62.190239 -36.605568
v -80.010117 -58.745972 -26.647329
v -79.679855 -58.705719 -26.594572
v -79.880707 -58.524460 -36.837265
v -81.231216 -58.524460 -26.594572
v -81.158188 -58.745972 -26.647329
v -80.549561 -58.795181 -26.647329
v -81.094116 -58.751152 -26.647329
v -80.244904 -58.745972 -26.647329
v -81.605576 -65.674751 -37.495811
v -81.564026 -65.674751 -36.399590
v -79.449646 -65.674751 -39.757706
v -79.636353 -62.190239 -39.731010
v -79.593109 -62.190239 -39.158577
v -79.506348 -65.674751 -39.057167
v -81.518814 -62.190239 -39.223274
v -81.560287 -62.190239 -39.721367
v -81.605576 -65.674751 -39.584435
v -81.605576 -65.674751 -39.057167
v -79.964264 -65.674751 -51.068436
v -80.084457 -62.190239 -50.975403
v -79.662643 -62.190239 -50.953194
v -79.575867 -65.674751 -51.024017
v -79.945969 -58.745972 -50.410896
v -80.010117 -58.745972 -50.464500
v -80.010117 -58.745972 -50.094589
v -79.945969 -58.745972 -50.095421
v -79.812668 -58.579964 -39.223961
v -80.204636 -58.579964 -39.223961
v -80.204636 -58.705719 -39.144135
v -79.749420 -58.705719 -39.144135
v -79.742996 -58.579964 -50.610657
v -79.742996 -58.579964 -50.152626
v -79.679855 -58.705719 -50.153442
v -79.679855 -58.705719 -50.688828
v -81.368912 -58.579964 -39.338165
v -81.368912 -58.579964 -39.858307
v -81.432053 -58.705719 -39.858307
v -81.432053 -58.705719 -39.259987
v -81.299240 -58.579964 -50.724861
v -80.907120 -58.579964 -50.724861
v -80.907120 -58.705719 -50.804680
v -81.362503 -58.705719 -50.804680
v -81.386322 -62.190239 -39.034470
v -81.027313 -62.190239 -39.034470
v -80.571701 -58.754936 -39.144135
v -81.362503 -58.705719 -39.144135
v -79.742996 -58.579964 -39.858307
v -79.880707 -58.524460 -39.858307
v -79.880707 -58.524460 -39.497093
v -79.742996 -58.579964 -39.338158
v -80.204636 -58.579964 -50.724861
v -80.204636 -58.524460 -50.550781
v -79.950348 -58.524460 -50.550781
v -79.812668 -58.579964 -50.724861
v -81.368912 -58.598457 -50.125801
v -81.231216 -58.542953 -50.127586
v -81.231216 -58.524460 -50.451714
v -81.368912 -58.579964 -50.610657
v -80.571701 -58.629173 -39.223961
v -80.571701 -58.573669 -39.398033
v -81.161575 -58.524460 -39.398033
v -81.299240 -58.579964 -39.223961
v -79.945969 -58.745972 -39.911324
v -79.945969 -58.745972 -39.540176
v -80.244904 -58.745972 -50.464500
v -81.158173 -58.764465 -50.073959
v -81.158173 -58.745972 -50.410896
v -80.549561 -58.795181 -39.486565
v -81.094025 -58.745972 -39.486565
v -79.593109 -62.190239 -50.829086
v -79.506348 -65.674751 -50.891647
v -79.679855 -58.705719 -39.259987
v -81.398575 -65.674751 -38.876350
v -81.432053 -58.705719 -50.688828
v -79.749420 -58.705719 -50.804680
v -79.662643 -62.190239 -39.034470
v -81.449280 -62.190239 -50.953194
v -81.518814 -62.190239 -50.829086
v -79.950348 -58.524460 -39.398033
v -79.880707 -58.524460 -50.451714
v -81.161575 -58.524460 -50.550781
v -81.231216 -58.524460 -39.497093
v -80.010117 -58.745972 -39.486565
v -81.094025 -58.745972 -50.464500
v -81.158188 -58.745972 -39.540176
v -81.536057 -65.674751 -51.024017
v -81.027298 -62.190239 -50.953194
v -81.147491 -65.674751 -51.024017
v -81.094330 -58.764465 -50.074791
v -80.859085 -58.764465 -50.077843
v -80.859085 -58.745972 -50.464500
v -80.204636 -58.705719 -50.804680
v -79.964264 -65.674751 -38.884567
v -80.084457 -62.190239 -39.034470
v -81.147491 -65.674751 -38.924797
v -80.907120 -58.524460 -50.550781
v -80.204636 -58.524460 -39.398033
v -80.244904 -58.745972 -39.486565
v -80.244904 -58.745972 -50.091545
v -79.575867 -65.674751 -38.924797
v -79.506348 -65.674751 -50.436043
v -79.593109 -62.190239 -50.294746
v -81.432053 -58.724213 -50.124977
v -81.498047 -62.190239 -49.918007
v -80.010117 -58.745972 -39.911324
v -79.679855 -58.705719 -39.858307
v -79.880707 -58.524460 -50.150833
v -81.231216 -58.524460 -39.858307
v -81.158188 -58.745972 -39.911324
v -80.549561 -58.795181 -39.911324
v -81.094116 -58.751152 -39.911324
v -80.244904 -58.745972 -39.911324
v -81.605576 -65.674751 -50.812584
v -81.564026 -65.674751 -49.711029
v -79.449646 -65.674751 -53.033325
v -79.636353 -62.190239 -53.006752
v -79.593109 -62.190239 -52.436844
v -79.506348 -65.674751 -52.335884
v -81.518814 -62.190239 -52.501259
v -81.560287 -62.190239 -52.997154
v -81.605576 -65.674751 -52.860825
v -81.605576 -65.674751 -52.335884
v -79.964264 -65.674751 -64.294121
v -80.084457 -62.190239 -64.201500
v -79.662643 -62.190239 -64.179390
v -79.575867 -65.674751 -64.249901
v -79.945969 -58.745972 -63.639488
v -80.010117 -58.745972 -63.692863
v -80.010117 -58.745972 -63.324577
v -79.945969 -58.745972 -63.325401
v -79.812668 -58.579964 -52.501938
v -80.204636 -58.579964 -52.501938
v -80.204636 -58.705719 -52.422470
v -79.749420 -58.705719 -52.422470
v -79.742996 -58.579964 -63.838364
v -79.742996 -58.579964 -63.382362
v -79.679855 -58.705719 -63.383171
v -79.679855 -58.705719 -63.916191
v -81.368912 -58.579964 -52.615639
v -81.368912 -58.579964 -53.133484
v -81.432053 -58.705719 -53.133484
v -81.432053 -58.705719 -52.537804
v -81.299240 -58.579964 -63.952065
v -80.907120 -58.579964 -63.952065
v -80.907120 -58.705719 -64.031532
v -81.362503 -58.705719 -64.031532
v -81.386322 -62.190239 -52.313286
v -81.027313 -62.190239 -52.313286
v -80.571701 -58.754936 -52.422470
v -81.362503 -58.705719 -52.422470
v -79.742996 -58.579964 -53.133484
v -79.880707 -58.524460 -53.133484
v -79.880707 -58.524460 -52.773872
v -79.742996 -58.579964 -52.615639
v -80.204636 -58.579964 -63.952065
v -80.204636 -58.524460 -63.778755
v -79.950348 -58.524460 -63.778755
v -79.812668 -58.579964 -63.952065
v -81.368912 -58.598457 -63.355652
v -81.231216 -58.542953 -63.357430
v -81.231216 -58.524460 -63.680130
v -81.368912 -58.579964 -63.838364
v -80.571701 -58.629173 -52.501938
v -80.571701 -58.573669 -52.675247
v -81.161575 -58.524460 -52.675247
v -81.299240 -58.579964 -52.501938
v -79.945969 -58.745972 -53.186272
v -79.945969 -58.745972 -52.816757
v -80.244904 -58.745972 -63.692863
v -81.158173 -58.764465 -63.304039
v -81.158173 -58.745972 -63.639488
v -80.549561 -58.795181 -52.763390
v -81.094025 -58.745972 -52.763390
v -79.593109 -62.190239 -64.055840
v -79.506348 -65.674751 -64.118126
v -79.679855 -58.705719 -52.537804
v -81.398575 -65.674751 -52.155869
v -81.432053 -58.705719 -63.916191
v -79.749420 -58.705719 -64.031532
v -79.662643 -62.190239 -52.313286
v -81.449280 -62.190239 -64.179390
v -81.518814 -62.190239 -64.055840
v -79.950348 -58.524460 -52.675247
v -79.880707 -58.524460 -63.680130
v -81.161575 -58.524460 -63.778755
v -81.231216 -58.524460 -52.773872
v -80.010117 -58.745972 -52.763390
v -81.094025 -58.745972 -63.692863
v -81.158188 -58.745972 -52.816757
v -81.536057 -65.674751 -64.249901
v -81.027298 -62.190239 -64.179390
v -81.147491 -65.674751 -64.249901
v -81.094330 -58.764465 -63.304863
v -80.859085 -58.764465 -63.307907
v -80.859085 -58.745972 -63.692863
v -80.204636 -58.705719 -64.031532
v -79.964264 -65.674751 -52.164047
v -80.084457 -62.190239 -52.313286
v -81.147491 -65.674751 -52.204094
v -80.907120 -58.524460 -63.778755
v -80.204636 -58.524460 -52.675247
v -80.244904 -58.745972 -52.763390
v -80.244904 -58.745972 -63.321541
v -79.575867 -65.674751 -52.204094
v -79.506348 -65.674751 -63.664528
v -79.593109 -62.190239 -63.523857
v -81.432053 -58.724213 -63.354836
v -81.498047 -62.190239 -63.148781
v -80.010117 -58.745972 -53.186272
v -79.679855 -58.705719 -53.133484
v -79.880707 -58.524460 -63.380577
v -81.231216 -58.524460 -53.133484
v -81.158188 -58.745972 -53.186272
v -80.549561 -58.795181 -53.186272
v -81.094116 -58.751152 -53.186272
v -80.244904 -58.745972 -53.186272
v -81.605576 -65.674751 -64.039406
v -81.564026 -65.674751 -62.942711
vn 0.9987 0.0419 0.0294
vn 0.9987 0.0346 -0.0368
vn 0.9746 0.0386 0.2207
vn 0.9592 0.0321 0.2810
vn -0.9407 0.0250 0.3384
vn -0.9991 0.0234 0.0366
vn -0.9998 0.0186 0.0018
vn -0.9060 0.0426 0.4211
vn 0.0374 0.0244 -0.9990
vn 0.0145 0.0363 -0.9992
vn 0.5253 0.0324 -0.8503
vn 0.1655 0.0198 -0.9860
vn -0.6094 0.7433 0.2759
vn -0.2239 0.7762 0.5894
vn -0.0000 1.0000 -0.0000
vn -0.5989 0.8008 -0.0000
vn 0.3337 0.6251 0.7056
vn -0.0565 0.7633 0.6435
vn -0.0208 0.3041 0.9524
vn 0.3203 0.6461 0.6928
vn 0.6994 0.6930 -0.1749
vn 0.6792 0.7339 -0.0000
vn 0.9703 0.2420 0.0009
vn 0.9144 0.2971 -0.2748
vn -0.6993 0.6931 0.1749
vn -0.8430 0.5380 -0.0007
vn -0.9689 0.2476 -0.0015
vn -0.9134 0.2960 0.2794
vn -0.3337 0.6251 -0.7056
vn -0.0000 0.6185 -0.7858
vn -0.0010 0.3006 -0.9537
vn -0.3198 0.6457 -0.6934
vn -0.4665 0.0342 0.8839
vn 0.0003 0.0371 0.9993
vn -0.0091 0.2787 0.9603
vn -0.3670 0.3851 0.8468
vn 0.6775 0.7356 -0.0000
vn -0.4355 0.9002 -0.0000
vn -0.2903 0.9466 -0.1405
vn 0.5264 0.8228 0.2144
vn -0.0000 0.8029 -0.5961
vn -0.0000 0.9024 0.4308
vn -0.1298 0.9705 0.2034
vn 0.3629 0.8470 -0.3886
vn -0.6816 0.7313 0.0231
vn 0.4254 0.9046 0.0264
vn 0.2610 0.9518 0.1612
vn -0.5398 0.8187 -0.1959
vn 0.0383 0.7821 0.6219
vn -0.0206 0.8948 -0.4459
vn 0.1659 0.9717 -0.1683
vn -0.3302 0.8486 0.4133
vn -0.6056 0.7585 -0.2407
vn -0.0000 0.8255 0.5645
vn 0.5806 0.8139 0.0209
vn 0.6060 0.7504 0.2639
vn -0.0303 0.8403 -0.5413
vn 0.2543 0.7678 -0.5881
vn 0.9666 0.0321 -0.2542
vn 0.9701 0.0285 -0.2412
vn 0.9165 0.2919 0.2736
vn -0.2808 0.0426 0.9588
vn -0.9154 0.2972 -0.2715
vn 0.4358 0.6568 -0.6154
vn 0.4986 0.0396 0.8659
vn -0.4969 0.0363 -0.8671
vn -0.9693 0.0311 -0.2439
vn -0.1293 0.9671 -0.2190
vn -0.2708 0.9516 0.1452
vn 0.1315 0.9676 0.2155
vn 0.2587 0.9558 -0.1397
vn -0.1933 0.7907 -0.5808
vn 0.1929 0.7784 0.5974
vn 0.6017 0.7496 -0.2758
vn -0.5809 0.0261 -0.8136
vn -0.0118 0.0318 -0.9994
vn -0.0172 0.0224 -0.9996
vn 0.0022 0.9997 0.0258
vn -0.0151 0.9996 0.0246
vn -0.0057 0.8141 0.5807
vn 0.0010 0.3010 -0.9536
vn 0.0388 0.0405 0.9984
vn 0.0018 0.0346 0.9994
vn 0.0808 0.0286 0.9963
vn -0.0000 0.9025 0.4308
vn -0.0593 0.9077 -0.4153
vn -0.0687 0.8179 -0.5713
vn -0.0100 0.9999 0.0043
vn 0.5510 0.0459 0.8332
vn 0.9996 0.0277 0.0011
vn 0.9997 0.0248 0.0020
vn -0.9711 0.2385 0.0051
vn -0.9997 0.0215 0.0103
vn 0.9716 0.2366 -0.0000
vn 0.4209 0.9071 -0.0008
vn 0.6184 0.7859 -0.0007
vn -0.0412 0.9992 0.0017
vn 0.0800 0.9968 -0.0029
vn -0.0788 0.9969 0.0019
vn -0.9899 0.0223 -0.1399
vn -0.9997 0.0192 0.0152
vn -0.9944 0.0481 -0.0941
vn -0.9940 0.0394 0.1020
vn -0.9187 0.0426 -0.3925
vn -0.8262 0.0310 -0.5625
vn 0.7878 0.0230 -0.6155
vn 0.9942 0.0275 -0.1042
vn 0.9998 0.0220 0.0013
vn 0.8051 0.0353 -0.5921
vn -0.0134 0.0102 0.9999
vn -0.0052 0.0152 0.9999
vn -0.2870 0.0120 0.9579
vn 0.0880 0.0040 0.9961
vn 0.5403 0.7056 -0.4584
vn 0.0924 0.7397 -0.6665
vn 0.5802 0.8145 -0.0000
vn -0.2318 0.4608 -0.8567
vn 0.0355 0.5209 -0.8529
vn 0.0082 0.1402 -0.9901
vn -0.0871 0.4901 -0.8673
vn -0.6522 0.6630 0.3676
vn -0.6343 0.7731 -0.0000
vn -0.9613 0.2756 -0.0017
vn -0.8376 0.2765 0.4711
vn 0.6522 0.6630 -0.3676
vn 0.8112 0.5848 0.0018
vn 0.9594 0.2819 0.0031
vn 0.8353 0.2772 -0.4748
vn 0.2318 0.4608 0.8567
vn -0.0000 0.3398 0.9405
vn 0.0004 0.1386 0.9903
vn 0.0873 0.4878 0.8686
vn 0.2375 0.0149 -0.9713
vn -0.0001 0.0155 -0.9999
vn 0.0036 0.1293 -0.9916
vn 0.1899 0.2683 -0.9444
vn -0.6324 0.7746 -0.0000
vn 0.4382 0.8989 -0.0000
vn 0.2017 0.9759 0.0832
vn -0.4569 0.7908 -0.4072
vn -0.0000 0.5706 0.8212
vn -0.0000 0.9291 -0.3698
vn 0.1593 0.9605 -0.2282
vn -0.2576 0.7463 0.6137
vn 0.6410 0.7662 -0.0445
vn -0.4329 0.8993 -0.0618
vn -0.1690 0.9766 -0.1328
vn 0.4751 0.7997 0.3670
vn -0.0485 0.5420 -0.8390
vn 0.0189 0.9222 0.3863
vn -0.2020 0.9626 0.1805
vn 0.2351 0.7396 -0.6306
vn 0.5415 0.7199 0.4343
vn -0.0000 0.7618 -0.6478
vn -0.5537 0.8311 -0.0516
vn -0.5351 0.6944 -0.4811
vn 0.0254 0.7794 0.6261
vn -0.1196 0.7250 0.6783
vn -0.8754 0.0319 0.4823
vn -0.8841 0.0293 0.4664
vn -0.8401 0.2711 -0.4698
vn 0.1333 0.0192 -0.9909
vn 0.8408 0.2822 0.4620
vn -0.1955 0.5392 0.8192
vn -0.2726 0.0208 -0.9619
vn 0.2721 0.0179 0.9621
vn 0.8900 0.0310 0.4549
vn 0.1529 0.9575 0.2447
vn 0.1905 0.9786 -0.0782
vn -0.1558 0.9580 -0.2407
vn -0.1810 0.9810 0.0706
vn 0.0787 0.7466 0.6606
vn -0.0821 0.7107 -0.6987
vn -0.5333 0.7084 0.4624
vn 0.3982 0.0154 0.9172
vn 0.0042 0.0133 0.9999
vn 0.0060 0.0094 0.9999
vn -0.0045 0.9982 -0.0604
vn 0.0137 0.9982 -0.0590
vn 0.0067 0.7262 -0.6874
vn -0.0004 0.1388 0.9903
vn -0.0142 0.0170 -0.9998
vn -0.0008 0.0145 -0.9999
vn -0.0293 0.0120 -0.9995
vn 0.0516 0.9325 0.3575
vn 0.0528 0.7502 0.6591
vn 0.0073 1.0000 -0.0040
vn -0.3064 0.0235 -0.9516
vn -0.9993 0.0362 -0.0001
vn -0.9996 0.0291 -0.0057
vn 0.9632 0.2685 -0.0119
vn 0.9993 0.0265 -0.0267
vn -0.9628 0.2701 -0.0000
vn -0.4214 0.9069 0.0019
vn -0.5937 0.8047 0.0018
vn 0.0375 0.9993 -0.0043
vn -0.0659 0.9978 0.0100
vn 0.0654 0.9979 -0.0042
vn 0.9494 0.0248 0.3131
vn 0.9988 0.0218 -0.0445
vn -0.2020 0.9626 0.1806
vn -0.1195 0.7250 0.6783
vn -0.2318 0.4607 -0.8567
vn -0.0000 0.3399 0.9405
vn -0.2576 0.7464 0.6137
vn -0.0821 0.7106 -0.6987
vn 0.4381 0.8989 -0.0000
vn 0.9987 0.0404 0.0305
vn 0.9987 0.0335 -0.0377
vn 0.9738 0.0373 0.2243
vn 0.9577 0.0310 0.2861
vn -0.9386 0.0241 0.3442
vn -0.9990 0.0226 0.0376
vn -0.9998 0.0180 0.0016
vn -0.9040 0.0410 0.4256
vn 0.0366 0.0231 -0.9991
vn 0.0142 0.0344 -0.9993
vn 0.5210 0.0304 -0.8530
vn 0.1604 0.0182 -0.9869
vn -0.6121 0.7386 0.2825
vn -0.2220 0.7709 0.5971
vn -0.6024 0.7982 -0.0000
vn 0.3370 0.6107 0.7166
vn -0.0575 0.7504 0.6585
vn -0.0207 0.2916 0.9563
vn 0.3196 0.6364 0.7020
vn 0.7068 0.6836 -0.1819
vn 0.6882 0.7255 -0.0000
vn 0.9719 0.2353 0.0009
vn 0.9157 0.2888 -0.2795
vn -0.7068 0.6837 0.1819
vn -0.8496 0.5275 -0.0007
vn -0.9706 0.2407 -0.0015
vn -0.9146 0.2878 0.2840
vn -0.3370 0.6107 -0.7166
vn -0.0000 0.6022 -0.7983
vn -0.0010 0.2878 -0.9577
vn -0.3191 0.6359 -0.7027
vn -0.4619 0.0324 0.8864
vn 0.0003 0.0352 0.9994
vn -0.0090 0.2662 0.9639
vn -0.3658 0.3752 0.8517
vn 0.6864 0.7272 -0.0000
vn -0.4343 0.9008 -0.0000
vn -0.2865 0.9476 -0.1416
vn 0.5346 0.8156 0.2214
vn -0.0000 0.7906 -0.6123
vn -0.0000 0.9020 0.4317
vn -0.1318 0.9701 0.2039
vn 0.3662 0.8389 -0.4028
vn -0.6908 0.7227 0.0238
vn 0.4249 0.9048 0.0278
vn 0.2569 0.9525 0.1638
vn -0.5479 0.8117 -0.2023
vn 0.0381 0.7687 0.6385
vn -0.0214 0.8937 -0.4481
vn 0.1694 0.9712 -0.1676
vn -0.3331 0.8405 0.4273
vn -0.6084 0.7539 -0.2481
vn -0.0000 0.8203 0.5719
vn 0.5842 0.8113 0.0220
vn 0.6096 0.7445 0.2723
vn -0.0312 0.8360 -0.5479
vn 0.2536 0.7614 -0.5966
vn 0.9655 0.0310 -0.2587
vn 0.9690 0.0275 -0.2455
vn 0.9176 0.2837 0.2784
vn -0.2773 0.0404 0.9599
vn -0.9166 0.2890 -0.2762
vn 0.4348 0.6481 -0.6253
vn 0.4946 0.0377 0.8683
vn -0.4929 0.0345 -0.8694
vn -0.9683 0.0300 -0.2481
vn -0.1313 0.9667 -0.2195
vn -0.2674 0.9525 0.1459
vn 0.1335 0.9672 0.2159
vn 0.2557 0.9565 -0.1405
vn -0.1924 0.7851 -0.5887
vn 0.1924 0.7719 0.6059
vn 0.6049 0.7445 -0.2826
vn -0.5783 0.0249 -0.8154
vn -0.0115 0.0301 -0.9995
vn -0.0168 0.0212 -0.9996
vn 0.0023 0.9996 0.0272
vn -0.0157 0.9995 0.0260
vn -0.0059 0.8081 0.5890
vn 0.0010 0.2881 -0.9576
vn 0.0378 0.0383 0.9985
vn 0.0017 0.0328 0.9995
vn 0.0790 0.0270 0.9965
vn -0.0612 0.9074 -0.4159
vn -0.0703 0.8117 -0.5798
vn -0.0103 0.9999 0.0045
vn 0.5466 0.0437 0.8362
vn 0.9996 0.0270 0.0010
vn 0.9997 0.0240 0.0021
vn -0.9728 0.2318 0.0052
vn -0.9997 0.0209 0.0105
vn 0.9732 0.2301 -0.0000
vn 0.4200 0.9075 -0.0008
vn 0.6232 0.7821 -0.0008
vn -0.0425 0.9991 0.0018
vn 0.0826 0.9966 -0.0031
vn -0.0813 0.9967 0.0020
vn -0.9895 0.0216 -0.1427
vn -0.9997 0.0186 0.0156
vn -0.9040 0.0410 0.4257
vn 0.3370 0.6106 0.7166
vn -0.7068 0.6837 0.1818
vn -0.3370 0.6106 -0.7166
vn -0.3191 0.6359 -0.7028
vn -0.3331 0.8405 0.4274
vn -0.2674 0.9525 0.1460
vn 0.1924 0.7719 0.6060
vn -0.0612 0.9074 -0.4158
vn -0.2864 0.9476 -0.1416
vn -0.9166 0.2890 -0.2761
vn 0.9944 0.0481 0.0941
vn 0.9940 0.0394 -0.1020
vn 0.9187 0.0426 0.3925
vn 0.8262 0.0310 0.5625
vn -0.7878 0.0230 0.6155
vn -0.9942 0.0275 0.1042
vn -0.9998 0.0220 -0.0013
vn -0.8051 0.0353 0.5921
vn 0.0134 0.0102 -0.9999
vn 0.0052 0.0152 -0.9999
vn 0.2870 0.0120 -0.9579
vn -0.0880 0.0040 -0.9961
vn -0.5403 0.7057 0.4584
vn -0.0924 0.7397 0.6665
vn -0.5802 0.8145 -0.0000
vn -0.0355 0.5209 0.8529
vn -0.0082 0.1402 0.9901
vn 0.0871 0.4901 0.8673
vn 0.6343 0.7731 -0.0000
vn 0.9613 0.2756 0.0017
vn 0.8376 0.2765 -0.4711
vn -0.8111 0.5848 -0.0018
vn -0.9594 0.2819 -0.0031
vn -0.8353 0.2772 0.4748
vn -0.0000 0.3398 -0.9405
vn -0.0004 0.1386 -0.9903
vn -0.0873 0.4878 -0.8686
vn -0.2375 0.0149 0.9713
vn 0.0001 0.0155 0.9999
vn -0.0036 0.1293 0.9916
vn -0.1899 0.2683 0.9444
vn 0.6324 0.7746 -0.0000
vn -0.4382 0.8989 -0.0000
vn -0.2017 0.9759 -0.0832
vn 0.4569 0.7908 0.4072
vn -0.0000 0.5706 -0.8212
vn -0.0000 0.9291 0.3698
vn -0.1593 0.9605 0.2282
vn 0.2576 0.7463 -0.6137
vn -0.6410 0.7662 0.0445
vn 0.4329 0.8993 0.0618
vn 0.1690 0.9766 0.1328
vn -0.4751 0.7997 -0.3670
vn 0.0485 0.5420 0.8390
vn -0.0189 0.9222 -0.3863
vn 0.2020 0.9626 -0.1806
vn -0.2351 0.7396 0.6306
vn -0.5415 0.7199 -0.4343
vn -0.0000 0.7618 0.6478
vn 0.5537 0.8311 0.0516
vn 0.5351 0.6944 0.4811
vn -0.0254 0.7794 -0.6261
vn 0.1195 0.7250 -0.6783
vn 0.8754 0.0319 -0.4823
vn 0.8841 0.0293 -0.4664
vn 0.8401 0.2711 0.4698
vn -0.1333 0.0192 0.9909
vn -0.8408 0.2822 -0.4620
vn 0.1955 0.5392 -0.8192
vn 0.2726 0.0208 0.9619
vn -0.2721 0.0179 -0.9621
vn -0.8900 0.0310 -0.4549
vn -0.1529 0.9575 -0.2447
vn -0.1905 0.9786 0.0782
vn 0.1558 0.9580 0.2408
vn 0.1810 0.9810 -0.0706
vn -0.0787 0.7466 -0.6606
vn 0.0821 0.7107 0.6987
vn 0.5333 0.7084 -0.4624
vn -0.3982 0.0154 -0.9172
vn -0.0042 0.0133 -0.9999
vn -0.0060 0.0094 -0.9999
vn 0.0045 0.9982 0.0604
vn -0.0137 0.9982 0.0590
vn -0.0067 0.7262 0.6874
vn 0.0004 0.1388 -0.9903
vn 0.0142 0.0170 0.9998
vn 0.0008 0.0145 0.9999
vn 0.0293 0.0120 0.9995
vn -0.0516 0.9325 -0.3575
vn -0.0528 0.7502 -0.6591
vn -0.0073 1.0000 0.0040
vn 0.3064 0.0235 0.9516
vn 0.9993 0.0362 0.0001
vn 0.9996 0.0291 0.0057
vn -0.9632 0.2685 0.0119
vn -0.9993 0.0265 0.0267
vn 0.9628 0.2701 -0.0000
vn 0.4214 0.9069 -0.0019
vn 0.5937 0.8047 -0.0018
vn -0.0375 0.9993 0.0043
vn 0.0659 0.9978 -0.0100
vn -0.0654 0.9979 0.0042
vn -0.9494 0.0248 -0.3131
vn -0.9988 0.0218 0.0445
vn 0.2870 0.0120 -0.9578
vn -0.0879 0.0040 -0.9961
vn -0.5403 0.7056 0.4585
vn 0.2318 0.4607 0.8567
vn 0.1956 0.5392 -0.8192
vn 0.0821 0.7106 0.6987
vn -0.6120 0.7386 0.2825
vn -0.0000 0.6022 -0.7984
vn -0.2675 0.9525 0.1460
vn -0.3369 0.6107 -0.7166
vn 0.3662 0.8389 -0.4027
vn 0.9987 0.0419 0.0297
vn 0.9987 0.0346 -0.0371
vn 0.9743 0.0386 0.2221
vn 0.9586 0.0320 0.2829
vn -0.9399 0.0249 0.3404
vn -0.9990 0.0234 0.0369
vn -0.9052 0.0425 0.4229
vn 0.0371 0.0242 -0.9990
vn 0.0144 0.0360 -0.9992
vn 0.5237 0.0322 -0.8513
vn 0.1637 0.0196 -0.9863
vn -0.6092 0.7429 0.2777
vn -0.2227 0.7757 0.5905
vn 0.3331 0.6235 0.7074
vn -0.0564 0.7615 0.6458
vn -0.0207 0.3023 0.9530
vn 0.3188 0.6448 0.6947
vn 0.6994 0.6926 -0.1762
vn 0.9141 0.2967 -0.2763
vn -0.6994 0.6927 0.1762
vn -0.8430 0.5379 -0.0007
vn -0.9130 0.2957 0.2810
vn -0.3331 0.6235 -0.7073
vn -0.0000 0.6161 -0.7876
vn -0.0010 0.2987 -0.9543
vn -0.3183 0.6444 -0.6953
vn -0.4649 0.0339 0.8847
vn 0.0003 0.0368 0.9993
vn -0.0091 0.2769 0.9609
vn -0.3661 0.3839 0.8477
vn -0.2895 0.9468 -0.1406
vn 0.5263 0.8225 0.2158
vn -0.0000 0.8011 -0.5985
vn -0.0000 0.9024 0.4310
vn -0.1304 0.9703 0.2038
vn 0.3623 0.8462 -0.3909
vn -0.6817 0.7313 0.0232
vn 0.4254 0.9046 0.0266
vn 0.2602 0.9519 0.1615
vn -0.5397 0.8184 -0.1971
vn 0.0384 0.7802 0.6243
vn -0.0206 0.8947 -0.4462
vn 0.1666 0.9715 -0.1685
vn -0.3297 0.8477 0.4155
vn -0.6054 0.7581 -0.2425
vn -0.0000 0.8247 0.5656
vn 0.5806 0.8139 0.0210
vn 0.6058 0.7499 0.2658
vn -0.0303 0.8396 -0.5424
vn 0.2531 0.7672 -0.5894
vn 0.9662 0.0321 -0.2558
vn 0.9697 0.0285 -0.2427
vn 0.9161 0.2915 0.2751
vn -0.2796 0.0423 0.9592
vn -0.9151 0.2968 -0.2730
vn 0.4342 0.6559 -0.6174
vn 0.4972 0.0394 0.8668
vn -0.4954 0.0361 -0.8679
vn -0.9689 0.0311 -0.2454
vn -0.1299 0.9669 -0.2195
vn -0.2701 0.9518 0.1453
vn 0.1321 0.9674 0.2159
vn 0.2580 0.9560 -0.1397
vn -0.1922 0.7901 -0.5820
vn 0.1919 0.7776 0.5987
vn 0.6015 0.7492 -0.2775
vn -0.5800 0.0260 -0.8142
vn -0.0117 0.0316 -0.9994
vn -0.0170 0.0223 -0.9996
vn 0.0022 0.9997 0.0260
vn -0.0152 0.9996 0.0248
vn -0.0057 0.8132 0.5819
vn 0.0010 0.2991 -0.9542
vn 0.0385 0.0402 0.9984
vn 0.0018 0.0344 0.9994
vn 0.0801 0.0283 0.9964
vn -0.0593 0.9077 -0.4155
vn -0.0686 0.8170 -0.5725
vn 0.5494 0.0456 0.8343
vn 0.9997 0.0248 0.0021
vn -0.9997 0.0215 0.0104
vn -0.0412 0.9991 0.0017
vn -0.0787 0.9969 0.0019
vn -0.9898 0.0223 -0.1409
vn -0.9997 0.0192 0.0153
vn 0.9743 0.0386 0.2220
vn 0.9587 0.0320 0.2828
vn -0.9400 0.0249 0.3403
vn -0.9052 0.0425 0.4228
vn 0.0371 0.0243 -0.9990
vn 0.5238 0.0322 -0.8512
vn 0.1638 0.0197 -0.9863
vn -0.6092 0.7429 0.2776
vn 0.3331 0.6235 0.7073
vn -0.0564 0.7616 0.6456
vn -0.0207 0.3024 0.9530
vn 0.3189 0.6449 0.6946
vn 0.6994 0.6927 -0.1762
vn -0.9131 0.2957 0.2809
vn -0.3331 0.6236 -0.7073
vn -0.0000 0.6163 -0.7875
vn -0.0010 0.2988 -0.9543
vn -0.3183 0.6445 -0.6952
vn -0.4649 0.0340 0.8847
vn 0.0003 0.0369 0.9993
vn -0.0091 0.2770 0.9608
vn -0.3662 0.3840 0.8476
vn 0.5263 0.8225 0.2157
vn -0.0000 0.8012 -0.5984
vn 0.3623 0.8462 -0.3907
vn 0.2603 0.9519 0.1615
vn -0.5397 0.8185 -0.1970
vn 0.0384 0.7803 0.6242
vn 0.1665 0.9715 -0.1685
vn -0.3297 0.8478 0.4154
vn -0.6054 0.7581 -0.2424
vn -0.0000 0.8247 0.5655
vn 0.6058 0.7499 0.2657
vn -0.0303 0.8396 -0.5423
vn 0.2531 0.7672 -0.5893
vn 0.9662 0.0321 -0.2557
vn 0.9697 0.0285 -0.2426
vn 0.9162 0.2915 0.2751
vn -0.2797 0.0423 0.9592
vn -0.9151 0.2969 -0.2730
vn 0.4343 0.6560 -0.6173
vn 0.4972 0.0394 0.8667
vn -0.4955 0.0361 -0.8679
vn -0.1298 0.9669 -0.2195
vn -0.2701 0.9518 0.1452
vn -0.1923 0.7902 -0.5819
vn 0.1919 0.7777 0.5986
vn 0.6015 0.7492 -0.2774
vn -0.0057 0.8133 0.5819
vn 0.0010 0.2992 -0.9542
vn 0.0802 0.0283 0.9964
vn -0.0000 0.9024 0.4309
vn -0.0686 0.8171 -0.5724
vn 0.5495 0.0456 0.8343
vn -0.9898 0.0223 -0.1408
vn 0.9987 0.0418 0.0300
vn 0.9987 0.0346 -0.0373
vn 0.9740 0.0386 0.2233
vn 0.9581 0.0320 0.2845
vn -0.9393 0.0249 0.3422
vn -0.9990 0.0234 0.0372
vn -0.9998 0.0186 0.0017
vn -0.9045 0.0424 0.4243
vn 0.0368 0.0241 -0.9990
vn 0.0143 0.0358 -0.9993
vn 0.5224 0.0320 -0.8521
vn 0.1621 0.0195 -0.9866
vn -0.6089 0.7425 0.2791
vn -0.2216 0.7752 0.5915
vn 0.3326 0.6221 0.7088
vn -0.0563 0.7598 0.6477
vn -0.0206 0.3006 0.9535
vn 0.3175 0.6437 0.6963
vn 0.6995 0.6923 -0.1774
vn 0.9138 0.2964 -0.2777
vn -0.6994 0.6923 0.1773
vn -0.9127 0.2953 0.2823
vn -0.3326 0.6221 -0.7088
vn -0.0000 0.6141 -0.7892
vn -0.0010 0.2971 -0.9549
vn -0.3170 0.6433 -0.6970
vn -0.4634 0.0337 0.8855
vn 0.0003 0.0366 0.9993
vn -0.0090 0.2754 0.9613
vn -0.3653 0.3829 0.8485
vn -0.2888 0.9470 -0.1408
vn 0.5263 0.8222 0.2169
vn -0.0000 0.7996 -0.6005
vn -0.0000 0.9023 0.4311
vn -0.1309 0.9701 0.2042
vn 0.3617 0.8455 -0.3928
vn -0.6817 0.7313 0.0233
vn 0.4255 0.9046 0.0268
vn 0.2596 0.9521 0.1618
vn -0.5397 0.8182 -0.1981
vn 0.0385 0.7786 0.6263
vn -0.0206 0.8946 -0.4464
vn 0.1672 0.9714 -0.1687
vn -0.3292 0.8470 0.4174
vn -0.6052 0.7578 -0.2440
vn -0.0000 0.8240 0.5665
vn 0.5806 0.8139 0.0212
vn 0.6056 0.7495 0.2674
vn -0.0303 0.8390 -0.5433
vn 0.2520 0.7667 -0.5905
vn 0.9658 0.0320 -0.2573
vn 0.9693 0.0285 -0.2441
vn 0.9158 0.2912 0.2765
vn -0.2786 0.0421 0.9595
vn -0.9148 0.2965 -0.2743
vn 0.4329 0.6552 -0.6192
vn 0.4959 0.0392 0.8675
vn -0.4942 0.0359 -0.8686
vn -0.9686 0.0311 -0.2468
vn -0.1304 0.9668 -0.2199
vn -0.2695 0.9520 0.1453
vn 0.1326 0.9673 0.2163
vn 0.2574 0.9561 -0.1398
vn -0.1913 0.7896 -0.5830
vn 0.1910 0.7770 0.5998
vn 0.6013 0.7488 -0.2790
vn -0.5791 0.0258 -0.8148
vn -0.0116 0.0314 -0.9994
vn -0.0169 0.0221 -0.9996
vn 0.0022 0.9997 0.0261
vn -0.0152 0.9996 0.0249
vn -0.0057 0.8125 0.5830
vn 0.0010 0.2975 -0.9547
vn 0.0382 0.0399 0.9985
vn 0.0018 0.0341 0.9994
vn 0.0796 0.0281 0.9964
vn -0.0593 0.9076 -0.4156
vn -0.0686 0.8163 -0.5735
vn 0.5480 0.0454 0.8353
vn -0.9711 0.2385 0.0052
vn -0.9997 0.0216 0.0105
vn 0.6184 0.7859 -0.0008
vn -0.9896 0.0223 -0.1418
vn -0.9997 0.0192 0.0154
vn 0.9987 0.0419 0.0296
vn 0.9987 0.0346 -0.0369
vn 0.9744 0.0386 0.2214
vn 0.9589 0.0320 0.2820
vn -0.9403 0.0250 0.3395
vn -0.9991 0.0234 0.0368
vn -0.9056 0.0426 0.4220
vn 0.0372 0.0243 -0.9990
vn 0.0144 0.0362 -0.9992
vn 0.5245 0.0323 -0.8508
vn 0.1646 0.0197 -0.9862
vn -0.6093 0.7431 0.2769
vn -0.2232 0.7759 0.5900
vn 0.3334 0.6242 0.7065
vn -0.0565 0.7623 0.6447
vn -0.0208 0.3031 0.9527
vn 0.3195 0.6454 0.6938
vn 0.6994 0.6928 -0.1756
vn 0.9143 0.2969 -0.2756
vn -0.6994 0.6929 0.1756
vn -0.9132 0.2958 0.2803
vn -0.3334 0.6242 -0.7065
vn -0.0000 0.6172 -0.7868
vn -0.0010 0.2996 -0.9541
vn -0.3190 0.6450 -0.6944
vn -0.4656 0.0341 0.8843
vn 0.0003 0.0370 0.9993
vn -0.0091 0.2777 0.9606
vn -0.3665 0.3845 0.8473
vn -0.2899 0.9467 -0.1406
vn 0.5264 0.8226 0.2152
vn -0.0000 0.8020 -0.5974
vn -0.1301 0.9704 0.2036
vn 0.3625 0.8465 -0.3898
vn 0.4254 0.9046 0.0265
vn 0.2606 0.9519 0.1614
vn -0.5398 0.8186 -0.1965
vn 0.0384 0.7811 0.6232
vn -0.0206 0.8948 -0.4461
vn 0.1663 0.9716 -0.1684
vn -0.3299 0.8481 0.4145
vn -0.6055 0.7583 -0.2417
vn -0.0000 0.8251 0.5651
vn 0.6059 0.7501 0.2649
vn -0.0303 0.8399 -0.5419
vn 0.2536 0.7674 -0.5888
vn 0.9664 0.0321 -0.2551
vn 0.9699 0.0285 -0.2420
vn 0.9163 0.2917 0.2744
vn -0.2802 0.0425 0.9590
vn -0.9152 0.2970 -0.2723
vn 0.4350 0.6564 -0.6164
vn 0.4978 0.0395 0.8664
vn -0.4961 0.0362 -0.8675
vn -0.9691 0.0311 -0.2447
vn -0.1296 0.9670 -0.2193
vn -0.2704 0.9517 0.1452
vn 0.1318 0.9675 0.2157
vn 0.2583 0.9559 -0.1397
vn -0.1927 0.7904 -0.5815
vn 0.1924 0.7780 0.5981
vn 0.6016 0.7494 -0.2767
vn -0.5804 0.0260 -0.8139
vn -0.0117 0.0317 -0.9994
vn -0.0171 0.0223 -0.9996
vn 0.0022 0.9997 0.0259
vn -0.0152 0.9996 0.0247
vn -0.0057 0.8136 0.5813
vn 0.0010 0.3000 -0.9540
vn 0.0386 0.0404 0.9984
vn 0.0018 0.0345 0.9994
vn 0.0804 0.0284 0.9964
vn -0.0593 0.9077 -0.4154
vn -0.0687 0.8174 -0.5719
vn 0.5501 0.0457 0.8338
vn -0.9898 0.0223 -0.1404
vn 0.9746 0.0386 0.2206
vn 0.9592 0.0321 0.2809
vn -0.9407 0.0250 0.3382
vn -0.9061 0.0426 0.4210
vn 0.0374 0.0245 -0.9990
vn 0.5255 0.0325 -0.8502
vn 0.1657 0.0198 -0.9860
vn -0.6094 0.7433 0.2758
vn -0.2240 0.7762 0.5893
vn 0.3337 0.6252 0.7055
vn -0.0566 0.7635 0.6434
vn -0.0208 0.3043 0.9524
vn 0.3204 0.6462 0.6927
vn 0.6994 0.6931 -0.1748
vn 0.9145 0.2971 -0.2747
vn -0.6993 0.6931 0.1748
vn -0.9134 0.2961 0.2793
vn -0.3337 0.6252 -0.7055
vn -0.0000 0.6186 -0.7857
vn -0.0010 0.3007 -0.9537
vn -0.3199 0.6458 -0.6933
vn -0.4666 0.0342 0.8838
vn 0.0003 0.0372 0.9993
vn -0.0091 0.2788 0.9603
vn -0.3671 0.3852 0.8467
vn -0.0000 0.8030 -0.5959
vn 0.3629 0.8470 -0.3884
vn 0.2611 0.9518 0.1612
vn -0.5398 0.8187 -0.1958
vn 0.0383 0.7823 0.6218
vn 0.1658 0.9717 -0.1682
vn -0.3303 0.8487 0.4131
vn -0.6056 0.7585 -0.2406
vn -0.0000 0.8255 0.5644
vn 0.5807 0.8139 0.0208
vn 0.6060 0.7504 0.2638
vn -0.0303 0.8403 -0.5412
vn 0.2544 0.7678 -0.5880
vn 0.9667 0.0321 -0.2541
vn 0.9701 0.0285 -0.2410
vn 0.9165 0.2919 0.2735
vn -0.2809 0.0426 0.9588
vn -0.9154 0.2972 -0.2714
vn 0.4359 0.6569 -0.6152
vn 0.4987 0.0396 0.8658
vn -0.4970 0.0363 -0.8670
vn -0.9693 0.0311 -0.2438
vn -0.1292 0.9671 -0.2190
vn 0.1315 0.9676 0.2154
vn -0.1934 0.7908 -0.5807
vn 0.1930 0.7784 0.5973
vn 0.6017 0.7496 -0.2756
vn -0.5809 0.0261 -0.8135
vn -0.0118 0.0319 -0.9994
vn -0.0057 0.8142 0.5806
vn 0.0010 0.3011 -0.9536
vn 0.0388 0.0406 0.9984
vn 0.0018 0.0347 0.9994
vn -0.0593 0.9078 -0.4153
vn -0.0687 0.8179 -0.5712
vn 0.5511 0.0459 0.8332
vn -0.9899 0.0223 -0.1398
vn 0.9987 0.0419 0.0295
vn 0.9589 0.0320 0.2819
vn -0.9403 0.0250 0.3394
vn 0.5246 0.0323 -0.8508
vn -0.6093 0.7431 0.2768
vn -0.2233 0.7759 0.5899
vn 0.3334 0.6243 0.7065
vn -0.0565 0.7624 0.6446
vn -0.0208 0.3032 0.9527
vn 0.3196 0.6455 0.6937
vn 0.9143 0.2969 -0.2755
vn -0.9132 0.2959 0.2802
vn -0.3334 0.6243 -0.7065
vn -0.0000 0.6173 -0.7867
vn -0.0010 0.2997 -0.9540
vn -0.3191 0.6451 -0.6943
vn -0.4657 0.0341 0.8843
vn -0.0091 0.2778 0.9606
vn -0.3666 0.3845 0.8472
vn 0.5264 0.8226 0.2151
vn -0.0000 0.8021 -0.5973
vn 0.3626 0.8466 -0.3897
vn 0.0384 0.7812 0.6231
vn 0.1662 0.9716 -0.1684
vn -0.3300 0.8482 0.4144
vn -0.6055 0.7583 -0.2416
vn -0.0000 0.8251 0.5650
vn 0.6059 0.7502 0.2648
vn -0.0303 0.8400 -0.5418
vn 0.2537 0.7675 -0.5888
vn 0.9664 0.0321 -0.2550
vn 0.9699 0.0285 -0.2419
vn 0.9163 0.2917 0.2743
vn -0.2803 0.0425 0.9590
vn -0.9152 0.2970 -0.2722
vn 0.4351 0.6564 -0.6163
vn 0.4979 0.0395 0.8663
vn -0.4962 0.0362 -0.8675
vn -0.1928 0.7904 -0.5814
vn 0.6016 0.7494 -0.2766
vn -0.0057 0.8137 0.5813
vn 0.0010 0.3001 -0.9539
vn 0.0387 0.0404 0.9984
vn 0.0805 0.0284 0.9964
vn -0.0687 0.8175 -0.5719
vn 0.5502 0.0457 0.8338
vt 0.922990 0.978771
vt 0.925016 0.775168
vt 0.962695 0.774739
vt 0.969609 0.978244
vt 0.959825 0.221249
vt 0.926680 0.220438
vt 0.935912 0.017318
vt 0.970670 0.017655
vt 0.050561 0.024580
vt 0.071140 0.227750
vt 0.036656 0.229667
vt 0.018773 0.026360
vt 0.221362 0.541109
vt 0.218513 0.538073
vt 0.241571 0.538797
vt 0.241220 0.542453
vt 0.960680 0.559617
vt 0.963012 0.527347
vt 0.970447 0.527713
vt 0.968383 0.567285
vt 0.205371 0.563336
vt 0.236420 0.564226
vt 0.236286 0.571658
vt 0.199744 0.570578
vt 0.952959 0.431305
vt 0.917802 0.430453
vt 0.917857 0.423044
vt 0.958507 0.424139
vt 0.197564 0.435336
vt 0.195350 0.467641
vt 0.187665 0.467212
vt 0.189850 0.427443
vt 0.022073 0.692652
vt 0.051239 0.692685
vt 0.087299 0.893195
vt 0.020325 0.897148
vt 0.917341 0.565255
vt 0.917241 0.555337
vt 0.942146 0.553955
vt 0.952466 0.564544
vt 0.195100 0.525927
vt 0.205548 0.525368
vt 0.207837 0.546558
vt 0.197187 0.558264
vt 0.238623 0.429188
vt 0.238627 0.439307
vt 0.216072 0.440750
vt 0.205772 0.430336
vt 0.964395 0.496221
vt 0.953217 0.496689
vt 0.950717 0.447912
vt 0.961168 0.436415
vt 0.913209 0.543291
vt 0.936763 0.542090
vt 0.218217 0.521196
vt 0.243038 0.451607
vt 0.221730 0.452715
vt 0.940069 0.498752
vt 0.940158 0.456709
vt 0.176815 0.976571
vt 0.181691 0.772720
vt 0.191678 0.773480
vt 0.187240 0.977029
vt 0.958008 0.571831
vt 0.991311 0.018897
vt 0.976097 0.222261
vt 0.200260 0.423191
vt 0.189346 0.565924
vt 0.972694 0.773997
vt 0.968790 0.428872
vt 0.182776 0.221427
vt 0.192699 0.220395
vt 0.950212 0.547809
vt 0.215818 0.552850
vt 0.208142 0.447019
vt 0.942619 0.441697
vt 0.939728 0.539091
vt 0.218767 0.455879
vt 0.937214 0.453721
vt 0.178717 0.017504
vt 0.148220 0.223651
vt 0.147052 0.019486
vt 0.243158 0.455276
vt 0.242902 0.472906
vt 0.218387 0.472879
vt 0.972744 0.495846
vt 0.187408 0.526348
vt 0.138172 0.489161
vt 0.128220 0.692757
vt 0.041814 0.489176
vt 0.205790 0.468159
vt 0.952829 0.526795
vt 0.940358 0.522020
vt 0.241856 0.521207
vt 0.169902 0.489293
vt 0.162621 0.692747
vt 0.217442 0.977424
vt 0.227094 0.774189
vt 0.238681 0.421489
vt 0.252985 0.219954
vt 0.913078 0.539646
vt 0.917350 0.572720
vt 0.236760 0.554380
vt 0.917669 0.440301
vt 0.913586 0.452515
vt 0.913194 0.498880
vt 0.913355 0.456087
vt 0.913176 0.522137
vt 0.090973 0.430533
vt 0.051478 0.434800
vt 0.021133 0.489031
vt 0.980031 0.977810
vt 0.193794 0.016883
vt 0.150173 0.427312
vt 0.119165 0.895492
vt 0.158738 0.897556
vt 0.266783 0.016711
s 1
f 1/1/1 2/2/2 3/3/3
f 3/3/3 4/4/4 1/1/1
f 5/5/5 6/6/6 7/7/7
f 7/7/7 8/8/8 5/5/5
f 9/9/9 10/10/10 11/11/11
f 11/11/11 12/12/12 9/9/9
f 13/13/13 14/14/14 15/15/15
f 15/15/15 16/16/16 13/13/13
f 17/17/17 18/18/18 19/19/19
f 19/19/19 20/20/20 17/17/17
f 21/21/21 22/22/22 23/23/23
f 23/23/23 24/24/24 21/21/21
f 25/25/25 26/26/26 27/27/27
f 27/27/27 28/28/28 25/25/25
f 29/29/29 30/30/30 31/31/31
f 31/31/31 32/32/32 29/29/29
f 33/33/33 34/34/34 35/35/35
f 35/35/35 36/36/36 33/33/33
f 37/37/37 38/38/38 39/39/39
f 39/39/39 40/40/40 37/37/37
f 41/41/41 42/42/42 43/43/43
f 43/43/43 44/44/44 41/41/41
f 45/45/45 46/46/46 47/47/47
f 47/47/47 48/48/48 45/45/45
f 49/49/49 50/50/50 51/51/51
f 51/51/51 52/52/52 49/49/49
f 39/39/39 38/38/38 53/53/16
f 53/53/16 54/54/53 39/39/39
f 42/42/42 55/55/54 14/14/14
f 14/14/14 43/43/43 42/42/42
f 47/47/47 46/46/46 56/56/55
f 56/56/55 57/57/56 47/47/47
f 50/50/50 58/58/57 59/59/58
f 59/59/58 51/51/51 50/50/50
f 12/60/12 11/61/11 60/62/59
f 60/62/59 61/63/60 12/60/12
f 40/40/40 17/17/17 20/20/20
f 20/20/20 62/64/61 40/40/40
f 63/65/62 33/66/33 5/5/5
f 5/5/5 8/8/8 63/65/62
f 48/48/48 29/29/29 32/32/32
f 32/32/32 64/67/63 48/48/48
f 24/24/24 65/68/64 44/44/44
f 44/44/44 21/21/21 24/24/24
f 20/20/20 66/69/65 3/3/3
f 3/3/3 62/64/61 20/20/20
f 28/28/28 36/70/36 52/52/52
f 52/52/52 25/25/25 28/28/28
f 32/32/32 67/71/66 68/72/67
f 68/72/67 64/67/63 32/32/32
f 17/17/17 40/40/40 39/39/39
f 39/39/39 69/73/68 17/17/17
f 21/21/21 44/44/44 43/43/43
f 43/43/43 70/74/69 21/21/21
f 29/29/29 48/48/48 47/47/47
f 47/47/47 71/75/70 29/29/29
f 25/25/25 52/52/52 51/51/51
f 51/51/51 72/76/71 25/25/25
f 69/73/68 39/39/39 54/54/53
f 54/54/53 73/77/72 69/73/68
f 70/74/69 43/43/43 14/14/14
f 14/14/14 13/13/13 70/74/69
f 71/75/70 47/47/47 57/57/56
f 57/57/56 74/78/73 71/75/70
f 72/76/71 51/51/51 59/59/58
f 59/59/58 75/79/74 72/76/71
f 76/80/75 67/71/66 77/81/76
f 77/81/76 78/82/77 76/80/75
f 74/78/73 79/83/78 80/84/79
f 80/84/79 81/85/80 74/78/73
f 52/52/52 36/70/36 35/86/35
f 35/86/35 49/49/49 52/52/52
f 41/41/41 82/87/81 31/31/31
f 31/31/31 30/30/30 41/41/41
f 83/88/82 84/89/83 34/34/34
f 34/34/34 85/90/84 83/88/82
f 30/30/30 29/29/29 71/75/70
f 71/75/70 86/91/85 30/30/30
f 18/18/18 87/92/86 50/50/50
f 50/50/50 49/49/49 18/18/18
f 71/75/70 74/78/73 81/85/80
f 81/85/80 86/91/85 71/75/70
f 87/92/86 88/93/87 58/58/57
f 58/58/57 50/50/50 87/92/86
f 78/82/77 77/81/76 10/10/10
f 10/10/10 9/9/9 78/82/77
f 81/85/80 80/84/79 89/94/88
f 89/94/88 55/55/54 81/85/80
f 49/49/49 35/86/35 19/19/19
f 19/19/19 18/18/18 49/49/49
f 30/30/30 86/91/85 42/42/42
f 42/42/42 41/41/41 30/30/30
f 86/91/85 81/85/80 55/55/54
f 55/55/54 42/42/42 86/91/85
f 44/44/44 65/68/64 82/87/81
f 82/87/81 41/41/41 44/44/44
f 90/95/89 66/96/65 84/89/83
f 84/89/83 83/88/82 90/95/89
f 18/18/18 17/17/17 69/73/68
f 69/73/68 87/92/86 18/18/18
f 69/73/68 73/77/72 88/93/87
f 88/93/87 87/92/86 69/73/68
f 91/97/90 92/98/91 2/2/2
f 2/2/2 1/1/1 91/97/90
f 27/27/27 93/99/92 94/100/93
f 94/100/93 6/6/6 27/27/27
f 54/54/53 53/53/16 95/101/15
f 95/101/15 73/77/72 54/54/53
f 40/40/40 62/64/61 96/102/94
f 96/102/94 37/37/37 40/40/40
f 45/45/45 93/99/92 27/27/27
f 27/27/27 26/26/26 45/45/45
f 22/22/22 97/103/38 38/38/38
f 38/38/38 37/37/37 22/22/22
f 26/26/26 25/25/25 72/76/71
f 72/76/71 98/104/95 26/26/26
f 97/103/38 16/16/16 53/53/16
f 53/53/16 38/38/38 97/103/38
f 72/76/71 75/79/74 99/105/96
f 99/105/96 98/104/95 72/76/71
f 58/58/57 100/106/97 101/107/98
f 101/107/98 59/59/58 58/58/57
f 58/58/57 88/93/87 102/108/99
f 102/108/99 100/106/97 58/58/57
f 53/53/16 16/16/16 15/15/15
f 15/15/15 95/101/15 53/53/16
f 37/37/37 96/102/94 23/23/23
f 23/23/23 22/22/22 37/37/37
f 26/26/26 98/104/95 46/46/46
f 46/46/46 45/45/45 26/26/26
f 98/104/95 99/105/96 56/56/55
f 56/56/55 46/46/46 98/104/95
f 100/106/97 80/84/79 79/83/78
f 79/83/78 101/107/98 100/106/97
f 80/84/79 100/106/97 102/108/99
f 102/108/99 89/94/88 80/84/79
f 91/97/90 61/63/60 60/62/59
f 60/62/59 92/98/91 91/97/90
f 93/99/92 64/67/63 68/72/67
f 68/72/67 94/100/93 93/99/92
f 48/48/48 64/67/63 93/99/92
f 93/99/92 45/45/45 48/48/48
f 22/22/22 21/21/21 70/74/69
f 70/74/69 97/103/38 22/22/22
f 70/74/69 13/13/13 16/16/16
f 16/16/16 97/103/38 70/74/69
f 2/2/2 96/102/94 62/64/61
f 62/64/61 3/3/3 2/2/2
f 28/28/28 27/27/27 6/6/6
f 6/6/6 5/5/5 28/28/28
f 82/109/81 65/110/64 11/11/11
f 11/11/11 10/10/10 82/109/81
f 63/111/62 85/90/84 34/34/34
f 34/34/34 33/33/33 63/111/62
f 65/68/64 24/24/24 60/62/59
f 60/62/59 11/61/11 65/68/64
f 36/70/36 28/28/28 5/5/5
f 5/5/5 33/66/33 36/70/36
f 90/112/89 4/4/4 3/3/3
f 3/3/3 66/69/65 90/112/89
f 76/80/75 103/113/100 68/72/67
f 68/72/67 67/71/66 76/80/75
f 32/32/32 31/114/31 77/81/76
f 77/81/76 67/71/66 32/32/32
f 19/115/19 35/35/35 34/34/34
f 34/34/34 84/89/83 19/115/19
f 31/114/31 82/109/81 10/10/10
f 10/10/10 77/81/76 31/114/31
f 20/116/20 19/115/19 84/89/83
f 84/89/83 66/96/65 20/116/20
f 23/23/23 96/102/94 2/2/2
f 2/2/2 92/98/91 23/23/23
f 104/117/101 7/7/7 6/6/6
f 6/6/6 94/100/93 104/117/101
f 24/24/24 23/23/23 92/98/91
f 92/98/91 60/62/59 24/24/24
f 103/113/100 104/117/101 94/100/93
f 94/100/93 68/72/67 103/113/100
f 55/55/54 89/94/88 15/15/15
f 15/15/15 14/14/14 55/55/54
f 89/94/88 102/108/99 95/101/15
f 95/101/15 15/15/15 89/94/88
f 102/108/99 88/93/87 73/77/72
f 73/77/72 95/101/15 102/108/99
f 57/57/56 56/56/55 79/83/78
f 79/83/78 74/78/73 57/57/56
f 56/56/55 99/105/96 101/107/98
f 101/107/98 79/83/78 56/56/55
f 101/107/98 99/105/96 75/79/74
f 75/79/74 59/59/58 101/107/98
f 105/1/102 106/2/103 107/3/104
f 107/3/104 108/4/105 105/1/102
f 109/5/106 110/6/107 111/7/108
f 111/7/108 112/8/109 109/5/106
f 113/9/110 114/10/111 115/11/112
f 115/11/112 116/12/113 113/9/110
f 117/13/114 118/14/115 119/15/15
f 119/15/15 120/16/116 117/13/114
f 121/17/117 122/18/118 123/19/119
f 123/19/119 124/20/120 121/17/117
f 125/21/121 126/22/122 127/23/123
f 127/23/123 128/24/124 125/21/121
f 129/25/125 130/26/126 131/27/127
f 131/27/127 132/28/128 129/25/125
f 133/29/129 134/30/130 135/31/131
f 135/31/131 136/32/132 133/29/129
f 137/33/133 138/34/134 139/35/135
f 139/35/135 140/36/136 137/33/133
f 141/37/137 142/38/138 143/39/139
f 143/39/139 144/40/140 141/37/137
f 145/41/141 146/42/142 147/43/143
f 147/43/143 148/44/144 145/41/141
f 149/45/145 150/46/146 151/47/147
f 151/47/147 152/48/148 149/45/145
f 153/49/149 154/50/150 155/51/151
f 155/51/151 156/52/152 153/49/149
f 143/39/139 142/38/138 157/53/116
f 157/53/116 158/54/153 143/39/139
f 146/42/142 159/55/154 118/14/115
f 118/14/115 147/43/143 146/42/142
f 151/47/147 150/46/146 160/56/155
f 160/56/155 161/57/156 151/47/147
f 154/50/150 162/58/157 163/59/158
f 163/59/158 155/51/151 154/50/150
f 116/60/113 115/61/112 164/62/159
f 164/62/159 165/63/160 116/60/113
f 144/40/140 121/17/117 124/20/120
f 124/20/120 166/64/161 144/40/140
f 167/65/162 137/66/133 109/5/106
f 109/5/106 112/8/109 167/65/162
f 152/48/148 133/29/129 136/32/132
f 136/32/132 168/67/163 152/48/148
f 128/24/124 169/68/164 148/44/144
f 148/44/144 125/21/121 128/24/124
f 124/20/120 170/69/165 107/3/104
f 107/3/104 166/64/161 124/20/120
f 132/28/128 140/70/136 156/52/152
f 156/52/152 129/25/125 132/28/128
f 136/32/132 171/71/166 172/72/167
f 172/72/167 168/67/163 136/32/132
f 121/17/117 144/40/140 143/39/139
f 143/39/139 173/73/168 121/17/117
f 125/21/121 148/44/144 147/43/143
f 147/43/143 174/74/169 125/21/121
f 133/29/129 152/48/148 151/47/147
f 151/47/147 175/75/170 133/29/129
f 129/25/125 156/52/152 155/51/151
f 155/51/151 176/76/171 129/25/125
f 173/73/168 143/39/139 158/54/153
f 158/54/153 177/77/172 173/73/168
f 174/74/169 147/43/143 118/14/115
f 118/14/115 117/13/114 174/74/169
f 175/75/170 151/47/147 161/57/156
f 161/57/156 178/78/173 175/75/170
f 176/76/171 155/51/151 163/59/158
f 163/59/158 179/79/174 176/76/171
f 180/80/175 171/71/166 181/81/176
f 181/81/176 182/82/177 180/80/175
f 178/78/173 183/83/178 184/84/179
f 184/84/179 185/85/180 178/78/173
f 156/52/152 140/70/136 139/86/135
f 139/86/135 153/49/149 156/52/152
f 145/41/141 186/87/181 135/31/131
f 135/31/131 134/30/130 145/41/141
f 187/88/182 188/89/183 138/34/134
f 138/34/134 189/90/184 187/88/182
f 134/30/130 133/29/129 175/75/170
f 175/75/170 190/91/142 134/30/130
f 122/18/118 191/92/185 154/50/150
f 154/50/150 153/49/149 122/18/118
f 175/75/170 178/78/173 185/85/180
f 185/85/180 190/91/142 175/75/170
f 191/92/185 192/93/186 162/58/157
f 162/58/157 154/50/150 191/92/185
f 182/82/177 181/81/176 114/10/111
f 114/10/111 113/9/110 182/82/177
f 185/85/180 184/84/179 193/94/187
f 193/94/187 159/55/154 185/85/180
f 153/49/149 139/86/135 123/19/119
f 123/19/119 122/18/118 153/49/149
f 134/30/130 190/91/142 146/42/142
f 146/42/142 145/41/141 134/30/130
f 190/91/142 185/85/180 159/55/154
f 159/55/154 146/42/142 190/91/142
f 148/44/144 169/68/164 186/87/181
f 186/87/181 145/41/141 148/44/144
f 194/95/188 170/96/165 188/89/183
f 188/89/183 187/88/182 194/95/188
f 122/18/118 121/17/117 173/73/168
f 173/73/168 191/92/185 122/18/118
f 173/73/168 177/77/172 192/93/186
f 192/93/186 191/92/185 173/73/168
f 195/97/189 196/98/190 106/2/103
f 106/2/103 105/1/102 195/97/189
f 131/27/127 197/99/191 198/100/192
f 198/100/192 110/6/107 131/27/127
f 158/54/153 157/53/116 199/101/15
f 199/101/15 177/77/172 158/54/153
f 144/40/140 166/64/161 200/102/193
f 200/102/193 141/37/137 144/40/140
f 149/45/145 197/99/191 131/27/127
f 131/27/127 130/26/126 149/45/145
f 126/22/122 201/103/138 142/38/138
f 142/38/138 141/37/137 126/22/122
f 130/26/126 129/25/125 176/76/171
f 176/76/171 202/104/194 130/26/126
f 201/103/138 120/16/116 157/53/116
f 157/53/116 142/38/138 201/103/138
f 176/76/171 179/79/174 203/105/195
f 203/105/195 202/104/194 176/76/171
f 162/58/157 204/106/196 205/107/197
f 205/107/197 163/59/158 162/58/157
f 162/58/157 192/93/186 206/108/198
f 206/108/198 204/106/196 162/58/157
f 157/53/116 120/16/116 119/15/15
f 119/15/15 199/101/15 157/53/116
f 141/37/137 200/102/193 127/23/123
f 127/23/123 126/22/122 141/37/137
f 130/26/126 202/104/194 150/46/146
f 150/46/146 149/45/145 130/26/126
f 202/104/194 203/105/195 160/56/155
f 160/56/155 150/46/146 202/104/194
f 204/106/196 184/84/179 183/83/178
f 183/83/178 205/107/197 204/106/196
f 184/84/179 204/106/196 206/108/198
f 206/108/198 193/94/187 184/84/179
f 195/97/189 165/63/160 164/62/159
f 164/62/159 196/98/190 195/97/189
f 197/99/191 168/67/163 172/72/167
f 172/72/167 198/100/192 197/99/191
f 152/48/148 168/67/163 197/99/191
f 197/99/191 149/45/145 152/48/148
f 126/22/122 125/21/121 174/74/169
f 174/74/169 201/103/138 126/22/122
f 174/74/169 117/13/114 120/16/116
f 120/16/116 201/103/138 174/74/169
f 106/2/103 200/102/193 166/64/161
f 166/64/161 107/3/104 106/2/103
f 132/28/128 131/27/127 110/6/107
f 110/6/107 109/5/106 132/28/128
f 186/109/181 169/110/164 115/11/112
f 115/11/112 114/10/111 186/109/181
f 167/111/162 189/90/184 138/34/134
f 138/34/134 137/33/133 167/111/162
f 169/68/164 128/24/124 164/62/159
f 164/62/159 115/61/112 169/68/164
f 140/70/136 132/28/128 109/5/106
f 109/5/106 137/66/133 140/70/136
f 194/112/188 108/4/105 107/3/104
f 107/3/104 170/69/165 194/112/188
f 180/80/175 207/113/199 172/72/167
f 172/72/167 171/71/166 180/80/175
f 136/32/132 135/114/131 181/81/176
f 181/81/176 171/71/166 136/32/132
f 123/115/119 139/35/135 138/34/134
f 138/34/134 188/89/183 123/115/119
f 135/114/131 186/109/181 114/10/111
f 114/10/111 181/81/176 135/114/131
f 124/116/120 123/115/119 188/89/183
f 188/89/183 170/96/165 124/116/120
f 127/23/123 200/102/193 106/2/103
f 106/2/103 196/98/190 127/23/123
f 208/117/200 111/7/108 110/6/107
f 110/6/107 198/100/192 208/117/200
f 128/24/124 127/23/123 196/98/190
f 196/98/190 164/62/159 128/24/124
f 207/113/199 208/117/200 198/100/192
f 198/100/192 172/72/167 207/113/199
f 159/55/154 193/94/187 119/15/15
f 119/15/15 118/14/115 159/55/154
f 193/94/187 206/108/198 199/101/15
f 199/101/15 119/15/15 193/94/187
f 206/108/198 192/93/186 177/77/172
f 177/77/172 199/101/15 206/108/198
f 161/57/156 160/56/155 183/83/178
f 183/83/178 178/78/173 161/57/156
f 160/56/155 203/105/195 205/107/197
f 205/107/197 183/83/178 160/56/155
f 205/107/197 203/105/195 179/79/174
f 179/79/174 163/59/158 205/107/197
f 209/1/102 210/2/103 211/3/104
f 211/3/104 212/4/105 209/1/102
f 213/5/106 214/6/107 215/7/108
f 215/7/108 216/8/109 213/5/106
f 217/9/110 218/10/111 219/11/112
f 219/11/112 220/12/113 217/9/110
f 221/13/114 222/14/115 223/15/15
f 223/15/15 224/16/116 221/13/114
f 225/17/117 226/18/118 227/19/119
f 227/19/119 228/20/120 225/17/117
f 229/21/121 230/22/122 231/23/123
f 231/23/123 232/24/124 229/21/121
f 233/25/125 234/26/126 235/27/127
f 235/27/127 236/28/128 233/25/125
f 237/29/129 238/30/130 239/31/131
f 239/31/131 240/32/132 237/29/129
f 241/33/133 242/34/134 243/35/135
f 243/35/135 244/36/136 241/33/133
f 245/37/137 246/38/138 247/39/139
f 247/39/139 248/40/140 245/37/137
f 249/41/141 250/42/142 251/43/143
f 251/43/143 252/44/144 249/41/141
f 253/45/145 254/46/146 255/47/147
f 255/47/147 256/48/148 253/45/145
f 257/49/149 258/50/150 259/51/201
f 259/51/201 260/52/152 257/49/149
f 247/39/139 246/38/138 261/53/116
f 261/53/116 262/54/153 247/39/139
f 250/42/142 263/55/154 222/14/115
f 222/14/115 251/43/143 250/42/142
f 255/47/147 254/46/146 264/56/155
f 264/56/155 265/57/156 255/47/147
f 258/50/150 266/58/157 267/59/202
f 267/59/202 259/51/201 258/50/150
f 220/60/113 219/61/112 268/62/159
f 268/62/159 269/63/160 220/60/113
f 248/40/140 225/17/117 228/20/120
f 228/20/120 270/64/161 248/40/140
f 271/65/162 241/66/133 213/5/106
f 213/5/106 216/8/109 271/65/162
f 256/48/148 237/29/129 240/32/132
f 240/32/132 272/67/163 256/48/148
f 232/24/124 273/68/164 252/44/144
f 252/44/144 229/21/121 232/24/124
f 228/20/120 274/69/165 211/3/104
f 211/3/104 270/64/161 228/20/120
f 236/28/128 244/70/136 260/52/152
f 260/52/152 233/25/125 236/28/128
f 240/32/132 275/71/166 276/72/167
f 276/72/167 272/67/163 240/32/132
f 225/17/117 248/40/140 247/39/139
f 247/39/139 277/73/168 225/17/117
f 229/21/121 252/44/144 251/43/143
f 251/43/143 278/74/169 229/21/121
f 237/29/129 256/48/148 255/47/147
f 255/47/147 279/75/170 237/29/129
f 233/25/125 260/52/152 259/51/201
f 259/51/201 280/76/171 233/25/125
f 277/73/168 247/39/139 262/54/153
f 262/54/153 281/77/172 277/73/168
f 278/74/169 251/43/143 222/14/115
f 222/14/115 221/13/114 278/74/169
f 279/75/170 255/47/147 265/57/156
f 265/57/156 282/78/173 279/75/170
f 280/76/171 259/51/201 267/59/202
f 267/59/202 283/79/174 280/76/171
f 284/80/175 275/71/166 285/81/176
f 285/81/176 286/82/177 284/80/175
f 282/78/173 287/83/178 288/84/179
f 288/84/179 289/85/180 282/78/173
f 260/52/152 244/70/136 243/86/135
f 243/86/135 257/49/149 260/52/152
f 249/41/141 290/87/181 239/31/131
f 239/31/131 238/30/130 249/41/141
f 291/88/182 292/89/183 242/34/134
f 242/34/134 293/90/184 291/88/182
f 238/30/130 237/29/129 279/75/170
f 279/75/170 294/91/142 238/30/130
f 226/18/118 295/92/185 258/50/150
f 258/50/150 257/49/149 226/18/118
f 279/75/170 282/78/173 289/85/180
f 289/85/180 294/91/142 279/75/170
f 295/92/185 296/93/186 266/58/157
f 266/58/157 258/50/150 295/92/185
f 286/82/177 285/81/176 218/10/111
f 218/10/111 217/9/110 286/82/177
f 289/85/180 288/84/179 297/94/187
f 297/94/187 263/55/154 289/85/180
f 257/49/149 243/86/135 227/19/119
f 227/19/119 226/18/118 257/49/149
f 238/30/130 294/91/142 250/42/142
f 250/42/142 249/41/141 238/30/130
f 294/91/142 289/85/180 263/55/154
f 263/55/154 250/42/142 294/91/142
f 252/44/144 273/68/164 290/87/181
f 290/87/181 249/41/141 252/44/144
f 298/95/188 274/96/165 292/89/183
f 292/89/183 291/88/182 298/95/188
f 226/18/118 225/17/117 277/73/168
f 277/73/168 295/92/185 226/18/118
f 277/73/168 281/77/172 296/93/186
f 296/93/186 295/92/185 277/73/168
f 299/97/189 300/98/190 210/2/103
f 210/2/103 209/1/102 299/97/189
f 235/27/127 301/99/191 302/100/192
f 302/100/192 214/6/107 235/27/127
f 262/54/153 261/53/116 303/101/15
f 303/101/15 281/77/172 262/54/153
f 248/40/140 270/64/161 304/102/193
f 304/102/193 245/37/137 248/40/140
f 253/45/145 301/99/191 235/27/127
f 235/27/127 234/26/126 253/45/145
f 230/22/122 305/103/138 246/38/138
f 246/38/138 245/37/137 230/22/122
f 234/26/126 233/25/125 280/76/171
f 280/76/171 306/104/194 234/26/126
f 305/103/138 224/16/116 261/53/116
f 261/53/116 246/38/138 305/103/138
f 280/76/171 283/79/174 307/105/195
f 307/105/195 306/104/194 280/76/171
f 266/58/157 308/106/196 309/107/197
f 309/107/197 267/59/202 266/58/157
f 266/58/157 296/93/186 310/108/198
f 310/108/198 308/106/196 266/58/157
f 261/53/116 224/16/116 223/15/15
f 223/15/15 303/101/15 261/53/116
f 245/37/137 304/102/193 231/23/123
f 231/23/123 230/22/122 245/37/137
f 234/26/126 306/104/194 254/46/146
f 254/46/146 253/45/145 234/26/126
f 306/104/194 307/105/195 264/56/155
f 264/56/155 254/46/146 306/104/194
f 308/106/196 288/84/179 287/83/178
f 287/83/178 309/107/197 308/106/196
f 288/84/179 308/106/196 310/108/198
f 310/108/198 297/94/187 288/84/179
f 299/97/189 269/63/160 268/62/159
f 268/62/159 300/98/190 299/97/189
f 301/99/191 272/67/163 276/72/167
f 276/72/167 302/100/192 301/99/191
f 256/48/148 272/67/163 301/99/191
f 301/99/191 253/45/145 256/48/148
f 230/22/122 229/21/121 278/74/169
f 278/74/169 305/103/138 230/22/122
f 278/74/169 221/13/114 224/16/116
f 224/16/116 305/103/138 278/74/169
f 210/2/103 304/102/193 270/64/161
f 270/64/161 211/3/104 210/2/103
f 236/28/128 235/27/127 214/6/107
f 214/6/107 213/5/106 236/28/128
f 290/109/181 273/110/164 219/11/112
f 219/11/112 218/10/111 290/109/181
f 271/111/162 293/90/184 242/34/134
f 242/34/134 241/33/133 271/111/162
f 273/68/164 232/24/124 268/62/159
f 268/62/159 219/61/112 273/68/164
f 244/70/136 236/28/128 213/5/106
f 213/5/106 241/66/133 244/70/136
f 298/112/188 212/4/105 211/3/104
f 211/3/104 274/69/165 298/112/188
f 284/80/175 311/113/199 276/72/167
f 276/72/167 275/71/166 284/80/175
f 240/32/132 239/114/131 285/81/176
f 285/81/176 275/71/166 240/32/132
f 227/115/119 243/35/135 242/34/134
f 242/34/134 292/89/183 227/115/119
f 239/114/131 290/109/181 218/10/111
f 218/10/111 285/81/176 239/114/131
f 228/116/120 227/115/119 292/89/183
f 292/89/183 274/96/165 228/116/120
f 231/23/123 304/102/193 210/2/103
f 210/2/103 300/98/190 231/23/123
f 312/117/200 215/7/108 214/6/107
f 214/6/107 302/100/192 312/117/200
f 232/24/124 231/23/123 300/98/190
f 300/98/190 268/62/159 232/24/124
f 311/113/199 312/117/200 302/100/192
f 302/100/192 276/72/167 311/113/199
f 263/55/154 297/94/187 223/15/15
f 223/15/15 222/14/115 263/55/154
f 297/94/187 310/108/198 303/101/15
f 303/101/15 223/15/15 297/94/187
f 310/108/198 296/93/186 281/77/172
f 281/77/172 303/101/15 310/108/198
f 265/57/156 264/56/155 287/83/178
f 287/83/178 282/78/173 265/57/156
f 264/56/155 307/105/195 309/107/197
f 309/107/197 287/83/178 264/56/155
f 309/107/197 307/105/195 283/79/174
f 283/79/174 267/59/202 309/107/197
f 313/1/102 314/2/103 315/3/104
f 315/3/104 316/4/105 313/1/102
f 317/5/106 318/6/107 319/7/108
f 319/7/108 320/8/109 317/5/106
f 321/9/110 322/10/111 323/11/112
f 323/11/112 324/12/113 321/9/110
f 325/13/114 326/14/115 327/15/15
f 327/15/15 328/16/116 325/13/114
f 329/17/117 330/18/118 331/19/119
f 331/19/119 332/20/120 329/17/117
f 333/21/121 334/22/122 335/23/123
f 335/23/123 336/24/124 333/21/121
f 337/25/125 338/26/126 339/27/127
f 339/27/127 340/28/128 337/25/125
f 341/29/129 342/30/130 343/31/131
f 343/31/131 344/32/132 341/29/129
f 345/33/133 346/34/134 347/35/135
f 347/35/135 348/36/136 345/33/133
f 349/37/137 350/38/138 351/39/139
f 351/39/139 352/40/140 349/37/137
f 353/41/141 354/42/142 355/43/143
f 355/43/143 356/44/144 353/41/141
f 357/45/145 358/46/146 359/47/147
f 359/47/147 360/48/148 357/45/145
f 361/49/149 362/50/150 363/51/201
f 363/51/201 364/52/152 361/49/149
f 351/39/139 350/38/138 365/53/116
f 365/53/116 366/54/153 351/39/139
f 354/42/142 367/55/154 326/14/115
f 326/14/115 355/43/143 354/42/142
f 359/47/147 358/46/146 368/56/155
f 368/56/155 369/57/156 359/47/147
f 362/50/150 370/58/157 371/59/202
f 371/59/202 363/51/201 362/50/150
f 324/60/113 323/61/112 372/62/159
f 372/62/159 373/63/160 324/60/113
f 352/40/140 329/17/117 332/20/120
f 332/20/120 374/64/161 352/40/140
f 375/65/162 345/66/133 317/5/106
f 317/5/106 320/8/109 375/65/162
f 360/48/148 341/29/129 344/32/132
f 344/32/132 376/67/163 360/48/148
f 336/24/124 377/68/164 356/44/144
f 356/44/144 333/21/121 336/24/124
f 332/20/120 378/69/165 315/3/104
f 315/3/104 374/64/161 332/20/120
f 340/28/128 348/70/136 364/52/152
f 364/52/152 337/25/125 340/28/128
f 344/32/132 379/71/166 380/72/167
f 380/72/167 376/67/163 344/32/132
f 329/17/117 352/40/140 351/39/139
f 351/39/139 381/73/168 329/17/117
f 333/21/121 356/44/144 355/43/143
f 355/43/143 382/74/169 333/21/121
f 341/29/129 360/48/148 359/47/147
f 359/47/147 383/75/170 341/29/129
f 337/25/125 364/52/152 363/51/201
f 363/51/201 384/76/171 337/25/125
f 381/73/168 351/39/139 366/54/153
f 366/54/153 385/77/172 381/73/168
f 382/74/169 355/43/143 326/14/115
f 326/14/115 325/13/114 382/74/169
f 383/75/170 359/47/147 369/57/156
f 369/57/156 386/78/173 383/75/170
f 384/76/171 363/51/201 371/59/202
f 371/59/202 387/79/174 384/76/171
f 388/80/175 379/71/166 389/81/176
f 389/81/176 390/82/177 388/80/175
f 386/78/173 391/83/178 392/84/179
f 392/84/179 393/85/180 386/78/173
f 364/52/152 348/70/136 347/86/135
f 347/86/135 361/49/149 364/52/152
f 353/41/141 394/87/181 343/31/131
f 343/31/131 342/30/130 353/41/141
f 395/88/182 396/89/183 346/34/134
f 346/34/134 397/90/184 395/88/182
f 342/30/130 341/29/129 383/75/170
f 383/75/170 398/91/142 342/30/130
f 330/18/118 399/92/185 362/50/150
f 362/50/150 361/49/149 330/18/118
f 383/75/170 386/78/173 393/85/180
f 393/85/180 398/91/142 383/75/170
f 399/92/185 400/93/186 370/58/157
f 370/58/157 362/50/150 399/92/185
f 390/82/177 389/81/176 322/10/111
f 322/10/111 321/9/110 390/82/177
f 393/85/180 392/84/179 401/94/187
f 401/94/187 367/55/154 393/85/180
f 361/49/149 347/86/135 331/19/119
f 331/19/119 330/18/118 361/49/149
f 342/30/130 398/91/142 354/42/142
f 354/42/142 353/41/141 342/30/130
f 398/91/142 393/85/180 367/55/154
f 367/55/154 354/42/142 398/91/142
f 356/44/144 377/68/164 394/87/181
f 394/87/181 353/41/141 356/44/144
f 402/95/188 378/96/165 396/89/183
f 396/89/183 395/88/182 402/95/188
f 330/18/118 329/17/117 381/73/168
f 381/73/168 399/92/185 330/18/118
f 381/73/168 385/77/172 400/93/186
f 400/93/186 399/92/185 381/73/168
f 403/97/189 404/98/190 314/2/103
f 314/2/103 313/1/102 403/97/189
f 339/27/127 405/99/191 406/100/192
f 406/100/192 318/6/107 339/27/127
f 366/54/153 365/53/116 407/101/15
f 407/101/15 385/77/172 366/54/153
f 352/40/140 374/64/161 408/102/193
f 408/102/193 349/37/137 352/40/140
f 357/45/145 405/99/191 339/27/127
f 339/27/127 338/26/126 357/45/145
f 334/22/122 409/103/138 350/38/138
f 350/38/138 349/37/137 334/22/122
f 338/26/126 337/25/125 384/76/171
f 384/76/171 410/104/194 338/26/126
f 409/103/138 328/16/116 365/53/116
f 365/53/116 350/38/138 409/103/138
f 384/76/171 387/79/174 411/105/195
f 411/105/195 410/104/194 384/76/171
f 370/58/157 412/106/196 413/107/197
f 413/107/197 371/59/202 370/58/157
f 370/58/157 400/93/186 414/108/198
f 414/108/198 412/106/196 370/58/157
f 365/53/116 328/16/116 327/15/15
f 327/15/15 407/101/15 365/53/116
f 349/37/137 408/102/193 335/23/123
f 335/23/123 334/22/122 349/37/137
f 338/26/126 410/104/194 358/46/146
f 358/46/146 357/45/145 338/26/126
f 410/104/194 411/105/195 368/56/155
f 368/56/155 358/46/146 410/104/194
f 412/106/196 392/84/179 391/83/178
f 391/83/178 413/107/197 412/106/196
f 392/84/179 412/106/196 414/108/198
f 414/108/198 401/94/187 392/84/179
f 403/97/189 373/63/160 372/62/159
f 372/62/159 404/98/190 403/97/189
f 405/99/191 376/67/163 380/72/167
f 380/72/167 406/100/192 405/99/191
f 360/48/148 376/67/163 405/99/191
f 405/99/191 357/45/145 360/48/148
f 334/22/122 333/21/121 382/74/169
f 382/74/169 409/103/138 334/22/122
f 382/74/169 325/13/114 328/16/116
f 328/16/116 409/103/138 382/74/169
f 314/2/103 408/102/193 374/64/161
f 374/64/161 315/3/104 314/2/103
f 340/28/128 339/27/127 318/6/107
f 318/6/107 317/5/106 340/28/128
f 394/109/181 377/110/164 323/11/112
f 323/11/112 322/10/111 394/109/181
f 375/111/162 397/90/184 346/34/134
f 346/34/134 345/33/133 375/111/162
f 377/68/164 336/24/124 372/62/159
f 372/62/159 323/61/112 377/68/164
f 348/70/136 340/28/128 317/5/106
f 317/5/106 345/66/133 348/70/136
f 402/112/188 316/4/105 315/3/104
f 315/3/104 378/69/165 402/112/188
f 388/80/175 415/113/199 380/72/167
f 380/72/167 379/71/166 388/80/175
f 344/32/132 343/114/131 389/81/176
f 389/81/176 379/71/166 344/32/132
f 331/115/119 347/35/135 346/34/134
f 346/34/134 396/89/183 331/115/119
f 343/114/131 394/109/181 322/10/111
f 322/10/111 389/81/176 343/114/131
f 332/116/120 331/115/119 396/89/183
f 396/89/183 378/96/165 332/116/120
f 335/23/123 408/102/193 314/2/103
f 314/2/103 404/98/190 335/23/123
f 416/117/200 319/7/108 318/6/107
f 318/6/107 406/100/192 416/117/200
f 336/24/124 335/23/123 404/98/190
f 404/98/190 372/62/159 336/24/124
f 415/113/199 416/117/200 406/100/192
f 406/100/192 380/72/167 415/113/199
f 367/55/154 401/94/187 327/15/15
f 327/15/15 326/14/115 367/55/154
f 401/94/187 414/108/198 407/101/15
f 407/101/15 327/15/15 401/94/187
f 414/108/198 400/93/186 385/77/172
f 385/77/172 407/101/15 414/108/198
f 369/57/156 368/56/155 391/83/178
f 391/83/178 386/78/173 369/57/156
f 368/56/155 411/105/195 413/107/197
f 413/107/197 391/83/178 368/56/155
f 413/107/197 411/105/195 387/79/174
f 387/79/174 371/59/202 413/107/197
f 417/1/102 418/2/103 419/3/104
f 419/3/104 420/4/105 417/1/102
f 421/5/106 422/6/107 423/7/108
f 423/7/108 424/8/109 421/5/106
f 425/9/110 426/10/111 427/11/112
f 427/11/112 428/12/113 425/9/110
f 429/13/114 430/14/115 431/15/15
f 431/15/15 432/16/116 429/13/114
f 433/17/203 434/18/118 435/19/119
f 435/19/119 436/20/120 433/17/203
f 437/21/121 438/22/122 439/23/123
f 439/23/123 440/24/124 437/21/121
f 441/25/125 442/26/126 443/27/127
f 443/27/127 444/28/128 441/25/125
f 445/29/129 446/30/204 447/31/131
f 447/31/131 448/32/132 445/29/129
f 449/33/133 450/34/134 451/35/135
f 451/35/135 452/36/136 449/33/133
f 453/37/137 454/38/138 455/39/139
f 455/39/139 456/40/140 453/37/137
f 457/41/141 458/42/142 459/43/143
f 459/43/143 460/44/205 457/41/141
f 461/45/145 462/46/146 463/47/147
f 463/47/147 464/48/148 461/45/145
f 465/49/149 466/50/150 467/51/151
f 467/51/151 468/52/152 465/49/149
f 455/39/139 454/38/138 469/53/116
f 469/53/116 470/54/153 455/39/139
f 458/42/142 471/55/154 430/14/115
f 430/14/115 459/43/143 458/42/142
f 463/47/147 462/46/146 472/56/155
f 472/56/155 473/57/156 463/47/147
f 466/50/150 474/58/157 475/59/202
f 475/59/202 467/51/151 466/50/150
f 428/60/113 427/61/112 476/62/159
f 476/62/159 477/63/160 428/60/113
f 456/40/140 433/17/203 436/20/120
f 436/20/120 478/64/161 456/40/140
f 479/65/162 449/66/133 421/5/106
f 421/5/106 424/8/109 479/65/162
f 464/48/148 445/29/129 448/32/132
f 448/32/132 480/67/163 464/48/148
f 440/24/124 481/68/164 460/44/205
f 460/44/205 437/21/121 440/24/124
f 436/20/120 482/69/165 419/3/104
f 419/3/104 478/64/161 436/20/120
f 444/28/128 452/70/136 468/52/152
f 468/52/152 441/25/125 444/28/128
f 448/32/132 483/71/166 484/72/167
f 484/72/167 480/67/163 448/32/132
f 433/17/203 456/40/140 455/39/139
f 455/39/139 485/73/168 433/17/203
f 437/21/121 460/44/205 459/43/143
f 459/43/143 486/74/169 437/21/121
f 445/29/129 464/48/148 463/47/147
f 463/47/147 487/75/170 445/29/129
f 441/25/125 468/52/152 467/51/151
f 467/51/151 488/76/171 441/25/125
f 485/73/168 455/39/139 470/54/153
f 470/54/153 489/77/172 485/73/168
f 486/74/169 459/43/143 430/14/115
f 430/14/115 429/13/114 486/74/169
f 487/75/170 463/47/147 473/57/156
f 473/57/156 490/78/206 487/75/170
f 488/76/171 467/51/151 475/59/202
f 475/59/202 491/79/174 488/76/171
f 492/80/175 483/71/166 493/81/176
f 493/81/176 494/82/177 492/80/175
f 490/78/206 495/83/178 496/84/179
f 496/84/179 497/85/180 490/78/206
f 468/52/152 452/70/136 451/86/135
f 451/86/135 465/49/149 468/52/152
f 457/41/141 498/87/181 447/31/131
f 447/31/131 446/30/204 457/41/141
f 499/88/182 500/89/183 450/34/134
f 450/34/134 501/90/184 499/88/182
f 446/30/204 445/29/129 487/75/170
f 487/75/170 502/91/142 446/30/204
f 434/18/118 503/92/185 466/50/150
f 466/50/150 465/49/149 434/18/118
f 487/75/170 490/78/206 497/85/180
f 497/85/180 502/91/142 487/75/170
f 503/92/185 504/93/186 474/58/157
f 474/58/157 466/50/150 503/92/185
f 494/82/177 493/81/176 426/10/111
f 426/10/111 425/9/110 494/82/177
f 497/85/180 496/84/179 505/94/187
f 505/94/187 471/55/154 497/85/180
f 465/49/149 451/86/135 435/19/119
f 435/19/119 434/18/118 465/49/149
f 446/30/204 502/91/142 458/42/142
f 458/42/142 457/41/141 446/30/204
f 502/91/142 497/85/180 471/55/154
f 471/55/154 458/42/142 502/91/142
f 460/44/205 481/68/164 498/87/181
f 498/87/181 457/41/141 460/44/205
f 506/95/188 482/96/165 500/89/183
f 500/89/183 499/88/182 506/95/188
f 434/18/118 433/17/203 485/73/168
f 485/73/168 503/92/185 434/18/118
f 485/73/168 489/77/172 504/93/186
f 504/93/186 503/92/185 485/73/168
f 507/97/189 508/98/190 418/2/103
f 418/2/103 417/1/102 507/97/189
f 443/27/127 509/99/191 510/100/192
f 510/100/192 422/6/107 443/27/127
f 470/54/153 469/53/116 511/101/15
f 511/101/15 489/77/172 470/54/153
f 456/40/140 478/64/161 512/102/193
f 512/102/193 453/37/137 456/40/140
f 461/45/145 509/99/191 443/27/127
f 443/27/127 442/26/126 461/45/145
f 438/22/122 513/103/207 454/38/138
f 454/38/138 453/37/137 438/22/122
f 442/26/126 441/25/125 488/76/171
f 488/76/171 514/104/194 442/26/126
f 513/103/207 432/16/116 469/53/116
f 469/53/116 454/38/138 513/103/207
f 488/76/171 491/79/174 515/105/195
f 515/105/195 514/104/194 488/76/171
f 474/58/157 516/106/196 517/107/197
f 517/107/197 475/59/202 474/58/157
f 474/58/157 504/93/186 518/108/198
f 518/108/198 516/106/196 474/58/157
f 469/53/116 432/16/116 431/15/15
f 431/15/15 511/101/15 469/53/116
f 453/37/137 512/102/193 439/23/123
f 439/23/123 438/22/122 453/37/137
f 442/26/126 514/104/194 462/46/146
f 462/46/146 461/45/145 442/26/126
f 514/104/194 515/105/195 472/56/155
f 472/56/155 462/46/146 514/104/194
f 516/106/196 496/84/179 495/83/178
f 495/83/178 517/107/197 516/106/196
f 496/84/179 516/106/196 518/108/198
f 518/108/198 505/94/187 496/84/179
f 507/97/189 477/63/160 476/62/159
f 476/62/159 508/98/190 507/97/189
f 509/99/191 480/67/163 484/72/167
f 484/72/167 510/100/192 509/99/191
f 464/48/148 480/67/163 509/99/191
f 509/99/191 461/45/145 464/48/148
f 438/22/122 437/21/121 486/74/169
f 486/74/169 513/103/207 438/22/122
f 486/74/169 429/13/114 432/16/116
f 432/16/116 513/103/207 486/74/169
f 418/2/103 512/102/193 478/64/161
f 478/64/161 419/3/104 418/2/103
f 444/28/128 443/27/127 422/6/107
f 422/6/107 421/5/106 444/28/128
f 498/109/181 481/110/164 427/11/112
f 427/11/112 426/10/111 498/109/181
f 479/111/162 501/90/184 450/34/134
f 450/34/134 449/33/133 479/111/162
f 481/68/164 440/24/124 476/62/159
f 476/62/159 427/61/112 481/68/164
f 452/70/136 444/28/128 421/5/106
f 421/5/106 449/66/133 452/70/136
f 506/112/188 420/4/105 419/3/104
f 419/3/104 482/69/165 506/112/188
f 492/80/175 519/113/199 484/72/167
f 484/72/167 483/71/166 492/80/175
f 448/32/132 447/114/131 493/81/176
f 493/81/176 483/71/166 448/32/132
f 435/115/119 451/35/135 450/34/134
f 450/34/134 500/89/183 435/115/119
f 447/114/131 498/109/181 426/10/111
f 426/10/111 493/81/176 447/114/131
f 436/116/120 435/115/119 500/89/183
f 500/89/183 482/96/165 436/116/120
f 439/23/123 512/102/193 418/2/103
f 418/2/103 508/98/190 439/23/123
f 520/117/200 423/7/108 422/6/107
f 422/6/107 510/100/192 520/117/200
f 440/24/124 439/23/123 508/98/190
f 508/98/190 476/62/159 440/24/124
f 519/113/199 520/117/200 510/100/192
f 510/100/192 484/72/167 519/113/199
f 471/55/154 505/94/187 431/15/15
f 431/15/15 430/14/115 471/55/154
f 505/94/187 518/108/198 511/101/15
f 511/101/15 431/15/15 505/94/187
f 518/108/198 504/93/186 489/77/172
f 489/77/172 511/101/15 518/108/198
f 473/57/156 472/56/155 495/83/178
f 495/83/178 490/78/206 473/57/156
f 472/56/155 515/105/195 517/107/197
f 517/107/197 495/83/178 472/56/155
f 517/107/197 515/105/195 491/79/174
f 491/79/174 475/59/202 517/107/197
f 521/1/208 522/2/209 523/3/210
f 523/3/210 524/4/211 521/1/208
f 525/5/212 526/6/213 527/7/214
f 527/7/214 528/8/215 525/5/212
f 529/9/216 530/10/217 531/11/218
f 531/11/218 532/12/219 529/9/216
f 533/13/220 534/14/221 535/15/15
f 535/15/15 536/16/222 533/13/220
f 537/17/223 538/18/224 539/19/225
f 539/19/225 540/20/226 537/17/223
f 541/21/227 542/22/228 543/23/229
f 543/23/229 544/24/230 541/21/227
f 545/25/231 546/26/232 547/27/233
f 547/27/233 548/28/234 545/25/231
f 549/29/235 550/30/236 551/31/237
f 551/31/237 552/32/238 549/29/235
f 553/33/239 554/34/240 555/35/241
f 555/35/241 556/36/242 553/33/239
f 557/37/243 558/38/244 559/39/245
f 559/39/245 560/40/246 557/37/243
f 561/41/247 562/42/248 563/43/249
f 563/43/249 564/44/250 561/41/247
f 565/45/251 566/46/252 567/47/253
f 567/47/253 568/48/254 565/45/251
f 569/49/255 570/50/256 571/51/257
f 571/51/257 572/52/258 569/49/255
f 559/39/245 558/38/244 573/53/222
f 573/53/222 574/54/259 559/39/245
f 562/42/248 575/55/260 534/14/221
f 534/14/221 563/43/249 562/42/248
f 567/47/253 566/46/252 576/56/261
f 576/56/261 577/57/262 567/47/253
f 570/50/256 578/58/263 579/59/264
f 579/59/264 571/51/257 570/50/256
f 532/60/219 531/61/218 580/62/265
f 580/62/265 581/63/266 532/60/219
f 560/40/246 537/17/223 540/20/226
f 540/20/226 582/64/267 560/40/246
f 583/65/268 553/66/239 525/5/212
f 525/5/212 528/8/215 583/65/268
f 568/48/254 549/29/235 552/32/238
f 552/32/238 584/67/269 568/48/254
f 544/24/230 585/68/270 564/44/250
f 564/44/250 541/21/227 544/24/230
f 540/20/226 586/69/271 523/3/210
f 523/3/210 582/64/267 540/20/226
f 548/28/234 556/70/242 572/52/258
f 572/52/258 545/25/231 548/28/234
f 552/32/238 587/71/272 588/72/273
f 588/72/273 584/67/269 552/32/238
f 537/17/223 560/40/246 559/39/245
f 559/39/245 589/73/274 537/17/223
f 541/21/227 564/44/250 563/43/249
f 563/43/249 590/74/275 541/21/227
f 549/29/235 568/48/254 567/47/253
f 567/47/253 591/75/276 549/29/235
f 545/25/231 572/52/258 571/51/257
f 571/51/257 592/76/277 545/25/231
f 589/73/274 559/39/245 574/54/259
f 574/54/259 593/77/278 589/73/274
f 590/74/275 563/43/249 534/14/221
f 534/14/221 533/13/220 590/74/275
f 591/75/276 567/47/253 577/57/262
f 577/57/262 594/78/279 591/75/276
f 592/76/277 571/51/257 579/59/264
f 579/59/264 595/79/280 592/76/277
f 596/80/281 587/71/272 597/81/282
f 597/81/282 598/82/283 596/80/281
f 594/78/279 599/83/284 600/84/285
f 600/84/285 601/85/286 594/78/279
f 572/52/258 556/70/242 555/86/241
f 555/86/241 569/49/255 572/52/258
f 561/41/247 602/87/287 551/31/237
f 551/31/237 550/30/236 561/41/247
f 603/88/288 604/89/289 554/34/240
f 554/34/240 605/90/290 603/88/288
f 550/30/236 549/29/235 591/75/276
f 591/75/276 606/91/248 550/30/236
f 538/18/224 607/92/291 570/50/256
f 570/50/256 569/49/255 538/18/224
f 591/75/276 594/78/279 601/85/286
f 601/85/286 606/91/248 591/75/276
f 607/92/291 608/93/292 578/58/263
f 578/58/263 570/50/256 607/92/291
f 598/82/283 597/81/282 530/10/217
f 530/10/217 529/9/216 598/82/283
f 601/85/286 600/84/285 609/94/293
f 609/94/293 575/55/260 601/85/286
f 569/49/255 555/86/241 539/19/225
f 539/19/225 538/18/224 569/49/255
f 550/30/236 606/91/248 562/42/248
f 562/42/248 561/41/247 550/30/236
f 606/91/248 601/85/286 575/55/260
f 575/55/260 562/42/248 606/91/248
f 564/44/250 585/68/270 602/87/287
f 602/87/287 561/41/247 564/44/250
f 610/95/294 586/96/271 604/89/289
f 604/89/289 603/88/288 610/95/294
f 538/18/224 537/17/223 589/73/274
f 589/73/274 607/92/291 538/18/224
f 589/73/274 593/77/278 608/93/292
f 608/93/292 607/92/291 589/73/274
f 611/97/295 612/98/296 522/2/209
f 522/2/209 521/1/208 611/97/295
f 547/27/233 613/99/297 614/100/298
f 614/100/298 526/6/213 547/27/233
f 574/54/259 573/53/222 615/101/15
f 615/101/15 593/77/278 574/54/259
f 560/40/246 582/64/267 616/102/299
f 616/102/299 557/37/243 560/40/246
f 565/45/251 613/99/297 547/27/233
f 547/27/233 546/26/232 565/45/251
f 542/22/228 617/103/244 558/38/244
f 558/38/244 557/37/243 542/22/228
f 546/26/232 545/25/231 592/76/277
f 592/76/277 618/104/300 546/26/232
f 617/103/244 536/16/222 573/53/222
f 573/53/222 558/38/244 617/103/244
f 592/76/277 595/79/280 619/105/301
f 619/105/301 618/104/300 592/76/277
f 578/58/263 620/106/302 621/107/303
f 621/107/303 579/59/264 578/58/263
f 578/58/263 608/93/292 622/108/304
f 622/108/304 620/106/302 578/58/263
f 573/53/222 536/16/222 535/15/15
f 535/15/15 615/101/15 573/53/222
f 557/37/243 616/102/299 543/23/229
f 543/23/229 542/22/228 557/37/243
f 546/26/232 618/104/300 566/46/252
f 566/46/252 565/45/251 546/26/232
f 618/104/300 619/105/301 576/56/261
f 576/56/261 566/46/252 618/104/300
f 620/106/302 600/84/285 599/83/284
f 599/83/284 621/107/303 620/106/302
f 600/84/285 620/106/302 622/108/304
f 622/108/304 609/94/293 600/84/285
f 611/97/295 581/63/266 580/62/265
f 580/62/265 612/98/296 611/97/295
f 613/99/297 584/67/269 588/72/273
f 588/72/273 614/100/298 613/99/297
f 568/48/254 584/67/269 613/99/297
f 613/99/297 565/45/251 568/48/254
f 542/22/228 541/21/227 590/74/275
f 590/74/275 617/103/244 542/22/228
f 590/74/275 533/13/220 536/16/222
f 536/16/222 617/103/244 590/74/275
f 522/2/209 616/102/299 582/64/267
f 582/64/267 523/3/210 522/2/209
f 548/28/234 547/27/233 526/6/213
f 526/6/213 525/5/212 548/28/234
f 602/109/287 585/110/270 531/11/218
f 531/11/218 530/10/217 602/109/287
f 583/111/268 605/90/290 554/34/240
f 554/34/240 553/33/239 583/111/268
f 585/68/270 544/24/230 580/62/265
f 580/62/265 531/61/218 585/68/270
f 556/70/242 548/28/234 525/5/212
f 525/5/212 553/66/239 556/70/242
f 610/112/294 524/4/211 523/3/210
f 523/3/210 586/69/271 610/112/294
f 596/80/281 623/113/305 588/72/273
f 588/72/273 587/71/272 596/80/281
f 552/32/238 551/114/237 597/81/282
f 597/81/282 587/71/272 552/32/238
f 539/115/225 555/35/241 554/34/240
f 554/34/240 604/89/289 539/115/225
f 551/114/237 602/109/287 530/10/217
f 530/10/217 597/81/282 551/114/237
f 540/116/226 539/115/225 604/89/289
f 604/89/289 586/96/271 540/116/226
f 543/23/229 616/102/299 522/2/209
f 522/2/209 612/98/296 543/23/229
f 624/117/306 527/7/214 526/6/213
f 526/6/213 614/100/298 624/117/306
f 544/24/230 543/23/229 612/98/296
f 612/98/296 580/62/265 544/24/230
f 623/113/305 624/117/306 614/100/298
f 614/100/298 588/72/273 623/113/305
f 575/55/260 609/94/293 535/15/15
f 535/15/15 534/14/221 575/55/260
f 609/94/293 622/108/304 615/101/15
f 615/101/15 535/15/15 609/94/293
f 622/108/304 608/93/292 593/77/278
f 593/77/278 615/101/15 622/108/304
f 577/57/262 576/56/261 599/83/284
f 599/83/284 594/78/279 577/57/262
f 576/56/261 619/105/301 621/107/303
f 621/107/303 599/83/284 576/56/261
f 621/107/303 619/105/301 595/79/280
f 595/79/280 579/59/264 621/107/303
f 625/1/208 626/2/209 627/3/210
f 627/3/210 628/4/211 625/1/208
f 629/5/212 630/6/213 631/7/214
f 631/7/214 632/8/307 629/5/212
f 633/9/216 634/10/217 635/11/218
f 635/11/218 636/12/219 633/9/216
f 637/13/220 638/14/221 639/15/15
f 639/15/15 640/16/222 637/13/220
f 641/17/308 642/18/224 643/19/225
f 643/19/225 644/20/226 641/17/308
f 645/21/227 646/22/228 647/23/229
f 647/23/229 648/24/230 645/21/227
f 649/25/309 650/26/232 651/27/233
f 651/27/233 652/28/234 649/25/309
f 653/29/310 654/30/236 655/31/237
f 655/31/237 656/32/311 653/29/310
f 657/33/239 658/34/240 659/35/241
f 659/35/241 660/36/242 657/33/239
f 661/37/243 662/38/244 663/39/245
f 663/39/245 664/40/246 661/37/243
f 665/41/247 666/42/248 667/43/249
f 667/43/249 668/44/250 665/41/247
f 669/45/251 670/46/252 671/47/253
f 671/47/253 672/48/254 669/45/251
f 673/49/255 674/50/256 675/51/257
f 675/51/257 676/52/312 673/49/255
f 663/39/245 662/38/244 677/53/222
f 677/53/222 678/54/259 663/39/245
f 666/42/248 679/55/260 638/14/221
f 638/14/221 667/43/249 666/42/248
f 671/47/253 670/46/252 680/56/261
f 680/56/261 681/57/262 671/47/253
f 674/50/256 682/58/263 683/59/264
f 683/59/264 675/51/257 674/50/256
f 636/60/219 635/61/218 684/62/265
f 684/62/265 685/63/266 636/60/219
f 664/40/246 641/17/308 644/20/226
f 644/20/226 686/64/267 664/40/246
f 687/65/268 657/66/239 629/5/212
f 629/5/212 632/8/307 687/65/268
f 672/48/254 653/29/310 656/32/311
f 656/32/311 688/67/269 672/48/254
f 648/24/230 689/68/270 668/44/250
f 668/44/250 645/21/227 648/24/230
f 644/20/226 690/69/271 627/3/210
f 627/3/210 686/64/267 644/20/226
f 652/28/234 660/70/242 676/52/312
f 676/52/312 649/25/309 652/28/234
f 656/32/311 691/71/272 692/72/273
f 692/72/273 688/67/269 656/32/311
f 641/17/308 664/40/246 663/39/245
f 663/39/245 693/73/274 641/17/308
f 645/21/227 668/44/250 667/43/249
f 667/43/249 694/74/313 645/21/227
f 653/29/310 672/48/254 671/47/253
f 671/47/253 695/75/276 653/29/310
f 649/25/309 676/52/312 675/51/257
f 675/51/257 696/76/277 649/25/309
f 693/73/274 663/39/245 678/54/259
f 678/54/259 697/77/278 693/73/274
f 694/74/313 667/43/249 638/14/221
f 638/14/221 637/13/220 694/74/313
f 695/75/276 671/47/253 681/57/262
f 681/57/262 698/78/314 695/75/276
f 696/76/277 675/51/257 683/59/264
f 683/59/264 699/79/280 696/76/277
f 700/80/281 691/71/272 701/81/282
f 701/81/282 702/82/283 700/80/281
f 698/78/314 703/83/284 704/84/285
f 704/84/285 705/85/286 698/78/314
f 676/52/312 660/70/242 659/86/241
f 659/86/241 673/49/255 676/52/312
f 665/41/247 706/87/287 655/31/237
f 655/31/237 654/30/236 665/41/247
f 707/88/288 708/89/289 658/34/240
f 658/34/240 709/90/290 707/88/288
f 654/30/236 653/29/310 695/75/276
f 695/75/276 710/91/248 654/30/236
f 642/18/224 711/92/315 674/50/256
f 674/50/256 673/49/255 642/18/224
f 695/75/276 698/78/314 705/85/286
f 705/85/286 710/91/248 695/75/276
f 711/92/315 712/93/292 682/58/263
f 682/58/263 674/50/256 711/92/315
f 702/82/283 701/81/282 634/10/217
f 634/10/217 633/9/216 702/82/283
f 705/85/286 704/84/285 713/94/293
f 713/94/293 679/55/260 705/85/286
f 673/49/255 659/86/241 643/19/225
f 643/19/225 642/18/224 673/49/255
f 654/30/236 710/91/248 666/42/248
f 666/42/248 665/41/247 654/30/236
f 710/91/248 705/85/286 679/55/260
f 679/55/260 666/42/248 710/91/248
f 668/44/250 689/68/270 706/87/287
f 706/87/287 665/41/247 668/44/250
f 714/95/294 690/96/271 708/89/289
f 708/89/289 707/88/288 714/95/294
f 642/18/224 641/17/308 693/73/274
f 693/73/274 711/92/315 642/18/224
f 693/73/274 697/77/278 712/93/292
f 712/93/292 711/92/315 693/73/274
f 715/97/295 716/98/296 626/2/209
f 626/2/209 625/1/208 715/97/295
f 651/27/233 717/99/297 718/100/298
f 718/100/298 630/6/213 651/27/233
f 678/54/259 677/53/222 719/101/15
f 719/101/15 697/77/278 678/54/259
f 664/40/246 686/64/267 720/102/299
f 720/102/299 661/37/243 664/40/246
f 669/45/251 717/99/297 651/27/233
f 651/27/233 650/26/232 669/45/251
f 646/22/228 721/103/244 662/38/244
f 662/38/244 661/37/243 646/22/228
f 650/26/232 649/25/309 696/76/277
f 696/76/277 722/104/300 650/26/232
f 721/103/244 640/16/222 677/53/222
f 677/53/222 662/38/244 721/103/244
f 696/76/277 699/79/280 723/105/301
f 723/105/301 722/104/300 696/76/277
f 682/58/263 724/106/302 725/107/303
f 725/107/303 683/59/264 682/58/263
f 682/58/263 712/93/292 726/108/304
f 726/108/304 724/106/302 682/58/263
f 677/53/222 640/16/222 639/15/15
f 639/15/15 719/101/15 677/53/222
f 661/37/243 720/102/299 647/23/229
f 647/23/229 646/22/228 661/37/243
f 650/26/232 722/104/300 670/46/252
f 670/46/252 669/45/251 650/26/232
f 722/104/300 723/105/301 680/56/261
f 680/56/261 670/46/252 722/104/300
f 724/106/302 704/84/285 703/83/284
f 703/83/284 725/107/303 724/106/302
f 704/84/285 724/106/302 726/108/304
f 726/108/304 713/94/293 704/84/285
f 715/97/295 685/63/266 684/62/265
f 684/62/265 716/98/296 715/97/295
f 717/99/297 688/67/269 692/72/273
f 692/72/273 718/100/298 717/99/297
f 672/48/254 688/67/269 717/99/297
f 717/99/297 669/45/251 672/48/254
f 646/22/228 645/21/227 694/74/313
f 694/74/313 721/103/244 646/22/228
f 694/74/313 637/13/220 640/16/222
f 640/16/222 721/103/244 694/74/313
f 626/2/209 720/102/299 686/64/267
f 686/64/267 627/3/210 626/2/209
f 652/28/234 651/27/233 630/6/213
f 630/6/213 629/5/212 652/28/234
f 706/109/287 689/110/270 635/11/218
f 635/11/218 634/10/217 706/109/287
f 687/111/268 709/90/290 658/34/240
f 658/34/240 657/33/239 687/111/268
f 689/68/270 648/24/230 684/62/265
f 684/62/265 635/61/218 689/68/270
f 660/70/242 652/28/234 629/5/212
f 629/5/212 657/66/239 660/70/242
f 714/112/294 628/4/211 627/3/210
f 627/3/210 690/69/271 714/112/294
f 700/80/281 727/113/305 692/72/273
f 692/72/273 691/71/272 700/80/281
f 656/32/311 655/114/237 701/81/282
f 701/81/282 691/71/272 656/32/311
f 643/115/225 659/35/241 658/34/240
f 658/34/240 708/89/289 643/115/225
f 655/114/237 706/109/287 634/10/217
f 634/10/217 701/81/282 655/114/237
f 644/116/226 643/115/225 708/89/289
f 708/89/289 690/96/271 644/116/226
f 647/23/229 720/102/299 626/2/209
f 626/2/209 716/98/296 647/23/229
f 728/117/306 631/7/214 630/6/213
f 630/6/213 718/100/298 728/117/306
f 648/24/230 647/23/229 716/98/296
f 716/98/296 684/62/265 648/24/230
f 727/113/305 728/117/306 718/100/298
f 718/100/298 692/72/273 727/113/305
f 679/55/260 713/94/293 639/15/15
f 639/15/15 638/14/221 679/55/260
f 713/94/293 726/108/304 719/101/15
f 719/101/15 639/15/15 713/94/293
f 726/108/304 712/93/292 697/77/278
f 697/77/278 719/101/15 726/108/304
f 681/57/262 680/56/261 703/83/284
f 703/83/284 698/78/314 681/57/262
f 680/56/261 723/105/301 725/107/303
f 725/107/303 703/83/284 680/56/261
f 725/107/303 723/105/301 699/79/280
f 699/79/280 683/59/264 725/107/303
f 729/1/208 730/2/209 731/3/210
f 731/3/210 732/4/211 729/1/208
f 733/5/212 734/6/213 735/7/214
f 735/7/214 736/8/307 733/5/212
f 737/9/216 738/10/217 739/11/218
f 739/11/218 740/12/219 737/9/216
f 741/13/220 742/14/221 743/15/15
f 743/15/15 744/16/222 741/13/220
f 745/17/308 746/18/224 747/19/225
f 747/19/225 748/20/226 745/17/308
f 749/21/227 750/22/228 751/23/229
f 751/23/229 752/24/230 749/21/227
f 753/25/309 754/26/232 755/27/233
f 755/27/233 756/28/234 753/25/309
f 757/29/310 758/30/236 759/31/237
f 759/31/237 760/32/238 757/29/310
f 761/33/239 762/34/240 763/35/241
f 763/35/241 764/36/242 761/33/239
f 765/37/243 766/38/244 767/39/245
f 767/39/245 768/40/246 765/37/243
f 769/41/247 770/42/248 771/43/249
f 771/43/249 772/44/250 769/41/247
f 773/45/251 774/46/252 775/47/253
f 775/47/253 776/48/254 773/45/251
f 777/49/255 778/50/256 779/51/257
f 779/51/257 780/52/258 777/49/255
f 767/39/245 766/38/244 781/53/222
f 781/53/222 782/54/259 767/39/245
f 770/42/248 783/55/260 742/14/221
f 742/14/221 771/43/249 770/42/248
f 775/47/253 774/46/252 784/56/261
f 784/56/261 785/57/262 775/47/253
f 778/50/256 786/58/263 787/59/264
f 787/59/264 779/51/257 778/50/256
f 740/60/219 739/61/218 788/62/265
f 788/62/265 789/63/266 740/60/219
f 768/40/246 745/17/308 748/20/226
f 748/20/226 790/64/267 768/40/246
f 791/65/268 761/66/239 733/5/212
f 733/5/212 736/8/307 791/65/268
f 776/48/254 757/29/310 760/32/238
f 760/32/238 792/67/269 776/48/254
f 752/24/230 793/68/270 772/44/250
f 772/44/250 749/21/227 752/24/230
f 748/20/226 794/69/271 731/3/210
f 731/3/210 790/64/267 748/20/226
f 756/28/234 764/70/242 780/52/258
f 780/52/258 753/25/309 756/28/234
f 760/32/238 795/71/272 796/72/273
f 796/72/273 792/67/269 760/32/238
f 745/17/308 768/40/246 767/39/245
f 767/39/245 797/73/274 745/17/308
f 749/21/227 772/44/250 771/43/249
f 771/43/249 798/74/313 749/21/227
f 757/29/310 776/48/254 775/47/253
f 775/47/253 799/75/276 757/29/310
f 753/25/309 780/52/258 779/51/257
f 779/51/257 800/76/277 753/25/309
f 797/73/274 767/39/245 782/54/259
f 782/54/259 801/77/278 797/73/274
f 798/74/313 771/43/249 742/14/221
f 742/14/221 741/13/220 798/74/313
f 799/75/276 775/47/253 785/57/262
f 785/57/262 802/78/279 799/75/276
f 800/76/277 779/51/257 787/59/264
f 787/59/264 803/79/280 800/76/277
f 804/80/281 795/71/272 805/81/282
f 805/81/282 806/82/283 804/80/281
f 802/78/279 807/83/284 808/84/285
f 808/84/285 809/85/286 802/78/279
f 780/52/258 764/70/242 763/86/241
f 763/86/241 777/49/255 780/52/258
f 769/41/247 810/87/287 759/31/237
f 759/31/237 758/30/236 769/41/247
f 811/88/288 812/89/289 762/34/240
f 762/34/240 813/90/290 811/88/288
f 758/30/236 757/29/310 799/75/276
f 799/75/276 814/91/248 758/30/236
f 746/18/224 815/92/291 778/50/256
f 778/50/256 777/49/255 746/18/224
f 799/75/276 802/78/279 809/85/286
f 809/85/286 814/91/248 799/75/276
f 815/92/291 816/93/292 786/58/263
f 786/58/263 778/50/256 815/92/291
f 806/82/283 805/81/282 738/10/217
f 738/10/217 737/9/216 806/82/283
f 809/85/286 808/84/285 817/94/293
f 817/94/293 783/55/260 809/85/286
f 777/49/255 763/86/241 747/19/225
f 747/19/225 746/18/224 777/49/255
f 758/30/236 814/91/248 770/42/248
f 770/42/248 769/41/247 758/30/236
f 814/91/248 809/85/286 783/55/260
f 783/55/260 770/42/248 814/91/248
f 772/44/250 793/68/270 810/87/287
f 810/87/287 769/41/247 772/44/250
f 818/95/294 794/96/271 812/89/289
f 812/89/289 811/88/288 818/95/294
f 746/18/224 745/17/308 797/73/274
f 797/73/274 815/92/291 746/18/224
f 797/73/274 801/77/278 816/93/292
f 816/93/292 815/92/291 797/73/274
f 819/97/295 820/98/296 730/2/209
f 730/2/209 729/1/208 819/97/295
f 755/27/233 821/99/297 822/100/298
f 822/100/298 734/6/213 755/27/233
f 782/54/259 781/53/222 823/101/15
f 823/101/15 801/77/278 782/54/259
f 768/40/246 790/64/267 824/102/299
f 824/102/299 765/37/243 768/40/246
f 773/45/251 821/99/297 755/27/233
f 755/27/233 754/26/232 773/45/251
f 750/22/228 825/103/244 766/38/244
f 766/38/244 765/37/243 750/22/228
f 754/26/232 753/25/309 800/76/277
f 800/76/277 826/104/300 754/26/232
f 825/103/244 744/16/222 781/53/222
f 781/53/222 766/38/244 825/103/244
f 800/76/277 803/79/280 827/105/301
f 827/105/301 826/104/300 800/76/277
f 786/58/263 828/106/302 829/107/303
f 829/107/303 787/59/264 786/58/263
f 786/58/263 816/93/292 830/108/304
f 830/108/304 828/106/302 786/58/263
f 781/53/222 744/16/222 743/15/15
f 743/15/15 823/101/15 781/53/222
f 765/37/243 824/102/299 751/23/229
f 751/23/229 750/22/228 765/37/243
f 754/26/232 826/104/300 774/46/252
f 774/46/252 773/45/251 754/26/232
f 826/104/300 827/105/301 784/56/261
f 784/56/261 774/46/252 826/104/300
f 828/106/302 808/84/285 807/83/284
f 807/83/284 829/107/303 828/106/302
f 808/84/285 828/106/302 830/108/304
f 830/108/304 817/94/293 808/84/285
f 819/97/295 789/63/266 788/62/265
f 788/62/265 820/98/296 819/97/295
f 821/99/297 792/67/269 796/72/273
f 796/72/273 822/100/298 821/99/297
f 776/48/254 792/67/269 821/99/297
f 821/99/297 773/45/251 776/48/254
f 750/22/228 749/21/227 798/74/313
f 798/74/313 825/103/244 750/22/228
f 798/74/313 741/13/220 744/16/222
f 744/16/222 825/103/244 798/74/313
f 730/2/209 824/102/299 790/64/267
f 790/64/267 731/3/210 730/2/209
f 756/28/234 755/27/233 734/6/213
f 734/6/213 733/5/212 756/28/234
f 810/109/287 793/110/270 739/11/218
f 739/11/218 738/10/217 810/109/287
f 791/111/268 813/90/290 762/34/240
f 762/34/240 761/33/239 791/111/268
f 793/68/270 752/24/230 788/62/265
f 788/62/265 739/61/218 793/68/270
f 764/70/242 756/28/234 733/5/212
f 733/5/212 761/66/239 764/70/242
f 818/112/294 732/4/211 731/3/210
f 731/3/210 794/69/271 818/112/294
f 804/80/281 831/113/305 796/72/273
f 796/72/273 795/71/272 804/80/281
f 760/32/238 759/114/237 805/81/282
f 805/81/282 795/71/272 760/32/238
f 747/115/225 763/35/241 762/34/240
f 762/34/240 812/89/289 747/115/225
f 759/114/237 810/109/287 738/10/217
f 738/10/217 805/81/282 759/114/237
f 748/116/226 747/115/225 812/89/289
f 812/89/289 794/96/271 748/116/226
f 751/23/229 824/102/299 730/2/209
f 730/2/209 820/98/296 751/23/229
f 832/117/306 735/7/214 734/6/213
f 734/6/213 822/100/298 832/117/306
f 752/24/230 751/23/229 820/98/296
f 820/98/296 788/62/265 752/24/230
f 831/113/305 832/117/306 822/100/298
f 822/100/298 796/72/273 831/113/305
f 783/55/260 817/94/293 743/15/15
f 743/15/15 742/14/221 783/55/260
f 817/94/293 830/108/304 823/101/15
f 823/101/15 743/15/15 817/94/293
f 830/108/304 816/93/292 801/77/278
f 801/77/278 823/101/15 830/108/304
f 785/57/262 784/56/261 807/83/284
f 807/83/284 802/78/279 785/57/262
f 784/56/261 827/105/301 829/107/303
f 829/107/303 807/83/284 784/56/261
f 829/107/303 827/105/301 803/79/280
f 803/79/280 787/59/264 829/107/303
f 833/1/208 834/2/209 835/3/210
f 835/3/210 836/4/211 833/1/208
f 837/5/212 838/6/213 839/7/214
f 839/7/214 840/8/307 837/5/212
f 841/9/216 842/10/217 843/11/218
f 843/11/218 844/12/219 841/9/216
f 845/13/220 846/14/221 847/15/15
f 847/15/15 848/16/222 845/13/220
f 849/17/223 850/18/224 851/19/225
f 851/19/225 852/20/226 849/17/223
f 853/21/227 854/22/228 855/23/229
f 855/23/229 856/24/230 853/21/227
f 857/25/231 858/26/232 859/27/233
f 859/27/233 860/28/234 857/25/231
f 861/29/235 862/30/236 863/31/237
f 863/31/237 864/32/238 861/29/235
f 865/33/239 866/34/240 867/35/241
f 867/35/241 868/36/242 865/33/239
f 869/37/243 870/38/244 871/39/245
f 871/39/245 872/40/246 869/37/243
f 873/41/247 874/42/248 875/43/249
f 875/43/249 876/44/250 873/41/247
f 877/45/251 878/46/252 879/47/253
f 879/47/253 880/48/254 877/45/251
f 881/49/255 882/50/256 883/51/257
f 883/51/257 884/52/258 881/49/255
f 871/39/245 870/38/244 885/53/222
f 885/53/222 886/54/259 871/39/245
f 874/42/248 887/55/260 846/14/221
f 846/14/221 875/43/249 874/42/248
f 879/47/253 878/46/252 888/56/261
f 888/56/261 889/57/262 879/47/253
f 882/50/256 890/58/263 891/59/264
f 891/59/264 883/51/257 882/50/256
f 844/60/219 843/61/218 892/62/265
f 892/62/265 893/63/266 844/60/219
f 872/40/246 849/17/223 852/20/226
f 852/20/226 894/64/267 872/40/246
f 895/65/268 865/66/239 837/5/212
f 837/5/212 840/8/307 895/65/268
f 880/48/254 861/29/235 864/32/238
f 864/32/238 896/67/269 880/48/254
f 856/24/230 897/68/270 876/44/250
f 876/44/250 853/21/227 856/24/230
f 852/20/226 898/69/271 835/3/210
f 835/3/210 894/64/267 852/20/226
f 860/28/234 868/70/242 884/52/258
f 884/52/258 857/25/231 860/28/234
f 864/32/238 899/71/272 900/72/273
f 900/72/273 896/67/269 864/32/238
f 849/17/223 872/40/246 871/39/245
f 871/39/245 901/73/274 849/17/223
f 853/21/227 876/44/250 875/43/249
f 875/43/249 902/74/313 853/21/227
f 861/29/235 880/48/254 879/47/253
f 879/47/253 903/75/276 861/29/235
f 857/25/231 884/52/258 883/51/257
f 883/51/257 904/76/277 857/25/231
f 901/73/274 871/39/245 886/54/259
f 886/54/259 905/77/278 901/73/274
f 902/74/313 875/43/249 846/14/221
f 846/14/221 845/13/220 902/74/313
f 903/75/276 879/47/253 889/57/262
f 889/57/262 906/78/279 903/75/276
f 904/76/277 883/51/257 891/59/264
f 891/59/264 907/79/280 904/76/277
f 908/80/281 899/71/272 909/81/282
f 909/81/282 910/82/283 908/80/281
f 906/78/279 911/83/284 912/84/285
f 912/84/285 913/85/286 906/78/279
f 884/52/258 868/70/242 867/86/241
f 867/86/241 881/49/255 884/52/258
f 873/41/247 914/87/287 863/31/237
f 863/31/237 862/30/236 873/41/247
f 915/88/288 916/89/289 866/34/240
f 866/34/240 917/90/290 915/88/288
f 862/30/236 861/29/235 903/75/276
f 903/75/276 918/91/248 862/30/236
f 850/18/224 919/92/315 882/50/256
f 882/50/256 881/49/255 850/18/224
f 903/75/276 906/78/279 913/85/286
f 913/85/286 918/91/248 903/75/276
f 919/92/315 920/93/292 890/58/263
f 890/58/263 882/50/256 919/92/315
f 910/82/283 909/81/282 842/10/217
f 842/10/217 841/9/216 910/82/283
f 913/85/286 912/84/285 921/94/293
f 921/94/293 887/55/260 913/85/286
f 881/49/255 867/86/241 851/19/225
f 851/19/225 850/18/224 881/49/255
f 862/30/236 918/91/248 874/42/248
f 874/42/248 873/41/247 862/30/236
f 918/91/248 913/85/286 887/55/260
f 887/55/260 874/42/248 918/91/248
f 876/44/250 897/68/270 914/87/287
f 914/87/287 873/41/247 876/44/250
f 922/95/294 898/96/271 916/89/289
f 916/89/289 915/88/288 922/95/294
f 850/18/224 849/17/223 901/73/274
f 901/73/274 919/92/315 850/18/224
f 901/73/274 905/77/278 920/93/292
f 920/93/292 919/92/315 901/73/274
f 923/97/295 924/98/296 834/2/209
f 834/2/209 833/1/208 923/97/295
f 859/27/233 925/99/297 926/100/298
f 926/100/298 838/6/213 859/27/233
f 886/54/259 885/53/222 927/101/15
f 927/101/15 905/77/278 886/54/259
f 872/40/246 894/64/267 928/102/299
f 928/102/299 869/37/243 872/40/246
f 877/45/251 925/99/297 859/27/233
f 859/27/233 858/26/232 877/45/251
f 854/22/228 929/103/244 870/38/244
f 870/38/244 869/37/243 854/22/228
f 858/26/232 857/25/231 904/76/277
f 904/76/277 930/104/300 858/26/232
f 929/103/244 848/16/222 885/53/222
f 885/53/222 870/38/244 929/103/244
f 904/76/277 907/79/280 931/105/301
f 931/105/301 930/104/300 904/76/277
f 890/58/263 932/106/302 933/107/303
f 933/107/303 891/59/264 890/58/263
f 890/58/263 920/93/292 934/108/304
f 934/108/304 932/106/302 890/58/263
f 885/53/222 848/16/222 847/15/15
f 847/15/15 927/101/15 885/53/222
f 869/37/243 928/102/299 855/23/229
f 855/23/229 854/22/228 869/37/243
f 858/26/232 930/104/300 878/46/252
f 878/46/252 877/45/251 858/26/232
f 930/104/300 931/105/301 888/56/261
f 888/56/261 878/46/252 930/104/300
f 932/106/302 912/84/285 911/83/284
f 911/83/284 933/107/303 932/106/302
f 912/84/285 932/106/302 934/108/304
f 934/108/304 921/94/293 912/84/285
f 923/97/295 893/63/266 892/62/265
f 892/62/265 924/98/296 923/97/295
f 925/99/297 896/67/269 900/72/273
f 900/72/273 926/100/298 925/99/297
f 880/48/254 896/67/269 925/99/297
f 925/99/297 877/45/251 880/48/254
f 854/22/228 853/21/227 902/74/313
f 902/74/313 929/103/244 854/22/228
f 902/74/313 845/13/220 848/16/222
f 848/16/222 929/103/244 902/74/313
f 834/2/209 928/102/299 894/64/267
f 894/64/267 835/3/210 834/2/209
f 860/28/234 859/27/233 838/6/213
f 838/6/213 837/5/212 860/28/234
f 914/109/287 897/110/270 843/11/218
f 843/11/218 842/10/217 914/109/287
f 895/111/268 917/90/290 866/34/240
f 866/34/240 865/33/239 895/111/268
f 897/68/270 856/24/230 892/62/265
f 892/62/265 843/61/218 897/68/270
f 868/70/242 860/28/234 837/5/212
f 837/5/212 865/66/239 868/70/242
f 922/112/294 836/4/211 835/3/210
f 835/3/210 898/69/271 922/112/294
f 908/80/281 935/113/305 900/72/273
f 900/72/273 899/71/272 908/80/281
f 864/32/238 863/114/237 909/81/282
f 909/81/282 899/71/272 864/32/238
f 851/115/225 867/35/241 866/34/240
f 866/34/240 916/89/289 851/115/225
f 863/114/237 914/109/287 842/10/217
f 842/10/217 909/81/282 863/114/237
f 852/116/226 851/115/225 916/89/289
f 916/89/289 898/96/271 852/116/226
f 855/23/229 928/102/299 834/2/209
f 834/2/209 924/98/296 855/23/229
f 936/117/306 839/7/214 838/6/213
f 838/6/213 926/100/298 936/117/306
f 856/24/230 855/23/229 924/98/296
f 924/98/296 892/62/265 856/24/230
f 935/113/305 936/117/306 926/100/298
f 926/100/298 900/72/273 935/113/305
f 887/55/260 921/94/293 847/15/15
f 847/15/15 846/14/221 887/55/260
f 921/94/293 934/108/304 927/101/15
f 927/101/15 847/15/15 921/94/293
f 934/108/304 920/93/292 905/77/278
f 905/77/278 927/101/15 934/108/304
f 889/57/262 888/56/261 911/83/284
f 911/83/284 906/78/279 889/57/262
f 888/56/261 931/105/301 933/107/303
f 933/107/303 911/83/284 888/56/261
f 933/107/303 931/105/301 907/79/280
f 907/79/280 891/59/264 933/107/303
f 937/1/208 938/2/209 939/3/210
f 939/3/210 940/4/211 937/1/208
f 941/5/212 942/6/213 943/7/214
f 943/7/214 944/8/215 941/5/212
f 945/9/216 946/10/217 947/11/218
f 947/11/218 948/12/219 945/9/216
f 949/13/220 950/14/221 951/15/15
f 951/15/15 952/16/222 949/13/220
f 953/17/308 954/18/224 955/19/225
f 955/19/225 956/20/226 953/17/308
f 957/21/227 958/22/228 959/23/229
f 959/23/229 960/24/230 957/21/227
f 961/25/231 962/26/232 963/27/233
f 963/27/233 964/28/234 961/25/231
f 965/29/235 966/30/236 967/31/237
f 967/31/237 968/32/238 965/29/235
f 969/33/239 970/34/240 971/35/241
f 971/35/241 972/36/242 969/33/239
f 973/37/243 974/38/244 975/39/316
f 975/39/316 976/40/246 973/37/243
f 977/41/247 978/42/248 979/43/249
f 979/43/249 980/44/250 977/41/247
f 981/45/251 982/46/252 983/47/253
f 983/47/253 984/48/254 981/45/251
f 985/49/255 986/50/256 987/51/257
f 987/51/257 988/52/312 985/49/255
f 975/39/316 974/38/244 989/53/222
f 989/53/222 990/54/259 975/39/316
f 978/42/248 991/55/260 950/14/221
f 950/14/221 979/43/249 978/42/248
f 983/47/253 982/46/252 992/56/261
f 992/56/261 993/57/262 983/47/253
f 986/50/256 994/58/263 995/59/264
f 995/59/264 987/51/257 986/50/256
f 948/60/219 947/61/218 996/62/265
f 996/62/265 997/63/266 948/60/219
f 976/40/246 953/17/308 956/20/226
f 956/20/226 998/64/267 976/40/246
f 999/65/268 969/66/239 941/5/212
f 941/5/212 944/8/215 999/65/268
f 984/48/254 965/29/235 968/32/238
f 968/32/238 1000/67/317 984/48/254
f 960/24/230 1001/68/270 980/44/250
f 980/44/250 957/21/227 960/24/230
f 956/20/226 1002/69/271 939/3/210
f 939/3/210 998/64/267 956/20/226
f 964/28/234 972/70/242 988/52/312
f 988/52/312 961/25/231 964/28/234
f 968/32/238 1003/71/272 1004/72/273
f 1004/72/273 1000/67/317 968/32/238
f 953/17/308 976/40/246 975/39/316
f 975/39/316 1005/73/274 953/17/308
f 957/21/227 980/44/250 979/43/249
f 979/43/249 1006/74/313 957/21/227
f 965/29/235 984/48/254 983/47/253
f 983/47/253 1007/75/276 965/29/235
f 961/25/231 988/52/312 987/51/257
f 987/51/257 1008/76/277 961/25/231
f 1005/73/274 975/39/316 990/54/259
f 990/54/259 1009/77/278 1005/73/274
f 1006/74/313 979/43/249 950/14/221
f 950/14/221 949/13/220 1006/74/313
f 1007/75/276 983/47/253 993/57/262
f 993/57/262 1010/78/279 1007/75/276
f 1008/76/277 987/51/257 995/59/264
f 995/59/264 1011/79/280 1008/76/277
f 1012/80/281 1003/71/272 1013/81/282
f 1013/81/282 1014/82/283 1012/80/281
f 1010/78/279 1015/83/284 1016/84/285
f 1016/84/285 1017/85/286 1010/78/279
f 988/52/312 972/70/242 971/86/241
f 971/86/241 985/49/255 988/52/312
f 977/41/247 1018/87/287 967/31/237
f 967/31/237 966/30/236 977/41/247
f 1019/88/288 1020/89/289 970/34/240
f 970/34/240 1021/90/290 1019/88/288
f 966/30/236 965/29/235 1007/75/276
f 1007/75/276 1022/91/248 966/30/236
f 954/18/224 1023/92/291 986/50/256
f 986/50/256 985/49/255 954/18/224
f 1007/75/276 1010/78/279 1017/85/286
f 1017/85/286 1022/91/248 1007/75/276
f 1023/92/291 1024/93/292 994/58/263
f 994/58/263 986/50/256 1023/92/291
f 1014/82/283 1013/81/282 946/10/217
f 946/10/217 945/9/216 1014/82/283
f 1017/85/286 1016/84/285 1025/94/293
f 1025/94/293 991/55/260 1017/85/286
f 985/49/255 971/86/241 955/19/225
f 955/19/225 954/18/224 985/49/255
f 966/30/236 1022/91/248 978/42/248
f 978/42/248 977/41/247 966/30/236
f 1022/91/248 1017/85/286 991/55/260
f 991/55/260 978/42/248 1022/91/248
f 980/44/250 1001/68/270 1018/87/287
f 1018/87/287 977/41/247 980/44/250
f 1026/95/294 1002/96/271 1020/89/289
f 1020/89/289 1019/88/288 1026/95/294
f 954/18/224 953/17/308 1005/73/274
f 1005/73/274 1023/92/291 954/18/224
f 1005/73/274 1009/77/278 1024/93/292
f 1024/93/292 1023/92/291 1005/73/274
f 1027/97/295 1028/98/296 938/2/209
f 938/2/209 937/1/208 1027/97/295
f 963/27/233 1029/99/297 1030/100/298
f 1030/100/298 942/6/213 963/27/233
f 990/54/259 989/53/222 1031/101/15
f 1031/101/15 1009/77/278 990/54/259
f 976/40/246 998/64/267 1032/102/299
f 1032/102/299 973/37/243 976/40/246
f 981/45/251 1029/99/297 963/27/233
f 963/27/233 962/26/232 981/45/251
f 958/22/228 1033/103/244 974/38/244
f 974/38/244 973/37/243 958/22/228
f 962/26/232 961/25/231 1008/76/277
f 1008/76/277 1034/104/300 962/26/232
f 1033/103/244 952/16/222 989/53/222
f 989/53/222 974/38/244 1033/103/244
f 1008/76/277 1011/79/280 1035/105/301
f 1035/105/301 1034/104/300 1008/76/277
f 994/58/263 1036/106/302 1037/107/303
f 1037/107/303 995/59/264 994/58/263
f 994/58/263 1024/93/292 1038/108/304
f 1038/108/304 1036/106/302 994/58/263
f 989/53/222 952/16/222 951/15/15
f 951/15/15 1031/101/15 989/53/222
f 973/37/243 1032/102/299 959/23/229
f 959/23/229 958/22/228 973/37/243
f 962/26/232 1034/104/300 982/46/252
f 982/46/252 981/45/251 962/26/232
f 1034/104/300 1035/105/301 992/56/261
f 992/56/261 982/46/252 1034/104/300
f 1036/106/302 1016/84/285 1015/83/284
f 1015/83/284 1037/107/303 1036/106/302
f 1016/84/285 1036/106/302 1038/108/304
f 1038/108/304 1025/94/293 1016/84/285
f 1027/97/295 997/63/266 996/62/265
f 996/62/265 1028/98/296 1027/97/295
f 1029/99/297 1000/67/317 1004/72/273
f 1004/72/273 1030/100/298 1029/99/297
f 984/48/254 1000/67/317 1029/99/297
f 1029/99/297 981/45/251 984/48/254
f 958/22/228 957/21/227 1006/74/313
f 1006/74/313 1033/103/244 958/22/228
f 1006/74/313 949/13/220 952/16/222
f 952/16/222 1033/103/244 1006/74/313
f 938/2/209 1032/102/299 998/64/267
f 998/64/267 939/3/210 938/2/209
f 964/28/234 963/27/233 942/6/213
f 942/6/213 941/5/212 964/28/234
f 1018/109/287 1001/110/270 947/11/218
f 947/11/218 946/10/217 1018/109/287
f 999/111/268 1021/90/290 970/34/240
f 970/34/240 969/33/239 999/111/268
f 1001/68/270 960/24/230 996/62/265
f 996/62/265 947/61/218 1001/68/270
f 972/70/242 964/28/234 941/5/212
f 941/5/212 969/66/239 972/70/242
f 1026/112/294 940/4/211 939/3/210
f 939/3/210 1002/69/271 1026/112/294
f 1012/80/281 1039/113/305 1004/72/273
f 1004/72/273 1003/71/272 1012/80/281
f 968/32/238 967/114/237 1013/81/282
f 1013/81/282 1003/71/272 968/32/238
f 955/115/225 971/35/241 970/34/240
f 970/34/240 1020/89/289 955/115/225
f 967/114/237 1018/109/287 946/10/217
f 946/10/217 1013/81/282 967/114/237
f 956/116/226 955/115/225 1020/89/289
f 1020/89/289 1002/96/271 956/116/226
f 959/23/229 1032/102/299 938/2/209
f 938/2/209 1028/98/296 959/23/229
f 1040/117/306 943/7/214 942/6/213
f 942/6/213 1030/100/298 1040/117/306
f 960/24/230 959/23/229 1028/98/296
f 1028/98/296 996/62/265 960/24/230
f 1039/113/305 1040/117/306 1030/100/298
f 1030/100/298 1004/72/273 1039/113/305
f 991/55/260 1025/94/293 951/15/15
f 951/15/15 950/14/221 991/55/260
f 1025/94/293 1038/108/304 1031/101/15
f 1031/101/15 951/15/15 1025/94/293
f 1038/108/304 1024/93/292 1009/77/278
f 1009/77/278 1031/101/15 1038/108/304
f 993/57/262 992/56/261 1015/83/284
f 1015/83/284 1010/78/279 993/57/262
f 992/56/261 1035/105/301 1037/107/303
f 1037/107/303 1015/83/284 992/56/261
f 1037/107/303 1035/105/301 1011/79/280
f 1011/79/280 995/59/264 1037/107/303
f 1041/1/318 1042/2/319 1043/3/320
f 1043/3/320 1044/4/321 1041/1/318
f 1045/5/322 1046/6/323 1047/7/324
f 1047/7/324 1048/8/325 1045/5/322
f 1049/9/326 1050/10/327 1051/11/328
f 1051/11/328 1052/12/329 1049/9/326
f 1053/13/330 1054/14/331 1055/15/15
f 1055/15/15 1056/16/332 1053/13/330
f 1057/17/129 1058/18/333 1059/19/334
f 1059/19/334 1060/20/335 1057/17/129
f 1061/21/125 1062/22/336 1063/23/337
f 1063/23/337 1064/24/338 1061/21/125
f 1065/25/121 1066/26/339 1067/27/340
f 1067/27/340 1068/28/341 1065/25/121
f 1069/29/117 1070/30/342 1071/31/343
f 1071/31/343 1072/32/344 1069/29/117
f 1073/33/345 1074/34/346 1075/35/347
f 1075/35/347 1076/36/348 1073/33/345
f 1077/37/349 1078/38/350 1079/39/351
f 1079/39/351 1080/40/352 1077/37/349
f 1081/41/353 1082/42/354 1083/43/355
f 1083/43/355 1084/44/356 1081/41/353
f 1085/45/357 1086/46/358 1087/47/359
f 1087/47/359 1088/48/360 1085/45/357
f 1089/49/361 1090/50/362 1091/51/363
f 1091/51/363 1092/52/364 1089/49/361
f 1079/39/351 1078/38/350 1093/53/332
f 1093/53/332 1094/54/365 1079/39/351
f 1082/42/354 1095/55/366 1054/14/331
f 1054/14/331 1083/43/355 1082/42/354
f 1087/47/359 1086/46/358 1096/56/367
f 1096/56/367 1097/57/368 1087/47/359
f 1090/50/362 1098/58/369 1099/59/370
f 1099/59/370 1091/51/363 1090/50/362
f 1052/60/329 1051/61/328 1100/62/371
f 1100/62/371 1101/63/372 1052/60/329
f 1080/40/352 1057/17/129 1060/20/335
f 1060/20/335 1102/64/373 1080/40/352
f 1103/65/374 1073/66/345 1045/5/322
f 1045/5/322 1048/8/325 1103/65/374
f 1088/48/360 1069/29/117 1072/32/344
f 1072/32/344 1104/67/375 1088/48/360
f 1064/24/338 1105/68/376 1084/44/356
f 1084/44/356 1061/21/125 1064/24/338
f 1060/20/335 1106/69/377 1043/3/320
f 1043/3/320 1102/64/373 1060/20/335
f 1068/28/341 1076/70/348 1092/52/364
f 1092/52/364 1065/25/121 1068/28/341
f 1072/32/344 1107/71/378 1108/72/379
f 1108/72/379 1104/67/375 1072/32/344
f 1057/17/129 1080/40/352 1079/39/351
f 1079/39/351 1109/73/380 1057/17/129
f 1061/21/125 1084/44/356 1083/43/355
f 1083/43/355 1110/74/381 1061/21/125
f 1069/29/117 1088/48/360 1087/47/359
f 1087/47/359 1111/75/382 1069/29/117
f 1065/25/121 1092/52/364 1091/51/363
f 1091/51/363 1112/76/383 1065/25/121
f 1109/73/380 1079/39/351 1094/54/365
f 1094/54/365 1113/77/384 1109/73/380
f 1110/74/381 1083/43/355 1054/14/331
f 1054/14/331 1053/13/330 1110/74/381
f 1111/75/382 1087/47/359 1097/57/368
f 1097/57/368 1114/78/385 1111/75/382
f 1112/76/383 1091/51/363 1099/59/370
f 1099/59/370 1115/79/386 1112/76/383
f 1116/80/387 1107/71/378 1117/81/388
f 1117/81/388 1118/82/389 1116/80/387
f 1114/78/385 1119/83/390 1120/84/391
f 1120/84/391 1121/85/392 1114/78/385
f 1092/52/364 1076/70/348 1075/86/347
f 1075/86/347 1089/49/361 1092/52/364
f 1081/41/353 1122/87/393 1071/31/343
f 1071/31/343 1070/30/342 1081/41/353
f 1123/88/394 1124/89/395 1074/34/346
f 1074/34/346 1125/90/396 1123/88/394
f 1070/30/342 1069/29/117 1111/75/382
f 1111/75/382 1126/91/354 1070/30/342
f 1058/18/333 1127/92/397 1090/50/362
f 1090/50/362 1089/49/361 1058/18/333
f 1111/75/382 1114/78/385 1121/85/392
f 1121/85/392 1126/91/354 1111/75/382
f 1127/92/397 1128/93/398 1098/58/369
f 1098/58/369 1090/50/362 1127/92/397
f 1118/82/389 1117/81/388 1050/10/327
f 1050/10/327 1049/9/326 1118/82/389
f 1121/85/392 1120/84/391 1129/94/399
f 1129/94/399 1095/55/366 1121/85/392
f 1089/49/361 1075/86/347 1059/19/334
f 1059/19/334 1058/18/333 1089/49/361
f 1070/30/342 1126/91/354 1082/42/354
f 1082/42/354 1081/41/353 1070/30/342
f 1126/91/354 1121/85/392 1095/55/366
f 1095/55/366 1082/42/354 1126/91/354
f 1084/44/356 1105/68/376 1122/87/393
f 1122/87/393 1081/41/353 1084/44/356
f 1130/95/400 1106/96/377 1124/89/395
f 1124/89/395 1123/88/394 1130/95/400
f 1058/18/333 1057/17/129 1109/73/380
f 1109/73/380 1127/92/397 1058/18/333
f 1109/73/380 1113/77/384 1128/93/398
f 1128/93/398 1127/92/397 1109/73/380
f 1131/97/401 1132/98/402 1042/2/319
f 1042/2/319 1041/1/318 1131/97/401
f 1067/27/340 1133/99/403 1134/100/404
f 1134/100/404 1046/6/323 1067/27/340
f 1094/54/365 1093/53/332 1135/101/15
f 1135/101/15 1113/77/384 1094/54/365
f 1080/40/352 1102/64/373 1136/102/405
f 1136/102/405 1077/37/349 1080/40/352
f 1085/45/357 1133/99/403 1067/27/340
f 1067/27/340 1066/26/339 1085/45/357
f 1062/22/336 1137/103/350 1078/38/350
f 1078/38/350 1077/37/349 1062/22/336
f 1066/26/339 1065/25/121 1112/76/383
f 1112/76/383 1138/104/406 1066/26/339
f 1137/103/350 1056/16/332 1093/53/332
f 1093/53/332 1078/38/350 1137/103/350
f 1112/76/383 1115/79/386 1139/105/407
f 1139/105/407 1138/104/406 1112/76/383
f 1098/58/369 1140/106/408 1141/107/409
f 1141/107/409 1099/59/370 1098/58/369
f 1098/58/369 1128/93/398 1142/108/410
f 1142/108/410 1140/106/408 1098/58/369
f 1093/53/332 1056/16/332 1055/15/15
f 1055/15/15 1135/101/15 1093/53/332
f 1077/37/349 1136/102/405 1063/23/337
f 1063/23/337 1062/22/336 1077/37/349
f 1066/26/339 1138/104/406 1086/46/358
f 1086/46/358 1085/45/357 1066/26/339
f 1138/104/406 1139/105/407 1096/56/367
f 1096/56/367 1086/46/358 1138/104/406
f 1140/106/408 1120/84/391 1119/83/390
f 1119/83/390 1141/107/409 1140/106/408
f 1120/84/391 1140/106/408 1142/108/410
f 1142/108/410 1129/94/399 1120/84/391
f 1131/97/401 1101/63/372 1100/62/371
f 1100/62/371 1132/98/402 1131/97/401
f 1133/99/403 1104/67/375 1108/72/379
f 1108/72/379 1134/100/404 1133/99/403
f 1088/48/360 1104/67/375 1133/99/403
f 1133/99/403 1085/45/357 1088/48/360
f 1062/22/336 1061/21/125 1110/74/381
f 1110/74/381 1137/103/350 1062/22/336
f 1110/74/381 1053/13/330 1056/16/332
f 1056/16/332 1137/103/350 1110/74/381
f 1042/2/319 1136/102/405 1102/64/373
f 1102/64/373 1043/3/320 1042/2/319
f 1068/28/341 1067/27/340 1046/6/323
f 1046/6/323 1045/5/322 1068/28/341
f 1122/109/393 1105/110/376 1051/11/328
f 1051/11/328 1050/10/327 1122/109/393
f 1103/111/374 1125/90/396 1074/34/346
f 1074/34/346 1073/33/345 1103/111/374
f 1105/68/376 1064/24/338 1100/62/371
f 1100/62/371 1051/61/328 1105/68/376
f 1076/70/348 1068/28/341 1045/5/322
f 1045/5/322 1073/66/345 1076/70/348
f 1130/112/400 1044/4/321 1043/3/320
f 1043/3/320 1106/69/377 1130/112/400
f 1116/80/387 1143/113/411 1108/72/379
f 1108/72/379 1107/71/378 1116/80/387
f 1072/32/344 1071/114/343 1117/81/388
f 1117/81/388 1107/71/378 1072/32/344
f 1059/115/334 1075/35/347 1074/34/346
f 1074/34/346 1124/89/395 1059/115/334
f 1071/114/343 1122/109/393 1050/10/327
f 1050/10/327 1117/81/388 1071/114/343
f 1060/116/335 1059/115/334 1124/89/395
f 1124/89/395 1106/96/377 1060/116/335
f 1063/23/337 1136/102/405 1042/2/319
f 1042/2/319 1132/98/402 1063/23/337
f 1144/117/412 1047/7/324 1046/6/323
f 1046/6/323 1134/100/404 1144/117/412
f 1064/24/338 1063/23/337 1132/98/402
f 1132/98/402 1100/62/371 1064/24/338
f 1143/113/411 1144/117/412 1134/100/404
f 1134/100/404 1108/72/379 1143/113/411
f 1095/55/366 1129/94/399 1055/15/15
f 1055/15/15 1054/14/331 1095/55/366
f 1129/94/399 1142/108/410 1135/101/15
f 1135/101/15 1055/15/15 1129/94/399
f 1142/108/410 1128/93/398 1113/77/384
f 1113/77/384 1135/101/15 1142/108/410
f 1097/57/368 1096/56/367 1119/83/390
f 1119/83/390 1114/78/385 1097/57/368
f 1096/56/367 1139/105/407 1141/107/409
f 1141/107/409 1119/83/390 1096/56/367
f 1141/107/409 1139/105/407 1115/79/386
f 1115/79/386 1099/59/370 1141/107/409
f 1145/1/318 1146/2/319 1147/3/320
f 1147/3/320 1148/4/321 1145/1/318
f 1149/5/322 1150/6/323 1151/7/324
f 1151/7/324 1152/8/325 1149/5/322
f 1153/9/326 1154/10/327 1155/11/413
f 1155/11/413 1156/12/414 1153/9/326
f 1157/13/415 1158/14/331 1159/15/15
f 1159/15/15 1160/16/332 1157/13/415
f 1161/17/416 1162/18/333 1163/19/334
f 1163/19/334 1164/20/335 1161/17/416
f 1165/21/125 1166/22/336 1167/23/337
f 1167/23/337 1168/24/338 1165/21/125
f 1169/25/121 1170/26/339 1171/27/340
f 1171/27/340 1172/28/341 1169/25/121
f 1173/29/203 1174/30/342 1175/31/343
f 1175/31/343 1176/32/344 1173/29/203
f 1177/33/345 1178/34/346 1179/35/347
f 1179/35/347 1180/36/348 1177/33/345
f 1181/37/349 1182/38/350 1183/39/351
f 1183/39/351 1184/40/352 1181/37/349
f 1185/41/353 1186/42/354 1187/43/355
f 1187/43/355 1188/44/356 1185/41/353
f 1189/45/357 1190/46/358 1191/47/359
f 1191/47/359 1192/48/360 1189/45/357
f 1193/49/361 1194/50/362 1195/51/363
f 1195/51/363 1196/52/364 1193/49/361
f 1183/39/351 1182/38/350 1197/53/332
f 1197/53/332 1198/54/365 1183/39/351
f 1186/42/354 1199/55/366 1158/14/331
f 1158/14/331 1187/43/355 1186/42/354
f 1191/47/359 1190/46/358 1200/56/367
f 1200/56/367 1201/57/368 1191/47/359
f 1194/50/362 1202/58/369 1203/59/370
f 1203/59/370 1195/51/363 1194/50/362
f 1156/60/414 1155/61/413 1204/62/371
f 1204/62/371 1205/63/372 1156/60/414
f 1184/40/352 1161/17/416 1164/20/335
f 1164/20/335 1206/64/373 1184/40/352
f 1207/65/374 1177/66/345 1149/5/322
f 1149/5/322 1152/8/325 1207/65/374
f 1192/48/360 1173/29/203 1176/32/344
f 1176/32/344 1208/67/375 1192/48/360
f 1168/24/338 1209/68/417 1188/44/356
f 1188/44/356 1165/21/125 1168/24/338
f 1164/20/335 1210/69/377 1147/3/320
f 1147/3/320 1206/64/373 1164/20/335
f 1172/28/341 1180/70/348 1196/52/364
f 1196/52/364 1169/25/121 1172/28/341
f 1176/32/344 1211/71/378 1212/72/379
f 1212/72/379 1208/67/375 1176/32/344
f 1161/17/416 1184/40/352 1183/39/351
f 1183/39/351 1213/73/380 1161/17/416
f 1165/21/125 1188/44/356 1187/43/355
f 1187/43/355 1214/74/381 1165/21/125
f 1173/29/203 1192/48/360 1191/47/359
f 1191/47/359 1215/75/382 1173/29/203
f 1169/25/121 1196/52/364 1195/51/363
f 1195/51/363 1216/76/383 1169/25/121
f 1213/73/380 1183/39/351 1198/54/365
f 1198/54/365 1217/77/384 1213/73/380
f 1214/74/381 1187/43/355 1158/14/331
f 1158/14/331 1157/13/415 1214/74/381
f 1215/75/382 1191/47/359 1201/57/368
f 1201/57/368 1218/78/418 1215/75/382
f 1216/76/383 1195/51/363 1203/59/370
f 1203/59/370 1219/79/386 1216/76/383
f 1220/80/387 1211/71/378 1221/81/388
f 1221/81/388 1222/82/389 1220/80/387
f 1218/78/418 1223/83/390 1224/84/391
f 1224/84/391 1225/85/392 1218/78/418
f 1196/52/364 1180/70/348 1179/86/347
f 1179/86/347 1193/49/361 1196/52/364
f 1185/41/353 1226/87/393 1175/31/343
f 1175/31/343 1174/30/342 1185/41/353
f 1227/88/394 1228/89/395 1178/34/346
f 1178/34/346 1229/90/396 1227/88/394
f 1174/30/342 1173/29/203 1215/75/382
f 1215/75/382 1230/91/354 1174/30/342
f 1162/18/333 1231/92/397 1194/50/362
f 1194/50/362 1193/49/361 1162/18/333
f 1215/75/382 1218/78/418 1225/85/392
f 1225/85/392 1230/91/354 1215/75/382
f 1231/92/397 1232/93/398 1202/58/369
f 1202/58/369 1194/50/362 1231/92/397
f 1222/82/389 1221/81/388 1154/10/327
f 1154/10/327 1153/9/326 1222/82/389
f 1225/85/392 1224/84/391 1233/94/399
f 1233/94/399 1199/55/366 1225/85/392
f 1193/49/361 1179/86/347 1163/19/334
f 1163/19/334 1162/18/333 1193/49/361
f 1174/30/342 1230/91/354 1186/42/354
f 1186/42/354 1185/41/353 1174/30/342
f 1230/91/354 1225/85/392 1199/55/366
f 1199/55/366 1186/42/354 1230/91/354
f 1188/44/356 1209/68/417 1226/87/393
f 1226/87/393 1185/41/353 1188/44/356
f 1234/95/400 1210/96/377 1228/89/395
f 1228/89/395 1227/88/394 1234/95/400
f 1162/18/333 1161/17/416 1213/73/380
f 1213/73/380 1231/92/397 1162/18/333
f 1213/73/380 1217/77/384 1232/93/398
f 1232/93/398 1231/92/397 1213/73/380
f 1235/97/401 1236/98/402 1146/2/319
f 1146/2/319 1145/1/318 1235/97/401
f 1171/27/340 1237/99/403 1238/100/404
f 1238/100/404 1150/6/323 1171/27/340
f 1198/54/365 1197/53/332 1239/101/15
f 1239/101/15 1217/77/384 1198/54/365
f 1184/40/352 1206/64/373 1240/102/405
f 1240/102/405 1181/37/349 1184/40/352
f 1189/45/357 1237/99/403 1171/27/340
f 1171/27/340 1170/26/339 1189/45/357
f 1166/22/336 1241/103/350 1182/38/350
f 1182/38/350 1181/37/349 1166/22/336
f 1170/26/339 1169/25/121 1216/76/383
f 1216/76/383 1242/104/406 1170/26/339
f 1241/103/350 1160/16/332 1197/53/332
f 1197/53/332 1182/38/350 1241/103/350
f 1216/76/383 1219/79/386 1243/105/407
f 1243/105/407 1242/104/406 1216/76/383
f 1202/58/369 1244/106/408 1245/107/409
f 1245/107/409 1203/59/370 1202/58/369
f 1202/58/369 1232/93/398 1246/108/410
f 1246/108/410 1244/106/408 1202/58/369
f 1197/53/332 1160/16/332 1159/15/15
f 1159/15/15 1239/101/15 1197/53/332
f 1181/37/349 1240/102/405 1167/23/337
f 1167/23/337 1166/22/336 1181/37/349
f 1170/26/339 1242/104/406 1190/46/358
f 1190/46/358 1189/45/357 1170/26/339
f 1242/104/406 1243/105/407 1200/56/367
f 1200/56/367 1190/46/358 1242/104/406
f 1244/106/408 1224/84/391 1223/83/390
f 1223/83/390 1245/107/409 1244/106/408
f 1224/84/391 1244/106/408 1246/108/410
f 1246/108/410 1233/94/399 1224/84/391
f 1235/97/401 1205/63/372 1204/62/371
f 1204/62/371 1236/98/402 1235/97/401
f 1237/99/403 1208/67/375 1212/72/379
f 1212/72/379 1238/100/404 1237/99/403
f 1192/48/360 1208/67/375 1237/99/403
f 1237/99/403 1189/45/357 1192/48/360
f 1166/22/336 1165/21/125 1214/74/381
f 1214/74/381 1241/103/350 1166/22/336
f 1214/74/381 1157/13/415 1160/16/332
f 1160/16/332 1241/103/350 1214/74/381
f 1146/2/319 1240/102/405 1206/64/373
f 1206/64/373 1147/3/320 1146/2/319
f 1172/28/341 1171/27/340 1150/6/323
f 1150/6/323 1149/5/322 1172/28/341
f 1226/109/393 1209/110/417 1155/11/413
f 1155/11/413 1154/10/327 1226/109/393
f 1207/111/374 1229/90/396 1178/34/346
f 1178/34/346 1177/33/345 1207/111/374
f 1209/68/417 1168/24/338 1204/62/371
f 1204/62/371 1155/61/413 1209/68/417
f 1180/70/348 1172/28/341 1149/5/322
f 1149/5/322 1177/66/345 1180/70/348
f 1234/112/400 1148/4/321 1147/3/320
f 1147/3/320 1210/69/377 1234/112/400
f 1220/80/387 1247/113/411 1212/72/379
f 1212/72/379 1211/71/378 1220/80/387
f 1176/32/344 1175/114/343 1221/81/388
f 1221/81/388 1211/71/378 1176/32/344
f 1163/115/334 1179/35/347 1178/34/346
f 1178/34/346 1228/89/395 1163/115/334
f 1175/114/343 1226/109/393 1154/10/327
f 1154/10/327 1221/81/388 1175/114/343
f 1164/116/335 1163/115/334 1228/89/395
f 1228/89/395 1210/96/377 1164/116/335
f 1167/23/337 1240/102/405 1146/2/319
f 1146/2/319 1236/98/402 1167/23/337
f 1248/117/412 1151/7/324 1150/6/323
f 1150/6/323 1238/100/404 1248/117/412
f 1168/24/338 1167/23/337 1236/98/402
f 1236/98/402 1204/62/371 1168/24/338
f 1247/113/411 1248/117/412 1238/100/404
f 1238/100/404 1212/72/379 1247/113/411
f 1199/55/366 1233/94/399 1159/15/15
f 1159/15/15 1158/14/331 1199/55/366
f 1233/94/399 1246/108/410 1239/101/15
f 1239/101/15 1159/15/15 1233/94/399
f 1246/108/410 1232/93/398 1217/77/384
f 1217/77/384 1239/101/15 1246/108/410
f 1201/57/368 1200/56/367 1223/83/390
f 1223/83/390 1218/78/418 1201/57/368
f 1200/56/367 1243/105/407 1245/107/409
f 1245/107/409 1223/83/390 1200/56/367
f 1245/107/409 1243/105/407 1219/79/386
f 1219/79/386 1203/59/370 1245/107/409
f 1249/1/208 1250/2/209 1251/3/210
f 1251/3/210 1252/4/211 1249/1/208
f 1253/5/212 1254/6/213 1255/7/214
f 1255/7/214 1256/8/307 1253/5/212
f 1257/9/216 1258/10/217 1259/11/218
f 1259/11/218 1260/12/219 1257/9/216
f 1261/13/419 1262/14/221 1263/15/15
f 1263/15/15 1264/16/222 1261/13/419
f 1265/17/308 1266/18/224 1267/19/225
f 1267/19/225 1268/20/226 1265/17/308
f 1269/21/227 1270/22/228 1271/23/229
f 1271/23/229 1272/24/230 1269/21/227
f 1273/25/309 1274/26/232 1275/27/233
f 1275/27/233 1276/28/234 1273/25/309
f 1277/29/235 1278/30/420 1279/31/237
f 1279/31/237 1280/32/238 1277/29/235
f 1281/33/239 1282/34/240 1283/35/241
f 1283/35/241 1284/36/242 1281/33/239
f 1285/37/243 1286/38/244 1287/39/316
f 1287/39/316 1288/40/246 1285/37/243
f 1289/41/247 1290/42/248 1291/43/249
f 1291/43/249 1292/44/250 1289/41/247
f 1293/45/251 1294/46/252 1295/47/253
f 1295/47/253 1296/48/254 1293/45/251
f 1297/49/255 1298/50/256 1299/51/257
f 1299/51/257 1300/52/258 1297/49/255
f 1287/39/316 1286/38/244 1301/53/222
f 1301/53/222 1302/54/259 1287/39/316
f 1290/42/248 1303/55/260 1262/14/221
f 1262/14/221 1291/43/249 1290/42/248
f 1295/47/253 1294/46/252 1304/56/261
f 1304/56/261 1305/57/262 1295/47/253
f 1298/50/256 1306/58/263 1307/59/264
f 1307/59/264 1299/51/257 1298/50/256
f 1260/60/219 1259/61/218 1308/62/265
f 1308/62/265 1309/63/266 1260/60/219
f 1288/40/246 1265/17/308 1268/20/226
f 1268/20/226 1310/64/267 1288/40/246
f 1311/65/268 1281/66/239 1253/5/212
f 1253/5/212 1256/8/307 1311/65/268
f 1296/48/254 1277/29/235 1280/32/238
f 1280/32/238 1312/67/317 1296/48/254
f 1272/24/230 1313/68/270 1292/44/250
f 1292/44/250 1269/21/227 1272/24/230
f 1268/20/226 1314/69/271 1251/3/210
f 1251/3/210 1310/64/267 1268/20/226
f 1276/28/234 1284/70/242 1300/52/258
f 1300/52/258 1273/25/309 1276/28/234
f 1280/32/238 1315/71/272 1316/72/273
f 1316/72/273 1312/67/317 1280/32/238
f 1265/17/308 1288/40/246 1287/39/316
f 1287/39/316 1317/73/274 1265/17/308
f 1269/21/227 1292/44/250 1291/43/249
f 1291/43/249 1318/74/421 1269/21/227
f 1277/29/235 1296/48/254 1295/47/253
f 1295/47/253 1319/75/276 1277/29/235
f 1273/25/309 1300/52/258 1299/51/257
f 1299/51/257 1320/76/277 1273/25/309
f 1317/73/274 1287/39/316 1302/54/259
f 1302/54/259 1321/77/278 1317/73/274
f 1318/74/421 1291/43/249 1262/14/221
f 1262/14/221 1261/13/419 1318/74/421
f 1319/75/276 1295/47/253 1305/57/262
f 1305/57/262 1322/78/279 1319/75/276
f 1320/76/277 1299/51/257 1307/59/264
f 1307/59/264 1323/79/280 1320/76/277
f 1324/80/281 1315/71/272 1325/81/282
f 1325/81/282 1326/82/283 1324/80/281
f 1322/78/279 1327/83/284 1328/84/285
f 1328/84/285 1329/85/286 1322/78/279
f 1300/52/258 1284/70/242 1283/86/241
f 1283/86/241 1297/49/255 1300/52/258
f 1289/41/247 1330/87/287 1279/31/237
f 1279/31/237 1278/30/420 1289/41/247
f 1331/88/288 1332/89/289 1282/34/240
f 1282/34/240 1333/90/290 1331/88/288
f 1278/30/420 1277/29/235 1319/75/276
f 1319/75/276 1334/91/248 1278/30/420
f 1266/18/224 1335/92/291 1298/50/256
f 1298/50/256 1297/49/255 1266/18/224
f 1319/75/276 1322/78/279 1329/85/286
f 1329/85/286 1334/91/248 1319/75/276
f 1335/92/291 1336/93/292 1306/58/263
f 1306/58/263 1298/50/256 1335/92/291
f 1326/82/283 1325/81/282 1258/10/217
f 1258/10/217 1257/9/216 1326/82/283
f 1329/85/286 1328/84/285 1337/94/293
f 1337/94/293 1303/55/260 1329/85/286
f 1297/49/255 1283/86/241 1267/19/225
f 1267/19/225 1266/18/224 1297/49/255
f 1278/30/420 1334/91/248 1290/42/248
f 1290/42/248 1289/41/247 1278/30/420
f 1334/91/248 1329/85/286 1303/55/260
f 1303/55/260 1290/42/248 1334/91/248
f 1292/44/250 1313/68/270 1330/87/287
f 1330/87/287 1289/41/247 1292/44/250
f 1338/95/294 1314/96/271 1332/89/289
f 1332/89/289 1331/88/288 1338/95/294
f 1266/18/224 1265/17/308 1317/73/274
f 1317/73/274 1335/92/291 1266/18/224
f 1317/73/274 1321/77/278 1336/93/292
f 1336/93/292 1335/92/291 1317/73/274
f 1339/97/295 1340/98/296 1250/2/209
f 1250/2/209 1249/1/208 1339/97/295
f 1275/27/233 1341/99/297 1342/100/298
f 1342/100/298 1254/6/213 1275/27/233
f 1302/54/259 1301/53/222 1343/101/15
f 1343/101/15 1321/77/278 1302/54/259
f 1288/40/246 1310/64/267 1344/102/299
f 1344/102/299 1285/37/243 1288/40/246
f 1293/45/251 1341/99/297 1275/27/233
f 1275/27/233 1274/26/232 1293/45/251
f 1270/22/228 1345/103/244 1286/38/244
f 1286/38/244 1285/37/243 1270/22/228
f 1274/26/232 1273/25/309 1320/76/277
f 1320/76/277 1346/104/300 1274/26/232
f 1345/103/244 1264/16/222 1301/53/222
f 1301/53/222 1286/38/244 1345/103/244
f 1320/76/277 1323/79/280 1347/105/301
f 1347/105/301 1346/104/300 1320/76/277
f 1306/58/263 1348/106/302 1349/107/303
f 1349/107/303 1307/59/264 1306/58/263
f 1306/58/263 1336/93/292 1350/108/304
f 1350/108/304 1348/106/302 1306/58/263
f 1301/53/222 1264/16/222 1263/15/15
f 1263/15/15 1343/101/15 1301/53/222
f 1285/37/243 1344/102/299 1271/23/229
f 1271/23/229 1270/22/228 1285/37/243
f 1274/26/232 1346/104/300 1294/46/252
f 1294/46/252 1293/45/251 1274/26/232
f 1346/104/300 1347/105/301 1304/56/261
f 1304/56/261 1294/46/252 1346/104/300
f 1348/106/302 1328/84/285 1327/83/284
f 1327/83/284 1349/107/303 1348/106/302
f 1328/84/285 1348/106/302 1350/108/304
f 1350/108/304 1337/94/293 1328/84/285
f 1339/97/295 1309/63/266 1308/62/265
f 1308/62/265 1340/98/296 1339/97/295
f 1341/99/297 1312/67/317 1316/72/273
f 1316/72/273 1342/100/298 1341/99/297
f 1296/48/254 1312/67/317 1341/99/297
f 1341/99/297 1293/45/251 1296/48/254
f 1270/22/228 1269/21/227 1318/74/421
f 1318/74/421 1345/103/244 1270/22/228
f 1318/74/421 1261/13/419 1264/16/222
f 1264/16/222 1345/103/244 1318/74/421
f 1250/2/209 1344/102/299 1310/64/267
f 1310/64/267 1251/3/210 1250/2/209
f 1276/28/234 1275/27/233 1254/6/213
f 1254/6/213 1253/5/212 1276/28/234
f 1330/109/287 1313/110/270 1259/11/218
f 1259/11/218 1258/10/217 1330/109/287
f 1311/111/268 1333/90/290 1282/34/240
f 1282/34/240 1281/33/239 1311/111/268
f 1313/68/270 1272/24/230 1308/62/265
f 1308/62/265 1259/61/218 1313/68/270
f 1284/70/242 1276/28/234 1253/5/212
f 1253/5/212 1281/66/239 1284/70/242
f 1338/112/294 1252/4/211 1251/3/210
f 1251/3/210 1314/69/271 1338/112/294
f 1324/80/281 1351/113/305 1316/72/273
f 1316/72/273 1315/71/272 1324/80/281
f 1280/32/238 1279/114/237 1325/81/282
f 1325/81/282 1315/71/272 1280/32/238
f 1267/115/225 1283/35/241 1282/34/240
f 1282/34/240 1332/89/289 1267/115/225
f 1279/114/237 1330/109/287 1258/10/217
f 1258/10/217 1325/81/282 1279/114/237
f 1268/116/226 1267/115/225 1332/89/289
f 1332/89/289 1314/96/271 1268/116/226
f 1271/23/229 1344/102/299 1250/2/209
f 1250/2/209 1340/98/296 1271/23/229
f 1352/117/306 1255/7/214 1254/6/213
f 1254/6/213 1342/100/298 1352/117/306
f 1272/24/230 1271/23/229 1340/98/296
f 1340/98/296 1308/62/265 1272/24/230
f 1351/113/305 1352/117/306 1342/100/298
f 1342/100/298 1316/72/273 1351/113/305
f 1303/55/260 1337/94/293 1263/15/15
f 1263/15/15 1262/14/221 1303/55/260
f 1337/94/293 1350/108/304 1343/101/15
f 1343/101/15 1263/15/15 1337/94/293
f 1350/108/304 1336/93/292 1321/77/278
f 1321/77/278 1343/101/15 1350/108/304
f 1305/57/262 1304/56/261 1327/83/284
f 1327/83/284 1322/78/279 1305/57/262
f 1304/56/261 1347/105/301 1349/107/303
f 1349/107/303 1327/83/284 1304/56/261
f 1349/107/303 1347/105/301 1323/79/280
f 1323/79/280 1307/59/264 1349/107/303
f 1353/1/208 1354/2/209 1355/3/210
f 1355/3/210 1356/4/211 1353/1/208
f 1357/5/212 1358/6/213 1359/7/214
f 1359/7/214 1360/8/307 1357/5/212
f 1361/9/216 1362/10/217 1363/11/218
f 1363/11/218 1364/12/219 1361/9/216
f 1365/13/220 1366/14/221 1367/15/15
f 1367/15/15 1368/16/222 1365/13/220
f 1369/17/308 1370/18/224 1371/19/225
f 1371/19/225 1372/20/226 1369/17/308
f 1373/21/227 1374/22/228 1375/23/229
f 1375/23/229 1376/24/230 1373/21/227
f 1377/25/309 1378/26/232 1379/27/233
f 1379/27/233 1380/28/234 1377/25/309
f 1381/29/422 1382/30/236 1383/31/237
f 1383/31/237 1384/32/238 1381/29/422
f 1385/33/239 1386/34/240 1387/35/241
f 1387/35/241 1388/36/242 1385/33/239
f 1389/37/243 1390/38/244 1391/39/316
f 1391/39/316 1392/40/246 1389/37/243
f 1393/41/247 1394/42/248 1395/43/249
f 1395/43/249 1396/44/423 1393/41/247
f 1397/45/251 1398/46/252 1399/47/253
f 1399/47/253 1400/48/254 1397/45/251
f 1401/49/255 1402/50/256 1403/51/257
f 1403/51/257 1404/52/258 1401/49/255
f 1391/39/316 1390/38/244 1405/53/222
f 1405/53/222 1406/54/259 1391/39/316
f 1394/42/248 1407/55/260 1366/14/221
f 1366/14/221 1395/43/249 1394/42/248
f 1399/47/253 1398/46/252 1408/56/261
f 1408/56/261 1409/57/262 1399/47/253
f 1402/50/256 1410/58/263 1411/59/264
f 1411/59/264 1403/51/257 1402/50/256
f 1364/60/219 1363/61/218 1412/62/265
f 1412/62/265 1413/63/266 1364/60/219
f 1392/40/246 1369/17/308 1372/20/226
f 1372/20/226 1414/64/267 1392/40/246
f 1415/65/268 1385/66/239 1357/5/212
f 1357/5/212 1360/8/307 1415/65/268
f 1400/48/254 1381/29/422 1384/32/238
f 1384/32/238 1416/67/317 1400/48/254
f 1376/24/230 1417/68/270 1396/44/423
f 1396/44/423 1373/21/227 1376/24/230
f 1372/20/226 1418/69/271 1355/3/210
f 1355/3/210 1414/64/267 1372/20/226
f 1380/28/234 1388/70/242 1404/52/258
f 1404/52/258 1377/25/309 1380/28/234
f 1384/32/238 1419/71/272 1420/72/273
f 1420/72/273 1416/67/317 1384/32/238
f 1369/17/308 1392/40/246 1391/39/316
f 1391/39/316 1421/73/274 1369/17/308
f 1373/21/227 1396/44/423 1395/43/249
f 1395/43/249 1422/74/313 1373/21/227
f 1381/29/422 1400/48/254 1399/47/253
f 1399/47/253 1423/75/276 1381/29/422
f 1377/25/309 1404/52/258 1403/51/257
f 1403/51/257 1424/76/277 1377/25/309
f 1421/73/274 1391/39/316 1406/54/259
f 1406/54/259 1425/77/278 1421/73/274
f 1422/74/313 1395/43/249 1366/14/221
f 1366/14/221 1365/13/220 1422/74/313
f 1423/75/276 1399/47/253 1409/57/262
f 1409/57/262 1426/78/314 1423/75/276
f 1424/76/277 1403/51/257 1411/59/264
f 1411/59/264 1427/79/280 1424/76/277
f 1428/80/281 1419/71/272 1429/81/282
f 1429/81/282 1430/82/283 1428/80/281
f 1426/78/314 1431/83/284 1432/84/285
f 1432/84/285 1433/85/286 1426/78/314
f 1404/52/258 1388/70/242 1387/86/241
f 1387/86/241 1401/49/255 1404/52/258
f 1393/41/247 1434/87/287 1383/31/237
f 1383/31/237 1382/30/236 1393/41/247
f 1435/88/288 1436/89/289 1386/34/240
f 1386/34/240 1437/90/290 1435/88/288
f 1382/30/236 1381/29/422 1423/75/276
f 1423/75/276 1438/91/248 1382/30/236
f 1370/18/224 1439/92/315 1402/50/256
f 1402/50/256 1401/49/255 1370/18/224
f 1423/75/276 1426/78/314 1433/85/286
f 1433/85/286 1438/91/248 1423/75/276
f 1439/92/315 1440/93/292 1410/58/263
f 1410/58/263 1402/50/256 1439/92/315
f 1430/82/283 1429/81/282 1362/10/217
f 1362/10/217 1361/9/216 1430/82/283
f 1433/85/286 1432/84/285 1441/94/293
f 1441/94/293 1407/55/260 1433/85/286
f 1401/49/255 1387/86/241 1371/19/225
f 1371/19/225 1370/18/224 1401/49/255
f 1382/30/236 1438/91/248 1394/42/248
f 1394/42/248 1393/41/247 1382/30/236
f 1438/91/248 1433/85/286 1407/55/260
f 1407/55/260 1394/42/248 1438/91/248
f 1396/44/423 1417/68/270 1434/87/287
f 1434/87/287 1393/41/247 1396/44/423
f 1442/95/294 1418/96/271 1436/89/289
f 1436/89/289 1435/88/288 1442/95/294
f 1370/18/224 1369/17/308 1421/73/274
f 1421/73/274 1439/92/315 1370/18/224
f 1421/73/274 1425/77/278 1440/93/292
f 1440/93/292 1439/92/315 1421/73/274
f 1443/97/295 1444/98/296 1354/2/209
f 1354/2/209 1353/1/208 1443/97/295
f 1379/27/233 1445/99/297 1446/100/298
f 1446/100/298 1358/6/213 1379/27/233
f 1406/54/259 1405/53/222 1447/101/15
f 1447/101/15 1425/77/278 1406/54/259
f 1392/40/246 1414/64/267 1448/102/299
f 1448/102/299 1389/37/243 1392/40/246
f 1397/45/251 1445/99/297 1379/27/233
f 1379/27/233 1378/26/232 1397/45/251
f 1374/22/228 1449/103/244 1390/38/244
f 1390/38/244 1389/37/243 1374/22/228
f 1378/26/232 1377/25/309 1424/76/277
f 1424/76/277 1450/104/300 1378/26/232
f 1449/103/244 1368/16/222 1405/53/222
f 1405/53/222 1390/38/244 1449/103/244
f 1424/76/277 1427/79/280 1451/105/301
f 1451/105/301 1450/104/300 1424/76/277
f 1410/58/263 1452/106/302 1453/107/303
f 1453/107/303 1411/59/264 1410/58/263
f 1410/58/263 1440/93/292 1454/108/304
f 1454/108/304 1452/106/302 1410/58/263
f 1405/53/222 1368/16/222 1367/15/15
f 1367/15/15 1447/101/15 1405/53/222
f 1389/37/243 1448/102/299 1375/23/229
f 1375/23/229 1374/22/228 1389/37/243
f 1378/26/232 1450/104/300 1398/46/252
f 1398/46/252 1397/45/251 1378/26/232
f 1450/104/300 1451/105/301 1408/56/261
f 1408/56/261 1398/46/252 1450/104/300
f 1452/106/302 1432/84/285 1431/83/284
f 1431/83/284 1453/107/303 1452/106/302
f 1432/84/285 1452/106/302 1454/108/304
f 1454/108/304 1441/94/293 1432/84/285
f 1443/97/295 1413/63/266 1412/62/265
f 1412/62/265 1444/98/296 1443/97/295
f 1445/99/297 1416/67/317 1420/72/273
f 1420/72/273 1446/100/298 1445/99/297
f 1400/48/254 1416/67/317 1445/99/297
f 1445/99/297 1397/45/251 1400/48/254
f 1374/22/228 1373/21/227 1422/74/313
f 1422/74/313 1449/103/244 1374/22/228
f 1422/74/313 1365/13/220 1368/16/222
f 1368/16/222 1449/103/244 1422/74/313
f 1354/2/209 1448/102/299 1414/64/267
f 1414/64/267 1355/3/210 1354/2/209
f 1380/28/234 1379/27/233 1358/6/213
f 1358/6/213 1357/5/212 1380/28/234
f 1434/109/287 1417/110/270 1363/11/218
f 1363/11/218 1362/10/217 1434/109/287
f 1415/111/268 1437/90/290 1386/34/240
f 1386/34/240 1385/33/239 1415/111/268
f 1417/68/270 1376/24/230 1412/62/265
f 1412/62/265 1363/61/218 1417/68/270
f 1388/70/242 1380/28/234 1357/5/212
f 1357/5/212 1385/66/239 1388/70/242
f 1442/112/294 1356/4/211 1355/3/210
f 1355/3/210 1418/69/271 1442/112/294
f 1428/80/281 1455/113/305 1420/72/273
f 1420/72/273 1419/71/272 1428/80/281
f 1384/32/238 1383/114/237 1429/81/282
f 1429/81/282 1419/71/272 1384/32/238
f 1371/115/225 1387/35/241 1386/34/240
f 1386/34/240 1436/89/289 1371/115/225
f 1383/114/237 1434/109/287 1362/10/217
f 1362/10/217 1429/81/282 1383/114/237
f 1372/116/226 1371/115/225 1436/89/289
f 1436/89/289 1418/96/271 1372/116/226
f 1375/23/229 1448/102/299 1354/2/209
f 1354/2/209 1444/98/296 1375/23/229
f 1456/117/306 1359/7/214 1358/6/213
f 1358/6/213 1446/100/298 1456/117/306
f 1376/24/230 1375/23/229 1444/98/296
f 1444/98/296 1412/62/265 1376/24/230
f 1455/113/305 1456/117/306 1446/100/298
f 1446/100/298 1420/72/273 1455/113/305
f 1407/55/260 1441/94/293 1367/15/15
f 1367/15/15 1366/14/221 1407/55/260
f 1441/94/293 1454/108/304 1447/101/15
f 1447/101/15 1367/15/15 1441/94/293
f 1454/108/304 1440/93/292 1425/77/278
f 1425/77/278 1447/101/15 1454/108/304
f 1409/57/262 1408/56/261 1431/83/284
f 1431/83/284 1426/78/314 1409/57/262
f 1408/56/261 1451/105/301 1453/107/303
f 1453/107/303 1431/83/284 1408/56/261
f 1453/107/303 1451/105/301 1427/79/280
f 1427/79/280 1411/59/264 1453/107/303
f 1457/1/424 1458/2/425 1459/3/426
f 1459/3/426 1460/4/427 1457/1/424
f 1461/5/428 1462/6/429 1463/7/7
f 1463/7/7 1464/8/430 1461/5/428
f 1465/9/431 1466/10/432 1467/11/433
f 1467/11/433 1468/12/434 1465/9/431
f 1469/13/435 1470/14/436 1471/15/15
f 1471/15/15 1472/16/16 1469/13/435
f 1473/17/437 1474/18/438 1475/19/439
f 1475/19/439 1476/20/440 1473/17/437
f 1477/21/441 1478/22/22 1479/23/23
f 1479/23/23 1480/24/442 1477/21/441
f 1481/25/443 1482/26/444 1483/27/27
f 1483/27/27 1484/28/445 1481/25/443
f 1485/29/446 1486/30/447 1487/31/448
f 1487/31/448 1488/32/449 1485/29/446
f 1489/33/450 1490/34/451 1491/35/452
f 1491/35/452 1492/36/453 1489/33/450
f 1493/37/37 1494/38/38 1495/39/454
f 1495/39/454 1496/40/455 1493/37/37
f 1497/41/456 1498/42/457 1499/43/458
f 1499/43/458 1500/44/459 1497/41/456
f 1501/45/460 1502/46/461 1503/47/462
f 1503/47/462 1504/48/463 1501/45/460
f 1505/49/464 1506/50/465 1507/51/466
f 1507/51/466 1508/52/467 1505/49/464
f 1495/39/454 1494/38/38 1509/53/16
f 1509/53/16 1510/54/468 1495/39/454
f 1498/42/457 1511/55/469 1470/14/436
f 1470/14/436 1499/43/458 1498/42/457
f 1503/47/462 1502/46/461 1512/56/470
f 1512/56/470 1513/57/471 1503/47/462
f 1506/50/465 1514/58/472 1515/59/473
f 1515/59/473 1507/51/466 1506/50/465
f 1468/60/434 1467/61/433 1516/62/474
f 1516/62/474 1517/63/475 1468/60/434
f 1496/40/455 1473/17/437 1476/20/440
f 1476/20/440 1518/64/476 1496/40/455
f 1519/65/477 1489/66/450 1461/5/428
f 1461/5/428 1464/8/430 1519/65/477
f 1504/48/463 1485/29/446 1488/32/449
f 1488/32/449 1520/67/478 1504/48/463
f 1480/24/442 1521/68/479 1500/44/459
f 1500/44/459 1477/21/441 1480/24/442
f 1476/20/440 1522/69/480 1459/3/426
f 1459/3/426 1518/64/476 1476/20/440
f 1484/28/445 1492/70/453 1508/52/467
f 1508/52/467 1481/25/443 1484/28/445
f 1488/32/449 1523/71/481 1524/72/482
f 1524/72/482 1520/67/478 1488/32/449
f 1473/17/437 1496/40/455 1495/39/454
f 1495/39/454 1525/73/483 1473/17/437
f 1477/21/441 1500/44/459 1499/43/458
f 1499/43/458 1526/74/484 1477/21/441
f 1485/29/446 1504/48/463 1503/47/462
f 1503/47/462 1527/75/485 1485/29/446
f 1481/25/443 1508/52/467 1507/51/466
f 1507/51/466 1528/76/486 1481/25/443
f 1525/73/483 1495/39/454 1510/54/468
f 1510/54/468 1529/77/487 1525/73/483
f 1526/74/484 1499/43/458 1470/14/436
f 1470/14/436 1469/13/435 1526/74/484
f 1527/75/485 1503/47/462 1513/57/471
f 1513/57/471 1530/78/488 1527/75/485
f 1528/76/486 1507/51/466 1515/59/473
f 1515/59/473 1531/79/489 1528/76/486
f 1532/80/490 1523/71/481 1533/81/491
f 1533/81/491 1534/82/492 1532/80/490
f 1530/78/488 1535/83/493 1536/84/494
f 1536/84/494 1537/85/495 1530/78/488
f 1508/52/467 1492/70/453 1491/86/452
f 1491/86/452 1505/49/464 1508/52/467
f 1497/41/456 1538/87/496 1487/31/448
f 1487/31/448 1486/30/447 1497/41/456
f 1539/88/497 1540/89/498 1490/34/451
f 1490/34/451 1541/90/499 1539/88/497
f 1486/30/447 1485/29/446 1527/75/485
f 1527/75/485 1542/91/457 1486/30/447
f 1474/18/438 1543/92/500 1506/50/465
f 1506/50/465 1505/49/464 1474/18/438
f 1527/75/485 1530/78/488 1537/85/495
f 1537/85/495 1542/91/457 1527/75/485
f 1543/92/500 1544/93/501 1514/58/472
f 1514/58/472 1506/50/465 1543/92/500
f 1534/82/492 1533/81/491 1466/10/432
f 1466/10/432 1465/9/431 1534/82/492
f 1537/85/495 1536/84/494 1545/94/88
f 1545/94/88 1511/55/469 1537/85/495
f 1505/49/464 1491/86/452 1475/19/439
f 1475/19/439 1474/18/438 1505/49/464
f 1486/30/447 1542/91/457 1498/42/457
f 1498/42/457 1497/41/456 1486/30/447
f 1542/91/457 1537/85/495 1511/55/469
f 1511/55/469 1498/42/457 1542/91/457
f 1500/44/459 1521/68/479 1538/87/496
f 1538/87/496 1497/41/456 1500/44/459
f 1546/95/502 1522/96/480 1540/89/498
f 1540/89/498 1539/88/497 1546/95/502
f 1474/18/438 1473/17/437 1525/73/483
f 1525/73/483 1543/92/500 1474/18/438
f 1525/73/483 1529/77/487 1544/93/501
f 1544/93/501 1543/92/500 1525/73/483
f 1547/97/90 1548/98/503 1458/2/425
f 1458/2/425 1457/1/424 1547/97/90
f 1483/27/27 1549/99/92 1550/100/504
f 1550/100/504 1462/6/429 1483/27/27
f 1510/54/468 1509/53/16 1551/101/15
f 1551/101/15 1529/77/487 1510/54/468
f 1496/40/455 1518/64/476 1552/102/94
f 1552/102/94 1493/37/37 1496/40/455
f 1501/45/460 1549/99/92 1483/27/27
f 1483/27/27 1482/26/444 1501/45/460
f 1478/22/22 1553/103/38 1494/38/38
f 1494/38/38 1493/37/37 1478/22/22
f 1482/26/444 1481/25/443 1528/76/486
f 1528/76/486 1554/104/95 1482/26/444
f 1553/103/38 1472/16/16 1509/53/16
f 1509/53/16 1494/38/38 1553/103/38
f 1528/76/486 1531/79/489 1555/105/96
f 1555/105/96 1554/104/95 1528/76/486
f 1514/58/472 1556/106/505 1557/107/98
f 1557/107/98 1515/59/473 1514/58/472
f 1514/58/472 1544/93/501 1558/108/506
f 1558/108/506 1556/106/505 1514/58/472
f 1509/53/16 1472/16/16 1471/15/15
f 1471/15/15 1551/101/15 1509/53/16
f 1493/37/37 1552/102/94 1479/23/23
f 1479/23/23 1478/22/22 1493/37/37
f 1482/26/444 1554/104/95 1502/46/461
f 1502/46/461 1501/45/460 1482/26/444
f 1554/104/95 1555/105/96 1512/56/470
f 1512/56/470 1502/46/461 1554/104/95
f 1556/106/505 1536/84/494 1535/83/493
f 1535/83/493 1557/107/98 1556/106/505
f 1536/84/494 1556/106/505 1558/108/506
f 1558/108/506 1545/94/88 1536/84/494
f 1547/97/90 1517/63/475 1516/62/474
f 1516/62/474 1548/98/503 1547/97/90
f 1549/99/92 1520/67/478 1524/72/482
f 1524/72/482 1550/100/504 1549/99/92
f 1504/48/463 1520/67/478 1549/99/92
f 1549/99/92 1501/45/460 1504/48/463
f 1478/22/22 1477/21/441 1526/74/484
f 1526/74/484 1553/103/38 1478/22/22
f 1526/74/484 1469/13/435 1472/16/16
f 1472/16/16 1553/103/38 1526/74/484
f 1458/2/425 1552/102/94 1518/64/476
f 1518/64/476 1459/3/426 1458/2/425
f 1484/28/445 1483/27/27 1462/6/429
f 1462/6/429 1461/5/428 1484/28/445
f 1538/109/496 1521/110/479 1467/11/433
f 1467/11/433 1466/10/432 1538/109/496
f 1519/111/477 1541/90/499 1490/34/451
f 1490/34/451 1489/33/450 1519/111/477
f 1521/68/479 1480/24/442 1516/62/474
f 1516/62/474 1467/61/433 1521/68/479
f 1492/70/453 1484/28/445 1461/5/428
f 1461/5/428 1489/66/450 1492/70/453
f 1546/112/502 1460/4/427 1459/3/426
f 1459/3/426 1522/69/480 1546/112/502
f 1532/80/490 1559/113/507 1524/72/482
f 1524/72/482 1523/71/481 1532/80/490
f 1488/32/449 1487/114/448 1533/81/491
f 1533/81/491 1523/71/481 1488/32/449
f 1475/115/439 1491/35/452 1490/34/451
f 1490/34/451 1540/89/498 1475/115/439
f 1487/114/448 1538/109/496 1466/10/432
f 1466/10/432 1533/81/491 1487/114/448
f 1476/116/440 1475/115/439 1540/89/498
f 1540/89/498 1522/96/480 1476/116/440
f 1479/23/23 1552/102/94 1458/2/425
f 1458/2/425 1548/98/503 1479/23/23
f 1560/117/508 1463/7/7 1462/6/429
f 1462/6/429 1550/100/504 1560/117/508
f 1480/24/442 1479/23/23 1548/98/503
f 1548/98/503 1516/62/474 1480/24/442
f 1559/113/507 1560/117/508 1550/100/504
f 1550/100/504 1524/72/482 1559/113/507
f 1511/55/469 1545/94/88 1471/15/15
f 1471/15/15 1470/14/436 1511/55/469
f 1545/94/88 1558/108/506 1551/101/15
f 1551/101/15 1471/15/15 1545/94/88
f 1558/108/506 1544/93/501 1529/77/487
f 1529/77/487 1551/101/15 1558/108/506
f 1513/57/471 1512/56/470 1535/83/493
f 1535/83/493 1530/78/488 1513/57/471
f 1512/56/470 1555/105/96 1557/107/98
f 1557/107/98 1535/83/493 1512/56/470
f 1557/107/98 1555/105/96 1531/79/489
f 1531/79/489 1515/59/473 1557/107/98
f 1561/1/424 1562/2/425 1563/3/509
f 1563/3/509 1564/4/510 1561/1/424
f 1565/5/511 1566/6/429 1567/7/7
f 1567/7/7 1568/8/512 1565/5/511
f 1569/9/513 1570/10/432 1571/11/514
f 1571/11/514 1572/12/515 1569/9/513
f 1573/13/516 1574/14/436 1575/15/15
f 1575/15/15 1576/16/16 1573/13/516
f 1577/17/517 1578/18/518 1579/19/519
f 1579/19/519 1580/20/520 1577/17/517
f 1581/21/521 1582/22/22 1583/23/23
f 1583/23/23 1584/24/442 1581/21/521
f 1585/25/443 1586/26/444 1587/27/27
f 1587/27/27 1588/28/522 1585/25/443
f 1589/29/523 1590/30/524 1591/31/525
f 1591/31/525 1592/32/526 1589/29/523
f 1593/33/527 1594/34/528 1595/35/529
f 1595/35/529 1596/36/530 1593/33/527
f 1597/37/37 1598/38/38 1599/39/454
f 1599/39/454 1600/40/531 1597/37/37
f 1601/41/532 1602/42/457 1603/43/458
f 1603/43/458 1604/44/533 1601/41/532
f 1605/45/460 1606/46/461 1607/47/534
f 1607/47/534 1608/48/535 1605/45/460
f 1609/49/536 1610/50/465 1611/51/537
f 1611/51/537 1612/52/538 1609/49/536
f 1599/39/454 1598/38/38 1613/53/16
f 1613/53/16 1614/54/539 1599/39/454
f 1602/42/457 1615/55/540 1574/14/436
f 1574/14/436 1603/43/458 1602/42/457
f 1607/47/534 1606/46/461 1616/56/470
f 1616/56/470 1617/57/541 1607/47/534
f 1610/50/465 1618/58/542 1619/59/543
f 1619/59/543 1611/51/537 1610/50/465
f 1572/60/515 1571/61/514 1620/62/544
f 1620/62/544 1621/63/545 1572/60/515
f 1600/40/531 1577/17/517 1580/20/520
f 1580/20/520 1622/64/546 1600/40/531
f 1623/65/547 1593/66/527 1565/5/511
f 1565/5/511 1568/8/512 1623/65/547
f 1608/48/535 1589/29/523 1592/32/526
f 1592/32/526 1624/67/548 1608/48/535
f 1584/24/442 1625/68/549 1604/44/533
f 1604/44/533 1581/21/521 1584/24/442
f 1580/20/520 1626/69/550 1563/3/509
f 1563/3/509 1622/64/546 1580/20/520
f 1588/28/522 1596/70/530 1612/52/538
f 1612/52/538 1585/25/443 1588/28/522
f 1592/32/526 1627/71/551 1628/72/482
f 1628/72/482 1624/67/548 1592/32/526
f 1577/17/517 1600/40/531 1599/39/454
f 1599/39/454 1629/73/552 1577/17/517
f 1581/21/521 1604/44/533 1603/43/458
f 1603/43/458 1630/74/553 1581/21/521
f 1589/29/523 1608/48/535 1607/47/534
f 1607/47/534 1631/75/485 1589/29/523
f 1585/25/443 1612/52/538 1611/51/537
f 1611/51/537 1632/76/486 1585/25/443
f 1629/73/552 1599/39/454 1614/54/539
f 1614/54/539 1633/77/554 1629/73/552
f 1630/74/553 1603/43/458 1574/14/436
f 1574/14/436 1573/13/516 1630/74/553
f 1631/75/485 1607/47/534 1617/57/541
f 1617/57/541 1634/78/555 1631/75/485
f 1632/76/486 1611/51/537 1619/59/543
f 1619/59/543 1635/79/556 1632/76/486
f 1636/80/490 1627/71/551 1637/81/491
f 1637/81/491 1638/82/492 1636/80/490
f 1634/78/555 1639/83/493 1640/84/494
f 1640/84/494 1641/85/557 1634/78/555
f 1612/52/538 1596/70/530 1595/86/529
f 1595/86/529 1609/49/536 1612/52/538
f 1601/41/532 1642/87/558 1591/31/525
f 1591/31/525 1590/30/524 1601/41/532
f 1643/88/497 1644/89/498 1594/34/528
f 1594/34/528 1645/90/559 1643/88/497
f 1590/30/524 1589/29/523 1631/75/485
f 1631/75/485 1646/91/560 1590/30/524
f 1578/18/518 1647/92/500 1610/50/465
f 1610/50/465 1609/49/536 1578/18/518
f 1631/75/485 1634/78/555 1641/85/557
f 1641/85/557 1646/91/560 1631/75/485
f 1647/92/500 1648/93/561 1618/58/542
f 1618/58/542 1610/50/465 1647/92/500
f 1638/82/492 1637/81/491 1570/10/432
f 1570/10/432 1569/9/513 1638/82/492
f 1641/85/557 1640/84/494 1649/94/88
f 1649/94/88 1615/55/540 1641/85/557
f 1609/49/536 1595/86/529 1579/19/519
f 1579/19/519 1578/18/518 1609/49/536
f 1590/30/524 1646/91/560 1602/42/457
f 1602/42/457 1601/41/532 1590/30/524
f 1646/91/560 1641/85/557 1615/55/540
f 1615/55/540 1602/42/457 1646/91/560
f 1604/44/533 1625/68/549 1642/87/558
f 1642/87/558 1601/41/532 1604/44/533
f 1650/95/562 1626/96/550 1644/89/498
f 1644/89/498 1643/88/497 1650/95/562
f 1578/18/518 1577/17/517 1629/73/552
f 1629/73/552 1647/92/500 1578/18/518
f 1629/73/552 1633/77/554 1648/93/561
f 1648/93/561 1647/92/500 1629/73/552
f 1651/97/90 1652/98/503 1562/2/425
f 1562/2/425 1561/1/424 1651/97/90
f 1587/27/27 1653/99/92 1654/100/504
f 1654/100/504 1566/6/429 1587/27/27
f 1614/54/539 1613/53/16 1655/101/15
f 1655/101/15 1633/77/554 1614/54/539
f 1600/40/531 1622/64/546 1656/102/94
f 1656/102/94 1597/37/37 1600/40/531
f 1605/45/460 1653/99/92 1587/27/27
f 1587/27/27 1586/26/444 1605/45/460
f 1582/22/22 1657/103/38 1598/38/38
f 1598/38/38 1597/37/37 1582/22/22
f 1586/26/444 1585/25/443 1632/76/486
f 1632/76/486 1658/104/95 1586/26/444
f 1657/103/38 1576/16/16 1613/53/16
f 1613/53/16 1598/38/38 1657/103/38
f 1632/76/486 1635/79/556 1659/105/96
f 1659/105/96 1658/104/95 1632/76/486
f 1618/58/542 1660/106/505 1661/107/98
f 1661/107/98 1619/59/543 1618/58/542
f 1618/58/542 1648/93/561 1662/108/506
f 1662/108/506 1660/106/505 1618/58/542
f 1613/53/16 1576/16/16 1575/15/15
f 1575/15/15 1655/101/15 1613/53/16
f 1597/37/37 1656/102/94 1583/23/23
f 1583/23/23 1582/22/22 1597/37/37
f 1586/26/444 1658/104/95 1606/46/461
f 1606/46/461 1605/45/460 1586/26/444
f 1658/104/95 1659/105/96 1616/56/470
f 1616/56/470 1606/46/461 1658/104/95
f 1660/106/505 1640/84/494 1639/83/493
f 1639/83/493 1661/107/98 1660/106/505
f 1640/84/494 1660/106/505 1662/108/506
f 1662/108/506 1649/94/88 1640/84/494
f 1651/97/90 1621/63/545 1620/62/544
f 1620/62/544 1652/98/503 1651/97/90
f 1653/99/92 1624/67/548 1628/72/482
f 1628/72/482 1654/100/504 1653/99/92
f 1608/48/535 1624/67/548 1653/99/92
f 1653/99/92 1605/45/460 1608/48/535
f 1582/22/22 1581/21/521 1630/74/553
f 1630/74/553 1657/103/38 1582/22/22
f 1630/74/553 1573/13/516 1576/16/16
f 1576/16/16 1657/103/38 1630/74/553
f 1562/2/425 1656/102/94 1622/64/546
f 1622/64/546 1563/3/509 1562/2/425
f 1588/28/522 1587/27/27 1566/6/429
f 1566/6/429 1565/5/511 1588/28/522
f 1642/109/558 1625/110/549 1571/11/514
f 1571/11/514 1570/10/432 1642/109/558
f 1623/111/547 1645/90/559 1594/34/528
f 1594/34/528 1593/33/527 1623/111/547
f 1625/68/549 1584/24/442 1620/62/544
f 1620/62/544 1571/61/514 1625/68/549
f 1596/70/530 1588/28/522 1565/5/511
f 1565/5/511 1593/66/527 1596/70/530
f 1650/112/562 1564/4/510 1563/3/509
f 1563/3/509 1626/69/550 1650/112/562
f 1636/80/490 1663/113/563 1628/72/482
f 1628/72/482 1627/71/551 1636/80/490
f 1592/32/526 1591/114/525 1637/81/491
f 1637/81/491 1627/71/551 1592/32/526
f 1579/115/519 1595/35/529 1594/34/528
f 1594/34/528 1644/89/498 1579/115/519
f 1591/114/525 1642/109/558 1570/10/432
f 1570/10/432 1637/81/491 1591/114/525
f 1580/116/520 1579/115/519 1644/89/498
f 1644/89/498 1626/96/550 1580/116/520
f 1583/23/23 1656/102/94 1562/2/425
f 1562/2/425 1652/98/503 1583/23/23
f 1664/117/508 1567/7/7 1566/6/429
f 1566/6/429 1654/100/504 1664/117/508
f 1584/24/442 1583/23/23 1652/98/503
f 1652/98/503 1620/62/544 1584/24/442
f 1663/113/563 1664/117/508 1654/100/504
f 1654/100/504 1628/72/482 1663/113/563
f 1615/55/540 1649/94/88 1575/15/15
f 1575/15/15 1574/14/436 1615/55/540
f 1649/94/88 1662/108/506 1655/101/15
f 1655/101/15 1575/15/15 1649/94/88
f 1662/108/506 1648/93/561 1633/77/554
f 1633/77/554 1655/101/15 1662/108/506
f 1617/57/541 1616/56/470 1639/83/493
f 1639/83/493 1634/78/555 1617/57/541
f 1616/56/470 1659/105/96 1661/107/98
f 1661/107/98 1639/83/493 1616/56/470
f 1661/107/98 1659/105/96 1635/79/556
f 1635/79/556 1619/59/543 1661/107/98
f 1665/1/564 1666/2/565 1667/3/566
f 1667/3/566 1668/4/567 1665/1/564
f 1669/5/568 1670/6/569 1671/7/570
f 1671/7/570 1672/8/571 1669/5/568
f 1673/9/572 1674/10/573 1675/11/574
f 1675/11/574 1676/12/575 1673/9/572
f 1677/13/576 1678/14/577 1679/15/15
f 1679/15/15 1680/16/16 1677/13/576
f 1681/17/578 1682/18/579 1683/19/580
f 1683/19/580 1684/20/581 1681/17/578
f 1685/21/582 1686/22/22 1687/23/23
f 1687/23/23 1688/24/583 1685/21/582
f 1689/25/584 1690/26/444 1691/27/27
f 1691/27/27 1692/28/585 1689/25/584
f 1693/29/586 1694/30/587 1695/31/588
f 1695/31/588 1696/32/589 1693/29/586
f 1697/33/590 1698/34/591 1699/35/592
f 1699/35/592 1700/36/593 1697/33/590
f 1701/37/37 1702/38/38 1703/39/594
f 1703/39/594 1704/40/595 1701/37/37
f 1705/41/596 1706/42/597 1707/43/598
f 1707/43/598 1708/44/599 1705/41/596
f 1709/45/600 1710/46/601 1711/47/602
f 1711/47/602 1712/48/603 1709/45/600
f 1713/49/604 1714/50/605 1715/51/606
f 1715/51/606 1716/52/607 1713/49/604
f 1703/39/594 1702/38/38 1717/53/16
f 1717/53/16 1718/54/608 1703/39/594
f 1706/42/597 1719/55/609 1678/14/577
f 1678/14/577 1707/43/598 1706/42/597
f 1711/47/602 1710/46/601 1720/56/610
f 1720/56/610 1721/57/611 1711/47/602
f 1714/50/605 1722/58/612 1723/59/613
f 1723/59/613 1715/51/606 1714/50/605
f 1676/60/575 1675/61/574 1724/62/614
f 1724/62/614 1725/63/615 1676/60/575
f 1704/40/595 1681/17/578 1684/20/581
f 1684/20/581 1726/64/616 1704/40/595
f 1727/65/617 1697/66/590 1669/5/568
f 1669/5/568 1672/8/571 1727/65/617
f 1712/48/603 1693/29/586 1696/32/589
f 1696/32/589 1728/67/618 1712/48/603
f 1688/24/583 1729/68/619 1708/44/599
f 1708/44/599 1685/21/582 1688/24/583
f 1684/20/581 1730/69/620 1667/3/566
f 1667/3/566 1726/64/616 1684/20/581
f 1692/28/585 1700/70/593 1716/52/607
f 1716/52/607 1689/25/584 1692/28/585
f 1696/32/589 1731/71/621 1732/72/622
f 1732/72/622 1728/67/618 1696/32/589
f 1681/17/578 1704/40/595 1703/39/594
f 1703/39/594 1733/73/623 1681/17/578
f 1685/21/582 1708/44/599 1707/43/598
f 1707/43/598 1734/74/624 1685/21/582
f 1693/29/586 1712/48/603 1711/47/602
f 1711/47/602 1735/75/625 1693/29/586
f 1689/25/584 1716/52/607 1715/51/606
f 1715/51/606 1736/76/626 1689/25/584
f 1733/73/623 1703/39/594 1718/54/608
f 1718/54/608 1737/77/627 1733/73/623
f 1734/74/624 1707/43/598 1678/14/577
f 1678/14/577 1677/13/576 1734/74/624
f 1735/75/625 1711/47/602 1721/57/611
f 1721/57/611 1738/78/628 1735/75/625
f 1736/76/626 1715/51/606 1723/59/613
f 1723/59/613 1739/79/629 1736/76/626
f 1740/80/630 1731/71/621 1741/81/631
f 1741/81/631 1742/82/632 1740/80/630
f 1738/78/628 1743/83/633 1744/84/634
f 1744/84/634 1745/85/635 1738/78/628
f 1716/52/607 1700/70/593 1699/86/592
f 1699/86/592 1713/49/604 1716/52/607
f 1705/41/596 1746/87/636 1695/31/588
f 1695/31/588 1694/30/587 1705/41/596
f 1747/88/637 1748/89/638 1698/34/591
f 1698/34/591 1749/90/639 1747/88/637
f 1694/30/587 1693/29/586 1735/75/625
f 1735/75/625 1750/91/597 1694/30/587
f 1682/18/579 1751/92/640 1714/50/605
f 1714/50/605 1713/49/604 1682/18/579
f 1735/75/625 1738/78/628 1745/85/635
f 1745/85/635 1750/91/597 1735/75/625
f 1751/92/640 1752/93/641 1722/58/612
f 1722/58/612 1714/50/605 1751/92/640
f 1742/82/632 1741/81/631 1674/10/573
f 1674/10/573 1673/9/572 1742/82/632
f 1745/85/635 1744/84/634 1753/94/88
f 1753/94/88 1719/55/609 1745/85/635
f 1713/49/604 1699/86/592 1683/19/580
f 1683/19/580 1682/18/579 1713/49/604
f 1694/30/587 1750/91/597 1706/42/597
f 1706/42/597 1705/41/596 1694/30/587
f 1750/91/597 1745/85/635 1719/55/609
f 1719/55/609 1706/42/597 1750/91/597
f 1708/44/599 1729/68/619 1746/87/636
f 1746/87/636 1705/41/596 1708/44/599
f 1754/95/642 1730/96/620 1748/89/638
f 1748/89/638 1747/88/637 1754/95/642
f 1682/18/579 1681/17/578 1733/73/623
f 1733/73/623 1751/92/640 1682/18/579
f 1733/73/623 1737/77/627 1752/93/641
f 1752/93/641 1751/92/640 1733/73/623
f 1755/97/90 1756/98/503 1666/2/565
f 1666/2/565 1665/1/564 1755/97/90
f 1691/27/27 1757/99/643 1758/100/644
f 1758/100/644 1670/6/569 1691/27/27
f 1718/54/608 1717/53/16 1759/101/15
f 1759/101/15 1737/77/627 1718/54/608
f 1704/40/595 1726/64/616 1760/102/94
f 1760/102/94 1701/37/37 1704/40/595
f 1709/45/600 1757/99/643 1691/27/27
f 1691/27/27 1690/26/444 1709/45/600
f 1686/22/22 1761/103/38 1702/38/38
f 1702/38/38 1701/37/37 1686/22/22
f 1690/26/444 1689/25/584 1736/76/626
f 1736/76/626 1762/104/95 1690/26/444
f 1761/103/38 1680/16/16 1717/53/16
f 1717/53/16 1702/38/38 1761/103/38
f 1736/76/626 1739/79/629 1763/105/645
f 1763/105/645 1762/104/95 1736/76/626
f 1722/58/612 1764/106/505 1765/107/98
f 1765/107/98 1723/59/613 1722/58/612
f 1722/58/612 1752/93/641 1766/108/506
f 1766/108/506 1764/106/505 1722/58/612
f 1717/53/16 1680/16/16 1679/15/15
f 1679/15/15 1759/101/15 1717/53/16
f 1701/37/37 1760/102/94 1687/23/23
f 1687/23/23 1686/22/22 1701/37/37
f 1690/26/444 1762/104/95 1710/46/601
f 1710/46/601 1709/45/600 1690/26/444
f 1762/104/95 1763/105/645 1720/56/610
f 1720/56/610 1710/46/601 1762/104/95
f 1764/106/505 1744/84/634 1743/83/633
f 1743/83/633 1765/107/98 1764/106/505
f 1744/84/634 1764/106/505 1766/108/506
f 1766/108/506 1753/94/88 1744/84/634
f 1755/97/90 1725/63/615 1724/62/614
f 1724/62/614 1756/98/503 1755/97/90
f 1757/99/643 1728/67/618 1732/72/622
f 1732/72/622 1758/100/644 1757/99/643
f 1712/48/603 1728/67/618 1757/99/643
f 1757/99/643 1709/45/600 1712/48/603
f 1686/22/22 1685/21/582 1734/74/624
f 1734/74/624 1761/103/38 1686/22/22
f 1734/74/624 1677/13/576 1680/16/16
f 1680/16/16 1761/103/38 1734/74/624
f 1666/2/565 1760/102/94 1726/64/616
f 1726/64/616 1667/3/566 1666/2/565
f 1692/28/585 1691/27/27 1670/6/569
f 1670/6/569 1669/5/568 1692/28/585
f 1746/109/636 1729/110/619 1675/11/574
f 1675/11/574 1674/10/573 1746/109/636
f 1727/111/617 1749/90/639 1698/34/591
f 1698/34/591 1697/33/590 1727/111/617
f 1729/68/619 1688/24/583 1724/62/614
f 1724/62/614 1675/61/574 1729/68/619
f 1700/70/593 1692/28/585 1669/5/568
f 1669/5/568 1697/66/590 1700/70/593
f 1754/112/642 1668/4/567 1667/3/566
f 1667/3/566 1730/69/620 1754/112/642
f 1740/80/630 1767/113/646 1732/72/622
f 1732/72/622 1731/71/621 1740/80/630
f 1696/32/589 1695/114/588 1741/81/631
f 1741/81/631 1731/71/621 1696/32/589
f 1683/115/580 1699/35/592 1698/34/591
f 1698/34/591 1748/89/638 1683/115/580
f 1695/114/588 1746/109/636 1674/10/573
f 1674/10/573 1741/81/631 1695/114/588
f 1684/116/581 1683/115/580 1748/89/638
f 1748/89/638 1730/96/620 1684/116/581
f 1687/23/23 1760/102/94 1666/2/565
f 1666/2/565 1756/98/503 1687/23/23
f 1768/117/647 1671/7/570 1670/6/569
f 1670/6/569 1758/100/644 1768/117/647
f 1688/24/583 1687/23/23 1756/98/503
f 1756/98/503 1724/62/614 1688/24/583
f 1767/113/646 1768/117/647 1758/100/644
f 1758/100/644 1732/72/622 1767/113/646
f 1719/55/609 1753/94/88 1679/15/15
f 1679/15/15 1678/14/577 1719/55/609
f 1753/94/88 1766/108/506 1759/101/15
f 1759/101/15 1679/15/15 1753/94/88
f 1766/108/506 1752/93/641 1737/77/627
f 1737/77/627 1759/101/15 1766/108/506
f 1721/57/611 1720/56/610 1743/83/633
f 1743/83/633 1738/78/628 1721/57/611
f 1720/56/610 1763/105/645 1765/107/98
f 1765/107/98 1743/83/633 1720/56/610
f 1765/107/98 1763/105/645 1739/79/629
f 1739/79/629 1723/59/613 1765/107/98
f 1769/1/648 1770/2/649 1771/3/650
f 1771/3/650 1772/4/651 1769/1/648
f 1773/5/652 1774/6/653 1775/7/7
f 1775/7/7 1776/8/654 1773/5/652
f 1777/9/655 1778/10/656 1779/11/657
f 1779/11/657 1780/12/658 1777/9/655
f 1781/13/659 1782/14/660 1783/15/15
f 1783/15/15 1784/16/16 1781/13/659
f 1785/17/661 1786/18/662 1787/19/663
f 1787/19/663 1788/20/664 1785/17/661
f 1789/21/665 1790/22/22 1791/23/23
f 1791/23/23 1792/24/666 1789/21/665
f 1793/25/667 1794/26/444 1795/27/27
f 1795/27/27 1796/28/668 1793/25/667
f 1797/29/669 1798/30/670 1799/31/671
f 1799/31/671 1800/32/672 1797/29/669
f 1801/33/673 1802/34/674 1803/35/675
f 1803/35/675 1804/36/676 1801/33/673
f 1805/37/37 1806/38/38 1807/39/677
f 1807/39/677 1808/40/678 1805/37/37
f 1809/41/679 1810/42/560 1811/43/680
f 1811/43/680 1812/44/681 1809/41/679
f 1813/45/45 1814/46/682 1815/47/683
f 1815/47/683 1816/48/684 1813/45/45
f 1817/49/685 1818/50/686 1819/51/687
f 1819/51/687 1820/52/688 1817/49/685
f 1807/39/677 1806/38/38 1821/53/16
f 1821/53/16 1822/54/689 1807/39/677
f 1810/42/560 1823/55/690 1782/14/660
f 1782/14/660 1811/43/680 1810/42/560
f 1815/47/683 1814/46/682 1824/56/470
f 1824/56/470 1825/57/691 1815/47/683
f 1818/50/686 1826/58/692 1827/59/693
f 1827/59/693 1819/51/687 1818/50/686
f 1780/60/658 1779/61/657 1828/62/694
f 1828/62/694 1829/63/695 1780/60/658
f 1808/40/678 1785/17/661 1788/20/664
f 1788/20/664 1830/64/696 1808/40/678
f 1831/65/697 1801/66/673 1773/5/652
f 1773/5/652 1776/8/654 1831/65/697
f 1816/48/684 1797/29/669 1800/32/672
f 1800/32/672 1832/67/698 1816/48/684
f 1792/24/666 1833/68/699 1812/44/681
f 1812/44/681 1789/21/665 1792/24/666
f 1788/20/664 1834/69/700 1771/3/650
f 1771/3/650 1830/64/696 1788/20/664
f 1796/28/668 1804/70/676 1820/52/688
f 1820/52/688 1793/25/667 1796/28/668
f 1800/32/672 1835/71/701 1836/72/702
f 1836/72/702 1832/67/698 1800/32/672
f 1785/17/661 1808/40/678 1807/39/677
f 1807/39/677 1837/73/703 1785/17/661
f 1789/21/665 1812/44/681 1811/43/680
f 1811/43/680 1838/74/704 1789/21/665
f 1797/29/669 1816/48/684 1815/47/683
f 1815/47/683 1839/75/705 1797/29/669
f 1793/25/667 1820/52/688 1819/51/687
f 1819/51/687 1840/76/706 1793/25/667
f 1837/73/703 1807/39/677 1822/54/689
f 1822/54/689 1841/77/707 1837/73/703
f 1838/74/704 1811/43/680 1782/14/660
f 1782/14/660 1781/13/659 1838/74/704
f 1839/75/705 1815/47/683 1825/57/691
f 1825/57/691 1842/78/708 1839/75/705
f 1840/76/706 1819/51/687 1827/59/693
f 1827/59/693 1843/79/709 1840/76/706
f 1844/80/710 1835/71/701 1845/81/711
f 1845/81/711 1846/82/712 1844/80/710
f 1842/78/708 1847/83/713 1848/84/714
f 1848/84/714 1849/85/715 1842/78/708
f 1820/52/688 1804/70/676 1803/86/675
f 1803/86/675 1817/49/685 1820/52/688
f 1809/41/679 1850/87/716 1799/31/671
f 1799/31/671 1798/30/670 1809/41/679
f 1851/88/717 1852/89/718 1802/34/674
f 1802/34/674 1853/90/719 1851/88/717
f 1798/30/670 1797/29/669 1839/75/705
f 1839/75/705 1854/91/560 1798/30/670
f 1786/18/662 1855/92/720 1818/50/686
f 1818/50/686 1817/49/685 1786/18/662
f 1839/75/705 1842/78/708 1849/85/715
f 1849/85/715 1854/91/560 1839/75/705
f 1855/92/720 1856/93/721 1826/58/692
f 1826/58/692 1818/50/686 1855/92/720
f 1846/82/712 1845/81/711 1778/10/656
f 1778/10/656 1777/9/655 1846/82/712
f 1849/85/715 1848/84/714 1857/94/88
f 1857/94/88 1823/55/690 1849/85/715
f 1817/49/685 1803/86/675 1787/19/663
f 1787/19/663 1786/18/662 1817/49/685
f 1798/30/670 1854/91/560 1810/42/560
f 1810/42/560 1809/41/679 1798/30/670
f 1854/91/560 1849/85/715 1823/55/690
f 1823/55/690 1810/42/560 1854/91/560
f 1812/44/681 1833/68/699 1850/87/716
f 1850/87/716 1809/41/679 1812/44/681
f 1858/95/722 1834/96/700 1852/89/718
f 1852/89/718 1851/88/717 1858/95/722
f 1786/18/662 1785/17/661 1837/73/703
f 1837/73/703 1855/92/720 1786/18/662
f 1837/73/703 1841/77/707 1856/93/721
f 1856/93/721 1855/92/720 1837/73/703
f 1859/97/90 1860/98/503 1770/2/649
f 1770/2/649 1769/1/648 1859/97/90
f 1795/27/27 1861/99/92 1862/100/504
f 1862/100/504 1774/6/653 1795/27/27
f 1822/54/689 1821/53/16 1863/101/15
f 1863/101/15 1841/77/707 1822/54/689
f 1808/40/678 1830/64/696 1864/102/94
f 1864/102/94 1805/37/37 1808/40/678
f 1813/45/45 1861/99/92 1795/27/27
f 1795/27/27 1794/26/444 1813/45/45
f 1790/22/22 1865/103/38 1806/38/38
f 1806/38/38 1805/37/37 1790/22/22
f 1794/26/444 1793/25/667 1840/76/706
f 1840/76/706 1866/104/95 1794/26/444
f 1865/103/38 1784/16/16 1821/53/16
f 1821/53/16 1806/38/38 1865/103/38
f 1840/76/706 1843/79/709 1867/105/96
f 1867/105/96 1866/104/95 1840/76/706
f 1826/58/692 1868/106/97 1869/107/98
f 1869/107/98 1827/59/693 1826/58/692
f 1826/58/692 1856/93/721 1870/108/506
f 1870/108/506 1868/106/97 1826/58/692
f 1821/53/16 1784/16/16 1783/15/15
f 1783/15/15 1863/101/15 1821/53/16
f 1805/37/37 1864/102/94 1791/23/23
f 1791/23/23 1790/22/22 1805/37/37
f 1794/26/444 1866/104/95 1814/46/682
f 1814/46/682 1813/45/45 1794/26/444
f 1866/104/95 1867/105/96 1824/56/470
f 1824/56/470 1814/46/682 1866/104/95
f 1868/106/97 1848/84/714 1847/83/713
f 1847/83/713 1869/107/98 1868/106/97
f 1848/84/714 1868/106/97 1870/108/506
f 1870/108/506 1857/94/88 1848/84/714
f 1859/97/90 1829/63/695 1828/62/694
f 1828/62/694 1860/98/503 1859/97/90
f 1861/99/92 1832/67/698 1836/72/702
f 1836/72/702 1862/100/504 1861/99/92
f 1816/48/684 1832/67/698 1861/99/92
f 1861/99/92 1813/45/45 1816/48/684
f 1790/22/22 1789/21/665 1838/74/704
f 1838/74/704 1865/103/38 1790/22/22
f 1838/74/704 1781/13/659 1784/16/16
f 1784/16/16 1865/103/38 1838/74/704
f 1770/2/649 1864/102/94 1830/64/696
f 1830/64/696 1771/3/650 1770/2/649
f 1796/28/668 1795/27/27 1774/6/653
f 1774/6/653 1773/5/652 1796/28/668
f 1850/109/716 1833/110/699 1779/11/657
f 1779/11/657 1778/10/656 1850/109/716
f 1831/111/697 1853/90/719 1802/34/674
f 1802/34/674 1801/33/673 1831/111/697
f 1833/68/699 1792/24/666 1828/62/694
f 1828/62/694 1779/61/657 1833/68/699
f 1804/70/676 1796/28/668 1773/5/652
f 1773/5/652 1801/66/673 1804/70/676
f 1858/112/722 1772/4/651 1771/3/650
f 1771/3/650 1834/69/700 1858/112/722
f 1844/80/710 1871/113/723 1836/72/702
f 1836/72/702 1835/71/701 1844/80/710
f 1800/32/672 1799/114/671 1845/81/711
f 1845/81/711 1835/71/701 1800/32/672
f 1787/115/663 1803/35/675 1802/34/674
f 1802/34/674 1852/89/718 1787/115/663
f 1799/114/671 1850/109/716 1778/10/656
f 1778/10/656 1845/81/711 1799/114/671
f 1788/116/664 1787/115/663 1852/89/718
f 1852/89/718 1834/96/700 1788/116/664
f 1791/23/23 1864/102/94 1770/2/649
f 1770/2/649 1860/98/503 1791/23/23
f 1872/117/508 1775/7/7 1774/6/653
f 1774/6/653 1862/100/504 1872/117/508
f 1792/24/666 1791/23/23 1860/98/503
f 1860/98/503 1828/62/694 1792/24/666
f 1871/113/723 1872/117/508 1862/100/504
f 1862/100/504 1836/72/702 1871/113/723
f 1823/55/690 1857/94/88 1783/15/15
f 1783/15/15 1782/14/660 1823/55/690
f 1857/94/88 1870/108/506 1863/101/15
f 1863/101/15 1783/15/15 1857/94/88
f 1870/108/506 1856/93/721 1841/77/707
f 1841/77/707 1863/101/15 1870/108/506
f 1825/57/691 1824/56/470 1847/83/713
f 1847/83/713 1842/78/708 1825/57/691
f 1824/56/470 1867/105/96 1869/107/98
f 1869/107/98 1847/83/713 1824/56/470
f 1869/107/98 1867/105/96 1843/79/709
f 1843/79/709 1827/59/693 1869/107/98
f 1873/1/1 1874/2/2 1875/3/724
f 1875/3/724 1876/4/725 1873/1/1
f 1877/5/726 1878/6/6 1879/7/7
f 1879/7/7 1880/8/727 1877/5/726
f 1881/9/728 1882/10/10 1883/11/729
f 1883/11/729 1884/12/730 1881/9/728
f 1885/13/731 1886/14/732 1887/15/15
f 1887/15/15 1888/16/16 1885/13/731
f 1889/17/733 1890/18/734 1891/19/735
f 1891/19/735 1892/20/736 1889/17/733
f 1893/21/737 1894/22/22 1895/23/23
f 1895/23/23 1896/24/738 1893/21/737
f 1897/25/739 1898/26/26 1899/27/27
f 1899/27/27 1900/28/740 1897/25/739
f 1901/29/741 1902/30/742 1903/31/743
f 1903/31/743 1904/32/744 1901/29/741
f 1905/33/745 1906/34/746 1907/35/747
f 1907/35/747 1908/36/748 1905/33/745
f 1909/37/37 1910/38/38 1911/39/39
f 1911/39/39 1912/40/40 1909/37/37
f 1913/41/749 1914/42/42 1915/43/43
f 1915/43/43 1916/44/750 1913/41/749
f 1917/45/45 1918/46/46 1919/47/751
f 1919/47/751 1920/48/752 1917/45/45
f 1921/49/753 1922/50/50 1923/51/754
f 1923/51/754 1924/52/755 1921/49/753
f 1911/39/39 1910/38/38 1925/53/16
f 1925/53/16 1926/54/756 1911/39/39
f 1914/42/42 1927/55/757 1886/14/732
f 1886/14/732 1915/43/43 1914/42/42
f 1919/47/751 1918/46/46 1928/56/758
f 1928/56/758 1929/57/759 1919/47/751
f 1922/50/50 1930/58/760 1931/59/761
f 1931/59/761 1923/51/754 1922/50/50
f 1884/60/730 1883/61/729 1932/62/762
f 1932/62/762 1933/63/763 1884/60/730
f 1912/40/40 1889/17/733 1892/20/736
f 1892/20/736 1934/64/764 1912/40/40
f 1935/65/765 1905/66/745 1877/5/726
f 1877/5/726 1880/8/727 1935/65/765
f 1920/48/752 1901/29/741 1904/32/744
f 1904/32/744 1936/67/766 1920/48/752
f 1896/24/738 1937/68/767 1916/44/750
f 1916/44/750 1893/21/737 1896/24/738
f 1892/20/736 1938/69/768 1875/3/724
f 1875/3/724 1934/64/764 1892/20/736
f 1900/28/740 1908/70/748 1924/52/755
f 1924/52/755 1897/25/739 1900/28/740
f 1904/32/744 1939/71/769 1940/72/770
f 1940/72/770 1936/67/766 1904/32/744
f 1889/17/733 1912/40/40 1911/39/39
f 1911/39/39 1941/73/771 1889/17/733
f 1893/21/737 1916/44/750 1915/43/43
f 1915/43/43 1942/74/69 1893/21/737
f 1901/29/741 1920/48/752 1919/47/751
f 1919/47/751 1943/75/772 1901/29/741
f 1897/25/739 1924/52/755 1923/51/754
f 1923/51/754 1944/76/71 1897/25/739
f 1941/73/771 1911/39/39 1926/54/756
f 1926/54/756 1945/77/773 1941/73/771
f 1942/74/69 1915/43/43 1886/14/732
f 1886/14/732 1885/13/731 1942/74/69
f 1943/75/772 1919/47/751 1929/57/759
f 1929/57/759 1946/78/774 1943/75/772
f 1944/76/71 1923/51/754 1931/59/761
f 1931/59/761 1947/79/775 1944/76/71
f 1948/80/776 1939/71/769 1949/81/777
f 1949/81/777 1950/82/77 1948/80/776
f 1946/78/774 1951/83/78 1952/84/79
f 1952/84/79 1953/85/778 1946/78/774
f 1924/52/755 1908/70/748 1907/86/747
f 1907/86/747 1921/49/753 1924/52/755
f 1913/41/749 1954/87/779 1903/31/743
f 1903/31/743 1902/30/742 1913/41/749
f 1955/88/780 1956/89/781 1906/34/746
f 1906/34/746 1957/90/84 1955/88/780
f 1902/30/742 1901/29/741 1943/75/772
f 1943/75/772 1958/91/85 1902/30/742
f 1890/18/734 1959/92/782 1922/50/50
f 1922/50/50 1921/49/753 1890/18/734
f 1943/75/772 1946/78/774 1953/85/778
f 1953/85/778 1958/91/85 1943/75/772
f 1959/92/782 1960/93/783 1930/58/760
f 1930/58/760 1922/50/50 1959/92/782
f 1950/82/77 1949/81/777 1882/10/10
f 1882/10/10 1881/9/728 1950/82/77
f 1953/85/778 1952/84/79 1961/94/88
f 1961/94/88 1927/55/757 1953/85/778
f 1921/49/753 1907/86/747 1891/19/735
f 1891/19/735 1890/18/734 1921/49/753
f 1902/30/742 1958/91/85 1914/42/42
f 1914/42/42 1913/41/749 1902/30/742
f 1958/91/85 1953/85/778 1927/55/757
f 1927/55/757 1914/42/42 1958/91/85
f 1916/44/750 1937/68/767 1954/87/779
f 1954/87/779 1913/41/749 1916/44/750
f 1962/95/784 1938/96/768 1956/89/781
f 1956/89/781 1955/88/780 1962/95/784
f 1890/18/734 1889/17/733 1941/73/771
f 1941/73/771 1959/92/782 1890/18/734
f 1941/73/771 1945/77/773 1960/93/783
f 1960/93/783 1959/92/782 1941/73/771
f 1963/97/90 1964/98/91 1874/2/2
f 1874/2/2 1873/1/1 1963/97/90
f 1899/27/27 1965/99/92 1966/100/93
f 1966/100/93 1878/6/6 1899/27/27
f 1926/54/756 1925/53/16 1967/101/15
f 1967/101/15 1945/77/773 1926/54/756
f 1912/40/40 1934/64/764 1968/102/94
f 1968/102/94 1909/37/37 1912/40/40
f 1917/45/45 1965/99/92 1899/27/27
f 1899/27/27 1898/26/26 1917/45/45
f 1894/22/22 1969/103/38 1910/38/38
f 1910/38/38 1909/37/37 1894/22/22
f 1898/26/26 1897/25/739 1944/76/71
f 1944/76/71 1970/104/95 1898/26/26
f 1969/103/38 1888/16/16 1925/53/16
f 1925/53/16 1910/38/38 1969/103/38
f 1944/76/71 1947/79/775 1971/105/96
f 1971/105/96 1970/104/95 1944/76/71
f 1930/58/760 1972/106/97 1973/107/98
f 1973/107/98 1931/59/761 1930/58/760
f 1930/58/760 1960/93/783 1974/108/99
f 1974/108/99 1972/106/97 1930/58/760
f 1925/53/16 1888/16/16 1887/15/15
f 1887/15/15 1967/101/15 1925/53/16
f 1909/37/37 1968/102/94 1895/23/23
f 1895/23/23 1894/22/22 1909/37/37
f 1898/26/26 1970/104/95 1918/46/46
f 1918/46/46 1917/45/45 1898/26/26
f 1970/104/95 1971/105/96 1928/56/758
f 1928/56/758 1918/46/46 1970/104/95
f 1972/106/97 1952/84/79 1951/83/78
f 1951/83/78 1973/107/98 1972/106/97
f 1952/84/79 1972/106/97 1974/108/99
f 1974/108/99 1961/94/88 1952/84/79
f 1963/97/90 1933/63/763 1932/62/762
f 1932/62/762 1964/98/91 1963/97/90
f 1965/99/92 1936/67/766 1940/72/770
f 1940/72/770 1966/100/93 1965/99/92
f 1920/48/752 1936/67/766 1965/99/92
f 1965/99/92 1917/45/45 1920/48/752
f 1894/22/22 1893/21/737 1942/74/69
f 1942/74/69 1969/103/38 1894/22/22
f 1942/74/69 1885/13/731 1888/16/16
f 1888/16/16 1969/103/38 1942/74/69
f 1874/2/2 1968/102/94 1934/64/764
f 1934/64/764 1875/3/724 1874/2/2
f 1900/28/740 1899/27/27 1878/6/6
f 1878/6/6 1877/5/726 1900/28/740
f 1954/109/779 1937/110/767 1883/11/729
f 1883/11/729 1882/10/10 1954/109/779
f 1935/111/765 1957/90/84 1906/34/746
f 1906/34/746 1905/33/745 1935/111/765
f 1937/68/767 1896/24/738 1932/62/762
f 1932/62/762 1883/61/729 1937/68/767
f 1908/70/748 1900/28/740 1877/5/726
f 1877/5/726 1905/66/745 1908/70/748
f 1962/112/784 1876/4/725 1875/3/724
f 1875/3/724 1938/69/768 1962/112/784
f 1948/80/776 1975/113/785 1940/72/770
f 1940/72/770 1939/71/769 1948/80/776
f 1904/32/744 1903/114/743 1949/81/777
f 1949/81/777 1939/71/769 1904/32/744
f 1891/115/735 1907/35/747 1906/34/746
f 1906/34/746 1956/89/781 1891/115/735
f 1903/114/743 1954/109/779 1882/10/10
f 1882/10/10 1949/81/777 1903/114/743
f 1892/116/736 1891/115/735 1956/89/781
f 1956/89/781 1938/96/768 1892/116/736
f 1895/23/23 1968/102/94 1874/2/2
f 1874/2/2 1964/98/91 1895/23/23
f 1976/117/101 1879/7/7 1878/6/6
f 1878/6/6 1966/100/93 1976/117/101
f 1896/24/738 1895/23/23 1964/98/91
f 1964/98/91 1932/62/762 1896/24/738
f 1975/113/785 1976/117/101 1966/100/93
f 1966/100/93 1940/72/770 1975/113/785
f 1927/55/757 1961/94/88 1887/15/15
f 1887/15/15 1886/14/732 1927/55/757
f 1961/94/88 1974/108/99 1967/101/15
f 1967/101/15 1887/15/15 1961/94/88
f 1974/108/99 1960/93/783 1945/77/773
f 1945/77/773 1967/101/15 1974/108/99
f 1929/57/759 1928/56/758 1951/83/78
f 1951/83/78 1946/78/774 1929/57/759
f 1928/56/758 1971/105/96 1973/107/98
f 1973/107/98 1951/83/78 1928/56/758
f 1973/107/98 1971/105/96 1947/79/775
f 1947/79/775 1931/59/761 1973/107/98
f 1977/1/786 1978/2/649 1979/3/650
f 1979/3/650 1980/4/787 1977/1/786
f 1981/5/788 1982/6/653 1983/7/7
f 1983/7/7 1984/8/654 1981/5/788
f 1985/9/655 1986/10/656 1987/11/789
f 1987/11/789 1988/12/658 1985/9/655
f 1989/13/790 1990/14/791 1991/15/15
f 1991/15/15 1992/16/16 1989/13/790
f 1993/17/792 1994/18/793 1995/19/794
f 1995/19/794 1996/20/795 1993/17/792
f 1997/21/665 1998/22/22 1999/23/23
f 1999/23/23 2000/24/796 1997/21/665
f 2001/25/667 2002/26/444 2003/27/27
f 2003/27/27 2004/28/797 2001/25/667
f 2005/29/798 2006/30/799 2007/31/800
f 2007/31/800 2008/32/801 2005/29/798
f 2009/33/802 2010/34/674 2011/35/803
f 2011/35/803 2012/36/804 2009/33/802
f 2013/37/37 2014/38/38 2015/39/677
f 2015/39/677 2016/40/805 2013/37/37
f 2017/41/806 2018/42/560 2019/43/680
f 2019/43/680 2020/44/807 2017/41/806
f 2021/45/45 2022/46/682 2023/47/683
f 2023/47/683 2024/48/684 2021/45/45
f 2025/49/808 2026/50/686 2027/51/809
f 2027/51/809 2028/52/810 2025/49/808
f 2015/39/677 2014/38/38 2029/53/16
f 2029/53/16 2030/54/811 2015/39/677
f 2018/42/560 2031/55/812 1990/14/791
f 1990/14/791 2019/43/680 2018/42/560
f 2023/47/683 2022/46/682 2032/56/55
f 2032/56/55 2033/57/813 2023/47/683
f 2026/50/686 2034/58/814 2035/59/815
f 2035/59/815 2027/51/809 2026/50/686
f 1988/60/658 1987/61/789 2036/62/816
f 2036/62/816 2037/63/817 1988/60/658
f 2016/40/805 1993/17/792 1996/20/795
f 1996/20/795 2038/64/818 2016/40/805
f 2039/65/819 2009/66/802 1981/5/788
f 1981/5/788 1984/8/654 2039/65/819
f 2024/48/684 2005/29/798 2008/32/801
f 2008/32/801 2040/67/820 2024/48/684
f 2000/24/796 2041/68/821 2020/44/807
f 2020/44/807 1997/21/665 2000/24/796
f 1996/20/795 2042/69/822 1979/3/650
f 1979/3/650 2038/64/818 1996/20/795
f 2004/28/797 2012/70/804 2028/52/810
f 2028/52/810 2001/25/667 2004/28/797
f 2008/32/801 2043/71/823 2044/72/702
f 2044/72/702 2040/67/820 2008/32/801
f 1993/17/792 2016/40/805 2015/39/677
f 2015/39/677 2045/73/703 1993/17/792
f 1997/21/665 2020/44/807 2019/43/680
f 2019/43/680 2046/74/704 1997/21/665
f 2005/29/798 2024/48/684 2023/47/683
f 2023/47/683 2047/75/705 2005/29/798
f 2001/25/667 2028/52/810 2027/51/809
f 2027/51/809 2048/76/706 2001/25/667
f 2045/73/703 2015/39/677 2030/54/811
f 2030/54/811 2049/77/824 2045/73/703
f 2046/74/704 2019/43/680 1990/14/791
f 1990/14/791 1989/13/790 2046/74/704
f 2047/75/705 2023/47/683 2033/57/813
f 2033/57/813 2050/78/708 2047/75/705
f 2048/76/706 2027/51/809 2035/59/815
f 2035/59/815 2051/79/825 2048/76/706
f 2052/80/710 2043/71/823 2053/81/711
f 2053/81/711 2054/82/712 2052/80/710
f 2050/78/708 2055/83/713 2056/84/714
f 2056/84/714 2057/85/826 2050/78/708
f 2028/52/810 2012/70/804 2011/86/803
f 2011/86/803 2025/49/808 2028/52/810
f 2017/41/806 2058/87/827 2007/31/800
f 2007/31/800 2006/30/799 2017/41/806
f 2059/88/828 2060/89/718 2010/34/674
f 2010/34/674 2061/90/829 2059/88/828
f 2006/30/799 2005/29/798 2047/75/705
f 2047/75/705 2062/91/560 2006/30/799
f 1994/18/793 2063/92/720 2026/50/686
f 2026/50/686 2025/49/808 1994/18/793
f 2047/75/705 2050/78/708 2057/85/826
f 2057/85/826 2062/91/560 2047/75/705
f 2063/92/720 2064/93/830 2034/58/814
f 2034/58/814 2026/50/686 2063/92/720
f 2054/82/712 2053/81/711 1986/10/656
f 1986/10/656 1985/9/655 2054/82/712
f 2057/85/826 2056/84/714 2065/94/88
f 2065/94/88 2031/55/812 2057/85/826
f 2025/49/808 2011/86/803 1995/19/794
f 1995/19/794 1994/18/793 2025/49/808
f 2006/30/799 2062/91/560 2018/42/560
f 2018/42/560 2017/41/806 2006/30/799
f 2062/91/560 2057/85/826 2031/55/812
f 2031/55/812 2018/42/560 2062/91/560
f 2020/44/807 2041/68/821 2058/87/827
f 2058/87/827 2017/41/806 2020/44/807
f 2066/95/831 2042/96/822 2060/89/718
f 2060/89/718 2059/88/828 2066/95/831
f 1994/18/793 1993/17/792 2045/73/703
f 2045/73/703 2063/92/720 1994/18/793
f 2045/73/703 2049/77/824 2064/93/830
f 2064/93/830 2063/92/720 2045/73/703
f 2067/97/90 2068/98/503 1978/2/649
f 1978/2/649 1977/1/786 2067/97/90
f 2003/27/27 2069/99/92 2070/100/504
f 2070/100/504 1982/6/653 2003/27/27
f 2030/54/811 2029/53/16 2071/101/15
f 2071/101/15 2049/77/824 2030/54/811
f 2016/40/805 2038/64/818 2072/102/94
f 2072/102/94 2013/37/37 2016/40/805
f 2021/45/45 2069/99/92 2003/27/27
f 2003/27/27 2002/26/444 2021/45/45
f 1998/22/22 2073/103/38 2014/38/38
f 2014/38/38 2013/37/37 1998/22/22
f 2002/26/444 2001/25/667 2048/76/706
f 2048/76/706 2074/104/95 2002/26/444
f 2073/103/38 1992/16/16 2029/53/16
f 2029/53/16 2014/38/38 2073/103/38
f 2048/76/706 2051/79/825 2075/105/96
f 2075/105/96 2074/104/95 2048/76/706
f 2034/58/814 2076/106/97 2077/107/98
f 2077/107/98 2035/59/815 2034/58/814
f 2034/58/814 2064/93/830 2078/108/506
f 2078/108/506 2076/106/97 2034/58/814
f 2029/53/16 1992/16/16 1991/15/15
f 1991/15/15 2071/101/15 2029/53/16
f 2013/37/37 2072/102/94 1999/23/23
f 1999/23/23 1998/22/22 2013/37/37
f 2002/26/444 2074/104/95 2022/46/682
f 2022/46/682 2021/45/45 2002/26/444
f 2074/104/95 2075/105/96 2032/56/55
f 2032/56/55 2022/46/682 2074/104/95
f 2076/106/97 2056/84/714 2055/83/713
f 2055/83/713 2077/107/98 2076/106/97
f 2056/84/714 2076/106/97 2078/108/506
f 2078/108/506 2065/94/88 2056/84/714
f 2067/97/90 2037/63/817 2036/62/816
f 2036/62/816 2068/98/503 2067/97/90
f 2069/99/92 2040/67/820 2044/72/702
f 2044/72/702 2070/100/504 2069/99/92
f 2024/48/684 2040/67/820 2069/99/92
f 2069/99/92 2021/45/45 2024/48/684
f 1998/22/22 1997/21/665 2046/74/704
f 2046/74/704 2073/103/38 1998/22/22
f 2046/74/704 1989/13/790 1992/16/16
f 1992/16/16 2073/103/38 2046/74/704
f 1978/2/649 2072/102/94 2038/64/818
f 2038/64/818 1979/3/650 1978/2/649
f 2004/28/797 2003/27/27 1982/6/653
f 1982/6/653 1981/5/788 2004/28/797
f 2058/109/827 2041/110/821 1987/11/789
f 1987/11/789 1986/10/656 2058/109/827
f 2039/111/819 2061/90/829 2010/34/674
f 2010/34/674 2009/33/802 2039/111/819
f 2041/68/821 2000/24/796 2036/62/816
f 2036/62/816 1987/61/789 2041/68/821
f 2012/70/804 2004/28/797 1981/5/788
f 1981/5/788 2009/66/802 2012/70/804
f 2066/112/831 1980/4/787 1979/3/650
f 1979/3/650 2042/69/822 2066/112/831
f 2052/80/710 2079/113/723 2044/72/702
f 2044/72/702 2043/71/823 2052/80/710
f 2008/32/801 2007/114/800 2053/81/711
f 2053/81/711 2043/71/823 2008/32/801
f 1995/115/794 2011/35/803 2010/34/674
f 2010/34/674 2060/89/718 1995/115/794
f 2007/114/800 2058/109/827 1986/10/656
f 1986/10/656 2053/81/711 2007/114/800
f 1996/116/795 1995/115/794 2060/89/718
f 2060/89/718 2042/96/822 1996/116/795
f 1999/23/23 2072/102/94 1978/2/649
f 1978/2/649 2068/98/503 1999/23/23
f 2080/117/508 1983/7/7 1982/6/653
f 1982/6/653 2070/100/504 2080/117/508
f 2000/24/796 1999/23/23 2068/98/503
f 2068/98/503 2036/62/816 2000/24/796
f 2079/113/723 2080/117/508 2070/100/504
f 2070/100/504 2044/72/702 2079/113/723
f 2031/55/812 2065/94/88 1991/15/15
f 1991/15/15 1990/14/791 2031/55/812
f 2065/94/88 2078/108/506 2071/101/15
f 2071/101/15 1991/15/15 2065/94/88
f 2078/108/506 2064/93/830 2049/77/824
f 2049/77/824 2071/101/15 2078/108/506
f 2033/57/813 2032/56/55 2055/83/713
f 2055/83/713 2050/78/708 2033/57/813
f 2032/56/55 2075/105/96 2077/107/98
f 2077/107/98 2055/83/713 2032/56/55
f 2077/107/98 2075/105/96 2051/79/825
f 2051/79/825 2035/59/815 2077/107/98
