# Blender 4.5.0
# www.blender.org
g medium_wall.xml.042_Mesh
v 69.633560 -42.364872 -90.081085
v 69.225510 -34.641685 -90.060303
v 69.320023 -34.641685 -89.614838
v 69.509628 -42.364872 -89.535919
v 65.111450 -34.641685 -89.665192
v 65.020813 -34.641685 -90.052811
v 64.921860 -42.364872 -89.946243
v 64.921860 -42.364872 -89.535919
v 68.508881 -42.364876 -98.882980
v 68.246201 -34.641685 -98.810593
v 69.168045 -34.641689 -98.793304
v 69.357697 -42.364876 -98.848419
v 68.548859 -27.007702 -98.371292
v 68.408646 -27.007702 -98.413010
v 68.408646 -27.007702 -98.125153
v 68.548859 -27.007702 -98.125793
v 68.840164 -26.639763 -89.665726
v 67.983536 -26.639763 -89.665726
v 67.983536 -26.918491 -89.603607
v 68.978409 -26.918491 -89.603607
v 68.992432 -26.639763 -98.526749
v 68.992432 -26.639763 -98.170303
v 69.130417 -26.918491 -98.170944
v 69.130417 -26.918491 -98.587585
v 65.439056 -26.639763 -89.754593
v 65.439056 -26.639763 -90.159363
v 65.301056 -26.918491 -90.159363
v 65.301056 -26.918491 -89.693756
v 65.591324 -26.639763 -98.615616
v 66.448318 -26.639763 -98.615616
v 66.448318 -26.918491 -98.677734
v 65.453079 -26.918491 -98.677734
v 65.401031 -34.641685 -89.518265
v 66.185638 -34.641685 -89.518265
v 67.181351 -27.027573 -89.603607
v 65.453079 -26.918491 -89.603607
v 68.992432 -26.639763 -90.159363
v 68.691467 -26.516743 -90.159363
v 68.691467 -26.516743 -89.878281
v 68.992432 -26.639763 -89.754593
v 67.983536 -26.639763 -98.615616
v 67.983536 -26.516743 -98.480148
v 68.539291 -26.516743 -98.480148
v 68.840164 -26.639763 -98.615616
v 65.439056 -26.680756 -98.149429
v 65.740005 -26.557735 -98.150818
v 65.740005 -26.516743 -98.403061
v 65.439056 -26.639763 -98.526749
v 67.181351 -26.748840 -89.665726
v 67.181351 -26.625820 -89.801193
v 65.892197 -26.516743 -89.801193
v 65.591324 -26.639763 -89.665726
v 68.548859 -27.007702 -90.200623
v 68.548859 -27.007702 -89.911804
v 67.895538 -27.007702 -98.413010
v 65.899612 -27.048695 -98.109100
v 65.899612 -27.007702 -98.371292
v 67.229736 -27.116779 -89.870087
v 66.039825 -27.007702 -89.870087
v 69.320023 -34.641689 -98.696716
v 69.509628 -42.364876 -98.745407
v 69.130417 -26.918491 -89.693756
v 65.374252 -42.364872 -89.395218
v 65.301071 -26.918491 -98.587585
v 68.978409 -26.918491 -98.677734
v 69.168045 -34.641685 -89.518265
v 65.263428 -34.641685 -98.793304
v 65.111465 -34.641685 -98.696716
v 68.539291 -26.516743 -89.801193
v 68.691467 -26.516743 -98.403061
v 65.892197 -26.516743 -98.480148
v 65.740005 -26.516743 -89.878281
v 68.408646 -27.007702 -89.870087
v 66.039825 -27.007702 -98.413010
v 65.899612 -27.007702 -89.911804
v 65.073792 -42.364872 -98.848419
v 66.185638 -34.641685 -98.793304
v 65.922958 -42.364872 -98.848419
v 66.039154 -27.048695 -98.109741
v 66.553253 -27.048695 -98.112122
v 66.553253 -27.007702 -98.413010
v 67.983536 -26.918491 -98.677734
v 68.508881 -42.364872 -89.401611
v 68.246201 -34.641685 -89.518265
v 65.922958 -42.364872 -89.432922
v 66.448318 -26.516743 -98.480148
v 67.983536 -26.516743 -89.801193
v 67.895538 -27.007702 -89.870087
v 67.895538 -27.007702 -98.122772
v 69.357697 -42.364872 -89.432922
v 69.509628 -42.364876 -98.390869
v 69.320023 -34.641689 -98.280899
v 65.301071 -26.959488 -98.148788
v 65.156860 -34.641685 -97.987732
v 68.408646 -27.007702 -90.200623
v 69.130417 -26.918491 -90.159363
v 68.691467 -26.516743 -98.168915
v 65.740005 -26.516743 -90.159363
v 65.899612 -27.007702 -90.200623
v 67.229736 -27.116779 -90.200623
v 66.039642 -27.019184 -90.200623
v 67.895538 -27.007702 -90.200623
v 64.921860 -42.364876 -98.683884
v 65.012650 -42.364876 -97.826660
v 69.633560 -42.364872 -105.291977
v 69.225510 -34.641685 -105.271210
v 69.320023 -34.641685 -104.825745
v 69.509628 -42.364872 -104.746826
v 65.111450 -34.641685 -104.876083
v 65.020813 -34.641685 -105.263702
v 64.921860 -42.364872 -105.157135
v 64.921860 -42.364872 -104.746826
v 68.508881 -42.364876 -114.093887
v 68.246201 -34.641685 -114.021484
v 69.168045 -34.641689 -114.004196
v 69.357697 -42.364876 -114.059311
v 68.548859 -27.007702 -113.582184
v 68.408646 -27.007702 -113.623901
v 68.408646 -27.007702 -113.336044
v 68.548859 -27.007702 -113.336685
v 68.840164 -26.639763 -104.876617
v 67.983536 -26.639763 -104.876617
v 67.983536 -26.918491 -104.814514
v 68.978409 -26.918491 -104.814514
v 68.992432 -26.639763 -113.737640
v 68.992432 -26.639763 -113.381210
v 69.130417 -26.918491 -113.381851
v 69.130417 -26.918491 -113.798477
v 65.439056 -26.639763 -104.965500
v 65.439056 -26.639763 -105.370270
v 65.301056 -26.918491 -105.370270
v 65.301056 -26.918491 -104.904663
v 65.591324 -26.639763 -113.826508
v 66.448318 -26.639763 -113.826508
v 66.448318 -26.918491 -113.888626
v 65.453079 -26.918491 -113.888626
v 65.401031 -34.641685 -104.729156
v 66.185638 -34.641685 -104.729156
v 67.181351 -27.027573 -104.814514
v 65.453079 -26.918491 -104.814514
v 68.992432 -26.639763 -105.370270
v 68.691467 -26.516743 -105.370270
v 68.691467 -26.516743 -105.089172
v 68.992432 -26.639763 -104.965500
v 67.983536 -26.639763 -113.826508
v 67.983536 -26.516743 -113.691055
v 68.539291 -26.516743 -113.691055
v 68.840164 -26.639763 -113.826508
v 65.439056 -26.680756 -113.360336
v 65.740005 -26.557735 -113.361725
v 65.740005 -26.516743 -113.613953
v 65.439056 -26.639763 -113.737640
v 67.181351 -26.748840 -104.876617
v 67.181351 -26.625820 -105.012085
v 65.892197 -26.516743 -105.012085
v 65.591324 -26.639763 -104.876617
v 68.548859 -27.007702 -105.411530
v 68.548859 -27.007702 -105.122696
v 67.895538 -27.007702 -113.623901
v 65.899612 -27.048695 -113.319992
v 65.899612 -27.007702 -113.582184
v 67.229736 -27.116779 -105.080978
v 66.039825 -27.007702 -105.080978
v 69.320023 -34.641689 -113.907623
v 69.509628 -42.364876 -113.956314
v 69.130417 -26.918491 -104.904663
v 65.374252 -42.364872 -104.606125
v 65.301071 -26.918491 -113.798477
v 68.978409 -26.918491 -113.888626
v 69.168045 -34.641685 -104.729156
v 65.263428 -34.641685 -114.004196
v 65.111465 -34.641685 -113.907623
v 68.539291 -26.516743 -105.012085
v 68.691467 -26.516743 -113.613953
v 65.892197 -26.516743 -113.691055
v 65.740005 -26.516743 -105.089172
v 68.408646 -27.007702 -105.080978
v 66.039825 -27.007702 -113.623901
v 65.899612 -27.007702 -105.122696
v 65.073792 -42.364872 -114.059311
v 66.185638 -34.641685 -114.004196
v 65.922958 -42.364872 -114.059311
v 66.039154 -27.048695 -113.320633
v 66.553253 -27.048695 -113.323013
v 66.553253 -27.007702 -113.623901
v 67.983536 -26.918491 -113.888626
v 68.508881 -42.364872 -104.612518
v 68.246201 -34.641685 -104.729156
v 65.922958 -42.364872 -104.643814
v 66.448318 -26.516743 -113.691055
v 67.983536 -26.516743 -105.012085
v 67.895538 -27.007702 -105.080978
v 67.895538 -27.007702 -113.333679
v 69.357697 -42.364872 -104.643814
v 69.509628 -42.364876 -113.601761
v 69.320023 -34.641689 -113.491806
v 65.301071 -26.959488 -113.359695
v 65.156860 -34.641685 -113.198624
v 68.408646 -27.007702 -105.411530
v 69.130417 -26.918491 -105.370270
v 68.691467 -26.516743 -113.379822
v 65.740005 -26.516743 -105.370270
v 65.899612 -27.007702 -105.411530
v 67.229736 -27.116779 -105.411530
v 66.039642 -27.019184 -105.411530
v 67.895538 -27.007702 -105.411530
v 64.921860 -42.364876 -113.894775
v 65.012650 -42.364876 -113.037567
v 101.284119 -28.190273 -111.761856
v 101.304901 -20.467087 -111.353806
v 101.750366 -20.467087 -111.448318
v 101.829285 -28.190273 -111.637924
v 101.700012 -20.467087 -107.239746
v 101.312393 -20.467087 -107.149109
v 101.418961 -28.190273 -107.050156
v 101.829285 -28.190273 -107.050156
v 92.482224 -28.190273 -110.637177
v 92.554611 -20.467087 -110.374496
v 92.571899 -20.467087 -111.296341
v 92.516785 -28.190273 -111.485992
v 92.993912 -12.833102 -110.677155
v 92.952194 -12.833102 -110.536942
v 93.240051 -12.833102 -110.536942
v 93.239410 -12.833102 -110.677155
v 101.699478 -12.465161 -110.968460
v 101.699478 -12.465161 -110.111832
v 101.761597 -12.743892 -110.111832
v 101.761597 -12.743892 -111.106705
v 92.838455 -12.465163 -111.120728
v 93.194901 -12.465163 -111.120728
v 93.194260 -12.743894 -111.258713
v 92.777618 -12.743894 -111.258713
v 101.610611 -12.465161 -107.567352
v 101.205841 -12.465161 -107.567352
v 101.205841 -12.743892 -107.429367
v 101.671448 -12.743892 -107.429367
v 92.749588 -12.465163 -107.719620
v 92.749588 -12.465163 -108.576614
v 92.687469 -12.743894 -108.576614
v 92.687469 -12.743894 -107.581375
v 101.846939 -20.467087 -107.529327
v 101.846939 -20.467087 -108.313934
v 101.761597 -12.852971 -109.309647
v 101.761597 -12.743892 -107.581375
v 101.205841 -12.465161 -111.120728
v 101.205841 -12.342141 -110.819763
v 101.486923 -12.342141 -110.819763
v 101.610611 -12.465161 -111.120728
v 92.749588 -12.465161 -110.111832
v 92.885056 -12.342141 -110.111832
v 92.885056 -12.342141 -110.667587
v 92.749588 -12.465163 -110.968460
v 93.215775 -12.506156 -107.567352
v 93.214386 -12.383134 -107.868301
v 92.962143 -12.342141 -107.868301
v 92.838455 -12.465163 -107.567352
v 101.699478 -12.574241 -109.309647
v 101.564011 -12.451219 -109.309647
v 101.564011 -12.342141 -108.020493
v 101.699478 -12.465161 -107.719620
v 101.164581 -12.833100 -110.677155
v 101.453400 -12.833100 -110.677155
v 92.952194 -12.833102 -110.023834
v 93.256104 -12.874095 -108.027908
v 92.993912 -12.833102 -108.027908
v 101.495117 -12.942182 -109.358032
v 101.495117 -12.833100 -108.168121
v 92.668472 -20.467087 -111.448318
v 92.619797 -28.190273 -111.637924
v 101.671448 -12.743892 -111.258713
v 101.969986 -28.190273 -107.502548
v 92.777618 -12.743894 -107.429367
v 92.687469 -12.743894 -111.106705
v 101.846939 -20.467087 -111.296341
v 92.571899 -20.467083 -107.391724
v 92.668472 -20.467083 -107.239761
v 101.564011 -12.342141 -110.667587
v 92.962143 -12.342141 -110.819763
v 92.885056 -12.342141 -108.020493
v 101.486923 -12.342141 -107.868301
v 101.495117 -12.833100 -110.536942
v 92.952194 -12.833102 -108.168121
v 101.453400 -12.833100 -108.027908
v 92.516785 -28.190273 -107.202087
v 92.571899 -20.467087 -108.313934
v 92.516785 -28.190273 -108.051254
v 93.255463 -12.874095 -108.167450
v 93.253082 -12.874095 -108.681549
v 92.952194 -12.833102 -108.681549
v 92.687469 -12.743894 -110.111832
v 101.963593 -28.190273 -110.637177
v 101.846939 -20.467087 -110.374496
v 101.932281 -28.190273 -108.051254
v 92.885056 -12.342141 -108.576614
v 101.564011 -12.342141 -110.111832
v 101.495117 -12.833100 -110.023834
v 93.242432 -12.833102 -110.023834
v 101.932281 -28.190273 -111.485992
v 92.974335 -28.190273 -111.637924
v 93.084305 -20.467087 -111.448318
v 93.216415 -12.784886 -107.429367
v 93.377472 -20.467083 -107.285156
v 101.164581 -12.833100 -110.536942
v 101.205841 -12.743892 -111.258713
v 93.196289 -12.342141 -110.819763
v 101.205841 -12.342141 -107.868301
v 101.164581 -12.833100 -108.027908
v 101.164581 -12.942182 -109.358032
v 101.164581 -12.844583 -108.167938
v 101.164581 -12.833100 -110.023834
v 92.681320 -28.190273 -107.050156
v 93.538544 -28.190273 -107.140945
v 71.986053 -28.189274 -106.232025
v 72.394104 -20.466087 -106.252808
v 72.299591 -20.466087 -106.698273
v 72.109985 -28.189274 -106.777176
v 76.508163 -20.466087 -106.647919
v 76.598801 -20.466087 -106.260300
v 76.697754 -28.189274 -106.366867
v 76.697754 -28.189274 -106.777176
v 73.110733 -28.189274 -97.430130
v 73.373413 -20.466087 -97.502518
v 72.451569 -20.466087 -97.519806
v 72.261917 -28.189274 -97.464691
v 73.070755 -12.832101 -97.941818
v 73.210968 -12.832101 -97.900101
v 73.210968 -12.832101 -98.187973
v 73.070755 -12.832101 -98.187317
v 72.779449 -12.464164 -106.647385
v 73.636078 -12.464164 -106.647385
v 73.636078 -12.742894 -106.709503
v 72.641205 -12.742894 -106.709503
v 72.627182 -12.464162 -97.786362
v 72.627182 -12.464162 -98.142807
v 72.489197 -12.742892 -98.142166
v 72.489197 -12.742892 -97.725525
v 76.180557 -12.464164 -106.558517
v 76.180557 -12.464164 -106.153748
v 76.318542 -12.742894 -106.153748
v 76.318542 -12.742894 -106.619354
v 76.028290 -12.464162 -97.697495
v 75.171310 -12.464162 -97.697495
v 75.171310 -12.742892 -97.635376
v 76.166534 -12.742892 -97.635376
v 76.218582 -20.466087 -106.794846
v 75.433975 -20.466087 -106.794846
v 74.438263 -12.851972 -106.709503
v 76.166534 -12.742894 -106.709503
v 72.627182 -12.464164 -106.153748
v 72.928146 -12.341142 -106.153748
v 72.928146 -12.341142 -106.434830
v 72.627182 -12.464164 -106.558517
v 73.636078 -12.464160 -97.697495
v 73.636078 -12.341142 -97.832962
v 73.080322 -12.341142 -97.832962
v 72.779449 -12.464162 -97.697495
v 76.180557 -12.505155 -98.163681
v 75.879608 -12.382134 -98.162292
v 75.879608 -12.341142 -97.910049
v 76.180557 -12.464162 -97.786362
v 74.438263 -12.573243 -106.647385
v 74.438263 -12.450221 -106.511917
v 75.727417 -12.341142 -106.511917
v 76.028290 -12.464164 -106.647385
v 73.070755 -12.832103 -106.112488
v 73.070755 -12.832103 -106.401306
v 73.724075 -12.832101 -97.900101
v 75.720001 -12.873096 -98.204010
v 75.720001 -12.832101 -97.941818
v 74.389877 -12.941182 -106.443024
v 75.579788 -12.832103 -106.443024
v 72.299591 -20.466087 -97.616379
v 72.109985 -28.189274 -97.567703
v 72.489197 -12.742894 -106.619354
v 76.245361 -28.189274 -106.917892
v 76.318558 -12.742892 -97.725525
v 72.641205 -12.742892 -97.635376
v 72.451569 -20.466087 -106.794846
v 76.356186 -20.466084 -97.519806
v 76.508148 -20.466084 -97.616379
v 73.080322 -12.341142 -106.511917
v 72.928146 -12.341142 -97.910049
v 75.727417 -12.341142 -97.832962
v 75.879608 -12.341142 -106.434830
v 73.210968 -12.832103 -106.443024
v 75.579788 -12.832101 -97.900101
v 75.720001 -12.832103 -106.401306
v 76.545822 -28.189274 -97.464691
v 75.433975 -20.466087 -97.519806
v 75.696655 -28.189274 -97.464691
v 75.580460 -12.873096 -98.203369
v 75.066360 -12.873096 -98.201004
v 75.066360 -12.832101 -97.900101
v 73.636078 -12.742892 -97.635376
v 73.110733 -28.189274 -106.911499
v 73.373413 -20.466087 -106.794846
v 75.696655 -28.189274 -106.880188
v 75.171310 -12.341142 -97.832962
v 73.636078 -12.341142 -106.511917
v 73.724075 -12.832103 -106.443024
v 73.724075 -12.832101 -98.190338
v 72.261917 -28.189274 -106.880188
v 72.109985 -28.189274 -97.922241
v 72.299591 -20.466087 -98.032211
v 76.318558 -12.783885 -98.164322
v 76.462753 -20.466084 -98.325378
v 73.210968 -12.832103 -106.112488
v 72.489197 -12.742894 -106.153748
v 72.928146 -12.341142 -98.144196
v 75.879608 -12.341142 -106.153748
v 75.720001 -12.832103 -106.112488
v 74.389877 -12.941182 -106.112488
v 75.579971 -12.843585 -106.112488
v 73.724075 -12.832103 -106.112488
v 76.697754 -28.189274 -97.629227
v 76.606964 -28.189274 -98.486450
v 86.120621 -28.189274 -111.762848
v 86.141403 -20.466087 -111.354813
v 86.586868 -20.466087 -111.449326
v 86.665787 -28.189274 -111.638916
v 86.536514 -20.466087 -107.240753
v 86.148895 -20.466087 -107.150101
v 86.255463 -28.189274 -107.051147
v 86.665787 -28.189274 -107.051147
v 77.318726 -28.189274 -110.638168
v 77.391113 -20.466087 -110.375504
v 77.408401 -20.466087 -111.297348
v 77.353287 -28.189274 -111.486984
v 77.830414 -12.832103 -110.678146
v 77.788696 -12.832103 -110.537949
v 78.076553 -12.832103 -110.537949
v 78.075912 -12.832103 -110.678146
v 86.535980 -12.464162 -110.969452
v 86.535980 -12.464162 -110.112823
v 86.598099 -12.742892 -110.112823
v 86.598099 -12.742892 -111.107697
v 77.674957 -12.464164 -111.121719
v 78.031403 -12.464164 -111.121719
v 78.030762 -12.742894 -111.259720
v 77.614120 -12.742894 -111.259720
v 86.447113 -12.464162 -107.568359
v 86.042343 -12.464162 -107.568359
v 86.042343 -12.742892 -107.430359
v 86.507950 -12.742892 -107.430359
v 77.586090 -12.464164 -107.720612
v 77.586090 -12.464164 -108.577606
v 77.523972 -12.742894 -108.577606
v 77.523972 -12.742894 -107.582367
v 86.683441 -20.466087 -107.530334
v 86.683441 -20.466087 -108.314926
v 86.598099 -12.851972 -109.310638
v 86.598099 -12.742892 -107.582367
v 86.042343 -12.464162 -111.121719
v 86.042343 -12.341142 -110.820770
v 86.323425 -12.341142 -110.820770
v 86.447113 -12.464162 -111.121719
v 77.586090 -12.464162 -110.112823
v 77.721558 -12.341142 -110.112823
v 77.721558 -12.341142 -110.668594
v 77.586090 -12.464164 -110.969452
v 78.052277 -12.505157 -107.568359
v 78.050888 -12.382134 -107.869308
v 77.798645 -12.341142 -107.869308
v 77.674957 -12.464164 -107.568359
v 86.535980 -12.573241 -109.310638
v 86.400513 -12.450219 -109.310638
v 86.400513 -12.341142 -108.021484
v 86.535980 -12.464162 -107.720612
v 86.001083 -12.832101 -110.678146
v 86.289902 -12.832101 -110.678146
v 77.788696 -12.832103 -110.024841
v 78.092606 -12.873096 -108.028915
v 77.830414 -12.832103 -108.028915
v 86.331619 -12.941182 -109.359024
v 86.331619 -12.832101 -108.169113
v 77.504974 -20.466087 -111.449326
v 77.456299 -28.189274 -111.638916
v 86.507950 -12.742892 -111.259720
v 86.806488 -28.189274 -107.503540
v 77.614120 -12.742894 -107.430359
v 77.523972 -12.742894 -111.107697
v 86.683441 -20.466087 -111.297348
v 77.408401 -20.466084 -107.392731
v 77.504974 -20.466084 -107.240753
v 86.400513 -12.341142 -110.668594
v 77.798645 -12.341142 -110.820770
v 77.721558 -12.341142 -108.021484
v 86.323425 -12.341142 -107.869308
v 86.331619 -12.832101 -110.537949
v 77.788696 -12.832103 -108.169113
v 86.289902 -12.832101 -108.028915
v 77.353287 -28.189274 -107.203079
v 77.408401 -20.466087 -108.314926
v 77.353287 -28.189274 -108.052261
v 78.091965 -12.873096 -108.168457
v 78.089584 -12.873096 -108.682556
v 77.788696 -12.832103 -108.682556
v 77.523972 -12.742894 -110.112823
v 86.800095 -28.189274 -110.638168
v 86.683441 -20.466087 -110.375504
v 86.768784 -28.189274 -108.052261
v 77.721558 -12.341142 -108.577606
v 86.400513 -12.341142 -110.112823
v 86.331619 -12.832101 -110.024841
v 78.078934 -12.832103 -110.024841
v 86.768784 -28.189274 -111.486984
v 77.810837 -28.189274 -111.638916
v 77.920807 -20.466087 -111.449326
v 78.052917 -12.783887 -107.430359
v 78.213974 -20.466084 -107.286148
v 86.001083 -12.832101 -110.537949
v 86.042343 -12.742892 -111.259720
v 78.032791 -12.341142 -110.820770
v 86.042343 -12.341142 -107.869308
v 86.001083 -12.832101 -108.028915
v 86.001083 -12.941182 -109.359024
v 86.001083 -12.843583 -108.168930
v 86.001083 -12.832101 -110.024841
v 77.517822 -28.189274 -107.051147
v 78.375046 -28.189274 -107.141937
v 116.570023 -28.189274 -111.762848
v 116.590805 -20.466087 -111.354813
v 117.036270 -20.466087 -111.449326
v 117.115189 -28.189274 -111.638916
v 116.985916 -20.466087 -107.240753
v 116.598297 -20.466087 -107.150101
v 116.704865 -28.189274 -107.051147
v 117.115189 -28.189274 -107.051147
v 107.768127 -28.189274 -110.638168
v 107.840515 -20.466087 -110.375504
v 107.857803 -20.466087 -111.297348
v 107.802689 -28.189274 -111.486984
v 108.279816 -12.832103 -110.678146
v 108.238098 -12.832103 -110.537949
v 108.525955 -12.832103 -110.537949
v 108.525314 -12.832103 -110.678146
v 116.985382 -12.464162 -110.969452
v 116.985382 -12.464162 -110.112823
v 117.047501 -12.742892 -110.112823
v 117.047501 -12.742892 -111.107697
v 108.124359 -12.464164 -111.121719
v 108.480804 -12.464164 -111.121719
v 108.480164 -12.742894 -111.259720
v 108.063522 -12.742894 -111.259720
v 116.896515 -12.464162 -107.568359
v 116.491745 -12.464162 -107.568359
v 116.491745 -12.742892 -107.430359
v 116.957352 -12.742892 -107.430359
v 108.035492 -12.464164 -107.720612
v 108.035492 -12.464164 -108.577606
v 107.973373 -12.742894 -108.577606
v 107.973373 -12.742894 -107.582367
v 117.132843 -20.466087 -107.530334
v 117.132843 -20.466087 -108.314926
v 117.047501 -12.851972 -109.310638
v 117.047501 -12.742892 -107.582367
v 116.491745 -12.464162 -111.121719
v 116.491745 -12.341142 -110.820770
v 116.772827 -12.341142 -110.820770
v 116.896515 -12.464162 -111.121719
v 108.035492 -12.464162 -110.112823
v 108.170959 -12.341142 -110.112823
v 108.170959 -12.341142 -110.668594
v 108.035492 -12.464164 -110.969452
v 108.501678 -12.505157 -107.568359
v 108.500290 -12.382134 -107.869308
v 108.248047 -12.341142 -107.869308
v 108.124359 -12.464164 -107.568359
v 116.985382 -12.573241 -109.310638
v 116.849915 -12.450219 -109.310638
v 116.849915 -12.341142 -108.021484
v 116.985382 -12.464162 -107.720612
v 116.450485 -12.832101 -110.678146
v 116.739304 -12.832101 -110.678146
v 108.238098 -12.832103 -110.024841
v 108.542007 -12.873096 -108.028915
v 108.279816 -12.832103 -108.028915
v 116.781021 -12.941182 -109.359024
v 116.781021 -12.832101 -108.169113
v 107.954376 -20.466087 -111.449326
v 107.905701 -28.189274 -111.638916
v 116.957352 -12.742892 -111.259720
v 117.255890 -28.189274 -107.503540
v 108.063522 -12.742894 -107.430359
v 107.973373 -12.742894 -111.107697
v 117.132843 -20.466087 -111.297348
v 107.857803 -20.466084 -107.392731
v 107.954376 -20.466084 -107.240753
v 116.849915 -12.341142 -110.668594
v 108.248047 -12.341142 -110.820770
v 108.170959 -12.341142 -108.021484
v 116.772827 -12.341142 -107.869308
v 116.781021 -12.832101 -110.537949
v 108.238098 -12.832103 -108.169113
v 116.739304 -12.832101 -108.028915
v 107.802689 -28.189274 -107.203079
v 107.857803 -20.466087 -108.314926
v 107.802689 -28.189274 -108.052261
v 108.541367 -12.873096 -108.168457
v 108.538986 -12.873096 -108.682556
v 108.238098 -12.832103 -108.682556
v 107.973373 -12.742894 -110.112823
v 117.249496 -28.189274 -110.638168
v 117.132843 -20.466087 -110.375504
v 117.218185 -28.189274 -108.052261
v 108.170959 -12.341142 -108.577606
v 116.849915 -12.341142 -110.112823
v 116.781021 -12.832101 -110.024841
v 108.528336 -12.832103 -110.024841
v 117.218185 -28.189274 -111.486984
v 108.260239 -28.189274 -111.638916
v 108.370209 -20.466087 -111.449326
v 108.502319 -12.783887 -107.430359
v 108.663376 -20.466084 -107.286148
v 116.450485 -12.832101 -110.537949
v 116.491745 -12.742892 -111.259720
v 108.482193 -12.341142 -110.820770
v 116.491745 -12.341142 -107.869308
v 116.450485 -12.832101 -108.028915
v 116.450485 -12.941182 -109.359024
v 116.450485 -12.843583 -108.168930
v 116.450485 -12.832101 -110.024841
v 107.967224 -28.189274 -107.051147
v 108.824448 -28.189274 -107.141937
v 117.637146 -28.189274 -91.131622
v 118.045197 -20.466087 -91.152405
v 117.950684 -20.466084 -91.597870
v 117.761078 -28.189274 -91.676773
v 122.159256 -20.466084 -91.547516
v 122.249893 -20.466084 -91.159897
v 122.348846 -28.189274 -91.266464
v 122.348846 -28.189274 -91.676773
v 118.761826 -28.189274 -82.329727
v 119.024506 -20.466084 -82.402115
v 118.102661 -20.466087 -82.419403
v 117.913010 -28.189274 -82.364288
v 118.721848 -12.832101 -82.841415
v 118.862061 -12.832101 -82.799698
v 118.862061 -12.832101 -83.087570
v 118.721848 -12.832101 -83.086914
v 118.430542 -12.464162 -91.546982
v 119.287170 -12.464162 -91.546982
v 119.287170 -12.742890 -91.609100
v 118.292297 -12.742890 -91.609100
v 118.278275 -12.464160 -82.685959
v 118.278275 -12.464160 -83.042404
v 118.140289 -12.742890 -83.041763
v 118.140289 -12.742890 -82.625122
v 121.831650 -12.464162 -91.458115
v 121.831650 -12.464162 -91.053345
v 121.969635 -12.742890 -91.053345
v 121.969635 -12.742890 -91.518951
v 121.679382 -12.464160 -82.597092
v 120.822403 -12.464160 -82.597092
v 120.822403 -12.742890 -82.534973
v 121.817627 -12.742890 -82.534973
v 121.869675 -20.466084 -91.694443
v 121.085068 -20.466084 -91.694443
v 120.089355 -12.851970 -91.609100
v 121.817627 -12.742890 -91.609100
v 118.278275 -12.464162 -91.053345
v 118.579239 -12.341140 -91.053345
v 118.579239 -12.341140 -91.334427
v 118.278275 -12.464162 -91.458115
v 119.287170 -12.464158 -82.597092
v 119.287170 -12.341140 -82.732559
v 118.731415 -12.341140 -82.732559
v 118.430542 -12.464160 -82.597092
v 121.831650 -12.505155 -83.063278
v 121.530701 -12.382133 -83.061890
v 121.530701 -12.341140 -82.809647
v 121.831650 -12.464160 -82.685959
v 120.089355 -12.573239 -91.546982
v 120.089355 -12.450219 -91.411514
v 121.378510 -12.341140 -91.411514
v 121.679382 -12.464162 -91.546982
v 118.721848 -12.832101 -91.012085
v 118.721848 -12.832101 -91.300903
v 119.375168 -12.832101 -82.799698
v 121.371094 -12.873094 -83.103607
v 121.371094 -12.832101 -82.841415
v 120.040970 -12.941180 -91.342621
v 121.230881 -12.832101 -91.342621
v 117.950684 -20.466087 -82.515976
v 117.761078 -28.189274 -82.467300
v 118.140289 -12.742890 -91.518951
v 121.896454 -28.189270 -91.817490
v 121.969650 -12.742890 -82.625122
v 118.292297 -12.742890 -82.534973
v 118.102661 -20.466087 -91.694443
v 122.007278 -20.466084 -82.419403
v 122.159241 -20.466084 -82.515976
v 118.731415 -12.341140 -91.411514
v 118.579239 -12.341140 -82.809647
v 121.378510 -12.341140 -82.732559
v 121.530701 -12.341140 -91.334427
v 118.862061 -12.832101 -91.342621
v 121.230881 -12.832101 -82.799698
v 121.371094 -12.832101 -91.300903
v 122.196915 -28.189270 -82.364288
v 121.085068 -20.466084 -82.419403
v 121.347748 -28.189270 -82.364288
v 121.231552 -12.873094 -83.102966
v 120.717453 -12.873094 -83.100601
v 120.717453 -12.832101 -82.799698
v 119.287170 -12.742890 -82.534973
v 118.761826 -28.189274 -91.811096
v 119.024506 -20.466087 -91.694443
v 121.347748 -28.189270 -91.779785
v 120.822403 -12.341140 -82.732559
v 119.287170 -12.341140 -91.411514
v 119.375168 -12.832101 -91.342621
v 119.375168 -12.832101 -83.089935
v 117.913010 -28.189274 -91.779785
v 117.761078 -28.189274 -82.821838
v 117.950684 -20.466087 -82.931808
v 121.969650 -12.783883 -83.063919
v 122.113846 -20.466084 -83.224976
v 118.862061 -12.832101 -91.012085
v 118.140289 -12.742890 -91.053345
v 118.579239 -12.341140 -83.043793
v 121.530701 -12.341140 -91.053345
v 121.371094 -12.832101 -91.012085
v 120.040970 -12.941180 -91.012085
v 121.231064 -12.843583 -91.012085
v 119.375168 -12.832101 -91.012085
v 122.348846 -28.189274 -82.528824
v 122.258057 -28.189274 -83.386047
v 117.637146 -28.189274 -106.232025
v 118.045197 -20.466087 -106.252808
v 117.950684 -20.466087 -106.698273
v 117.761078 -28.189274 -106.777176
v 122.159256 -20.466087 -106.647919
v 122.249893 -20.466087 -106.260300
v 122.348846 -28.189274 -106.366867
v 122.348846 -28.189274 -106.777176
v 118.761826 -28.189274 -97.430130
v 119.024506 -20.466087 -97.502518
v 118.102661 -20.466087 -97.519806
v 117.913010 -28.189274 -97.464691
v 118.721848 -12.832101 -97.941818
v 118.862061 -12.832101 -97.900101
v 118.862061 -12.832101 -98.187973
v 118.721848 -12.832101 -98.187317
v 118.430542 -12.464164 -106.647385
v 119.287170 -12.464164 -106.647385
v 119.287170 -12.742894 -106.709503
v 118.292297 -12.742894 -106.709503
v 118.278275 -12.464162 -97.786362
v 118.278275 -12.464162 -98.142807
v 118.140289 -12.742892 -98.142166
v 118.140289 -12.742892 -97.725525
v 121.831650 -12.464164 -106.558517
v 121.831650 -12.464164 -106.153748
v 121.969635 -12.742894 -106.153748
v 121.969635 -12.742894 -106.619354
v 121.679382 -12.464162 -97.697495
v 120.822403 -12.464162 -97.697495
v 120.822403 -12.742892 -97.635376
v 121.817627 -12.742892 -97.635376
v 121.869675 -20.466087 -106.794846
v 121.085068 -20.466087 -106.794846
v 120.089355 -12.851972 -106.709503
v 121.817627 -12.742894 -106.709503
v 118.278275 -12.464164 -106.153748
v 118.579239 -12.341142 -106.153748
v 118.579239 -12.341142 -106.434830
v 118.278275 -12.464164 -106.558517
v 119.287170 -12.464160 -97.697495
v 119.287170 -12.341142 -97.832962
v 118.731415 -12.341142 -97.832962
v 118.430542 -12.464162 -97.697495
v 121.831650 -12.505155 -98.163681
v 121.530701 -12.382134 -98.162292
v 121.530701 -12.341142 -97.910049
v 121.831650 -12.464162 -97.786362
v 120.089355 -12.573243 -106.647385
v 120.089355 -12.450221 -106.511917
v 121.378510 -12.341142 -106.511917
v 121.679382 -12.464164 -106.647385
v 118.721848 -12.832103 -106.112488
v 118.721848 -12.832103 -106.401306
v 119.375168 -12.832101 -97.900101
v 121.371094 -12.873096 -98.204010
v 121.371094 -12.832101 -97.941818
v 120.040970 -12.941182 -106.443024
v 121.230881 -12.832103 -106.443024
v 117.950684 -20.466087 -97.616379
v 117.761078 -28.189274 -97.567703
v 118.140289 -12.742894 -106.619354
v 121.896454 -28.189274 -106.917892
v 121.969650 -12.742892 -97.725525
v 118.292297 -12.742892 -97.635376
v 118.102661 -20.466087 -106.794846
v 122.007278 -20.466084 -97.519806
v 122.159241 -20.466084 -97.616379
v 118.731415 -12.341142 -106.511917
v 118.579239 -12.341142 -97.910049
v 121.378510 -12.341142 -97.832962
v 121.530701 -12.341142 -106.434830
v 118.862061 -12.832103 -106.443024
v 121.230881 -12.832101 -97.900101
v 121.371094 -12.832103 -106.401306
v 122.196915 -28.189274 -97.464691
v 121.085068 -20.466087 -97.519806
v 121.347748 -28.189274 -97.464691
v 121.231552 -12.873096 -98.203369
v 120.717453 -12.873096 -98.201004
v 120.717453 -12.832101 -97.900101
v 119.287170 -12.742892 -97.635376
v 118.761826 -28.189274 -106.911499
v 119.024506 -20.466087 -106.794846
v 121.347748 -28.189274 -106.880188
v 120.822403 -12.341142 -97.832962
v 119.287170 -12.341142 -106.511917
v 119.375168 -12.832103 -106.443024
v 119.375168 -12.832101 -98.190338
v 117.913010 -28.189274 -106.880188
v 117.761078 -28.189274 -97.922241
v 117.950684 -20.466087 -98.032211
v 121.969650 -12.783885 -98.164322
v 122.113846 -20.466084 -98.325378
v 118.862061 -12.832103 -106.112488
v 118.140289 -12.742894 -106.153748
v 118.579239 -12.341142 -98.144196
v 121.530701 -12.341142 -106.153748
v 121.371094 -12.832103 -106.112488
v 120.040970 -12.941182 -106.112488
v 121.231064 -12.843585 -106.112488
v 119.375168 -12.832103 -106.112488
v 122.348846 -28.189274 -97.629227
v 122.258057 -28.189274 -98.486450
v 86.120728 -28.189274 -81.896454
v 86.141495 -20.466087 -81.488419
v 86.586960 -20.466084 -81.582932
v 86.665878 -28.189274 -81.772522
v 86.536621 -20.466084 -77.374359
v 86.149002 -20.466084 -77.283707
v 86.255569 -28.189274 -77.184753
v 86.665878 -28.189274 -77.184753
v 77.318817 -28.189274 -80.771774
v 77.391220 -20.466084 -80.509109
v 77.408508 -20.466087 -81.430954
v 77.353378 -28.189274 -81.620590
v 77.830521 -12.832101 -80.811752
v 77.788788 -12.832101 -80.671555
v 78.076660 -12.832101 -80.671555
v 78.076004 -12.832101 -80.811752
v 86.536087 -12.464160 -81.103058
v 86.536087 -12.464160 -80.246429
v 86.598190 -12.742890 -80.246429
v 86.598190 -12.742890 -81.241302
v 77.675064 -12.464162 -81.255325
v 78.031494 -12.464162 -81.255325
v 78.030853 -12.742890 -81.393326
v 77.614227 -12.742890 -81.393326
v 86.447205 -12.464160 -77.701965
v 86.042435 -12.464160 -77.701965
v 86.042435 -12.742890 -77.563965
v 86.508041 -12.742890 -77.563965
v 77.586182 -12.464162 -77.854218
v 77.586182 -12.464162 -78.711212
v 77.524078 -12.742890 -78.711212
v 77.524078 -12.742890 -77.715973
v 86.683548 -20.466084 -77.663940
v 86.683548 -20.466084 -78.448532
v 86.598190 -12.851970 -79.444244
v 86.598190 -12.742890 -77.715973
v 86.042435 -12.464160 -81.255325
v 86.042435 -12.341140 -80.954376
v 86.323532 -12.341140 -80.954376
v 86.447205 -12.464160 -81.255325
v 77.586182 -12.464160 -80.246429
v 77.721649 -12.341140 -80.246429
v 77.721649 -12.341140 -80.802200
v 77.586182 -12.464162 -81.103058
v 78.052368 -12.505155 -77.701965
v 78.050980 -12.382134 -78.002914
v 77.798752 -12.341140 -78.002914
v 77.675064 -12.464162 -77.701965
v 86.536087 -12.573239 -79.444244
v 86.400620 -12.450219 -79.444244
v 86.400620 -12.341140 -78.155090
v 86.536087 -12.464160 -77.854218
v 86.001175 -12.832101 -80.811752
v 86.290009 -12.832101 -80.811752
v 77.788788 -12.832101 -80.158447
v 78.092712 -12.873094 -78.162521
v 77.830521 -12.832101 -78.162521
v 86.331726 -12.941178 -79.492630
v 86.331726 -12.832101 -78.302719
v 77.505081 -20.466087 -81.582932
v 77.456390 -28.189274 -81.772522
v 86.508041 -12.742890 -81.393326
v 86.806580 -28.189270 -77.637146
v 77.614227 -12.742890 -77.563965
v 77.524078 -12.742890 -81.241302
v 86.683548 -20.466087 -81.430954
v 77.408508 -20.466084 -77.526337
v 77.505081 -20.466084 -77.374359
v 86.400620 -12.341140 -80.802200
v 77.798752 -12.341140 -80.954376
v 77.721649 -12.341140 -78.155090
v 86.323532 -12.341140 -78.002914
v 86.331726 -12.832101 -80.671555
v 77.788788 -12.832101 -78.302719
v 86.290009 -12.832101 -78.162521
v 77.353378 -28.189270 -77.336685
v 77.408508 -20.466084 -78.448532
v 77.353378 -28.189270 -78.185867
v 78.092072 -12.873094 -78.302063
v 78.089691 -12.873094 -78.816162
v 77.788788 -12.832101 -78.816162
v 77.524078 -12.742890 -80.246429
v 86.800186 -28.189274 -80.771774
v 86.683548 -20.466087 -80.509109
v 86.768890 -28.189270 -78.185867
v 77.721649 -12.341140 -78.711212
v 86.400620 -12.341140 -80.246429
v 86.331726 -12.832101 -80.158447
v 78.079025 -12.832101 -80.158447
v 86.768890 -28.189274 -81.620590
v 77.810944 -28.189274 -81.772522
v 77.920898 -20.466087 -81.582932
v 78.053009 -12.783885 -77.563965
v 78.214081 -20.466084 -77.419754
v 86.001175 -12.832101 -80.671555
v 86.042435 -12.742890 -81.393326
v 78.032883 -12.341140 -80.954376
v 86.042435 -12.341140 -78.002914
v 86.001175 -12.832101 -78.162521
v 86.001175 -12.941178 -79.492630
v 86.001175 -12.843581 -78.302536
v 86.001175 -12.832101 -80.158447
v 77.517914 -28.189274 -77.184753
v 78.375137 -28.189274 -77.275543
v 71.986053 -28.189274 -91.176682
v 72.394104 -20.466087 -91.198578
v 72.299591 -20.466084 -91.668091
v 72.109985 -28.189274 -91.751266
v 76.508163 -20.466084 -91.615021
v 76.598801 -20.466084 -91.206482
v 76.697754 -28.189274 -91.318802
v 76.697754 -28.189274 -91.751266
v 73.110733 -28.189274 -81.899643
v 73.373413 -20.466084 -81.975952
v 72.451569 -20.466087 -81.994156
v 72.261917 -28.189274 -81.936066
v 73.070755 -12.832101 -82.438950
v 73.210968 -12.832101 -82.394989
v 73.210968 -12.832101 -82.698395
v 73.070755 -12.832101 -82.697708
v 72.779449 -12.464162 -91.614456
v 73.636078 -12.464162 -91.614456
v 73.636078 -12.742890 -91.679932
v 72.641205 -12.742890 -91.679932
v 72.627182 -12.464160 -82.275116
v 72.627182 -12.464160 -82.650787
v 72.489197 -12.742890 -82.650116
v 72.489197 -12.742890 -82.210999
v 76.180557 -12.464162 -91.520782
v 76.180557 -12.464162 -91.094162
v 76.318542 -12.742890 -91.094162
v 76.318542 -12.742890 -91.584915
v 76.028290 -12.464160 -82.181442
v 75.171310 -12.464160 -82.181442
v 75.171310 -12.742890 -82.115982
v 76.166534 -12.742890 -82.115982
v 76.218582 -20.466084 -91.769882
v 75.433975 -20.466084 -91.769882
v 74.438263 -12.851970 -91.679932
v 76.166534 -12.742890 -91.679932
v 72.627182 -12.464162 -91.094162
v 72.928146 -12.341140 -91.094162
v 72.928146 -12.341140 -91.390427
v 72.627182 -12.464162 -91.520782
v 73.636078 -12.464158 -82.181442
v 73.636078 -12.341140 -82.324219
v 73.080322 -12.341140 -82.324219
v 72.779449 -12.464160 -82.181442
v 76.180557 -12.505155 -82.672791
v 75.879608 -12.382133 -82.671326
v 75.879608 -12.341140 -82.405472
v 76.180557 -12.464160 -82.275116
v 74.438263 -12.573239 -91.614456
v 74.438263 -12.450219 -91.471680
v 75.727417 -12.341140 -91.471680
v 76.028290 -12.464162 -91.614456
v 73.070755 -12.832101 -91.050674
v 73.070755 -12.832101 -91.355103
v 73.724075 -12.832101 -82.394989
v 75.720001 -12.873094 -82.715302
v 75.720001 -12.832101 -82.438950
v 74.389877 -12.941180 -91.399063
v 75.579788 -12.832101 -91.399063
v 72.299591 -20.466087 -82.095963
v 72.109985 -28.189274 -82.044647
v 72.489197 -12.742890 -91.584915
v 76.245361 -28.189270 -91.899567
v 76.318558 -12.742890 -82.210999
v 72.641205 -12.742890 -82.115982
v 72.451569 -20.466087 -91.769882
v 76.356186 -20.466084 -81.994156
v 76.508148 -20.466084 -82.095963
v 73.080322 -12.341140 -91.471680
v 72.928146 -12.341140 -82.405472
v 75.727417 -12.341140 -82.324219
v 75.879608 -12.341140 -91.390427
v 73.210968 -12.832101 -91.399063
v 75.579788 -12.832101 -82.394989
v 75.720001 -12.832101 -91.355103
v 76.545822 -28.189270 -81.936066
v 75.433975 -20.466084 -81.994156
v 75.696655 -28.189270 -81.936066
v 75.580460 -12.873094 -82.714630
v 75.066360 -12.873094 -82.712128
v 75.066360 -12.832101 -82.394989
v 73.636078 -12.742890 -82.115982
v 73.110733 -28.189274 -91.892822
v 73.373413 -20.466087 -91.769882
v 75.696655 -28.189270 -91.859833
v 75.171310 -12.341140 -82.324219
v 73.636078 -12.341140 -91.471680
v 73.724075 -12.832101 -91.399063
v 73.724075 -12.832101 -82.700882
v 72.261917 -28.189274 -91.859833
v 72.109985 -28.189274 -82.418320
v 72.299591 -20.466087 -82.534225
v 76.318558 -12.783883 -82.673462
v 76.462753 -20.466084 -82.843216
v 73.210968 -12.832101 -91.050674
v 72.489197 -12.742890 -91.094162
v 72.928146 -12.341140 -82.652252
v 75.879608 -12.341140 -91.094162
v 75.720001 -12.832101 -91.050674
v 74.389877 -12.941180 -91.050674
v 75.579971 -12.843583 -91.050674
v 73.724075 -12.832101 -91.050674
v 76.697754 -28.189274 -82.109482
v 76.606964 -28.189274 -83.012985
v 101.284119 -28.190372 -81.895660
v 101.304901 -20.467186 -81.487610
v 101.750366 -20.467186 -81.582123
v 101.829285 -28.190372 -81.771729
v 101.700012 -20.467186 -77.373550
v 101.312393 -20.467186 -77.282913
v 101.418961 -28.190372 -77.183960
v 101.829285 -28.190372 -77.183960
v 92.482224 -28.190372 -80.770981
v 92.554611 -20.467186 -80.508301
v 92.571899 -20.467186 -81.430145
v 92.516785 -28.190372 -81.619797
v 92.993912 -12.833201 -80.810959
v 92.952194 -12.833201 -80.670746
v 93.240051 -12.833201 -80.670746
v 93.239410 -12.833201 -80.810959
v 101.699478 -12.465261 -81.102264
v 101.699478 -12.465261 -80.245636
v 101.761597 -12.743991 -80.245636
v 101.761597 -12.743991 -81.240509
v 92.838455 -12.465262 -81.254532
v 93.194901 -12.465262 -81.254532
v 93.194260 -12.743993 -81.392517
v 92.777618 -12.743993 -81.392517
v 101.610611 -12.465261 -77.701157
v 101.205841 -12.465261 -77.701157
v 101.205841 -12.743991 -77.563171
v 101.671448 -12.743991 -77.563171
v 92.749588 -12.465262 -77.853424
v 92.749588 -12.465262 -78.710419
v 92.687469 -12.743993 -78.710419
v 92.687469 -12.743993 -77.715179
v 101.846939 -20.467186 -77.663132
v 101.846939 -20.467186 -78.447739
v 101.761597 -12.853070 -79.443451
v 101.761597 -12.743991 -77.715179
v 101.205841 -12.465261 -81.254532
v 101.205841 -12.342240 -80.953568
v 101.486923 -12.342240 -80.953568
v 101.610611 -12.465261 -81.254532
v 92.749588 -12.465261 -80.245636
v 92.885056 -12.342240 -80.245636
v 92.885056 -12.342240 -80.801392
v 92.749588 -12.465262 -81.102264
v 93.215775 -12.506255 -77.701157
v 93.214386 -12.383233 -78.002106
v 92.962143 -12.342240 -78.002106
v 92.838455 -12.465262 -77.701157
v 101.699478 -12.574340 -79.443451
v 101.564011 -12.451318 -79.443451
v 101.564011 -12.342240 -78.154297
v 101.699478 -12.465261 -77.853424
v 101.164581 -12.833200 -80.810959
v 101.453400 -12.833200 -80.810959
v 92.952194 -12.833201 -80.157639
v 93.256104 -12.874194 -78.161713
v 92.993912 -12.833201 -78.161713
v 101.495117 -12.942281 -79.491837
v 101.495117 -12.833200 -78.301926
v 92.668472 -20.467186 -81.582123
v 92.619797 -28.190372 -81.771729
v 101.671448 -12.743991 -81.392517
v 101.969986 -28.190372 -77.636353
v 92.777618 -12.743993 -77.563171
v 92.687469 -12.743993 -81.240509
v 101.846939 -20.467186 -81.430145
v 92.571899 -20.467182 -77.525528
v 92.668472 -20.467182 -77.373566
v 101.564011 -12.342240 -80.801392
v 92.962143 -12.342240 -80.953568
v 92.885056 -12.342240 -78.154297
v 101.486923 -12.342240 -78.002106
v 101.495117 -12.833200 -80.670746
v 92.952194 -12.833201 -78.301926
v 101.453400 -12.833200 -78.161713
v 92.516785 -28.190372 -77.335892
v 92.571899 -20.467186 -78.447739
v 92.516785 -28.190372 -78.185059
v 93.255463 -12.874194 -78.301254
v 93.253082 -12.874194 -78.815353
v 92.952194 -12.833201 -78.815353
v 92.687469 -12.743993 -80.245636
v 101.963593 -28.190372 -80.770981
v 101.846939 -20.467186 -80.508301
v 101.932281 -28.190372 -78.185059
v 92.885056 -12.342240 -78.710419
v 101.564011 -12.342240 -80.245636
v 101.495117 -12.833200 -80.157639
v 93.242432 -12.833201 -80.157639
v 101.932281 -28.190372 -81.619797
v 92.974335 -28.190372 -81.771729
v 93.084305 -20.467186 -81.582123
v 93.216415 -12.784986 -77.563171
v 93.377472 -20.467182 -77.418961
v 101.164581 -12.833200 -80.670746
v 101.205841 -12.743991 -81.392517
v 93.196289 -12.342240 -80.953568
v 101.205841 -12.342240 -78.002106
v 101.164581 -12.833200 -78.161713
v 101.164581 -12.942281 -79.491837
v 101.164581 -12.844682 -78.301743
v 101.164581 -12.833200 -80.157639
v 92.681320 -28.190372 -77.183960
v 93.538544 -28.190372 -77.274750
v 116.856308 -28.189274 -81.896454
v 116.877762 -20.466087 -81.488419
v 117.337753 -20.466084 -81.582932
v 117.419235 -28.189274 -81.772522
v 117.285751 -20.466084 -77.374359
v 116.885513 -20.466084 -77.283707
v 116.995544 -28.189274 -77.184753
v 117.419235 -28.189274 -77.184753
v 107.767487 -28.189274 -80.771774
v 107.842239 -20.466084 -80.509109
v 107.860092 -20.466087 -81.430954
v 107.803177 -28.189274 -81.620590
v 108.295853 -12.832101 -80.811752
v 108.252777 -12.832101 -80.671555
v 108.550018 -12.832101 -80.671555
v 108.549362 -12.832101 -80.811752
v 117.285202 -12.464160 -81.103058
v 117.285202 -12.464160 -80.246429
v 117.349350 -12.742890 -80.246429
v 117.349350 -12.742890 -81.241302
v 108.135330 -12.464162 -81.255325
v 108.503387 -12.464162 -81.255325
v 108.502731 -12.742890 -81.393326
v 108.072510 -12.742890 -81.393326
v 117.193436 -12.464160 -77.701965
v 116.775467 -12.464160 -77.701965
v 116.775467 -12.742890 -77.563965
v 117.256256 -12.742890 -77.563965
v 108.043564 -12.464162 -77.854218
v 108.043564 -12.464162 -78.711212
v 107.979431 -12.742890 -78.711212
v 107.979431 -12.742890 -77.715973
v 117.437469 -20.466084 -77.663940
v 117.437469 -20.466084 -78.448532
v 117.349350 -12.851970 -79.444244
v 117.349350 -12.742890 -77.715973
v 116.775467 -12.464160 -81.255325
v 116.775467 -12.341140 -80.954376
v 117.065720 -12.341140 -80.954376
v 117.193436 -12.464160 -81.255325
v 108.043564 -12.464160 -80.246429
v 108.183441 -12.341140 -80.246429
v 108.183441 -12.341140 -80.802200
v 108.043564 -12.464162 -81.103058
v 108.524948 -12.505155 -77.701965
v 108.523514 -12.382134 -78.002914
v 108.263046 -12.341140 -78.002914
v 108.135330 -12.464162 -77.701965
v 117.285202 -12.573239 -79.444244
v 117.145325 -12.450219 -79.444244
v 117.145325 -12.341140 -78.155090
v 117.285202 -12.464160 -77.854218
v 116.732864 -12.832101 -80.811752
v 117.031113 -12.832101 -80.811752
v 108.252777 -12.832101 -80.158447
v 108.566605 -12.873094 -78.162521
v 108.295853 -12.832101 -78.162521
v 117.074188 -12.941178 -79.492630
v 117.074188 -12.832101 -78.302719
v 107.959808 -20.466087 -81.582932
v 107.909546 -28.189274 -81.772522
v 117.256256 -12.742890 -81.393326
v 117.564529 -28.189270 -77.637146
v 108.072510 -12.742890 -77.563965
v 107.979431 -12.742890 -81.241302
v 117.437469 -20.466087 -81.430954
v 107.860092 -20.466084 -77.526337
v 107.959808 -20.466084 -77.374359
v 117.145325 -12.341140 -80.802200
v 108.263046 -12.341140 -80.954376
v 108.183441 -12.341140 -78.155090
v 117.065720 -12.341140 -78.002914
v 117.074188 -12.832101 -80.671555
v 108.252777 -12.832101 -78.302719
v 117.031113 -12.832101 -78.162521
v 107.803177 -28.189270 -77.336685
v 107.860092 -20.466084 -78.448532
v 107.803177 -28.189270 -78.185867
v 108.565933 -12.873094 -78.302063
v 108.563477 -12.873094 -78.816162
v 108.252777 -12.832101 -78.816162
v 107.979431 -12.742890 -80.246429
v 117.557922 -28.189274 -80.771774
v 117.437469 -20.466087 -80.509109
v 117.525604 -28.189270 -78.185867
v 108.183441 -12.341140 -78.711212
v 117.145325 -12.341140 -80.246429
v 117.074188 -12.832101 -80.158447
v 108.552475 -12.832101 -80.158447
v 117.525604 -28.189274 -81.620590
v 108.275650 -28.189274 -81.772522
v 108.389191 -20.466087 -81.582932
v 108.525604 -12.783885 -77.563965
v 108.691925 -20.466084 -77.419754
v 116.732864 -12.832101 -80.671555
v 116.775467 -12.742890 -81.393326
v 108.504822 -12.341140 -80.954376
v 116.775467 -12.341140 -78.002914
v 116.732864 -12.832101 -78.162521
v 116.732864 -12.941178 -79.492630
v 116.732864 -12.843581 -78.302536
v 116.732864 -12.832101 -80.158447
v 107.973068 -28.189274 -77.184753
v 108.858231 -28.189274 -77.275543
v 79.225433 -28.184517 -109.750473
v 78.822617 -20.790234 -109.300461
v 79.427490 -20.790234 -108.893112
v 79.715302 -28.184517 -109.001602
v 74.972198 -20.790230 -104.552216
v 74.437088 -20.790230 -104.897873
v 74.454742 -28.184517 -104.673386
v 74.920914 -28.184517 -104.207199
v 68.049896 -28.184517 -118.575333
v 67.857651 -20.790234 -118.218567
v 68.840652 -20.790237 -119.162308
v 68.976212 -28.184517 -119.423111
v 68.673035 -13.481355 -118.035751
v 68.479111 -13.481355 -117.936630
v 68.806168 -13.481355 -117.609573
v 68.951950 -13.481355 -117.756836
v 78.868210 -13.129083 -108.449448
v 77.973007 -13.129083 -107.554245
v 78.043579 -13.395942 -107.483673
v 79.083252 -13.395942 -108.523346
v 68.959961 -13.129083 -118.675919
v 69.364929 -13.129083 -118.270950
v 69.508408 -13.395944 -118.415894
v 69.035049 -13.395944 -118.889252
v 75.212982 -13.129083 -104.996140
v 74.753098 -13.129083 -105.456024
v 74.608887 -13.395942 -105.311813
v 75.137878 -13.395942 -104.782822
v 65.304718 -13.129083 -115.222610
v 66.200302 -13.129083 -116.118195
v 66.129730 -13.395944 -116.188766
v 65.089676 -13.395944 -115.148712
v 75.441742 -20.790230 -104.687897
v 76.261688 -20.790230 -105.507843
v 77.205261 -13.500375 -106.645355
v 75.399170 -13.395942 -104.839249
v 78.466476 -13.129083 -109.169418
v 78.151978 -13.011300 -108.854904
v 78.471329 -13.011300 -108.535553
v 78.926361 -13.129083 -108.709534
v 67.804672 -13.129083 -117.722565
v 67.958572 -13.011302 -117.568649
v 68.539368 -13.011302 -118.149445
v 68.699875 -13.129083 -118.617767
v 65.675262 -13.168332 -114.533844
v 65.988174 -13.050550 -114.849930
v 65.701599 -13.011302 -115.136505
v 65.246582 -13.129083 -114.962524
v 77.134689 -13.233516 -106.715927
v 76.980789 -13.115733 -106.869843
v 75.633575 -13.011300 -105.522629
v 75.473068 -13.129083 -105.054291
v 77.956070 -13.481353 -108.752747
v 78.284210 -13.481353 -108.424606
v 67.942902 -13.481355 -117.400421
v 66.202377 -13.520602 -114.969315
v 65.904480 -13.481355 -115.267197
v 76.953079 -13.585786 -106.998672
v 75.709579 -13.481353 -105.755173
v 69.109192 -20.790234 -119.211395
v 69.252014 -28.184517 -119.464844
v 79.139694 -13.395942 -108.784637
v 75.553558 -28.184513 -104.520126
v 65.033249 -13.395944 -114.887436
v 68.773773 -13.395944 -118.832809
v 79.378403 -20.790234 -108.624573
v 64.760193 -20.790234 -115.081833
v 64.711105 -20.790234 -114.813293
v 78.399887 -13.011300 -108.288940
v 68.785980 -13.011302 -118.220886
v 65.773056 -13.011302 -115.383133
v 75.386963 -13.011300 -105.451172
v 78.185089 -13.481353 -108.230682
v 66.003616 -13.481355 -115.461121
v 75.515671 -13.481353 -105.656052
v 64.499390 -28.184517 -114.946259
v 65.723923 -20.790234 -116.045563
v 65.386810 -28.184517 -115.833679
v 66.347473 -13.520602 -115.115875
v 66.882034 -13.520602 -115.655823
v 66.540176 -13.481355 -115.997681
v 67.734100 -13.395944 -117.793137
v 78.822083 -28.184517 -107.803177
v 78.415039 -20.790234 -107.661209
v 76.084152 -28.184513 -105.136368
v 66.354218 -13.011302 -115.964294
v 77.819107 -13.011300 -107.708145
v 77.648865 -13.481353 -107.694473
v 68.272644 -13.481355 -117.070663
v 79.673553 -28.184517 -108.725784
v 69.654831 -28.184517 -119.062027
v 69.581619 -20.790234 -118.738968
v 65.531769 -13.435191 -114.388916
v 65.564056 -20.790234 -114.055222
v 77.809540 -13.481353 -108.606216
v 78.610687 -13.395942 -109.313629
v 69.052002 -13.011302 -117.954865
v 75.067596 -13.011300 -105.770523
v 75.187515 -13.481353 -105.984192
v 76.577530 -13.585786 -107.374222
v 75.333847 -13.492345 -106.130524
v 77.273331 -13.481353 -108.070007
v 64.527542 -28.184517 -114.600555
v 65.596344 -28.184517 -113.721527
vn 0.9946 0.0403 0.0957
vn 0.9943 0.0329 -0.1018
vn 0.9194 0.0359 0.3917
vn 0.8262 0.0260 0.5628
vn -0.7876 0.0193 0.6158
vn -0.9943 0.0232 0.1045
vn -0.9998 0.0185 -0.0020
vn -0.8052 0.0297 0.5923
vn 0.0134 0.0086 -0.9999
vn 0.0052 0.0128 -0.9999
vn 0.2872 0.0085 -0.9578
vn -0.0885 0.0012 -0.9961
vn -0.5573 0.6895 0.4626
vn -0.0951 0.7297 0.6771
vn -0.0000 1.0000 -0.0000
vn -0.6004 0.7997 -0.0000
vn 0.2489 0.4101 0.8774
vn -0.0383 0.4678 0.8830
vn -0.0084 0.1194 0.9928
vn 0.1069 0.4686 0.8769
vn 0.6871 0.6144 -0.3878
vn 0.6831 0.7303 -0.0000
vn 0.9712 0.2383 0.0015
vn 0.8455 0.2423 -0.4759
vn -0.6871 0.6144 0.3878
vn -0.8476 0.5306 -0.0020
vn -0.9699 0.2437 -0.0028
vn -0.8435 0.2429 0.4790
vn -0.2489 0.4101 -0.8774
vn -0.0000 0.2813 -0.9596
vn -0.0004 0.1173 -0.9931
vn -0.1069 0.4660 -0.8783
vn -0.2374 0.0122 0.9713
vn 0.0001 0.0131 0.9999
vn -0.0035 0.1083 0.9941
vn -0.1901 0.2380 0.9525
vn 0.6813 0.7320 -0.0000
vn -0.4350 0.9004 -0.0000
vn -0.1896 0.9792 -0.0726
vn 0.4981 0.7546 0.4273
vn -0.0000 0.5180 -0.8554
vn -0.0000 0.9398 0.3418
vn -0.1644 0.9655 0.2018
vn 0.2752 0.7100 -0.6482
vn -0.6913 0.7209 0.0490
vn 0.4353 0.8973 0.0734
vn 0.1531 0.9792 0.1332
vn -0.5168 0.7661 -0.3822
vn 0.0475 0.4863 0.8725
vn -0.0233 0.9320 -0.3616
vn 0.2150 0.9644 -0.1538
vn -0.2507 0.7039 0.6646
vn -0.5582 0.7020 -0.4422
vn -0.0000 0.7535 0.6575
vn 0.5734 0.8171 0.0605
vn 0.5558 0.6675 0.4954
vn -0.0299 0.7745 -0.6319
vn 0.1276 0.7101 -0.6924
vn 0.8756 0.0268 -0.4822
vn 0.8841 0.0246 -0.4667
vn 0.8474 0.2376 0.4748
vn -0.1325 0.0161 0.9911
vn -0.8490 0.2483 -0.4663
vn 0.2171 0.5119 -0.8312
vn 0.2726 0.0175 0.9620
vn -0.2721 0.0146 -0.9621
vn -0.8903 0.0260 -0.4546
vn -0.1589 0.9634 -0.2161
vn -0.1792 0.9815 0.0667
vn 0.1616 0.9637 0.2127
vn 0.1708 0.9835 -0.0599
vn -0.0827 0.7363 -0.6716
vn 0.0872 0.6929 0.7158
vn 0.5529 0.6894 -0.4681
vn -0.3977 0.0129 -0.9174
vn -0.0042 0.0112 -0.9999
vn -0.0061 0.0079 -1.0000
vn 0.0053 0.9974 0.0717
vn -0.0162 0.9974 0.0700
vn -0.0080 0.7104 0.7037
vn 0.0004 0.1175 -0.9931
vn 0.0139 0.0143 0.9998
vn 0.0006 0.0122 0.9999
vn 0.0291 0.0101 0.9995
vn -0.0618 0.9424 -0.3286
vn -0.0614 0.7378 -0.6722
vn -0.0086 1.0000 0.0048
vn 0.3061 0.0198 0.9518
vn 0.9995 0.0312 -0.0006
vn 0.9997 0.0245 0.0057
vn -0.9729 0.2311 0.0118
vn -0.9994 0.0225 0.0263
vn 0.9723 0.2338 -0.0000
vn 0.4202 0.9074 -0.0023
vn 0.6207 0.7840 -0.0021
vn -0.0444 0.9990 0.0052
vn 0.0784 0.9969 -0.0119
vn -0.0776 0.9970 0.0050
vn -0.9494 0.0208 -0.3134
vn -0.9988 0.0181 0.0448
vn -0.5572 0.6895 0.4626
vn 0.8756 0.0268 -0.4823
vn 0.8840 0.0246 -0.4667
vn -0.2721 0.0146 -0.9622
vn 0.0871 0.6929 0.7158
vn -0.0000 0.9398 0.3417
vn 0.0957 0.0403 -0.9946
vn -0.1019 0.0329 -0.9943
vn 0.3917 0.0359 -0.9194
vn 0.5628 0.0260 -0.8262
vn 0.6159 0.0193 0.7876
vn 0.1045 0.0232 0.9943
vn -0.0020 0.0185 0.9998
vn 0.5923 0.0297 0.8052
vn -0.9999 0.0086 -0.0134
vn -0.9999 0.0128 -0.0052
vn -0.9578 0.0085 -0.2872
vn -0.9961 0.0012 0.0885
vn 0.4626 0.6895 0.5572
vn 0.6771 0.7297 0.0951
vn -0.0000 0.7997 0.6004
vn 0.8774 0.4101 -0.2489
vn 0.8830 0.4678 0.0383
vn 0.9928 0.1194 0.0084
vn 0.8769 0.4686 -0.1069
vn -0.3878 0.6144 -0.6871
vn -0.0000 0.7303 -0.6831
vn 0.0015 0.2383 -0.9712
vn -0.4759 0.2423 -0.8455
vn 0.3878 0.6144 0.6872
vn -0.0020 0.5306 0.8477
vn -0.0028 0.2437 0.9699
vn 0.4790 0.2429 0.8435
vn -0.8774 0.4101 0.2489
vn -0.9596 0.2813 -0.0000
vn -0.9931 0.1173 0.0004
vn -0.8783 0.4660 0.1069
vn 0.9713 0.0122 0.2374
vn 0.9999 0.0131 -0.0001
vn 0.9941 0.1083 0.0035
vn 0.9525 0.2380 0.1902
vn -0.0000 0.7320 -0.6813
vn -0.0000 0.9004 0.4350
vn -0.0726 0.9792 0.1896
vn 0.4273 0.7546 -0.4981
vn -0.8554 0.5180 -0.0000
vn 0.3418 0.9398 -0.0000
vn 0.2018 0.9655 0.1644
vn -0.6482 0.7100 -0.2752
vn 0.0490 0.7209 0.6913
vn 0.0734 0.8973 -0.4353
vn 0.1332 0.9792 -0.1531
vn -0.3822 0.7661 0.5168
vn 0.8725 0.4863 -0.0475
vn -0.3616 0.9320 0.0233
vn -0.1538 0.9644 -0.2150
vn 0.6646 0.7039 0.2507
vn -0.4422 0.7020 0.5582
vn 0.6575 0.7535 -0.0000
vn 0.0605 0.8171 -0.5734
vn 0.4954 0.6675 -0.5558
vn -0.6319 0.7745 0.0299
vn -0.6924 0.7101 -0.1276
vn -0.4823 0.0268 -0.8756
vn -0.4667 0.0246 -0.8841
vn 0.4748 0.2376 -0.8474
vn 0.9911 0.0161 0.1325
vn -0.4664 0.2483 0.8490
vn -0.8312 0.5119 -0.2171
vn 0.9620 0.0175 -0.2726
vn -0.9622 0.0146 0.2721
vn -0.4546 0.0260 0.8903
vn -0.2161 0.9634 0.1589
vn 0.0667 0.9815 0.1792
vn 0.2127 0.9637 -0.1616
vn -0.0599 0.9835 -0.1708
vn -0.6716 0.7363 0.0827
vn 0.7158 0.6929 -0.0872
vn -0.4681 0.6894 -0.5529
vn -0.9174 0.0129 0.3977
vn -0.9999 0.0112 0.0042
vn -1.0000 0.0079 0.0061
vn 0.0717 0.9974 -0.0053
vn 0.0700 0.9974 0.0162
vn 0.7037 0.7104 0.0080
vn -0.9931 0.1175 -0.0004
vn 0.9998 0.0143 -0.0139
vn 0.9999 0.0122 -0.0006
vn 0.9995 0.0101 -0.0291
vn 0.3417 0.9398 -0.0000
vn -0.3286 0.9424 0.0618
vn -0.6722 0.7378 0.0614
vn 0.0048 1.0000 0.0086
vn 0.9518 0.0198 -0.3061
vn -0.0006 0.0312 -0.9995
vn 0.0057 0.0245 -0.9997
vn 0.0118 0.2311 0.9729
vn 0.0263 0.0225 0.9994
vn -0.0000 0.2338 -0.9723
vn -0.0023 0.9074 -0.4202
vn -0.0021 0.7840 -0.6207
vn 0.0052 0.9990 0.0444
vn -0.0119 0.9969 -0.0784
vn 0.0050 0.9970 0.0776
vn -0.3134 0.0208 0.9494
vn 0.0448 0.0181 0.9988
vn -0.9946 0.0403 -0.0957
vn -0.9943 0.0329 0.1018
vn -0.9194 0.0359 -0.3917
vn -0.8262 0.0260 -0.5628
vn 0.7876 0.0193 -0.6158
vn 0.9943 0.0232 -0.1045
vn 0.9998 0.0185 0.0020
vn 0.8052 0.0297 -0.5923
vn -0.0134 0.0086 0.9999
vn -0.0052 0.0128 0.9999
vn -0.2872 0.0085 0.9578
vn 0.0885 0.0012 0.9961
vn 0.5572 0.6895 -0.4626
vn 0.0951 0.7297 -0.6771
vn 0.6004 0.7997 -0.0000
vn 0.0383 0.4679 -0.8830
vn 0.0084 0.1194 -0.9928
vn -0.1069 0.4686 -0.8769
vn -0.6831 0.7303 -0.0000
vn -0.9712 0.2383 -0.0015
vn -0.8455 0.2423 0.4759
vn 0.6872 0.6144 -0.3878
vn 0.8477 0.5305 0.0020
vn 0.9699 0.2437 0.0028
vn 0.8435 0.2429 -0.4790
vn -0.0000 0.2813 0.9596
vn 0.0004 0.1173 0.9931
vn 0.1069 0.4660 0.8783
vn 0.2374 0.0122 -0.9713
vn -0.0001 0.0131 -0.9999
vn 0.0035 0.1084 -0.9941
vn 0.1902 0.2380 -0.9525
vn -0.6813 0.7320 -0.0000
vn 0.4350 0.9004 -0.0000
vn 0.1896 0.9792 0.0726
vn -0.4981 0.7546 -0.4273
vn -0.0000 0.5180 0.8554
vn -0.0000 0.9398 -0.3418
vn 0.1644 0.9655 -0.2018
vn -0.2752 0.7100 0.6482
vn 0.6913 0.7210 -0.0490
vn -0.4353 0.8973 -0.0734
vn -0.1531 0.9792 -0.1332
vn 0.5168 0.7661 0.3822
vn -0.0475 0.4863 -0.8725
vn 0.0233 0.9320 0.3616
vn -0.2150 0.9644 0.1538
vn 0.2507 0.7039 -0.6646
vn 0.5582 0.7020 0.4422
vn -0.0000 0.7535 -0.6575
vn -0.5734 0.8171 -0.0605
vn -0.5558 0.6675 -0.4954
vn 0.0299 0.7745 0.6319
vn -0.1276 0.7101 0.6924
vn -0.8756 0.0268 0.4823
vn -0.8841 0.0246 0.4667
vn -0.8475 0.2376 -0.4747
vn 0.1325 0.0161 -0.9911
vn 0.8490 0.2483 0.4664
vn -0.2171 0.5119 0.8312
vn -0.2726 0.0175 -0.9620
vn 0.2721 0.0146 0.9622
vn 0.8903 0.0260 0.4546
vn 0.1589 0.9634 0.2161
vn 0.1792 0.9815 -0.0667
vn -0.1616 0.9637 -0.2127
vn -0.1708 0.9835 0.0599
vn 0.0827 0.7363 0.6716
vn -0.0871 0.6929 -0.7158
vn -0.5529 0.6894 0.4681
vn 0.3977 0.0129 0.9174
vn 0.0042 0.0112 0.9999
vn 0.0061 0.0079 1.0000
vn -0.0053 0.9974 -0.0717
vn 0.0162 0.9974 -0.0700
vn 0.0080 0.7104 -0.7037
vn -0.0004 0.1175 0.9931
vn -0.0139 0.0143 -0.9998
vn -0.0006 0.0122 -0.9999
vn -0.0291 0.0101 -0.9995
vn -0.0000 0.9398 -0.3417
vn 0.0618 0.9424 0.3286
vn 0.0614 0.7378 0.6722
vn 0.0086 1.0000 -0.0048
vn -0.3061 0.0198 -0.9518
vn -0.9995 0.0312 0.0006
vn -0.9997 0.0245 -0.0057
vn 0.9729 0.2311 -0.0118
vn 0.9994 0.0225 -0.0263
vn -0.9723 0.2338 -0.0000
vn -0.4202 0.9074 0.0023
vn -0.6207 0.7840 0.0021
vn 0.0444 0.9990 -0.0052
vn -0.0784 0.9969 0.0119
vn 0.0776 0.9970 -0.0050
vn 0.9494 0.0208 0.3134
vn 0.9988 0.0181 -0.0448
vn 0.3878 0.6143 0.6872
vn -0.0020 0.5305 0.8477
vn 0.7158 0.6929 -0.0871
vn -0.9943 0.0329 0.1019
vn -0.0872 0.6929 -0.7158
vn -0.1070 0.4686 -0.8769
vn -0.0725 0.9792 0.1896
vn -0.4822 0.0268 -0.8756
vn -0.4663 0.2483 0.8490
vn -0.9621 0.0146 0.2721
vn -0.9951 0.0404 -0.0905
vn -0.9947 0.0330 0.0969
vn -0.9220 0.0360 -0.3855
vn -0.8360 0.0264 -0.5481
vn 0.7977 0.0196 -0.6028
vn 0.9948 0.0232 -0.0993
vn 0.9998 0.0185 0.0017
vn 0.8094 0.0302 -0.5864
vn -0.0141 0.0091 0.9999
vn -0.0055 0.0135 0.9999
vn -0.2992 0.0093 0.9542
vn 0.0764 0.0018 0.9971
vn 0.5602 0.6917 -0.4558
vn 0.0999 0.7310 -0.6750
vn -0.2536 0.4210 -0.8709
vn 0.0394 0.4843 -0.8740
vn 0.0088 0.1256 -0.9920
vn -0.1177 0.4771 -0.8709
vn -0.6892 0.6190 0.3766
vn -0.9712 0.2384 -0.0015
vn -0.8497 0.2448 0.4670
vn 0.6892 0.6190 -0.3766
vn 0.8476 0.5307 0.0019
vn 0.9698 0.2437 0.0028
vn 0.8478 0.2453 -0.4702
vn 0.2536 0.4211 0.8709
vn -0.0000 0.2988 0.9543
vn 0.0004 0.1234 0.9924
vn 0.1176 0.4746 0.8723
vn 0.2479 0.0129 -0.9687
vn -0.0001 0.0138 -0.9999
vn 0.0037 0.1140 -0.9935
vn 0.2004 0.2450 -0.9486
vn 0.1934 0.9778 0.0812
vn -0.5009 0.7589 -0.4162
vn -0.0000 0.5340 0.8455
vn -0.0000 0.9365 -0.3506
vn 0.1645 0.9648 -0.2052
vn -0.2800 0.7184 0.6368
vn 0.6909 0.7214 -0.0471
vn -0.4345 0.8980 -0.0697
vn -0.1577 0.9777 -0.1385
vn 0.5192 0.7689 0.3732
vn -0.0471 0.5023 -0.8634
vn 0.0232 0.9285 0.3706
vn -0.2142 0.9641 0.1570
vn 0.2552 0.7125 -0.6536
vn 0.5611 0.7045 0.4345
vn -0.0000 0.7559 -0.6547
vn -0.5741 0.8168 -0.0574
vn -0.5589 0.6723 -0.4854
vn 0.0299 0.7767 0.6292
vn -0.1323 0.7122 0.6894
vn -0.8813 0.0271 0.4717
vn -0.8896 0.0249 0.4560
vn -0.8517 0.2400 -0.4659
vn 0.1384 0.0169 -0.9902
vn 0.8530 0.2503 0.4580
vn -0.2281 0.5196 0.8234
vn -0.2841 0.0183 -0.9586
vn 0.2837 0.0154 0.9588
vn 0.8950 0.0263 0.4454
vn 0.1591 0.9625 0.2198
vn 0.1826 0.9803 -0.0758
vn -0.1618 0.9628 -0.2163
vn -0.1740 0.9823 0.0690
vn 0.0868 0.7379 0.6693
vn -0.0911 0.6970 -0.7113
vn -0.5557 0.6919 0.4609
vn 0.4096 0.0134 0.9122
vn 0.0044 0.0118 0.9999
vn 0.0065 0.0083 0.9999
vn -0.0051 0.9977 -0.0681
vn 0.0162 0.9977 -0.0664
vn 0.0079 0.7154 -0.6987
vn -0.0004 0.1236 0.9923
vn -0.0146 0.0150 -0.9998
vn -0.0007 0.0128 -0.9999
vn -0.0307 0.0106 -0.9995
vn 0.0616 0.9394 0.3372
vn 0.0617 0.7405 0.6693
vn 0.0087 1.0000 -0.0048
vn -0.3187 0.0207 -0.9476
vn -0.9995 0.0310 0.0004
vn -0.9997 0.0245 -0.0055
vn 0.9728 0.2314 -0.0113
vn 0.9994 0.0225 -0.0251
vn -0.4202 0.9074 0.0022
vn -0.6207 0.7840 0.0020
vn 0.0442 0.9990 -0.0049
vn -0.0786 0.9968 0.0111
vn 0.0778 0.9970 -0.0048
vn 0.9526 0.0209 0.3036
vn 0.9989 0.0182 -0.0424
vn 0.0925 0.0404 -0.9949
vn -0.0988 0.0330 -0.9946
vn 0.3880 0.0360 -0.9210
vn 0.5539 0.0263 -0.8322
vn 0.6079 0.0195 0.7938
vn 0.1013 0.0232 0.9946
vn -0.0018 0.0185 0.9998
vn 0.5888 0.0300 0.8078
vn -0.9999 0.0089 -0.0139
vn -0.9999 0.0132 -0.0053
vn -0.9556 0.0090 -0.2945
vn -0.9967 0.0016 0.0812
vn 0.4585 0.6908 0.5590
vn 0.6758 0.7305 0.0980
vn 0.8734 0.4168 -0.2518
vn 0.8776 0.4779 0.0389
vn 0.9924 0.1231 0.0086
vn 0.8733 0.4738 -0.1135
vn -0.3810 0.6172 -0.6884
vn -0.4705 0.2438 -0.8480
vn 0.3810 0.6172 0.6884
vn -0.0019 0.5306 0.8476
vn 0.4737 0.2444 0.8461
vn -0.8734 0.4168 0.2518
vn -0.9564 0.2920 -0.0000
vn -0.9926 0.1210 0.0004
vn -0.8747 0.4712 0.1134
vn 0.9697 0.0126 0.2438
vn 0.9999 0.0135 -0.0001
vn 0.9937 0.1118 0.0037
vn 0.9501 0.2422 0.1964
vn -0.0779 0.9783 0.1919
vn 0.4206 0.7572 -0.4998
vn -0.8494 0.5278 -0.0000
vn 0.3472 0.9378 -0.0000
vn 0.2039 0.9651 0.1644
vn -0.6413 0.7151 -0.2781
vn 0.0478 0.7212 0.6910
vn 0.0711 0.8977 -0.4348
vn 0.1365 0.9783 -0.1559
vn -0.3767 0.7678 0.5183
vn 0.8670 0.4961 -0.0473
vn -0.3671 0.9299 0.0232
vn -0.1558 0.9642 -0.2146
vn 0.6579 0.7092 0.2534
vn -0.4376 0.7035 0.5600
vn 0.6558 0.7549 -0.0000
vn 0.0585 0.8169 -0.5738
vn 0.4894 0.6704 -0.5577
vn -0.6302 0.7758 0.0299
vn -0.6906 0.7114 -0.1305
vn -0.4759 0.0270 -0.8791
vn -0.4602 0.0248 -0.8875
vn 0.4694 0.2391 -0.8500
vn 0.9906 0.0166 0.1361
vn -0.4613 0.2495 0.8515
vn -0.8265 0.5166 -0.2238
vn 0.9600 0.0180 -0.2796
vn -0.9601 0.0151 0.2791
vn -0.4490 0.0262 0.8931
vn -0.2184 0.9628 0.1590
vn 0.0723 0.9808 0.1812
vn 0.2149 0.9631 -0.1618
vn -0.0655 0.9828 -0.1727
vn -0.6702 0.7373 0.0852
vn 0.7130 0.6954 -0.0895
vn -0.4638 0.6909 -0.5546
vn -0.9142 0.0132 0.4050
vn -0.9999 0.0116 0.0043
vn -0.9999 0.0081 0.0063
vn 0.0695 0.9976 -0.0052
vn 0.0678 0.9976 0.0162
vn 0.7006 0.7135 0.0079
vn -0.9926 0.1212 -0.0004
vn 0.9998 0.0147 -0.0144
vn 0.9999 0.0126 -0.0007
vn 0.9995 0.0104 -0.0301
vn -0.3339 0.9406 0.0617
vn -0.6704 0.7394 0.0616
vn 0.0048 1.0000 0.0087
vn 0.9493 0.0203 -0.3137
vn -0.0004 0.0311 -0.9995
vn 0.0056 0.0245 -0.9997
vn 0.0115 0.2313 0.9728
vn 0.0256 0.0225 0.9994
vn -0.0022 0.9074 -0.4202
vn -0.0020 0.7840 -0.6207
vn 0.0050 0.9990 0.0443
vn -0.0114 0.9968 -0.0785
vn 0.0049 0.9970 0.0777
vn -0.3074 0.0209 0.9513
vn 0.0433 0.0182 0.9989
vn 0.7620 0.0628 -0.6445
vn 0.6364 0.0517 -0.7696
vn 0.9232 0.0553 -0.3804
vn 0.9760 0.0411 -0.2140
vn -0.1484 0.0307 0.9884
vn -0.6361 0.0356 0.7708
vn -0.7064 0.0285 0.7072
vn -0.1619 0.0471 0.9857
vn -0.6968 0.0145 -0.7172
vn -0.7030 0.0215 -0.7109
vn -0.4570 0.0207 -0.8892
vn -0.7532 0.0109 -0.6577
vn -0.0539 0.7381 0.6726
vn 0.3868 0.7621 0.5193
vn -0.3843 0.8394 0.3843
vn 0.7197 0.5513 0.4222
vn 0.5298 0.6230 0.5755
vn 0.6879 0.1917 0.7000
vn 0.6420 0.5415 0.5427
vn 0.1983 0.7394 -0.6434
vn 0.3940 0.8304 -0.3940
vn 0.6671 0.3369 -0.6644
vn 0.2689 0.3357 -0.9028
vn -0.1983 0.7394 0.6434
vn -0.5313 0.6614 0.5294
vn -0.6660 0.3449 0.6614
vn -0.2630 0.3362 0.9043
vn -0.7197 0.5513 -0.4222
vn -0.6296 0.4551 -0.6296
vn -0.6945 0.1911 -0.6937
vn -0.6432 0.5400 -0.5429
vn 0.5038 0.0218 0.8635
vn 0.7071 0.0217 0.7068
vn 0.6927 0.1804 0.6983
vn 0.5080 0.3333 0.7943
vn 0.3926 0.8317 -0.3926
vn -0.3045 0.9025 0.3045
vn -0.2234 0.9714 0.0806
vn 0.5297 0.8477 -0.0286
vn -0.5247 0.6703 -0.5247
vn 0.2913 0.9112 0.2913
vn 0.0746 0.9542 0.2897
vn -0.2150 0.8083 -0.5481
vn -0.3717 0.8268 0.4222
vn 0.3264 0.9078 -0.2635
vn 0.2269 0.9732 -0.0380
vn -0.5194 0.8522 0.0630
vn 0.5731 0.6470 0.5029
vn -0.3091 0.9058 -0.2898
vn -0.0210 0.9597 -0.2802
vn 0.2427 0.8014 0.5467
vn -0.6503 0.7556 0.0779
vn 0.4405 0.7822 0.4405
vn 0.3923 0.8550 -0.3393
vn 0.6676 0.7432 -0.0444
vn -0.4426 0.7953 -0.4143
vn -0.3767 0.7541 -0.5380
vn 0.2958 0.0421 -0.9543
vn 0.3141 0.0386 -0.9486
vn 0.9042 0.3290 -0.2724
vn 0.5971 0.0273 0.8017
vn -0.8990 0.3400 0.2760
vn -0.4286 0.5977 -0.6775
vn 0.8819 0.0290 0.4705
vn -0.8817 0.0260 -0.4712
vn -0.9456 0.0409 0.3227
vn -0.2996 0.9494 -0.0942
vn -0.0738 0.9744 0.2123
vn 0.2981 0.9504 0.0886
vn 0.0717 0.9776 -0.1980
vn -0.5029 0.7695 -0.3936
vn 0.5242 0.7449 0.4126
vn 0.0449 0.7450 -0.6655
vn -0.9378 0.0214 -0.3466
vn -0.7102 0.0188 -0.7038
vn -0.7115 0.0131 -0.7025
vn 0.0327 0.9991 0.0281
vn 0.0222 0.9991 0.0370
vn 0.4574 0.7582 0.4646
vn -0.6936 0.1914 -0.6944
vn 0.7181 0.0242 0.6955
vn 0.7077 0.0205 0.7062
vn 0.7294 0.0168 0.6839
vn -0.3111 0.9154 -0.2557
vn -0.4753 0.7759 -0.4148
vn -0.0018 1.0000 0.0062
vn 0.8991 0.0328 0.4366
vn 0.7073 0.0448 -0.7055
vn 0.7103 0.0377 -0.7029
vn -0.6596 0.3304 0.6751
vn -0.6886 0.0337 0.7244
vn 0.6676 0.3295 -0.6676
vn 0.2894 0.9118 -0.2913
vn 0.3863 0.8367 -0.3882
vn -0.0182 0.9996 0.0225
vn 0.0312 0.9987 -0.0410
vn -0.0337 0.9987 0.0380
vn -0.8849 0.0324 0.4646
vn -0.6777 0.0287 0.7347
vt 0.922990 0.978771
vt 0.925016 0.775168
vt 0.962695 0.774739
vt 0.969609 0.978244
vt 0.959825 0.221249
vt 0.926680 0.220438
vt 0.935912 0.017318
vt 0.970670 0.017655
vt 0.050561 0.024580
vt 0.071140 0.227750
vt 0.036656 0.229667
vt 0.018773 0.026360
vt 0.221362 0.541109
vt 0.218513 0.538073
vt 0.241571 0.538797
vt 0.241220 0.542453
vt 0.960680 0.559617
vt 0.963012 0.527347
vt 0.970447 0.527713
vt 0.968383 0.567285
vt 0.205371 0.563336
vt 0.236420 0.564226
vt 0.236286 0.571658
vt 0.199744 0.570578
vt 0.952959 0.431305
vt 0.917802 0.430453
vt 0.917857 0.423044
vt 0.958507 0.424139
vt 0.197564 0.435336
vt 0.195350 0.467641
vt 0.187665 0.467212
vt 0.189850 0.427443
vt 0.022073 0.692652
vt 0.051239 0.692685
vt 0.087299 0.893195
vt 0.020325 0.897148
vt 0.917341 0.565255
vt 0.917241 0.555337
vt 0.942146 0.553955
vt 0.952466 0.564544
vt 0.195100 0.525927
vt 0.205548 0.525368
vt 0.207837 0.546558
vt 0.197187 0.558264
vt 0.238623 0.429188
vt 0.238627 0.439307
vt 0.216072 0.440750
vt 0.205772 0.430336
vt 0.964395 0.496221
vt 0.953217 0.496689
vt 0.950717 0.447912
vt 0.961168 0.436415
vt 0.913209 0.543291
vt 0.936763 0.542090
vt 0.218217 0.521196
vt 0.243038 0.451607
vt 0.221730 0.452715
vt 0.940069 0.498752
vt 0.940158 0.456709
vt 0.176815 0.976571
vt 0.181691 0.772720
vt 0.191678 0.773480
vt 0.187240 0.977029
vt 0.958008 0.571831
vt 0.991311 0.018897
vt 0.976097 0.222261
vt 0.200260 0.423191
vt 0.189346 0.565924
vt 0.972694 0.773997
vt 0.968790 0.428872
vt 0.182776 0.221427
vt 0.192699 0.220395
vt 0.950212 0.547809
vt 0.215818 0.552850
vt 0.208142 0.447019
vt 0.942619 0.441697
vt 0.939728 0.539091
vt 0.218767 0.455879
vt 0.937214 0.453721
vt 0.178717 0.017504
vt 0.148220 0.223651
vt 0.147052 0.019486
vt 0.243158 0.455276
vt 0.242902 0.472906
vt 0.218387 0.472879
vt 0.972744 0.495846
vt 0.187408 0.526348
vt 0.138172 0.489161
vt 0.128220 0.692757
vt 0.041814 0.489176
vt 0.205790 0.468159
vt 0.952829 0.526795
vt 0.940358 0.522020
vt 0.241856 0.521207
vt 0.169902 0.489293
vt 0.162621 0.692747
vt 0.217442 0.977424
vt 0.227094 0.774189
vt 0.238681 0.421489
vt 0.252985 0.219954
vt 0.913078 0.539646
vt 0.917350 0.572720
vt 0.236760 0.554380
vt 0.917669 0.440301
vt 0.913586 0.452515
vt 0.913194 0.498880
vt 0.913355 0.456087
vt 0.913176 0.522137
vt 0.090973 0.430533
vt 0.051478 0.434800
vt 0.021133 0.489031
vt 0.980031 0.977810
vt 0.193794 0.016883
vt 0.150173 0.427312
vt 0.119165 0.895492
vt 0.158738 0.897556
vt 0.266783 0.016711
s 1
f 1/1/1 2/2/2 3/3/3
f 3/3/3 4/4/4 1/1/1
f 5/5/5 6/6/6 7/7/7
f 7/7/7 8/8/8 5/5/5
f 9/9/9 10/10/10 11/11/11
f 11/11/11 12/12/12 9/9/9
f 13/13/13 14/14/14 15/15/15
f 15/15/15 16/16/16 13/13/13
f 17/17/17 18/18/18 19/19/19
f 19/19/19 20/20/20 17/17/17
f 21/21/21 22/22/22 23/23/23
f 23/23/23 24/24/24 21/21/21
f 25/25/25 26/26/26 27/27/27
f 27/27/27 28/28/28 25/25/25
f 29/29/29 30/30/30 31/31/31
f 31/31/31 32/32/32 29/29/29
f 33/33/33 34/34/34 35/35/35
f 35/35/35 36/36/36 33/33/33
f 37/37/37 38/38/38 39/39/39
f 39/39/39 40/40/40 37/37/37
f 41/41/41 42/42/42 43/43/43
f 43/43/43 44/44/44 41/41/41
f 45/45/45 46/46/46 47/47/47
f 47/47/47 48/48/48 45/45/45
f 49/49/49 50/50/50 51/51/51
f 51/51/51 52/52/52 49/49/49
f 39/39/39 38/38/38 53/53/16
f 53/53/16 54/54/53 39/39/39
f 42/42/42 55/55/54 14/14/14
f 14/14/14 43/43/43 42/42/42
f 47/47/47 46/46/46 56/56/55
f 56/56/55 57/57/56 47/47/47
f 50/50/50 58/58/57 59/59/58
f 59/59/58 51/51/51 50/50/50
f 12/60/12 11/61/11 60/62/59
f 60/62/59 61/63/60 12/60/12
f 40/40/40 17/17/17 20/20/20
f 20/20/20 62/64/61 40/40/40
f 63/65/62 33/66/33 5/5/5
f 5/5/5 8/8/8 63/65/62
f 48/48/48 29/29/29 32/32/32
f 32/32/32 64/67/63 48/48/48
f 24/24/24 65/68/64 44/44/44
f 44/44/44 21/21/21 24/24/24
f 20/20/20 66/69/65 3/3/3
f 3/3/3 62/64/61 20/20/20
f 28/28/28 36/70/36 52/52/52
f 52/52/52 25/25/25 28/28/28
f 32/32/32 67/71/66 68/72/67
f 68/72/67 64/67/63 32/32/32
f 17/17/17 40/40/40 39/39/39
f 39/39/39 69/73/68 17/17/17
f 21/21/21 44/44/44 43/43/43
f 43/43/43 70/74/69 21/21/21
f 29/29/29 48/48/48 47/47/47
f 47/47/47 71/75/70 29/29/29
f 25/25/25 52/52/52 51/51/51
f 51/51/51 72/76/71 25/25/25
f 69/73/68 39/39/39 54/54/53
f 54/54/53 73/77/72 69/73/68
f 70/74/69 43/43/43 14/14/14
f 14/14/14 13/13/13 70/74/69
f 71/75/70 47/47/47 57/57/56
f 57/57/56 74/78/73 71/75/70
f 72/76/71 51/51/51 59/59/58
f 59/59/58 75/79/74 72/76/71
f 76/80/75 67/71/66 77/81/76
f 77/81/76 78/82/77 76/80/75
f 74/78/73 79/83/78 80/84/79
f 80/84/79 81/85/80 74/78/73
f 52/52/52 36/70/36 35/86/35
f 35/86/35 49/49/49 52/52/52
f 41/41/41 82/87/81 31/31/31
f 31/31/31 30/30/30 41/41/41
f 83/88/82 84/89/83 34/34/34
f 34/34/34 85/90/84 83/88/82
f 30/30/30 29/29/29 71/75/70
f 71/75/70 86/91/42 30/30/30
f 18/18/18 87/92/85 50/50/50
f 50/50/50 49/49/49 18/18/18
f 71/75/70 74/78/73 81/85/80
f 81/85/80 86/91/42 71/75/70
f 87/92/85 88/93/86 58/58/57
f 58/58/57 50/50/50 87/92/85
f 78/82/77 77/81/76 10/10/10
f 10/10/10 9/9/9 78/82/77
f 81/85/80 80/84/79 89/94/87
f 89/94/87 55/55/54 81/85/80
f 49/49/49 35/86/35 19/19/19
f 19/19/19 18/18/18 49/49/49
f 30/30/30 86/91/42 42/42/42
f 42/42/42 41/41/41 30/30/30
f 86/91/42 81/85/80 55/55/54
f 55/55/54 42/42/42 86/91/42
f 44/44/44 65/68/64 82/87/81
f 82/87/81 41/41/41 44/44/44
f 90/95/88 66/96/65 84/89/83
f 84/89/83 83/88/82 90/95/88
f 18/18/18 17/17/17 69/73/68
f 69/73/68 87/92/85 18/18/18
f 69/73/68 73/77/72 88/93/86
f 88/93/86 87/92/85 69/73/68
f 91/97/89 92/98/90 2/2/2
f 2/2/2 1/1/1 91/97/89
f 27/27/27 93/99/91 94/100/92
f 94/100/92 6/6/6 27/27/27
f 54/54/53 53/53/16 95/101/15
f 95/101/15 73/77/72 54/54/53
f 40/40/40 62/64/61 96/102/93
f 96/102/93 37/37/37 40/40/40
f 45/45/45 93/99/91 27/27/27
f 27/27/27 26/26/26 45/45/45
f 22/22/22 97/103/38 38/38/38
f 38/38/38 37/37/37 22/22/22
f 26/26/26 25/25/25 72/76/71
f 72/76/71 98/104/94 26/26/26
f 97/103/38 16/16/16 53/53/16
f 53/53/16 38/38/38 97/103/38
f 72/76/71 75/79/74 99/105/95
f 99/105/95 98/104/94 72/76/71
f 58/58/57 100/106/96 101/107/97
f 101/107/97 59/59/58 58/58/57
f 58/58/57 88/93/86 102/108/98
f 102/108/98 100/106/96 58/58/57
f 53/53/16 16/16/16 15/15/15
f 15/15/15 95/101/15 53/53/16
f 37/37/37 96/102/93 23/23/23
f 23/23/23 22/22/22 37/37/37
f 26/26/26 98/104/94 46/46/46
f 46/46/46 45/45/45 26/26/26
f 98/104/94 99/105/95 56/56/55
f 56/56/55 46/46/46 98/104/94
f 100/106/96 80/84/79 79/83/78
f 79/83/78 101/107/97 100/106/96
f 80/84/79 100/106/96 102/108/98
f 102/108/98 89/94/87 80/84/79
f 91/97/89 61/63/60 60/62/59
f 60/62/59 92/98/90 91/97/89
f 93/99/91 64/67/63 68/72/67
f 68/72/67 94/100/92 93/99/91
f 48/48/48 64/67/63 93/99/91
f 93/99/91 45/45/45 48/48/48
f 22/22/22 21/21/21 70/74/69
f 70/74/69 97/103/38 22/22/22
f 70/74/69 13/13/13 16/16/16
f 16/16/16 97/103/38 70/74/69
f 2/2/2 96/102/93 62/64/61
f 62/64/61 3/3/3 2/2/2
f 28/28/28 27/27/27 6/6/6
f 6/6/6 5/5/5 28/28/28
f 82/109/81 65/110/64 11/11/11
f 11/11/11 10/10/10 82/109/81
f 63/111/62 85/90/84 34/34/34
f 34/34/34 33/33/33 63/111/62
f 65/68/64 24/24/24 60/62/59
f 60/62/59 11/61/11 65/68/64
f 36/70/36 28/28/28 5/5/5
f 5/5/5 33/66/33 36/70/36
f 90/112/88 4/4/4 3/3/3
f 3/3/3 66/69/65 90/112/88
f 76/80/75 103/113/99 68/72/67
f 68/72/67 67/71/66 76/80/75
f 32/32/32 31/114/31 77/81/76
f 77/81/76 67/71/66 32/32/32
f 19/115/19 35/35/35 34/34/34
f 34/34/34 84/89/83 19/115/19
f 31/114/31 82/109/81 10/10/10
f 10/10/10 77/81/76 31/114/31
f 20/116/20 19/115/19 84/89/83
f 84/89/83 66/96/65 20/116/20
f 23/23/23 96/102/93 2/2/2
f 2/2/2 92/98/90 23/23/23
f 104/117/100 7/7/7 6/6/6
f 6/6/6 94/100/92 104/117/100
f 24/24/24 23/23/23 92/98/90
f 92/98/90 60/62/59 24/24/24
f 103/113/99 104/117/100 94/100/92
f 94/100/92 68/72/67 103/113/99
f 55/55/54 89/94/87 15/15/15
f 15/15/15 14/14/14 55/55/54
f 89/94/87 102/108/98 95/101/15
f 95/101/15 15/15/15 89/94/87
f 102/108/98 88/93/86 73/77/72
f 73/77/72 95/101/15 102/108/98
f 57/57/56 56/56/55 79/83/78
f 79/83/78 74/78/73 57/57/56
f 56/56/55 99/105/95 101/107/97
f 101/107/97 79/83/78 56/56/55
f 101/107/97 99/105/95 75/79/74
f 75/79/74 59/59/58 101/107/97
f 105/1/1 106/2/2 107/3/3
f 107/3/3 108/4/4 105/1/1
f 109/5/5 110/6/6 111/7/7
f 111/7/7 112/8/8 109/5/5
f 113/9/9 114/10/10 115/11/11
f 115/11/11 116/12/12 113/9/9
f 117/13/101 118/14/14 119/15/15
f 119/15/15 120/16/16 117/13/101
f 121/17/17 122/18/18 123/19/19
f 123/19/19 124/20/20 121/17/17
f 125/21/21 126/22/22 127/23/23
f 127/23/23 128/24/24 125/21/21
f 129/25/25 130/26/26 131/27/27
f 131/27/27 132/28/28 129/25/25
f 133/29/29 134/30/30 135/31/31
f 135/31/31 136/32/32 133/29/29
f 137/33/33 138/34/34 139/35/35
f 139/35/35 140/36/36 137/33/33
f 141/37/37 142/38/38 143/39/39
f 143/39/39 144/40/40 141/37/37
f 145/41/41 146/42/42 147/43/43
f 147/43/43 148/44/44 145/41/41
f 149/45/45 150/46/46 151/47/47
f 151/47/47 152/48/48 149/45/45
f 153/49/49 154/50/50 155/51/51
f 155/51/51 156/52/52 153/49/49
f 143/39/39 142/38/38 157/53/16
f 157/53/16 158/54/53 143/39/39
f 146/42/42 159/55/54 118/14/14
f 118/14/14 147/43/43 146/42/42
f 151/47/47 150/46/46 160/56/55
f 160/56/55 161/57/56 151/47/47
f 154/50/50 162/58/57 163/59/58
f 163/59/58 155/51/51 154/50/50
f 116/60/12 115/61/11 164/62/102
f 164/62/102 165/63/103 116/60/12
f 144/40/40 121/17/17 124/20/20
f 124/20/20 166/64/61 144/40/40
f 167/65/62 137/66/33 109/5/5
f 109/5/5 112/8/8 167/65/62
f 152/48/48 133/29/29 136/32/32
f 136/32/32 168/67/63 152/48/48
f 128/24/24 169/68/64 148/44/44
f 148/44/44 125/21/21 128/24/24
f 124/20/20 170/69/65 107/3/3
f 107/3/3 166/64/61 124/20/20
f 132/28/28 140/70/36 156/52/52
f 156/52/52 129/25/25 132/28/28
f 136/32/32 171/71/104 172/72/67
f 172/72/67 168/67/63 136/32/32
f 121/17/17 144/40/40 143/39/39
f 143/39/39 173/73/68 121/17/17
f 125/21/21 148/44/44 147/43/43
f 147/43/43 174/74/69 125/21/21
f 133/29/29 152/48/48 151/47/47
f 151/47/47 175/75/70 133/29/29
f 129/25/25 156/52/52 155/51/51
f 155/51/51 176/76/71 129/25/25
f 173/73/68 143/39/39 158/54/53
f 158/54/53 177/77/72 173/73/68
f 174/74/69 147/43/43 118/14/14
f 118/14/14 117/13/101 174/74/69
f 175/75/70 151/47/47 161/57/56
f 161/57/56 178/78/105 175/75/70
f 176/76/71 155/51/51 163/59/58
f 163/59/58 179/79/74 176/76/71
f 180/80/75 171/71/104 181/81/76
f 181/81/76 182/82/77 180/80/75
f 178/78/105 183/83/78 184/84/79
f 184/84/79 185/85/80 178/78/105
f 156/52/52 140/70/36 139/86/35
f 139/86/35 153/49/49 156/52/52
f 145/41/41 186/87/81 135/31/31
f 135/31/31 134/30/30 145/41/41
f 187/88/82 188/89/83 138/34/34
f 138/34/34 189/90/84 187/88/82
f 134/30/30 133/29/29 175/75/70
f 175/75/70 190/91/106 134/30/30
f 122/18/18 191/92/85 154/50/50
f 154/50/50 153/49/49 122/18/18
f 175/75/70 178/78/105 185/85/80
f 185/85/80 190/91/106 175/75/70
f 191/92/85 192/93/86 162/58/57
f 162/58/57 154/50/50 191/92/85
f 182/82/77 181/81/76 114/10/10
f 114/10/10 113/9/9 182/82/77
f 185/85/80 184/84/79 193/94/87
f 193/94/87 159/55/54 185/85/80
f 153/49/49 139/86/35 123/19/19
f 123/19/19 122/18/18 153/49/49
f 134/30/30 190/91/106 146/42/42
f 146/42/42 145/41/41 134/30/30
f 190/91/106 185/85/80 159/55/54
f 159/55/54 146/42/42 190/91/106
f 148/44/44 169/68/64 186/87/81
f 186/87/81 145/41/41 148/44/44
f 194/95/88 170/96/65 188/89/83
f 188/89/83 187/88/82 194/95/88
f 122/18/18 121/17/17 173/73/68
f 173/73/68 191/92/85 122/18/18
f 173/73/68 177/77/72 192/93/86
f 192/93/86 191/92/85 173/73/68
f 195/97/89 196/98/90 106/2/2
f 106/2/2 105/1/1 195/97/89
f 131/27/27 197/99/91 198/100/92
f 198/100/92 110/6/6 131/27/27
f 158/54/53 157/53/16 199/101/15
f 199/101/15 177/77/72 158/54/53
f 144/40/40 166/64/61 200/102/93
f 200/102/93 141/37/37 144/40/40
f 149/45/45 197/99/91 131/27/27
f 131/27/27 130/26/26 149/45/45
f 126/22/22 201/103/38 142/38/38
f 142/38/38 141/37/37 126/22/22
f 130/26/26 129/25/25 176/76/71
f 176/76/71 202/104/94 130/26/26
f 201/103/38 120/16/16 157/53/16
f 157/53/16 142/38/38 201/103/38
f 176/76/71 179/79/74 203/105/95
f 203/105/95 202/104/94 176/76/71
f 162/58/57 204/106/96 205/107/97
f 205/107/97 163/59/58 162/58/57
f 162/58/57 192/93/86 206/108/98
f 206/108/98 204/106/96 162/58/57
f 157/53/16 120/16/16 119/15/15
f 119/15/15 199/101/15 157/53/16
f 141/37/37 200/102/93 127/23/23
f 127/23/23 126/22/22 141/37/37
f 130/26/26 202/104/94 150/46/46
f 150/46/46 149/45/45 130/26/26
f 202/104/94 203/105/95 160/56/55
f 160/56/55 150/46/46 202/104/94
f 204/106/96 184/84/79 183/83/78
f 183/83/78 205/107/97 204/106/96
f 184/84/79 204/106/96 206/108/98
f 206/108/98 193/94/87 184/84/79
f 195/97/89 165/63/103 164/62/102
f 164/62/102 196/98/90 195/97/89
f 197/99/91 168/67/63 172/72/67
f 172/72/67 198/100/92 197/99/91
f 152/48/48 168/67/63 197/99/91
f 197/99/91 149/45/45 152/48/48
f 126/22/22 125/21/21 174/74/69
f 174/74/69 201/103/38 126/22/22
f 174/74/69 117/13/101 120/16/16
f 120/16/16 201/103/38 174/74/69
f 106/2/2 200/102/93 166/64/61
f 166/64/61 107/3/3 106/2/2
f 132/28/28 131/27/27 110/6/6
f 110/6/6 109/5/5 132/28/28
f 186/109/81 169/110/64 115/11/11
f 115/11/11 114/10/10 186/109/81
f 167/111/62 189/90/84 138/34/34
f 138/34/34 137/33/33 167/111/62
f 169/68/64 128/24/24 164/62/102
f 164/62/102 115/61/11 169/68/64
f 140/70/36 132/28/28 109/5/5
f 109/5/5 137/66/33 140/70/36
f 194/112/88 108/4/4 107/3/3
f 107/3/3 170/69/65 194/112/88
f 180/80/75 207/113/99 172/72/67
f 172/72/67 171/71/104 180/80/75
f 136/32/32 135/114/31 181/81/76
f 181/81/76 171/71/104 136/32/32
f 123/115/19 139/35/35 138/34/34
f 138/34/34 188/89/83 123/115/19
f 135/114/31 186/109/81 114/10/10
f 114/10/10 181/81/76 135/114/31
f 124/116/20 123/115/19 188/89/83
f 188/89/83 170/96/65 124/116/20
f 127/23/23 200/102/93 106/2/2
f 106/2/2 196/98/90 127/23/23
f 208/117/100 111/7/7 110/6/6
f 110/6/6 198/100/92 208/117/100
f 128/24/24 127/23/23 196/98/90
f 196/98/90 164/62/102 128/24/24
f 207/113/99 208/117/100 198/100/92
f 198/100/92 172/72/67 207/113/99
f 159/55/54 193/94/87 119/15/15
f 119/15/15 118/14/14 159/55/54
f 193/94/87 206/108/98 199/101/15
f 199/101/15 119/15/15 193/94/87
f 206/108/98 192/93/86 177/77/72
f 177/77/72 199/101/15 206/108/98
f 161/57/56 160/56/55 183/83/78
f 183/83/78 178/78/105 161/57/56
f 160/56/55 203/105/95 205/107/97
f 205/107/97 183/83/78 160/56/55
f 205/107/97 203/105/95 179/79/74
f 179/79/74 163/59/58 205/107/97
f 209/1/107 210/2/108 211/3/109
f 211/3/109 212/4/110 209/1/107
f 213/5/111 214/6/112 215/7/113
f 215/7/113 216/8/114 213/5/111
f 217/9/115 218/10/116 219/11/117
f 219/11/117 220/12/118 217/9/115
f 221/13/119 222/14/120 223/15/15
f 223/15/15 224/16/121 221/13/119
f 225/17/122 226/18/123 227/19/124
f 227/19/124 228/20/125 225/17/122
f 229/21/126 230/22/127 231/23/128
f 231/23/128 232/24/129 229/21/126
f 233/25/130 234/26/131 235/27/132
f 235/27/132 236/28/133 233/25/130
f 237/29/134 238/30/135 239/31/136
f 239/31/136 240/32/137 237/29/134
f 241/33/138 242/34/139 243/35/140
f 243/35/140 244/36/141 241/33/138
f 245/37/142 246/38/143 247/39/144
f 247/39/144 248/40/145 245/37/142
f 249/41/146 250/42/147 251/43/148
f 251/43/148 252/44/149 249/41/146
f 253/45/150 254/46/151 255/47/152
f 255/47/152 256/48/153 253/45/150
f 257/49/154 258/50/155 259/51/156
f 259/51/156 260/52/157 257/49/154
f 247/39/144 246/38/143 261/53/121
f 261/53/121 262/54/158 247/39/144
f 250/42/147 263/55/159 222/14/120
f 222/14/120 251/43/148 250/42/147
f 255/47/152 254/46/151 264/56/160
f 264/56/160 265/57/161 255/47/152
f 258/50/155 266/58/162 267/59/163
f 267/59/163 259/51/156 258/50/155
f 220/60/118 219/61/117 268/62/164
f 268/62/164 269/63/165 220/60/118
f 248/40/145 225/17/122 228/20/125
f 228/20/125 270/64/166 248/40/145
f 271/65/167 241/66/138 213/5/111
f 213/5/111 216/8/114 271/65/167
f 256/48/153 237/29/134 240/32/137
f 240/32/137 272/67/168 256/48/153
f 232/24/129 273/68/169 252/44/149
f 252/44/149 229/21/126 232/24/129
f 228/20/125 274/69/170 211/3/109
f 211/3/109 270/64/166 228/20/125
f 236/28/133 244/70/141 260/52/157
f 260/52/157 233/25/130 236/28/133
f 240/32/137 275/71/171 276/72/172
f 276/72/172 272/67/168 240/32/137
f 225/17/122 248/40/145 247/39/144
f 247/39/144 277/73/173 225/17/122
f 229/21/126 252/44/149 251/43/148
f 251/43/148 278/74/174 229/21/126
f 237/29/134 256/48/153 255/47/152
f 255/47/152 279/75/175 237/29/134
f 233/25/130 260/52/157 259/51/156
f 259/51/156 280/76/176 233/25/130
f 277/73/173 247/39/144 262/54/158
f 262/54/158 281/77/177 277/73/173
f 278/74/174 251/43/148 222/14/120
f 222/14/120 221/13/119 278/74/174
f 279/75/175 255/47/152 265/57/161
f 265/57/161 282/78/178 279/75/175
f 280/76/176 259/51/156 267/59/163
f 267/59/163 283/79/179 280/76/176
f 284/80/180 275/71/171 285/81/181
f 285/81/181 286/82/182 284/80/180
f 282/78/178 287/83/183 288/84/184
f 288/84/184 289/85/185 282/78/178
f 260/52/157 244/70/141 243/86/140
f 243/86/140 257/49/154 260/52/157
f 249/41/146 290/87/186 239/31/136
f 239/31/136 238/30/135 249/41/146
f 291/88/187 292/89/188 242/34/139
f 242/34/139 293/90/189 291/88/187
f 238/30/135 237/29/134 279/75/175
f 279/75/175 294/91/190 238/30/135
f 226/18/123 295/92/191 258/50/155
f 258/50/155 257/49/154 226/18/123
f 279/75/175 282/78/178 289/85/185
f 289/85/185 294/91/190 279/75/175
f 295/92/191 296/93/192 266/58/162
f 266/58/162 258/50/155 295/92/191
f 286/82/182 285/81/181 218/10/116
f 218/10/116 217/9/115 286/82/182
f 289/85/185 288/84/184 297/94/193
f 297/94/193 263/55/159 289/85/185
f 257/49/154 243/86/140 227/19/124
f 227/19/124 226/18/123 257/49/154
f 238/30/135 294/91/190 250/42/147
f 250/42/147 249/41/146 238/30/135
f 294/91/190 289/85/185 263/55/159
f 263/55/159 250/42/147 294/91/190
f 252/44/149 273/68/169 290/87/186
f 290/87/186 249/41/146 252/44/149
f 298/95/194 274/96/170 292/89/188
f 292/89/188 291/88/187 298/95/194
f 226/18/123 225/17/122 277/73/173
f 277/73/173 295/92/191 226/18/123
f 277/73/173 281/77/177 296/93/192
f 296/93/192 295/92/191 277/73/173
f 299/97/195 300/98/196 210/2/108
f 210/2/108 209/1/107 299/97/195
f 235/27/132 301/99/197 302/100/198
f 302/100/198 214/6/112 235/27/132
f 262/54/158 261/53/121 303/101/15
f 303/101/15 281/77/177 262/54/158
f 248/40/145 270/64/166 304/102/199
f 304/102/199 245/37/142 248/40/145
f 253/45/150 301/99/197 235/27/132
f 235/27/132 234/26/131 253/45/150
f 230/22/127 305/103/143 246/38/143
f 246/38/143 245/37/142 230/22/127
f 234/26/131 233/25/130 280/76/176
f 280/76/176 306/104/200 234/26/131
f 305/103/143 224/16/121 261/53/121
f 261/53/121 246/38/143 305/103/143
f 280/76/176 283/79/179 307/105/201
f 307/105/201 306/104/200 280/76/176
f 266/58/162 308/106/202 309/107/203
f 309/107/203 267/59/163 266/58/162
f 266/58/162 296/93/192 310/108/204
f 310/108/204 308/106/202 266/58/162
f 261/53/121 224/16/121 223/15/15
f 223/15/15 303/101/15 261/53/121
f 245/37/142 304/102/199 231/23/128
f 231/23/128 230/22/127 245/37/142
f 234/26/131 306/104/200 254/46/151
f 254/46/151 253/45/150 234/26/131
f 306/104/200 307/105/201 264/56/160
f 264/56/160 254/46/151 306/104/200
f 308/106/202 288/84/184 287/83/183
f 287/83/183 309/107/203 308/106/202
f 288/84/184 308/106/202 310/108/204
f 310/108/204 297/94/193 288/84/184
f 299/97/195 269/63/165 268/62/164
f 268/62/164 300/98/196 299/97/195
f 301/99/197 272/67/168 276/72/172
f 276/72/172 302/100/198 301/99/197
f 256/48/153 272/67/168 301/99/197
f 301/99/197 253/45/150 256/48/153
f 230/22/127 229/21/126 278/74/174
f 278/74/174 305/103/143 230/22/127
f 278/74/174 221/13/119 224/16/121
f 224/16/121 305/103/143 278/74/174
f 210/2/108 304/102/199 270/64/166
f 270/64/166 211/3/109 210/2/108
f 236/28/133 235/27/132 214/6/112
f 214/6/112 213/5/111 236/28/133
f 290/109/186 273/110/169 219/11/117
f 219/11/117 218/10/116 290/109/186
f 271/111/167 293/90/189 242/34/139
f 242/34/139 241/33/138 271/111/167
f 273/68/169 232/24/129 268/62/164
f 268/62/164 219/61/117 273/68/169
f 244/70/141 236/28/133 213/5/111
f 213/5/111 241/66/138 244/70/141
f 298/112/194 212/4/110 211/3/109
f 211/3/109 274/69/170 298/112/194
f 284/80/180 311/113/205 276/72/172
f 276/72/172 275/71/171 284/80/180
f 240/32/137 239/114/136 285/81/181
f 285/81/181 275/71/171 240/32/137
f 227/115/124 243/35/140 242/34/139
f 242/34/139 292/89/188 227/115/124
f 239/114/136 290/109/186 218/10/116
f 218/10/116 285/81/181 239/114/136
f 228/116/125 227/115/124 292/89/188
f 292/89/188 274/96/170 228/116/125
f 231/23/128 304/102/199 210/2/108
f 210/2/108 300/98/196 231/23/128
f 312/117/206 215/7/113 214/6/112
f 214/6/112 302/100/198 312/117/206
f 232/24/129 231/23/128 300/98/196
f 300/98/196 268/62/164 232/24/129
f 311/113/205 312/117/206 302/100/198
f 302/100/198 276/72/172 311/113/205
f 263/55/159 297/94/193 223/15/15
f 223/15/15 222/14/120 263/55/159
f 297/94/193 310/108/204 303/101/15
f 303/101/15 223/15/15 297/94/193
f 310/108/204 296/93/192 281/77/177
f 281/77/177 303/101/15 310/108/204
f 265/57/161 264/56/160 287/83/183
f 287/83/183 282/78/178 265/57/161
f 264/56/160 307/105/201 309/107/203
f 309/107/203 287/83/183 264/56/160
f 309/107/203 307/105/201 283/79/179
f 283/79/179 267/59/163 309/107/203
f 313/1/207 314/2/208 315/3/209
f 315/3/209 316/4/210 313/1/207
f 317/5/211 318/6/212 319/7/213
f 319/7/213 320/8/214 317/5/211
f 321/9/215 322/10/216 323/11/217
f 323/11/217 324/12/218 321/9/215
f 325/13/219 326/14/220 327/15/15
f 327/15/15 328/16/221 325/13/219
f 329/17/29 330/18/222 331/19/223
f 331/19/223 332/20/224 329/17/29
f 333/21/25 334/22/225 335/23/226
f 335/23/226 336/24/227 333/21/25
f 337/25/228 338/26/229 339/27/230
f 339/27/230 340/28/231 337/25/228
f 341/29/17 342/30/232 343/31/233
f 343/31/233 344/32/234 341/29/17
f 345/33/235 346/34/236 347/35/237
f 347/35/237 348/36/238 345/33/235
f 349/37/239 350/38/240 351/39/241
f 351/39/241 352/40/242 349/37/239
f 353/41/243 354/42/244 355/43/245
f 355/43/245 356/44/246 353/41/243
f 357/45/247 358/46/248 359/47/249
f 359/47/249 360/48/250 357/45/247
f 361/49/251 362/50/252 363/51/253
f 363/51/253 364/52/254 361/49/251
f 351/39/241 350/38/240 365/53/221
f 365/53/221 366/54/255 351/39/241
f 354/42/244 367/55/256 326/14/220
f 326/14/220 355/43/245 354/42/244
f 359/47/249 358/46/248 368/56/257
f 368/56/257 369/57/258 359/47/249
f 362/50/252 370/58/259 371/59/260
f 371/59/260 363/51/253 362/50/252
f 324/60/218 323/61/217 372/62/261
f 372/62/261 373/63/262 324/60/218
f 352/40/242 329/17/29 332/20/224
f 332/20/224 374/64/263 352/40/242
f 375/65/264 345/66/235 317/5/211
f 317/5/211 320/8/214 375/65/264
f 360/48/250 341/29/17 344/32/234
f 344/32/234 376/67/265 360/48/250
f 336/24/227 377/68/266 356/44/246
f 356/44/246 333/21/25 336/24/227
f 332/20/224 378/69/267 315/3/209
f 315/3/209 374/64/263 332/20/224
f 340/28/231 348/70/238 364/52/254
f 364/52/254 337/25/228 340/28/231
f 344/32/234 379/71/268 380/72/269
f 380/72/269 376/67/265 344/32/234
f 329/17/29 352/40/242 351/39/241
f 351/39/241 381/73/270 329/17/29
f 333/21/25 356/44/246 355/43/245
f 355/43/245 382/74/271 333/21/25
f 341/29/17 360/48/250 359/47/249
f 359/47/249 383/75/272 341/29/17
f 337/25/228 364/52/254 363/51/253
f 363/51/253 384/76/273 337/25/228
f 381/73/270 351/39/241 366/54/255
f 366/54/255 385/77/274 381/73/270
f 382/74/271 355/43/245 326/14/220
f 326/14/220 325/13/219 382/74/271
f 383/75/272 359/47/249 369/57/258
f 369/57/258 386/78/275 383/75/272
f 384/76/273 363/51/253 371/59/260
f 371/59/260 387/79/276 384/76/273
f 388/80/277 379/71/268 389/81/278
f 389/81/278 390/82/279 388/80/277
f 386/78/275 391/83/280 392/84/281
f 392/84/281 393/85/282 386/78/275
f 364/52/254 348/70/238 347/86/237
f 347/86/237 361/49/251 364/52/254
f 353/41/243 394/87/283 343/31/233
f 343/31/233 342/30/232 353/41/243
f 395/88/284 396/89/285 346/34/236
f 346/34/236 397/90/286 395/88/284
f 342/30/232 341/29/17 383/75/272
f 383/75/272 398/91/287 342/30/232
f 330/18/222 399/92/288 362/50/252
f 362/50/252 361/49/251 330/18/222
f 383/75/272 386/78/275 393/85/282
f 393/85/282 398/91/287 383/75/272
f 399/92/288 400/93/289 370/58/259
f 370/58/259 362/50/252 399/92/288
f 390/82/279 389/81/278 322/10/216
f 322/10/216 321/9/215 390/82/279
f 393/85/282 392/84/281 401/94/290
f 401/94/290 367/55/256 393/85/282
f 361/49/251 347/86/237 331/19/223
f 331/19/223 330/18/222 361/49/251
f 342/30/232 398/91/287 354/42/244
f 354/42/244 353/41/243 342/30/232
f 398/91/287 393/85/282 367/55/256
f 367/55/256 354/42/244 398/91/287
f 356/44/246 377/68/266 394/87/283
f 394/87/283 353/41/243 356/44/246
f 402/95/291 378/96/267 396/89/285
f 396/89/285 395/88/284 402/95/291
f 330/18/222 329/17/29 381/73/270
f 381/73/270 399/92/288 330/18/222
f 381/73/270 385/77/274 400/93/289
f 400/93/289 399/92/288 381/73/270
f 403/97/292 404/98/293 314/2/208
f 314/2/208 313/1/207 403/97/292
f 339/27/230 405/99/294 406/100/295
f 406/100/295 318/6/212 339/27/230
f 366/54/255 365/53/221 407/101/15
f 407/101/15 385/77/274 366/54/255
f 352/40/242 374/64/263 408/102/296
f 408/102/296 349/37/239 352/40/242
f 357/45/247 405/99/294 339/27/230
f 339/27/230 338/26/229 357/45/247
f 334/22/225 409/103/240 350/38/240
f 350/38/240 349/37/239 334/22/225
f 338/26/229 337/25/228 384/76/273
f 384/76/273 410/104/297 338/26/229
f 409/103/240 328/16/221 365/53/221
f 365/53/221 350/38/240 409/103/240
f 384/76/273 387/79/276 411/105/298
f 411/105/298 410/104/297 384/76/273
f 370/58/259 412/106/299 413/107/300
f 413/107/300 371/59/260 370/58/259
f 370/58/259 400/93/289 414/108/301
f 414/108/301 412/106/299 370/58/259
f 365/53/221 328/16/221 327/15/15
f 327/15/15 407/101/15 365/53/221
f 349/37/239 408/102/296 335/23/226
f 335/23/226 334/22/225 349/37/239
f 338/26/229 410/104/297 358/46/248
f 358/46/248 357/45/247 338/26/229
f 410/104/297 411/105/298 368/56/257
f 368/56/257 358/46/248 410/104/297
f 412/106/299 392/84/281 391/83/280
f 391/83/280 413/107/300 412/106/299
f 392/84/281 412/106/299 414/108/301
f 414/108/301 401/94/290 392/84/281
f 403/97/292 373/63/262 372/62/261
f 372/62/261 404/98/293 403/97/292
f 405/99/294 376/67/265 380/72/269
f 380/72/269 406/100/295 405/99/294
f 360/48/250 376/67/265 405/99/294
f 405/99/294 357/45/247 360/48/250
f 334/22/225 333/21/25 382/74/271
f 382/74/271 409/103/240 334/22/225
f 382/74/271 325/13/219 328/16/221
f 328/16/221 409/103/240 382/74/271
f 314/2/208 408/102/296 374/64/263
f 374/64/263 315/3/209 314/2/208
f 340/28/231 339/27/230 318/6/212
f 318/6/212 317/5/211 340/28/231
f 394/109/283 377/110/266 323/11/217
f 323/11/217 322/10/216 394/109/283
f 375/111/264 397/90/286 346/34/236
f 346/34/236 345/33/235 375/111/264
f 377/68/266 336/24/227 372/62/261
f 372/62/261 323/61/217 377/68/266
f 348/70/238 340/28/231 317/5/211
f 317/5/211 345/66/235 348/70/238
f 402/112/291 316/4/210 315/3/209
f 315/3/209 378/69/267 402/112/291
f 388/80/277 415/113/302 380/72/269
f 380/72/269 379/71/268 388/80/277
f 344/32/234 343/114/233 389/81/278
f 389/81/278 379/71/268 344/32/234
f 331/115/223 347/35/237 346/34/236
f 346/34/236 396/89/285 331/115/223
f 343/114/233 394/109/283 322/10/216
f 322/10/216 389/81/278 343/114/233
f 332/116/224 331/115/223 396/89/285
f 396/89/285 378/96/267 332/116/224
f 335/23/226 408/102/296 314/2/208
f 314/2/208 404/98/293 335/23/226
f 416/117/303 319/7/213 318/6/212
f 318/6/212 406/100/295 416/117/303
f 336/24/227 335/23/226 404/98/293
f 404/98/293 372/62/261 336/24/227
f 415/113/302 416/117/303 406/100/295
f 406/100/295 380/72/269 415/113/302
f 367/55/256 401/94/290 327/15/15
f 327/15/15 326/14/220 367/55/256
f 401/94/290 414/108/301 407/101/15
f 407/101/15 327/15/15 401/94/290
f 414/108/301 400/93/289 385/77/274
f 385/77/274 407/101/15 414/108/301
f 369/57/258 368/56/257 391/83/280
f 391/83/280 386/78/275 369/57/258
f 368/56/257 411/105/298 413/107/300
f 413/107/300 391/83/280 368/56/257
f 413/107/300 411/105/298 387/79/276
f 387/79/276 371/59/260 413/107/300
f 417/1/107 418/2/108 419/3/109
f 419/3/109 420/4/110 417/1/107
f 421/5/111 422/6/112 423/7/113
f 423/7/113 424/8/114 421/5/111
f 425/9/115 426/10/116 427/11/117
f 427/11/117 428/12/118 425/9/115
f 429/13/119 430/14/120 431/15/15
f 431/15/15 432/16/121 429/13/119
f 433/17/122 434/18/123 435/19/124
f 435/19/124 436/20/125 433/17/122
f 437/21/126 438/22/127 439/23/128
f 439/23/128 440/24/129 437/21/126
f 441/25/130 442/26/131 443/27/132
f 443/27/132 444/28/133 441/25/130
f 445/29/134 446/30/135 447/31/136
f 447/31/136 448/32/137 445/29/134
f 449/33/138 450/34/139 451/35/140
f 451/35/140 452/36/141 449/33/138
f 453/37/142 454/38/143 455/39/144
f 455/39/144 456/40/145 453/37/142
f 457/41/146 458/42/147 459/43/148
f 459/43/148 460/44/149 457/41/146
f 461/45/150 462/46/151 463/47/152
f 463/47/152 464/48/153 461/45/150
f 465/49/154 466/50/155 467/51/156
f 467/51/156 468/52/157 465/49/154
f 455/39/144 454/38/143 469/53/121
f 469/53/121 470/54/158 455/39/144
f 458/42/147 471/55/159 430/14/120
f 430/14/120 459/43/148 458/42/147
f 463/47/152 462/46/151 472/56/160
f 472/56/160 473/57/161 463/47/152
f 466/50/155 474/58/162 475/59/163
f 475/59/163 467/51/156 466/50/155
f 428/60/118 427/61/117 476/62/164
f 476/62/164 477/63/165 428/60/118
f 456/40/145 433/17/122 436/20/125
f 436/20/125 478/64/166 456/40/145
f 479/65/167 449/66/138 421/5/111
f 421/5/111 424/8/114 479/65/167
f 464/48/153 445/29/134 448/32/137
f 448/32/137 480/67/168 464/48/153
f 440/24/129 481/68/169 460/44/149
f 460/44/149 437/21/126 440/24/129
f 436/20/125 482/69/170 419/3/109
f 419/3/109 478/64/166 436/20/125
f 444/28/133 452/70/141 468/52/157
f 468/52/157 441/25/130 444/28/133
f 448/32/137 483/71/171 484/72/172
f 484/72/172 480/67/168 448/32/137
f 433/17/122 456/40/145 455/39/144
f 455/39/144 485/73/173 433/17/122
f 437/21/126 460/44/149 459/43/148
f 459/43/148 486/74/174 437/21/126
f 445/29/134 464/48/153 463/47/152
f 463/47/152 487/75/175 445/29/134
f 441/25/130 468/52/157 467/51/156
f 467/51/156 488/76/176 441/25/130
f 485/73/173 455/39/144 470/54/158
f 470/54/158 489/77/177 485/73/173
f 486/74/174 459/43/148 430/14/120
f 430/14/120 429/13/119 486/74/174
f 487/75/175 463/47/152 473/57/161
f 473/57/161 490/78/178 487/75/175
f 488/76/176 467/51/156 475/59/163
f 475/59/163 491/79/179 488/76/176
f 492/80/180 483/71/171 493/81/181
f 493/81/181 494/82/182 492/80/180
f 490/78/178 495/83/183 496/84/184
f 496/84/184 497/85/185 490/78/178
f 468/52/157 452/70/141 451/86/140
f 451/86/140 465/49/154 468/52/157
f 457/41/146 498/87/186 447/31/136
f 447/31/136 446/30/135 457/41/146
f 499/88/187 500/89/188 450/34/139
f 450/34/139 501/90/189 499/88/187
f 446/30/135 445/29/134 487/75/175
f 487/75/175 502/91/190 446/30/135
f 434/18/123 503/92/191 466/50/155
f 466/50/155 465/49/154 434/18/123
f 487/75/175 490/78/178 497/85/185
f 497/85/185 502/91/190 487/75/175
f 503/92/191 504/93/192 474/58/162
f 474/58/162 466/50/155 503/92/191
f 494/82/182 493/81/181 426/10/116
f 426/10/116 425/9/115 494/82/182
f 497/85/185 496/84/184 505/94/193
f 505/94/193 471/55/159 497/85/185
f 465/49/154 451/86/140 435/19/124
f 435/19/124 434/18/123 465/49/154
f 446/30/135 502/91/190 458/42/147
f 458/42/147 457/41/146 446/30/135
f 502/91/190 497/85/185 471/55/159
f 471/55/159 458/42/147 502/91/190
f 460/44/149 481/68/169 498/87/186
f 498/87/186 457/41/146 460/44/149
f 506/95/194 482/96/170 500/89/188
f 500/89/188 499/88/187 506/95/194
f 434/18/123 433/17/122 485/73/173
f 485/73/173 503/92/191 434/18/123
f 485/73/173 489/77/177 504/93/192
f 504/93/192 503/92/191 485/73/173
f 507/97/195 508/98/196 418/2/108
f 418/2/108 417/1/107 507/97/195
f 443/27/132 509/99/197 510/100/198
f 510/100/198 422/6/112 443/27/132
f 470/54/158 469/53/121 511/101/15
f 511/101/15 489/77/177 470/54/158
f 456/40/145 478/64/166 512/102/199
f 512/102/199 453/37/142 456/40/145
f 461/45/150 509/99/197 443/27/132
f 443/27/132 442/26/131 461/45/150
f 438/22/127 513/103/143 454/38/143
f 454/38/143 453/37/142 438/22/127
f 442/26/131 441/25/130 488/76/176
f 488/76/176 514/104/200 442/26/131
f 513/103/143 432/16/121 469/53/121
f 469/53/121 454/38/143 513/103/143
f 488/76/176 491/79/179 515/105/201
f 515/105/201 514/104/200 488/76/176
f 474/58/162 516/106/202 517/107/203
f 517/107/203 475/59/163 474/58/162
f 474/58/162 504/93/192 518/108/204
f 518/108/204 516/106/202 474/58/162
f 469/53/121 432/16/121 431/15/15
f 431/15/15 511/101/15 469/53/121
f 453/37/142 512/102/199 439/23/128
f 439/23/128 438/22/127 453/37/142
f 442/26/131 514/104/200 462/46/151
f 462/46/151 461/45/150 442/26/131
f 514/104/200 515/105/201 472/56/160
f 472/56/160 462/46/151 514/104/200
f 516/106/202 496/84/184 495/83/183
f 495/83/183 517/107/203 516/106/202
f 496/84/184 516/106/202 518/108/204
f 518/108/204 505/94/193 496/84/184
f 507/97/195 477/63/165 476/62/164
f 476/62/164 508/98/196 507/97/195
f 509/99/197 480/67/168 484/72/172
f 484/72/172 510/100/198 509/99/197
f 464/48/153 480/67/168 509/99/197
f 509/99/197 461/45/150 464/48/153
f 438/22/127 437/21/126 486/74/174
f 486/74/174 513/103/143 438/22/127
f 486/74/174 429/13/119 432/16/121
f 432/16/121 513/103/143 486/74/174
f 418/2/108 512/102/199 478/64/166
f 478/64/166 419/3/109 418/2/108
f 444/28/133 443/27/132 422/6/112
f 422/6/112 421/5/111 444/28/133
f 498/109/186 481/110/169 427/11/117
f 427/11/117 426/10/116 498/109/186
f 479/111/167 501/90/189 450/34/139
f 450/34/139 449/33/138 479/111/167
f 481/68/169 440/24/129 476/62/164
f 476/62/164 427/61/117 481/68/169
f 452/70/141 444/28/133 421/5/111
f 421/5/111 449/66/138 452/70/141
f 506/112/194 420/4/110 419/3/109
f 419/3/109 482/69/170 506/112/194
f 492/80/180 519/113/205 484/72/172
f 484/72/172 483/71/171 492/80/180
f 448/32/137 447/114/136 493/81/181
f 493/81/181 483/71/171 448/32/137
f 435/115/124 451/35/140 450/34/139
f 450/34/139 500/89/188 435/115/124
f 447/114/136 498/109/186 426/10/116
f 426/10/116 493/81/181 447/114/136
f 436/116/125 435/115/124 500/89/188
f 500/89/188 482/96/170 436/116/125
f 439/23/128 512/102/199 418/2/108
f 418/2/108 508/98/196 439/23/128
f 520/117/206 423/7/113 422/6/112
f 422/6/112 510/100/198 520/117/206
f 440/24/129 439/23/128 508/98/196
f 508/98/196 476/62/164 440/24/129
f 519/113/205 520/117/206 510/100/198
f 510/100/198 484/72/172 519/113/205
f 471/55/159 505/94/193 431/15/15
f 431/15/15 430/14/120 471/55/159
f 505/94/193 518/108/204 511/101/15
f 511/101/15 431/15/15 505/94/193
f 518/108/204 504/93/192 489/77/177
f 489/77/177 511/101/15 518/108/204
f 473/57/161 472/56/160 495/83/183
f 495/83/183 490/78/178 473/57/161
f 472/56/160 515/105/201 517/107/203
f 517/107/203 495/83/183 472/56/160
f 517/107/203 515/105/201 491/79/179
f 491/79/179 475/59/163 517/107/203
f 521/1/107 522/2/108 523/3/109
f 523/3/109 524/4/110 521/1/107
f 525/5/111 526/6/112 527/7/113
f 527/7/113 528/8/114 525/5/111
f 529/9/115 530/10/116 531/11/117
f 531/11/117 532/12/118 529/9/115
f 533/13/119 534/14/120 535/15/15
f 535/15/15 536/16/121 533/13/119
f 537/17/122 538/18/123 539/19/124
f 539/19/124 540/20/125 537/17/122
f 541/21/126 542/22/127 543/23/128
f 543/23/128 544/24/129 541/21/126
f 545/25/304 546/26/305 547/27/132
f 547/27/132 548/28/133 545/25/304
f 549/29/134 550/30/135 551/31/136
f 551/31/136 552/32/137 549/29/134
f 553/33/138 554/34/139 555/35/140
f 555/35/140 556/36/141 553/33/138
f 557/37/142 558/38/143 559/39/144
f 559/39/144 560/40/145 557/37/142
f 561/41/146 562/42/147 563/43/148
f 563/43/148 564/44/149 561/41/146
f 565/45/150 566/46/151 567/47/152
f 567/47/152 568/48/153 565/45/150
f 569/49/154 570/50/155 571/51/156
f 571/51/156 572/52/157 569/49/154
f 559/39/144 558/38/143 573/53/121
f 573/53/121 574/54/158 559/39/144
f 562/42/147 575/55/159 534/14/120
f 534/14/120 563/43/148 562/42/147
f 567/47/152 566/46/151 576/56/160
f 576/56/160 577/57/161 567/47/152
f 570/50/155 578/58/162 579/59/163
f 579/59/163 571/51/156 570/50/155
f 532/60/118 531/61/117 580/62/164
f 580/62/164 581/63/165 532/60/118
f 560/40/145 537/17/122 540/20/125
f 540/20/125 582/64/166 560/40/145
f 583/65/167 553/66/138 525/5/111
f 525/5/111 528/8/114 583/65/167
f 568/48/153 549/29/134 552/32/137
f 552/32/137 584/67/168 568/48/153
f 544/24/129 585/68/169 564/44/149
f 564/44/149 541/21/126 544/24/129
f 540/20/125 586/69/170 523/3/109
f 523/3/109 582/64/166 540/20/125
f 548/28/133 556/70/141 572/52/157
f 572/52/157 545/25/304 548/28/133
f 552/32/137 587/71/171 588/72/172
f 588/72/172 584/67/168 552/32/137
f 537/17/122 560/40/145 559/39/144
f 559/39/144 589/73/173 537/17/122
f 541/21/126 564/44/149 563/43/148
f 563/43/148 590/74/174 541/21/126
f 549/29/134 568/48/153 567/47/152
f 567/47/152 591/75/175 549/29/134
f 545/25/304 572/52/157 571/51/156
f 571/51/156 592/76/176 545/25/304
f 589/73/173 559/39/144 574/54/158
f 574/54/158 593/77/177 589/73/173
f 590/74/174 563/43/148 534/14/120
f 534/14/120 533/13/119 590/74/174
f 591/75/175 567/47/152 577/57/161
f 577/57/161 594/78/306 591/75/175
f 592/76/176 571/51/156 579/59/163
f 579/59/163 595/79/179 592/76/176
f 596/80/180 587/71/171 597/81/181
f 597/81/181 598/82/182 596/80/180
f 594/78/306 599/83/183 600/84/184
f 600/84/184 601/85/185 594/78/306
f 572/52/157 556/70/141 555/86/140
f 555/86/140 569/49/154 572/52/157
f 561/41/146 602/87/186 551/31/136
f 551/31/136 550/30/135 561/41/146
f 603/88/187 604/89/188 554/34/139
f 554/34/139 605/90/189 603/88/187
f 550/30/135 549/29/134 591/75/175
f 591/75/175 606/91/190 550/30/135
f 538/18/123 607/92/191 570/50/155
f 570/50/155 569/49/154 538/18/123
f 591/75/175 594/78/306 601/85/185
f 601/85/185 606/91/190 591/75/175
f 607/92/191 608/93/192 578/58/162
f 578/58/162 570/50/155 607/92/191
f 598/82/182 597/81/181 530/10/116
f 530/10/116 529/9/115 598/82/182
f 601/85/185 600/84/184 609/94/193
f 609/94/193 575/55/159 601/85/185
f 569/49/154 555/86/140 539/19/124
f 539/19/124 538/18/123 569/49/154
f 550/30/135 606/91/190 562/42/147
f 562/42/147 561/41/146 550/30/135
f 606/91/190 601/85/185 575/55/159
f 575/55/159 562/42/147 606/91/190
f 564/44/149 585/68/169 602/87/186
f 602/87/186 561/41/146 564/44/149
f 610/95/194 586/96/170 604/89/188
f 604/89/188 603/88/187 610/95/194
f 538/18/123 537/17/122 589/73/173
f 589/73/173 607/92/191 538/18/123
f 589/73/173 593/77/177 608/93/192
f 608/93/192 607/92/191 589/73/173
f 611/97/195 612/98/196 522/2/108
f 522/2/108 521/1/107 611/97/195
f 547/27/132 613/99/197 614/100/198
f 614/100/198 526/6/112 547/27/132
f 574/54/158 573/53/121 615/101/15
f 615/101/15 593/77/177 574/54/158
f 560/40/145 582/64/166 616/102/199
f 616/102/199 557/37/142 560/40/145
f 565/45/150 613/99/197 547/27/132
f 547/27/132 546/26/305 565/45/150
f 542/22/127 617/103/143 558/38/143
f 558/38/143 557/37/142 542/22/127
f 546/26/305 545/25/304 592/76/176
f 592/76/176 618/104/200 546/26/305
f 617/103/143 536/16/121 573/53/121
f 573/53/121 558/38/143 617/103/143
f 592/76/176 595/79/179 619/105/201
f 619/105/201 618/104/200 592/76/176
f 578/58/162 620/106/202 621/107/203
f 621/107/203 579/59/163 578/58/162
f 578/58/162 608/93/192 622/108/204
f 622/108/204 620/106/202 578/58/162
f 573/53/121 536/16/121 535/15/15
f 535/15/15 615/101/15 573/53/121
f 557/37/142 616/102/199 543/23/128
f 543/23/128 542/22/127 557/37/142
f 546/26/305 618/104/200 566/46/151
f 566/46/151 565/45/150 546/26/305
f 618/104/200 619/105/201 576/56/160
f 576/56/160 566/46/151 618/104/200
f 620/106/202 600/84/184 599/83/183
f 599/83/183 621/107/203 620/106/202
f 600/84/184 620/106/202 622/108/204
f 622/108/204 609/94/193 600/84/184
f 611/97/195 581/63/165 580/62/164
f 580/62/164 612/98/196 611/97/195
f 613/99/197 584/67/168 588/72/172
f 588/72/172 614/100/198 613/99/197
f 568/48/153 584/67/168 613/99/197
f 613/99/197 565/45/150 568/48/153
f 542/22/127 541/21/126 590/74/174
f 590/74/174 617/103/143 542/22/127
f 590/74/174 533/13/119 536/16/121
f 536/16/121 617/103/143 590/74/174
f 522/2/108 616/102/199 582/64/166
f 582/64/166 523/3/109 522/2/108
f 548/28/133 547/27/132 526/6/112
f 526/6/112 525/5/111 548/28/133
f 602/109/186 585/110/169 531/11/117
f 531/11/117 530/10/116 602/109/186
f 583/111/167 605/90/189 554/34/139
f 554/34/139 553/33/138 583/111/167
f 585/68/169 544/24/129 580/62/164
f 580/62/164 531/61/117 585/68/169
f 556/70/141 548/28/133 525/5/111
f 525/5/111 553/66/138 556/70/141
f 610/112/194 524/4/110 523/3/109
f 523/3/109 586/69/170 610/112/194
f 596/80/180 623/113/205 588/72/172
f 588/72/172 587/71/171 596/80/180
f 552/32/137 551/114/136 597/81/181
f 597/81/181 587/71/171 552/32/137
f 539/115/124 555/35/140 554/34/139
f 554/34/139 604/89/188 539/115/124
f 551/114/136 602/109/186 530/10/116
f 530/10/116 597/81/181 551/114/136
f 540/116/125 539/115/124 604/89/188
f 604/89/188 586/96/170 540/116/125
f 543/23/128 616/102/199 522/2/108
f 522/2/108 612/98/196 543/23/128
f 624/117/206 527/7/113 526/6/112
f 526/6/112 614/100/198 624/117/206
f 544/24/129 543/23/128 612/98/196
f 612/98/196 580/62/164 544/24/129
f 623/113/205 624/117/206 614/100/198
f 614/100/198 588/72/172 623/113/205
f 575/55/159 609/94/193 535/15/15
f 535/15/15 534/14/120 575/55/159
f 609/94/193 622/108/204 615/101/15
f 615/101/15 535/15/15 609/94/193
f 622/108/204 608/93/192 593/77/177
f 593/77/177 615/101/15 622/108/204
f 577/57/161 576/56/160 599/83/183
f 599/83/183 594/78/306 577/57/161
f 576/56/160 619/105/201 621/107/203
f 621/107/203 599/83/183 576/56/160
f 621/107/203 619/105/201 595/79/179
f 595/79/179 579/59/163 621/107/203
f 625/1/207 626/2/307 627/3/209
f 627/3/209 628/4/210 625/1/207
f 629/5/211 630/6/212 631/7/213
f 631/7/213 632/8/214 629/5/211
f 633/9/215 634/10/216 635/11/217
f 635/11/217 636/12/218 633/9/215
f 637/13/219 638/14/220 639/15/15
f 639/15/15 640/16/221 637/13/219
f 641/17/29 642/18/222 643/19/223
f 643/19/223 644/20/224 641/17/29
f 645/21/25 646/22/225 647/23/226
f 647/23/226 648/24/227 645/21/25
f 649/25/228 650/26/229 651/27/230
f 651/27/230 652/28/231 649/25/228
f 653/29/17 654/30/232 655/31/233
f 655/31/233 656/32/234 653/29/17
f 657/33/235 658/34/236 659/35/237
f 659/35/237 660/36/238 657/33/235
f 661/37/239 662/38/240 663/39/241
f 663/39/241 664/40/242 661/37/239
f 665/41/243 666/42/244 667/43/245
f 667/43/245 668/44/246 665/41/243
f 669/45/247 670/46/248 671/47/249
f 671/47/249 672/48/250 669/45/247
f 673/49/251 674/50/252 675/51/253
f 675/51/253 676/52/254 673/49/251
f 663/39/241 662/38/240 677/53/221
f 677/53/221 678/54/255 663/39/241
f 666/42/244 679/55/256 638/14/220
f 638/14/220 667/43/245 666/42/244
f 671/47/249 670/46/248 680/56/257
f 680/56/257 681/57/258 671/47/249
f 674/50/252 682/58/259 683/59/260
f 683/59/260 675/51/253 674/50/252
f 636/60/218 635/61/217 684/62/261
f 684/62/261 685/63/262 636/60/218
f 664/40/242 641/17/29 644/20/224
f 644/20/224 686/64/263 664/40/242
f 687/65/264 657/66/235 629/5/211
f 629/5/211 632/8/214 687/65/264
f 672/48/250 653/29/17 656/32/234
f 656/32/234 688/67/265 672/48/250
f 648/24/227 689/68/266 668/44/246
f 668/44/246 645/21/25 648/24/227
f 644/20/224 690/69/267 627/3/209
f 627/3/209 686/64/263 644/20/224
f 652/28/231 660/70/238 676/52/254
f 676/52/254 649/25/228 652/28/231
f 656/32/234 691/71/268 692/72/269
f 692/72/269 688/67/265 656/32/234
f 641/17/29 664/40/242 663/39/241
f 663/39/241 693/73/270 641/17/29
f 645/21/25 668/44/246 667/43/245
f 667/43/245 694/74/271 645/21/25
f 653/29/17 672/48/250 671/47/249
f 671/47/249 695/75/272 653/29/17
f 649/25/228 676/52/254 675/51/253
f 675/51/253 696/76/273 649/25/228
f 693/73/270 663/39/241 678/54/255
f 678/54/255 697/77/274 693/73/270
f 694/74/271 667/43/245 638/14/220
f 638/14/220 637/13/219 694/74/271
f 695/75/272 671/47/249 681/57/258
f 681/57/258 698/78/308 695/75/272
f 696/76/273 675/51/253 683/59/260
f 683/59/260 699/79/276 696/76/273
f 700/80/277 691/71/268 701/81/278
f 701/81/278 702/82/279 700/80/277
f 698/78/308 703/83/280 704/84/281
f 704/84/281 705/85/282 698/78/308
f 676/52/254 660/70/238 659/86/237
f 659/86/237 673/49/251 676/52/254
f 665/41/243 706/87/283 655/31/233
f 655/31/233 654/30/232 665/41/243
f 707/88/284 708/89/285 658/34/236
f 658/34/236 709/90/286 707/88/284
f 654/30/232 653/29/17 695/75/272
f 695/75/272 710/91/287 654/30/232
f 642/18/222 711/92/288 674/50/252
f 674/50/252 673/49/251 642/18/222
f 695/75/272 698/78/308 705/85/282
f 705/85/282 710/91/287 695/75/272
f 711/92/288 712/93/289 682/58/259
f 682/58/259 674/50/252 711/92/288
f 702/82/279 701/81/278 634/10/216
f 634/10/216 633/9/215 702/82/279
f 705/85/282 704/84/281 713/94/290
f 713/94/290 679/55/256 705/85/282
f 673/49/251 659/86/237 643/19/223
f 643/19/223 642/18/222 673/49/251
f 654/30/232 710/91/287 666/42/244
f 666/42/244 665/41/243 654/30/232
f 710/91/287 705/85/282 679/55/256
f 679/55/256 666/42/244 710/91/287
f 668/44/246 689/68/266 706/87/283
f 706/87/283 665/41/243 668/44/246
f 714/95/291 690/96/267 708/89/285
f 708/89/285 707/88/284 714/95/291
f 642/18/222 641/17/29 693/73/270
f 693/73/270 711/92/288 642/18/222
f 693/73/270 697/77/274 712/93/289
f 712/93/289 711/92/288 693/73/270
f 715/97/292 716/98/293 626/2/307
f 626/2/307 625/1/207 715/97/292
f 651/27/230 717/99/294 718/100/295
f 718/100/295 630/6/212 651/27/230
f 678/54/255 677/53/221 719/101/15
f 719/101/15 697/77/274 678/54/255
f 664/40/242 686/64/263 720/102/296
f 720/102/296 661/37/239 664/40/242
f 669/45/247 717/99/294 651/27/230
f 651/27/230 650/26/229 669/45/247
f 646/22/225 721/103/240 662/38/240
f 662/38/240 661/37/239 646/22/225
f 650/26/229 649/25/228 696/76/273
f 696/76/273 722/104/297 650/26/229
f 721/103/240 640/16/221 677/53/221
f 677/53/221 662/38/240 721/103/240
f 696/76/273 699/79/276 723/105/298
f 723/105/298 722/104/297 696/76/273
f 682/58/259 724/106/299 725/107/300
f 725/107/300 683/59/260 682/58/259
f 682/58/259 712/93/289 726/108/301
f 726/108/301 724/106/299 682/58/259
f 677/53/221 640/16/221 639/15/15
f 639/15/15 719/101/15 677/53/221
f 661/37/239 720/102/296 647/23/226
f 647/23/226 646/22/225 661/37/239
f 650/26/229 722/104/297 670/46/248
f 670/46/248 669/45/247 650/26/229
f 722/104/297 723/105/298 680/56/257
f 680/56/257 670/46/248 722/104/297
f 724/106/299 704/84/281 703/83/280
f 703/83/280 725/107/300 724/106/299
f 704/84/281 724/106/299 726/108/301
f 726/108/301 713/94/290 704/84/281
f 715/97/292 685/63/262 684/62/261
f 684/62/261 716/98/293 715/97/292
f 717/99/294 688/67/265 692/72/269
f 692/72/269 718/100/295 717/99/294
f 672/48/250 688/67/265 717/99/294
f 717/99/294 669/45/247 672/48/250
f 646/22/225 645/21/25 694/74/271
f 694/74/271 721/103/240 646/22/225
f 694/74/271 637/13/219 640/16/221
f 640/16/221 721/103/240 694/74/271
f 626/2/307 720/102/296 686/64/263
f 686/64/263 627/3/209 626/2/307
f 652/28/231 651/27/230 630/6/212
f 630/6/212 629/5/211 652/28/231
f 706/109/283 689/110/266 635/11/217
f 635/11/217 634/10/216 706/109/283
f 687/111/264 709/90/286 658/34/236
f 658/34/236 657/33/235 687/111/264
f 689/68/266 648/24/227 684/62/261
f 684/62/261 635/61/217 689/68/266
f 660/70/238 652/28/231 629/5/211
f 629/5/211 657/66/235 660/70/238
f 714/112/291 628/4/210 627/3/209
f 627/3/209 690/69/267 714/112/291
f 700/80/277 727/113/302 692/72/269
f 692/72/269 691/71/268 700/80/277
f 656/32/234 655/114/233 701/81/278
f 701/81/278 691/71/268 656/32/234
f 643/115/223 659/35/237 658/34/236
f 658/34/236 708/89/285 643/115/223
f 655/114/233 706/109/283 634/10/216
f 634/10/216 701/81/278 655/114/233
f 644/116/224 643/115/223 708/89/285
f 708/89/285 690/96/267 644/116/224
f 647/23/226 720/102/296 626/2/307
f 626/2/307 716/98/293 647/23/226
f 728/117/303 631/7/213 630/6/212
f 630/6/212 718/100/295 728/117/303
f 648/24/227 647/23/226 716/98/293
f 716/98/293 684/62/261 648/24/227
f 727/113/302 728/117/303 718/100/295
f 718/100/295 692/72/269 727/113/302
f 679/55/256 713/94/290 639/15/15
f 639/15/15 638/14/220 679/55/256
f 713/94/290 726/108/301 719/101/15
f 719/101/15 639/15/15 713/94/290
f 726/108/301 712/93/289 697/77/274
f 697/77/274 719/101/15 726/108/301
f 681/57/258 680/56/257 703/83/280
f 703/83/280 698/78/308 681/57/258
f 680/56/257 723/105/298 725/107/300
f 725/107/300 703/83/280 680/56/257
f 725/107/300 723/105/298 699/79/276
f 699/79/276 683/59/260 725/107/300
f 729/1/207 730/2/307 731/3/209
f 731/3/209 732/4/210 729/1/207
f 733/5/211 734/6/212 735/7/213
f 735/7/213 736/8/214 733/5/211
f 737/9/215 738/10/216 739/11/217
f 739/11/217 740/12/218 737/9/215
f 741/13/219 742/14/220 743/15/15
f 743/15/15 744/16/221 741/13/219
f 745/17/29 746/18/222 747/19/223
f 747/19/223 748/20/309 745/17/29
f 749/21/25 750/22/225 751/23/226
f 751/23/226 752/24/227 749/21/25
f 753/25/228 754/26/229 755/27/230
f 755/27/230 756/28/231 753/25/228
f 757/29/17 758/30/232 759/31/233
f 759/31/233 760/32/234 757/29/17
f 761/33/235 762/34/236 763/35/237
f 763/35/237 764/36/238 761/33/235
f 765/37/239 766/38/240 767/39/241
f 767/39/241 768/40/242 765/37/239
f 769/41/243 770/42/244 771/43/245
f 771/43/245 772/44/246 769/41/243
f 773/45/247 774/46/248 775/47/249
f 775/47/249 776/48/250 773/45/247
f 777/49/251 778/50/252 779/51/253
f 779/51/253 780/52/254 777/49/251
f 767/39/241 766/38/240 781/53/221
f 781/53/221 782/54/255 767/39/241
f 770/42/244 783/55/256 742/14/220
f 742/14/220 771/43/245 770/42/244
f 775/47/249 774/46/248 784/56/257
f 784/56/257 785/57/258 775/47/249
f 778/50/252 786/58/259 787/59/260
f 787/59/260 779/51/253 778/50/252
f 740/60/218 739/61/217 788/62/261
f 788/62/261 789/63/262 740/60/218
f 768/40/242 745/17/29 748/20/309
f 748/20/309 790/64/263 768/40/242
f 791/65/264 761/66/235 733/5/211
f 733/5/211 736/8/214 791/65/264
f 776/48/250 757/29/17 760/32/234
f 760/32/234 792/67/265 776/48/250
f 752/24/227 793/68/266 772/44/246
f 772/44/246 749/21/25 752/24/227
f 748/20/309 794/69/267 731/3/209
f 731/3/209 790/64/263 748/20/309
f 756/28/231 764/70/238 780/52/254
f 780/52/254 753/25/228 756/28/231
f 760/32/234 795/71/268 796/72/269
f 796/72/269 792/67/265 760/32/234
f 745/17/29 768/40/242 767/39/241
f 767/39/241 797/73/270 745/17/29
f 749/21/25 772/44/246 771/43/245
f 771/43/245 798/74/271 749/21/25
f 757/29/17 776/48/250 775/47/249
f 775/47/249 799/75/272 757/29/17
f 753/25/228 780/52/254 779/51/253
f 779/51/253 800/76/273 753/25/228
f 797/73/270 767/39/241 782/54/255
f 782/54/255 801/77/274 797/73/270
f 798/74/271 771/43/245 742/14/220
f 742/14/220 741/13/219 798/74/271
f 799/75/272 775/47/249 785/57/258
f 785/57/258 802/78/275 799/75/272
f 800/76/273 779/51/253 787/59/260
f 787/59/260 803/79/276 800/76/273
f 804/80/277 795/71/268 805/81/278
f 805/81/278 806/82/279 804/80/277
f 802/78/275 807/83/280 808/84/281
f 808/84/281 809/85/282 802/78/275
f 780/52/254 764/70/238 763/86/237
f 763/86/237 777/49/251 780/52/254
f 769/41/243 810/87/283 759/31/233
f 759/31/233 758/30/232 769/41/243
f 811/88/284 812/89/285 762/34/236
f 762/34/236 813/90/286 811/88/284
f 758/30/232 757/29/17 799/75/272
f 799/75/272 814/91/287 758/30/232
f 746/18/222 815/92/288 778/50/252
f 778/50/252 777/49/251 746/18/222
f 799/75/272 802/78/275 809/85/282
f 809/85/282 814/91/287 799/75/272
f 815/92/288 816/93/289 786/58/259
f 786/58/259 778/50/252 815/92/288
f 806/82/279 805/81/278 738/10/216
f 738/10/216 737/9/215 806/82/279
f 809/85/282 808/84/281 817/94/290
f 817/94/290 783/55/256 809/85/282
f 777/49/251 763/86/237 747/19/223
f 747/19/223 746/18/222 777/49/251
f 758/30/232 814/91/287 770/42/244
f 770/42/244 769/41/243 758/30/232
f 814/91/287 809/85/282 783/55/256
f 783/55/256 770/42/244 814/91/287
f 772/44/246 793/68/266 810/87/283
f 810/87/283 769/41/243 772/44/246
f 818/95/291 794/96/267 812/89/285
f 812/89/285 811/88/284 818/95/291
f 746/18/222 745/17/29 797/73/270
f 797/73/270 815/92/288 746/18/222
f 797/73/270 801/77/274 816/93/289
f 816/93/289 815/92/288 797/73/270
f 819/97/292 820/98/293 730/2/307
f 730/2/307 729/1/207 819/97/292
f 755/27/230 821/99/294 822/100/295
f 822/100/295 734/6/212 755/27/230
f 782/54/255 781/53/221 823/101/15
f 823/101/15 801/77/274 782/54/255
f 768/40/242 790/64/263 824/102/296
f 824/102/296 765/37/239 768/40/242
f 773/45/247 821/99/294 755/27/230
f 755/27/230 754/26/229 773/45/247
f 750/22/225 825/103/240 766/38/240
f 766/38/240 765/37/239 750/22/225
f 754/26/229 753/25/228 800/76/273
f 800/76/273 826/104/297 754/26/229
f 825/103/240 744/16/221 781/53/221
f 781/53/221 766/38/240 825/103/240
f 800/76/273 803/79/276 827/105/298
f 827/105/298 826/104/297 800/76/273
f 786/58/259 828/106/299 829/107/300
f 829/107/300 787/59/260 786/58/259
f 786/58/259 816/93/289 830/108/301
f 830/108/301 828/106/299 786/58/259
f 781/53/221 744/16/221 743/15/15
f 743/15/15 823/101/15 781/53/221
f 765/37/239 824/102/296 751/23/226
f 751/23/226 750/22/225 765/37/239
f 754/26/229 826/104/297 774/46/248
f 774/46/248 773/45/247 754/26/229
f 826/104/297 827/105/298 784/56/257
f 784/56/257 774/46/248 826/104/297
f 828/106/299 808/84/281 807/83/280
f 807/83/280 829/107/300 828/106/299
f 808/84/281 828/106/299 830/108/301
f 830/108/301 817/94/290 808/84/281
f 819/97/292 789/63/262 788/62/261
f 788/62/261 820/98/293 819/97/292
f 821/99/294 792/67/265 796/72/269
f 796/72/269 822/100/295 821/99/294
f 776/48/250 792/67/265 821/99/294
f 821/99/294 773/45/247 776/48/250
f 750/22/225 749/21/25 798/74/271
f 798/74/271 825/103/240 750/22/225
f 798/74/271 741/13/219 744/16/221
f 744/16/221 825/103/240 798/74/271
f 730/2/307 824/102/296 790/64/263
f 790/64/263 731/3/209 730/2/307
f 756/28/231 755/27/230 734/6/212
f 734/6/212 733/5/211 756/28/231
f 810/109/283 793/110/266 739/11/217
f 739/11/217 738/10/216 810/109/283
f 791/111/264 813/90/286 762/34/236
f 762/34/236 761/33/235 791/111/264
f 793/68/266 752/24/227 788/62/261
f 788/62/261 739/61/217 793/68/266
f 764/70/238 756/28/231 733/5/211
f 733/5/211 761/66/235 764/70/238
f 818/112/291 732/4/210 731/3/209
f 731/3/209 794/69/267 818/112/291
f 804/80/277 831/113/302 796/72/269
f 796/72/269 795/71/268 804/80/277
f 760/32/234 759/114/233 805/81/278
f 805/81/278 795/71/268 760/32/234
f 747/115/223 763/35/237 762/34/236
f 762/34/236 812/89/285 747/115/223
f 759/114/233 810/109/283 738/10/216
f 738/10/216 805/81/278 759/114/233
f 748/116/309 747/115/223 812/89/285
f 812/89/285 794/96/267 748/116/309
f 751/23/226 824/102/296 730/2/307
f 730/2/307 820/98/293 751/23/226
f 832/117/303 735/7/213 734/6/212
f 734/6/212 822/100/295 832/117/303
f 752/24/227 751/23/226 820/98/293
f 820/98/293 788/62/261 752/24/227
f 831/113/302 832/117/303 822/100/295
f 822/100/295 796/72/269 831/113/302
f 783/55/256 817/94/290 743/15/15
f 743/15/15 742/14/220 783/55/256
f 817/94/290 830/108/301 823/101/15
f 823/101/15 743/15/15 817/94/290
f 830/108/301 816/93/289 801/77/274
f 801/77/274 823/101/15 830/108/301
f 785/57/258 784/56/257 807/83/280
f 807/83/280 802/78/275 785/57/258
f 784/56/257 827/105/298 829/107/300
f 829/107/300 807/83/280 784/56/257
f 829/107/300 827/105/298 803/79/276
f 803/79/276 787/59/260 829/107/300
f 833/1/107 834/2/108 835/3/109
f 835/3/109 836/4/110 833/1/107
f 837/5/111 838/6/112 839/7/113
f 839/7/113 840/8/114 837/5/111
f 841/9/115 842/10/116 843/11/117
f 843/11/117 844/12/118 841/9/115
f 845/13/119 846/14/120 847/15/15
f 847/15/15 848/16/121 845/13/119
f 849/17/122 850/18/123 851/19/124
f 851/19/124 852/20/125 849/17/122
f 853/21/126 854/22/127 855/23/128
f 855/23/128 856/24/129 853/21/126
f 857/25/130 858/26/131 859/27/132
f 859/27/132 860/28/133 857/25/130
f 861/29/134 862/30/135 863/31/136
f 863/31/136 864/32/137 861/29/134
f 865/33/138 866/34/139 867/35/140
f 867/35/140 868/36/141 865/33/138
f 869/37/142 870/38/143 871/39/310
f 871/39/310 872/40/145 869/37/142
f 873/41/146 874/42/147 875/43/148
f 875/43/148 876/44/149 873/41/146
f 877/45/150 878/46/151 879/47/152
f 879/47/152 880/48/153 877/45/150
f 881/49/154 882/50/155 883/51/156
f 883/51/156 884/52/157 881/49/154
f 871/39/310 870/38/143 885/53/121
f 885/53/121 886/54/158 871/39/310
f 874/42/147 887/55/159 846/14/120
f 846/14/120 875/43/148 874/42/147
f 879/47/152 878/46/151 888/56/160
f 888/56/160 889/57/161 879/47/152
f 882/50/155 890/58/162 891/59/163
f 891/59/163 883/51/156 882/50/155
f 844/60/118 843/61/117 892/62/311
f 892/62/311 893/63/165 844/60/118
f 872/40/145 849/17/122 852/20/125
f 852/20/125 894/64/166 872/40/145
f 895/65/167 865/66/138 837/5/111
f 837/5/111 840/8/114 895/65/167
f 880/48/153 861/29/134 864/32/137
f 864/32/137 896/67/312 880/48/153
f 856/24/129 897/68/169 876/44/149
f 876/44/149 853/21/126 856/24/129
f 852/20/125 898/69/170 835/3/109
f 835/3/109 894/64/166 852/20/125
f 860/28/133 868/70/141 884/52/157
f 884/52/157 857/25/130 860/28/133
f 864/32/137 899/71/313 900/72/172
f 900/72/172 896/67/312 864/32/137
f 849/17/122 872/40/145 871/39/310
f 871/39/310 901/73/173 849/17/122
f 853/21/126 876/44/149 875/43/148
f 875/43/148 902/74/174 853/21/126
f 861/29/134 880/48/153 879/47/152
f 879/47/152 903/75/175 861/29/134
f 857/25/130 884/52/157 883/51/156
f 883/51/156 904/76/176 857/25/130
f 901/73/173 871/39/310 886/54/158
f 886/54/158 905/77/177 901/73/173
f 902/74/174 875/43/148 846/14/120
f 846/14/120 845/13/119 902/74/174
f 903/75/175 879/47/152 889/57/161
f 889/57/161 906/78/178 903/75/175
f 904/76/176 883/51/156 891/59/163
f 891/59/163 907/79/179 904/76/176
f 908/80/180 899/71/313 909/81/181
f 909/81/181 910/82/182 908/80/180
f 906/78/178 911/83/183 912/84/184
f 912/84/184 913/85/185 906/78/178
f 884/52/157 868/70/141 867/86/140
f 867/86/140 881/49/154 884/52/157
f 873/41/146 914/87/186 863/31/136
f 863/31/136 862/30/135 873/41/146
f 915/88/187 916/89/188 866/34/139
f 866/34/139 917/90/189 915/88/187
f 862/30/135 861/29/134 903/75/175
f 903/75/175 918/91/147 862/30/135
f 850/18/123 919/92/191 882/50/155
f 882/50/155 881/49/154 850/18/123
f 903/75/175 906/78/178 913/85/185
f 913/85/185 918/91/147 903/75/175
f 919/92/191 920/93/192 890/58/162
f 890/58/162 882/50/155 919/92/191
f 910/82/182 909/81/181 842/10/116
f 842/10/116 841/9/115 910/82/182
f 913/85/185 912/84/184 921/94/193
f 921/94/193 887/55/159 913/85/185
f 881/49/154 867/86/140 851/19/124
f 851/19/124 850/18/123 881/49/154
f 862/30/135 918/91/147 874/42/147
f 874/42/147 873/41/146 862/30/135
f 918/91/147 913/85/185 887/55/159
f 887/55/159 874/42/147 918/91/147
f 876/44/149 897/68/169 914/87/186
f 914/87/186 873/41/146 876/44/149
f 922/95/194 898/96/170 916/89/188
f 916/89/188 915/88/187 922/95/194
f 850/18/123 849/17/122 901/73/173
f 901/73/173 919/92/191 850/18/123
f 901/73/173 905/77/177 920/93/192
f 920/93/192 919/92/191 901/73/173
f 923/97/195 924/98/196 834/2/108
f 834/2/108 833/1/107 923/97/195
f 859/27/132 925/99/197 926/100/198
f 926/100/198 838/6/112 859/27/132
f 886/54/158 885/53/121 927/101/15
f 927/101/15 905/77/177 886/54/158
f 872/40/145 894/64/166 928/102/199
f 928/102/199 869/37/142 872/40/145
f 877/45/150 925/99/197 859/27/132
f 859/27/132 858/26/131 877/45/150
f 854/22/127 929/103/143 870/38/143
f 870/38/143 869/37/142 854/22/127
f 858/26/131 857/25/130 904/76/176
f 904/76/176 930/104/200 858/26/131
f 929/103/143 848/16/121 885/53/121
f 885/53/121 870/38/143 929/103/143
f 904/76/176 907/79/179 931/105/201
f 931/105/201 930/104/200 904/76/176
f 890/58/162 932/106/202 933/107/203
f 933/107/203 891/59/163 890/58/162
f 890/58/162 920/93/192 934/108/204
f 934/108/204 932/106/202 890/58/162
f 885/53/121 848/16/121 847/15/15
f 847/15/15 927/101/15 885/53/121
f 869/37/142 928/102/199 855/23/128
f 855/23/128 854/22/127 869/37/142
f 858/26/131 930/104/200 878/46/151
f 878/46/151 877/45/150 858/26/131
f 930/104/200 931/105/201 888/56/160
f 888/56/160 878/46/151 930/104/200
f 932/106/202 912/84/184 911/83/183
f 911/83/183 933/107/203 932/106/202
f 912/84/184 932/106/202 934/108/204
f 934/108/204 921/94/193 912/84/184
f 923/97/195 893/63/165 892/62/311
f 892/62/311 924/98/196 923/97/195
f 925/99/197 896/67/312 900/72/172
f 900/72/172 926/100/198 925/99/197
f 880/48/153 896/67/312 925/99/197
f 925/99/197 877/45/150 880/48/153
f 854/22/127 853/21/126 902/74/174
f 902/74/174 929/103/143 854/22/127
f 902/74/174 845/13/119 848/16/121
f 848/16/121 929/103/143 902/74/174
f 834/2/108 928/102/199 894/64/166
f 894/64/166 835/3/109 834/2/108
f 860/28/133 859/27/132 838/6/112
f 838/6/112 837/5/111 860/28/133
f 914/109/186 897/110/169 843/11/117
f 843/11/117 842/10/116 914/109/186
f 895/111/167 917/90/189 866/34/139
f 866/34/139 865/33/138 895/111/167
f 897/68/169 856/24/129 892/62/311
f 892/62/311 843/61/117 897/68/169
f 868/70/141 860/28/133 837/5/111
f 837/5/111 865/66/138 868/70/141
f 922/112/194 836/4/110 835/3/109
f 835/3/109 898/69/170 922/112/194
f 908/80/180 935/113/205 900/72/172
f 900/72/172 899/71/313 908/80/180
f 864/32/137 863/114/136 909/81/181
f 909/81/181 899/71/313 864/32/137
f 851/115/124 867/35/140 866/34/139
f 866/34/139 916/89/188 851/115/124
f 863/114/136 914/109/186 842/10/116
f 842/10/116 909/81/181 863/114/136
f 852/116/125 851/115/124 916/89/188
f 916/89/188 898/96/170 852/116/125
f 855/23/128 928/102/199 834/2/108
f 834/2/108 924/98/196 855/23/128
f 936/117/206 839/7/113 838/6/112
f 838/6/112 926/100/198 936/117/206
f 856/24/129 855/23/128 924/98/196
f 924/98/196 892/62/311 856/24/129
f 935/113/205 936/117/206 926/100/198
f 926/100/198 900/72/172 935/113/205
f 887/55/159 921/94/193 847/15/15
f 847/15/15 846/14/120 887/55/159
f 921/94/193 934/108/204 927/101/15
f 927/101/15 847/15/15 921/94/193
f 934/108/204 920/93/192 905/77/177
f 905/77/177 927/101/15 934/108/204
f 889/57/161 888/56/160 911/83/183
f 911/83/183 906/78/178 889/57/161
f 888/56/160 931/105/201 933/107/203
f 933/107/203 911/83/183 888/56/160
f 933/107/203 931/105/201 907/79/179
f 907/79/179 891/59/163 933/107/203
f 937/1/314 938/2/315 939/3/316
f 939/3/316 940/4/317 937/1/314
f 941/5/318 942/6/319 943/7/320
f 943/7/320 944/8/321 941/5/318
f 945/9/322 946/10/323 947/11/324
f 947/11/324 948/12/325 945/9/322
f 949/13/326 950/14/327 951/15/15
f 951/15/15 952/16/221 949/13/326
f 953/17/328 954/18/329 955/19/330
f 955/19/330 956/20/331 953/17/328
f 957/21/332 958/22/225 959/23/333
f 959/23/333 960/24/334 957/21/332
f 961/25/335 962/26/336 963/27/337
f 963/27/337 964/28/338 961/25/335
f 965/29/339 966/30/340 967/31/341
f 967/31/341 968/32/342 965/29/339
f 969/33/343 970/34/344 971/35/345
f 971/35/345 972/36/346 969/33/343
f 973/37/239 974/38/240 975/39/347
f 975/39/347 976/40/348 973/37/239
f 977/41/349 978/42/350 979/43/351
f 979/43/351 980/44/352 977/41/349
f 981/45/353 982/46/354 983/47/355
f 983/47/355 984/48/356 981/45/353
f 985/49/357 986/50/358 987/51/359
f 987/51/359 988/52/360 985/49/357
f 975/39/347 974/38/240 989/53/221
f 989/53/221 990/54/361 975/39/347
f 978/42/350 991/55/362 950/14/327
f 950/14/327 979/43/351 978/42/350
f 983/47/355 982/46/354 992/56/363
f 992/56/363 993/57/364 983/47/355
f 986/50/358 994/58/365 995/59/366
f 995/59/366 987/51/359 986/50/358
f 948/60/325 947/61/324 996/62/367
f 996/62/367 997/63/368 948/60/325
f 976/40/348 953/17/328 956/20/331
f 956/20/331 998/64/369 976/40/348
f 999/65/370 969/66/343 941/5/318
f 941/5/318 944/8/321 999/65/370
f 984/48/356 965/29/339 968/32/342
f 968/32/342 1000/67/371 984/48/356
f 960/24/334 1001/68/372 980/44/352
f 980/44/352 957/21/332 960/24/334
f 956/20/331 1002/69/373 939/3/316
f 939/3/316 998/64/369 956/20/331
f 964/28/338 972/70/346 988/52/360
f 988/52/360 961/25/335 964/28/338
f 968/32/342 1003/71/374 1004/72/375
f 1004/72/375 1000/67/371 968/32/342
f 953/17/328 976/40/348 975/39/347
f 975/39/347 1005/73/376 953/17/328
f 957/21/332 980/44/352 979/43/351
f 979/43/351 1006/74/377 957/21/332
f 965/29/339 984/48/356 983/47/355
f 983/47/355 1007/75/378 965/29/339
f 961/25/335 988/52/360 987/51/359
f 987/51/359 1008/76/379 961/25/335
f 1005/73/376 975/39/347 990/54/361
f 990/54/361 1009/77/380 1005/73/376
f 1006/74/377 979/43/351 950/14/327
f 950/14/327 949/13/326 1006/74/377
f 1007/75/378 983/47/355 993/57/364
f 993/57/364 1010/78/381 1007/75/378
f 1008/76/379 987/51/359 995/59/366
f 995/59/366 1011/79/382 1008/76/379
f 1012/80/383 1003/71/374 1013/81/384
f 1013/81/384 1014/82/385 1012/80/383
f 1010/78/381 1015/83/386 1016/84/387
f 1016/84/387 1017/85/388 1010/78/381
f 988/52/360 972/70/346 971/86/345
f 971/86/345 985/49/357 988/52/360
f 977/41/349 1018/87/389 967/31/341
f 967/31/341 966/30/340 977/41/349
f 1019/88/390 1020/89/391 970/34/344
f 970/34/344 1021/90/392 1019/88/390
f 966/30/340 965/29/339 1007/75/378
f 1007/75/378 1022/91/350 966/30/340
f 954/18/329 1023/92/393 986/50/358
f 986/50/358 985/49/357 954/18/329
f 1007/75/378 1010/78/381 1017/85/388
f 1017/85/388 1022/91/350 1007/75/378
f 1023/92/393 1024/93/394 994/58/365
f 994/58/365 986/50/358 1023/92/393
f 1014/82/385 1013/81/384 946/10/323
f 946/10/323 945/9/322 1014/82/385
f 1017/85/388 1016/84/387 1025/94/395
f 1025/94/395 991/55/362 1017/85/388
f 985/49/357 971/86/345 955/19/330
f 955/19/330 954/18/329 985/49/357
f 966/30/340 1022/91/350 978/42/350
f 978/42/350 977/41/349 966/30/340
f 1022/91/350 1017/85/388 991/55/362
f 991/55/362 978/42/350 1022/91/350
f 980/44/352 1001/68/372 1018/87/389
f 1018/87/389 977/41/349 980/44/352
f 1026/95/396 1002/96/373 1020/89/391
f 1020/89/391 1019/88/390 1026/95/396
f 954/18/329 953/17/328 1005/73/376
f 1005/73/376 1023/92/393 954/18/329
f 1005/73/376 1009/77/380 1024/93/394
f 1024/93/394 1023/92/393 1005/73/376
f 1027/97/397 1028/98/398 938/2/315
f 938/2/315 937/1/314 1027/97/397
f 963/27/337 1029/99/399 1030/100/400
f 1030/100/400 942/6/319 963/27/337
f 990/54/361 989/53/221 1031/101/15
f 1031/101/15 1009/77/380 990/54/361
f 976/40/348 998/64/369 1032/102/296
f 1032/102/296 973/37/239 976/40/348
f 981/45/353 1029/99/399 963/27/337
f 963/27/337 962/26/336 981/45/353
f 958/22/225 1033/103/240 974/38/240
f 974/38/240 973/37/239 958/22/225
f 962/26/336 961/25/335 1008/76/379
f 1008/76/379 1034/104/401 962/26/336
f 1033/103/240 952/16/221 989/53/221
f 989/53/221 974/38/240 1033/103/240
f 1008/76/379 1011/79/382 1035/105/402
f 1035/105/402 1034/104/401 1008/76/379
f 994/58/365 1036/106/403 1037/107/404
f 1037/107/404 995/59/366 994/58/365
f 994/58/365 1024/93/394 1038/108/405
f 1038/108/405 1036/106/403 994/58/365
f 989/53/221 952/16/221 951/15/15
f 951/15/15 1031/101/15 989/53/221
f 973/37/239 1032/102/296 959/23/333
f 959/23/333 958/22/225 973/37/239
f 962/26/336 1034/104/401 982/46/354
f 982/46/354 981/45/353 962/26/336
f 1034/104/401 1035/105/402 992/56/363
f 992/56/363 982/46/354 1034/104/401
f 1036/106/403 1016/84/387 1015/83/386
f 1015/83/386 1037/107/404 1036/106/403
f 1016/84/387 1036/106/403 1038/108/405
f 1038/108/405 1025/94/395 1016/84/387
f 1027/97/397 997/63/368 996/62/367
f 996/62/367 1028/98/398 1027/97/397
f 1029/99/399 1000/67/371 1004/72/375
f 1004/72/375 1030/100/400 1029/99/399
f 984/48/356 1000/67/371 1029/99/399
f 1029/99/399 981/45/353 984/48/356
f 958/22/225 957/21/332 1006/74/377
f 1006/74/377 1033/103/240 958/22/225
f 1006/74/377 949/13/326 952/16/221
f 952/16/221 1033/103/240 1006/74/377
f 938/2/315 1032/102/296 998/64/369
f 998/64/369 939/3/316 938/2/315
f 964/28/338 963/27/337 942/6/319
f 942/6/319 941/5/318 964/28/338
f 1018/109/389 1001/110/372 947/11/324
f 947/11/324 946/10/323 1018/109/389
f 999/111/370 1021/90/392 970/34/344
f 970/34/344 969/33/343 999/111/370
f 1001/68/372 960/24/334 996/62/367
f 996/62/367 947/61/324 1001/68/372
f 972/70/346 964/28/338 941/5/318
f 941/5/318 969/66/343 972/70/346
f 1026/112/396 940/4/317 939/3/316
f 939/3/316 1002/69/373 1026/112/396
f 1012/80/383 1039/113/406 1004/72/375
f 1004/72/375 1003/71/374 1012/80/383
f 968/32/342 967/114/341 1013/81/384
f 1013/81/384 1003/71/374 968/32/342
f 955/115/330 971/35/345 970/34/344
f 970/34/344 1020/89/391 955/115/330
f 967/114/341 1018/109/389 946/10/323
f 946/10/323 1013/81/384 967/114/341
f 956/116/331 955/115/330 1020/89/391
f 1020/89/391 1002/96/373 956/116/331
f 959/23/333 1032/102/296 938/2/315
f 938/2/315 1028/98/398 959/23/333
f 1040/117/407 943/7/320 942/6/319
f 942/6/319 1030/100/400 1040/117/407
f 960/24/334 959/23/333 1028/98/398
f 1028/98/398 996/62/367 960/24/334
f 1039/113/406 1040/117/407 1030/100/400
f 1030/100/400 1004/72/375 1039/113/406
f 991/55/362 1025/94/395 951/15/15
f 951/15/15 950/14/327 991/55/362
f 1025/94/395 1038/108/405 1031/101/15
f 1031/101/15 951/15/15 1025/94/395
f 1038/108/405 1024/93/394 1009/77/380
f 1009/77/380 1031/101/15 1038/108/405
f 993/57/364 992/56/363 1015/83/386
f 1015/83/386 1010/78/381 993/57/364
f 992/56/363 1035/105/402 1037/107/404
f 1037/107/404 1015/83/386 992/56/363
f 1037/107/404 1035/105/402 1011/79/382
f 1011/79/382 995/59/366 1037/107/404
f 1041/1/107 1042/2/108 1043/3/109
f 1043/3/109 1044/4/110 1041/1/107
f 1045/5/111 1046/6/112 1047/7/113
f 1047/7/113 1048/8/114 1045/5/111
f 1049/9/115 1050/10/116 1051/11/117
f 1051/11/117 1052/12/118 1049/9/115
f 1053/13/119 1054/14/120 1055/15/15
f 1055/15/15 1056/16/121 1053/13/119
f 1057/17/122 1058/18/123 1059/19/124
f 1059/19/124 1060/20/125 1057/17/122
f 1061/21/126 1062/22/127 1063/23/128
f 1063/23/128 1064/24/129 1061/21/126
f 1065/25/130 1066/26/305 1067/27/132
f 1067/27/132 1068/28/133 1065/25/130
f 1069/29/134 1070/30/135 1071/31/136
f 1071/31/136 1072/32/137 1069/29/134
f 1073/33/138 1074/34/139 1075/35/140
f 1075/35/140 1076/36/141 1073/33/138
f 1077/37/142 1078/38/143 1079/39/144
f 1079/39/144 1080/40/145 1077/37/142
f 1081/41/146 1082/42/147 1083/43/148
f 1083/43/148 1084/44/149 1081/41/146
f 1085/45/150 1086/46/151 1087/47/152
f 1087/47/152 1088/48/153 1085/45/150
f 1089/49/154 1090/50/155 1091/51/156
f 1091/51/156 1092/52/157 1089/49/154
f 1079/39/144 1078/38/143 1093/53/121
f 1093/53/121 1094/54/158 1079/39/144
f 1082/42/147 1095/55/159 1054/14/120
f 1054/14/120 1083/43/148 1082/42/147
f 1087/47/152 1086/46/151 1096/56/160
f 1096/56/160 1097/57/161 1087/47/152
f 1090/50/155 1098/58/162 1099/59/163
f 1099/59/163 1091/51/156 1090/50/155
f 1052/60/118 1051/61/117 1100/62/164
f 1100/62/164 1101/63/165 1052/60/118
f 1080/40/145 1057/17/122 1060/20/125
f 1060/20/125 1102/64/166 1080/40/145
f 1103/65/167 1073/66/138 1045/5/111
f 1045/5/111 1048/8/114 1103/65/167
f 1088/48/153 1069/29/134 1072/32/137
f 1072/32/137 1104/67/168 1088/48/153
f 1064/24/129 1105/68/169 1084/44/149
f 1084/44/149 1061/21/126 1064/24/129
f 1060/20/125 1106/69/170 1043/3/109
f 1043/3/109 1102/64/166 1060/20/125
f 1068/28/133 1076/70/141 1092/52/157
f 1092/52/157 1065/25/130 1068/28/133
f 1072/32/137 1107/71/171 1108/72/172
f 1108/72/172 1104/67/168 1072/32/137
f 1057/17/122 1080/40/145 1079/39/144
f 1079/39/144 1109/73/173 1057/17/122
f 1061/21/126 1084/44/149 1083/43/148
f 1083/43/148 1110/74/174 1061/21/126
f 1069/29/134 1088/48/153 1087/47/152
f 1087/47/152 1111/75/175 1069/29/134
f 1065/25/130 1092/52/157 1091/51/156
f 1091/51/156 1112/76/176 1065/25/130
f 1109/73/173 1079/39/144 1094/54/158
f 1094/54/158 1113/77/177 1109/73/173
f 1110/74/174 1083/43/148 1054/14/120
f 1054/14/120 1053/13/119 1110/74/174
f 1111/75/175 1087/47/152 1097/57/161
f 1097/57/161 1114/78/178 1111/75/175
f 1112/76/176 1091/51/156 1099/59/163
f 1099/59/163 1115/79/179 1112/76/176
f 1116/80/180 1107/71/171 1117/81/181
f 1117/81/181 1118/82/182 1116/80/180
f 1114/78/178 1119/83/183 1120/84/184
f 1120/84/184 1121/85/185 1114/78/178
f 1092/52/157 1076/70/141 1075/86/140
f 1075/86/140 1089/49/154 1092/52/157
f 1081/41/146 1122/87/186 1071/31/136
f 1071/31/136 1070/30/135 1081/41/146
f 1123/88/187 1124/89/188 1074/34/139
f 1074/34/139 1125/90/189 1123/88/187
f 1070/30/135 1069/29/134 1111/75/175
f 1111/75/175 1126/91/190 1070/30/135
f 1058/18/123 1127/92/191 1090/50/155
f 1090/50/155 1089/49/154 1058/18/123
f 1111/75/175 1114/78/178 1121/85/185
f 1121/85/185 1126/91/190 1111/75/175
f 1127/92/191 1128/93/192 1098/58/162
f 1098/58/162 1090/50/155 1127/92/191
f 1118/82/182 1117/81/181 1050/10/116
f 1050/10/116 1049/9/115 1118/82/182
f 1121/85/185 1120/84/184 1129/94/193
f 1129/94/193 1095/55/159 1121/85/185
f 1089/49/154 1075/86/140 1059/19/124
f 1059/19/124 1058/18/123 1089/49/154
f 1070/30/135 1126/91/190 1082/42/147
f 1082/42/147 1081/41/146 1070/30/135
f 1126/91/190 1121/85/185 1095/55/159
f 1095/55/159 1082/42/147 1126/91/190
f 1084/44/149 1105/68/169 1122/87/186
f 1122/87/186 1081/41/146 1084/44/149
f 1130/95/194 1106/96/170 1124/89/188
f 1124/89/188 1123/88/187 1130/95/194
f 1058/18/123 1057/17/122 1109/73/173
f 1109/73/173 1127/92/191 1058/18/123
f 1109/73/173 1113/77/177 1128/93/192
f 1128/93/192 1127/92/191 1109/73/173
f 1131/97/195 1132/98/196 1042/2/108
f 1042/2/108 1041/1/107 1131/97/195
f 1067/27/132 1133/99/197 1134/100/198
f 1134/100/198 1046/6/112 1067/27/132
f 1094/54/158 1093/53/121 1135/101/15
f 1135/101/15 1113/77/177 1094/54/158
f 1080/40/145 1102/64/166 1136/102/199
f 1136/102/199 1077/37/142 1080/40/145
f 1085/45/150 1133/99/197 1067/27/132
f 1067/27/132 1066/26/305 1085/45/150
f 1062/22/127 1137/103/143 1078/38/143
f 1078/38/143 1077/37/142 1062/22/127
f 1066/26/305 1065/25/130 1112/76/176
f 1112/76/176 1138/104/200 1066/26/305
f 1137/103/143 1056/16/121 1093/53/121
f 1093/53/121 1078/38/143 1137/103/143
f 1112/76/176 1115/79/179 1139/105/201
f 1139/105/201 1138/104/200 1112/76/176
f 1098/58/162 1140/106/202 1141/107/203
f 1141/107/203 1099/59/163 1098/58/162
f 1098/58/162 1128/93/192 1142/108/204
f 1142/108/204 1140/106/202 1098/58/162
f 1093/53/121 1056/16/121 1055/15/15
f 1055/15/15 1135/101/15 1093/53/121
f 1077/37/142 1136/102/199 1063/23/128
f 1063/23/128 1062/22/127 1077/37/142
f 1066/26/305 1138/104/200 1086/46/151
f 1086/46/151 1085/45/150 1066/26/305
f 1138/104/200 1139/105/201 1096/56/160
f 1096/56/160 1086/46/151 1138/104/200
f 1140/106/202 1120/84/184 1119/83/183
f 1119/83/183 1141/107/203 1140/106/202
f 1120/84/184 1140/106/202 1142/108/204
f 1142/108/204 1129/94/193 1120/84/184
f 1131/97/195 1101/63/165 1100/62/164
f 1100/62/164 1132/98/196 1131/97/195
f 1133/99/197 1104/67/168 1108/72/172
f 1108/72/172 1134/100/198 1133/99/197
f 1088/48/153 1104/67/168 1133/99/197
f 1133/99/197 1085/45/150 1088/48/153
f 1062/22/127 1061/21/126 1110/74/174
f 1110/74/174 1137/103/143 1062/22/127
f 1110/74/174 1053/13/119 1056/16/121
f 1056/16/121 1137/103/143 1110/74/174
f 1042/2/108 1136/102/199 1102/64/166
f 1102/64/166 1043/3/109 1042/2/108
f 1068/28/133 1067/27/132 1046/6/112
f 1046/6/112 1045/5/111 1068/28/133
f 1122/109/186 1105/110/169 1051/11/117
f 1051/11/117 1050/10/116 1122/109/186
f 1103/111/167 1125/90/189 1074/34/139
f 1074/34/139 1073/33/138 1103/111/167
f 1105/68/169 1064/24/129 1100/62/164
f 1100/62/164 1051/61/117 1105/68/169
f 1076/70/141 1068/28/133 1045/5/111
f 1045/5/111 1073/66/138 1076/70/141
f 1130/112/194 1044/4/110 1043/3/109
f 1043/3/109 1106/69/170 1130/112/194
f 1116/80/180 1143/113/205 1108/72/172
f 1108/72/172 1107/71/171 1116/80/180
f 1072/32/137 1071/114/136 1117/81/181
f 1117/81/181 1107/71/171 1072/32/137
f 1059/115/124 1075/35/140 1074/34/139
f 1074/34/139 1124/89/188 1059/115/124
f 1071/114/136 1122/109/186 1050/10/116
f 1050/10/116 1117/81/181 1071/114/136
f 1060/116/125 1059/115/124 1124/89/188
f 1124/89/188 1106/96/170 1060/116/125
f 1063/23/128 1136/102/199 1042/2/108
f 1042/2/108 1132/98/196 1063/23/128
f 1144/117/206 1047/7/113 1046/6/112
f 1046/6/112 1134/100/198 1144/117/206
f 1064/24/129 1063/23/128 1132/98/196
f 1132/98/196 1100/62/164 1064/24/129
f 1143/113/205 1144/117/206 1134/100/198
f 1134/100/198 1108/72/172 1143/113/205
f 1095/55/159 1129/94/193 1055/15/15
f 1055/15/15 1054/14/120 1095/55/159
f 1129/94/193 1142/108/204 1135/101/15
f 1135/101/15 1055/15/15 1129/94/193
f 1142/108/204 1128/93/192 1113/77/177
f 1113/77/177 1135/101/15 1142/108/204
f 1097/57/161 1096/56/160 1119/83/183
f 1119/83/183 1114/78/178 1097/57/161
f 1096/56/160 1139/105/201 1141/107/203
f 1141/107/203 1119/83/183 1096/56/160
f 1141/107/203 1139/105/201 1115/79/179
f 1115/79/179 1099/59/163 1141/107/203
f 1145/1/408 1146/2/409 1147/3/410
f 1147/3/410 1148/4/411 1145/1/408
f 1149/5/412 1150/6/413 1151/7/414
f 1151/7/414 1152/8/415 1149/5/412
f 1153/9/416 1154/10/417 1155/11/418
f 1155/11/418 1156/12/419 1153/9/416
f 1157/13/420 1158/14/421 1159/15/15
f 1159/15/15 1160/16/121 1157/13/420
f 1161/17/422 1162/18/423 1163/19/424
f 1163/19/424 1164/20/425 1161/17/422
f 1165/21/426 1166/22/127 1167/23/128
f 1167/23/128 1168/24/427 1165/21/426
f 1169/25/428 1170/26/429 1171/27/132
f 1171/27/132 1172/28/430 1169/25/428
f 1173/29/431 1174/30/432 1175/31/433
f 1175/31/433 1176/32/434 1173/29/431
f 1177/33/435 1178/34/436 1179/35/437
f 1179/35/437 1180/36/438 1177/33/435
f 1181/37/142 1182/38/143 1183/39/439
f 1183/39/439 1184/40/440 1181/37/142
f 1185/41/441 1186/42/442 1187/43/443
f 1187/43/443 1188/44/444 1185/41/441
f 1189/45/445 1190/46/446 1191/47/447
f 1191/47/447 1192/48/448 1189/45/445
f 1193/49/449 1194/50/450 1195/51/451
f 1195/51/451 1196/52/452 1193/49/449
f 1183/39/439 1182/38/143 1197/53/121
f 1197/53/121 1198/54/453 1183/39/439
f 1186/42/442 1199/55/454 1158/14/421
f 1158/14/421 1187/43/443 1186/42/442
f 1191/47/447 1190/46/446 1200/56/455
f 1200/56/455 1201/57/456 1191/47/447
f 1194/50/450 1202/58/457 1203/59/458
f 1203/59/458 1195/51/451 1194/50/450
f 1156/60/419 1155/61/418 1204/62/459
f 1204/62/459 1205/63/460 1156/60/419
f 1184/40/440 1161/17/422 1164/20/425
f 1164/20/425 1206/64/461 1184/40/440
f 1207/65/462 1177/66/435 1149/5/412
f 1149/5/412 1152/8/415 1207/65/462
f 1192/48/448 1173/29/431 1176/32/434
f 1176/32/434 1208/67/463 1192/48/448
f 1168/24/427 1209/68/464 1188/44/444
f 1188/44/444 1165/21/426 1168/24/427
f 1164/20/425 1210/69/465 1147/3/410
f 1147/3/410 1206/64/461 1164/20/425
f 1172/28/430 1180/70/438 1196/52/452
f 1196/52/452 1169/25/428 1172/28/430
f 1176/32/434 1211/71/466 1212/72/467
f 1212/72/467 1208/67/463 1176/32/434
f 1161/17/422 1184/40/440 1183/39/439
f 1183/39/439 1213/73/468 1161/17/422
f 1165/21/426 1188/44/444 1187/43/443
f 1187/43/443 1214/74/469 1165/21/426
f 1173/29/431 1192/48/448 1191/47/447
f 1191/47/447 1215/75/470 1173/29/431
f 1169/25/428 1196/52/452 1195/51/451
f 1195/51/451 1216/76/471 1169/25/428
f 1213/73/468 1183/39/439 1198/54/453
f 1198/54/453 1217/77/472 1213/73/468
f 1214/74/469 1187/43/443 1158/14/421
f 1158/14/421 1157/13/420 1214/74/469
f 1215/75/470 1191/47/447 1201/57/456
f 1201/57/456 1218/78/473 1215/75/470
f 1216/76/471 1195/51/451 1203/59/458
f 1203/59/458 1219/79/474 1216/76/471
f 1220/80/475 1211/71/466 1221/81/476
f 1221/81/476 1222/82/477 1220/80/475
f 1218/78/473 1223/83/478 1224/84/479
f 1224/84/479 1225/85/480 1218/78/473
f 1196/52/452 1180/70/438 1179/86/437
f 1179/86/437 1193/49/449 1196/52/452
f 1185/41/441 1226/87/481 1175/31/433
f 1175/31/433 1174/30/432 1185/41/441
f 1227/88/482 1228/89/483 1178/34/436
f 1178/34/436 1229/90/484 1227/88/482
f 1174/30/432 1173/29/431 1215/75/470
f 1215/75/470 1230/91/442 1174/30/432
f 1162/18/423 1231/92/485 1194/50/450
f 1194/50/450 1193/49/449 1162/18/423
f 1215/75/470 1218/78/473 1225/85/480
f 1225/85/480 1230/91/442 1215/75/470
f 1231/92/485 1232/93/486 1202/58/457
f 1202/58/457 1194/50/450 1231/92/485
f 1222/82/477 1221/81/476 1154/10/417
f 1154/10/417 1153/9/416 1222/82/477
f 1225/85/480 1224/84/479 1233/94/487
f 1233/94/487 1199/55/454 1225/85/480
f 1193/49/449 1179/86/437 1163/19/424
f 1163/19/424 1162/18/423 1193/49/449
f 1174/30/432 1230/91/442 1186/42/442
f 1186/42/442 1185/41/441 1174/30/432
f 1230/91/442 1225/85/480 1199/55/454
f 1199/55/454 1186/42/442 1230/91/442
f 1188/44/444 1209/68/464 1226/87/481
f 1226/87/481 1185/41/441 1188/44/444
f 1234/95/488 1210/96/465 1228/89/483
f 1228/89/483 1227/88/482 1234/95/488
f 1162/18/423 1161/17/422 1213/73/468
f 1213/73/468 1231/92/485 1162/18/423
f 1213/73/468 1217/77/472 1232/93/486
f 1232/93/486 1231/92/485 1213/73/468
f 1235/97/489 1236/98/490 1146/2/409
f 1146/2/409 1145/1/408 1235/97/489
f 1171/27/132 1237/99/491 1238/100/492
f 1238/100/492 1150/6/413 1171/27/132
f 1198/54/453 1197/53/121 1239/101/15
f 1239/101/15 1217/77/472 1198/54/453
f 1184/40/440 1206/64/461 1240/102/199
f 1240/102/199 1181/37/142 1184/40/440
f 1189/45/445 1237/99/491 1171/27/132
f 1171/27/132 1170/26/429 1189/45/445
f 1166/22/127 1241/103/143 1182/38/143
f 1182/38/143 1181/37/142 1166/22/127
f 1170/26/429 1169/25/428 1216/76/471
f 1216/76/471 1242/104/493 1170/26/429
f 1241/103/143 1160/16/121 1197/53/121
f 1197/53/121 1182/38/143 1241/103/143
f 1216/76/471 1219/79/474 1243/105/494
f 1243/105/494 1242/104/493 1216/76/471
f 1202/58/457 1244/106/495 1245/107/496
f 1245/107/496 1203/59/458 1202/58/457
f 1202/58/457 1232/93/486 1246/108/497
f 1246/108/497 1244/106/495 1202/58/457
f 1197/53/121 1160/16/121 1159/15/15
f 1159/15/15 1239/101/15 1197/53/121
f 1181/37/142 1240/102/199 1167/23/128
f 1167/23/128 1166/22/127 1181/37/142
f 1170/26/429 1242/104/493 1190/46/446
f 1190/46/446 1189/45/445 1170/26/429
f 1242/104/493 1243/105/494 1200/56/455
f 1200/56/455 1190/46/446 1242/104/493
f 1244/106/495 1224/84/479 1223/83/478
f 1223/83/478 1245/107/496 1244/106/495
f 1224/84/479 1244/106/495 1246/108/497
f 1246/108/497 1233/94/487 1224/84/479
f 1235/97/489 1205/63/460 1204/62/459
f 1204/62/459 1236/98/490 1235/97/489
f 1237/99/491 1208/67/463 1212/72/467
f 1212/72/467 1238/100/492 1237/99/491
f 1192/48/448 1208/67/463 1237/99/491
f 1237/99/491 1189/45/445 1192/48/448
f 1166/22/127 1165/21/426 1214/74/469
f 1214/74/469 1241/103/143 1166/22/127
f 1214/74/469 1157/13/420 1160/16/121
f 1160/16/121 1241/103/143 1214/74/469
f 1146/2/409 1240/102/199 1206/64/461
f 1206/64/461 1147/3/410 1146/2/409
f 1172/28/430 1171/27/132 1150/6/413
f 1150/6/413 1149/5/412 1172/28/430
f 1226/109/481 1209/110/464 1155/11/418
f 1155/11/418 1154/10/417 1226/109/481
f 1207/111/462 1229/90/484 1178/34/436
f 1178/34/436 1177/33/435 1207/111/462
f 1209/68/464 1168/24/427 1204/62/459
f 1204/62/459 1155/61/418 1209/68/464
f 1180/70/438 1172/28/430 1149/5/412
f 1149/5/412 1177/66/435 1180/70/438
f 1234/112/488 1148/4/411 1147/3/410
f 1147/3/410 1210/69/465 1234/112/488
f 1220/80/475 1247/113/498 1212/72/467
f 1212/72/467 1211/71/466 1220/80/475
f 1176/32/434 1175/114/433 1221/81/476
f 1221/81/476 1211/71/466 1176/32/434
f 1163/115/424 1179/35/437 1178/34/436
f 1178/34/436 1228/89/483 1163/115/424
f 1175/114/433 1226/109/481 1154/10/417
f 1154/10/417 1221/81/476 1175/114/433
f 1164/116/425 1163/115/424 1228/89/483
f 1228/89/483 1210/96/465 1164/116/425
f 1167/23/128 1240/102/199 1146/2/409
f 1146/2/409 1236/98/490 1167/23/128
f 1248/117/499 1151/7/414 1150/6/413
f 1150/6/413 1238/100/492 1248/117/499
f 1168/24/427 1167/23/128 1236/98/490
f 1236/98/490 1204/62/459 1168/24/427
f 1247/113/498 1248/117/499 1238/100/492
f 1238/100/492 1212/72/467 1247/113/498
f 1199/55/454 1233/94/487 1159/15/15
f 1159/15/15 1158/14/421 1199/55/454
f 1233/94/487 1246/108/497 1239/101/15
f 1239/101/15 1159/15/15 1233/94/487
f 1246/108/497 1232/93/486 1217/77/472
f 1217/77/472 1239/101/15 1246/108/497
f 1201/57/456 1200/56/455 1223/83/478
f 1223/83/478 1218/78/473 1201/57/456
f 1200/56/455 1243/105/494 1245/107/496
f 1245/107/496 1223/83/478 1200/56/455
f 1245/107/496 1243/105/494 1219/79/474
f 1219/79/474 1203/59/458 1245/107/496
f 1249/1/500 1250/2/501 1251/3/502
f 1251/3/502 1252/4/503 1249/1/500
f 1253/5/504 1254/6/505 1255/7/506
f 1255/7/506 1256/8/507 1253/5/504
f 1257/9/508 1258/10/509 1259/11/510
f 1259/11/510 1260/12/511 1257/9/508
f 1261/13/512 1262/14/513 1263/15/15
f 1263/15/15 1264/16/514 1261/13/512
f 1265/17/515 1266/18/516 1267/19/517
f 1267/19/517 1268/20/518 1265/17/515
f 1269/21/519 1270/22/520 1271/23/521
f 1271/23/521 1272/24/522 1269/21/519
f 1273/25/523 1274/26/524 1275/27/525
f 1275/27/525 1276/28/526 1273/25/523
f 1277/29/527 1278/30/528 1279/31/529
f 1279/31/529 1280/32/530 1277/29/527
f 1281/33/531 1282/34/532 1283/35/533
f 1283/35/533 1284/36/534 1281/33/531
f 1285/37/535 1286/38/536 1287/39/537
f 1287/39/537 1288/40/538 1285/37/535
f 1289/41/539 1290/42/540 1291/43/541
f 1291/43/541 1292/44/542 1289/41/539
f 1293/45/543 1294/46/544 1295/47/545
f 1295/47/545 1296/48/546 1293/45/543
f 1297/49/547 1298/50/548 1299/51/549
f 1299/51/549 1300/52/550 1297/49/547
f 1287/39/537 1286/38/536 1301/53/514
f 1301/53/514 1302/54/551 1287/39/537
f 1290/42/540 1303/55/552 1262/14/513
f 1262/14/513 1291/43/541 1290/42/540
f 1295/47/545 1294/46/544 1304/56/553
f 1304/56/553 1305/57/554 1295/47/545
f 1298/50/548 1306/58/555 1307/59/556
f 1307/59/556 1299/51/549 1298/50/548
f 1260/60/511 1259/61/510 1308/62/557
f 1308/62/557 1309/63/558 1260/60/511
f 1288/40/538 1265/17/515 1268/20/518
f 1268/20/518 1310/64/559 1288/40/538
f 1311/65/560 1281/66/531 1253/5/504
f 1253/5/504 1256/8/507 1311/65/560
f 1296/48/546 1277/29/527 1280/32/530
f 1280/32/530 1312/67/561 1296/48/546
f 1272/24/522 1313/68/562 1292/44/542
f 1292/44/542 1269/21/519 1272/24/522
f 1268/20/518 1314/69/563 1251/3/502
f 1251/3/502 1310/64/559 1268/20/518
f 1276/28/526 1284/70/534 1300/52/550
f 1300/52/550 1273/25/523 1276/28/526
f 1280/32/530 1315/71/564 1316/72/565
f 1316/72/565 1312/67/561 1280/32/530
f 1265/17/515 1288/40/538 1287/39/537
f 1287/39/537 1317/73/566 1265/17/515
f 1269/21/519 1292/44/542 1291/43/541
f 1291/43/541 1318/74/567 1269/21/519
f 1277/29/527 1296/48/546 1295/47/545
f 1295/47/545 1319/75/568 1277/29/527
f 1273/25/523 1300/52/550 1299/51/549
f 1299/51/549 1320/76/569 1273/25/523
f 1317/73/566 1287/39/537 1302/54/551
f 1302/54/551 1321/77/570 1317/73/566
f 1318/74/567 1291/43/541 1262/14/513
f 1262/14/513 1261/13/512 1318/74/567
f 1319/75/568 1295/47/545 1305/57/554
f 1305/57/554 1322/78/571 1319/75/568
f 1320/76/569 1299/51/549 1307/59/556
f 1307/59/556 1323/79/572 1320/76/569
f 1324/80/573 1315/71/564 1325/81/574
f 1325/81/574 1326/82/575 1324/80/573
f 1322/78/571 1327/83/576 1328/84/577
f 1328/84/577 1329/85/578 1322/78/571
f 1300/52/550 1284/70/534 1283/86/533
f 1283/86/533 1297/49/547 1300/52/550
f 1289/41/539 1330/87/579 1279/31/529
f 1279/31/529 1278/30/528 1289/41/539
f 1331/88/580 1332/89/581 1282/34/532
f 1282/34/532 1333/90/582 1331/88/580
f 1278/30/528 1277/29/527 1319/75/568
f 1319/75/568 1334/91/540 1278/30/528
f 1266/18/516 1335/92/583 1298/50/548
f 1298/50/548 1297/49/547 1266/18/516
f 1319/75/568 1322/78/571 1329/85/578
f 1329/85/578 1334/91/540 1319/75/568
f 1335/92/583 1336/93/584 1306/58/555
f 1306/58/555 1298/50/548 1335/92/583
f 1326/82/575 1325/81/574 1258/10/509
f 1258/10/509 1257/9/508 1326/82/575
f 1329/85/578 1328/84/577 1337/94/585
f 1337/94/585 1303/55/552 1329/85/578
f 1297/49/547 1283/86/533 1267/19/517
f 1267/19/517 1266/18/516 1297/49/547
f 1278/30/528 1334/91/540 1290/42/540
f 1290/42/540 1289/41/539 1278/30/528
f 1334/91/540 1329/85/578 1303/55/552
f 1303/55/552 1290/42/540 1334/91/540
f 1292/44/542 1313/68/562 1330/87/579
f 1330/87/579 1289/41/539 1292/44/542
f 1338/95/586 1314/96/563 1332/89/581
f 1332/89/581 1331/88/580 1338/95/586
f 1266/18/516 1265/17/515 1317/73/566
f 1317/73/566 1335/92/583 1266/18/516
f 1317/73/566 1321/77/570 1336/93/584
f 1336/93/584 1335/92/583 1317/73/566
f 1339/97/587 1340/98/588 1250/2/501
f 1250/2/501 1249/1/500 1339/97/587
f 1275/27/525 1341/99/589 1342/100/590
f 1342/100/590 1254/6/505 1275/27/525
f 1302/54/551 1301/53/514 1343/101/15
f 1343/101/15 1321/77/570 1302/54/551
f 1288/40/538 1310/64/559 1344/102/591
f 1344/102/591 1285/37/535 1288/40/538
f 1293/45/543 1341/99/589 1275/27/525
f 1275/27/525 1274/26/524 1293/45/543
f 1270/22/520 1345/103/536 1286/38/536
f 1286/38/536 1285/37/535 1270/22/520
f 1274/26/524 1273/25/523 1320/76/569
f 1320/76/569 1346/104/592 1274/26/524
f 1345/103/536 1264/16/514 1301/53/514
f 1301/53/514 1286/38/536 1345/103/536
f 1320/76/569 1323/79/572 1347/105/593
f 1347/105/593 1346/104/592 1320/76/569
f 1306/58/555 1348/106/594 1349/107/595
f 1349/107/595 1307/59/556 1306/58/555
f 1306/58/555 1336/93/584 1350/108/596
f 1350/108/596 1348/106/594 1306/58/555
f 1301/53/514 1264/16/514 1263/15/15
f 1263/15/15 1343/101/15 1301/53/514
f 1285/37/535 1344/102/591 1271/23/521
f 1271/23/521 1270/22/520 1285/37/535
f 1274/26/524 1346/104/592 1294/46/544
f 1294/46/544 1293/45/543 1274/26/524
f 1346/104/592 1347/105/593 1304/56/553
f 1304/56/553 1294/46/544 1346/104/592
f 1348/106/594 1328/84/577 1327/83/576
f 1327/83/576 1349/107/595 1348/106/594
f 1328/84/577 1348/106/594 1350/108/596
f 1350/108/596 1337/94/585 1328/84/577
f 1339/97/587 1309/63/558 1308/62/557
f 1308/62/557 1340/98/588 1339/97/587
f 1341/99/589 1312/67/561 1316/72/565
f 1316/72/565 1342/100/590 1341/99/589
f 1296/48/546 1312/67/561 1341/99/589
f 1341/99/589 1293/45/543 1296/48/546
f 1270/22/520 1269/21/519 1318/74/567
f 1318/74/567 1345/103/536 1270/22/520
f 1318/74/567 1261/13/512 1264/16/514
f 1264/16/514 1345/103/536 1318/74/567
f 1250/2/501 1344/102/591 1310/64/559
f 1310/64/559 1251/3/502 1250/2/501
f 1276/28/526 1275/27/525 1254/6/505
f 1254/6/505 1253/5/504 1276/28/526
f 1330/109/579 1313/110/562 1259/11/510
f 1259/11/510 1258/10/509 1330/109/579
f 1311/111/560 1333/90/582 1282/34/532
f 1282/34/532 1281/33/531 1311/111/560
f 1313/68/562 1272/24/522 1308/62/557
f 1308/62/557 1259/61/510 1313/68/562
f 1284/70/534 1276/28/526 1253/5/504
f 1253/5/504 1281/66/531 1284/70/534
f 1338/112/586 1252/4/503 1251/3/502
f 1251/3/502 1314/69/563 1338/112/586
f 1324/80/573 1351/113/597 1316/72/565
f 1316/72/565 1315/71/564 1324/80/573
f 1280/32/530 1279/114/529 1325/81/574
f 1325/81/574 1315/71/564 1280/32/530
f 1267/115/517 1283/35/533 1282/34/532
f 1282/34/532 1332/89/581 1267/115/517
f 1279/114/529 1330/109/579 1258/10/509
f 1258/10/509 1325/81/574 1279/114/529
f 1268/116/518 1267/115/517 1332/89/581
f 1332/89/581 1314/96/563 1268/116/518
f 1271/23/521 1344/102/591 1250/2/501
f 1250/2/501 1340/98/588 1271/23/521
f 1352/117/598 1255/7/506 1254/6/505
f 1254/6/505 1342/100/590 1352/117/598
f 1272/24/522 1271/23/521 1340/98/588
f 1340/98/588 1308/62/557 1272/24/522
f 1351/113/597 1352/117/598 1342/100/590
f 1342/100/590 1316/72/565 1351/113/597
f 1303/55/552 1337/94/585 1263/15/15
f 1263/15/15 1262/14/513 1303/55/552
f 1337/94/585 1350/108/596 1343/101/15
f 1343/101/15 1263/15/15 1337/94/585
f 1350/108/596 1336/93/584 1321/77/570
f 1321/77/570 1343/101/15 1350/108/596
f 1305/57/554 1304/56/553 1327/83/576
f 1327/83/576 1322/78/571 1305/57/554
f 1304/56/553 1347/105/593 1349/107/595
f 1349/107/595 1327/83/576 1304/56/553
f 1349/107/595 1347/105/593 1323/79/572
f 1323/79/572 1307/59/556 1349/107/595
