# Blender 4.5.0
# www.blender.org
g medium_wall.xml.130_Mesh
v -18.037281 -60.052750 66.983475
v -18.063381 -56.568230 66.796768
v -18.623047 -56.568230 66.840012
v -18.722195 -60.052750 66.926773
v -18.559792 -56.568230 64.914299
v -18.072805 -56.568230 64.872826
v -18.206688 -60.052750 64.827545
v -18.722195 -60.052750 64.827545
v -6.978828 -60.052750 66.468857
v -7.069786 -56.568230 66.348663
v -7.091499 -56.568230 66.770477
v -7.022255 -60.052750 66.857254
v -7.621704 -53.123962 66.487152
v -7.569290 -53.123962 66.422997
v -7.930954 -53.123962 66.422997
v -7.930141 -53.123962 66.487152
v -18.559122 -52.957954 66.620445
v -18.559122 -52.957954 66.228477
v -18.637163 -53.083710 66.228477
v -18.637163 -53.083710 66.683701
v -7.426399 -52.957954 66.690117
v -7.874212 -52.957954 66.690117
v -7.873413 -53.083710 66.753258
v -7.349968 -53.083710 66.753258
v -18.447466 -52.957954 65.064201
v -17.938923 -52.957954 65.064201
v -17.938921 -53.083710 65.001060
v -18.523899 -53.083710 65.001060
v -7.314743 -52.957954 65.133873
v -7.314743 -52.957954 65.526001
v -7.236702 -53.083710 65.526001
v -7.236702 -53.083710 65.070618
v -18.744389 -56.568230 65.046799
v -18.744389 -56.568230 65.405815
v -18.637163 -53.132927 65.861420
v -18.637163 -53.083710 65.070618
v -17.938921 -52.957954 66.690117
v -17.938921 -52.902451 66.552406
v -18.292076 -52.902451 66.552406
v -18.447466 -52.957954 66.690117
v -7.314743 -52.957954 66.228477
v -7.484938 -52.902451 66.228477
v -7.484938 -52.902451 66.482773
v -7.314743 -52.957954 66.620445
v -7.900440 -52.976448 65.064201
v -7.898695 -52.920944 65.201904
v -7.581791 -52.902451 65.201904
v -7.426399 -52.957954 65.064201
v -18.559122 -53.007172 65.861420
v -18.388927 -52.951668 65.861420
v -18.388927 -52.902451 65.271538
v -18.559122 -52.957954 65.133873
v -17.887087 -53.123962 66.487152
v -18.249958 -53.123962 66.487152
v -7.569290 -53.123962 66.188210
v -7.951120 -53.142456 65.274933
v -7.621704 -53.123962 65.274933
v -18.302372 -53.173172 65.883560
v -18.302372 -53.123962 65.339088
v -7.212841 -56.568230 66.840012
v -7.151669 -60.052750 66.926773
v -18.523899 -53.083710 66.753258
v -18.898972 -60.052742 65.034546
v -7.349968 -53.083710 65.001060
v -7.236702 -53.083710 66.683701
v -18.744389 -56.568230 66.770477
v -7.091499 -56.568230 64.983841
v -7.212841 -56.568230 64.914299
v -18.388927 -52.902451 66.482773
v -7.581791 -52.902451 66.552406
v -7.484938 -52.902451 65.271538
v -18.292076 -52.902451 65.201904
v -18.302372 -53.123962 66.422997
v -7.569290 -53.123962 65.339088
v -18.249958 -53.123962 65.274933
v -7.022255 -60.052742 64.897064
v -7.091499 -56.568230 65.405815
v -7.022255 -60.052742 65.285622
v -7.950310 -53.142456 65.338791
v -7.947327 -53.142456 65.574020
v -7.569290 -53.123962 65.574020
v -7.236702 -53.083710 66.228477
v -18.890942 -60.052750 66.468857
v -18.744389 -56.568230 66.348663
v -18.851612 -60.052742 65.285622
v -7.484938 -52.902451 65.526001
v -18.388927 -52.902451 66.228477
v -18.302372 -53.123962 66.188210
v -7.933933 -53.123962 66.188210
v -18.851612 -60.052750 66.857254
v -7.597111 -60.052750 66.926773
v -7.735262 -56.568230 66.840012
v -7.901241 -53.102203 65.001060
v -8.103598 -56.568230 64.935074
v -17.887087 -53.123962 66.422997
v -17.938921 -53.083710 66.753258
v -7.875961 -52.902451 66.552406
v -17.938923 -52.902451 65.201904
v -17.887087 -53.123962 65.274933
v -17.887087 -53.173172 65.883560
v -17.887087 -53.129143 65.339005
v -17.887087 -53.123962 66.188210
v -7.228970 -60.052750 64.827545
v -8.305954 -60.052750 64.869087
v -20.972719 -60.052742 64.827545
v -20.946619 -56.568230 65.014252
v -20.386953 -56.568230 64.971008
v -20.287804 -60.052742 64.884247
v -20.450209 -56.568230 66.896721
v -20.937195 -56.568230 66.938194
v -20.803312 -60.052742 66.983475
v -20.287804 -60.052742 66.983475
v -32.031174 -60.052750 65.342163
v -31.940214 -56.568230 65.462357
v -31.918501 -56.568230 65.040543
v -31.987745 -60.052750 64.953766
v -31.388296 -53.123962 65.323868
v -31.440710 -53.123962 65.388023
v -31.079046 -53.123962 65.388023
v -31.079861 -53.123962 65.323868
v -20.450878 -52.957954 65.190575
v -20.450878 -52.957954 65.582542
v -20.372837 -53.083710 65.582542
v -20.372837 -53.083710 65.127319
v -31.583601 -52.957954 65.120903
v -31.135788 -52.957954 65.120903
v -31.136589 -53.083710 65.057762
v -31.660034 -53.083710 65.057762
v -20.562534 -52.957954 66.746819
v -21.071079 -52.957954 66.746819
v -21.071079 -53.083710 66.809959
v -20.486103 -53.083710 66.809959
v -31.695259 -52.957954 66.677147
v -31.695259 -52.957954 66.285019
v -31.773298 -53.083710 66.285019
v -31.773298 -53.083710 66.740402
v -20.265614 -56.568230 66.764221
v -20.265614 -56.568230 66.405212
v -20.372837 -53.132927 65.949600
v -20.372837 -53.083710 66.740402
v -21.071079 -52.957954 65.120903
v -21.071079 -52.902451 65.258614
v -20.717926 -52.902451 65.258614
v -20.562534 -52.957954 65.120903
v -31.695259 -52.957954 65.582542
v -31.525063 -52.902451 65.582542
v -31.525063 -52.902451 65.328247
v -31.695259 -52.957954 65.190575
v -31.109560 -52.976448 66.746819
v -31.111305 -52.920944 66.609116
v -31.428209 -52.902451 66.609116
v -31.583601 -52.957954 66.746819
v -20.450878 -53.007164 65.949600
v -20.621073 -52.951660 65.949600
v -20.621073 -52.902451 66.539482
v -20.450878 -52.957954 66.677147
v -21.122913 -53.123962 65.323868
v -20.760044 -53.123962 65.323868
v -31.440710 -53.123962 65.622803
v -31.058880 -53.142456 66.536079
v -31.388296 -53.123962 66.536079
v -20.707630 -53.173172 65.927460
v -20.707630 -53.123962 66.471931
v -31.797161 -56.568230 64.971008
v -31.858330 -60.052750 64.884247
v -20.486103 -53.083710 65.057762
v -20.111027 -60.052742 66.776474
v -31.660034 -53.083710 66.809959
v -31.773298 -53.083710 65.127319
v -20.265614 -56.568230 65.040543
v -31.918501 -56.568230 66.827179
v -31.797161 -56.568230 66.896721
v -20.621073 -52.902451 65.328247
v -31.428209 -52.902451 65.258614
v -31.525063 -52.902451 66.539482
v -20.717926 -52.902451 66.609116
v -20.707630 -53.123962 65.388023
v -31.440710 -53.123962 66.471931
v -20.760044 -53.123962 66.536087
v -31.987745 -60.052742 66.913956
v -31.918501 -56.568230 66.405205
v -31.987745 -60.052742 66.525398
v -31.059690 -53.142456 66.472229
v -31.062674 -53.142456 66.236992
v -31.440710 -53.123962 66.236992
v -31.773298 -53.083710 65.582542
v -20.119057 -60.052742 65.342163
v -20.265614 -56.568230 65.462357
v -20.158388 -60.052742 66.525398
v -31.525063 -52.902451 66.285019
v -20.621073 -52.902451 65.582542
v -20.707630 -53.123962 65.622810
v -31.076067 -53.123962 65.622803
v -20.158388 -60.052742 64.953773
v -31.412888 -60.052750 64.884247
v -31.274738 -56.568230 64.971008
v -31.108759 -53.102203 66.809959
v -30.906403 -56.568230 66.875946
v -21.122913 -53.123962 65.388023
v -21.071079 -53.083710 65.057762
v -31.134041 -52.902451 65.258614
v -21.071079 -52.902451 66.609116
v -21.122913 -53.123962 66.536087
v -21.122913 -53.173172 65.927460
v -21.122913 -53.129143 66.472015
v -21.122913 -53.123962 65.622810
v -31.781029 -60.052750 66.983475
v -30.704044 -60.052750 66.941933
v -44.293079 -60.052750 66.983475
v -44.319180 -56.568230 66.796768
v -44.878845 -56.568230 66.840012
v -44.977993 -60.052750 66.926773
v -44.815590 -56.568230 64.914299
v -44.328602 -56.568230 64.872826
v -44.462486 -60.052750 64.827545
v -44.977993 -60.052750 64.827545
v -33.234627 -60.052750 66.468857
v -33.325584 -56.568230 66.348663
v -33.347298 -56.568230 66.770477
v -33.278053 -60.052750 66.857254
v -33.877502 -53.123962 66.487152
v -33.825089 -53.123962 66.422997
v -34.186752 -53.123962 66.422997
v -34.185940 -53.123962 66.487152
v -44.814922 -52.957954 66.620445
v -44.814922 -52.957954 66.228477
v -44.892960 -53.083710 66.228477
v -44.892960 -53.083710 66.683701
v -33.682198 -52.957954 66.690117
v -34.130013 -52.957954 66.690117
v -34.129211 -53.083710 66.753258
v -33.605766 -53.083710 66.753258
v -44.703262 -52.957954 65.064201
v -44.194721 -52.957954 65.064201
v -44.194721 -53.083710 65.001060
v -44.779697 -53.083710 65.001060
v -33.570541 -52.957954 65.133873
v -33.570541 -52.957954 65.526001
v -33.492500 -53.083710 65.526001
v -33.492500 -53.083710 65.070618
v -45.000187 -56.568230 65.046799
v -45.000187 -56.568230 65.405815
v -44.892960 -53.132927 65.861420
v -44.892960 -53.083710 65.070618
v -44.194721 -52.957954 66.690117
v -44.194721 -52.902451 66.552406
v -44.547874 -52.902451 66.552406
v -44.703266 -52.957954 66.690117
v -33.570541 -52.957954 66.228477
v -33.740738 -52.902451 66.228477
v -33.740738 -52.902451 66.482773
v -33.570541 -52.957954 66.620445
v -34.156239 -52.976448 65.064201
v -34.154491 -52.920944 65.201904
v -33.837589 -52.902451 65.201904
v -33.682198 -52.957954 65.064201
v -44.814922 -53.007172 65.861420
v -44.644726 -52.951668 65.861420
v -44.644726 -52.902451 65.271538
v -44.814922 -52.957954 65.133873
v -44.142887 -53.123962 66.487152
v -44.505756 -53.123962 66.487152
v -33.825089 -53.123962 66.188210
v -34.206921 -53.142456 65.274933
v -33.877502 -53.123962 65.274933
v -44.558170 -53.173172 65.883560
v -44.558170 -53.123962 65.339088
v -33.468639 -56.568230 66.840012
v -33.407471 -60.052750 66.926773
v -44.779697 -53.083710 66.753258
v -45.154770 -60.052742 65.034546
v -33.605766 -53.083710 65.001060
v -33.492500 -53.083710 66.683701
v -45.000187 -56.568230 66.770477
v -33.347298 -56.568230 64.983841
v -33.468639 -56.568230 64.914299
v -44.644726 -52.902451 66.482773
v -33.837589 -52.902451 66.552406
v -33.740738 -52.902451 65.271538
v -44.547874 -52.902451 65.201904
v -44.558170 -53.123962 66.422997
v -33.825089 -53.123962 65.339088
v -44.505756 -53.123962 65.274933
v -33.278053 -60.052742 64.897064
v -33.347298 -56.568230 65.405815
v -33.278053 -60.052742 65.285622
v -34.206108 -53.142456 65.338791
v -34.203125 -53.142456 65.574020
v -33.825089 -53.123962 65.574020
v -33.492500 -53.083710 66.228477
v -45.146740 -60.052750 66.468857
v -45.000187 -56.568230 66.348663
v -45.107410 -60.052742 65.285622
v -33.740738 -52.902451 65.526001
v -44.644726 -52.902451 66.228477
v -44.558170 -53.123962 66.188210
v -34.189732 -53.123962 66.188210
v -45.107410 -60.052750 66.857254
v -33.852909 -60.052750 66.926773
v -33.991058 -56.568230 66.840012
v -34.157040 -53.102203 65.001060
v -34.359398 -56.568230 64.935074
v -44.142887 -53.123962 66.422997
v -44.194721 -53.083710 66.753258
v -34.131760 -52.902451 66.552406
v -44.194721 -52.902451 65.201904
v -44.142887 -53.123962 65.274933
v -44.142887 -53.173172 65.883560
v -44.142887 -53.129143 65.339005
v -44.142887 -53.123962 66.188210
v -33.484772 -60.052750 64.827545
v -34.561752 -60.052750 64.869087
v -47.228619 -60.052742 64.827545
v -47.202518 -56.568230 65.014252
v -46.642853 -56.568230 64.971008
v -46.543705 -60.052742 64.884247
v -46.706108 -56.568230 66.896721
v -47.193096 -56.568230 66.938194
v -47.059212 -60.052742 66.983475
v -46.543705 -60.052742 66.983475
v -58.287071 -60.052750 65.342163
v -58.196114 -56.568230 65.462357
v -58.174400 -56.568230 65.040543
v -58.243645 -60.052750 64.953766
v -57.644196 -53.123962 65.323868
v -57.696609 -53.123962 65.388023
v -57.334946 -53.123962 65.388023
v -57.335758 -53.123962 65.323868
v -46.706779 -52.957954 65.190575
v -46.706779 -52.957954 65.582542
v -46.628738 -53.083710 65.582542
v -46.628738 -53.083710 65.127319
v -57.839500 -52.957954 65.120903
v -57.391685 -52.957954 65.120903
v -57.392487 -53.083710 65.057762
v -57.915932 -53.083710 65.057762
v -46.818436 -52.957954 66.746819
v -47.326977 -52.957954 66.746819
v -47.326981 -53.083710 66.809959
v -46.742001 -53.083710 66.809959
v -57.951157 -52.957954 66.677147
v -57.951157 -52.957954 66.285019
v -58.029198 -53.083710 66.285019
v -58.029198 -53.083710 66.740402
v -46.521511 -56.568230 66.764221
v -46.521511 -56.568230 66.405212
v -46.628738 -53.132927 65.949600
v -46.628738 -53.083710 66.740402
v -47.326981 -52.957954 65.120903
v -47.326981 -52.902451 65.258614
v -46.973824 -52.902451 65.258614
v -46.818436 -52.957954 65.120903
v -57.951157 -52.957954 65.582542
v -57.780960 -52.902451 65.582542
v -57.780960 -52.902451 65.328247
v -57.951157 -52.957954 65.190575
v -57.365459 -52.976448 66.746819
v -57.367207 -52.920944 66.609116
v -57.684109 -52.902451 66.609116
v -57.839500 -52.957954 66.746819
v -46.706779 -53.007164 65.949600
v -46.876972 -52.951660 65.949600
v -46.876972 -52.902451 66.539482
v -46.706779 -52.957954 66.677147
v -47.378815 -53.123962 65.323868
v -47.015942 -53.123962 65.323868
v -57.696609 -53.123962 65.622803
v -57.314781 -53.142456 66.536079
v -57.644196 -53.123962 66.536079
v -46.963528 -53.173172 65.927460
v -46.963528 -53.123962 66.471931
v -58.053059 -56.568230 64.971008
v -58.114227 -60.052750 64.884247
v -46.742001 -53.083710 65.057762
v -46.366928 -60.052742 66.776474
v -57.915932 -53.083710 66.809959
v -58.029198 -53.083710 65.127319
v -46.521511 -56.568230 65.040543
v -58.174400 -56.568230 66.827179
v -58.053059 -56.568230 66.896721
v -46.876972 -52.902451 65.328247
v -57.684109 -52.902451 65.258614
v -57.780960 -52.902451 66.539482
v -46.973824 -52.902451 66.609116
v -46.963528 -53.123962 65.388023
v -57.696609 -53.123962 66.471931
v -47.015942 -53.123962 66.536087
v -58.243645 -60.052742 66.913956
v -58.174400 -56.568230 66.405205
v -58.243645 -60.052742 66.525398
v -57.315590 -53.142456 66.472229
v -57.318573 -53.142456 66.236992
v -57.696609 -53.123962 66.236992
v -58.029198 -53.083710 65.582542
v -46.374958 -60.052742 65.342163
v -46.521511 -56.568230 65.462357
v -46.414288 -60.052742 66.525398
v -57.780960 -52.902451 66.285019
v -46.876972 -52.902451 65.582542
v -46.963528 -53.123962 65.622810
v -57.331966 -53.123962 65.622803
v -46.414288 -60.052742 64.953773
v -57.668789 -60.052750 64.884247
v -57.530640 -56.568230 64.971008
v -57.364658 -53.102203 66.809959
v -57.162300 -56.568230 66.875946
v -47.378815 -53.123962 65.388023
v -47.326981 -53.083710 65.057762
v -57.389938 -52.902451 65.258614
v -47.326977 -52.902451 66.609116
v -47.378815 -53.123962 66.536087
v -47.378815 -53.173172 65.927460
v -47.378815 -53.129143 66.472015
v -47.378815 -53.123962 65.622810
v -58.036926 -60.052750 66.983475
v -56.959946 -60.052750 66.941933
v -70.509682 -60.052750 66.983475
v -70.535782 -56.568230 66.796768
v -71.095444 -56.568230 66.840012
v -71.194595 -60.052750 66.926773
v -71.032196 -56.568230 64.914299
v -70.545204 -56.568230 64.872826
v -70.679085 -60.052750 64.827545
v -71.194595 -60.052750 64.827545
v -59.451229 -60.052750 66.468857
v -59.542187 -56.568230 66.348663
v -59.563900 -56.568230 66.770477
v -59.494656 -60.052750 66.857254
v -60.094105 -53.123962 66.487152
v -60.041691 -53.123962 66.422997
v -60.403355 -53.123962 66.422997
v -60.402542 -53.123962 66.487152
v -71.031525 -52.957954 66.620445
v -71.031525 -52.957954 66.228477
v -71.109566 -53.083710 66.228477
v -71.109566 -53.083710 66.683701
v -59.898800 -52.957954 66.690117
v -60.346615 -52.957954 66.690117
v -60.345814 -53.083710 66.753258
v -59.822369 -53.083710 66.753258
v -70.919868 -52.957954 65.064201
v -70.411324 -52.957954 65.064201
v -70.411324 -53.083710 65.001060
v -70.996300 -53.083710 65.001060
v -59.787144 -52.957954 65.133873
v -59.787144 -52.957954 65.526001
v -59.709103 -53.083710 65.526001
v -59.709103 -53.083710 65.070618
v -71.216789 -56.568230 65.046799
v -71.216789 -56.568230 65.405815
v -71.109566 -53.132927 65.861420
v -71.109566 -53.083710 65.070618
v -70.411324 -52.957954 66.690117
v -70.411324 -52.902451 66.552406
v -70.764473 -52.902451 66.552406
v -70.919868 -52.957954 66.690117
v -59.787144 -52.957954 66.228477
v -59.957340 -52.902451 66.228477
v -59.957340 -52.902451 66.482773
v -59.787144 -52.957954 66.620445
v -60.372841 -52.976448 65.064201
v -60.371094 -52.920944 65.201904
v -60.054192 -52.902451 65.201904
v -59.898800 -52.957954 65.064201
v -71.031525 -53.007172 65.861420
v -70.861328 -52.951668 65.861420
v -70.861328 -52.902451 65.271538
v -71.031525 -52.957954 65.133873
v -70.359489 -53.123962 66.487152
v -70.722359 -53.123962 66.487152
v -60.041691 -53.123962 66.188210
v -60.423523 -53.142456 65.274933
v -60.094105 -53.123962 65.274933
v -70.774773 -53.173172 65.883560
v -70.774773 -53.123962 65.339088
v -59.685242 -56.568230 66.840012
v -59.624069 -60.052750 66.926773
v -70.996300 -53.083710 66.753258
v -71.371376 -60.052742 65.034546
v -59.822369 -53.083710 65.001060
v -59.709103 -53.083710 66.683701
v -71.216789 -56.568230 66.770477
v -59.563900 -56.568230 64.983841
v -59.685242 -56.568230 64.914299
v -70.861328 -52.902451 66.482773
v -60.054192 -52.902451 66.552406
v -59.957340 -52.902451 65.271538
v -70.764473 -52.902451 65.201904
v -70.774773 -53.123962 66.422997
v -60.041691 -53.123962 65.339088
v -70.722359 -53.123962 65.274933
v -59.494656 -60.052742 64.897064
v -59.563900 -56.568230 65.405815
v -59.494656 -60.052742 65.285622
v -60.422710 -53.142456 65.338791
v -60.419727 -53.142456 65.574020
v -60.041691 -53.123962 65.574020
v -59.709103 -53.083710 66.228477
v -71.363342 -60.052750 66.468857
v -71.216789 -56.568230 66.348663
v -71.324013 -60.052742 65.285622
v -59.957340 -52.902451 65.526001
v -70.861328 -52.902451 66.228477
v -70.774773 -53.123962 66.188210
v -60.406334 -53.123962 66.188210
v -71.324013 -60.052750 66.857254
v -60.069511 -60.052750 66.926773
v -60.207661 -56.568230 66.840012
v -60.373642 -53.102203 65.001060
v -60.576000 -56.568230 64.935074
v -70.359489 -53.123962 66.422997
v -70.411324 -53.083710 66.753258
v -60.348362 -52.902451 66.552406
v -70.411324 -52.902451 65.201904
v -70.359489 -53.123962 65.274933
v -70.359489 -53.173172 65.883560
v -70.359489 -53.129143 65.339005
v -70.359489 -53.123962 66.188210
v -59.701370 -60.052750 64.827545
v -60.778355 -60.052750 64.869087
v -60.309227 -53.586044 64.471237
v -60.282768 -50.101532 64.657944
v -59.715385 -50.101524 64.614700
v -59.614872 -53.586044 64.527939
v -59.779514 -50.101524 66.540413
v -60.273212 -50.101524 66.581886
v -60.137486 -53.586044 66.627167
v -59.614872 -53.586044 66.627167
v -71.520142 -53.586044 64.985855
v -71.427925 -50.101532 65.106049
v -71.405914 -50.101532 64.684235
v -71.476112 -53.586044 64.597458
v -70.868401 -46.657257 64.967560
v -70.921539 -46.657257 65.031715
v -70.554886 -46.657257 65.031715
v -70.555710 -46.657257 64.967560
v -59.780193 -46.491249 64.834267
v -59.780193 -46.491249 65.226234
v -59.701077 -46.617012 65.226234
v -59.701077 -46.617012 64.771011
v -71.066399 -46.491257 64.764595
v -70.612411 -46.491257 64.764595
v -70.613220 -46.617012 64.701454
v -71.143883 -46.617012 64.701454
v -59.893387 -46.491249 66.390511
v -60.408943 -46.491249 66.390511
v -60.408943 -46.617012 66.453651
v -59.815903 -46.617012 66.453651
v -71.179596 -46.491257 66.320839
v -71.179596 -46.491257 65.928711
v -71.258713 -46.617012 65.928711
v -71.258713 -46.617012 66.384094
v -59.592373 -50.101524 66.407913
v -59.592373 -50.101524 66.048904
v -59.701077 -46.666222 65.593292
v -59.701077 -46.617012 66.384094
v -60.408943 -46.491249 64.764595
v -60.408943 -46.435745 64.902306
v -60.050919 -46.435745 64.902306
v -59.893387 -46.491249 64.764595
v -71.179596 -46.491249 65.226234
v -71.007050 -46.435753 65.226234
v -71.007050 -46.435753 64.971939
v -71.179596 -46.491257 64.834267
v -70.585823 -46.509750 66.390511
v -70.587593 -46.454247 66.252808
v -70.908859 -46.435753 66.252808
v -71.066399 -46.491257 66.390511
v -59.780193 -46.540466 65.593292
v -59.952732 -46.484962 65.593292
v -59.952732 -46.435745 66.183174
v -59.780193 -46.491249 66.320839
v -60.461494 -46.657257 64.967560
v -60.093620 -46.657257 64.967560
v -70.921539 -46.657257 65.266495
v -70.534439 -46.675751 66.179771
v -70.868401 -46.657257 66.179771
v -60.040482 -46.706474 65.571152
v -60.040482 -46.657257 66.115623
v -71.282898 -50.101532 64.614700
v -71.344910 -53.586044 64.527939
v -59.815903 -46.617012 64.701454
v -59.435654 -53.586044 66.420166
v -71.143883 -46.617012 66.453651
v -71.258713 -46.617012 64.771011
v -59.592373 -50.101532 64.684235
v -71.405914 -50.101524 66.470871
v -71.282898 -50.101524 66.540413
v -59.952732 -46.435745 64.971939
v -70.908859 -46.435753 64.902306
v -71.007050 -46.435753 66.183174
v -60.050919 -46.435745 66.252808
v -60.040482 -46.657257 65.031715
v -70.921539 -46.657257 66.115623
v -60.093620 -46.657257 66.179779
v -71.476112 -53.586044 66.557648
v -71.405914 -50.101532 66.048897
v -71.476112 -53.586044 66.169090
v -70.535263 -46.675751 66.115921
v -70.538284 -46.675751 65.880684
v -70.921539 -46.657257 65.880684
v -71.258713 -46.617012 65.226234
v -59.443798 -53.586044 64.985855
v -59.592373 -50.101532 65.106049
v -59.483669 -53.586044 66.169090
v -71.007050 -46.435753 65.928711
v -59.952732 -46.435745 65.226234
v -60.040482 -46.657257 65.266502
v -70.551865 -46.657257 65.266495
v -59.483669 -53.586044 64.597466
v -70.893333 -53.586044 64.527939
v -70.753273 -50.101532 64.614700
v -70.585007 -46.635506 66.453651
v -70.379860 -50.101524 66.519638
v -60.461494 -46.657257 65.031715
v -60.408943 -46.617012 64.701454
v -70.610641 -46.435753 64.902306
v -60.408943 -46.435745 66.252808
v -60.461494 -46.657257 66.179779
v -60.461494 -46.706474 65.571152
v -60.461494 -46.662437 66.115707
v -60.461494 -46.657257 65.266502
v -71.266548 -53.586044 66.627167
v -70.174713 -53.586044 66.585625
v -57.452026 -53.586044 66.627167
v -57.478371 -50.101532 66.440460
v -58.043266 -50.101524 66.483704
v -58.143341 -53.586044 66.570465
v -57.979420 -50.101532 64.557991
v -57.487885 -50.101532 64.516518
v -57.623016 -53.586044 64.471237
v -58.143341 -53.586044 64.471237
v -46.290226 -53.586044 66.112549
v -46.382034 -50.101524 65.992355
v -46.403954 -50.101532 66.414169
v -46.334061 -53.586044 66.500946
v -46.939114 -46.657257 66.130844
v -46.886208 -46.657257 66.066689
v -47.251251 -46.657257 66.066689
v -47.250431 -46.657257 66.130844
v -57.978745 -46.491249 66.264137
v -57.978745 -46.491249 65.872169
v -58.057514 -46.617012 65.872169
v -58.057514 -46.617012 66.327393
v -46.741982 -46.491249 66.333809
v -47.193981 -46.491249 66.333809
v -47.193172 -46.617012 66.396950
v -46.664837 -46.617012 66.396950
v -57.866047 -46.491249 64.707893
v -57.352749 -46.491249 64.707893
v -57.352749 -46.617012 64.644753
v -57.943192 -46.617012 64.644753
v -46.629280 -46.491249 64.777565
v -46.629280 -46.491249 65.169693
v -46.550514 -46.617012 65.169693
v -46.550514 -46.617012 64.714310
v -58.165741 -50.101532 64.690491
v -58.165741 -50.101532 65.049507
v -58.057514 -46.666222 65.505112
v -58.057514 -46.617012 64.714310
v -57.352749 -46.491249 66.333809
v -57.352749 -46.435745 66.196098
v -57.709206 -46.435745 66.196098
v -57.866047 -46.491249 66.333809
v -46.629280 -46.491249 65.872169
v -46.801067 -46.435745 65.872169
v -46.801067 -46.435745 66.126465
v -46.629280 -46.491249 66.264137
v -47.220451 -46.509750 64.707893
v -47.218689 -46.454247 64.845596
v -46.898827 -46.435745 64.845596
v -46.741982 -46.491249 64.707893
v -57.978745 -46.540466 65.505112
v -57.806961 -46.484962 65.505112
v -57.806961 -46.435745 64.915230
v -57.978745 -46.491249 64.777565
v -57.300430 -46.657257 66.130844
v -57.666691 -46.657257 66.130844
v -46.886208 -46.657257 65.831902
v -47.271606 -46.675751 64.918625
v -46.939114 -46.657257 64.918625
v -57.719597 -46.706474 65.527252
v -57.719597 -46.657257 64.982780
v -46.526428 -50.101532 66.483704
v -46.464687 -53.586044 66.570465
v -57.943192 -46.617012 66.396950
v -58.321774 -53.586044 64.678238
v -46.664837 -46.617012 64.644753
v -46.550514 -46.617012 66.327393
v -58.165741 -50.101532 66.414169
v -46.403954 -50.101524 64.627533
v -46.526428 -50.101524 64.557991
v -57.806961 -46.435745 66.126465
v -46.898827 -46.435745 66.196098
v -46.801067 -46.435745 64.915230
v -57.709206 -46.435745 64.845596
v -57.719597 -46.657257 66.066689
v -46.886208 -46.657257 64.982780
v -57.666691 -46.657257 64.918625
v -46.334061 -53.586044 64.540756
v -46.403954 -50.101532 65.049507
v -46.334061 -53.586044 64.929314
v -47.270790 -46.675751 64.982483
v -47.267776 -46.675751 65.217712
v -46.886208 -46.657257 65.217712
v -46.550514 -46.617012 65.872169
v -58.313667 -53.586044 66.112549
v -58.165741 -50.101532 65.992355
v -58.273968 -53.586044 64.929314
v -46.801067 -46.435745 65.169693
v -57.806961 -46.435745 65.872169
v -57.719597 -46.657257 65.831902
v -47.254257 -46.657257 65.831902
v -58.273968 -53.586044 66.500946
v -46.914291 -53.586044 66.570465
v -47.053730 -50.101532 66.483704
v -47.221264 -46.635506 64.644753
v -47.425510 -50.101524 64.578766
v -57.300430 -46.657257 66.066689
v -57.352749 -46.617012 66.396950
v -47.195744 -46.435745 66.196098
v -57.352749 -46.435745 64.845596
v -57.300430 -46.657257 64.918625
v -57.300430 -46.706474 65.527252
v -57.300430 -46.662437 64.982697
v -57.300430 -46.657257 65.831902
v -46.542709 -53.586044 64.471237
v -47.629757 -53.586044 64.512779
v -31.200138 -53.586044 66.627167
v -31.226383 -50.101532 66.440460
v -31.789139 -50.101524 66.483704
v -31.888836 -53.586044 66.570465
v -31.725534 -50.101532 64.557991
v -31.235859 -50.101532 64.516518
v -31.370480 -53.586044 64.471237
v -31.888836 -53.586044 64.471237
v -20.080612 -53.586044 66.112549
v -20.172073 -50.101524 65.992355
v -20.193909 -50.101532 66.414169
v -20.124279 -53.586044 66.500946
v -20.727039 -46.657257 66.130844
v -20.674337 -46.657257 66.066689
v -21.037998 -46.657257 66.066689
v -21.037180 -46.657257 66.130844
v -31.724861 -46.491249 66.264137
v -31.724861 -46.491249 65.872169
v -31.803333 -46.617012 65.872169
v -31.803333 -46.617012 66.327393
v -20.530657 -46.491249 66.333809
v -20.980942 -46.491249 66.333809
v -20.980139 -46.617012 66.396950
v -20.453802 -46.617012 66.396950
v -31.612589 -46.491249 64.707893
v -31.101236 -46.491249 64.707893
v -31.101236 -46.617012 64.644753
v -31.689444 -46.617012 64.644753
v -20.418383 -46.491249 64.777565
v -20.418383 -46.491249 65.169693
v -20.339912 -46.617012 65.169693
v -20.339912 -46.617012 64.714310
v -31.911150 -50.101532 64.690491
v -31.911150 -50.101532 65.049507
v -31.803333 -46.666222 65.505112
v -31.803333 -46.617012 64.714310
v -31.101236 -46.491249 66.333809
v -31.101236 -46.435745 66.196098
v -31.456341 -46.435745 66.196098
v -31.612589 -46.491249 66.333809
v -20.418383 -46.491249 65.872169
v -20.589520 -46.435745 65.872169
v -20.589520 -46.435745 66.126465
v -20.418383 -46.491249 66.264137
v -21.007317 -46.509750 64.707893
v -21.005560 -46.454247 64.845596
v -20.686907 -46.435745 64.845596
v -20.530657 -46.491249 64.707893
v -31.724861 -46.540466 65.505112
v -31.553726 -46.484962 65.505112
v -31.553726 -46.435745 64.915230
v -31.724861 -46.491249 64.777565
v -31.049114 -46.657257 66.130844
v -31.413990 -46.657257 66.130844
v -20.674337 -46.657257 65.831902
v -21.058275 -46.675751 64.918625
v -20.727039 -46.657257 64.918625
v -31.466694 -46.706474 65.527252
v -31.466694 -46.657257 64.982780
v -20.315918 -50.101532 66.483704
v -20.254410 -53.586044 66.570465
v -31.689444 -46.617012 66.396950
v -32.066589 -53.586044 64.678238
v -20.453802 -46.617012 64.644753
v -20.339912 -46.617012 66.327393
v -31.911150 -50.101532 66.414169
v -20.193909 -50.101524 64.627533
v -20.315918 -50.101524 64.557991
v -31.553728 -46.435745 66.126465
v -20.686907 -46.435745 66.196098
v -20.589520 -46.435745 64.915230
v -31.456341 -46.435745 64.845596
v -31.466694 -46.657257 66.066689
v -20.674337 -46.657257 64.982780
v -31.413990 -46.657257 64.918625
v -20.124279 -53.586044 64.540756
v -20.193909 -50.101532 65.049507
v -20.124279 -53.586044 64.929314
v -21.057461 -46.675751 64.982483
v -21.054461 -46.675751 65.217712
v -20.674337 -46.657257 65.217712
v -20.339912 -46.617012 65.872169
v -32.058514 -53.586044 66.112549
v -31.911150 -50.101532 65.992355
v -32.018967 -53.586044 64.929314
v -20.589520 -46.435745 65.169693
v -31.553728 -46.435745 65.872169
v -31.466694 -46.657257 65.831902
v -21.040993 -46.657257 65.831902
v -32.018967 -53.586044 66.500946
v -20.702312 -53.586044 66.570465
v -20.841225 -50.101532 66.483704
v -21.008121 -46.635506 64.644753
v -21.211596 -50.101524 64.578766
v -31.049114 -46.657257 66.066689
v -31.101236 -46.617012 66.396950
v -20.982700 -46.435745 66.196098
v -31.101236 -46.435745 64.845596
v -31.049114 -46.657257 64.918625
v -31.049114 -46.706474 65.527252
v -31.049114 -46.662437 64.982697
v -31.049114 -46.657257 65.831902
v -20.332138 -53.586044 64.471237
v -21.415070 -53.586044 64.512779
v -34.037418 -53.586044 64.471237
v -34.011318 -50.101532 64.657944
v -33.451653 -50.101524 64.614700
v -33.352505 -53.586044 64.527939
v -33.514908 -50.101524 66.540413
v -34.001896 -50.101524 66.581886
v -33.868011 -53.586044 66.627167
v -33.352505 -53.586044 66.627167
v -45.095871 -53.586044 64.985855
v -45.004913 -50.101532 65.106049
v -44.983200 -50.101532 64.684235
v -45.052444 -53.586044 64.597458
v -44.452995 -46.657257 64.967560
v -44.505409 -46.657257 65.031715
v -44.143745 -46.657257 65.031715
v -44.144558 -46.657257 64.967560
v -33.515579 -46.491249 64.834267
v -33.515579 -46.491249 65.226234
v -33.437538 -46.617012 65.226234
v -33.437538 -46.617012 64.771011
v -44.648300 -46.491257 64.764595
v -44.200485 -46.491257 64.764595
v -44.201286 -46.617012 64.701454
v -44.724731 -46.617012 64.701454
v -33.627235 -46.491249 66.390511
v -34.135777 -46.491249 66.390511
v -34.135780 -46.617012 66.453651
v -33.550800 -46.617012 66.453651
v -44.759956 -46.491257 66.320839
v -44.759956 -46.491257 65.928711
v -44.837997 -46.617012 65.928711
v -44.837997 -46.617012 66.384094
v -33.330311 -50.101524 66.407913
v -33.330311 -50.101524 66.048904
v -33.437538 -46.666222 65.593292
v -33.437538 -46.617012 66.384094
v -34.135780 -46.491249 64.764595
v -34.135780 -46.435745 64.902306
v -33.782623 -46.435745 64.902306
v -33.627235 -46.491249 64.764595
v -44.759956 -46.491249 65.226234
v -44.589760 -46.435753 65.226234
v -44.589760 -46.435753 64.971939
v -44.759956 -46.491257 64.834267
v -44.174259 -46.509750 66.390511
v -44.176006 -46.454247 66.252808
v -44.492908 -46.435753 66.252808
v -44.648300 -46.491257 66.390511
v -33.515579 -46.540466 65.593292
v -33.685772 -46.484962 65.593292
v -33.685772 -46.435745 66.183174
v -33.515579 -46.491249 66.320839
v -34.187614 -46.657257 64.967560
v -33.824741 -46.657257 64.967560
v -44.505409 -46.657257 65.266495
v -44.123581 -46.675751 66.179771
v -44.452995 -46.657257 66.179771
v -33.772327 -46.706474 65.571152
v -33.772327 -46.657257 66.115623
v -44.861858 -50.101532 64.614700
v -44.923027 -53.586044 64.527939
v -33.550800 -46.617012 64.701454
v -33.175728 -53.586044 66.420166
v -44.724731 -46.617012 66.453651
v -44.837997 -46.617012 64.771011
v -33.330311 -50.101532 64.684235
v -44.983200 -50.101524 66.470871
v -44.861858 -50.101524 66.540413
v -33.685772 -46.435745 64.971939
v -44.492908 -46.435753 64.902306
v -44.589760 -46.435753 66.183174
v -33.782623 -46.435745 66.252808
v -33.772327 -46.657257 65.031715
v -44.505409 -46.657257 66.115623
v -33.824741 -46.657257 66.179779
v -45.052444 -53.586044 66.557648
v -44.983200 -50.101532 66.048897
v -45.052444 -53.586044 66.169090
v -44.124390 -46.675751 66.115921
v -44.127373 -46.675751 65.880684
v -44.505409 -46.657257 65.880684
v -44.837997 -46.617012 65.226234
v -33.183758 -53.586044 64.985855
v -33.330311 -50.101532 65.106049
v -33.223087 -53.586044 66.169090
v -44.589760 -46.435753 65.928711
v -33.685772 -46.435745 65.226234
v -33.772327 -46.657257 65.266502
v -44.140766 -46.657257 65.266495
v -33.223087 -53.586044 64.597466
v -44.477589 -53.586044 64.527939
v -44.339439 -50.101532 64.614700
v -44.173458 -46.635506 66.453651
v -43.971100 -50.101524 66.519638
v -34.187614 -46.657257 65.031715
v -34.135780 -46.617012 64.701454
v -44.198738 -46.435753 64.902306
v -34.135777 -46.435745 66.252808
v -34.187614 -46.657257 66.179779
v -34.187614 -46.706474 65.571152
v -34.187614 -46.662437 66.115707
v -34.187614 -46.657257 65.266502
v -44.845726 -53.586044 66.627167
v -43.768745 -53.586044 66.585625
vn -0.0302 0.0418 0.9987
vn 0.0376 0.0346 0.9987
vn -0.2245 0.0386 0.9737
vn -0.2862 0.0320 0.9576
vn -0.3441 0.0249 -0.9386
vn -0.0375 0.0234 -0.9990
vn -0.0017 0.0186 -0.9998
vn -0.4259 0.0424 -0.9038
vn 0.9990 0.0239 0.0366
vn 0.9993 0.0355 0.0142
vn 0.8530 0.0318 0.5209
vn 0.9869 0.0193 0.1604
vn -0.2807 0.7421 -0.6087
vn -0.5926 0.7747 -0.2205
vn -0.0000 1.0000 -0.0000
vn -0.0000 0.8008 -0.5989
vn -0.7103 0.6206 0.3321
vn -0.6496 0.7582 -0.0562
vn -0.9540 0.2990 -0.0205
vn -0.6980 0.6426 0.3161
vn 0.1785 0.6919 0.6995
vn -0.0000 0.7339 0.6792
vn -0.0009 0.2420 0.9703
vn 0.2790 0.2960 0.9135
vn -0.1785 0.6920 -0.6995
vn 0.0007 0.5379 -0.8430
vn 0.0015 0.2476 -0.9689
vn -0.2837 0.2950 -0.9124
vn 0.7103 0.6206 -0.3321
vn 0.7908 0.6120 -0.0000
vn 0.9554 0.2954 -0.0010
vn 0.6987 0.6421 -0.3156
vn -0.8863 0.0335 -0.4619
vn -0.9993 0.0363 0.0003
vn -0.9617 0.2738 -0.0090
vn -0.8493 0.3819 -0.3644
vn -0.0000 0.7355 0.6775
vn -0.0000 0.9002 -0.4355
vn 0.1409 0.9472 -0.2881
vn -0.2181 0.8219 0.5262
vn 0.6026 0.7980 -0.0000
vn -0.4312 0.9022 -0.0000
vn -0.2045 0.9700 -0.1315
vn 0.3948 0.8448 0.3612
vn -0.0234 0.7312 -0.6817
vn -0.0270 0.9045 0.4255
vn -0.1621 0.9522 0.2588
vn 0.1992 0.8180 -0.5396
vn -0.6284 0.7769 0.0385
vn 0.4466 0.8945 -0.0206
vn 0.1689 0.9713 0.1678
vn -0.4194 0.8462 -0.3287
vn 0.2455 0.7574 -0.6050
vn -0.5675 0.8234 -0.0000
vn -0.0213 0.8139 0.5806
vn -0.2691 0.7490 0.6054
vn 0.5442 0.8384 -0.0303
vn 0.5917 0.7661 0.2509
vn 0.2587 0.0320 0.9654
vn 0.2455 0.0284 0.9690
vn -0.2778 0.2908 0.9155
vn -0.9598 0.0418 -0.2775
vn 0.2757 0.2962 -0.9145
vn 0.6210 0.6544 0.4315
vn -0.8683 0.0390 0.4946
vn 0.8694 0.0357 -0.4929
vn 0.2482 0.0310 -0.9682
vn 0.2203 0.9666 -0.1309
vn -0.1454 0.9522 -0.2688
vn -0.2167 0.9671 0.1331
vn 0.1398 0.9563 0.2568
vn 0.5840 0.7891 -0.1904
vn -0.6009 0.7764 0.1901
vn 0.2806 0.7483 0.6011
vn 0.8154 0.0257 -0.5783
vn 0.9994 0.0312 -0.0115
vn 0.9996 0.0219 -0.0168
vn -0.0263 0.9997 0.0022
vn -0.0251 0.9996 -0.0152
vn -0.5841 0.8117 -0.0057
vn 0.9553 0.2958 0.0010
vn -0.9985 0.0396 0.0380
vn -0.9994 0.0339 0.0018
vn -0.9965 0.0279 0.0791
vn -0.4312 0.9023 -0.0000
vn 0.4157 0.9076 -0.0593
vn 0.5746 0.8156 -0.0685
vn -0.0043 0.9999 -0.0100
vn -0.8362 0.0451 0.5465
vn -0.0011 0.0278 0.9996
vn -0.0021 0.0248 0.9997
vn -0.0052 0.2384 -0.9711
vn -0.0105 0.0216 -0.9997
vn -0.0000 0.2366 0.9716
vn 0.0008 0.9071 0.4208
vn 0.0008 0.7859 0.6184
vn -0.0017 0.9991 -0.0412
vn 0.0030 0.9968 0.0799
vn -0.0019 0.9969 -0.0787
vn 0.1427 0.0223 -0.9895
vn -0.0156 0.0192 -0.9997
vn 0.0302 0.0418 -0.9987
vn -0.0376 0.0346 -0.9987
vn 0.2245 0.0386 -0.9737
vn 0.2862 0.0320 -0.9576
vn 0.3441 0.0249 0.9386
vn 0.0375 0.0234 0.9990
vn 0.0017 0.0186 0.9998
vn 0.4259 0.0423 0.9038
vn -0.9990 0.0239 -0.0366
vn -0.9993 0.0355 -0.0142
vn -0.8530 0.0318 -0.5209
vn -0.9869 0.0193 -0.1604
vn 0.2807 0.7421 0.6087
vn 0.5926 0.7747 0.2205
vn -0.0000 0.8008 0.5989
vn 0.6496 0.7582 0.0562
vn 0.9540 0.2990 0.0205
vn 0.6980 0.6425 -0.3161
vn -0.0000 0.7339 -0.6792
vn 0.0009 0.2420 -0.9703
vn -0.2790 0.2960 -0.9135
vn 0.1785 0.6920 0.6995
vn -0.0007 0.5379 0.8430
vn -0.0015 0.2476 0.9689
vn 0.2836 0.2950 0.9124
vn -0.7908 0.6120 -0.0000
vn -0.9554 0.2954 0.0010
vn -0.6987 0.6421 0.3156
vn 0.8863 0.0335 0.4619
vn 0.9993 0.0363 -0.0003
vn 0.9617 0.2738 0.0090
vn 0.8493 0.3819 0.3644
vn -0.0000 0.7356 -0.6775
vn -0.0000 0.9002 0.4355
vn -0.1409 0.9472 0.2881
vn 0.2181 0.8219 -0.5262
vn -0.6026 0.7980 -0.0000
vn 0.4313 0.9022 -0.0000
vn 0.2045 0.9700 0.1315
vn -0.3948 0.8448 -0.3612
vn 0.0234 0.7312 0.6817
vn 0.0270 0.9046 -0.4255
vn 0.1621 0.9522 -0.2588
vn -0.1992 0.8180 0.5396
vn 0.6284 0.7769 -0.0385
vn -0.4466 0.8945 0.0206
vn -0.1689 0.9712 -0.1678
vn 0.4194 0.8462 0.3287
vn -0.2455 0.7574 0.6050
vn 0.5675 0.8234 -0.0000
vn 0.0213 0.8140 -0.5805
vn 0.2691 0.7490 -0.6054
vn -0.5442 0.8384 0.0303
vn -0.5917 0.7661 -0.2509
vn -0.2587 0.0320 -0.9654
vn -0.2455 0.0284 -0.9690
vn 0.2778 0.2908 -0.9155
vn 0.9598 0.0418 0.2775
vn -0.2757 0.2962 0.9145
vn -0.6210 0.6544 -0.4315
vn 0.8683 0.0390 -0.4946
vn -0.8694 0.0357 0.4929
vn -0.2482 0.0310 0.9682
vn -0.2203 0.9666 0.1309
vn 0.1454 0.9522 0.2688
vn 0.2167 0.9671 -0.1331
vn -0.1398 0.9563 -0.2568
vn -0.5840 0.7891 0.1904
vn 0.6009 0.7764 -0.1901
vn -0.2806 0.7483 -0.6011
vn -0.8154 0.0257 0.5783
vn -0.9994 0.0312 0.0115
vn -0.9996 0.0219 0.0168
vn 0.0263 0.9997 -0.0022
vn 0.0251 0.9996 0.0152
vn 0.5841 0.8117 0.0057
vn -0.9553 0.2958 -0.0010
vn 0.9985 0.0396 -0.0380
vn 0.9994 0.0339 -0.0018
vn 0.9965 0.0279 -0.0791
vn 0.4312 0.9022 -0.0000
vn -0.4157 0.9076 0.0593
vn -0.5746 0.8156 0.0685
vn 0.0043 0.9999 0.0100
vn 0.8362 0.0451 -0.5465
vn 0.0011 0.0278 -0.9996
vn 0.0021 0.0248 -0.9997
vn 0.0052 0.2384 0.9711
vn 0.0105 0.0216 0.9997
vn -0.0000 0.2366 -0.9716
vn -0.0008 0.9071 -0.4209
vn -0.0008 0.7859 -0.6184
vn 0.0017 0.9991 0.0412
vn -0.0030 0.9968 -0.0799
vn 0.0019 0.9969 0.0787
vn -0.1427 0.0223 0.9895
vn 0.0156 0.0192 0.9997
vn -0.7104 0.6206 0.3321
vn -0.6497 0.7581 -0.0562
vn -0.9540 0.2989 -0.0205
vn -0.6980 0.6425 0.3161
vn -0.4313 0.9022 -0.0000
vn -0.6285 0.7769 0.0385
vn 0.4259 0.0424 0.9038
vn 0.2837 0.2950 0.9124
vn 0.6285 0.7769 -0.0385
vn -0.4259 0.0423 -0.9038
vn -0.9617 0.2738 -0.0089
vn 0.0297 0.0419 -0.9987
vn -0.0371 0.0346 -0.9987
vn 0.2221 0.0386 -0.9743
vn 0.2830 0.0320 -0.9586
vn 0.3405 0.0249 0.9399
vn 0.0370 0.0234 0.9990
vn 0.0018 0.0186 0.9998
vn 0.4229 0.0425 0.9052
vn -0.9990 0.0242 -0.0371
vn -0.9992 0.0360 -0.0144
vn -0.8513 0.0322 -0.5237
vn -0.9863 0.0196 -0.1636
vn 0.2777 0.7428 0.6091
vn 0.5906 0.7756 0.2226
vn 0.7074 0.6234 -0.3331
vn 0.6458 0.7614 0.0564
vn 0.9530 0.3022 0.0207
vn 0.6948 0.6448 -0.3187
vn -0.1763 0.6926 -0.6994
vn -0.2764 0.2967 -0.9141
vn 0.1763 0.6927 0.6994
vn 0.2810 0.2956 0.9130
vn -0.7074 0.6234 0.3331
vn -0.7877 0.6160 -0.0000
vn -0.9544 0.2986 0.0010
vn -0.6954 0.6443 0.3182
vn 0.8848 0.0339 0.4648
vn 0.9993 0.0368 -0.0003
vn 0.9609 0.2768 0.0091
vn 0.8477 0.3839 0.3661
vn -0.1406 0.9468 0.2895
vn 0.2158 0.8224 -0.5263
vn -0.5986 0.8011 -0.0000
vn 0.4310 0.9023 -0.0000
vn 0.2038 0.9703 0.1304
vn -0.3909 0.8461 -0.3622
vn 0.0232 0.7313 0.6817
vn 0.0266 0.9046 -0.4254
vn 0.1616 0.9519 -0.2602
vn -0.1971 0.8184 0.5397
vn 0.6244 0.7802 -0.0384
vn -0.4462 0.8947 0.0206
vn -0.1685 0.9715 -0.1666
vn 0.4156 0.8477 0.3297
vn -0.2425 0.7581 0.6054
vn 0.5656 0.8247 -0.0000
vn 0.0210 0.8139 -0.5806
vn 0.2659 0.7499 -0.6058
vn -0.5424 0.8396 0.0303
vn -0.5895 0.7671 -0.2530
vn -0.2559 0.0321 -0.9662
vn -0.2428 0.0285 -0.9697
vn 0.2752 0.2915 -0.9161
vn 0.9592 0.0423 0.2796
vn -0.2731 0.2968 0.9150
vn -0.6175 0.6559 -0.4342
vn 0.8668 0.0394 -0.4971
vn -0.8679 0.0361 0.4954
vn -0.2455 0.0311 0.9689
vn -0.2195 0.9669 0.1299
vn 0.1453 0.9518 0.2701
vn 0.2159 0.9674 -0.1321
vn -0.1397 0.9560 -0.2580
vn -0.5820 0.7901 0.1922
vn 0.5988 0.7776 -0.1919
vn -0.2776 0.7491 -0.6015
vn -0.8143 0.0259 0.5799
vn -0.9994 0.0316 0.0117
vn -0.9996 0.0222 0.0170
vn 0.0260 0.9997 -0.0022
vn 0.0248 0.9996 0.0152
vn 0.5820 0.8132 0.0057
vn -0.9543 0.2990 -0.0010
vn 0.9985 0.0402 -0.0385
vn 0.9994 0.0344 -0.0018
vn 0.9964 0.0283 -0.0801
vn 0.4310 0.9024 -0.0000
vn -0.4155 0.9077 0.0593
vn -0.5725 0.8170 0.0686
vn 0.8344 0.0456 -0.5493
vn 0.0011 0.0277 -0.9996
vn 0.0051 0.2385 0.9711
vn 0.0104 0.0215 0.9997
vn -0.0007 0.7859 -0.6184
vn -0.0029 0.9968 -0.0800
vn -0.1409 0.0223 0.9898
vn 0.0153 0.0192 0.9997
vn -0.0299 0.0418 0.9987
vn 0.0373 0.0346 0.9987
vn -0.2229 0.0386 0.9741
vn -0.2840 0.0320 0.9583
vn -0.3417 0.0249 -0.9395
vn -0.0371 0.0234 -0.9990
vn -0.4239 0.0425 -0.9047
vn 0.9990 0.0241 0.0369
vn 0.9993 0.0359 0.0143
vn 0.8519 0.0320 0.5228
vn 0.9865 0.0195 0.1626
vn -0.2787 0.7426 -0.6090
vn -0.5912 0.7754 -0.2220
vn -0.7084 0.6225 0.3328
vn -0.6471 0.7603 -0.0564
vn -0.9534 0.3011 -0.0206
vn -0.6958 0.6440 0.3179
vn 0.1770 0.6924 0.6995
vn 0.2772 0.2965 0.9139
vn -0.1770 0.6924 -0.6994
vn -0.2819 0.2954 -0.9128
vn 0.7084 0.6225 -0.3328
vn 0.7887 0.6147 -0.0000
vn 0.9547 0.2976 -0.0010
vn 0.6965 0.6436 -0.3174
vn -0.8853 0.0338 -0.4639
vn -0.9993 0.0367 0.0003
vn -0.9612 0.2759 -0.0090
vn -0.8482 0.3832 -0.3655
vn -0.0000 0.7356 0.6775
vn 0.1407 0.9469 -0.2890
vn -0.2165 0.8223 0.5263
vn 0.5999 0.8001 -0.0000
vn -0.4311 0.9023 -0.0000
vn -0.2041 0.9702 -0.1308
vn 0.3922 0.8457 0.3619
vn -0.0233 0.7313 -0.6817
vn -0.0267 0.9046 0.4255
vn -0.1617 0.9520 0.2598
vn 0.1978 0.8183 -0.5397
vn -0.6257 0.7791 0.0384
vn 0.4463 0.8946 -0.0206
vn 0.1686 0.9714 0.1670
vn -0.4168 0.8472 -0.3294
vn 0.2435 0.7579 -0.6052
vn -0.5662 0.8242 -0.0000
vn -0.0211 0.8139 0.5806
vn -0.2669 0.7496 0.6057
vn 0.5430 0.8392 -0.0303
vn 0.5902 0.7668 0.2524
vn 0.2568 0.0320 0.9659
vn 0.2437 0.0285 0.9694
vn -0.2760 0.2913 0.9159
vn -0.9594 0.0421 -0.2789
vn 0.2739 0.2966 -0.9149
vn 0.6186 0.6554 0.4333
vn -0.8673 0.0393 0.4963
vn 0.8684 0.0360 -0.4946
vn 0.2464 0.0311 -0.9687
vn 0.2198 0.9668 -0.1302
vn -0.1453 0.9519 -0.2697
vn -0.2162 0.9673 0.1324
vn 0.1398 0.9561 0.2576
vn 0.5827 0.7898 -0.1916
vn -0.5995 0.7772 0.1913
vn 0.2785 0.7489 0.6013
vn 0.8146 0.0259 -0.5794
vn 0.9994 0.0314 -0.0116
vn 0.9996 0.0221 -0.0170
vn -0.0261 0.9997 0.0022
vn -0.0249 0.9996 -0.0152
vn -0.5827 0.8127 -0.0057
vn 0.9546 0.2980 0.0010
vn -0.9985 0.0400 0.0383
vn -0.9994 0.0342 0.0018
vn -0.9964 0.0282 0.0798
vn 0.4156 0.9076 -0.0593
vn 0.5732 0.8165 -0.0686
vn -0.8350 0.0454 0.5484
vn -0.0011 0.0277 0.9996
vn -0.0052 0.2385 -0.9711
vn -0.0105 0.0215 -0.9997
vn 0.0008 0.9071 0.4209
vn 0.0007 0.7859 0.6184
vn 0.0029 0.9968 0.0800
vn 0.1415 0.0223 -0.9897
vn -0.0154 0.0192 -0.9997
vn -0.0300 0.0418 0.9987
vn 0.0374 0.0346 0.9987
vn -0.2235 0.0386 0.9739
vn -0.2849 0.0320 0.9580
vn -0.3427 0.0249 -0.9391
vn -0.0373 0.0234 -0.9990
vn -0.4247 0.0424 -0.9043
vn 0.9990 0.0240 0.0368
vn 0.9993 0.0357 0.0143
vn 0.8523 0.0319 0.5220
vn 0.9867 0.0194 0.1617
vn -0.2795 0.7424 -0.6089
vn -0.5918 0.7751 -0.2214
vn -0.7092 0.6217 0.3325
vn -0.6481 0.7595 -0.0563
vn -0.9536 0.3003 -0.0206
vn -0.6967 0.6434 0.3172
vn 0.1776 0.6922 0.6995
vn 0.2780 0.2963 0.9138
vn -0.1776 0.6923 -0.6994
vn -0.2826 0.2953 -0.9127
vn 0.7092 0.6217 -0.3325
vn 0.7896 0.6136 -0.0000
vn 0.9550 0.2967 -0.0010
vn 0.6974 0.6430 -0.3166
vn -0.8857 0.0337 -0.4631
vn -0.9993 0.0365 0.0003
vn -0.9614 0.2750 -0.0090
vn -0.8487 0.3827 -0.3651
vn 0.1408 0.9470 -0.2887
vn -0.2172 0.8221 0.5262
vn 0.6010 0.7992 -0.0000
vn -0.2043 0.9701 -0.1311
vn 0.3933 0.8453 0.3616
vn -0.0268 0.9046 0.4255
vn -0.1619 0.9521 0.2594
vn 0.1984 0.8182 -0.5397
vn -0.6268 0.7782 0.0385
vn 0.4465 0.8946 -0.0206
vn 0.1688 0.9714 0.1673
vn -0.4179 0.8468 -0.3291
vn 0.2443 0.7577 -0.6051
vn -0.5667 0.8239 -0.0000
vn -0.0212 0.8139 0.5806
vn -0.2678 0.7494 0.6056
vn 0.5435 0.8389 -0.0303
vn 0.5908 0.7665 0.2518
vn 0.2576 0.0320 0.9657
vn 0.2444 0.0284 0.9693
vn -0.2768 0.2911 0.9158
vn -0.9596 0.0420 -0.2783
vn 0.2746 0.2964 -0.9147
vn 0.6196 0.6550 0.4326
vn -0.8677 0.0391 0.4956
vn 0.8688 0.0359 -0.4939
vn 0.2471 0.0311 -0.9685
vn 0.2200 0.9667 -0.1305
vn -0.1453 0.9520 -0.2693
vn -0.2164 0.9672 0.1327
vn 0.1398 0.9562 0.2573
vn 0.5832 0.7895 -0.1911
vn -0.6001 0.7769 0.1908
vn 0.2794 0.7487 0.6012
vn 0.8149 0.0258 -0.5790
vn 0.9994 0.0313 -0.0116
vn 0.9996 0.0221 -0.0169
vn -0.0262 0.9997 0.0022
vn -0.0250 0.9996 -0.0152
vn -0.5833 0.8123 -0.0057
vn 0.9549 0.2971 0.0010
vn -0.9985 0.0399 0.0382
vn -0.9994 0.0341 0.0018
vn -0.9964 0.0281 0.0795
vn 0.5738 0.8161 -0.0686
vn -0.8355 0.0453 0.5477
vn 0.0029 0.9968 0.0799
vn 0.1420 0.0223 -0.9896
vn -0.0155 0.0192 -0.9997
vt 0.922990 0.978771
vt 0.925016 0.775168
vt 0.962695 0.774739
vt 0.969609 0.978244
vt 0.959825 0.221249
vt 0.926680 0.220438
vt 0.935912 0.017318
vt 0.970670 0.017655
vt 0.050561 0.024580
vt 0.071140 0.227750
vt 0.036656 0.229667
vt 0.018773 0.026360
vt 0.221362 0.541109
vt 0.218513 0.538073
vt 0.241571 0.538797
vt 0.241220 0.542453
vt 0.960680 0.559617
vt 0.963012 0.527347
vt 0.970447 0.527713
vt 0.968383 0.567285
vt 0.205371 0.563336
vt 0.236420 0.564226
vt 0.236286 0.571658
vt 0.199744 0.570578
vt 0.952959 0.431305
vt 0.917802 0.430453
vt 0.917857 0.423044
vt 0.958507 0.424139
vt 0.197564 0.435336
vt 0.195350 0.467641
vt 0.187665 0.467212
vt 0.189850 0.427443
vt 0.022073 0.692652
vt 0.051239 0.692685
vt 0.087299 0.893195
vt 0.020325 0.897148
vt 0.917341 0.565255
vt 0.917241 0.555337
vt 0.942146 0.553955
vt 0.952466 0.564544
vt 0.195100 0.525927
vt 0.205548 0.525368
vt 0.207837 0.546558
vt 0.197187 0.558264
vt 0.238623 0.429188
vt 0.238627 0.439307
vt 0.216072 0.440750
vt 0.205772 0.430336
vt 0.964395 0.496221
vt 0.953217 0.496689
vt 0.950717 0.447912
vt 0.961168 0.436415
vt 0.913209 0.543291
vt 0.936763 0.542090
vt 0.218217 0.521196
vt 0.243038 0.451607
vt 0.221730 0.452715
vt 0.940069 0.498752
vt 0.940158 0.456709
vt 0.176815 0.976571
vt 0.181691 0.772720
vt 0.191678 0.773480
vt 0.187240 0.977029
vt 0.958008 0.571831
vt 0.991311 0.018897
vt 0.976097 0.222261
vt 0.200260 0.423191
vt 0.189346 0.565924
vt 0.972694 0.773997
vt 0.968790 0.428872
vt 0.182776 0.221427
vt 0.192699 0.220395
vt 0.950212 0.547809
vt 0.215818 0.552850
vt 0.208142 0.447019
vt 0.942619 0.441697
vt 0.939728 0.539091
vt 0.218767 0.455879
vt 0.937214 0.453721
vt 0.178717 0.017504
vt 0.148220 0.223651
vt 0.147052 0.019486
vt 0.243158 0.455276
vt 0.242902 0.472906
vt 0.218387 0.472879
vt 0.972744 0.495846
vt 0.187408 0.526348
vt 0.138172 0.489161
vt 0.128220 0.692757
vt 0.041814 0.489176
vt 0.205790 0.468159
vt 0.952829 0.526795
vt 0.940358 0.522020
vt 0.241856 0.521207
vt 0.169902 0.489293
vt 0.162621 0.692747
vt 0.217442 0.977424
vt 0.227094 0.774189
vt 0.238681 0.421489
vt 0.252985 0.219954
vt 0.913078 0.539646
vt 0.917350 0.572720
vt 0.236760 0.554380
vt 0.917669 0.440301
vt 0.913586 0.452515
vt 0.913194 0.498880
vt 0.913355 0.456087
vt 0.913176 0.522137
vt 0.090973 0.430533
vt 0.051478 0.434800
vt 0.021133 0.489031
vt 0.980031 0.977810
vt 0.193794 0.016883
vt 0.150173 0.427312
vt 0.119165 0.895492
vt 0.158738 0.897556
vt 0.266783 0.016711
s 1
f 1/1/1 2/2/2 3/3/3
f 3/3/3 4/4/4 1/1/1
f 5/5/5 6/6/6 7/7/7
f 7/7/7 8/8/8 5/5/5
f 9/9/9 10/10/10 11/11/11
f 11/11/11 12/12/12 9/9/9
f 13/13/13 14/14/14 15/15/15
f 15/15/15 16/16/16 13/13/13
f 17/17/17 18/18/18 19/19/19
f 19/19/19 20/20/20 17/17/17
f 21/21/21 22/22/22 23/23/23
f 23/23/23 24/24/24 21/21/21
f 25/25/25 26/26/26 27/27/27
f 27/27/27 28/28/28 25/25/25
f 29/29/29 30/30/30 31/31/31
f 31/31/31 32/32/32 29/29/29
f 33/33/33 34/34/34 35/35/35
f 35/35/35 36/36/36 33/33/33
f 37/37/37 38/38/38 39/39/39
f 39/39/39 40/40/40 37/37/37
f 41/41/41 42/42/42 43/43/43
f 43/43/43 44/44/44 41/41/41
f 45/45/45 46/46/46 47/47/47
f 47/47/47 48/48/48 45/45/45
f 49/49/49 50/50/50 51/51/51
f 51/51/51 52/52/52 49/49/49
f 39/39/39 38/38/38 53/53/16
f 53/53/16 54/54/53 39/39/39
f 42/42/42 55/55/54 14/14/14
f 14/14/14 43/43/43 42/42/42
f 47/47/47 46/46/46 56/56/55
f 56/56/55 57/57/56 47/47/47
f 50/50/50 58/58/57 59/59/58
f 59/59/58 51/51/51 50/50/50
f 12/60/12 11/61/11 60/62/59
f 60/62/59 61/63/60 12/60/12
f 40/40/40 17/17/17 20/20/20
f 20/20/20 62/64/61 40/40/40
f 63/65/62 33/66/33 5/5/5
f 5/5/5 8/8/8 63/65/62
f 48/48/48 29/29/29 32/32/32
f 32/32/32 64/67/63 48/48/48
f 24/24/24 65/68/64 44/44/44
f 44/44/44 21/21/21 24/24/24
f 20/20/20 66/69/65 3/3/3
f 3/3/3 62/64/61 20/20/20
f 28/28/28 36/70/36 52/52/52
f 52/52/52 25/25/25 28/28/28
f 32/32/32 67/71/66 68/72/67
f 68/72/67 64/67/63 32/32/32
f 17/17/17 40/40/40 39/39/39
f 39/39/39 69/73/68 17/17/17
f 21/21/21 44/44/44 43/43/43
f 43/43/43 70/74/69 21/21/21
f 29/29/29 48/48/48 47/47/47
f 47/47/47 71/75/70 29/29/29
f 25/25/25 52/52/52 51/51/51
f 51/51/51 72/76/71 25/25/25
f 69/73/68 39/39/39 54/54/53
f 54/54/53 73/77/72 69/73/68
f 70/74/69 43/43/43 14/14/14
f 14/14/14 13/13/13 70/74/69
f 71/75/70 47/47/47 57/57/56
f 57/57/56 74/78/73 71/75/70
f 72/76/71 51/51/51 59/59/58
f 59/59/58 75/79/74 72/76/71
f 76/80/75 67/71/66 77/81/76
f 77/81/76 78/82/77 76/80/75
f 74/78/73 79/83/78 80/84/79
f 80/84/79 81/85/80 74/78/73
f 52/52/52 36/70/36 35/86/35
f 35/86/35 49/49/49 52/52/52
f 41/41/41 82/87/81 31/31/31
f 31/31/31 30/30/30 41/41/41
f 83/88/82 84/89/83 34/34/34
f 34/34/34 85/90/84 83/88/82
f 30/30/30 29/29/29 71/75/70
f 71/75/70 86/91/85 30/30/30
f 18/18/18 87/92/86 50/50/50
f 50/50/50 49/49/49 18/18/18
f 71/75/70 74/78/73 81/85/80
f 81/85/80 86/91/85 71/75/70
f 87/92/86 88/93/87 58/58/57
f 58/58/57 50/50/50 87/92/86
f 78/82/77 77/81/76 10/10/10
f 10/10/10 9/9/9 78/82/77
f 81/85/80 80/84/79 89/94/88
f 89/94/88 55/55/54 81/85/80
f 49/49/49 35/86/35 19/19/19
f 19/19/19 18/18/18 49/49/49
f 30/30/30 86/91/85 42/42/42
f 42/42/42 41/41/41 30/30/30
f 86/91/85 81/85/80 55/55/54
f 55/55/54 42/42/42 86/91/85
f 44/44/44 65/68/64 82/87/81
f 82/87/81 41/41/41 44/44/44
f 90/95/89 66/96/65 84/89/83
f 84/89/83 83/88/82 90/95/89
f 18/18/18 17/17/17 69/73/68
f 69/73/68 87/92/86 18/18/18
f 69/73/68 73/77/72 88/93/87
f 88/93/87 87/92/86 69/73/68
f 91/97/90 92/98/91 2/2/2
f 2/2/2 1/1/1 91/97/90
f 27/27/27 93/99/92 94/100/93
f 94/100/93 6/6/6 27/27/27
f 54/54/53 53/53/16 95/101/15
f 95/101/15 73/77/72 54/54/53
f 40/40/40 62/64/61 96/102/94
f 96/102/94 37/37/37 40/40/40
f 45/45/45 93/99/92 27/27/27
f 27/27/27 26/26/26 45/45/45
f 22/22/22 97/103/38 38/38/38
f 38/38/38 37/37/37 22/22/22
f 26/26/26 25/25/25 72/76/71
f 72/76/71 98/104/95 26/26/26
f 97/103/38 16/16/16 53/53/16
f 53/53/16 38/38/38 97/103/38
f 72/76/71 75/79/74 99/105/96
f 99/105/96 98/104/95 72/76/71
f 58/58/57 100/106/97 101/107/98
f 101/107/98 59/59/58 58/58/57
f 58/58/57 88/93/87 102/108/99
f 102/108/99 100/106/97 58/58/57
f 53/53/16 16/16/16 15/15/15
f 15/15/15 95/101/15 53/53/16
f 37/37/37 96/102/94 23/23/23
f 23/23/23 22/22/22 37/37/37
f 26/26/26 98/104/95 46/46/46
f 46/46/46 45/45/45 26/26/26
f 98/104/95 99/105/96 56/56/55
f 56/56/55 46/46/46 98/104/95
f 100/106/97 80/84/79 79/83/78
f 79/83/78 101/107/98 100/106/97
f 80/84/79 100/106/97 102/108/99
f 102/108/99 89/94/88 80/84/79
f 91/97/90 61/63/60 60/62/59
f 60/62/59 92/98/91 91/97/90
f 93/99/92 64/67/63 68/72/67
f 68/72/67 94/100/93 93/99/92
f 48/48/48 64/67/63 93/99/92
f 93/99/92 45/45/45 48/48/48
f 22/22/22 21/21/21 70/74/69
f 70/74/69 97/103/38 22/22/22
f 70/74/69 13/13/13 16/16/16
f 16/16/16 97/103/38 70/74/69
f 2/2/2 96/102/94 62/64/61
f 62/64/61 3/3/3 2/2/2
f 28/28/28 27/27/27 6/6/6
f 6/6/6 5/5/5 28/28/28
f 82/109/81 65/110/64 11/11/11
f 11/11/11 10/10/10 82/109/81
f 63/111/62 85/90/84 34/34/34
f 34/34/34 33/33/33 63/111/62
f 65/68/64 24/24/24 60/62/59
f 60/62/59 11/61/11 65/68/64
f 36/70/36 28/28/28 5/5/5
f 5/5/5 33/66/33 36/70/36
f 90/112/89 4/4/4 3/3/3
f 3/3/3 66/69/65 90/112/89
f 76/80/75 103/113/100 68/72/67
f 68/72/67 67/71/66 76/80/75
f 32/32/32 31/114/31 77/81/76
f 77/81/76 67/71/66 32/32/32
f 19/115/19 35/35/35 34/34/34
f 34/34/34 84/89/83 19/115/19
f 31/114/31 82/109/81 10/10/10
f 10/10/10 77/81/76 31/114/31
f 20/116/20 19/115/19 84/89/83
f 84/89/83 66/96/65 20/116/20
f 23/23/23 96/102/94 2/2/2
f 2/2/2 92/98/91 23/23/23
f 104/117/101 7/7/7 6/6/6
f 6/6/6 94/100/93 104/117/101
f 24/24/24 23/23/23 92/98/91
f 92/98/91 60/62/59 24/24/24
f 103/113/100 104/117/101 94/100/93
f 94/100/93 68/72/67 103/113/100
f 55/55/54 89/94/88 15/15/15
f 15/15/15 14/14/14 55/55/54
f 89/94/88 102/108/99 95/101/15
f 95/101/15 15/15/15 89/94/88
f 102/108/99 88/93/87 73/77/72
f 73/77/72 95/101/15 102/108/99
f 57/57/56 56/56/55 79/83/78
f 79/83/78 74/78/73 57/57/56
f 56/56/55 99/105/96 101/107/98
f 101/107/98 79/83/78 56/56/55
f 101/107/98 99/105/96 75/79/74
f 75/79/74 59/59/58 101/107/98
f 105/1/102 106/2/103 107/3/104
f 107/3/104 108/4/105 105/1/102
f 109/5/106 110/6/107 111/7/108
f 111/7/108 112/8/109 109/5/106
f 113/9/110 114/10/111 115/11/112
f 115/11/112 116/12/113 113/9/110
f 117/13/114 118/14/115 119/15/15
f 119/15/15 120/16/116 117/13/114
f 121/17/29 122/18/117 123/19/118
f 123/19/118 124/20/119 121/17/29
f 125/21/25 126/22/120 127/23/121
f 127/23/121 128/24/122 125/21/25
f 129/25/123 130/26/124 131/27/125
f 131/27/125 132/28/126 129/25/123
f 133/29/17 134/30/127 135/31/128
f 135/31/128 136/32/129 133/29/17
f 137/33/130 138/34/131 139/35/132
f 139/35/132 140/36/133 137/33/130
f 141/37/134 142/38/135 143/39/136
f 143/39/136 144/40/137 141/37/134
f 145/41/138 146/42/139 147/43/140
f 147/43/140 148/44/141 145/41/138
f 149/45/142 150/46/143 151/47/144
f 151/47/144 152/48/145 149/45/142
f 153/49/146 154/50/147 155/51/148
f 155/51/148 156/52/149 153/49/146
f 143/39/136 142/38/135 157/53/116
f 157/53/116 158/54/150 143/39/136
f 146/42/139 159/55/151 118/14/115
f 118/14/115 147/43/140 146/42/139
f 151/47/144 150/46/143 160/56/152
f 160/56/152 161/57/153 151/47/144
f 154/50/147 162/58/154 163/59/155
f 163/59/155 155/51/148 154/50/147
f 116/60/113 115/61/112 164/62/156
f 164/62/156 165/63/157 116/60/113
f 144/40/137 121/17/29 124/20/119
f 124/20/119 166/64/158 144/40/137
f 167/65/159 137/66/130 109/5/106
f 109/5/106 112/8/109 167/65/159
f 152/48/145 133/29/17 136/32/129
f 136/32/129 168/67/160 152/48/145
f 128/24/122 169/68/161 148/44/141
f 148/44/141 125/21/25 128/24/122
f 124/20/119 170/69/162 107/3/104
f 107/3/104 166/64/158 124/20/119
f 132/28/126 140/70/133 156/52/149
f 156/52/149 129/25/123 132/28/126
f 136/32/129 171/71/163 172/72/164
f 172/72/164 168/67/160 136/32/129
f 121/17/29 144/40/137 143/39/136
f 143/39/136 173/73/165 121/17/29
f 125/21/25 148/44/141 147/43/140
f 147/43/140 174/74/166 125/21/25
f 133/29/17 152/48/145 151/47/144
f 151/47/144 175/75/167 133/29/17
f 129/25/123 156/52/149 155/51/148
f 155/51/148 176/76/168 129/25/123
f 173/73/165 143/39/136 158/54/150
f 158/54/150 177/77/169 173/73/165
f 174/74/166 147/43/140 118/14/115
f 118/14/115 117/13/114 174/74/166
f 175/75/167 151/47/144 161/57/153
f 161/57/153 178/78/170 175/75/167
f 176/76/168 155/51/148 163/59/155
f 163/59/155 179/79/171 176/76/168
f 180/80/172 171/71/163 181/81/173
f 181/81/173 182/82/174 180/80/172
f 178/78/170 183/83/175 184/84/176
f 184/84/176 185/85/177 178/78/170
f 156/52/149 140/70/133 139/86/132
f 139/86/132 153/49/146 156/52/149
f 145/41/138 186/87/178 135/31/128
f 135/31/128 134/30/127 145/41/138
f 187/88/179 188/89/180 138/34/131
f 138/34/131 189/90/181 187/88/179
f 134/30/127 133/29/17 175/75/167
f 175/75/167 190/91/182 134/30/127
f 122/18/117 191/92/183 154/50/147
f 154/50/147 153/49/146 122/18/117
f 175/75/167 178/78/170 185/85/177
f 185/85/177 190/91/182 175/75/167
f 191/92/183 192/93/184 162/58/154
f 162/58/154 154/50/147 191/92/183
f 182/82/174 181/81/173 114/10/111
f 114/10/111 113/9/110 182/82/174
f 185/85/177 184/84/176 193/94/185
f 193/94/185 159/55/151 185/85/177
f 153/49/146 139/86/132 123/19/118
f 123/19/118 122/18/117 153/49/146
f 134/30/127 190/91/182 146/42/139
f 146/42/139 145/41/138 134/30/127
f 190/91/182 185/85/177 159/55/151
f 159/55/151 146/42/139 190/91/182
f 148/44/141 169/68/161 186/87/178
f 186/87/178 145/41/138 148/44/141
f 194/95/186 170/96/162 188/89/180
f 188/89/180 187/88/179 194/95/186
f 122/18/117 121/17/29 173/73/165
f 173/73/165 191/92/183 122/18/117
f 173/73/165 177/77/169 192/93/184
f 192/93/184 191/92/183 173/73/165
f 195/97/187 196/98/188 106/2/103
f 106/2/103 105/1/102 195/97/187
f 131/27/125 197/99/189 198/100/190
f 198/100/190 110/6/107 131/27/125
f 158/54/150 157/53/116 199/101/15
f 199/101/15 177/77/169 158/54/150
f 144/40/137 166/64/158 200/102/191
f 200/102/191 141/37/134 144/40/137
f 149/45/142 197/99/189 131/27/125
f 131/27/125 130/26/124 149/45/142
f 126/22/120 201/103/135 142/38/135
f 142/38/135 141/37/134 126/22/120
f 130/26/124 129/25/123 176/76/168
f 176/76/168 202/104/192 130/26/124
f 201/103/135 120/16/116 157/53/116
f 157/53/116 142/38/135 201/103/135
f 176/76/168 179/79/171 203/105/193
f 203/105/193 202/104/192 176/76/168
f 162/58/154 204/106/194 205/107/195
f 205/107/195 163/59/155 162/58/154
f 162/58/154 192/93/184 206/108/196
f 206/108/196 204/106/194 162/58/154
f 157/53/116 120/16/116 119/15/15
f 119/15/15 199/101/15 157/53/116
f 141/37/134 200/102/191 127/23/121
f 127/23/121 126/22/120 141/37/134
f 130/26/124 202/104/192 150/46/143
f 150/46/143 149/45/142 130/26/124
f 202/104/192 203/105/193 160/56/152
f 160/56/152 150/46/143 202/104/192
f 204/106/194 184/84/176 183/83/175
f 183/83/175 205/107/195 204/106/194
f 184/84/176 204/106/194 206/108/196
f 206/108/196 193/94/185 184/84/176
f 195/97/187 165/63/157 164/62/156
f 164/62/156 196/98/188 195/97/187
f 197/99/189 168/67/160 172/72/164
f 172/72/164 198/100/190 197/99/189
f 152/48/145 168/67/160 197/99/189
f 197/99/189 149/45/142 152/48/145
f 126/22/120 125/21/25 174/74/166
f 174/74/166 201/103/135 126/22/120
f 174/74/166 117/13/114 120/16/116
f 120/16/116 201/103/135 174/74/166
f 106/2/103 200/102/191 166/64/158
f 166/64/158 107/3/104 106/2/103
f 132/28/126 131/27/125 110/6/107
f 110/6/107 109/5/106 132/28/126
f 186/109/178 169/110/161 115/11/112
f 115/11/112 114/10/111 186/109/178
f 167/111/159 189/90/181 138/34/131
f 138/34/131 137/33/130 167/111/159
f 169/68/161 128/24/122 164/62/156
f 164/62/156 115/61/112 169/68/161
f 140/70/133 132/28/126 109/5/106
f 109/5/106 137/66/130 140/70/133
f 194/112/186 108/4/105 107/3/104
f 107/3/104 170/69/162 194/112/186
f 180/80/172 207/113/197 172/72/164
f 172/72/164 171/71/163 180/80/172
f 136/32/129 135/114/128 181/81/173
f 181/81/173 171/71/163 136/32/129
f 123/115/118 139/35/132 138/34/131
f 138/34/131 188/89/180 123/115/118
f 135/114/128 186/109/178 114/10/111
f 114/10/111 181/81/173 135/114/128
f 124/116/119 123/115/118 188/89/180
f 188/89/180 170/96/162 124/116/119
f 127/23/121 200/102/191 106/2/103
f 106/2/103 196/98/188 127/23/121
f 208/117/198 111/7/108 110/6/107
f 110/6/107 198/100/190 208/117/198
f 128/24/122 127/23/121 196/98/188
f 196/98/188 164/62/156 128/24/122
f 207/113/197 208/117/198 198/100/190
f 198/100/190 172/72/164 207/113/197
f 159/55/151 193/94/185 119/15/15
f 119/15/15 118/14/115 159/55/151
f 193/94/185 206/108/196 199/101/15
f 199/101/15 119/15/15 193/94/185
f 206/108/196 192/93/184 177/77/169
f 177/77/169 199/101/15 206/108/196
f 161/57/153 160/56/152 183/83/175
f 183/83/175 178/78/170 161/57/153
f 160/56/152 203/105/193 205/107/195
f 205/107/195 183/83/175 160/56/152
f 205/107/195 203/105/193 179/79/171
f 179/79/171 163/59/155 205/107/195
f 209/1/1 210/2/2 211/3/3
f 211/3/3 212/4/4 209/1/1
f 213/5/5 214/6/6 215/7/7
f 215/7/7 216/8/8 213/5/5
f 217/9/9 218/10/10 219/11/11
f 219/11/11 220/12/12 217/9/9
f 221/13/13 222/14/14 223/15/15
f 223/15/15 224/16/16 221/13/13
f 225/17/199 226/18/200 227/19/201
f 227/19/201 228/20/202 225/17/199
f 229/21/21 230/22/22 231/23/23
f 231/23/23 232/24/24 229/21/21
f 233/25/25 234/26/26 235/27/27
f 235/27/27 236/28/28 233/25/25
f 237/29/29 238/30/30 239/31/31
f 239/31/31 240/32/32 237/29/29
f 241/33/33 242/34/34 243/35/35
f 243/35/35 244/36/36 241/33/33
f 245/37/37 246/38/38 247/39/39
f 247/39/39 248/40/40 245/37/37
f 249/41/41 250/42/203 251/43/43
f 251/43/43 252/44/44 249/41/41
f 253/45/45 254/46/46 255/47/47
f 255/47/47 256/48/48 253/45/45
f 257/49/204 258/50/50 259/51/51
f 259/51/51 260/52/52 257/49/204
f 247/39/39 246/38/38 261/53/16
f 261/53/16 262/54/53 247/39/39
f 250/42/203 263/55/54 222/14/14
f 222/14/14 251/43/43 250/42/203
f 255/47/47 254/46/46 264/56/55
f 264/56/55 265/57/56 255/47/47
f 258/50/50 266/58/57 267/59/58
f 267/59/58 259/51/51 258/50/50
f 220/60/12 219/61/11 268/62/59
f 268/62/59 269/63/60 220/60/12
f 248/40/40 225/17/199 228/20/202
f 228/20/202 270/64/61 248/40/40
f 271/65/62 241/66/33 213/5/5
f 213/5/5 216/8/8 271/65/62
f 256/48/48 237/29/29 240/32/32
f 240/32/32 272/67/63 256/48/48
f 232/24/24 273/68/64 252/44/44
f 252/44/44 229/21/21 232/24/24
f 228/20/202 274/69/65 211/3/3
f 211/3/3 270/64/61 228/20/202
f 236/28/28 244/70/36 260/52/52
f 260/52/52 233/25/25 236/28/28
f 240/32/32 275/71/66 276/72/67
f 276/72/67 272/67/63 240/32/32
f 225/17/199 248/40/40 247/39/39
f 247/39/39 277/73/68 225/17/199
f 229/21/21 252/44/44 251/43/43
f 251/43/43 278/74/69 229/21/21
f 237/29/29 256/48/48 255/47/47
f 255/47/47 279/75/70 237/29/29
f 233/25/25 260/52/52 259/51/51
f 259/51/51 280/76/71 233/25/25
f 277/73/68 247/39/39 262/54/53
f 262/54/53 281/77/72 277/73/68
f 278/74/69 251/43/43 222/14/14
f 222/14/14 221/13/13 278/74/69
f 279/75/70 255/47/47 265/57/56
f 265/57/56 282/78/73 279/75/70
f 280/76/71 259/51/51 267/59/58
f 267/59/58 283/79/74 280/76/71
f 284/80/75 275/71/66 285/81/76
f 285/81/76 286/82/77 284/80/75
f 282/78/73 287/83/78 288/84/79
f 288/84/79 289/85/80 282/78/73
f 260/52/52 244/70/36 243/86/35
f 243/86/35 257/49/204 260/52/52
f 249/41/41 290/87/81 239/31/31
f 239/31/31 238/30/30 249/41/41
f 291/88/82 292/89/83 242/34/34
f 242/34/34 293/90/84 291/88/82
f 238/30/30 237/29/29 279/75/70
f 279/75/70 294/91/42 238/30/30
f 226/18/200 295/92/86 258/50/50
f 258/50/50 257/49/204 226/18/200
f 279/75/70 282/78/73 289/85/80
f 289/85/80 294/91/42 279/75/70
f 295/92/86 296/93/87 266/58/57
f 266/58/57 258/50/50 295/92/86
f 286/82/77 285/81/76 218/10/10
f 218/10/10 217/9/9 286/82/77
f 289/85/80 288/84/79 297/94/88
f 297/94/88 263/55/54 289/85/80
f 257/49/204 243/86/35 227/19/201
f 227/19/201 226/18/200 257/49/204
f 238/30/30 294/91/42 250/42/203
f 250/42/203 249/41/41 238/30/30
f 294/91/42 289/85/80 263/55/54
f 263/55/54 250/42/203 294/91/42
f 252/44/44 273/68/64 290/87/81
f 290/87/81 249/41/41 252/44/44
f 298/95/89 274/96/65 292/89/83
f 292/89/83 291/88/82 298/95/89
f 226/18/200 225/17/199 277/73/68
f 277/73/68 295/92/86 226/18/200
f 277/73/68 281/77/72 296/93/87
f 296/93/87 295/92/86 277/73/68
f 299/97/90 300/98/91 210/2/2
f 210/2/2 209/1/1 299/97/90
f 235/27/27 301/99/92 302/100/93
f 302/100/93 214/6/6 235/27/27
f 262/54/53 261/53/16 303/101/15
f 303/101/15 281/77/72 262/54/53
f 248/40/40 270/64/61 304/102/94
f 304/102/94 245/37/37 248/40/40
f 253/45/45 301/99/92 235/27/27
f 235/27/27 234/26/26 253/45/45
f 230/22/22 305/103/38 246/38/38
f 246/38/38 245/37/37 230/22/22
f 234/26/26 233/25/25 280/76/71
f 280/76/71 306/104/95 234/26/26
f 305/103/38 224/16/16 261/53/16
f 261/53/16 246/38/38 305/103/38
f 280/76/71 283/79/74 307/105/96
f 307/105/96 306/104/95 280/76/71
f 266/58/57 308/106/97 309/107/98
f 309/107/98 267/59/58 266/58/57
f 266/58/57 296/93/87 310/108/99
f 310/108/99 308/106/97 266/58/57
f 261/53/16 224/16/16 223/15/15
f 223/15/15 303/101/15 261/53/16
f 245/37/37 304/102/94 231/23/23
f 231/23/23 230/22/22 245/37/37
f 234/26/26 306/104/95 254/46/46
f 254/46/46 253/45/45 234/26/26
f 306/104/95 307/105/96 264/56/55
f 264/56/55 254/46/46 306/104/95
f 308/106/97 288/84/79 287/83/78
f 287/83/78 309/107/98 308/106/97
f 288/84/79 308/106/97 310/108/99
f 310/108/99 297/94/88 288/84/79
f 299/97/90 269/63/60 268/62/59
f 268/62/59 300/98/91 299/97/90
f 301/99/92 272/67/63 276/72/67
f 276/72/67 302/100/93 301/99/92
f 256/48/48 272/67/63 301/99/92
f 301/99/92 253/45/45 256/48/48
f 230/22/22 229/21/21 278/74/69
f 278/74/69 305/103/38 230/22/22
f 278/74/69 221/13/13 224/16/16
f 224/16/16 305/103/38 278/74/69
f 210/2/2 304/102/94 270/64/61
f 270/64/61 211/3/3 210/2/2
f 236/28/28 235/27/27 214/6/6
f 214/6/6 213/5/5 236/28/28
f 290/109/81 273/110/64 219/11/11
f 219/11/11 218/10/10 290/109/81
f 271/111/62 293/90/84 242/34/34
f 242/34/34 241/33/33 271/111/62
f 273/68/64 232/24/24 268/62/59
f 268/62/59 219/61/11 273/68/64
f 244/70/36 236/28/28 213/5/5
f 213/5/5 241/66/33 244/70/36
f 298/112/89 212/4/4 211/3/3
f 211/3/3 274/69/65 298/112/89
f 284/80/75 311/113/100 276/72/67
f 276/72/67 275/71/66 284/80/75
f 240/32/32 239/114/31 285/81/76
f 285/81/76 275/71/66 240/32/32
f 227/115/201 243/35/35 242/34/34
f 242/34/34 292/89/83 227/115/201
f 239/114/31 290/109/81 218/10/10
f 218/10/10 285/81/76 239/114/31
f 228/116/202 227/115/201 292/89/83
f 292/89/83 274/96/65 228/116/202
f 231/23/23 304/102/94 210/2/2
f 210/2/2 300/98/91 231/23/23
f 312/117/101 215/7/7 214/6/6
f 214/6/6 302/100/93 312/117/101
f 232/24/24 231/23/23 300/98/91
f 300/98/91 268/62/59 232/24/24
f 311/113/100 312/117/101 302/100/93
f 302/100/93 276/72/67 311/113/100
f 263/55/54 297/94/88 223/15/15
f 223/15/15 222/14/14 263/55/54
f 297/94/88 310/108/99 303/101/15
f 303/101/15 223/15/15 297/94/88
f 310/108/99 296/93/87 281/77/72
f 281/77/72 303/101/15 310/108/99
f 265/57/56 264/56/55 287/83/78
f 287/83/78 282/78/73 265/57/56
f 264/56/55 307/105/96 309/107/98
f 309/107/98 287/83/78 264/56/55
f 309/107/98 307/105/96 283/79/74
f 283/79/74 267/59/58 309/107/98
f 313/1/102 314/2/103 315/3/104
f 315/3/104 316/4/105 313/1/102
f 317/5/106 318/6/107 319/7/108
f 319/7/108 320/8/205 317/5/106
f 321/9/110 322/10/111 323/11/112
f 323/11/112 324/12/113 321/9/110
f 325/13/114 326/14/115 327/15/15
f 327/15/15 328/16/116 325/13/114
f 329/17/29 330/18/117 331/19/118
f 331/19/118 332/20/119 329/17/29
f 333/21/25 334/22/120 335/23/121
f 335/23/121 336/24/122 333/21/25
f 337/25/123 338/26/124 339/27/125
f 339/27/125 340/28/206 337/25/123
f 341/29/17 342/30/127 343/31/128
f 343/31/128 344/32/129 341/29/17
f 345/33/130 346/34/131 347/35/132
f 347/35/132 348/36/133 345/33/130
f 349/37/134 350/38/135 351/39/136
f 351/39/136 352/40/137 349/37/134
f 353/41/138 354/42/139 355/43/140
f 355/43/140 356/44/141 353/41/138
f 357/45/142 358/46/143 359/47/144
f 359/47/144 360/48/145 357/45/142
f 361/49/207 362/50/147 363/51/148
f 363/51/148 364/52/149 361/49/207
f 351/39/136 350/38/135 365/53/116
f 365/53/116 366/54/150 351/39/136
f 354/42/139 367/55/151 326/14/115
f 326/14/115 355/43/140 354/42/139
f 359/47/144 358/46/143 368/56/152
f 368/56/152 369/57/153 359/47/144
f 362/50/147 370/58/154 371/59/155
f 371/59/155 363/51/148 362/50/147
f 324/60/113 323/61/112 372/62/156
f 372/62/156 373/63/157 324/60/113
f 352/40/137 329/17/29 332/20/119
f 332/20/119 374/64/158 352/40/137
f 375/65/159 345/66/130 317/5/106
f 317/5/106 320/8/205 375/65/159
f 360/48/145 341/29/17 344/32/129
f 344/32/129 376/67/160 360/48/145
f 336/24/122 377/68/161 356/44/141
f 356/44/141 333/21/25 336/24/122
f 332/20/119 378/69/162 315/3/104
f 315/3/104 374/64/158 332/20/119
f 340/28/206 348/70/133 364/52/149
f 364/52/149 337/25/123 340/28/206
f 344/32/129 379/71/163 380/72/164
f 380/72/164 376/67/160 344/32/129
f 329/17/29 352/40/137 351/39/136
f 351/39/136 381/73/165 329/17/29
f 333/21/25 356/44/141 355/43/140
f 355/43/140 382/74/166 333/21/25
f 341/29/17 360/48/145 359/47/144
f 359/47/144 383/75/167 341/29/17
f 337/25/123 364/52/149 363/51/148
f 363/51/148 384/76/168 337/25/123
f 381/73/165 351/39/136 366/54/150
f 366/54/150 385/77/169 381/73/165
f 382/74/166 355/43/140 326/14/115
f 326/14/115 325/13/114 382/74/166
f 383/75/167 359/47/144 369/57/153
f 369/57/153 386/78/170 383/75/167
f 384/76/168 363/51/148 371/59/155
f 371/59/155 387/79/171 384/76/168
f 388/80/172 379/71/163 389/81/173
f 389/81/173 390/82/174 388/80/172
f 386/78/170 391/83/175 392/84/176
f 392/84/176 393/85/177 386/78/170
f 364/52/149 348/70/133 347/86/132
f 347/86/132 361/49/207 364/52/149
f 353/41/138 394/87/178 343/31/128
f 343/31/128 342/30/127 353/41/138
f 395/88/179 396/89/180 346/34/131
f 346/34/131 397/90/181 395/88/179
f 342/30/127 341/29/17 383/75/167
f 383/75/167 398/91/182 342/30/127
f 330/18/117 399/92/183 362/50/147
f 362/50/147 361/49/207 330/18/117
f 383/75/167 386/78/170 393/85/177
f 393/85/177 398/91/182 383/75/167
f 399/92/183 400/93/184 370/58/154
f 370/58/154 362/50/147 399/92/183
f 390/82/174 389/81/173 322/10/111
f 322/10/111 321/9/110 390/82/174
f 393/85/177 392/84/176 401/94/185
f 401/94/185 367/55/151 393/85/177
f 361/49/207 347/86/132 331/19/118
f 331/19/118 330/18/117 361/49/207
f 342/30/127 398/91/182 354/42/139
f 354/42/139 353/41/138 342/30/127
f 398/91/182 393/85/177 367/55/151
f 367/55/151 354/42/139 398/91/182
f 356/44/141 377/68/161 394/87/178
f 394/87/178 353/41/138 356/44/141
f 402/95/186 378/96/162 396/89/180
f 396/89/180 395/88/179 402/95/186
f 330/18/117 329/17/29 381/73/165
f 381/73/165 399/92/183 330/18/117
f 381/73/165 385/77/169 400/93/184
f 400/93/184 399/92/183 381/73/165
f 403/97/187 404/98/188 314/2/103
f 314/2/103 313/1/102 403/97/187
f 339/27/125 405/99/189 406/100/190
f 406/100/190 318/6/107 339/27/125
f 366/54/150 365/53/116 407/101/15
f 407/101/15 385/77/169 366/54/150
f 352/40/137 374/64/158 408/102/191
f 408/102/191 349/37/134 352/40/137
f 357/45/142 405/99/189 339/27/125
f 339/27/125 338/26/124 357/45/142
f 334/22/120 409/103/135 350/38/135
f 350/38/135 349/37/134 334/22/120
f 338/26/124 337/25/123 384/76/168
f 384/76/168 410/104/192 338/26/124
f 409/103/135 328/16/116 365/53/116
f 365/53/116 350/38/135 409/103/135
f 384/76/168 387/79/171 411/105/193
f 411/105/193 410/104/192 384/76/168
f 370/58/154 412/106/194 413/107/195
f 413/107/195 371/59/155 370/58/154
f 370/58/154 400/93/184 414/108/196
f 414/108/196 412/106/194 370/58/154
f 365/53/116 328/16/116 327/15/15
f 327/15/15 407/101/15 365/53/116
f 349/37/134 408/102/191 335/23/121
f 335/23/121 334/22/120 349/37/134
f 338/26/124 410/104/192 358/46/143
f 358/46/143 357/45/142 338/26/124
f 410/104/192 411/105/193 368/56/152
f 368/56/152 358/46/143 410/104/192
f 412/106/194 392/84/176 391/83/175
f 391/83/175 413/107/195 412/106/194
f 392/84/176 412/106/194 414/108/196
f 414/108/196 401/94/185 392/84/176
f 403/97/187 373/63/157 372/62/156
f 372/62/156 404/98/188 403/97/187
f 405/99/189 376/67/160 380/72/164
f 380/72/164 406/100/190 405/99/189
f 360/48/145 376/67/160 405/99/189
f 405/99/189 357/45/142 360/48/145
f 334/22/120 333/21/25 382/74/166
f 382/74/166 409/103/135 334/22/120
f 382/74/166 325/13/114 328/16/116
f 328/16/116 409/103/135 382/74/166
f 314/2/103 408/102/191 374/64/158
f 374/64/158 315/3/104 314/2/103
f 340/28/206 339/27/125 318/6/107
f 318/6/107 317/5/106 340/28/206
f 394/109/178 377/110/161 323/11/112
f 323/11/112 322/10/111 394/109/178
f 375/111/159 397/90/181 346/34/131
f 346/34/131 345/33/130 375/111/159
f 377/68/161 336/24/122 372/62/156
f 372/62/156 323/61/112 377/68/161
f 348/70/133 340/28/206 317/5/106
f 317/5/106 345/66/130 348/70/133
f 402/112/186 316/4/105 315/3/104
f 315/3/104 378/69/162 402/112/186
f 388/80/172 415/113/197 380/72/164
f 380/72/164 379/71/163 388/80/172
f 344/32/129 343/114/128 389/81/173
f 389/81/173 379/71/163 344/32/129
f 331/115/118 347/35/132 346/34/131
f 346/34/131 396/89/180 331/115/118
f 343/114/128 394/109/178 322/10/111
f 322/10/111 389/81/173 343/114/128
f 332/116/119 331/115/118 396/89/180
f 396/89/180 378/96/162 332/116/119
f 335/23/121 408/102/191 314/2/103
f 314/2/103 404/98/188 335/23/121
f 416/117/198 319/7/108 318/6/107
f 318/6/107 406/100/190 416/117/198
f 336/24/122 335/23/121 404/98/188
f 404/98/188 372/62/156 336/24/122
f 415/113/197 416/117/198 406/100/190
f 406/100/190 380/72/164 415/113/197
f 367/55/151 401/94/185 327/15/15
f 327/15/15 326/14/115 367/55/151
f 401/94/185 414/108/196 407/101/15
f 407/101/15 327/15/15 401/94/185
f 414/108/196 400/93/184 385/77/169
f 385/77/169 407/101/15 414/108/196
f 369/57/153 368/56/152 391/83/175
f 391/83/175 386/78/170 369/57/153
f 368/56/152 411/105/193 413/107/195
f 413/107/195 391/83/175 368/56/152
f 413/107/195 411/105/193 387/79/171
f 387/79/171 371/59/155 413/107/195
f 417/1/1 418/2/2 419/3/3
f 419/3/3 420/4/4 417/1/1
f 421/5/5 422/6/6 423/7/7
f 423/7/7 424/8/208 421/5/5
f 425/9/9 426/10/10 427/11/11
f 427/11/11 428/12/12 425/9/9
f 429/13/13 430/14/14 431/15/15
f 431/15/15 432/16/16 429/13/13
f 433/17/17 434/18/18 435/19/19
f 435/19/19 436/20/20 433/17/17
f 437/21/21 438/22/22 439/23/23
f 439/23/23 440/24/24 437/21/21
f 441/25/25 442/26/26 443/27/27
f 443/27/27 444/28/28 441/25/25
f 445/29/29 446/30/30 447/31/31
f 447/31/31 448/32/32 445/29/29
f 449/33/33 450/34/34 451/35/209
f 451/35/209 452/36/36 449/33/33
f 453/37/37 454/38/38 455/39/39
f 455/39/39 456/40/40 453/37/37
f 457/41/41 458/42/203 459/43/43
f 459/43/43 460/44/44 457/41/41
f 461/45/45 462/46/46 463/47/47
f 463/47/47 464/48/48 461/45/45
f 465/49/49 466/50/50 467/51/51
f 467/51/51 468/52/52 465/49/49
f 455/39/39 454/38/38 469/53/16
f 469/53/16 470/54/53 455/39/39
f 458/42/203 471/55/54 430/14/14
f 430/14/14 459/43/43 458/42/203
f 463/47/47 462/46/46 472/56/55
f 472/56/55 473/57/56 463/47/47
f 466/50/50 474/58/57 475/59/58
f 475/59/58 467/51/51 466/50/50
f 428/60/12 427/61/11 476/62/59
f 476/62/59 477/63/60 428/60/12
f 456/40/40 433/17/17 436/20/20
f 436/20/20 478/64/61 456/40/40
f 479/65/62 449/66/33 421/5/5
f 421/5/5 424/8/208 479/65/62
f 464/48/48 445/29/29 448/32/32
f 448/32/32 480/67/63 464/48/48
f 440/24/24 481/68/64 460/44/44
f 460/44/44 437/21/21 440/24/24
f 436/20/20 482/69/65 419/3/3
f 419/3/3 478/64/61 436/20/20
f 444/28/28 452/70/36 468/52/52
f 468/52/52 441/25/25 444/28/28
f 448/32/32 483/71/66 484/72/67
f 484/72/67 480/67/63 448/32/32
f 433/17/17 456/40/40 455/39/39
f 455/39/39 485/73/68 433/17/17
f 437/21/21 460/44/44 459/43/43
f 459/43/43 486/74/69 437/21/21
f 445/29/29 464/48/48 463/47/47
f 463/47/47 487/75/70 445/29/29
f 441/25/25 468/52/52 467/51/51
f 467/51/51 488/76/71 441/25/25
f 485/73/68 455/39/39 470/54/53
f 470/54/53 489/77/72 485/73/68
f 486/74/69 459/43/43 430/14/14
f 430/14/14 429/13/13 486/74/69
f 487/75/70 463/47/47 473/57/56
f 473/57/56 490/78/73 487/75/70
f 488/76/71 467/51/51 475/59/58
f 475/59/58 491/79/74 488/76/71
f 492/80/75 483/71/66 493/81/76
f 493/81/76 494/82/77 492/80/75
f 490/78/73 495/83/78 496/84/79
f 496/84/79 497/85/80 490/78/73
f 468/52/52 452/70/36 451/86/209
f 451/86/209 465/49/49 468/52/52
f 457/41/41 498/87/81 447/31/31
f 447/31/31 446/30/30 457/41/41
f 499/88/82 500/89/83 450/34/34
f 450/34/34 501/90/84 499/88/82
f 446/30/30 445/29/29 487/75/70
f 487/75/70 502/91/42 446/30/30
f 434/18/18 503/92/86 466/50/50
f 466/50/50 465/49/49 434/18/18
f 487/75/70 490/78/73 497/85/80
f 497/85/80 502/91/42 487/75/70
f 503/92/86 504/93/87 474/58/57
f 474/58/57 466/50/50 503/92/86
f 494/82/77 493/81/76 426/10/10
f 426/10/10 425/9/9 494/82/77
f 497/85/80 496/84/79 505/94/88
f 505/94/88 471/55/54 497/85/80
f 465/49/49 451/86/209 435/19/19
f 435/19/19 434/18/18 465/49/49
f 446/30/30 502/91/42 458/42/203
f 458/42/203 457/41/41 446/30/30
f 502/91/42 497/85/80 471/55/54
f 471/55/54 458/42/203 502/91/42
f 460/44/44 481/68/64 498/87/81
f 498/87/81 457/41/41 460/44/44
f 506/95/89 482/96/65 500/89/83
f 500/89/83 499/88/82 506/95/89
f 434/18/18 433/17/17 485/73/68
f 485/73/68 503/92/86 434/18/18
f 485/73/68 489/77/72 504/93/87
f 504/93/87 503/92/86 485/73/68
f 507/97/90 508/98/91 418/2/2
f 418/2/2 417/1/1 507/97/90
f 443/27/27 509/99/92 510/100/93
f 510/100/93 422/6/6 443/27/27
f 470/54/53 469/53/16 511/101/15
f 511/101/15 489/77/72 470/54/53
f 456/40/40 478/64/61 512/102/94
f 512/102/94 453/37/37 456/40/40
f 461/45/45 509/99/92 443/27/27
f 443/27/27 442/26/26 461/45/45
f 438/22/22 513/103/38 454/38/38
f 454/38/38 453/37/37 438/22/22
f 442/26/26 441/25/25 488/76/71
f 488/76/71 514/104/95 442/26/26
f 513/103/38 432/16/16 469/53/16
f 469/53/16 454/38/38 513/103/38
f 488/76/71 491/79/74 515/105/96
f 515/105/96 514/104/95 488/76/71
f 474/58/57 516/106/97 517/107/98
f 517/107/98 475/59/58 474/58/57
f 474/58/57 504/93/87 518/108/99
f 518/108/99 516/106/97 474/58/57
f 469/53/16 432/16/16 431/15/15
f 431/15/15 511/101/15 469/53/16
f 453/37/37 512/102/94 439/23/23
f 439/23/23 438/22/22 453/37/37
f 442/26/26 514/104/95 462/46/46
f 462/46/46 461/45/45 442/26/26
f 514/104/95 515/105/96 472/56/55
f 472/56/55 462/46/46 514/104/95
f 516/106/97 496/84/79 495/83/78
f 495/83/78 517/107/98 516/106/97
f 496/84/79 516/106/97 518/108/99
f 518/108/99 505/94/88 496/84/79
f 507/97/90 477/63/60 476/62/59
f 476/62/59 508/98/91 507/97/90
f 509/99/92 480/67/63 484/72/67
f 484/72/67 510/100/93 509/99/92
f 464/48/48 480/67/63 509/99/92
f 509/99/92 461/45/45 464/48/48
f 438/22/22 437/21/21 486/74/69
f 486/74/69 513/103/38 438/22/22
f 486/74/69 429/13/13 432/16/16
f 432/16/16 513/103/38 486/74/69
f 418/2/2 512/102/94 478/64/61
f 478/64/61 419/3/3 418/2/2
f 444/28/28 443/27/27 422/6/6
f 422/6/6 421/5/5 444/28/28
f 498/109/81 481/110/64 427/11/11
f 427/11/11 426/10/10 498/109/81
f 479/111/62 501/90/84 450/34/34
f 450/34/34 449/33/33 479/111/62
f 481/68/64 440/24/24 476/62/59
f 476/62/59 427/61/11 481/68/64
f 452/70/36 444/28/28 421/5/5
f 421/5/5 449/66/33 452/70/36
f 506/112/89 420/4/4 419/3/3
f 419/3/3 482/69/65 506/112/89
f 492/80/75 519/113/100 484/72/67
f 484/72/67 483/71/66 492/80/75
f 448/32/32 447/114/31 493/81/76
f 493/81/76 483/71/66 448/32/32
f 435/115/19 451/35/209 450/34/34
f 450/34/34 500/89/83 435/115/19
f 447/114/31 498/109/81 426/10/10
f 426/10/10 493/81/76 447/114/31
f 436/116/20 435/115/19 500/89/83
f 500/89/83 482/96/65 436/116/20
f 439/23/23 512/102/94 418/2/2
f 418/2/2 508/98/91 439/23/23
f 520/117/101 423/7/7 422/6/6
f 422/6/6 510/100/93 520/117/101
f 440/24/24 439/23/23 508/98/91
f 508/98/91 476/62/59 440/24/24
f 519/113/100 520/117/101 510/100/93
f 510/100/93 484/72/67 519/113/100
f 471/55/54 505/94/88 431/15/15
f 431/15/15 430/14/14 471/55/54
f 505/94/88 518/108/99 511/101/15
f 511/101/15 431/15/15 505/94/88
f 518/108/99 504/93/87 489/77/72
f 489/77/72 511/101/15 518/108/99
f 473/57/56 472/56/55 495/83/78
f 495/83/78 490/78/73 473/57/56
f 472/56/55 515/105/96 517/107/98
f 517/107/98 495/83/78 472/56/55
f 517/107/98 515/105/96 491/79/74
f 491/79/74 475/59/58 517/107/98
f 521/1/210 522/2/211 523/3/212
f 523/3/212 524/4/213 521/1/210
f 525/5/214 526/6/215 527/7/216
f 527/7/216 528/8/217 525/5/214
f 529/9/218 530/10/219 531/11/220
f 531/11/220 532/12/221 529/9/218
f 533/13/222 534/14/223 535/15/15
f 535/15/15 536/16/116 533/13/222
f 537/17/224 538/18/225 539/19/226
f 539/19/226 540/20/227 537/17/224
f 541/21/228 542/22/120 543/23/121
f 543/23/121 544/24/229 541/21/228
f 545/25/230 546/26/124 547/27/125
f 547/27/125 548/28/231 545/25/230
f 549/29/232 550/30/233 551/31/234
f 551/31/234 552/32/235 549/29/232
f 553/33/236 554/34/237 555/35/238
f 555/35/238 556/36/239 553/33/236
f 557/37/134 558/38/135 559/39/240
f 559/39/240 560/40/241 557/37/134
f 561/41/242 562/42/243 563/43/244
f 563/43/244 564/44/245 561/41/242
f 565/45/246 566/46/247 567/47/248
f 567/47/248 568/48/249 565/45/246
f 569/49/250 570/50/251 571/51/252
f 571/51/252 572/52/253 569/49/250
f 559/39/240 558/38/135 573/53/116
f 573/53/116 574/54/254 559/39/240
f 562/42/243 575/55/255 534/14/223
f 534/14/223 563/43/244 562/42/243
f 567/47/248 566/46/247 576/56/256
f 576/56/256 577/57/257 567/47/248
f 570/50/251 578/58/258 579/59/259
f 579/59/259 571/51/252 570/50/251
f 532/60/221 531/61/220 580/62/260
f 580/62/260 581/63/261 532/60/221
f 560/40/241 537/17/224 540/20/227
f 540/20/227 582/64/262 560/40/241
f 583/65/263 553/66/236 525/5/214
f 525/5/214 528/8/217 583/65/263
f 568/48/249 549/29/232 552/32/235
f 552/32/235 584/67/264 568/48/249
f 544/24/229 585/68/265 564/44/245
f 564/44/245 541/21/228 544/24/229
f 540/20/227 586/69/266 523/3/212
f 523/3/212 582/64/262 540/20/227
f 548/28/231 556/70/239 572/52/253
f 572/52/253 545/25/230 548/28/231
f 552/32/235 587/71/267 588/72/268
f 588/72/268 584/67/264 552/32/235
f 537/17/224 560/40/241 559/39/240
f 559/39/240 589/73/269 537/17/224
f 541/21/228 564/44/245 563/43/244
f 563/43/244 590/74/270 541/21/228
f 549/29/232 568/48/249 567/47/248
f 567/47/248 591/75/271 549/29/232
f 545/25/230 572/52/253 571/51/252
f 571/51/252 592/76/272 545/25/230
f 589/73/269 559/39/240 574/54/254
f 574/54/254 593/77/273 589/73/269
f 590/74/270 563/43/244 534/14/223
f 534/14/223 533/13/222 590/74/270
f 591/75/271 567/47/248 577/57/257
f 577/57/257 594/78/274 591/75/271
f 592/76/272 571/51/252 579/59/259
f 579/59/259 595/79/275 592/76/272
f 596/80/276 587/71/267 597/81/277
f 597/81/277 598/82/278 596/80/276
f 594/78/274 599/83/279 600/84/280
f 600/84/280 601/85/281 594/78/274
f 572/52/253 556/70/239 555/86/238
f 555/86/238 569/49/250 572/52/253
f 561/41/242 602/87/282 551/31/234
f 551/31/234 550/30/233 561/41/242
f 603/88/283 604/89/284 554/34/237
f 554/34/237 605/90/285 603/88/283
f 550/30/233 549/29/232 591/75/271
f 591/75/271 606/91/286 550/30/233
f 538/18/225 607/92/287 570/50/251
f 570/50/251 569/49/250 538/18/225
f 591/75/271 594/78/274 601/85/281
f 601/85/281 606/91/286 591/75/271
f 607/92/287 608/93/288 578/58/258
f 578/58/258 570/50/251 607/92/287
f 598/82/278 597/81/277 530/10/219
f 530/10/219 529/9/218 598/82/278
f 601/85/281 600/84/280 609/94/185
f 609/94/185 575/55/255 601/85/281
f 569/49/250 555/86/238 539/19/226
f 539/19/226 538/18/225 569/49/250
f 550/30/233 606/91/286 562/42/243
f 562/42/243 561/41/242 550/30/233
f 606/91/286 601/85/281 575/55/255
f 575/55/255 562/42/243 606/91/286
f 564/44/245 585/68/265 602/87/282
f 602/87/282 561/41/242 564/44/245
f 610/95/289 586/96/266 604/89/284
f 604/89/284 603/88/283 610/95/289
f 538/18/225 537/17/224 589/73/269
f 589/73/269 607/92/287 538/18/225
f 589/73/269 593/77/273 608/93/288
f 608/93/288 607/92/287 589/73/269
f 611/97/290 612/98/188 522/2/211
f 522/2/211 521/1/210 611/97/290
f 547/27/125 613/99/291 614/100/292
f 614/100/292 526/6/215 547/27/125
f 574/54/254 573/53/116 615/101/15
f 615/101/15 593/77/273 574/54/254
f 560/40/241 582/64/262 616/102/191
f 616/102/191 557/37/134 560/40/241
f 565/45/246 613/99/291 547/27/125
f 547/27/125 546/26/124 565/45/246
f 542/22/120 617/103/135 558/38/135
f 558/38/135 557/37/134 542/22/120
f 546/26/124 545/25/230 592/76/272
f 592/76/272 618/104/192 546/26/124
f 617/103/135 536/16/116 573/53/116
f 573/53/116 558/38/135 617/103/135
f 592/76/272 595/79/275 619/105/293
f 619/105/293 618/104/192 592/76/272
f 578/58/258 620/106/194 621/107/294
f 621/107/294 579/59/259 578/58/258
f 578/58/258 608/93/288 622/108/196
f 622/108/196 620/106/194 578/58/258
f 573/53/116 536/16/116 535/15/15
f 535/15/15 615/101/15 573/53/116
f 557/37/134 616/102/191 543/23/121
f 543/23/121 542/22/120 557/37/134
f 546/26/124 618/104/192 566/46/247
f 566/46/247 565/45/246 546/26/124
f 618/104/192 619/105/293 576/56/256
f 576/56/256 566/46/247 618/104/192
f 620/106/194 600/84/280 599/83/279
f 599/83/279 621/107/294 620/106/194
f 600/84/280 620/106/194 622/108/196
f 622/108/196 609/94/185 600/84/280
f 611/97/290 581/63/261 580/62/260
f 580/62/260 612/98/188 611/97/290
f 613/99/291 584/67/264 588/72/268
f 588/72/268 614/100/292 613/99/291
f 568/48/249 584/67/264 613/99/291
f 613/99/291 565/45/246 568/48/249
f 542/22/120 541/21/228 590/74/270
f 590/74/270 617/103/135 542/22/120
f 590/74/270 533/13/222 536/16/116
f 536/16/116 617/103/135 590/74/270
f 522/2/211 616/102/191 582/64/262
f 582/64/262 523/3/212 522/2/211
f 548/28/231 547/27/125 526/6/215
f 526/6/215 525/5/214 548/28/231
f 602/109/282 585/110/265 531/11/220
f 531/11/220 530/10/219 602/109/282
f 583/111/263 605/90/285 554/34/237
f 554/34/237 553/33/236 583/111/263
f 585/68/265 544/24/229 580/62/260
f 580/62/260 531/61/220 585/68/265
f 556/70/239 548/28/231 525/5/214
f 525/5/214 553/66/236 556/70/239
f 610/112/289 524/4/213 523/3/212
f 523/3/212 586/69/266 610/112/289
f 596/80/276 623/113/295 588/72/268
f 588/72/268 587/71/267 596/80/276
f 552/32/235 551/114/234 597/81/277
f 597/81/277 587/71/267 552/32/235
f 539/115/226 555/35/238 554/34/237
f 554/34/237 604/89/284 539/115/226
f 551/114/234 602/109/282 530/10/219
f 530/10/219 597/81/277 551/114/234
f 540/116/227 539/115/226 604/89/284
f 604/89/284 586/96/266 540/116/227
f 543/23/121 616/102/191 522/2/211
f 522/2/211 612/98/188 543/23/121
f 624/117/296 527/7/216 526/6/215
f 526/6/215 614/100/292 624/117/296
f 544/24/229 543/23/121 612/98/188
f 612/98/188 580/62/260 544/24/229
f 623/113/295 624/117/296 614/100/292
f 614/100/292 588/72/268 623/113/295
f 575/55/255 609/94/185 535/15/15
f 535/15/15 534/14/223 575/55/255
f 609/94/185 622/108/196 615/101/15
f 615/101/15 535/15/15 609/94/185
f 622/108/196 608/93/288 593/77/273
f 593/77/273 615/101/15 622/108/196
f 577/57/257 576/56/256 599/83/279
f 599/83/279 594/78/274 577/57/257
f 576/56/256 619/105/293 621/107/294
f 621/107/294 599/83/279 576/56/256
f 621/107/294 619/105/293 595/79/275
f 595/79/275 579/59/259 621/107/294
f 625/1/297 626/2/298 627/3/299
f 627/3/299 628/4/300 625/1/297
f 629/5/301 630/6/302 631/7/7
f 631/7/7 632/8/303 629/5/301
f 633/9/304 634/10/305 635/11/306
f 635/11/306 636/12/307 633/9/304
f 637/13/308 638/14/309 639/15/15
f 639/15/15 640/16/16 637/13/308
f 641/17/310 642/18/311 643/19/312
f 643/19/312 644/20/313 641/17/310
f 645/21/314 646/22/22 647/23/23
f 647/23/23 648/24/315 645/21/314
f 649/25/316 650/26/26 651/27/27
f 651/27/27 652/28/317 649/25/316
f 653/29/318 654/30/319 655/31/320
f 655/31/320 656/32/321 653/29/318
f 657/33/322 658/34/323 659/35/324
f 659/35/324 660/36/325 657/33/322
f 661/37/326 662/38/38 663/39/327
f 663/39/327 664/40/328 661/37/326
f 665/41/329 666/42/330 667/43/331
f 667/43/331 668/44/332 665/41/329
f 669/45/333 670/46/334 671/47/335
f 671/47/335 672/48/336 669/45/333
f 673/49/337 674/50/338 675/51/339
f 675/51/339 676/52/340 673/49/337
f 663/39/327 662/38/38 677/53/16
f 677/53/16 678/54/341 663/39/327
f 666/42/330 679/55/342 638/14/309
f 638/14/309 667/43/331 666/42/330
f 671/47/335 670/46/334 680/56/343
f 680/56/343 681/57/344 671/47/335
f 674/50/338 682/58/345 683/59/346
f 683/59/346 675/51/339 674/50/338
f 636/60/307 635/61/306 684/62/347
f 684/62/347 685/63/348 636/60/307
f 664/40/328 641/17/310 644/20/313
f 644/20/313 686/64/349 664/40/328
f 687/65/350 657/66/322 629/5/301
f 629/5/301 632/8/303 687/65/350
f 672/48/336 653/29/318 656/32/321
f 656/32/321 688/67/351 672/48/336
f 648/24/315 689/68/352 668/44/332
f 668/44/332 645/21/314 648/24/315
f 644/20/313 690/69/353 627/3/299
f 627/3/299 686/64/349 644/20/313
f 652/28/317 660/70/325 676/52/340
f 676/52/340 649/25/316 652/28/317
f 656/32/321 691/71/354 692/72/355
f 692/72/355 688/67/351 656/32/321
f 641/17/310 664/40/328 663/39/327
f 663/39/327 693/73/356 641/17/310
f 645/21/314 668/44/332 667/43/331
f 667/43/331 694/74/357 645/21/314
f 653/29/318 672/48/336 671/47/335
f 671/47/335 695/75/358 653/29/318
f 649/25/316 676/52/340 675/51/339
f 675/51/339 696/76/359 649/25/316
f 693/73/356 663/39/327 678/54/341
f 678/54/341 697/77/360 693/73/356
f 694/74/357 667/43/331 638/14/309
f 638/14/309 637/13/308 694/74/357
f 695/75/358 671/47/335 681/57/344
f 681/57/344 698/78/361 695/75/358
f 696/76/359 675/51/339 683/59/346
f 683/59/346 699/79/362 696/76/359
f 700/80/363 691/71/354 701/81/364
f 701/81/364 702/82/365 700/80/363
f 698/78/361 703/83/366 704/84/367
f 704/84/367 705/85/368 698/78/361
f 676/52/340 660/70/325 659/86/324
f 659/86/324 673/49/337 676/52/340
f 665/41/329 706/87/369 655/31/320
f 655/31/320 654/30/319 665/41/329
f 707/88/370 708/89/371 658/34/323
f 658/34/323 709/90/372 707/88/370
f 654/30/319 653/29/318 695/75/358
f 695/75/358 710/91/330 654/30/319
f 642/18/311 711/92/373 674/50/338
f 674/50/338 673/49/337 642/18/311
f 695/75/358 698/78/361 705/85/368
f 705/85/368 710/91/330 695/75/358
f 711/92/373 712/93/374 682/58/345
f 682/58/345 674/50/338 711/92/373
f 702/82/365 701/81/364 634/10/305
f 634/10/305 633/9/304 702/82/365
f 705/85/368 704/84/367 713/94/88
f 713/94/88 679/55/342 705/85/368
f 673/49/337 659/86/324 643/19/312
f 643/19/312 642/18/311 673/49/337
f 654/30/319 710/91/330 666/42/330
f 666/42/330 665/41/329 654/30/319
f 710/91/330 705/85/368 679/55/342
f 679/55/342 666/42/330 710/91/330
f 668/44/332 689/68/352 706/87/369
f 706/87/369 665/41/329 668/44/332
f 714/95/375 690/96/353 708/89/371
f 708/89/371 707/88/370 714/95/375
f 642/18/311 641/17/310 693/73/356
f 693/73/356 711/92/373 642/18/311
f 693/73/356 697/77/360 712/93/374
f 712/93/374 711/92/373 693/73/356
f 715/97/376 716/98/91 626/2/298
f 626/2/298 625/1/297 715/97/376
f 651/27/27 717/99/377 718/100/378
f 718/100/378 630/6/302 651/27/27
f 678/54/341 677/53/16 719/101/15
f 719/101/15 697/77/360 678/54/341
f 664/40/328 686/64/349 720/102/94
f 720/102/94 661/37/326 664/40/328
f 669/45/333 717/99/377 651/27/27
f 651/27/27 650/26/26 669/45/333
f 646/22/22 721/103/38 662/38/38
f 662/38/38 661/37/326 646/22/22
f 650/26/26 649/25/316 696/76/359
f 696/76/359 722/104/379 650/26/26
f 721/103/38 640/16/16 677/53/16
f 677/53/16 662/38/38 721/103/38
f 696/76/359 699/79/362 723/105/380
f 723/105/380 722/104/379 696/76/359
f 682/58/345 724/106/97 725/107/381
f 725/107/381 683/59/346 682/58/345
f 682/58/345 712/93/374 726/108/99
f 726/108/99 724/106/97 682/58/345
f 677/53/16 640/16/16 639/15/15
f 639/15/15 719/101/15 677/53/16
f 661/37/326 720/102/94 647/23/23
f 647/23/23 646/22/22 661/37/326
f 650/26/26 722/104/379 670/46/334
f 670/46/334 669/45/333 650/26/26
f 722/104/379 723/105/380 680/56/343
f 680/56/343 670/46/334 722/104/379
f 724/106/97 704/84/367 703/83/366
f 703/83/366 725/107/381 724/106/97
f 704/84/367 724/106/97 726/108/99
f 726/108/99 713/94/88 704/84/367
f 715/97/376 685/63/348 684/62/347
f 684/62/347 716/98/91 715/97/376
f 717/99/377 688/67/351 692/72/355
f 692/72/355 718/100/378 717/99/377
f 672/48/336 688/67/351 717/99/377
f 717/99/377 669/45/333 672/48/336
f 646/22/22 645/21/314 694/74/357
f 694/74/357 721/103/38 646/22/22
f 694/74/357 637/13/308 640/16/16
f 640/16/16 721/103/38 694/74/357
f 626/2/298 720/102/94 686/64/349
f 686/64/349 627/3/299 626/2/298
f 652/28/317 651/27/27 630/6/302
f 630/6/302 629/5/301 652/28/317
f 706/109/369 689/110/352 635/11/306
f 635/11/306 634/10/305 706/109/369
f 687/111/350 709/90/372 658/34/323
f 658/34/323 657/33/322 687/111/350
f 689/68/352 648/24/315 684/62/347
f 684/62/347 635/61/306 689/68/352
f 660/70/325 652/28/317 629/5/301
f 629/5/301 657/66/322 660/70/325
f 714/112/375 628/4/300 627/3/299
f 627/3/299 690/69/353 714/112/375
f 700/80/363 727/113/382 692/72/355
f 692/72/355 691/71/354 700/80/363
f 656/32/321 655/114/320 701/81/364
f 701/81/364 691/71/354 656/32/321
f 643/115/312 659/35/324 658/34/323
f 658/34/323 708/89/371 643/115/312
f 655/114/320 706/109/369 634/10/305
f 634/10/305 701/81/364 655/114/320
f 644/116/313 643/115/312 708/89/371
f 708/89/371 690/96/353 644/116/313
f 647/23/23 720/102/94 626/2/298
f 626/2/298 716/98/91 647/23/23
f 728/117/383 631/7/7 630/6/302
f 630/6/302 718/100/378 728/117/383
f 648/24/315 647/23/23 716/98/91
f 716/98/91 684/62/347 648/24/315
f 727/113/382 728/117/383 718/100/378
f 718/100/378 692/72/355 727/113/382
f 679/55/342 713/94/88 639/15/15
f 639/15/15 638/14/309 679/55/342
f 713/94/88 726/108/99 719/101/15
f 719/101/15 639/15/15 713/94/88
f 726/108/99 712/93/374 697/77/360
f 697/77/360 719/101/15 726/108/99
f 681/57/344 680/56/343 703/83/366
f 703/83/366 698/78/361 681/57/344
f 680/56/343 723/105/380 725/107/381
f 725/107/381 703/83/366 680/56/343
f 725/107/381 723/105/380 699/79/362
f 699/79/362 683/59/346 725/107/381
f 729/1/384 730/2/385 731/3/386
f 731/3/386 732/4/387 729/1/384
f 733/5/388 734/6/389 735/7/7
f 735/7/7 736/8/390 733/5/388
f 737/9/391 738/10/392 739/11/393
f 739/11/393 740/12/394 737/9/391
f 741/13/395 742/14/396 743/15/15
f 743/15/15 744/16/16 741/13/395
f 745/17/397 746/18/398 747/19/399
f 747/19/399 748/20/400 745/17/397
f 749/21/401 750/22/22 751/23/23
f 751/23/23 752/24/402 749/21/401
f 753/25/403 754/26/26 755/27/27
f 755/27/27 756/28/404 753/25/403
f 757/29/405 758/30/406 759/31/407
f 759/31/407 760/32/408 757/29/405
f 761/33/409 762/34/410 763/35/411
f 763/35/411 764/36/412 761/33/409
f 765/37/326 766/38/38 767/39/413
f 767/39/413 768/40/414 765/37/326
f 769/41/415 770/42/85 771/43/416
f 771/43/416 772/44/417 769/41/415
f 773/45/333 774/46/418 775/47/419
f 775/47/419 776/48/420 773/45/333
f 777/49/421 778/50/422 779/51/423
f 779/51/423 780/52/424 777/49/421
f 767/39/413 766/38/38 781/53/16
f 781/53/16 782/54/425 767/39/413
f 770/42/85 783/55/426 742/14/396
f 742/14/396 771/43/416 770/42/85
f 775/47/419 774/46/418 784/56/427
f 784/56/427 785/57/428 775/47/419
f 778/50/422 786/58/429 787/59/430
f 787/59/430 779/51/423 778/50/422
f 740/60/394 739/61/393 788/62/431
f 788/62/431 789/63/432 740/60/394
f 768/40/414 745/17/397 748/20/400
f 748/20/400 790/64/433 768/40/414
f 791/65/434 761/66/409 733/5/388
f 733/5/388 736/8/390 791/65/434
f 776/48/420 757/29/405 760/32/408
f 760/32/408 792/67/435 776/48/420
f 752/24/402 793/68/436 772/44/417
f 772/44/417 749/21/401 752/24/402
f 748/20/400 794/69/437 731/3/386
f 731/3/386 790/64/433 748/20/400
f 756/28/404 764/70/412 780/52/424
f 780/52/424 753/25/403 756/28/404
f 760/32/408 795/71/438 796/72/439
f 796/72/439 792/67/435 760/32/408
f 745/17/397 768/40/414 767/39/413
f 767/39/413 797/73/440 745/17/397
f 749/21/401 772/44/417 771/43/416
f 771/43/416 798/74/441 749/21/401
f 757/29/405 776/48/420 775/47/419
f 775/47/419 799/75/442 757/29/405
f 753/25/403 780/52/424 779/51/423
f 779/51/423 800/76/443 753/25/403
f 797/73/440 767/39/413 782/54/425
f 782/54/425 801/77/444 797/73/440
f 798/74/441 771/43/416 742/14/396
f 742/14/396 741/13/395 798/74/441
f 799/75/442 775/47/419 785/57/428
f 785/57/428 802/78/445 799/75/442
f 800/76/443 779/51/423 787/59/430
f 787/59/430 803/79/446 800/76/443
f 804/80/447 795/71/438 805/81/448
f 805/81/448 806/82/449 804/80/447
f 802/78/445 807/83/450 808/84/451
f 808/84/451 809/85/452 802/78/445
f 780/52/424 764/70/412 763/86/411
f 763/86/411 777/49/421 780/52/424
f 769/41/415 810/87/453 759/31/407
f 759/31/407 758/30/406 769/41/415
f 811/88/454 812/89/455 762/34/410
f 762/34/410 813/90/456 811/88/454
f 758/30/406 757/29/405 799/75/442
f 799/75/442 814/91/330 758/30/406
f 746/18/398 815/92/373 778/50/422
f 778/50/422 777/49/421 746/18/398
f 799/75/442 802/78/445 809/85/452
f 809/85/452 814/91/330 799/75/442
f 815/92/373 816/93/457 786/58/429
f 786/58/429 778/50/422 815/92/373
f 806/82/449 805/81/448 738/10/392
f 738/10/392 737/9/391 806/82/449
f 809/85/452 808/84/451 817/94/88
f 817/94/88 783/55/426 809/85/452
f 777/49/421 763/86/411 747/19/399
f 747/19/399 746/18/398 777/49/421
f 758/30/406 814/91/330 770/42/85
f 770/42/85 769/41/415 758/30/406
f 814/91/330 809/85/452 783/55/426
f 783/55/426 770/42/85 814/91/330
f 772/44/417 793/68/436 810/87/453
f 810/87/453 769/41/415 772/44/417
f 818/95/458 794/96/437 812/89/455
f 812/89/455 811/88/454 818/95/458
f 746/18/398 745/17/397 797/73/440
f 797/73/440 815/92/373 746/18/398
f 797/73/440 801/77/444 816/93/457
f 816/93/457 815/92/373 797/73/440
f 819/97/376 820/98/91 730/2/385
f 730/2/385 729/1/384 819/97/376
f 755/27/27 821/99/92 822/100/93
f 822/100/93 734/6/389 755/27/27
f 782/54/425 781/53/16 823/101/15
f 823/101/15 801/77/444 782/54/425
f 768/40/414 790/64/433 824/102/94
f 824/102/94 765/37/326 768/40/414
f 773/45/333 821/99/92 755/27/27
f 755/27/27 754/26/26 773/45/333
f 750/22/22 825/103/38 766/38/38
f 766/38/38 765/37/326 750/22/22
f 754/26/26 753/25/403 800/76/443
f 800/76/443 826/104/379 754/26/26
f 825/103/38 744/16/16 781/53/16
f 781/53/16 766/38/38 825/103/38
f 800/76/443 803/79/446 827/105/96
f 827/105/96 826/104/379 800/76/443
f 786/58/429 828/106/97 829/107/459
f 829/107/459 787/59/430 786/58/429
f 786/58/429 816/93/457 830/108/99
f 830/108/99 828/106/97 786/58/429
f 781/53/16 744/16/16 743/15/15
f 743/15/15 823/101/15 781/53/16
f 765/37/326 824/102/94 751/23/23
f 751/23/23 750/22/22 765/37/326
f 754/26/26 826/104/379 774/46/418
f 774/46/418 773/45/333 754/26/26
f 826/104/379 827/105/96 784/56/427
f 784/56/427 774/46/418 826/104/379
f 828/106/97 808/84/451 807/83/450
f 807/83/450 829/107/459 828/106/97
f 808/84/451 828/106/97 830/108/99
f 830/108/99 817/94/88 808/84/451
f 819/97/376 789/63/432 788/62/431
f 788/62/431 820/98/91 819/97/376
f 821/99/92 792/67/435 796/72/439
f 796/72/439 822/100/93 821/99/92
f 776/48/420 792/67/435 821/99/92
f 821/99/92 773/45/333 776/48/420
f 750/22/22 749/21/401 798/74/441
f 798/74/441 825/103/38 750/22/22
f 798/74/441 741/13/395 744/16/16
f 744/16/16 825/103/38 798/74/441
f 730/2/385 824/102/94 790/64/433
f 790/64/433 731/3/386 730/2/385
f 756/28/404 755/27/27 734/6/389
f 734/6/389 733/5/388 756/28/404
f 810/109/453 793/110/436 739/11/393
f 739/11/393 738/10/392 810/109/453
f 791/111/434 813/90/456 762/34/410
f 762/34/410 761/33/409 791/111/434
f 793/68/436 752/24/402 788/62/431
f 788/62/431 739/61/393 793/68/436
f 764/70/412 756/28/404 733/5/388
f 733/5/388 761/66/409 764/70/412
f 818/112/458 732/4/387 731/3/386
f 731/3/386 794/69/437 818/112/458
f 804/80/447 831/113/460 796/72/439
f 796/72/439 795/71/438 804/80/447
f 760/32/408 759/114/407 805/81/448
f 805/81/448 795/71/438 760/32/408
f 747/115/399 763/35/411 762/34/410
f 762/34/410 812/89/455 747/115/399
f 759/114/407 810/109/453 738/10/392
f 738/10/392 805/81/448 759/114/407
f 748/116/400 747/115/399 812/89/455
f 812/89/455 794/96/437 748/116/400
f 751/23/23 824/102/94 730/2/385
f 730/2/385 820/98/91 751/23/23
f 832/117/461 735/7/7 734/6/389
f 734/6/389 822/100/93 832/117/461
f 752/24/402 751/23/23 820/98/91
f 820/98/91 788/62/431 752/24/402
f 831/113/460 832/117/461 822/100/93
f 822/100/93 796/72/439 831/113/460
f 783/55/426 817/94/88 743/15/15
f 743/15/15 742/14/396 783/55/426
f 817/94/88 830/108/99 823/101/15
f 823/101/15 743/15/15 817/94/88
f 830/108/99 816/93/457 801/77/444
f 801/77/444 823/101/15 830/108/99
f 785/57/428 784/56/427 807/83/450
f 807/83/450 802/78/445 785/57/428
f 784/56/427 827/105/96 829/107/459
f 829/107/459 807/83/450 784/56/427
f 829/107/459 827/105/96 803/79/446
f 803/79/446 787/59/430 829/107/459
f 833/1/102 834/2/103 835/3/104
f 835/3/104 836/4/105 833/1/102
f 837/5/106 838/6/107 839/7/108
f 839/7/108 840/8/205 837/5/106
f 841/9/110 842/10/111 843/11/112
f 843/11/112 844/12/113 841/9/110
f 845/13/114 846/14/115 847/15/15
f 847/15/15 848/16/116 845/13/114
f 849/17/29 850/18/117 851/19/118
f 851/19/118 852/20/119 849/17/29
f 853/21/25 854/22/120 855/23/121
f 855/23/121 856/24/122 853/21/25
f 857/25/123 858/26/124 859/27/125
f 859/27/125 860/28/206 857/25/123
f 861/29/17 862/30/127 863/31/128
f 863/31/128 864/32/129 861/29/17
f 865/33/130 866/34/131 867/35/132
f 867/35/132 868/36/133 865/33/130
f 869/37/134 870/38/135 871/39/136
f 871/39/136 872/40/137 869/37/134
f 873/41/138 874/42/139 875/43/140
f 875/43/140 876/44/141 873/41/138
f 877/45/142 878/46/143 879/47/144
f 879/47/144 880/48/145 877/45/142
f 881/49/207 882/50/147 883/51/148
f 883/51/148 884/52/149 881/49/207
f 871/39/136 870/38/135 885/53/116
f 885/53/116 886/54/150 871/39/136
f 874/42/139 887/55/151 846/14/115
f 846/14/115 875/43/140 874/42/139
f 879/47/144 878/46/143 888/56/152
f 888/56/152 889/57/153 879/47/144
f 882/50/147 890/58/154 891/59/155
f 891/59/155 883/51/148 882/50/147
f 844/60/113 843/61/112 892/62/156
f 892/62/156 893/63/157 844/60/113
f 872/40/137 849/17/29 852/20/119
f 852/20/119 894/64/158 872/40/137
f 895/65/159 865/66/130 837/5/106
f 837/5/106 840/8/205 895/65/159
f 880/48/145 861/29/17 864/32/129
f 864/32/129 896/67/160 880/48/145
f 856/24/122 897/68/161 876/44/141
f 876/44/141 853/21/25 856/24/122
f 852/20/119 898/69/162 835/3/104
f 835/3/104 894/64/158 852/20/119
f 860/28/206 868/70/133 884/52/149
f 884/52/149 857/25/123 860/28/206
f 864/32/129 899/71/163 900/72/164
f 900/72/164 896/67/160 864/32/129
f 849/17/29 872/40/137 871/39/136
f 871/39/136 901/73/165 849/17/29
f 853/21/25 876/44/141 875/43/140
f 875/43/140 902/74/166 853/21/25
f 861/29/17 880/48/145 879/47/144
f 879/47/144 903/75/167 861/29/17
f 857/25/123 884/52/149 883/51/148
f 883/51/148 904/76/168 857/25/123
f 901/73/165 871/39/136 886/54/150
f 886/54/150 905/77/169 901/73/165
f 902/74/166 875/43/140 846/14/115
f 846/14/115 845/13/114 902/74/166
f 903/75/167 879/47/144 889/57/153
f 889/57/153 906/78/170 903/75/167
f 904/76/168 883/51/148 891/59/155
f 891/59/155 907/79/171 904/76/168
f 908/80/172 899/71/163 909/81/173
f 909/81/173 910/82/174 908/80/172
f 906/78/170 911/83/175 912/84/176
f 912/84/176 913/85/177 906/78/170
f 884/52/149 868/70/133 867/86/132
f 867/86/132 881/49/207 884/52/149
f 873/41/138 914/87/178 863/31/128
f 863/31/128 862/30/127 873/41/138
f 915/88/179 916/89/180 866/34/131
f 866/34/131 917/90/181 915/88/179
f 862/30/127 861/29/17 903/75/167
f 903/75/167 918/91/182 862/30/127
f 850/18/117 919/92/183 882/50/147
f 882/50/147 881/49/207 850/18/117
f 903/75/167 906/78/170 913/85/177
f 913/85/177 918/91/182 903/75/167
f 919/92/183 920/93/184 890/58/154
f 890/58/154 882/50/147 919/92/183
f 910/82/174 909/81/173 842/10/111
f 842/10/111 841/9/110 910/82/174
f 913/85/177 912/84/176 921/94/185
f 921/94/185 887/55/151 913/85/177
f 881/49/207 867/86/132 851/19/118
f 851/19/118 850/18/117 881/49/207
f 862/30/127 918/91/182 874/42/139
f 874/42/139 873/41/138 862/30/127
f 918/91/182 913/85/177 887/55/151
f 887/55/151 874/42/139 918/91/182
f 876/44/141 897/68/161 914/87/178
f 914/87/178 873/41/138 876/44/141
f 922/95/186 898/96/162 916/89/180
f 916/89/180 915/88/179 922/95/186
f 850/18/117 849/17/29 901/73/165
f 901/73/165 919/92/183 850/18/117
f 901/73/165 905/77/169 920/93/184
f 920/93/184 919/92/183 901/73/165
f 923/97/187 924/98/188 834/2/103
f 834/2/103 833/1/102 923/97/187
f 859/27/125 925/99/189 926/100/190
f 926/100/190 838/6/107 859/27/125
f 886/54/150 885/53/116 927/101/15
f 927/101/15 905/77/169 886/54/150
f 872/40/137 894/64/158 928/102/191
f 928/102/191 869/37/134 872/40/137
f 877/45/142 925/99/189 859/27/125
f 859/27/125 858/26/124 877/45/142
f 854/22/120 929/103/135 870/38/135
f 870/38/135 869/37/134 854/22/120
f 858/26/124 857/25/123 904/76/168
f 904/76/168 930/104/192 858/26/124
f 929/103/135 848/16/116 885/53/116
f 885/53/116 870/38/135 929/103/135
f 904/76/168 907/79/171 931/105/193
f 931/105/193 930/104/192 904/76/168
f 890/58/154 932/106/194 933/107/195
f 933/107/195 891/59/155 890/58/154
f 890/58/154 920/93/184 934/108/196
f 934/108/196 932/106/194 890/58/154
f 885/53/116 848/16/116 847/15/15
f 847/15/15 927/101/15 885/53/116
f 869/37/134 928/102/191 855/23/121
f 855/23/121 854/22/120 869/37/134
f 858/26/124 930/104/192 878/46/143
f 878/46/143 877/45/142 858/26/124
f 930/104/192 931/105/193 888/56/152
f 888/56/152 878/46/143 930/104/192
f 932/106/194 912/84/176 911/83/175
f 911/83/175 933/107/195 932/106/194
f 912/84/176 932/106/194 934/108/196
f 934/108/196 921/94/185 912/84/176
f 923/97/187 893/63/157 892/62/156
f 892/62/156 924/98/188 923/97/187
f 925/99/189 896/67/160 900/72/164
f 900/72/164 926/100/190 925/99/189
f 880/48/145 896/67/160 925/99/189
f 925/99/189 877/45/142 880/48/145
f 854/22/120 853/21/25 902/74/166
f 902/74/166 929/103/135 854/22/120
f 902/74/166 845/13/114 848/16/116
f 848/16/116 929/103/135 902/74/166
f 834/2/103 928/102/191 894/64/158
f 894/64/158 835/3/104 834/2/103
f 860/28/206 859/27/125 838/6/107
f 838/6/107 837/5/106 860/28/206
f 914/109/178 897/110/161 843/11/112
f 843/11/112 842/10/111 914/109/178
f 895/111/159 917/90/181 866/34/131
f 866/34/131 865/33/130 895/111/159
f 897/68/161 856/24/122 892/62/156
f 892/62/156 843/61/112 897/68/161
f 868/70/133 860/28/206 837/5/106
f 837/5/106 865/66/130 868/70/133
f 922/112/186 836/4/105 835/3/104
f 835/3/104 898/69/162 922/112/186
f 908/80/172 935/113/197 900/72/164
f 900/72/164 899/71/163 908/80/172
f 864/32/129 863/114/128 909/81/173
f 909/81/173 899/71/163 864/32/129
f 851/115/118 867/35/132 866/34/131
f 866/34/131 916/89/180 851/115/118
f 863/114/128 914/109/178 842/10/111
f 842/10/111 909/81/173 863/114/128
f 852/116/119 851/115/118 916/89/180
f 916/89/180 898/96/162 852/116/119
f 855/23/121 928/102/191 834/2/103
f 834/2/103 924/98/188 855/23/121
f 936/117/198 839/7/108 838/6/107
f 838/6/107 926/100/190 936/117/198
f 856/24/122 855/23/121 924/98/188
f 924/98/188 892/62/156 856/24/122
f 935/113/197 936/117/198 926/100/190
f 926/100/190 900/72/164 935/113/197
f 887/55/151 921/94/185 847/15/15
f 847/15/15 846/14/115 887/55/151
f 921/94/185 934/108/196 927/101/15
f 927/101/15 847/15/15 921/94/185
f 934/108/196 920/93/184 905/77/169
f 905/77/169 927/101/15 934/108/196
f 889/57/153 888/56/152 911/83/175
f 911/83/175 906/78/170 889/57/153
f 888/56/152 931/105/193 933/107/195
f 933/107/195 911/83/175 888/56/152
f 933/107/195 931/105/193 907/79/171
f 907/79/171 891/59/155 933/107/195
