# Blender 4.5.0
# www.blender.org
g medium_wall.xml.018_Mesh
v 4.605263 -53.185200 51.236298
v 4.626034 -47.507862 51.570671
v 5.071499 -47.507862 51.493225
v 5.150414 -53.185200 51.337852
v 5.021149 -47.507862 54.941940
v 4.633537 -47.507862 55.016212
v 4.740097 -53.185200 55.097305
v 5.150414 -53.185200 55.097305
v -4.196644 -53.185200 52.157921
v -4.124247 -47.507862 52.373169
v -4.106964 -47.507862 51.617760
v -4.162079 -53.185200 51.462357
v -3.684952 -41.896099 52.125160
v -3.726669 -41.896099 52.240051
v -3.438805 -41.896099 52.240051
v -3.439453 -41.896099 52.125160
v 5.020615 -41.625626 51.886452
v 5.020615 -41.625626 52.588417
v 5.082733 -41.830521 52.588417
v 5.082733 -41.830521 51.773163
v -3.840403 -41.625626 51.761673
v -3.483969 -41.625626 51.761673
v -3.484606 -41.830521 51.648598
v -3.901237 -41.830521 51.648598
v 4.931744 -41.625626 54.673485
v 4.526974 -41.625626 54.673485
v 4.526970 -41.830521 54.786560
v 4.992580 -41.830521 54.786560
v -3.929276 -41.625626 54.548714
v -3.929276 -41.625626 53.846451
v -3.991390 -41.830521 53.846451
v -3.991390 -41.830521 54.661995
v 5.168076 -47.507862 54.704643
v 5.168076 -47.507862 54.061699
v 5.082733 -41.910706 53.245766
v 5.082733 -41.830521 54.661995
v 4.526974 -41.625626 51.761681
v 4.526970 -41.535191 52.008293
v 4.808064 -41.535191 52.008293
v 4.931744 -41.625626 51.761681
v -3.929276 -41.625626 52.588409
v -3.793810 -41.535191 52.588409
v -3.793810 -41.535191 52.132996
v -3.929276 -41.625626 51.886452
v -3.463093 -41.655758 54.673485
v -3.464481 -41.565327 54.426865
v -3.716721 -41.535191 54.426865
v -3.840403 -41.625626 54.673485
v 5.020615 -41.705807 53.245766
v 4.885151 -41.615376 53.245766
v 4.885151 -41.535191 54.302162
v 5.020615 -41.625626 54.548714
v 4.485714 -41.896099 52.125160
v 4.774540 -41.896099 52.125160
v -3.726669 -41.896099 52.660515
v -3.422754 -41.926231 54.296082
v -3.684952 -41.896099 54.296082
v 4.816257 -41.976280 53.206116
v 4.816257 -41.896099 54.181190
v -4.010384 -47.507862 51.493225
v -4.059071 -53.185200 51.337852
v 4.992580 -41.830521 51.648598
v 5.291119 -53.185196 54.726593
v -3.901237 -41.830521 54.786560
v -3.991390 -41.830521 51.773163
v 5.168076 -47.507862 51.617760
v -4.106964 -47.507862 54.817398
v -4.010384 -47.507862 54.941933
v 4.885151 -41.535191 52.132996
v -3.716721 -41.535191 52.008293
v -3.793810 -41.535191 54.302162
v 4.808064 -41.535191 54.426865
v 4.816257 -41.896099 52.240051
v -3.726669 -41.896099 54.181190
v 4.774540 -41.896099 54.296082
v -4.162079 -53.185200 54.972809
v -4.106964 -47.507862 54.061699
v -4.162079 -53.185200 54.276947
v -3.423399 -41.926231 54.181732
v -3.425774 -41.926231 53.760452
v -3.726669 -41.896099 53.760452
v -3.991390 -41.830521 52.588409
v 5.284729 -53.185200 52.157921
v 5.168076 -47.507862 52.373169
v 5.253422 -53.185196 54.276947
v -3.793810 -41.535191 53.846451
v 4.885151 -41.535191 52.588417
v 4.816257 -41.896099 52.660515
v -3.436436 -41.896099 52.660515
v 5.253422 -53.185200 51.462357
v -3.704525 -53.185200 51.337852
v -3.594566 -47.507862 51.493225
v -3.462456 -41.860653 54.786560
v -3.301392 -47.507862 54.904732
v 4.485714 -41.896099 52.240051
v 4.526974 -41.830521 51.648598
v -3.482578 -41.535191 52.008293
v 4.526974 -41.535191 54.426865
v 4.485714 -41.896099 54.296082
v 4.485714 -41.976280 53.206116
v 4.485714 -41.904537 54.181343
v 4.485714 -41.896099 52.660515
v -3.997543 -53.185200 55.097305
v -3.140326 -53.185200 55.022903
v -10.614279 -53.185200 51.236298
v -10.593504 -47.507862 51.570671
v -10.148041 -47.507862 51.493225
v -10.069126 -53.185200 51.337852
v -10.198389 -47.507862 54.941940
v -10.586002 -47.507862 55.016212
v -10.479441 -53.185200 55.097305
v -10.069126 -53.185200 55.097305
v -19.416183 -53.185200 52.157921
v -19.343786 -47.507862 52.373169
v -19.326502 -47.507862 51.617760
v -19.381618 -53.185200 51.462357
v -18.904490 -41.896099 52.125160
v -18.946209 -41.896099 52.240051
v -18.658344 -41.896099 52.240051
v -18.658993 -41.896099 52.125160
v -10.198923 -41.625626 51.886452
v -10.198923 -41.625626 52.588417
v -10.136806 -41.830521 52.588417
v -10.136806 -41.830521 51.773163
v -19.059942 -41.625626 51.761673
v -18.703508 -41.625626 51.761673
v -18.704145 -41.830521 51.648598
v -19.120779 -41.830521 51.648598
v -10.287794 -41.625626 54.673485
v -10.692566 -41.625626 54.673485
v -10.692568 -41.830521 54.786560
v -10.226959 -41.830521 54.786560
v -19.148815 -41.625626 54.548714
v -19.148815 -41.625626 53.846451
v -19.210930 -41.830521 53.846451
v -19.210930 -41.830521 54.661995
v -10.051462 -47.507862 54.704643
v -10.051462 -47.507862 54.061699
v -10.136806 -41.910706 53.245766
v -10.136806 -41.830521 54.661995
v -10.692566 -41.625626 51.761681
v -10.692568 -41.535191 52.008293
v -10.411476 -41.535191 52.008293
v -10.287794 -41.625626 51.761681
v -19.148815 -41.625626 52.588409
v -19.013350 -41.535191 52.588409
v -19.013350 -41.535191 52.132996
v -19.148815 -41.625626 51.886452
v -18.682632 -41.655758 54.673485
v -18.684023 -41.565327 54.426865
v -18.936258 -41.535191 54.426865
v -19.059942 -41.625626 54.673485
v -10.198923 -41.705807 53.245766
v -10.334389 -41.615376 53.245766
v -10.334389 -41.535191 54.302162
v -10.198923 -41.625626 54.548714
v -10.733826 -41.896099 52.125160
v -10.445000 -41.896099 52.125160
v -18.946209 -41.896099 52.660515
v -18.642294 -41.926231 54.296082
v -18.904490 -41.896099 54.296082
v -10.403282 -41.976280 53.206116
v -10.403282 -41.896099 54.181190
v -19.229923 -47.507862 51.493225
v -19.278610 -53.185200 51.337852
v -10.226959 -41.830521 51.648598
v -9.928421 -53.185196 54.726593
v -19.120779 -41.830521 54.786560
v -19.210930 -41.830521 51.773163
v -10.051462 -47.507862 51.617760
v -19.326502 -47.507862 54.817398
v -19.229923 -47.507862 54.941933
v -10.334387 -41.535191 52.132996
v -18.936258 -41.535191 52.008293
v -19.013350 -41.535191 54.302162
v -10.411476 -41.535191 54.426865
v -10.403282 -41.896099 52.240051
v -18.946209 -41.896099 54.181190
v -10.445000 -41.896099 54.296082
v -19.381618 -53.185200 54.972809
v -19.326502 -47.507862 54.061699
v -19.381618 -53.185200 54.276947
v -18.642939 -41.926231 54.181732
v -18.645313 -41.926231 53.760452
v -18.946209 -41.896099 53.760452
v -19.210930 -41.830521 52.588409
v -9.934811 -53.185200 52.157921
v -10.051462 -47.507862 52.373169
v -9.966116 -53.185196 54.276947
v -19.013350 -41.535191 53.846451
v -10.334387 -41.535191 52.588417
v -10.403282 -41.896099 52.660515
v -18.655973 -41.896099 52.660515
v -9.966116 -53.185200 51.462357
v -18.924065 -53.185200 51.337852
v -18.814104 -47.507862 51.493225
v -18.681993 -41.860653 54.786560
v -18.520929 -47.507862 54.904732
v -10.733826 -41.896099 52.240051
v -10.692566 -41.830521 51.648598
v -18.702116 -41.535191 52.008293
v -10.692566 -41.535191 54.426865
v -10.733826 -41.896099 54.296082
v -10.733826 -41.976280 53.206116
v -10.733826 -41.904537 54.181343
v -10.733826 -41.896099 52.660515
v -19.217083 -53.185200 55.097305
v -18.359865 -53.185200 55.022903
v -25.733479 -53.185699 51.236595
v -25.712704 -47.508362 51.570969
v -25.267241 -47.508362 51.493523
v -25.188326 -53.185699 51.338150
v -25.317589 -47.508362 54.942238
v -25.705202 -47.508362 55.016510
v -25.598640 -53.185699 55.097603
v -25.188326 -53.185699 55.097603
v -34.535381 -53.185699 52.158218
v -34.462986 -47.508362 52.373466
v -34.445705 -47.508362 51.618057
v -34.500820 -53.185699 51.462654
v -34.023693 -41.896599 52.125458
v -34.065411 -41.896599 52.240349
v -33.777546 -41.896599 52.240349
v -33.778194 -41.896599 52.125458
v -25.318123 -41.626125 51.886749
v -25.318123 -41.626125 52.588715
v -25.256006 -41.831020 52.588715
v -25.256006 -41.831020 51.773460
v -34.179142 -41.626125 51.761971
v -33.822712 -41.626125 51.761971
v -33.823345 -41.831020 51.648895
v -34.239979 -41.831020 51.648895
v -25.406994 -41.626125 54.673782
v -25.811768 -41.626125 54.673782
v -25.811768 -41.831020 54.786858
v -25.346159 -41.831020 54.786858
v -34.268017 -41.626125 54.549011
v -34.268017 -41.626125 53.846748
v -34.330128 -41.831020 53.846748
v -34.330128 -41.831020 54.662292
v -25.170662 -47.508362 54.704941
v -25.170662 -47.508362 54.061996
v -25.256006 -41.911201 53.246063
v -25.256006 -41.831020 54.662292
v -25.811768 -41.626125 51.761978
v -25.811768 -41.535690 52.008591
v -25.530676 -41.535690 52.008591
v -25.406994 -41.626125 51.761978
v -34.268017 -41.626122 52.588707
v -34.132549 -41.535690 52.588707
v -34.132549 -41.535690 52.133293
v -34.268017 -41.626125 51.886749
v -33.801830 -41.656258 54.673782
v -33.803219 -41.565826 54.427162
v -34.055462 -41.535690 54.427162
v -34.179142 -41.626125 54.673782
v -25.318123 -41.706306 53.246063
v -25.453588 -41.615875 53.246063
v -25.453588 -41.535690 54.302460
v -25.318123 -41.626125 54.549011
v -25.853025 -41.896599 52.125458
v -25.564199 -41.896599 52.125458
v -34.065411 -41.896599 52.660812
v -33.761494 -41.926731 54.296379
v -34.023693 -41.896599 54.296379
v -25.522482 -41.976780 53.206413
v -25.522482 -41.896599 54.181488
v -34.349125 -47.508362 51.493523
v -34.397808 -53.185699 51.338150
v -25.346159 -41.831020 51.648895
v -25.047621 -53.185696 54.726891
v -34.239979 -41.831020 54.786858
v -34.330128 -41.831020 51.773460
v -25.170662 -47.508362 51.618057
v -34.445705 -47.508362 54.817696
v -34.349125 -47.508362 54.942230
v -25.453587 -41.535690 52.133293
v -34.055462 -41.535690 52.008591
v -34.132549 -41.535690 54.302460
v -25.530676 -41.535690 54.427162
v -25.522482 -41.896599 52.240349
v -34.065411 -41.896599 54.181488
v -25.564199 -41.896599 54.296379
v -34.500820 -53.185699 54.973106
v -34.445705 -47.508362 54.061996
v -34.500820 -53.185699 54.277245
v -33.762142 -41.926731 54.182030
v -33.764515 -41.926731 53.760750
v -34.065411 -41.896599 53.760750
v -34.330128 -41.831020 52.588707
v -25.054010 -53.185699 52.158218
v -25.170662 -47.508362 52.373466
v -25.085316 -53.185696 54.277245
v -34.132549 -41.535690 53.846748
v -25.453587 -41.535690 52.588715
v -25.522482 -41.896599 52.660812
v -33.775173 -41.896599 52.660812
v -25.085316 -53.185699 51.462654
v -34.043262 -53.185699 51.338150
v -33.933308 -47.508362 51.493523
v -33.801197 -41.861153 54.786858
v -33.640133 -47.508362 54.905029
v -25.853025 -41.896599 52.240349
v -25.811768 -41.831020 51.648895
v -33.821316 -41.535690 52.008591
v -25.811766 -41.535690 54.427162
v -25.853025 -41.896599 54.296379
v -25.853025 -41.976780 53.206413
v -25.853025 -41.905037 54.181641
v -25.853025 -41.896599 52.660812
v -34.336285 -53.185699 55.097603
v -33.479069 -53.185699 55.023201
v -40.834679 -53.185699 51.236595
v -40.813908 -47.508362 51.570969
v -40.368443 -47.508362 51.493523
v -40.289528 -53.185699 51.338150
v -40.418793 -47.508362 54.942238
v -40.806404 -47.508362 55.016510
v -40.699841 -53.185699 55.097603
v -40.289528 -53.185699 55.097603
v -49.636585 -53.185699 52.158218
v -49.564186 -47.508362 52.373466
v -49.546906 -47.508362 51.618057
v -49.602020 -53.185699 51.462654
v -49.124893 -41.896599 52.125458
v -49.166611 -41.896599 52.240349
v -48.878746 -41.896599 52.240349
v -48.879395 -41.896599 52.125458
v -40.419323 -41.626125 51.886749
v -40.419323 -41.626125 52.588715
v -40.357208 -41.831020 52.588715
v -40.357208 -41.831020 51.773460
v -49.280346 -41.626125 51.761971
v -48.923908 -41.626125 51.761971
v -48.924549 -41.831020 51.648895
v -49.341179 -41.831020 51.648895
v -40.508198 -41.626125 54.673782
v -40.912968 -41.626125 54.673782
v -40.912968 -41.831020 54.786858
v -40.447361 -41.831020 54.786858
v -49.369217 -41.626125 54.549011
v -49.369217 -41.626125 53.846748
v -49.431332 -41.831020 53.846748
v -49.431332 -41.831020 54.662292
v -40.271862 -47.508362 54.704941
v -40.271862 -47.508362 54.061996
v -40.357208 -41.911201 53.246063
v -40.357208 -41.831020 54.662292
v -40.912968 -41.626125 51.761978
v -40.912968 -41.535690 52.008591
v -40.631878 -41.535690 52.008591
v -40.508198 -41.626125 51.761978
v -49.369217 -41.626122 52.588707
v -49.233749 -41.535690 52.588707
v -49.233749 -41.535690 52.133293
v -49.369217 -41.626125 51.886749
v -48.903034 -41.656258 54.673782
v -48.904423 -41.565826 54.427162
v -49.156662 -41.535690 54.427162
v -49.280346 -41.626125 54.673782
v -40.419323 -41.706306 53.246063
v -40.554790 -41.615875 53.246063
v -40.554790 -41.535690 54.302460
v -40.419323 -41.626125 54.549011
v -40.954227 -41.896599 52.125458
v -40.665401 -41.896599 52.125458
v -49.166611 -41.896599 52.660812
v -48.862698 -41.926731 54.296379
v -49.124893 -41.896599 54.296379
v -40.623684 -41.976780 53.206413
v -40.623684 -41.896599 54.181488
v -49.450325 -47.508362 51.493523
v -49.499012 -53.185699 51.338150
v -40.447361 -41.831020 51.648895
v -40.148823 -53.185696 54.726891
v -49.341179 -41.831020 54.786858
v -49.431332 -41.831020 51.773460
v -40.271862 -47.508362 51.618057
v -49.546906 -47.508362 54.817696
v -49.450325 -47.508362 54.942230
v -40.554790 -41.535690 52.133293
v -49.156662 -41.535690 52.008591
v -49.233749 -41.535690 54.302460
v -40.631878 -41.535690 54.427162
v -40.623684 -41.896599 52.240349
v -49.166611 -41.896599 54.181488
v -40.665401 -41.896599 54.296379
v -49.602020 -53.185699 54.973106
v -49.546906 -47.508362 54.061996
v -49.602020 -53.185699 54.277245
v -48.863342 -41.926731 54.182030
v -48.865715 -41.926731 53.760750
v -49.166611 -41.896599 53.760750
v -49.431332 -41.831020 52.588707
v -40.155212 -53.185699 52.158218
v -40.271862 -47.508362 52.373466
v -40.186520 -53.185696 54.277245
v -49.233749 -41.535690 53.846748
v -40.554790 -41.535690 52.588715
v -40.623684 -41.896599 52.660812
v -48.876377 -41.896599 52.660812
v -40.186520 -53.185699 51.462654
v -49.144466 -53.185699 51.338150
v -49.034508 -47.508362 51.493523
v -48.902397 -41.861153 54.786858
v -48.741333 -47.508362 54.905029
v -40.954227 -41.896599 52.240349
v -40.912968 -41.831020 51.648895
v -48.922520 -41.535690 52.008591
v -40.912968 -41.535690 54.427162
v -40.954227 -41.896599 54.296379
v -40.954227 -41.976780 53.206413
v -40.954227 -41.905037 54.181641
v -40.954227 -41.896599 52.660812
v -49.437485 -53.185699 55.097603
v -48.580269 -53.185699 55.023201
v -55.910679 -53.185699 51.236595
v -55.889904 -47.508362 51.570969
v -55.444443 -47.508362 51.493523
v -55.365528 -53.185699 51.338150
v -55.494793 -47.508362 54.942238
v -55.882404 -47.508362 55.016510
v -55.775841 -53.185699 55.097603
v -55.365528 -53.185699 55.097603
v -64.712585 -53.185699 52.158218
v -64.640182 -47.508362 52.373466
v -64.622910 -47.508362 51.618057
v -64.678024 -53.185699 51.462654
v -64.200897 -41.896599 52.125458
v -64.242615 -41.896599 52.240349
v -63.954746 -41.896599 52.240349
v -63.955395 -41.896599 52.125458
v -55.495323 -41.626125 51.886749
v -55.495323 -41.626125 52.588715
v -55.433208 -41.831020 52.588715
v -55.433208 -41.831020 51.773460
v -64.356339 -41.626125 51.761971
v -63.999912 -41.626125 51.761971
v -64.000549 -41.831020 51.648895
v -64.417175 -41.831020 51.648895
v -55.584198 -41.626125 54.673782
v -55.988968 -41.626125 54.673782
v -55.988968 -41.831020 54.786858
v -55.523361 -41.831020 54.786858
v -64.445221 -41.626125 54.549011
v -64.445221 -41.626125 53.846748
v -64.507324 -41.831020 53.846748
v -64.507324 -41.831020 54.662292
v -55.347862 -47.508362 54.704941
v -55.347862 -47.508362 54.061996
v -55.433208 -41.911201 53.246063
v -55.433208 -41.831020 54.662292
v -55.988968 -41.626125 51.761978
v -55.988968 -41.535690 52.008591
v -55.707878 -41.535690 52.008591
v -55.584194 -41.626125 51.761978
v -64.445221 -41.626122 52.588707
v -64.309753 -41.535690 52.588707
v -64.309753 -41.535690 52.133293
v -64.445221 -41.626125 51.886749
v -63.979038 -41.656258 54.673782
v -63.980427 -41.565826 54.427162
v -64.232666 -41.535690 54.427162
v -64.356339 -41.626125 54.673782
v -55.495323 -41.706306 53.246063
v -55.630791 -41.615875 53.246063
v -55.630791 -41.535690 54.302460
v -55.495323 -41.626125 54.549011
v -56.030228 -41.896599 52.125458
v -55.741402 -41.896599 52.125458
v -64.242615 -41.896599 52.660812
v -63.938694 -41.926731 54.296379
v -64.200897 -41.896599 54.296379
v -55.699684 -41.976780 53.206413
v -55.699684 -41.896599 54.181488
v -64.526321 -47.508362 51.493523
v -64.575012 -53.185699 51.338150
v -55.523361 -41.831020 51.648895
v -55.224823 -53.185696 54.726891
v -64.417175 -41.831020 54.786858
v -64.507324 -41.831020 51.773460
v -55.347862 -47.508362 51.618057
v -64.622910 -47.508362 54.817696
v -64.526321 -47.508362 54.942230
v -55.630791 -41.535690 52.133293
v -64.232666 -41.535690 52.008591
v -64.309753 -41.535690 54.302460
v -55.707878 -41.535690 54.427162
v -55.699684 -41.896599 52.240349
v -64.242615 -41.896599 54.181488
v -55.741402 -41.896599 54.296379
v -64.678024 -53.185699 54.973106
v -64.622910 -47.508362 54.061996
v -64.678024 -53.185699 54.277245
v -63.939342 -41.926731 54.182030
v -63.941715 -41.926731 53.760750
v -64.242615 -41.896599 53.760750
v -64.507324 -41.831020 52.588707
v -55.231213 -53.185699 52.158218
v -55.347862 -47.508362 52.373466
v -55.262516 -53.185696 54.277245
v -64.309753 -41.535690 53.846748
v -55.630791 -41.535690 52.588715
v -55.699684 -41.896599 52.660812
v -63.952381 -41.896599 52.660812
v -55.262516 -53.185699 51.462654
v -64.220459 -53.185699 51.338150
v -64.110504 -47.508362 51.493523
v -63.978397 -41.861153 54.786858
v -63.817333 -47.508362 54.905029
v -56.030228 -41.896599 52.240349
v -55.988968 -41.831020 51.648895
v -63.998524 -41.535690 52.008591
v -55.988968 -41.535690 54.427162
v -56.030228 -41.896599 54.296379
v -56.030228 -41.976780 53.206413
v -56.030228 -41.905037 54.181641
v -56.030228 -41.896599 52.660812
v -64.513489 -53.185699 55.097603
v -63.656269 -53.185699 55.023201
v -10.750078 -47.725960 57.205551
v -10.729303 -40.002773 57.613594
v -10.283840 -40.002773 57.519089
v -10.204926 -47.725960 57.329483
v -10.334188 -40.002773 61.727654
v -10.721802 -40.002773 61.818298
v -10.615240 -47.725960 61.917259
v -10.204926 -47.725960 61.917259
v -19.551983 -47.725964 58.330231
v -19.479586 -40.002773 58.592903
v -19.462301 -40.002777 57.671059
v -19.517418 -47.725964 57.481415
v -19.040289 -32.368790 58.290253
v -19.082008 -32.368790 58.430458
v -18.794144 -32.368790 58.430458
v -18.794792 -32.368790 58.290253
v -10.334723 -32.000851 57.998947
v -10.334723 -32.000851 58.855576
v -10.272606 -32.279579 58.855576
v -10.272606 -32.279579 57.860703
v -19.195742 -32.000851 57.846687
v -18.839308 -32.000851 57.846687
v -18.839945 -32.279579 57.708687
v -19.256578 -32.279579 57.708687
v -10.423594 -32.000851 61.400047
v -10.828367 -32.000851 61.400047
v -10.828367 -32.279579 61.538048
v -10.362759 -32.279579 61.538048
v -19.284615 -32.000851 61.247787
v -19.284615 -32.000851 60.390800
v -19.346729 -32.279579 60.390800
v -19.346729 -32.279579 61.386032
v -10.187262 -40.002773 61.438072
v -10.187262 -40.002773 60.653473
v -10.272606 -32.388657 59.657761
v -10.272606 -32.279579 61.386032
v -10.828367 -32.000851 57.846687
v -10.828367 -31.877831 58.147636
v -10.547276 -31.877831 58.147636
v -10.423594 -32.000851 57.846687
v -19.284615 -32.000847 58.855576
v -19.149149 -31.877831 58.855576
v -19.149149 -31.877831 58.299820
v -19.284615 -32.000851 57.998947
v -18.818432 -32.041843 61.400047
v -18.819822 -31.918823 61.099098
v -19.072058 -31.877831 61.099098
v -19.195742 -32.000851 61.400047
v -10.334723 -32.109928 59.657761
v -10.470188 -31.986908 59.657761
v -10.470188 -31.877831 60.946915
v -10.334723 -32.000851 61.247787
v -10.869625 -32.368790 58.290253
v -10.580799 -32.368790 58.290253
v -19.082008 -32.368790 58.943565
v -18.778093 -32.409782 60.939491
v -19.040289 -32.368790 60.939491
v -10.539082 -32.477867 59.609375
v -10.539082 -32.368790 60.799286
v -19.365723 -40.002777 57.519081
v -19.414410 -47.725964 57.329483
v -10.362759 -32.279579 57.708687
v -10.064220 -47.725960 61.464859
v -19.256578 -32.279579 61.538048
v -19.346729 -32.279579 57.860703
v -10.187262 -40.002773 57.671059
v -19.462301 -40.002773 61.575676
v -19.365723 -40.002773 61.727654
v -10.470186 -31.877831 58.299820
v -19.072058 -31.877831 58.147636
v -19.149149 -31.877831 60.946915
v -10.547276 -31.877831 61.099098
v -10.539082 -32.368790 58.430458
v -19.082008 -32.368790 60.799286
v -10.580799 -32.368790 60.939499
v -19.517418 -47.725960 61.765327
v -19.462301 -40.002773 60.653473
v -19.517418 -47.725960 60.916145
v -18.778738 -32.409782 60.799950
v -18.781113 -32.409782 60.285851
v -19.082008 -32.368790 60.285851
v -19.346729 -32.279579 58.855576
v -10.070610 -47.725960 58.330231
v -10.187262 -40.002773 58.592903
v -10.101915 -47.725960 60.916145
v -19.149149 -31.877831 60.390800
v -10.470186 -31.877831 58.855576
v -10.539082 -32.368790 58.943565
v -18.791773 -32.368790 58.943565
v -10.101915 -47.725960 57.481415
v -19.059864 -47.725964 57.329483
v -18.949903 -40.002777 57.519081
v -18.817793 -32.320572 61.538048
v -18.656729 -40.002773 61.682251
v -10.869625 -32.368790 58.430458
v -10.828367 -32.279579 57.708687
v -18.837915 -31.877831 58.147636
v -10.828367 -31.877831 61.099098
v -10.869625 -32.368790 60.939499
v -10.869625 -32.477867 59.609375
v -10.869625 -32.380272 60.799477
v -10.869625 -32.368790 58.943565
v -19.352882 -47.725964 61.917259
v -18.495665 -47.725964 61.826462
v -23.432686 -49.163635 57.206055
v -22.775372 -41.468410 57.614098
v -22.133230 -41.520744 57.519585
v -22.646839 -49.227680 57.329979
v -22.205809 -41.514828 61.728149
v -22.764559 -41.469288 61.818794
v -23.238314 -49.179474 61.917755
v -22.646839 -49.227680 61.917755
v -36.120762 -48.129543 58.330734
v -35.389034 -40.440384 58.593407
v -35.364117 -40.442417 57.671555
v -36.070934 -48.133606 57.481911
v -34.135662 -32.883240 58.290756
v -34.195797 -32.878338 58.430962
v -33.780842 -32.912155 58.430962
v -33.781773 -32.912079 58.290756
v -21.556566 -33.539288 57.999451
v -21.556566 -33.539288 58.856079
v -21.489668 -33.824394 58.856079
v -21.489668 -33.824394 57.861206
v -34.329861 -32.498253 57.847183
v -33.816051 -32.540127 57.847183
v -33.839611 -32.817860 57.709190
v -34.440197 -32.768913 57.709190
v -21.684679 -33.528847 61.400551
v -22.268164 -33.481293 61.400551
v -22.290806 -33.759098 61.538544
v -21.619623 -33.813801 61.538544
v -34.457973 -32.487808 61.248283
v -34.457973 -32.487808 60.391296
v -34.570148 -32.758324 60.391296
v -34.570148 -32.758324 61.386528
v -21.994009 -41.532089 61.438576
v -21.994009 -41.532089 60.653976
v -21.498529 -33.933113 59.658264
v -21.489668 -33.824394 61.386536
v -22.268164 -33.481293 57.847183
v -22.258169 -33.358677 58.148140
v -21.852974 -33.391701 58.148140
v -21.684677 -33.528847 57.847183
v -34.457973 -32.487808 58.856079
v -34.252705 -32.381111 58.856079
v -34.252705 -32.381111 58.300316
v -34.457973 -32.487808 57.999451
v -33.789295 -32.583439 61.400551
v -33.781300 -32.460659 61.099594
v -34.141575 -32.390167 61.099594
v -34.329861 -32.498253 61.400551
v -21.565428 -33.648003 59.658264
v -21.750711 -33.509476 59.658264
v -21.741850 -33.400757 60.947418
v -21.556566 -33.539288 61.248283
v -22.357525 -33.843166 58.290756
v -21.941179 -33.877098 58.290756
v -34.195797 -32.878338 58.944069
v -33.761028 -32.954899 60.939995
v -34.135662 -32.883240 60.939995
v -21.889902 -33.990719 59.609879
v -21.881042 -33.882000 60.799789
v -35.224895 -40.453762 57.519585
v -35.922451 -48.145706 57.329979
v -21.619623 -33.813801 57.709190
v -22.444010 -49.244209 61.465355
v -34.440197 -32.768913 61.538544
v -34.570148 -32.758324 57.861198
v -21.994009 -41.532093 57.671562
v -35.364117 -40.442413 61.576180
v -35.224895 -40.453758 61.728149
v -21.741848 -33.400757 58.300316
v -34.141575 -32.390167 58.148140
v -34.252705 -32.381111 60.947418
v -21.852974 -33.391701 61.099594
v -21.881042 -33.882000 58.430962
v -34.195797 -32.878338 60.799789
v -21.941179 -33.877098 60.939995
v -36.070934 -48.133602 61.765823
v -35.364117 -40.442413 60.653969
v -36.070934 -48.133602 60.916649
v -33.761959 -32.954826 60.800446
v -33.765385 -32.954544 60.286346
v -34.195797 -32.878338 60.286346
v -34.570148 -32.758324 58.856079
v -22.453224 -49.243462 58.330734
v -21.994009 -41.532093 58.593407
v -22.498350 -49.239780 60.916649
v -34.252705 -32.381111 60.391296
v -21.741848 -33.400757 58.856079
v -21.881042 -33.882000 58.944069
v -33.777424 -32.912437 58.944069
v -22.498350 -49.239784 57.481918
v -35.411366 -48.187359 57.329979
v -34.625492 -40.502617 57.519585
v -33.811016 -32.861320 61.538544
v -34.202877 -40.537056 61.682755
v -22.357525 -33.843166 58.430962
v -22.290806 -33.759098 57.709190
v -33.804058 -32.417675 58.148140
v -22.258169 -33.358677 61.099594
v -22.357525 -33.843166 60.939995
v -22.366385 -33.951885 59.609879
v -22.358458 -33.854610 60.799973
v -22.357525 -33.843166 58.944069
v -35.833759 -48.152935 61.917755
v -34.598064 -48.253647 61.826958
v -41.066978 -47.725960 57.205551
v -41.046207 -40.002773 57.613594
v -40.600742 -40.002773 57.519089
v -40.521828 -47.725960 57.329483
v -40.651093 -40.002773 61.727654
v -41.038704 -40.002773 61.818298
v -40.932140 -47.725960 61.917259
v -40.521828 -47.725960 61.917259
v -49.868885 -47.725964 58.330231
v -49.796486 -40.002773 58.592903
v -49.779205 -40.002777 57.671059
v -49.834320 -47.725964 57.481415
v -49.357193 -32.368790 58.290253
v -49.398911 -32.368790 58.430458
v -49.111046 -32.368790 58.430458
v -49.111694 -32.368790 58.290253
v -40.651623 -32.000851 57.998947
v -40.651623 -32.000851 58.855576
v -40.589508 -32.279579 58.855576
v -40.589508 -32.279579 57.860703
v -49.512646 -32.000851 57.846687
v -49.156208 -32.000851 57.846687
v -49.156849 -32.279579 57.708687
v -49.573479 -32.279579 57.708687
v -40.740498 -32.000851 61.400047
v -41.145267 -32.000851 61.400047
v -41.145267 -32.279579 61.538048
v -40.679661 -32.279579 61.538048
v -49.601517 -32.000851 61.247787
v -49.601517 -32.000851 60.390800
v -49.663631 -32.279579 60.390800
v -49.663631 -32.279579 61.386032
v -40.504162 -40.002773 61.438072
v -40.504162 -40.002773 60.653473
v -40.589508 -32.388657 59.657761
v -40.589508 -32.279579 61.386032
v -41.145267 -32.000851 57.846687
v -41.145267 -31.877831 58.147636
v -40.864178 -31.877831 58.147636
v -40.740498 -32.000851 57.846687
v -49.601517 -32.000847 58.855576
v -49.466049 -31.877831 58.855576
v -49.466049 -31.877831 58.299820
v -49.601517 -32.000851 57.998947
v -49.135334 -32.041843 61.400047
v -49.136723 -31.918823 61.099098
v -49.388962 -31.877831 61.099098
v -49.512646 -32.000851 61.400047
v -40.651623 -32.109928 59.657761
v -40.787090 -31.986908 59.657761
v -40.787090 -31.877831 60.946915
v -40.651623 -32.000851 61.247787
v -41.186527 -32.368790 58.290253
v -40.897701 -32.368790 58.290253
v -49.398911 -32.368790 58.943565
v -49.094997 -32.409782 60.939491
v -49.357193 -32.368790 60.939491
v -40.855984 -32.477867 59.609375
v -40.855984 -32.368790 60.799286
v -49.682625 -40.002777 57.519081
v -49.731312 -47.725964 57.329483
v -40.679661 -32.279579 57.708687
v -40.381123 -47.725960 61.464859
v -49.573479 -32.279579 61.538048
v -49.663631 -32.279579 57.860703
v -40.504162 -40.002773 57.671059
v -49.779205 -40.002773 61.575676
v -49.682625 -40.002773 61.727654
v -40.787090 -31.877831 58.299820
v -49.388962 -31.877831 58.147636
v -49.466049 -31.877831 60.946915
v -40.864178 -31.877831 61.099098
v -40.855984 -32.368790 58.430458
v -49.398911 -32.368790 60.799286
v -40.897701 -32.368790 60.939499
v -49.834320 -47.725960 61.765327
v -49.779205 -40.002773 60.653473
v -49.834320 -47.725960 60.916145
v -49.095642 -32.409782 60.799950
v -49.098015 -32.409782 60.285851
v -49.398911 -32.368790 60.285851
v -49.663631 -32.279579 58.855576
v -40.387512 -47.725960 58.330231
v -40.504162 -40.002773 58.592903
v -40.418819 -47.725960 60.916145
v -49.466049 -31.877831 60.390800
v -40.787090 -31.877831 58.855576
v -40.855984 -32.368790 58.943565
v -49.108677 -32.368790 58.943565
v -40.418819 -47.725960 57.481415
v -49.376766 -47.725964 57.329483
v -49.266808 -40.002777 57.519081
v -49.134697 -32.320572 61.538048
v -48.973633 -40.002773 61.682251
v -41.186527 -32.368790 58.430458
v -41.145267 -32.279579 57.708687
v -49.154819 -31.877831 58.147636
v -41.145267 -31.877831 61.099098
v -41.186527 -32.368790 60.939499
v -41.186527 -32.477867 59.609375
v -41.186527 -32.380272 60.799477
v -41.186527 -32.368790 58.943565
v -49.669785 -47.725964 61.917259
v -48.812565 -47.725964 61.826462
v -70.911346 -53.586040 64.055328
v -71.098053 -50.101528 64.081818
v -71.054810 -50.101524 64.649826
v -70.968048 -53.586040 64.750458
v -72.980515 -50.101524 64.585625
v -73.021988 -50.101524 64.091377
v -73.067276 -53.586040 64.227257
v -73.067276 -53.586040 64.750458
v -71.425964 -53.586044 52.831940
v -71.546158 -50.101528 52.924255
v -71.124344 -50.101528 52.946297
v -71.037567 -53.586044 52.876015
v -71.407669 -46.657257 53.484406
v -71.471817 -46.657257 53.431213
v -71.471817 -46.657257 53.798271
v -71.407669 -46.657257 53.797440
v -71.274368 -46.491249 64.584946
v -71.666336 -46.491249 64.584946
v -71.666336 -46.617008 64.664154
v -71.211121 -46.617008 64.664154
v -71.204697 -46.491253 53.286186
v -71.204697 -46.491253 53.740677
v -71.141556 -46.617008 53.739868
v -71.141556 -46.617008 53.208618
v -72.830612 -46.491249 64.471626
v -72.830612 -46.491249 63.955498
v -72.893753 -46.617008 63.955498
v -72.893753 -46.617008 64.549202
v -72.760941 -46.491253 53.172867
v -72.368820 -46.491253 53.172867
v -72.368820 -46.617008 53.093658
v -72.824203 -46.617008 53.093658
v -72.848022 -50.101524 64.772980
v -72.489014 -50.101524 64.772980
v -72.033401 -46.666222 64.664154
v -72.824203 -46.617008 64.664154
v -71.204697 -46.491249 63.955498
v -71.342407 -46.435745 63.955498
v -71.342407 -46.435745 64.313919
v -71.204697 -46.491249 64.471626
v -71.666336 -46.491249 53.172867
v -71.666336 -46.435749 53.345596
v -71.412048 -46.435749 53.345596
v -71.274368 -46.491253 53.172867
v -72.830612 -46.509747 53.767296
v -72.692917 -46.454243 53.765526
v -72.692917 -46.435749 53.443893
v -72.830612 -46.491253 53.286186
v -72.033401 -46.540466 64.584946
v -72.033401 -46.484959 64.412216
v -72.623276 -46.435745 64.412216
v -72.760941 -46.491249 64.584946
v -71.407669 -46.657257 63.902885
v -71.407669 -46.657257 64.271172
v -71.706604 -46.657257 53.431213
v -72.619873 -46.675751 53.818733
v -72.619873 -46.657257 53.484406
v -72.011261 -46.706470 64.324371
v -72.555725 -46.657257 64.324371
v -71.054810 -50.101528 53.069443
v -70.968048 -53.586044 53.007362
v -71.141556 -46.617008 64.549202
v -72.860275 -53.586040 64.929871
v -72.893753 -46.617008 53.208618
v -71.211121 -46.617008 53.093658
v -71.124344 -50.101528 64.772980
v -72.910980 -50.101524 52.946297
v -72.980515 -50.101524 53.069443
v -71.412048 -46.435745 64.412216
v -71.342407 -46.435749 53.443893
v -72.623276 -46.435749 53.345596
v -72.692917 -46.435745 64.313919
v -71.471817 -46.657257 64.324371
v -72.555725 -46.657257 53.431213
v -72.619888 -46.657257 64.271172
v -72.997757 -53.586044 52.876015
v -72.488998 -50.101528 52.946297
v -72.609192 -53.586044 52.876015
v -72.556030 -46.675751 53.817909
v -72.320786 -46.675751 53.814880
v -72.320786 -46.657257 53.431213
v -71.666336 -46.617008 53.093658
v -71.425964 -53.586040 64.921722
v -71.546158 -50.101528 64.772980
v -72.609192 -53.586040 64.881805
v -72.368820 -46.435749 53.345596
v -71.666336 -46.435745 64.412216
v -71.706604 -46.657257 64.324371
v -71.706604 -46.657257 53.801292
v -71.037567 -53.586040 64.881805
v -70.968048 -53.586044 53.459450
v -71.054810 -50.101528 53.599655
v -72.893753 -46.635502 53.768112
v -72.959747 -50.101524 53.973488
v -71.471817 -46.657257 63.902885
v -71.141556 -46.617008 63.955498
v -71.342407 -46.435749 53.742455
v -72.692917 -46.435745 63.955498
v -72.619888 -46.657257 63.902885
v -72.011261 -46.706470 63.902885
v -72.555817 -46.662437 63.902885
v -71.706604 -46.657257 63.902885
v -73.067276 -53.586044 53.085815
v -73.025726 -53.586044 54.178864
vn 0.0765 0.0452 -0.9960
vn -0.0842 0.0372 -0.9958
vn 0.3661 0.0405 -0.9297
vn 0.5066 0.0306 -0.8617
vn 0.5650 0.0229 0.8247
vn 0.0857 0.0258 0.9960
vn -0.0005 0.0206 0.9998
vn 0.5685 0.0354 0.8219
vn -0.9998 0.0117 -0.0163
vn -0.9998 0.0174 -0.0063
vn -0.9427 0.0144 -0.3333
vn -0.9991 0.0059 0.0411
vn 0.4318 0.7084 0.5583
vn 0.6605 0.7424 0.1120
vn -0.0000 1.0000 -0.0000
vn -0.0000 0.8087 0.5882
vn 0.8378 0.4829 -0.2546
vn 0.8259 0.5623 0.0402
vn 0.9872 0.1594 0.0100
vn 0.8453 0.5168 -0.1358
vn -0.3316 0.6620 -0.6722
vn -0.0000 0.7574 -0.6529
vn 0.0015 0.2614 -0.9652
vn -0.4382 0.2735 -0.8563
vn 0.3315 0.6620 0.6722
vn -0.0015 0.5653 0.8249
vn -0.0027 0.2674 0.9636
vn 0.4420 0.2738 0.8542
vn -0.8378 0.4829 0.2546
vn -0.9231 0.3845 -0.0000
vn -0.9875 0.1573 0.0005
vn -0.8465 0.5147 0.1359
vn 0.9603 0.0171 0.2786
vn 0.9998 0.0177 -0.0002
vn 0.9892 0.1463 0.0043
vn 0.9309 0.2850 0.2284
vn -0.0000 0.7590 -0.6511
vn -0.0000 0.8991 0.4377
vn -0.1063 0.9712 0.2131
vn 0.3713 0.7935 -0.4821
vn -0.7921 0.6104 -0.0000
vn 0.3886 0.9214 -0.0000
vn 0.2269 0.9604 0.1615
vn -0.5821 0.7629 -0.2812
vn 0.0397 0.7512 0.6589
vn 0.0542 0.9002 -0.4321
vn 0.1494 0.9720 -0.1813
vn -0.3362 0.7987 0.4991
vn 0.8121 0.5816 -0.0467
vn -0.4064 0.9135 0.0200
vn -0.1799 0.9623 -0.2041
vn 0.6005 0.7574 0.2565
vn -0.4053 0.7234 0.5590
vn 0.6392 0.7691 -0.0000
vn 0.0448 0.8248 -0.5637
vn 0.4470 0.7017 -0.5548
vn -0.6162 0.7871 0.0271
vn -0.6704 0.7285 -0.1409
vn -0.4410 0.0312 -0.8970
vn -0.4246 0.0284 -0.9049
vn 0.4369 0.2683 -0.8585
vn 0.9874 0.0218 0.1568
vn -0.4306 0.2776 0.8588
vn -0.7912 0.5598 -0.2462
vn 0.9481 0.0231 -0.3171
vn -0.9484 0.0201 0.3165
vn -0.4180 0.0302 0.9079
vn -0.2440 0.9571 0.1563
vn 0.1029 0.9743 0.2005
vn 0.2399 0.9577 -0.1590
vn -0.0956 0.9770 -0.1908
vn -0.6540 0.7504 0.0961
vn 0.6871 0.7197 -0.0991
vn -0.4352 0.7116 -0.5516
vn -0.8967 0.0166 0.4422
vn -0.9999 0.0152 0.0051
vn -0.9999 0.0107 0.0074
vn 0.0531 0.9986 -0.0041
vn 0.0515 0.9986 0.0144
vn 0.6738 0.7389 0.0069
vn -0.9875 0.1576 -0.0005
vn 0.9997 0.0194 -0.0172
vn 0.9999 0.0166 -0.0009
vn 0.9993 0.0137 -0.0356
vn -0.3752 0.9253 0.0547
vn -0.6507 0.7572 0.0570
vn 0.0043 1.0000 0.0079
vn 0.9346 0.0262 -0.3548
vn 0.0005 0.0333 -0.9994
vn 0.0047 0.0273 -0.9996
vn 0.0101 0.2553 0.9668
vn 0.0222 0.0246 0.9995
vn -0.0000 0.2561 -0.9666
vn -0.0017 0.9067 -0.4218
vn -0.0015 0.7969 -0.6041
vn 0.0037 0.9992 0.0393
vn -0.0082 0.9974 -0.0710
vn 0.0038 0.9975 0.0703
vn -0.2760 0.0236 0.9609
vn 0.0363 0.0205 0.9991
vn 0.3660 0.0405 -0.9297
vn 0.1494 0.9720 -0.1814
vn 0.6005 0.7574 0.2566
vn 0.4370 0.2683 -0.8585
vn 0.6871 0.7197 -0.0992
vn 0.0100 0.2553 0.9668
vn 0.3714 0.7935 -0.4821
vn -0.9875 0.1575 -0.0005
vn 0.9309 0.2849 0.2284
vn -0.8967 0.0166 0.4423
vn 0.0957 0.0403 -0.9946
vn -0.1018 0.0329 -0.9943
vn 0.3917 0.0359 -0.9194
vn 0.5628 0.0260 -0.8262
vn 0.6158 0.0193 0.7876
vn 0.1045 0.0232 0.9943
vn -0.0020 0.0185 0.9998
vn 0.5923 0.0297 0.8052
vn -0.9999 0.0086 -0.0134
vn -0.9999 0.0128 -0.0052
vn -0.9578 0.0085 -0.2872
vn -0.9961 0.0012 0.0885
vn 0.4626 0.6895 0.5572
vn 0.6771 0.7297 0.0951
vn -0.0000 0.7997 0.6004
vn 0.8774 0.4101 -0.2489
vn 0.8830 0.4678 0.0383
vn 0.9928 0.1194 0.0084
vn 0.8769 0.4686 -0.1069
vn -0.3878 0.6144 -0.6871
vn -0.0000 0.7303 -0.6831
vn 0.0015 0.2383 -0.9712
vn -0.4759 0.2423 -0.8455
vn 0.3878 0.6143 0.6872
vn -0.0020 0.5306 0.8476
vn -0.0028 0.2437 0.9699
vn 0.4790 0.2429 0.8435
vn -0.8774 0.4101 0.2489
vn -0.9596 0.2813 -0.0000
vn -0.9931 0.1173 0.0004
vn -0.8783 0.4660 0.1069
vn 0.9713 0.0122 0.2374
vn 0.9999 0.0131 -0.0001
vn 0.9941 0.1083 0.0035
vn 0.9525 0.2380 0.1901
vn -0.0000 0.7320 -0.6813
vn -0.0000 0.9004 0.4350
vn -0.0726 0.9792 0.1896
vn 0.4273 0.7546 -0.4981
vn -0.8554 0.5180 -0.0000
vn 0.3418 0.9398 -0.0000
vn 0.2019 0.9655 0.1644
vn -0.6482 0.7100 -0.2752
vn 0.0490 0.7209 0.6913
vn 0.0734 0.8973 -0.4353
vn 0.1332 0.9792 -0.1531
vn -0.3822 0.7661 0.5168
vn 0.8725 0.4863 -0.0475
vn -0.3616 0.9320 0.0233
vn -0.1538 0.9644 -0.2150
vn 0.6646 0.7039 0.2507
vn -0.4422 0.7020 0.5582
vn 0.6575 0.7535 -0.0000
vn 0.0605 0.8171 -0.5734
vn 0.4954 0.6675 -0.5558
vn -0.6319 0.7745 0.0299
vn -0.6924 0.7101 -0.1276
vn -0.4822 0.0268 -0.8756
vn -0.4667 0.0246 -0.8841
vn 0.4747 0.2376 -0.8475
vn 0.9911 0.0161 0.1325
vn -0.4664 0.2483 0.8490
vn -0.8312 0.5119 -0.2171
vn 0.9620 0.0175 -0.2726
vn -0.9621 0.0146 0.2721
vn -0.4546 0.0260 0.8903
vn -0.2161 0.9634 0.1588
vn 0.0667 0.9815 0.1792
vn 0.2127 0.9637 -0.1616
vn -0.0599 0.9835 -0.1708
vn -0.6716 0.7363 0.0827
vn 0.7158 0.6929 -0.0872
vn -0.4681 0.6894 -0.5529
vn -0.9174 0.0129 0.3977
vn -0.9999 0.0112 0.0042
vn -1.0000 0.0079 0.0061
vn 0.0717 0.9974 -0.0053
vn 0.0700 0.9974 0.0162
vn 0.7037 0.7104 0.0080
vn -0.9931 0.1175 -0.0004
vn 0.9998 0.0143 -0.0139
vn 0.9999 0.0122 -0.0006
vn 0.9995 0.0101 -0.0291
vn -0.3286 0.9424 0.0618
vn -0.6722 0.7378 0.0614
vn 0.0048 1.0000 0.0086
vn 0.9518 0.0198 -0.3061
vn -0.0006 0.0312 -0.9995
vn 0.0057 0.0245 -0.9997
vn 0.0118 0.2311 0.9729
vn 0.0263 0.0225 0.9994
vn -0.0000 0.2338 -0.9723
vn -0.0023 0.9074 -0.4202
vn -0.0021 0.7840 -0.6207
vn 0.0052 0.9990 0.0444
vn -0.0119 0.9969 -0.0784
vn 0.0050 0.9970 0.0776
vn -0.3134 0.0208 0.9494
vn 0.0448 0.0181 0.9988
vn 0.0675 0.0352 -0.9971
vn -0.0684 0.0392 -0.9969
vn 0.3407 0.0091 -0.9401
vn 0.4588 -0.0087 -0.8885
vn 0.5200 -0.0208 0.8539
vn 0.0741 0.0172 0.9971
vn 0.0013 0.0184 0.9998
vn 0.5457 -0.0106 0.8379
vn -0.9954 0.0936 -0.0194
vn -0.9950 0.0996 -0.0075
vn -0.9229 0.0904 -0.3744
vn -0.9961 0.0877 -0.0007
vn 0.4641 0.6706 0.5787
vn 0.7165 0.6848 0.1327
vn 0.0812 0.9967 -0.0000
vn 0.0650 0.7970 0.6004
vn 0.8644 0.4166 -0.2816
vn 0.8569 0.5135 0.0458
vn 0.9960 0.0888 0.0118
vn 0.8677 0.4615 -0.1848
vn -0.2537 0.6686 -0.6990
vn 0.0593 0.7279 -0.6831
vn 0.0207 0.2377 -0.9711
vn -0.3859 0.2927 -0.8749
vn 0.3586 0.6188 0.6989
vn 0.0418 0.5300 0.8470
vn 0.0175 0.2434 0.9698
vn 0.4319 0.2260 0.8731
vn -0.7855 0.5510 0.2816
vn -0.8786 0.4775 -0.0000
vn -0.9692 0.2462 0.0005
vn -0.7829 0.5940 0.1847
vn 0.9468 -0.0591 0.3162
vn 0.9981 -0.0624 -0.0002
vn 0.9973 0.0732 0.0051
vn 0.9413 0.2127 0.2623
vn 0.0595 0.7296 -0.6813
vn 0.0731 0.8975 0.4350
vn -0.0418 0.9744 0.2210
vn 0.4096 0.7527 -0.5154
vn -0.7244 0.6894 -0.0000
vn 0.4695 0.8829 -0.0000
vn 0.2948 0.9418 0.1619
vn -0.5010 0.8084 -0.3090
vn 0.0958 0.7186 0.6888
vn 0.1241 0.8941 -0.4304
vn 0.2400 0.9522 -0.1889
vn -0.2497 0.8095 0.5314
vn 0.8460 0.5314 -0.0444
vn -0.3412 0.9397 0.0223
vn -0.0918 0.9741 -0.2067
vn 0.6444 0.7109 0.2816
vn -0.3213 0.7496 0.5787
vn 0.6955 0.7186 -0.0000
vn 0.1078 0.8092 -0.5776
vn 0.4760 0.6632 -0.5776
vn -0.5433 0.8390 0.0301
vn -0.6064 0.7778 -0.1649
vn -0.3994 0.0615 -0.9147
vn -0.3834 0.0575 -0.9218
vn 0.4267 0.2216 -0.8768
vn 0.9822 -0.0570 0.1790
vn -0.3791 0.2952 0.8770
vn -0.7203 0.6270 -0.2968
vn 0.9329 -0.0521 -0.3564
vn -0.9296 0.0966 0.3557
vn -0.3799 0.0591 0.9232
vn -0.1552 0.9752 0.1579
vn 0.1970 0.9582 0.2074
vn 0.3072 0.9380 -0.1605
vn -0.0324 0.9797 -0.1979
vn -0.5885 0.8002 0.1152
vn 0.7387 0.6636 -0.1182
vn -0.3525 0.7399 -0.5730
vn -0.8745 0.0880 0.4770
vn -0.9952 0.0974 0.0061
vn -0.9957 0.0926 0.0089
vn 0.1311 0.9914 -0.0039
vn 0.1294 0.9915 0.0158
vn 0.7254 0.6883 0.0074
vn -0.9692 0.2464 -0.0005
vn 0.9980 -0.0606 -0.0201
vn 0.9980 -0.0637 -0.0009
vn 0.9969 -0.0667 -0.0420
vn -0.3054 0.9503 0.0607
vn -0.5839 0.8094 0.0637
vn 0.0859 0.9963 0.0091
vn 0.9165 -0.0475 -0.3971
vn 0.0030 0.0295 -0.9996
vn 0.0059 0.0241 -0.9997
vn 0.0276 0.2318 0.9724
vn 0.0205 0.0204 0.9996
vn 0.0190 0.2331 -0.9723
vn 0.0721 0.9045 -0.4204
vn 0.0623 0.7816 -0.6206
vn 0.0846 0.9955 0.0431
vn 0.0737 0.9941 -0.0797
vn 0.0846 0.9933 0.0787
vn -0.2420 0.0411 0.9694
vn 0.0320 0.0159 0.9994
vn 0.3878 0.6144 0.6871
vn 0.9525 0.2380 0.1902
vn 0.4747 0.2376 -0.8474
vn -0.2161 0.9634 0.1589
vn 0.0667 0.9816 0.1792
vn 0.7158 0.6929 -0.0871
vn 0.9987 0.0419 0.0297
vn 0.9987 0.0346 -0.0371
vn 0.9743 0.0386 0.2219
vn 0.9587 0.0320 0.2827
vn -0.9400 0.0249 0.3402
vn -0.9990 0.0234 0.0369
vn -0.9998 0.0186 0.0018
vn -0.9053 0.0425 0.4227
vn 0.0371 0.0243 -0.9990
vn 0.0144 0.0360 -0.9992
vn 0.5239 0.0322 -0.8512
vn 0.1639 0.0197 -0.9863
vn -0.6092 0.7429 0.2775
vn -0.2228 0.7757 0.5904
vn -0.5989 0.8008 -0.0000
vn 0.3332 0.6236 0.7072
vn -0.0564 0.7616 0.6455
vn -0.0207 0.3025 0.9529
vn 0.3189 0.6449 0.6945
vn 0.6994 0.6927 -0.1761
vn 0.6792 0.7339 -0.0000
vn 0.9703 0.2420 0.0009
vn 0.9141 0.2967 -0.2762
vn -0.6994 0.6927 0.1761
vn -0.8430 0.5379 -0.0007
vn -0.9689 0.2476 -0.0015
vn -0.9131 0.2957 0.2808
vn -0.3332 0.6236 -0.7072
vn -0.0000 0.6164 -0.7875
vn -0.0010 0.2989 -0.9543
vn -0.3184 0.6445 -0.6951
vn -0.4650 0.0340 0.8846
vn 0.0003 0.0369 0.9993
vn -0.0091 0.2771 0.9608
vn -0.3662 0.3841 0.8476
vn 0.6775 0.7356 -0.0000
vn -0.4355 0.9002 -0.0000
vn -0.2896 0.9468 -0.1406
vn 0.5263 0.8225 0.2156
vn -0.0000 0.8013 -0.5982
vn -0.0000 0.9024 0.4310
vn -0.1303 0.9703 0.2038
vn 0.3623 0.8462 -0.3906
vn -0.6817 0.7313 0.0232
vn 0.4254 0.9046 0.0266
vn 0.2603 0.9519 0.1615
vn -0.5397 0.8185 -0.1970
vn 0.0384 0.7804 0.6241
vn -0.0206 0.8947 -0.4462
vn 0.1665 0.9715 -0.1685
vn -0.3297 0.8478 0.4153
vn -0.6054 0.7582 -0.2423
vn -0.0000 0.8248 0.5655
vn 0.5806 0.8139 0.0210
vn 0.6058 0.7500 0.2656
vn -0.0303 0.8397 -0.5423
vn 0.2532 0.7672 -0.5893
vn 0.9662 0.0321 -0.2557
vn 0.9697 0.0285 -0.2426
vn 0.9162 0.2916 0.2750
vn -0.2798 0.0423 0.9591
vn -0.9151 0.2969 -0.2729
vn 0.4344 0.6560 -0.6172
vn 0.4973 0.0394 0.8667
vn -0.4956 0.0361 -0.8678
vn -0.9690 0.0311 -0.2453
vn -0.1298 0.9669 -0.2195
vn -0.2701 0.9518 0.1452
vn 0.1320 0.9675 0.2159
vn 0.2581 0.9560 -0.1397
vn -0.1924 0.7902 -0.5819
vn 0.1920 0.7777 0.5986
vn 0.6015 0.7492 -0.2773
vn -0.5800 0.0260 -0.8142
vn -0.0117 0.0316 -0.9994
vn -0.0171 0.0223 -0.9996
vn 0.0022 0.9997 0.0260
vn -0.0152 0.9996 0.0247
vn -0.0057 0.8133 0.5818
vn 0.0010 0.2993 -0.9542
vn 0.0385 0.0402 0.9984
vn 0.0018 0.0344 0.9994
vn 0.0802 0.0284 0.9964
vn -0.0000 0.9024 0.4309
vn -0.0593 0.9077 -0.4155
vn -0.0686 0.8171 -0.5724
vn -0.0100 0.9999 0.0043
vn 0.5495 0.0456 0.8342
vn 0.9996 0.0277 0.0011
vn 0.9997 0.0248 0.0021
vn -0.9711 0.2385 0.0051
vn -0.9997 0.0215 0.0104
vn 0.9716 0.2366 -0.0000
vn 0.4209 0.9071 -0.0008
vn 0.6184 0.7859 -0.0007
vn -0.0412 0.9991 0.0017
vn 0.0800 0.9968 -0.0029
vn -0.0787 0.9969 0.0019
vn -0.9898 0.0223 -0.1408
vn -0.9997 0.0192 0.0153
vt 0.922990 0.978771
vt 0.925016 0.775168
vt 0.962695 0.774739
vt 0.969609 0.978244
vt 0.959825 0.221249
vt 0.926680 0.220438
vt 0.935912 0.017318
vt 0.970670 0.017655
vt 0.050561 0.024580
vt 0.071140 0.227750
vt 0.036656 0.229667
vt 0.018773 0.026360
vt 0.221362 0.541109
vt 0.218513 0.538073
vt 0.241571 0.538797
vt 0.241220 0.542453
vt 0.960680 0.559617
vt 0.963012 0.527347
vt 0.970447 0.527713
vt 0.968383 0.567285
vt 0.205371 0.563336
vt 0.236420 0.564226
vt 0.236286 0.571658
vt 0.199744 0.570578
vt 0.952959 0.431305
vt 0.917802 0.430453
vt 0.917857 0.423044
vt 0.958507 0.424139
vt 0.197564 0.435336
vt 0.195350 0.467641
vt 0.187665 0.467212
vt 0.189850 0.427443
vt 0.022073 0.692652
vt 0.051239 0.692685
vt 0.087299 0.893195
vt 0.020325 0.897148
vt 0.917341 0.565255
vt 0.917241 0.555337
vt 0.942146 0.553955
vt 0.952466 0.564544
vt 0.195100 0.525927
vt 0.205548 0.525368
vt 0.207837 0.546558
vt 0.197187 0.558264
vt 0.238623 0.429188
vt 0.238627 0.439307
vt 0.216072 0.440750
vt 0.205772 0.430336
vt 0.964395 0.496221
vt 0.953217 0.496689
vt 0.950717 0.447912
vt 0.961168 0.436415
vt 0.913209 0.543291
vt 0.936763 0.542090
vt 0.218217 0.521196
vt 0.243038 0.451607
vt 0.221730 0.452715
vt 0.940069 0.498752
vt 0.940158 0.456709
vt 0.176815 0.976571
vt 0.181691 0.772720
vt 0.191678 0.773480
vt 0.187240 0.977029
vt 0.958008 0.571831
vt 0.991311 0.018897
vt 0.976097 0.222261
vt 0.200260 0.423191
vt 0.189346 0.565924
vt 0.972694 0.773997
vt 0.968790 0.428872
vt 0.182776 0.221427
vt 0.192699 0.220395
vt 0.950212 0.547809
vt 0.215818 0.552850
vt 0.208142 0.447019
vt 0.942619 0.441697
vt 0.939728 0.539091
vt 0.218767 0.455879
vt 0.937214 0.453721
vt 0.178717 0.017504
vt 0.148220 0.223651
vt 0.147052 0.019486
vt 0.243158 0.455276
vt 0.242902 0.472906
vt 0.218387 0.472879
vt 0.972744 0.495846
vt 0.187408 0.526348
vt 0.138172 0.489161
vt 0.128220 0.692757
vt 0.041814 0.489176
vt 0.205790 0.468159
vt 0.952829 0.526795
vt 0.940358 0.522020
vt 0.241856 0.521207
vt 0.169902 0.489293
vt 0.162621 0.692747
vt 0.217442 0.977424
vt 0.227094 0.774189
vt 0.238681 0.421489
vt 0.252985 0.219954
vt 0.913078 0.539646
vt 0.917350 0.572720
vt 0.236760 0.554380
vt 0.917669 0.440301
vt 0.913586 0.452515
vt 0.913194 0.498880
vt 0.913355 0.456087
vt 0.913176 0.522137
vt 0.090973 0.430533
vt 0.051478 0.434800
vt 0.021133 0.489031
vt 0.980031 0.977810
vt 0.193794 0.016883
vt 0.150173 0.427312
vt 0.119165 0.895492
vt 0.158738 0.897556
vt 0.266783 0.016711
s 1
f 1/1/1 2/2/2 3/3/3
f 3/3/3 4/4/4 1/1/1
f 5/5/5 6/6/6 7/7/7
f 7/7/7 8/8/8 5/5/5
f 9/9/9 10/10/10 11/11/11
f 11/11/11 12/12/12 9/9/9
f 13/13/13 14/14/14 15/15/15
f 15/15/15 16/16/16 13/13/13
f 17/17/17 18/18/18 19/19/19
f 19/19/19 20/20/20 17/17/17
f 21/21/21 22/22/22 23/23/23
f 23/23/23 24/24/24 21/21/21
f 25/25/25 26/26/26 27/27/27
f 27/27/27 28/28/28 25/25/25
f 29/29/29 30/30/30 31/31/31
f 31/31/31 32/32/32 29/29/29
f 33/33/33 34/34/34 35/35/35
f 35/35/35 36/36/36 33/33/33
f 37/37/37 38/38/38 39/39/39
f 39/39/39 40/40/40 37/37/37
f 41/41/41 42/42/42 43/43/43
f 43/43/43 44/44/44 41/41/41
f 45/45/45 46/46/46 47/47/47
f 47/47/47 48/48/48 45/45/45
f 49/49/49 50/50/50 51/51/51
f 51/51/51 52/52/52 49/49/49
f 39/39/39 38/38/38 53/53/16
f 53/53/16 54/54/53 39/39/39
f 42/42/42 55/55/54 14/14/14
f 14/14/14 43/43/43 42/42/42
f 47/47/47 46/46/46 56/56/55
f 56/56/55 57/57/56 47/47/47
f 50/50/50 58/58/57 59/59/58
f 59/59/58 51/51/51 50/50/50
f 12/60/12 11/61/11 60/62/59
f 60/62/59 61/63/60 12/60/12
f 40/40/40 17/17/17 20/20/20
f 20/20/20 62/64/61 40/40/40
f 63/65/62 33/66/33 5/5/5
f 5/5/5 8/8/8 63/65/62
f 48/48/48 29/29/29 32/32/32
f 32/32/32 64/67/63 48/48/48
f 24/24/24 65/68/64 44/44/44
f 44/44/44 21/21/21 24/24/24
f 20/20/20 66/69/65 3/3/3
f 3/3/3 62/64/61 20/20/20
f 28/28/28 36/70/36 52/52/52
f 52/52/52 25/25/25 28/28/28
f 32/32/32 67/71/66 68/72/67
f 68/72/67 64/67/63 32/32/32
f 17/17/17 40/40/40 39/39/39
f 39/39/39 69/73/68 17/17/17
f 21/21/21 44/44/44 43/43/43
f 43/43/43 70/74/69 21/21/21
f 29/29/29 48/48/48 47/47/47
f 47/47/47 71/75/70 29/29/29
f 25/25/25 52/52/52 51/51/51
f 51/51/51 72/76/71 25/25/25
f 69/73/68 39/39/39 54/54/53
f 54/54/53 73/77/72 69/73/68
f 70/74/69 43/43/43 14/14/14
f 14/14/14 13/13/13 70/74/69
f 71/75/70 47/47/47 57/57/56
f 57/57/56 74/78/73 71/75/70
f 72/76/71 51/51/51 59/59/58
f 59/59/58 75/79/74 72/76/71
f 76/80/75 67/71/66 77/81/76
f 77/81/76 78/82/77 76/80/75
f 74/78/73 79/83/78 80/84/79
f 80/84/79 81/85/80 74/78/73
f 52/52/52 36/70/36 35/86/35
f 35/86/35 49/49/49 52/52/52
f 41/41/41 82/87/81 31/31/31
f 31/31/31 30/30/30 41/41/41
f 83/88/82 84/89/83 34/34/34
f 34/34/34 85/90/84 83/88/82
f 30/30/30 29/29/29 71/75/70
f 71/75/70 86/91/42 30/30/30
f 18/18/18 87/92/85 50/50/50
f 50/50/50 49/49/49 18/18/18
f 71/75/70 74/78/73 81/85/80
f 81/85/80 86/91/42 71/75/70
f 87/92/85 88/93/86 58/58/57
f 58/58/57 50/50/50 87/92/85
f 78/82/77 77/81/76 10/10/10
f 10/10/10 9/9/9 78/82/77
f 81/85/80 80/84/79 89/94/87
f 89/94/87 55/55/54 81/85/80
f 49/49/49 35/86/35 19/19/19
f 19/19/19 18/18/18 49/49/49
f 30/30/30 86/91/42 42/42/42
f 42/42/42 41/41/41 30/30/30
f 86/91/42 81/85/80 55/55/54
f 55/55/54 42/42/42 86/91/42
f 44/44/44 65/68/64 82/87/81
f 82/87/81 41/41/41 44/44/44
f 90/95/88 66/96/65 84/89/83
f 84/89/83 83/88/82 90/95/88
f 18/18/18 17/17/17 69/73/68
f 69/73/68 87/92/85 18/18/18
f 69/73/68 73/77/72 88/93/86
f 88/93/86 87/92/85 69/73/68
f 91/97/89 92/98/90 2/2/2
f 2/2/2 1/1/1 91/97/89
f 27/27/27 93/99/91 94/100/92
f 94/100/92 6/6/6 27/27/27
f 54/54/53 53/53/16 95/101/15
f 95/101/15 73/77/72 54/54/53
f 40/40/40 62/64/61 96/102/93
f 96/102/93 37/37/37 40/40/40
f 45/45/45 93/99/91 27/27/27
f 27/27/27 26/26/26 45/45/45
f 22/22/22 97/103/38 38/38/38
f 38/38/38 37/37/37 22/22/22
f 26/26/26 25/25/25 72/76/71
f 72/76/71 98/104/94 26/26/26
f 97/103/38 16/16/16 53/53/16
f 53/53/16 38/38/38 97/103/38
f 72/76/71 75/79/74 99/105/95
f 99/105/95 98/104/94 72/76/71
f 58/58/57 100/106/96 101/107/97
f 101/107/97 59/59/58 58/58/57
f 58/58/57 88/93/86 102/108/98
f 102/108/98 100/106/96 58/58/57
f 53/53/16 16/16/16 15/15/15
f 15/15/15 95/101/15 53/53/16
f 37/37/37 96/102/93 23/23/23
f 23/23/23 22/22/22 37/37/37
f 26/26/26 98/104/94 46/46/46
f 46/46/46 45/45/45 26/26/26
f 98/104/94 99/105/95 56/56/55
f 56/56/55 46/46/46 98/104/94
f 100/106/96 80/84/79 79/83/78
f 79/83/78 101/107/97 100/106/96
f 80/84/79 100/106/96 102/108/98
f 102/108/98 89/94/87 80/84/79
f 91/97/89 61/63/60 60/62/59
f 60/62/59 92/98/90 91/97/89
f 93/99/91 64/67/63 68/72/67
f 68/72/67 94/100/92 93/99/91
f 48/48/48 64/67/63 93/99/91
f 93/99/91 45/45/45 48/48/48
f 22/22/22 21/21/21 70/74/69
f 70/74/69 97/103/38 22/22/22
f 70/74/69 13/13/13 16/16/16
f 16/16/16 97/103/38 70/74/69
f 2/2/2 96/102/93 62/64/61
f 62/64/61 3/3/3 2/2/2
f 28/28/28 27/27/27 6/6/6
f 6/6/6 5/5/5 28/28/28
f 82/109/81 65/110/64 11/11/11
f 11/11/11 10/10/10 82/109/81
f 63/111/62 85/90/84 34/34/34
f 34/34/34 33/33/33 63/111/62
f 65/68/64 24/24/24 60/62/59
f 60/62/59 11/61/11 65/68/64
f 36/70/36 28/28/28 5/5/5
f 5/5/5 33/66/33 36/70/36
f 90/112/88 4/4/4 3/3/3
f 3/3/3 66/69/65 90/112/88
f 76/80/75 103/113/99 68/72/67
f 68/72/67 67/71/66 76/80/75
f 32/32/32 31/114/31 77/81/76
f 77/81/76 67/71/66 32/32/32
f 19/115/19 35/35/35 34/34/34
f 34/34/34 84/89/83 19/115/19
f 31/114/31 82/109/81 10/10/10
f 10/10/10 77/81/76 31/114/31
f 20/116/20 19/115/19 84/89/83
f 84/89/83 66/96/65 20/116/20
f 23/23/23 96/102/93 2/2/2
f 2/2/2 92/98/90 23/23/23
f 104/117/100 7/7/7 6/6/6
f 6/6/6 94/100/92 104/117/100
f 24/24/24 23/23/23 92/98/90
f 92/98/90 60/62/59 24/24/24
f 103/113/99 104/117/100 94/100/92
f 94/100/92 68/72/67 103/113/99
f 55/55/54 89/94/87 15/15/15
f 15/15/15 14/14/14 55/55/54
f 89/94/87 102/108/98 95/101/15
f 95/101/15 15/15/15 89/94/87
f 102/108/98 88/93/86 73/77/72
f 73/77/72 95/101/15 102/108/98
f 57/57/56 56/56/55 79/83/78
f 79/83/78 74/78/73 57/57/56
f 56/56/55 99/105/95 101/107/97
f 101/107/97 79/83/78 56/56/55
f 101/107/97 99/105/95 75/79/74
f 75/79/74 59/59/58 101/107/97
f 105/1/1 106/2/2 107/3/101
f 107/3/101 108/4/4 105/1/1
f 109/5/5 110/6/6 111/7/7
f 111/7/7 112/8/8 109/5/5
f 113/9/9 114/10/10 115/11/11
f 115/11/11 116/12/12 113/9/9
f 117/13/13 118/14/14 119/15/15
f 119/15/15 120/16/16 117/13/13
f 121/17/17 122/18/18 123/19/19
f 123/19/19 124/20/20 121/17/17
f 125/21/21 126/22/22 127/23/23
f 127/23/23 128/24/24 125/21/21
f 129/25/25 130/26/26 131/27/27
f 131/27/27 132/28/28 129/25/25
f 133/29/29 134/30/30 135/31/31
f 135/31/31 136/32/32 133/29/29
f 137/33/33 138/34/34 139/35/35
f 139/35/35 140/36/36 137/33/33
f 141/37/37 142/38/38 143/39/39
f 143/39/39 144/40/40 141/37/37
f 145/41/41 146/42/42 147/43/43
f 147/43/43 148/44/44 145/41/41
f 149/45/45 150/46/46 151/47/102
f 151/47/102 152/48/48 149/45/45
f 153/49/49 154/50/50 155/51/51
f 155/51/51 156/52/103 153/49/49
f 143/39/39 142/38/38 157/53/16
f 157/53/16 158/54/53 143/39/39
f 146/42/42 159/55/54 118/14/14
f 118/14/14 147/43/43 146/42/42
f 151/47/102 150/46/46 160/56/55
f 160/56/55 161/57/56 151/47/102
f 154/50/50 162/58/57 163/59/58
f 163/59/58 155/51/51 154/50/50
f 116/60/12 115/61/11 164/62/59
f 164/62/59 165/63/60 116/60/12
f 144/40/40 121/17/17 124/20/20
f 124/20/20 166/64/104 144/40/40
f 167/65/62 137/66/33 109/5/5
f 109/5/5 112/8/8 167/65/62
f 152/48/48 133/29/29 136/32/32
f 136/32/32 168/67/63 152/48/48
f 128/24/24 169/68/64 148/44/44
f 148/44/44 125/21/21 128/24/24
f 124/20/20 170/69/65 107/3/101
f 107/3/101 166/64/104 124/20/20
f 132/28/28 140/70/36 156/52/103
f 156/52/103 129/25/25 132/28/28
f 136/32/32 171/71/66 172/72/67
f 172/72/67 168/67/63 136/32/32
f 121/17/17 144/40/40 143/39/39
f 143/39/39 173/73/68 121/17/17
f 125/21/21 148/44/44 147/43/43
f 147/43/43 174/74/69 125/21/21
f 133/29/29 152/48/48 151/47/102
f 151/47/102 175/75/70 133/29/29
f 129/25/25 156/52/103 155/51/51
f 155/51/51 176/76/71 129/25/25
f 173/73/68 143/39/39 158/54/53
f 158/54/53 177/77/72 173/73/68
f 174/74/69 147/43/43 118/14/14
f 118/14/14 117/13/13 174/74/69
f 175/75/70 151/47/102 161/57/56
f 161/57/56 178/78/105 175/75/70
f 176/76/71 155/51/51 163/59/58
f 163/59/58 179/79/74 176/76/71
f 180/80/75 171/71/66 181/81/76
f 181/81/76 182/82/77 180/80/75
f 178/78/105 183/83/78 184/84/79
f 184/84/79 185/85/80 178/78/105
f 156/52/103 140/70/36 139/86/35
f 139/86/35 153/49/49 156/52/103
f 145/41/41 186/87/81 135/31/31
f 135/31/31 134/30/30 145/41/41
f 187/88/82 188/89/83 138/34/34
f 138/34/34 189/90/84 187/88/82
f 134/30/30 133/29/29 175/75/70
f 175/75/70 190/91/42 134/30/30
f 122/18/18 191/92/85 154/50/50
f 154/50/50 153/49/49 122/18/18
f 175/75/70 178/78/105 185/85/80
f 185/85/80 190/91/42 175/75/70
f 191/92/85 192/93/86 162/58/57
f 162/58/57 154/50/50 191/92/85
f 182/82/77 181/81/76 114/10/10
f 114/10/10 113/9/9 182/82/77
f 185/85/80 184/84/79 193/94/87
f 193/94/87 159/55/54 185/85/80
f 153/49/49 139/86/35 123/19/19
f 123/19/19 122/18/18 153/49/49
f 134/30/30 190/91/42 146/42/42
f 146/42/42 145/41/41 134/30/30
f 190/91/42 185/85/80 159/55/54
f 159/55/54 146/42/42 190/91/42
f 148/44/44 169/68/64 186/87/81
f 186/87/81 145/41/41 148/44/44
f 194/95/88 170/96/65 188/89/83
f 188/89/83 187/88/82 194/95/88
f 122/18/18 121/17/17 173/73/68
f 173/73/68 191/92/85 122/18/18
f 173/73/68 177/77/72 192/93/86
f 192/93/86 191/92/85 173/73/68
f 195/97/89 196/98/90 106/2/2
f 106/2/2 105/1/1 195/97/89
f 131/27/27 197/99/106 198/100/92
f 198/100/92 110/6/6 131/27/27
f 158/54/53 157/53/16 199/101/15
f 199/101/15 177/77/72 158/54/53
f 144/40/40 166/64/104 200/102/93
f 200/102/93 141/37/37 144/40/40
f 149/45/45 197/99/106 131/27/27
f 131/27/27 130/26/26 149/45/45
f 126/22/22 201/103/38 142/38/38
f 142/38/38 141/37/37 126/22/22
f 130/26/26 129/25/25 176/76/71
f 176/76/71 202/104/94 130/26/26
f 201/103/38 120/16/16 157/53/16
f 157/53/16 142/38/38 201/103/38
f 176/76/71 179/79/74 203/105/95
f 203/105/95 202/104/94 176/76/71
f 162/58/57 204/106/96 205/107/97
f 205/107/97 163/59/58 162/58/57
f 162/58/57 192/93/86 206/108/98
f 206/108/98 204/106/96 162/58/57
f 157/53/16 120/16/16 119/15/15
f 119/15/15 199/101/15 157/53/16
f 141/37/37 200/102/93 127/23/23
f 127/23/23 126/22/22 141/37/37
f 130/26/26 202/104/94 150/46/46
f 150/46/46 149/45/45 130/26/26
f 202/104/94 203/105/95 160/56/55
f 160/56/55 150/46/46 202/104/94
f 204/106/96 184/84/79 183/83/78
f 183/83/78 205/107/97 204/106/96
f 184/84/79 204/106/96 206/108/98
f 206/108/98 193/94/87 184/84/79
f 195/97/89 165/63/60 164/62/59
f 164/62/59 196/98/90 195/97/89
f 197/99/106 168/67/63 172/72/67
f 172/72/67 198/100/92 197/99/106
f 152/48/48 168/67/63 197/99/106
f 197/99/106 149/45/45 152/48/48
f 126/22/22 125/21/21 174/74/69
f 174/74/69 201/103/38 126/22/22
f 174/74/69 117/13/13 120/16/16
f 120/16/16 201/103/38 174/74/69
f 106/2/2 200/102/93 166/64/104
f 166/64/104 107/3/101 106/2/2
f 132/28/28 131/27/27 110/6/6
f 110/6/6 109/5/5 132/28/28
f 186/109/81 169/110/64 115/11/11
f 115/11/11 114/10/10 186/109/81
f 167/111/62 189/90/84 138/34/34
f 138/34/34 137/33/33 167/111/62
f 169/68/64 128/24/24 164/62/59
f 164/62/59 115/61/11 169/68/64
f 140/70/36 132/28/28 109/5/5
f 109/5/5 137/66/33 140/70/36
f 194/112/88 108/4/4 107/3/101
f 107/3/101 170/69/65 194/112/88
f 180/80/75 207/113/99 172/72/67
f 172/72/67 171/71/66 180/80/75
f 136/32/32 135/114/31 181/81/76
f 181/81/76 171/71/66 136/32/32
f 123/115/19 139/35/35 138/34/34
f 138/34/34 188/89/83 123/115/19
f 135/114/31 186/109/81 114/10/10
f 114/10/10 181/81/76 135/114/31
f 124/116/20 123/115/19 188/89/83
f 188/89/83 170/96/65 124/116/20
f 127/23/23 200/102/93 106/2/2
f 106/2/2 196/98/90 127/23/23
f 208/117/100 111/7/7 110/6/6
f 110/6/6 198/100/92 208/117/100
f 128/24/24 127/23/23 196/98/90
f 196/98/90 164/62/59 128/24/24
f 207/113/99 208/117/100 198/100/92
f 198/100/92 172/72/67 207/113/99
f 159/55/54 193/94/87 119/15/15
f 119/15/15 118/14/14 159/55/54
f 193/94/87 206/108/98 199/101/15
f 199/101/15 119/15/15 193/94/87
f 206/108/98 192/93/86 177/77/72
f 177/77/72 199/101/15 206/108/98
f 161/57/56 160/56/55 183/83/78
f 183/83/78 178/78/105 161/57/56
f 160/56/55 203/105/95 205/107/97
f 205/107/97 183/83/78 160/56/55
f 205/107/97 203/105/95 179/79/74
f 179/79/74 163/59/58 205/107/97
f 209/1/1 210/2/2 211/3/101
f 211/3/101 212/4/4 209/1/1
f 213/5/5 214/6/6 215/7/7
f 215/7/7 216/8/8 213/5/5
f 217/9/9 218/10/10 219/11/11
f 219/11/11 220/12/12 217/9/9
f 221/13/13 222/14/14 223/15/15
f 223/15/15 224/16/16 221/13/13
f 225/17/17 226/18/18 227/19/19
f 227/19/19 228/20/20 225/17/17
f 229/21/21 230/22/22 231/23/23
f 231/23/23 232/24/24 229/21/21
f 233/25/25 234/26/26 235/27/27
f 235/27/27 236/28/28 233/25/25
f 237/29/29 238/30/30 239/31/31
f 239/31/31 240/32/32 237/29/29
f 241/33/33 242/34/34 243/35/35
f 243/35/35 244/36/36 241/33/33
f 245/37/37 246/38/38 247/39/39
f 247/39/39 248/40/107 245/37/37
f 249/41/41 250/42/42 251/43/43
f 251/43/43 252/44/44 249/41/41
f 253/45/45 254/46/46 255/47/47
f 255/47/47 256/48/48 253/45/45
f 257/49/49 258/50/50 259/51/51
f 259/51/51 260/52/52 257/49/49
f 247/39/39 246/38/38 261/53/16
f 261/53/16 262/54/53 247/39/39
f 250/42/42 263/55/54 222/14/14
f 222/14/14 251/43/43 250/42/42
f 255/47/47 254/46/46 264/56/55
f 264/56/55 265/57/56 255/47/47
f 258/50/50 266/58/57 267/59/58
f 267/59/58 259/51/51 258/50/50
f 220/60/12 219/61/11 268/62/59
f 268/62/59 269/63/60 220/60/12
f 248/40/107 225/17/17 228/20/20
f 228/20/20 270/64/104 248/40/107
f 271/65/62 241/66/33 213/5/5
f 213/5/5 216/8/8 271/65/62
f 256/48/48 237/29/29 240/32/32
f 240/32/32 272/67/63 256/48/48
f 232/24/24 273/68/64 252/44/44
f 252/44/44 229/21/21 232/24/24
f 228/20/20 274/69/65 211/3/101
f 211/3/101 270/64/104 228/20/20
f 236/28/28 244/70/36 260/52/52
f 260/52/52 233/25/25 236/28/28
f 240/32/32 275/71/66 276/72/67
f 276/72/67 272/67/63 240/32/32
f 225/17/17 248/40/107 247/39/39
f 247/39/39 277/73/68 225/17/17
f 229/21/21 252/44/44 251/43/43
f 251/43/43 278/74/69 229/21/21
f 237/29/29 256/48/48 255/47/47
f 255/47/47 279/75/70 237/29/29
f 233/25/25 260/52/52 259/51/51
f 259/51/51 280/76/71 233/25/25
f 277/73/68 247/39/39 262/54/53
f 262/54/53 281/77/72 277/73/68
f 278/74/69 251/43/43 222/14/14
f 222/14/14 221/13/13 278/74/69
f 279/75/70 255/47/47 265/57/56
f 265/57/56 282/78/73 279/75/70
f 280/76/71 259/51/51 267/59/58
f 267/59/58 283/79/74 280/76/71
f 284/80/75 275/71/66 285/81/76
f 285/81/76 286/82/77 284/80/75
f 282/78/73 287/83/78 288/84/79
f 288/84/79 289/85/80 282/78/73
f 260/52/52 244/70/36 243/86/35
f 243/86/35 257/49/49 260/52/52
f 249/41/41 290/87/108 239/31/31
f 239/31/31 238/30/30 249/41/41
f 291/88/82 292/89/83 242/34/34
f 242/34/34 293/90/84 291/88/82
f 238/30/30 237/29/29 279/75/70
f 279/75/70 294/91/42 238/30/30
f 226/18/18 295/92/85 258/50/50
f 258/50/50 257/49/49 226/18/18
f 279/75/70 282/78/73 289/85/80
f 289/85/80 294/91/42 279/75/70
f 295/92/85 296/93/86 266/58/57
f 266/58/57 258/50/50 295/92/85
f 286/82/77 285/81/76 218/10/10
f 218/10/10 217/9/9 286/82/77
f 289/85/80 288/84/79 297/94/87
f 297/94/87 263/55/54 289/85/80
f 257/49/49 243/86/35 227/19/19
f 227/19/19 226/18/18 257/49/49
f 238/30/30 294/91/42 250/42/42
f 250/42/42 249/41/41 238/30/30
f 294/91/42 289/85/80 263/55/54
f 263/55/54 250/42/42 294/91/42
f 252/44/44 273/68/64 290/87/108
f 290/87/108 249/41/41 252/44/44
f 298/95/88 274/96/65 292/89/83
f 292/89/83 291/88/82 298/95/88
f 226/18/18 225/17/17 277/73/68
f 277/73/68 295/92/85 226/18/18
f 277/73/68 281/77/72 296/93/86
f 296/93/86 295/92/85 277/73/68
f 299/97/89 300/98/90 210/2/2
f 210/2/2 209/1/1 299/97/89
f 235/27/27 301/99/91 302/100/92
f 302/100/92 214/6/6 235/27/27
f 262/54/53 261/53/16 303/101/15
f 303/101/15 281/77/72 262/54/53
f 248/40/107 270/64/104 304/102/93
f 304/102/93 245/37/37 248/40/107
f 253/45/45 301/99/91 235/27/27
f 235/27/27 234/26/26 253/45/45
f 230/22/22 305/103/38 246/38/38
f 246/38/38 245/37/37 230/22/22
f 234/26/26 233/25/25 280/76/71
f 280/76/71 306/104/94 234/26/26
f 305/103/38 224/16/16 261/53/16
f 261/53/16 246/38/38 305/103/38
f 280/76/71 283/79/74 307/105/95
f 307/105/95 306/104/94 280/76/71
f 266/58/57 308/106/96 309/107/97
f 309/107/97 267/59/58 266/58/57
f 266/58/57 296/93/86 310/108/98
f 310/108/98 308/106/96 266/58/57
f 261/53/16 224/16/16 223/15/15
f 223/15/15 303/101/15 261/53/16
f 245/37/37 304/102/93 231/23/23
f 231/23/23 230/22/22 245/37/37
f 234/26/26 306/104/94 254/46/46
f 254/46/46 253/45/45 234/26/26
f 306/104/94 307/105/95 264/56/55
f 264/56/55 254/46/46 306/104/94
f 308/106/96 288/84/79 287/83/78
f 287/83/78 309/107/97 308/106/96
f 288/84/79 308/106/96 310/108/98
f 310/108/98 297/94/87 288/84/79
f 299/97/89 269/63/60 268/62/59
f 268/62/59 300/98/90 299/97/89
f 301/99/91 272/67/63 276/72/67
f 276/72/67 302/100/92 301/99/91
f 256/48/48 272/67/63 301/99/91
f 301/99/91 253/45/45 256/48/48
f 230/22/22 229/21/21 278/74/69
f 278/74/69 305/103/38 230/22/22
f 278/74/69 221/13/13 224/16/16
f 224/16/16 305/103/38 278/74/69
f 210/2/2 304/102/93 270/64/104
f 270/64/104 211/3/101 210/2/2
f 236/28/28 235/27/27 214/6/6
f 214/6/6 213/5/5 236/28/28
f 290/109/108 273/110/64 219/11/11
f 219/11/11 218/10/10 290/109/108
f 271/111/62 293/90/84 242/34/34
f 242/34/34 241/33/33 271/111/62
f 273/68/64 232/24/24 268/62/59
f 268/62/59 219/61/11 273/68/64
f 244/70/36 236/28/28 213/5/5
f 213/5/5 241/66/33 244/70/36
f 298/112/88 212/4/4 211/3/101
f 211/3/101 274/69/65 298/112/88
f 284/80/75 311/113/99 276/72/67
f 276/72/67 275/71/66 284/80/75
f 240/32/32 239/114/31 285/81/76
f 285/81/76 275/71/66 240/32/32
f 227/115/19 243/35/35 242/34/34
f 242/34/34 292/89/83 227/115/19
f 239/114/31 290/109/108 218/10/10
f 218/10/10 285/81/76 239/114/31
f 228/116/20 227/115/19 292/89/83
f 292/89/83 274/96/65 228/116/20
f 231/23/23 304/102/93 210/2/2
f 210/2/2 300/98/90 231/23/23
f 312/117/100 215/7/7 214/6/6
f 214/6/6 302/100/92 312/117/100
f 232/24/24 231/23/23 300/98/90
f 300/98/90 268/62/59 232/24/24
f 311/113/99 312/117/100 302/100/92
f 302/100/92 276/72/67 311/113/99
f 263/55/54 297/94/87 223/15/15
f 223/15/15 222/14/14 263/55/54
f 297/94/87 310/108/98 303/101/15
f 303/101/15 223/15/15 297/94/87
f 310/108/98 296/93/86 281/77/72
f 281/77/72 303/101/15 310/108/98
f 265/57/56 264/56/55 287/83/78
f 287/83/78 282/78/73 265/57/56
f 264/56/55 307/105/95 309/107/97
f 309/107/97 287/83/78 264/56/55
f 309/107/97 307/105/95 283/79/74
f 283/79/74 267/59/58 309/107/97
f 313/1/1 314/2/2 315/3/101
f 315/3/101 316/4/4 313/1/1
f 317/5/5 318/6/6 319/7/7
f 319/7/7 320/8/8 317/5/5
f 321/9/9 322/10/10 323/11/11
f 323/11/11 324/12/12 321/9/9
f 325/13/13 326/14/14 327/15/15
f 327/15/15 328/16/16 325/13/13
f 329/17/17 330/18/18 331/19/19
f 331/19/19 332/20/20 329/17/17
f 333/21/21 334/22/22 335/23/23
f 335/23/23 336/24/24 333/21/21
f 337/25/25 338/26/26 339/27/27
f 339/27/27 340/28/28 337/25/25
f 341/29/29 342/30/30 343/31/31
f 343/31/31 344/32/32 341/29/29
f 345/33/33 346/34/34 347/35/35
f 347/35/35 348/36/109 345/33/33
f 349/37/37 350/38/38 351/39/39
f 351/39/39 352/40/40 349/37/37
f 353/41/41 354/42/42 355/43/43
f 355/43/43 356/44/44 353/41/41
f 357/45/45 358/46/46 359/47/47
f 359/47/47 360/48/48 357/45/45
f 361/49/49 362/50/50 363/51/51
f 363/51/51 364/52/52 361/49/49
f 351/39/39 350/38/38 365/53/16
f 365/53/16 366/54/53 351/39/39
f 354/42/42 367/55/54 326/14/14
f 326/14/14 355/43/43 354/42/42
f 359/47/47 358/46/46 368/56/55
f 368/56/55 369/57/56 359/47/47
f 362/50/50 370/58/57 371/59/58
f 371/59/58 363/51/51 362/50/50
f 324/60/12 323/61/11 372/62/59
f 372/62/59 373/63/60 324/60/12
f 352/40/40 329/17/17 332/20/20
f 332/20/20 374/64/104 352/40/40
f 375/65/62 345/66/33 317/5/5
f 317/5/5 320/8/8 375/65/62
f 360/48/48 341/29/29 344/32/32
f 344/32/32 376/67/63 360/48/48
f 336/24/24 377/68/64 356/44/44
f 356/44/44 333/21/21 336/24/24
f 332/20/20 378/69/65 315/3/101
f 315/3/101 374/64/104 332/20/20
f 340/28/28 348/70/109 364/52/52
f 364/52/52 337/25/25 340/28/28
f 344/32/32 379/71/66 380/72/67
f 380/72/67 376/67/63 344/32/32
f 329/17/17 352/40/40 351/39/39
f 351/39/39 381/73/68 329/17/17
f 333/21/21 356/44/44 355/43/43
f 355/43/43 382/74/69 333/21/21
f 341/29/29 360/48/48 359/47/47
f 359/47/47 383/75/70 341/29/29
f 337/25/25 364/52/52 363/51/51
f 363/51/51 384/76/71 337/25/25
f 381/73/68 351/39/39 366/54/53
f 366/54/53 385/77/72 381/73/68
f 382/74/69 355/43/43 326/14/14
f 326/14/14 325/13/13 382/74/69
f 383/75/70 359/47/47 369/57/56
f 369/57/56 386/78/73 383/75/70
f 384/76/71 363/51/51 371/59/58
f 371/59/58 387/79/74 384/76/71
f 388/80/75 379/71/66 389/81/76
f 389/81/76 390/82/77 388/80/75
f 386/78/73 391/83/78 392/84/79
f 392/84/79 393/85/80 386/78/73
f 364/52/52 348/70/109 347/86/35
f 347/86/35 361/49/49 364/52/52
f 353/41/41 394/87/108 343/31/31
f 343/31/31 342/30/30 353/41/41
f 395/88/82 396/89/83 346/34/34
f 346/34/34 397/90/84 395/88/82
f 342/30/30 341/29/29 383/75/70
f 383/75/70 398/91/42 342/30/30
f 330/18/18 399/92/85 362/50/50
f 362/50/50 361/49/49 330/18/18
f 383/75/70 386/78/73 393/85/80
f 393/85/80 398/91/42 383/75/70
f 399/92/85 400/93/86 370/58/57
f 370/58/57 362/50/50 399/92/85
f 390/82/77 389/81/76 322/10/10
f 322/10/10 321/9/9 390/82/77
f 393/85/80 392/84/79 401/94/87
f 401/94/87 367/55/54 393/85/80
f 361/49/49 347/86/35 331/19/19
f 331/19/19 330/18/18 361/49/49
f 342/30/30 398/91/42 354/42/42
f 354/42/42 353/41/41 342/30/30
f 398/91/42 393/85/80 367/55/54
f 367/55/54 354/42/42 398/91/42
f 356/44/44 377/68/64 394/87/108
f 394/87/108 353/41/41 356/44/44
f 402/95/88 378/96/65 396/89/83
f 396/89/83 395/88/82 402/95/88
f 330/18/18 329/17/17 381/73/68
f 381/73/68 399/92/85 330/18/18
f 381/73/68 385/77/72 400/93/86
f 400/93/86 399/92/85 381/73/68
f 403/97/89 404/98/90 314/2/2
f 314/2/2 313/1/1 403/97/89
f 339/27/27 405/99/106 406/100/92
f 406/100/92 318/6/6 339/27/27
f 366/54/53 365/53/16 407/101/15
f 407/101/15 385/77/72 366/54/53
f 352/40/40 374/64/104 408/102/93
f 408/102/93 349/37/37 352/40/40
f 357/45/45 405/99/106 339/27/27
f 339/27/27 338/26/26 357/45/45
f 334/22/22 409/103/38 350/38/38
f 350/38/38 349/37/37 334/22/22
f 338/26/26 337/25/25 384/76/71
f 384/76/71 410/104/94 338/26/26
f 409/103/38 328/16/16 365/53/16
f 365/53/16 350/38/38 409/103/38
f 384/76/71 387/79/74 411/105/95
f 411/105/95 410/104/94 384/76/71
f 370/58/57 412/106/96 413/107/97
f 413/107/97 371/59/58 370/58/57
f 370/58/57 400/93/86 414/108/98
f 414/108/98 412/106/96 370/58/57
f 365/53/16 328/16/16 327/15/15
f 327/15/15 407/101/15 365/53/16
f 349/37/37 408/102/93 335/23/23
f 335/23/23 334/22/22 349/37/37
f 338/26/26 410/104/94 358/46/46
f 358/46/46 357/45/45 338/26/26
f 410/104/94 411/105/95 368/56/55
f 368/56/55 358/46/46 410/104/94
f 412/106/96 392/84/79 391/83/78
f 391/83/78 413/107/97 412/106/96
f 392/84/79 412/106/96 414/108/98
f 414/108/98 401/94/87 392/84/79
f 403/97/89 373/63/60 372/62/59
f 372/62/59 404/98/90 403/97/89
f 405/99/106 376/67/63 380/72/67
f 380/72/67 406/100/92 405/99/106
f 360/48/48 376/67/63 405/99/106
f 405/99/106 357/45/45 360/48/48
f 334/22/22 333/21/21 382/74/69
f 382/74/69 409/103/38 334/22/22
f 382/74/69 325/13/13 328/16/16
f 328/16/16 409/103/38 382/74/69
f 314/2/2 408/102/93 374/64/104
f 374/64/104 315/3/101 314/2/2
f 340/28/28 339/27/27 318/6/6
f 318/6/6 317/5/5 340/28/28
f 394/109/108 377/110/64 323/11/11
f 323/11/11 322/10/10 394/109/108
f 375/111/62 397/90/84 346/34/34
f 346/34/34 345/33/33 375/111/62
f 377/68/64 336/24/24 372/62/59
f 372/62/59 323/61/11 377/68/64
f 348/70/109 340/28/28 317/5/5
f 317/5/5 345/66/33 348/70/109
f 402/112/88 316/4/4 315/3/101
f 315/3/101 378/69/65 402/112/88
f 388/80/75 415/113/99 380/72/67
f 380/72/67 379/71/66 388/80/75
f 344/32/32 343/114/31 389/81/76
f 389/81/76 379/71/66 344/32/32
f 331/115/19 347/35/35 346/34/34
f 346/34/34 396/89/83 331/115/19
f 343/114/31 394/109/108 322/10/10
f 322/10/10 389/81/76 343/114/31
f 332/116/20 331/115/19 396/89/83
f 396/89/83 378/96/65 332/116/20
f 335/23/23 408/102/93 314/2/2
f 314/2/2 404/98/90 335/23/23
f 416/117/100 319/7/7 318/6/6
f 318/6/6 406/100/92 416/117/100
f 336/24/24 335/23/23 404/98/90
f 404/98/90 372/62/59 336/24/24
f 415/113/99 416/117/100 406/100/92
f 406/100/92 380/72/67 415/113/99
f 367/55/54 401/94/87 327/15/15
f 327/15/15 326/14/14 367/55/54
f 401/94/87 414/108/98 407/101/15
f 407/101/15 327/15/15 401/94/87
f 414/108/98 400/93/86 385/77/72
f 385/77/72 407/101/15 414/108/98
f 369/57/56 368/56/55 391/83/78
f 391/83/78 386/78/73 369/57/56
f 368/56/55 411/105/95 413/107/97
f 413/107/97 391/83/78 368/56/55
f 413/107/97 411/105/95 387/79/74
f 387/79/74 371/59/58 413/107/97
f 417/1/1 418/2/2 419/3/101
f 419/3/101 420/4/4 417/1/1
f 421/5/5 422/6/6 423/7/7
f 423/7/7 424/8/8 421/5/5
f 425/9/9 426/10/10 427/11/11
f 427/11/11 428/12/12 425/9/9
f 429/13/13 430/14/14 431/15/15
f 431/15/15 432/16/16 429/13/13
f 433/17/17 434/18/18 435/19/19
f 435/19/19 436/20/20 433/17/17
f 437/21/21 438/22/22 439/23/23
f 439/23/23 440/24/24 437/21/21
f 441/25/25 442/26/26 443/27/27
f 443/27/27 444/28/28 441/25/25
f 445/29/29 446/30/30 447/31/31
f 447/31/31 448/32/32 445/29/29
f 449/33/33 450/34/34 451/35/35
f 451/35/35 452/36/109 449/33/33
f 453/37/37 454/38/38 455/39/39
f 455/39/39 456/40/107 453/37/37
f 457/41/41 458/42/42 459/43/43
f 459/43/43 460/44/44 457/41/41
f 461/45/45 462/46/46 463/47/47
f 463/47/47 464/48/48 461/45/45
f 465/49/49 466/50/50 467/51/51
f 467/51/51 468/52/103 465/49/49
f 455/39/39 454/38/38 469/53/16
f 469/53/16 470/54/53 455/39/39
f 458/42/42 471/55/54 430/14/14
f 430/14/14 459/43/43 458/42/42
f 463/47/47 462/46/46 472/56/55
f 472/56/55 473/57/56 463/47/47
f 466/50/50 474/58/57 475/59/58
f 475/59/58 467/51/51 466/50/50
f 428/60/12 427/61/11 476/62/59
f 476/62/59 477/63/60 428/60/12
f 456/40/107 433/17/17 436/20/20
f 436/20/20 478/64/104 456/40/107
f 479/65/62 449/66/33 421/5/5
f 421/5/5 424/8/8 479/65/62
f 464/48/48 445/29/29 448/32/32
f 448/32/32 480/67/63 464/48/48
f 440/24/24 481/68/64 460/44/44
f 460/44/44 437/21/21 440/24/24
f 436/20/20 482/69/65 419/3/101
f 419/3/101 478/64/104 436/20/20
f 444/28/28 452/70/109 468/52/103
f 468/52/103 441/25/25 444/28/28
f 448/32/32 483/71/66 484/72/67
f 484/72/67 480/67/63 448/32/32
f 433/17/17 456/40/107 455/39/39
f 455/39/39 485/73/68 433/17/17
f 437/21/21 460/44/44 459/43/43
f 459/43/43 486/74/69 437/21/21
f 445/29/29 464/48/48 463/47/47
f 463/47/47 487/75/70 445/29/29
f 441/25/25 468/52/103 467/51/51
f 467/51/51 488/76/71 441/25/25
f 485/73/68 455/39/39 470/54/53
f 470/54/53 489/77/72 485/73/68
f 486/74/69 459/43/43 430/14/14
f 430/14/14 429/13/13 486/74/69
f 487/75/70 463/47/47 473/57/56
f 473/57/56 490/78/73 487/75/70
f 488/76/71 467/51/51 475/59/58
f 475/59/58 491/79/74 488/76/71
f 492/80/110 483/71/66 493/81/76
f 493/81/76 494/82/77 492/80/110
f 490/78/73 495/83/78 496/84/79
f 496/84/79 497/85/80 490/78/73
f 468/52/103 452/70/109 451/86/35
f 451/86/35 465/49/49 468/52/103
f 457/41/41 498/87/108 447/31/31
f 447/31/31 446/30/30 457/41/41
f 499/88/82 500/89/83 450/34/34
f 450/34/34 501/90/84 499/88/82
f 446/30/30 445/29/29 487/75/70
f 487/75/70 502/91/42 446/30/30
f 434/18/18 503/92/85 466/50/50
f 466/50/50 465/49/49 434/18/18
f 487/75/70 490/78/73 497/85/80
f 497/85/80 502/91/42 487/75/70
f 503/92/85 504/93/86 474/58/57
f 474/58/57 466/50/50 503/92/85
f 494/82/77 493/81/76 426/10/10
f 426/10/10 425/9/9 494/82/77
f 497/85/80 496/84/79 505/94/87
f 505/94/87 471/55/54 497/85/80
f 465/49/49 451/86/35 435/19/19
f 435/19/19 434/18/18 465/49/49
f 446/30/30 502/91/42 458/42/42
f 458/42/42 457/41/41 446/30/30
f 502/91/42 497/85/80 471/55/54
f 471/55/54 458/42/42 502/91/42
f 460/44/44 481/68/64 498/87/108
f 498/87/108 457/41/41 460/44/44
f 506/95/88 482/96/65 500/89/83
f 500/89/83 499/88/82 506/95/88
f 434/18/18 433/17/17 485/73/68
f 485/73/68 503/92/85 434/18/18
f 485/73/68 489/77/72 504/93/86
f 504/93/86 503/92/85 485/73/68
f 507/97/89 508/98/90 418/2/2
f 418/2/2 417/1/1 507/97/89
f 443/27/27 509/99/106 510/100/92
f 510/100/92 422/6/6 443/27/27
f 470/54/53 469/53/16 511/101/15
f 511/101/15 489/77/72 470/54/53
f 456/40/107 478/64/104 512/102/93
f 512/102/93 453/37/37 456/40/107
f 461/45/45 509/99/106 443/27/27
f 443/27/27 442/26/26 461/45/45
f 438/22/22 513/103/38 454/38/38
f 454/38/38 453/37/37 438/22/22
f 442/26/26 441/25/25 488/76/71
f 488/76/71 514/104/94 442/26/26
f 513/103/38 432/16/16 469/53/16
f 469/53/16 454/38/38 513/103/38
f 488/76/71 491/79/74 515/105/95
f 515/105/95 514/104/94 488/76/71
f 474/58/57 516/106/96 517/107/97
f 517/107/97 475/59/58 474/58/57
f 474/58/57 504/93/86 518/108/98
f 518/108/98 516/106/96 474/58/57
f 469/53/16 432/16/16 431/15/15
f 431/15/15 511/101/15 469/53/16
f 453/37/37 512/102/93 439/23/23
f 439/23/23 438/22/22 453/37/37
f 442/26/26 514/104/94 462/46/46
f 462/46/46 461/45/45 442/26/26
f 514/104/94 515/105/95 472/56/55
f 472/56/55 462/46/46 514/104/94
f 516/106/96 496/84/79 495/83/78
f 495/83/78 517/107/97 516/106/96
f 496/84/79 516/106/96 518/108/98
f 518/108/98 505/94/87 496/84/79
f 507/97/89 477/63/60 476/62/59
f 476/62/59 508/98/90 507/97/89
f 509/99/106 480/67/63 484/72/67
f 484/72/67 510/100/92 509/99/106
f 464/48/48 480/67/63 509/99/106
f 509/99/106 461/45/45 464/48/48
f 438/22/22 437/21/21 486/74/69
f 486/74/69 513/103/38 438/22/22
f 486/74/69 429/13/13 432/16/16
f 432/16/16 513/103/38 486/74/69
f 418/2/2 512/102/93 478/64/104
f 478/64/104 419/3/101 418/2/2
f 444/28/28 443/27/27 422/6/6
f 422/6/6 421/5/5 444/28/28
f 498/109/108 481/110/64 427/11/11
f 427/11/11 426/10/10 498/109/108
f 479/111/62 501/90/84 450/34/34
f 450/34/34 449/33/33 479/111/62
f 481/68/64 440/24/24 476/62/59
f 476/62/59 427/61/11 481/68/64
f 452/70/109 444/28/28 421/5/5
f 421/5/5 449/66/33 452/70/109
f 506/112/88 420/4/4 419/3/101
f 419/3/101 482/69/65 506/112/88
f 492/80/110 519/113/99 484/72/67
f 484/72/67 483/71/66 492/80/110
f 448/32/32 447/114/31 493/81/76
f 493/81/76 483/71/66 448/32/32
f 435/115/19 451/35/35 450/34/34
f 450/34/34 500/89/83 435/115/19
f 447/114/31 498/109/108 426/10/10
f 426/10/10 493/81/76 447/114/31
f 436/116/20 435/115/19 500/89/83
f 500/89/83 482/96/65 436/116/20
f 439/23/23 512/102/93 418/2/2
f 418/2/2 508/98/90 439/23/23
f 520/117/100 423/7/7 422/6/6
f 422/6/6 510/100/92 520/117/100
f 440/24/24 439/23/23 508/98/90
f 508/98/90 476/62/59 440/24/24
f 519/113/99 520/117/100 510/100/92
f 510/100/92 484/72/67 519/113/99
f 471/55/54 505/94/87 431/15/15
f 431/15/15 430/14/14 471/55/54
f 505/94/87 518/108/98 511/101/15
f 511/101/15 431/15/15 505/94/87
f 518/108/98 504/93/86 489/77/72
f 489/77/72 511/101/15 518/108/98
f 473/57/56 472/56/55 495/83/78
f 495/83/78 490/78/73 473/57/56
f 472/56/55 515/105/95 517/107/97
f 517/107/97 495/83/78 472/56/55
f 517/107/97 515/105/95 491/79/74
f 491/79/74 475/59/58 517/107/97
f 521/1/111 522/2/112 523/3/113
f 523/3/113 524/4/114 521/1/111
f 525/5/115 526/6/116 527/7/117
f 527/7/117 528/8/118 525/5/115
f 529/9/119 530/10/120 531/11/121
f 531/11/121 532/12/122 529/9/119
f 533/13/123 534/14/124 535/15/15
f 535/15/15 536/16/125 533/13/123
f 537/17/126 538/18/127 539/19/128
f 539/19/128 540/20/129 537/17/126
f 541/21/130 542/22/131 543/23/132
f 543/23/132 544/24/133 541/21/130
f 545/25/134 546/26/135 547/27/136
f 547/27/136 548/28/137 545/25/134
f 549/29/138 550/30/139 551/31/140
f 551/31/140 552/32/141 549/29/138
f 553/33/142 554/34/143 555/35/144
f 555/35/144 556/36/145 553/33/142
f 557/37/146 558/38/147 559/39/148
f 559/39/148 560/40/149 557/37/146
f 561/41/150 562/42/151 563/43/152
f 563/43/152 564/44/153 561/41/150
f 565/45/154 566/46/155 567/47/156
f 567/47/156 568/48/157 565/45/154
f 569/49/158 570/50/159 571/51/160
f 571/51/160 572/52/161 569/49/158
f 559/39/148 558/38/147 573/53/125
f 573/53/125 574/54/162 559/39/148
f 562/42/151 575/55/163 534/14/124
f 534/14/124 563/43/152 562/42/151
f 567/47/156 566/46/155 576/56/164
f 576/56/164 577/57/165 567/47/156
f 570/50/159 578/58/166 579/59/167
f 579/59/167 571/51/160 570/50/159
f 532/60/122 531/61/121 580/62/168
f 580/62/168 581/63/169 532/60/122
f 560/40/149 537/17/126 540/20/129
f 540/20/129 582/64/170 560/40/149
f 583/65/171 553/66/142 525/5/115
f 525/5/115 528/8/118 583/65/171
f 568/48/157 549/29/138 552/32/141
f 552/32/141 584/67/172 568/48/157
f 544/24/133 585/68/173 564/44/153
f 564/44/153 541/21/130 544/24/133
f 540/20/129 586/69/174 523/3/113
f 523/3/113 582/64/170 540/20/129
f 548/28/137 556/70/145 572/52/161
f 572/52/161 545/25/134 548/28/137
f 552/32/141 587/71/175 588/72/176
f 588/72/176 584/67/172 552/32/141
f 537/17/126 560/40/149 559/39/148
f 559/39/148 589/73/177 537/17/126
f 541/21/130 564/44/153 563/43/152
f 563/43/152 590/74/178 541/21/130
f 549/29/138 568/48/157 567/47/156
f 567/47/156 591/75/179 549/29/138
f 545/25/134 572/52/161 571/51/160
f 571/51/160 592/76/180 545/25/134
f 589/73/177 559/39/148 574/54/162
f 574/54/162 593/77/181 589/73/177
f 590/74/178 563/43/152 534/14/124
f 534/14/124 533/13/123 590/74/178
f 591/75/179 567/47/156 577/57/165
f 577/57/165 594/78/182 591/75/179
f 592/76/180 571/51/160 579/59/167
f 579/59/167 595/79/183 592/76/180
f 596/80/184 587/71/175 597/81/185
f 597/81/185 598/82/186 596/80/184
f 594/78/182 599/83/187 600/84/188
f 600/84/188 601/85/189 594/78/182
f 572/52/161 556/70/145 555/86/144
f 555/86/144 569/49/158 572/52/161
f 561/41/150 602/87/190 551/31/140
f 551/31/140 550/30/139 561/41/150
f 603/88/191 604/89/192 554/34/143
f 554/34/143 605/90/193 603/88/191
f 550/30/139 549/29/138 591/75/179
f 591/75/179 606/91/151 550/30/139
f 538/18/127 607/92/194 570/50/159
f 570/50/159 569/49/158 538/18/127
f 591/75/179 594/78/182 601/85/189
f 601/85/189 606/91/151 591/75/179
f 607/92/194 608/93/195 578/58/166
f 578/58/166 570/50/159 607/92/194
f 598/82/186 597/81/185 530/10/120
f 530/10/120 529/9/119 598/82/186
f 601/85/189 600/84/188 609/94/196
f 609/94/196 575/55/163 601/85/189
f 569/49/158 555/86/144 539/19/128
f 539/19/128 538/18/127 569/49/158
f 550/30/139 606/91/151 562/42/151
f 562/42/151 561/41/150 550/30/139
f 606/91/151 601/85/189 575/55/163
f 575/55/163 562/42/151 606/91/151
f 564/44/153 585/68/173 602/87/190
f 602/87/190 561/41/150 564/44/153
f 610/95/197 586/96/174 604/89/192
f 604/89/192 603/88/191 610/95/197
f 538/18/127 537/17/126 589/73/177
f 589/73/177 607/92/194 538/18/127
f 589/73/177 593/77/181 608/93/195
f 608/93/195 607/92/194 589/73/177
f 611/97/198 612/98/199 522/2/112
f 522/2/112 521/1/111 611/97/198
f 547/27/136 613/99/200 614/100/201
f 614/100/201 526/6/116 547/27/136
f 574/54/162 573/53/125 615/101/15
f 615/101/15 593/77/181 574/54/162
f 560/40/149 582/64/170 616/102/202
f 616/102/202 557/37/146 560/40/149
f 565/45/154 613/99/200 547/27/136
f 547/27/136 546/26/135 565/45/154
f 542/22/131 617/103/147 558/38/147
f 558/38/147 557/37/146 542/22/131
f 546/26/135 545/25/134 592/76/180
f 592/76/180 618/104/203 546/26/135
f 617/103/147 536/16/125 573/53/125
f 573/53/125 558/38/147 617/103/147
f 592/76/180 595/79/183 619/105/204
f 619/105/204 618/104/203 592/76/180
f 578/58/166 620/106/205 621/107/206
f 621/107/206 579/59/167 578/58/166
f 578/58/166 608/93/195 622/108/207
f 622/108/207 620/106/205 578/58/166
f 573/53/125 536/16/125 535/15/15
f 535/15/15 615/101/15 573/53/125
f 557/37/146 616/102/202 543/23/132
f 543/23/132 542/22/131 557/37/146
f 546/26/135 618/104/203 566/46/155
f 566/46/155 565/45/154 546/26/135
f 618/104/203 619/105/204 576/56/164
f 576/56/164 566/46/155 618/104/203
f 620/106/205 600/84/188 599/83/187
f 599/83/187 621/107/206 620/106/205
f 600/84/188 620/106/205 622/108/207
f 622/108/207 609/94/196 600/84/188
f 611/97/198 581/63/169 580/62/168
f 580/62/168 612/98/199 611/97/198
f 613/99/200 584/67/172 588/72/176
f 588/72/176 614/100/201 613/99/200
f 568/48/157 584/67/172 613/99/200
f 613/99/200 565/45/154 568/48/157
f 542/22/131 541/21/130 590/74/178
f 590/74/178 617/103/147 542/22/131
f 590/74/178 533/13/123 536/16/125
f 536/16/125 617/103/147 590/74/178
f 522/2/112 616/102/202 582/64/170
f 582/64/170 523/3/113 522/2/112
f 548/28/137 547/27/136 526/6/116
f 526/6/116 525/5/115 548/28/137
f 602/109/190 585/110/173 531/11/121
f 531/11/121 530/10/120 602/109/190
f 583/111/171 605/90/193 554/34/143
f 554/34/143 553/33/142 583/111/171
f 585/68/173 544/24/133 580/62/168
f 580/62/168 531/61/121 585/68/173
f 556/70/145 548/28/137 525/5/115
f 525/5/115 553/66/142 556/70/145
f 610/112/197 524/4/114 523/3/113
f 523/3/113 586/69/174 610/112/197
f 596/80/184 623/113/208 588/72/176
f 588/72/176 587/71/175 596/80/184
f 552/32/141 551/114/140 597/81/185
f 597/81/185 587/71/175 552/32/141
f 539/115/128 555/35/144 554/34/143
f 554/34/143 604/89/192 539/115/128
f 551/114/140 602/109/190 530/10/120
f 530/10/120 597/81/185 551/114/140
f 540/116/129 539/115/128 604/89/192
f 604/89/192 586/96/174 540/116/129
f 543/23/132 616/102/202 522/2/112
f 522/2/112 612/98/199 543/23/132
f 624/117/209 527/7/117 526/6/116
f 526/6/116 614/100/201 624/117/209
f 544/24/133 543/23/132 612/98/199
f 612/98/199 580/62/168 544/24/133
f 623/113/208 624/117/209 614/100/201
f 614/100/201 588/72/176 623/113/208
f 575/55/163 609/94/196 535/15/15
f 535/15/15 534/14/124 575/55/163
f 609/94/196 622/108/207 615/101/15
f 615/101/15 535/15/15 609/94/196
f 622/108/207 608/93/195 593/77/181
f 593/77/181 615/101/15 622/108/207
f 577/57/165 576/56/164 599/83/187
f 599/83/187 594/78/182 577/57/165
f 576/56/164 619/105/204 621/107/206
f 621/107/206 599/83/187 576/56/164
f 621/107/206 619/105/204 595/79/183
f 595/79/183 579/59/167 621/107/206
f 625/1/210 626/2/211 627/3/212
f 627/3/212 628/4/213 625/1/210
f 629/5/214 630/6/215 631/7/216
f 631/7/216 632/8/217 629/5/214
f 633/9/218 634/10/219 635/11/220
f 635/11/220 636/12/221 633/9/218
f 637/13/222 638/14/223 639/15/224
f 639/15/224 640/16/225 637/13/222
f 641/17/226 642/18/227 643/19/228
f 643/19/228 644/20/229 641/17/226
f 645/21/230 646/22/231 647/23/232
f 647/23/232 648/24/233 645/21/230
f 649/25/234 650/26/235 651/27/236
f 651/27/236 652/28/237 649/25/234
f 653/29/238 654/30/239 655/31/240
f 655/31/240 656/32/241 653/29/238
f 657/33/242 658/34/243 659/35/244
f 659/35/244 660/36/245 657/33/242
f 661/37/246 662/38/247 663/39/248
f 663/39/248 664/40/249 661/37/246
f 665/41/250 666/42/251 667/43/252
f 667/43/252 668/44/253 665/41/250
f 669/45/254 670/46/255 671/47/256
f 671/47/256 672/48/257 669/45/254
f 673/49/258 674/50/259 675/51/260
f 675/51/260 676/52/261 673/49/258
f 663/39/248 662/38/247 677/53/225
f 677/53/225 678/54/262 663/39/248
f 666/42/251 679/55/263 638/14/223
f 638/14/223 667/43/252 666/42/251
f 671/47/256 670/46/255 680/56/264
f 680/56/264 681/57/265 671/47/256
f 674/50/259 682/58/266 683/59/267
f 683/59/267 675/51/260 674/50/259
f 636/60/221 635/61/220 684/62/268
f 684/62/268 685/63/269 636/60/221
f 664/40/249 641/17/226 644/20/229
f 644/20/229 686/64/270 664/40/249
f 687/65/271 657/66/242 629/5/214
f 629/5/214 632/8/217 687/65/271
f 672/48/257 653/29/238 656/32/241
f 656/32/241 688/67/272 672/48/257
f 648/24/233 689/68/273 668/44/253
f 668/44/253 645/21/230 648/24/233
f 644/20/229 690/69/274 627/3/212
f 627/3/212 686/64/270 644/20/229
f 652/28/237 660/70/245 676/52/261
f 676/52/261 649/25/234 652/28/237
f 656/32/241 691/71/275 692/72/276
f 692/72/276 688/67/272 656/32/241
f 641/17/226 664/40/249 663/39/248
f 663/39/248 693/73/277 641/17/226
f 645/21/230 668/44/253 667/43/252
f 667/43/252 694/74/278 645/21/230
f 653/29/238 672/48/257 671/47/256
f 671/47/256 695/75/279 653/29/238
f 649/25/234 676/52/261 675/51/260
f 675/51/260 696/76/280 649/25/234
f 693/73/277 663/39/248 678/54/262
f 678/54/262 697/77/281 693/73/277
f 694/74/278 667/43/252 638/14/223
f 638/14/223 637/13/222 694/74/278
f 695/75/279 671/47/256 681/57/265
f 681/57/265 698/78/282 695/75/279
f 696/76/280 675/51/260 683/59/267
f 683/59/267 699/79/283 696/76/280
f 700/80/284 691/71/275 701/81/285
f 701/81/285 702/82/286 700/80/284
f 698/78/282 703/83/287 704/84/288
f 704/84/288 705/85/289 698/78/282
f 676/52/261 660/70/245 659/86/244
f 659/86/244 673/49/258 676/52/261
f 665/41/250 706/87/290 655/31/240
f 655/31/240 654/30/239 665/41/250
f 707/88/291 708/89/292 658/34/243
f 658/34/243 709/90/293 707/88/291
f 654/30/239 653/29/238 695/75/279
f 695/75/279 710/91/251 654/30/239
f 642/18/227 711/92/294 674/50/259
f 674/50/259 673/49/258 642/18/227
f 695/75/279 698/78/282 705/85/289
f 705/85/289 710/91/251 695/75/279
f 711/92/294 712/93/295 682/58/266
f 682/58/266 674/50/259 711/92/294
f 702/82/286 701/81/285 634/10/219
f 634/10/219 633/9/218 702/82/286
f 705/85/289 704/84/288 713/94/296
f 713/94/296 679/55/263 705/85/289
f 673/49/258 659/86/244 643/19/228
f 643/19/228 642/18/227 673/49/258
f 654/30/239 710/91/251 666/42/251
f 666/42/251 665/41/250 654/30/239
f 710/91/251 705/85/289 679/55/263
f 679/55/263 666/42/251 710/91/251
f 668/44/253 689/68/273 706/87/290
f 706/87/290 665/41/250 668/44/253
f 714/95/297 690/96/274 708/89/292
f 708/89/292 707/88/291 714/95/297
f 642/18/227 641/17/226 693/73/277
f 693/73/277 711/92/294 642/18/227
f 693/73/277 697/77/281 712/93/295
f 712/93/295 711/92/294 693/73/277
f 715/97/298 716/98/299 626/2/211
f 626/2/211 625/1/210 715/97/298
f 651/27/236 717/99/300 718/100/301
f 718/100/301 630/6/215 651/27/236
f 678/54/262 677/53/225 719/101/224
f 719/101/224 697/77/281 678/54/262
f 664/40/249 686/64/270 720/102/302
f 720/102/302 661/37/246 664/40/249
f 669/45/254 717/99/300 651/27/236
f 651/27/236 650/26/235 669/45/254
f 646/22/231 721/103/247 662/38/247
f 662/38/247 661/37/246 646/22/231
f 650/26/235 649/25/234 696/76/280
f 696/76/280 722/104/303 650/26/235
f 721/103/247 640/16/225 677/53/225
f 677/53/225 662/38/247 721/103/247
f 696/76/280 699/79/283 723/105/304
f 723/105/304 722/104/303 696/76/280
f 682/58/266 724/106/305 725/107/306
f 725/107/306 683/59/267 682/58/266
f 682/58/266 712/93/295 726/108/307
f 726/108/307 724/106/305 682/58/266
f 677/53/225 640/16/225 639/15/224
f 639/15/224 719/101/224 677/53/225
f 661/37/246 720/102/302 647/23/232
f 647/23/232 646/22/231 661/37/246
f 650/26/235 722/104/303 670/46/255
f 670/46/255 669/45/254 650/26/235
f 722/104/303 723/105/304 680/56/264
f 680/56/264 670/46/255 722/104/303
f 724/106/305 704/84/288 703/83/287
f 703/83/287 725/107/306 724/106/305
f 704/84/288 724/106/305 726/108/307
f 726/108/307 713/94/296 704/84/288
f 715/97/298 685/63/269 684/62/268
f 684/62/268 716/98/299 715/97/298
f 717/99/300 688/67/272 692/72/276
f 692/72/276 718/100/301 717/99/300
f 672/48/257 688/67/272 717/99/300
f 717/99/300 669/45/254 672/48/257
f 646/22/231 645/21/230 694/74/278
f 694/74/278 721/103/247 646/22/231
f 694/74/278 637/13/222 640/16/225
f 640/16/225 721/103/247 694/74/278
f 626/2/211 720/102/302 686/64/270
f 686/64/270 627/3/212 626/2/211
f 652/28/237 651/27/236 630/6/215
f 630/6/215 629/5/214 652/28/237
f 706/109/290 689/110/273 635/11/220
f 635/11/220 634/10/219 706/109/290
f 687/111/271 709/90/293 658/34/243
f 658/34/243 657/33/242 687/111/271
f 689/68/273 648/24/233 684/62/268
f 684/62/268 635/61/220 689/68/273
f 660/70/245 652/28/237 629/5/214
f 629/5/214 657/66/242 660/70/245
f 714/112/297 628/4/213 627/3/212
f 627/3/212 690/69/274 714/112/297
f 700/80/284 727/113/308 692/72/276
f 692/72/276 691/71/275 700/80/284
f 656/32/241 655/114/240 701/81/285
f 701/81/285 691/71/275 656/32/241
f 643/115/228 659/35/244 658/34/243
f 658/34/243 708/89/292 643/115/228
f 655/114/240 706/109/290 634/10/219
f 634/10/219 701/81/285 655/114/240
f 644/116/229 643/115/228 708/89/292
f 708/89/292 690/96/274 644/116/229
f 647/23/232 720/102/302 626/2/211
f 626/2/211 716/98/299 647/23/232
f 728/117/309 631/7/216 630/6/215
f 630/6/215 718/100/301 728/117/309
f 648/24/233 647/23/232 716/98/299
f 716/98/299 684/62/268 648/24/233
f 727/113/308 728/117/309 718/100/301
f 718/100/301 692/72/276 727/113/308
f 679/55/263 713/94/296 639/15/224
f 639/15/224 638/14/223 679/55/263
f 713/94/296 726/108/307 719/101/224
f 719/101/224 639/15/224 713/94/296
f 726/108/307 712/93/295 697/77/281
f 697/77/281 719/101/224 726/108/307
f 681/57/265 680/56/264 703/83/287
f 703/83/287 698/78/282 681/57/265
f 680/56/264 723/105/304 725/107/306
f 725/107/306 703/83/287 680/56/264
f 725/107/306 723/105/304 699/79/283
f 699/79/283 683/59/267 725/107/306
f 729/1/111 730/2/112 731/3/113
f 731/3/113 732/4/114 729/1/111
f 733/5/115 734/6/116 735/7/117
f 735/7/117 736/8/118 733/5/115
f 737/9/119 738/10/120 739/11/121
f 739/11/121 740/12/122 737/9/119
f 741/13/123 742/14/124 743/15/15
f 743/15/15 744/16/125 741/13/123
f 745/17/126 746/18/127 747/19/128
f 747/19/128 748/20/129 745/17/126
f 749/21/130 750/22/131 751/23/132
f 751/23/132 752/24/133 749/21/130
f 753/25/310 754/26/135 755/27/136
f 755/27/136 756/28/137 753/25/310
f 757/29/138 758/30/139 759/31/140
f 759/31/140 760/32/141 757/29/138
f 761/33/142 762/34/143 763/35/144
f 763/35/144 764/36/311 761/33/142
f 765/37/146 766/38/147 767/39/148
f 767/39/148 768/40/149 765/37/146
f 769/41/150 770/42/151 771/43/152
f 771/43/152 772/44/153 769/41/150
f 773/45/154 774/46/155 775/47/156
f 775/47/156 776/48/157 773/45/154
f 777/49/158 778/50/159 779/51/160
f 779/51/160 780/52/161 777/49/158
f 767/39/148 766/38/147 781/53/125
f 781/53/125 782/54/162 767/39/148
f 770/42/151 783/55/163 742/14/124
f 742/14/124 771/43/152 770/42/151
f 775/47/156 774/46/155 784/56/164
f 784/56/164 785/57/165 775/47/156
f 778/50/159 786/58/166 787/59/167
f 787/59/167 779/51/160 778/50/159
f 740/60/122 739/61/121 788/62/168
f 788/62/168 789/63/169 740/60/122
f 768/40/149 745/17/126 748/20/129
f 748/20/129 790/64/312 768/40/149
f 791/65/171 761/66/142 733/5/115
f 733/5/115 736/8/118 791/65/171
f 776/48/157 757/29/138 760/32/141
f 760/32/141 792/67/172 776/48/157
f 752/24/133 793/68/173 772/44/153
f 772/44/153 749/21/130 752/24/133
f 748/20/129 794/69/174 731/3/113
f 731/3/113 790/64/312 748/20/129
f 756/28/137 764/70/311 780/52/161
f 780/52/161 753/25/310 756/28/137
f 760/32/141 795/71/175 796/72/176
f 796/72/176 792/67/172 760/32/141
f 745/17/126 768/40/149 767/39/148
f 767/39/148 797/73/313 745/17/126
f 749/21/130 772/44/153 771/43/152
f 771/43/152 798/74/314 749/21/130
f 757/29/138 776/48/157 775/47/156
f 775/47/156 799/75/179 757/29/138
f 753/25/310 780/52/161 779/51/160
f 779/51/160 800/76/180 753/25/310
f 797/73/313 767/39/148 782/54/162
f 782/54/162 801/77/181 797/73/313
f 798/74/314 771/43/152 742/14/124
f 742/14/124 741/13/123 798/74/314
f 799/75/179 775/47/156 785/57/165
f 785/57/165 802/78/315 799/75/179
f 800/76/180 779/51/160 787/59/167
f 787/59/167 803/79/183 800/76/180
f 804/80/184 795/71/175 805/81/185
f 805/81/185 806/82/186 804/80/184
f 802/78/315 807/83/187 808/84/188
f 808/84/188 809/85/189 802/78/315
f 780/52/161 764/70/311 763/86/144
f 763/86/144 777/49/158 780/52/161
f 769/41/150 810/87/190 759/31/140
f 759/31/140 758/30/139 769/41/150
f 811/88/191 812/89/192 762/34/143
f 762/34/143 813/90/193 811/88/191
f 758/30/139 757/29/138 799/75/179
f 799/75/179 814/91/151 758/30/139
f 746/18/127 815/92/194 778/50/159
f 778/50/159 777/49/158 746/18/127
f 799/75/179 802/78/315 809/85/189
f 809/85/189 814/91/151 799/75/179
f 815/92/194 816/93/195 786/58/166
f 786/58/166 778/50/159 815/92/194
f 806/82/186 805/81/185 738/10/120
f 738/10/120 737/9/119 806/82/186
f 809/85/189 808/84/188 817/94/196
f 817/94/196 783/55/163 809/85/189
f 777/49/158 763/86/144 747/19/128
f 747/19/128 746/18/127 777/49/158
f 758/30/139 814/91/151 770/42/151
f 770/42/151 769/41/150 758/30/139
f 814/91/151 809/85/189 783/55/163
f 783/55/163 770/42/151 814/91/151
f 772/44/153 793/68/173 810/87/190
f 810/87/190 769/41/150 772/44/153
f 818/95/197 794/96/174 812/89/192
f 812/89/192 811/88/191 818/95/197
f 746/18/127 745/17/126 797/73/313
f 797/73/313 815/92/194 746/18/127
f 797/73/313 801/77/181 816/93/195
f 816/93/195 815/92/194 797/73/313
f 819/97/198 820/98/199 730/2/112
f 730/2/112 729/1/111 819/97/198
f 755/27/136 821/99/200 822/100/201
f 822/100/201 734/6/116 755/27/136
f 782/54/162 781/53/125 823/101/15
f 823/101/15 801/77/181 782/54/162
f 768/40/149 790/64/312 824/102/202
f 824/102/202 765/37/146 768/40/149
f 773/45/154 821/99/200 755/27/136
f 755/27/136 754/26/135 773/45/154
f 750/22/131 825/103/147 766/38/147
f 766/38/147 765/37/146 750/22/131
f 754/26/135 753/25/310 800/76/180
f 800/76/180 826/104/203 754/26/135
f 825/103/147 744/16/125 781/53/125
f 781/53/125 766/38/147 825/103/147
f 800/76/180 803/79/183 827/105/204
f 827/105/204 826/104/203 800/76/180
f 786/58/166 828/106/205 829/107/206
f 829/107/206 787/59/167 786/58/166
f 786/58/166 816/93/195 830/108/207
f 830/108/207 828/106/205 786/58/166
f 781/53/125 744/16/125 743/15/15
f 743/15/15 823/101/15 781/53/125
f 765/37/146 824/102/202 751/23/132
f 751/23/132 750/22/131 765/37/146
f 754/26/135 826/104/203 774/46/155
f 774/46/155 773/45/154 754/26/135
f 826/104/203 827/105/204 784/56/164
f 784/56/164 774/46/155 826/104/203
f 828/106/205 808/84/188 807/83/187
f 807/83/187 829/107/206 828/106/205
f 808/84/188 828/106/205 830/108/207
f 830/108/207 817/94/196 808/84/188
f 819/97/198 789/63/169 788/62/168
f 788/62/168 820/98/199 819/97/198
f 821/99/200 792/67/172 796/72/176
f 796/72/176 822/100/201 821/99/200
f 776/48/157 792/67/172 821/99/200
f 821/99/200 773/45/154 776/48/157
f 750/22/131 749/21/130 798/74/314
f 798/74/314 825/103/147 750/22/131
f 798/74/314 741/13/123 744/16/125
f 744/16/125 825/103/147 798/74/314
f 730/2/112 824/102/202 790/64/312
f 790/64/312 731/3/113 730/2/112
f 756/28/137 755/27/136 734/6/116
f 734/6/116 733/5/115 756/28/137
f 810/109/190 793/110/173 739/11/121
f 739/11/121 738/10/120 810/109/190
f 791/111/171 813/90/193 762/34/143
f 762/34/143 761/33/142 791/111/171
f 793/68/173 752/24/133 788/62/168
f 788/62/168 739/61/121 793/68/173
f 764/70/311 756/28/137 733/5/115
f 733/5/115 761/66/142 764/70/311
f 818/112/197 732/4/114 731/3/113
f 731/3/113 794/69/174 818/112/197
f 804/80/184 831/113/208 796/72/176
f 796/72/176 795/71/175 804/80/184
f 760/32/141 759/114/140 805/81/185
f 805/81/185 795/71/175 760/32/141
f 747/115/128 763/35/144 762/34/143
f 762/34/143 812/89/192 747/115/128
f 759/114/140 810/109/190 738/10/120
f 738/10/120 805/81/185 759/114/140
f 748/116/129 747/115/128 812/89/192
f 812/89/192 794/96/174 748/116/129
f 751/23/132 824/102/202 730/2/112
f 730/2/112 820/98/199 751/23/132
f 832/117/209 735/7/117 734/6/116
f 734/6/116 822/100/201 832/117/209
f 752/24/133 751/23/132 820/98/199
f 820/98/199 788/62/168 752/24/133
f 831/113/208 832/117/209 822/100/201
f 822/100/201 796/72/176 831/113/208
f 783/55/163 817/94/196 743/15/15
f 743/15/15 742/14/124 783/55/163
f 817/94/196 830/108/207 823/101/15
f 823/101/15 743/15/15 817/94/196
f 830/108/207 816/93/195 801/77/181
f 801/77/181 823/101/15 830/108/207
f 785/57/165 784/56/164 807/83/187
f 807/83/187 802/78/315 785/57/165
f 784/56/164 827/105/204 829/107/206
f 829/107/206 807/83/187 784/56/164
f 829/107/206 827/105/204 803/79/183
f 803/79/183 787/59/167 829/107/206
f 833/1/316 834/2/317 835/3/318
f 835/3/318 836/4/319 833/1/316
f 837/5/320 838/6/321 839/7/322
f 839/7/322 840/8/323 837/5/320
f 841/9/324 842/10/325 843/11/326
f 843/11/326 844/12/327 841/9/324
f 845/13/328 846/14/329 847/15/15
f 847/15/15 848/16/330 845/13/328
f 849/17/331 850/18/332 851/19/333
f 851/19/333 852/20/334 849/17/331
f 853/21/335 854/22/336 855/23/337
f 855/23/337 856/24/338 853/21/335
f 857/25/339 858/26/340 859/27/341
f 859/27/341 860/28/342 857/25/339
f 861/29/343 862/30/344 863/31/345
f 863/31/345 864/32/346 861/29/343
f 865/33/347 866/34/348 867/35/349
f 867/35/349 868/36/350 865/33/347
f 869/37/351 870/38/352 871/39/353
f 871/39/353 872/40/354 869/37/351
f 873/41/355 874/42/356 875/43/357
f 875/43/357 876/44/358 873/41/355
f 877/45/359 878/46/360 879/47/361
f 879/47/361 880/48/362 877/45/359
f 881/49/363 882/50/364 883/51/365
f 883/51/365 884/52/366 881/49/363
f 871/39/353 870/38/352 885/53/330
f 885/53/330 886/54/367 871/39/353
f 874/42/356 887/55/368 846/14/329
f 846/14/329 875/43/357 874/42/356
f 879/47/361 878/46/360 888/56/369
f 888/56/369 889/57/370 879/47/361
f 882/50/364 890/58/371 891/59/372
f 891/59/372 883/51/365 882/50/364
f 844/60/327 843/61/326 892/62/373
f 892/62/373 893/63/374 844/60/327
f 872/40/354 849/17/331 852/20/334
f 852/20/334 894/64/375 872/40/354
f 895/65/376 865/66/347 837/5/320
f 837/5/320 840/8/323 895/65/376
f 880/48/362 861/29/343 864/32/346
f 864/32/346 896/67/377 880/48/362
f 856/24/338 897/68/378 876/44/358
f 876/44/358 853/21/335 856/24/338
f 852/20/334 898/69/379 835/3/318
f 835/3/318 894/64/375 852/20/334
f 860/28/342 868/70/350 884/52/366
f 884/52/366 857/25/339 860/28/342
f 864/32/346 899/71/380 900/72/381
f 900/72/381 896/67/377 864/32/346
f 849/17/331 872/40/354 871/39/353
f 871/39/353 901/73/382 849/17/331
f 853/21/335 876/44/358 875/43/357
f 875/43/357 902/74/383 853/21/335
f 861/29/343 880/48/362 879/47/361
f 879/47/361 903/75/384 861/29/343
f 857/25/339 884/52/366 883/51/365
f 883/51/365 904/76/385 857/25/339
f 901/73/382 871/39/353 886/54/367
f 886/54/367 905/77/386 901/73/382
f 902/74/383 875/43/357 846/14/329
f 846/14/329 845/13/328 902/74/383
f 903/75/384 879/47/361 889/57/370
f 889/57/370 906/78/387 903/75/384
f 904/76/385 883/51/365 891/59/372
f 891/59/372 907/79/388 904/76/385
f 908/80/389 899/71/380 909/81/390
f 909/81/390 910/82/391 908/80/389
f 906/78/387 911/83/392 912/84/393
f 912/84/393 913/85/394 906/78/387
f 884/52/366 868/70/350 867/86/349
f 867/86/349 881/49/363 884/52/366
f 873/41/355 914/87/395 863/31/345
f 863/31/345 862/30/344 873/41/355
f 915/88/396 916/89/397 866/34/348
f 866/34/348 917/90/398 915/88/396
f 862/30/344 861/29/343 903/75/384
f 903/75/384 918/91/399 862/30/344
f 850/18/332 919/92/400 882/50/364
f 882/50/364 881/49/363 850/18/332
f 903/75/384 906/78/387 913/85/394
f 913/85/394 918/91/399 903/75/384
f 919/92/400 920/93/401 890/58/371
f 890/58/371 882/50/364 919/92/400
f 910/82/391 909/81/390 842/10/325
f 842/10/325 841/9/324 910/82/391
f 913/85/394 912/84/393 921/94/402
f 921/94/402 887/55/368 913/85/394
f 881/49/363 867/86/349 851/19/333
f 851/19/333 850/18/332 881/49/363
f 862/30/344 918/91/399 874/42/356
f 874/42/356 873/41/355 862/30/344
f 918/91/399 913/85/394 887/55/368
f 887/55/368 874/42/356 918/91/399
f 876/44/358 897/68/378 914/87/395
f 914/87/395 873/41/355 876/44/358
f 922/95/403 898/96/379 916/89/397
f 916/89/397 915/88/396 922/95/403
f 850/18/332 849/17/331 901/73/382
f 901/73/382 919/92/400 850/18/332
f 901/73/382 905/77/386 920/93/401
f 920/93/401 919/92/400 901/73/382
f 923/97/404 924/98/405 834/2/317
f 834/2/317 833/1/316 923/97/404
f 859/27/341 925/99/406 926/100/407
f 926/100/407 838/6/321 859/27/341
f 886/54/367 885/53/330 927/101/15
f 927/101/15 905/77/386 886/54/367
f 872/40/354 894/64/375 928/102/408
f 928/102/408 869/37/351 872/40/354
f 877/45/359 925/99/406 859/27/341
f 859/27/341 858/26/340 877/45/359
f 854/22/336 929/103/352 870/38/352
f 870/38/352 869/37/351 854/22/336
f 858/26/340 857/25/339 904/76/385
f 904/76/385 930/104/409 858/26/340
f 929/103/352 848/16/330 885/53/330
f 885/53/330 870/38/352 929/103/352
f 904/76/385 907/79/388 931/105/410
f 931/105/410 930/104/409 904/76/385
f 890/58/371 932/106/411 933/107/412
f 933/107/412 891/59/372 890/58/371
f 890/58/371 920/93/401 934/108/413
f 934/108/413 932/106/411 890/58/371
f 885/53/330 848/16/330 847/15/15
f 847/15/15 927/101/15 885/53/330
f 869/37/351 928/102/408 855/23/337
f 855/23/337 854/22/336 869/37/351
f 858/26/340 930/104/409 878/46/360
f 878/46/360 877/45/359 858/26/340
f 930/104/409 931/105/410 888/56/369
f 888/56/369 878/46/360 930/104/409
f 932/106/411 912/84/393 911/83/392
f 911/83/392 933/107/412 932/106/411
f 912/84/393 932/106/411 934/108/413
f 934/108/413 921/94/402 912/84/393
f 923/97/404 893/63/374 892/62/373
f 892/62/373 924/98/405 923/97/404
f 925/99/406 896/67/377 900/72/381
f 900/72/381 926/100/407 925/99/406
f 880/48/362 896/67/377 925/99/406
f 925/99/406 877/45/359 880/48/362
f 854/22/336 853/21/335 902/74/383
f 902/74/383 929/103/352 854/22/336
f 902/74/383 845/13/328 848/16/330
f 848/16/330 929/103/352 902/74/383
f 834/2/317 928/102/408 894/64/375
f 894/64/375 835/3/318 834/2/317
f 860/28/342 859/27/341 838/6/321
f 838/6/321 837/5/320 860/28/342
f 914/109/395 897/110/378 843/11/326
f 843/11/326 842/10/325 914/109/395
f 895/111/376 917/90/398 866/34/348
f 866/34/348 865/33/347 895/111/376
f 897/68/378 856/24/338 892/62/373
f 892/62/373 843/61/326 897/68/378
f 868/70/350 860/28/342 837/5/320
f 837/5/320 865/66/347 868/70/350
f 922/112/403 836/4/319 835/3/318
f 835/3/318 898/69/379 922/112/403
f 908/80/389 935/113/414 900/72/381
f 900/72/381 899/71/380 908/80/389
f 864/32/346 863/114/345 909/81/390
f 909/81/390 899/71/380 864/32/346
f 851/115/333 867/35/349 866/34/348
f 866/34/348 916/89/397 851/115/333
f 863/114/345 914/109/395 842/10/325
f 842/10/325 909/81/390 863/114/345
f 852/116/334 851/115/333 916/89/397
f 916/89/397 898/96/379 852/116/334
f 855/23/337 928/102/408 834/2/317
f 834/2/317 924/98/405 855/23/337
f 936/117/415 839/7/322 838/6/321
f 838/6/321 926/100/407 936/117/415
f 856/24/338 855/23/337 924/98/405
f 924/98/405 892/62/373 856/24/338
f 935/113/414 936/117/415 926/100/407
f 926/100/407 900/72/381 935/113/414
f 887/55/368 921/94/402 847/15/15
f 847/15/15 846/14/329 887/55/368
f 921/94/402 934/108/413 927/101/15
f 927/101/15 847/15/15 921/94/402
f 934/108/413 920/93/401 905/77/386
f 905/77/386 927/101/15 934/108/413
f 889/57/370 888/56/369 911/83/392
f 911/83/392 906/78/387 889/57/370
f 888/56/369 931/105/410 933/107/412
f 933/107/412 911/83/392 888/56/369
f 933/107/412 931/105/410 907/79/388
f 907/79/388 891/59/372 933/107/412
